fold,seed,participant,delta,exercise_id,metric,reliable,value_T1,value_Tb,delta_value,abs_delta,drep_Tb,ratio_vs_drep,exceeds_drep,mean_position_shift
A,0,252,D12,9,traj_length,True,4.696209470755456,11.116910720408116,6.4207012496526605,6.4207012496526605,1.3078864451024312,4.909219201480296,True,
A,0,252,D12,9,mean_step,True,1.5654031569184852,3.7056369068027055,2.1402337498842203,2.1402337498842203,0.4359621483674774,4.909219201480293,True,
A,0,252,D12,9,spread_rms,True,1.3966467794619233,2.7630899986487085,1.3664432191867852,1.3664432191867852,0.8122329524832945,1.6823292074140386,True,
A,0,252,D12,9,half_shift,True,1.6880440056362491,2.8870896524115404,1.1990456467752912,1.1990456467752912,1.0837198070914675,1.1064166576352794,True,
A,0,252,D12,9,eff_dim,True,1.1682615823693687,1.5391086254428095,0.37084704307344074,0.37084704307344074,0.008058094170515062,46.02168145792924,True,
A,0,252,D12,9,mean_position_shift,True,0.0,1.1977965831756592,1.1977965831756592,1.1977965831756592,3.6226186752319336,0.3306438492588436,False,
A,0,252,D12,10,traj_length,True,7.494841345614662,10.331713866544186,2.836872520929524,2.836872520929524,0.28449525278210075,9.971598798881638,True,
A,0,252,D12,10,mean_step,True,1.8737103364036656,2.5829284666360466,0.709218130232381,0.709218130232381,0.5734847438836295,1.2366817736589943,True,
A,0,252,D12,10,spread_rms,True,1.3016897457875238,1.9839730278066716,0.6822832820191478,0.6822832820191478,0.06927585880691622,9.848788506841743,True,
A,0,252,D12,10,half_shift,True,1.5189352375211091,3.1244842751323794,1.6055490376112702,1.6055490376112702,0.10568690234338352,15.191561130202667,True,
A,0,252,D12,10,eff_dim,True,1.9516743441210926,1.3867274028502126,-0.5649469412708801,0.5649469412708801,0.21318256014941706,2.6500617164692817,True,
A,0,252,D12,10,mean_position_shift,True,0.0,2.406285047531128,2.406285047531128,2.406285047531128,2.1348302364349365,1.1271552212739444,True,
A,0,252,D12,11,traj_length,True,12.7320821559888,5.116018544355299,-7.616063611633502,7.616063611633502,2.013856223789718,3.781830858461896,True,
A,0,252,D12,11,mean_step,True,3.1830205389972,1.7053395147850996,-1.4776810242121006,1.4776810242121006,0.07712917725115465,19.15852180557234,True,
A,0,252,D12,11,spread_rms,True,1.940544269927573,1.3895791992999853,-0.5509650706275877,0.5509650706275877,0.03987411811339836,13.817611440601475,True,
A,0,252,D12,11,half_shift,True,2.0833655760987613,2.3775377230017103,0.294172146902949,0.294172146902949,0.09607140410324488,3.062015691857814,True,
A,0,252,D12,11,eff_dim,True,1.3265563510456675,1.6147052597813711,0.28814890873570365,0.28814890873570365,0.12476132183900024,2.309601280976719,True,
A,0,252,D12,11,mean_position_shift,True,0.0,2.0510284900665283,2.0510284900665283,2.0510284900665283,4.064449310302734,0.5046264163923748,False,
A,0,252,D12,12,traj_length,True,2.6890303600523993,8.237097410024807,5.548067049972408,5.548067049972408,4.627170911932129,1.1990192615677011,True,
A,0,252,D12,12,mean_step,True,1.3445151800261996,2.745699136674936,1.4011839566487363,1.4011839566487363,1.5423903039773765,0.9084496661029896,False,
A,0,252,D12,12,spread_rms,True,0.768364971107733,1.8010564604097112,1.0326914893019783,1.0326914893019783,0.78409464068058,1.3170495444346115,True,
A,0,252,D12,12,half_shift,True,1.440433758508289,2.376624220355922,0.9361904618476331,0.9361904618476331,0.5862298092767961,1.596968368091972,True,
A,0,252,D12,12,eff_dim,True,1.1484176719045123,1.2149352485440812,0.06651757663956892,0.06651757663956892,0.3323877168829139,0.20012044146324529,False,
A,0,252,D12,12,mean_position_shift,True,0.0,3.9349701404571533,3.9349701404571533,3.9349701404571533,2.7774298191070557,1.4167667220200895,True,
A,0,252,D12,13,traj_length,True,17.628966672184614,26.470768317019896,8.841801644835282,8.841801644835282,15.04161380647307,0.587822673723365,False,
A,0,252,D12,13,mean_step,True,2.5184238103120875,3.7815383310028423,1.2631145206907548,1.2631145206907548,1.495707428893477,0.8444930447562233,False,
A,0,252,D12,13,spread_rms,True,1.727495469832492,3.080611780202877,1.3531163103703852,1.3531163103703852,1.5884556337358815,0.8518439430303741,False,
A,0,252,D12,13,half_shift,True,1.1989730104338296,1.9341679785420074,0.7351949681081777,0.7351949681081777,0.8335314298135532,0.8820242906408801,False,
A,0,252,D12,13,eff_dim,True,1.8581167307076254,1.1874163147117556,-0.6707004159958698,0.6707004159958698,0.6249509404787548,1.0732049070636935,True,
A,0,252,D12,13,mean_position_shift,True,0.0,0.6219497919082642,0.6219497919082642,0.6219497919082642,2.2317593097686768,0.2786813923821963,False,
A,0,252,D13,9,traj_length,True,4.696209470755456,4.730015386942624,0.033805916187167995,0.033805916187167995,3.0141378967142334,0.011215782869131647,False,
A,0,252,D13,9,mean_step,True,1.5654031569184852,1.5766717956475411,0.011268638729055924,0.011268638729055924,0.3593665252666731,0.031356951571084334,False,
A,0,252,D13,9,spread_rms,True,1.3966467794619233,1.043366099299682,-0.35328068016224123,0.35328068016224123,0.37611393233716917,0.9392916608192569,False,
A,0,252,D13,9,half_shift,True,1.6880440056362491,0.9933062342590285,-0.6947377713772206,0.6947377713772206,0.13728510475448752,5.060547337743946,True,
A,0,252,D13,9,eff_dim,True,1.1682615823693687,1.605597300767419,0.4373357183980502,0.4373357183980502,0.30953692714641057,1.4128709050316022,True,
A,0,252,D13,9,mean_position_shift,True,0.0,1.9069076776504517,1.9069076776504517,1.9069076776504517,0.6983842253684998,2.730456399762293,True,
A,0,252,D13,10,traj_length,True,7.494841345614662,12.793215905673494,5.298374560058831,5.298374560058831,6.528462915652813,0.811580708738547,False,
A,0,252,D13,10,mean_step,True,1.8737103364036656,3.1983039764183734,1.3245936400147078,1.3245936400147078,1.6321157289132033,0.811580708738547,False,
A,0,252,D13,10,spread_rms,True,1.3016897457875238,2.873827508041521,1.5721377622539974,1.5721377622539974,1.6958106290875614,0.9270715345733463,False,
A,0,252,D13,10,half_shift,True,1.5189352375211091,0.7035392956007801,-0.815395941920329,0.815395941920329,0.05456411933238092,14.94381201230961,True,
A,0,252,D13,10,eff_dim,True,1.9516743441210926,1.073634514760351,-0.8780398293607417,0.8780398293607417,0.6339104076471271,1.3851166012871519,True,
A,0,252,D13,10,mean_position_shift,True,0.0,2.7305312156677246,2.7305312156677246,2.7305312156677246,1.3326798677444458,2.0489025772477043,True,
A,0,252,D13,11,traj_length,True,12.7320821559888,9.735201028273325,-2.9968811277154757,2.9968811277154757,9.23841788042778,0.32439332865257947,False,
A,0,252,D13,11,mean_step,True,3.1830205389972,2.4338002570683313,-0.7492202819288689,0.7492202819288689,2.309604470106945,0.32439332865257947,False,
A,0,252,D13,11,spread_rms,True,1.940544269927573,1.9744171290186123,0.03387285909103932,0.03387285909103932,0.9077971692001368,0.03731324599842585,False,
A,0,252,D13,11,half_shift,True,2.0833655760987613,3.107321217951653,1.0239556418528917,1.0239556418528917,1.4462005866908425,0.7080315492029219,False,
A,0,252,D13,11,eff_dim,True,1.3265563510456675,1.3150650591723658,-0.011491291873301668,0.011491291873301668,0.03744256777995214,0.3069044821080472,False,
A,0,252,D13,11,mean_position_shift,True,0.0,2.0050435066223145,2.0050435066223145,2.0050435066223145,1.7496943473815918,1.1459392948390394,True,
A,0,252,D13,12,traj_length,True,2.6890303600523993,5.5310307994289545,2.842000439376555,2.842000439376555,4.702625536282888,0.6043433434044947,False,
A,0,252,D13,12,mean_step,True,1.3445151800261996,1.8436769331429848,0.4991617531167851,0.4991617531167851,1.5675418454276293,0.3184359987408263,False,
A,0,252,D13,12,spread_rms,True,0.768364971107733,1.68152056101217,0.9131555899044369,0.9131555899044369,0.18338720648750595,4.979385462020491,True,
A,0,252,D13,12,half_shift,True,1.440433758508289,2.290579834868814,0.8501460763605249,0.8501460763605249,1.1567561155992687,0.7349397724343116,False,
A,0,252,D13,12,eff_dim,True,1.1484176719045123,1.5122886312344752,0.36387095932996294,0.36387095932996294,0.10429390504245539,3.488899559200898,True,
A,0,252,D13,12,mean_position_shift,True,0.0,3.1756062507629395,3.1756062507629395,3.1756062507629395,1.0731518268585205,2.9591397706129023,True,
A,0,252,D13,13,traj_length,True,17.628966672184614,17.461963395319156,-0.1670032768654579,0.1670032768654579,2.9525473348246614,0.05656243843940795,False,
A,0,252,D13,13,mean_step,True,2.5184238103120875,3.492392679063831,0.9739688687517436,0.9739688687517436,0.590509466964932,1.6493704559178282,True,
A,0,252,D13,13,spread_rms,True,1.727495469832492,2.2015798453045776,0.4740843754720856,0.4740843754720856,0.23641706703747012,2.0052882874016333,True,
A,0,252,D13,13,half_shift,True,1.1989730104338296,1.1641219371595644,-0.03485107327426529,0.03485107327426529,0.7966088513883256,0.043749292031499555,False,
A,0,252,D13,13,eff_dim,True,1.8581167307076254,1.67998028334408,-0.1781364473635454,0.1781364473635454,0.29436567304072403,0.6051536020604587,False,
A,0,252,D13,13,mean_position_shift,True,0.0,2.3448541164398193,2.3448541164398193,2.3448541164398193,1.225231647491455,1.913804725204972,True,
A,0,651,D12,9,traj_length,True,9.734360930996132,11.70356703865284,1.9692061076567082,1.9692061076567082,6.584021128031195,0.29908866775546866,False,
A,0,651,D12,9,mean_step,True,3.2447869769987108,2.92589175966321,-0.31889521733550064,0.31889521733550064,1.2193764561226617,0.2615231873096144,False,
A,0,651,D12,9,spread_rms,True,2.569329590919195,2.0031526271697815,-0.5661769637494136,0.5661769637494136,0.25895834916850236,2.186363040880394,True,
A,0,651,D12,9,half_shift,True,3.157370827009864,2.7006374409007834,-0.45673338610908054,0.45673338610908054,0.11617447514750712,3.9314435079578764,True,
A,0,651,D12,9,eff_dim,True,1.1127877145539191,2.0737087347445895,0.9609210201906704,0.9609210201906704,0.9551447271233653,1.0060475579284216,True,
A,0,651,D12,9,mean_position_shift,True,0.0,1.0125820636749268,1.0125820636749268,1.0125820636749268,0.4501540958881378,2.249412085604017,True,
A,0,651,D12,10,traj_length,True,8.98339647824461,10.346376529352021,1.362980051107412,1.362980051107412,4.280555306309605,0.31841197077826755,False,
A,0,651,D12,10,mean_step,True,2.2458491195611523,2.5865941323380053,0.340745012776853,0.340745012776853,1.0701388265774012,0.31841197077826755,False,
A,0,651,D12,10,spread_rms,True,1.328422067676898,2.3440402317795694,1.0156181641026714,1.0156181641026714,0.09680625988508051,10.49124473260634,True,
A,0,651,D12,10,half_shift,True,1.3651476555856403,1.8477606535556315,0.48261299796999113,0.48261299796999113,0.33454197716097456,1.4426081954366161,True,
A,0,651,D12,10,eff_dim,True,1.805260647379949,1.2698135278035096,-0.5354471195764394,0.5354471195764394,0.1786092035225184,2.9978697010925988,True,
A,0,651,D12,10,mean_position_shift,True,0.0,3.292813301086426,3.292813301086426,3.292813301086426,0.42404094338417053,7.765319251502605,True,
A,0,651,D12,11,traj_length,True,10.19886776450936,10.034250216046944,-0.1646175484624166,0.1646175484624166,0.6771771896108998,0.24309375889788085,False,
A,0,651,D12,11,mean_step,True,2.54971694112734,2.508562554011736,-0.04115438711560415,0.04115438711560415,0.16929429740272495,0.24309375889788085,False,
A,0,651,D12,11,spread_rms,True,1.950730760951122,1.7624363259646545,-0.18829443498646747,0.18829443498646747,0.13496168523207852,1.3951695598841893,True,
A,0,651,D12,11,half_shift,True,0.4489483910335604,1.7172719825909544,1.268323591557394,1.268323591557394,0.8956229133737689,1.416135711378441,True,
A,0,651,D12,11,eff_dim,True,1.6757540207980355,1.9338987379305814,0.25814471713254594,0.25814471713254594,0.6739404876939297,0.38303785251997274,False,
A,0,651,D12,11,mean_position_shift,True,0.0,2.8262250423431396,2.8262250423431396,2.8262250423431396,1.8444950580596924,1.5322486389940093,True,
A,0,651,D12,12,traj_length,True,3.8563831509576545,8.072748427202832,4.2163652762451775,4.2163652762451775,2.783207340261045,1.5149303522064268,True,
A,0,651,D12,12,mean_step,True,1.9281915754788272,2.690916142400944,0.7627245669221168,0.7627245669221168,0.9277357800870152,0.8221355511917181,False,
A,0,651,D12,12,spread_rms,True,1.1751813259420485,1.5474815914997744,0.3723002655577259,0.3723002655577259,0.9461135162055547,0.3935048587518954,False,
A,0,651,D12,12,half_shift,True,1.4985535683938798,0.8093428401565717,-0.6892107282373081,0.6892107282373081,1.2079702839056512,0.5705527175792174,False,
A,0,651,D12,12,eff_dim,True,1.6960265265385122,1.1534437575438803,-0.5425827689946319,0.5425827689946319,0.5431341991465752,0.9989847257771471,False,
A,0,651,D12,12,mean_position_shift,True,0.0,2.385960817337036,2.385960817337036,2.385960817337036,0.960078775882721,2.485171922630331,True,
A,0,651,D12,13,traj_length,True,14.51646933403613,15.363613741097224,0.8471444070610943,0.8471444070610943,5.312117463008006,0.15947395985882354,False,
A,0,651,D12,13,mean_step,True,2.419411555672688,2.5606022901828704,0.14119073451018238,0.14119073451018238,0.8853529105013345,0.1594739598588235,False,
A,0,651,D12,13,spread_rms,True,1.8901458601125725,2.005658948945669,0.11551308883309663,0.11551308883309663,0.16985659970104994,0.6800624116837458,False,
A,0,651,D12,13,half_shift,True,2.2284017028348995,1.9187261686332018,-0.3096755342016977,0.3096755342016977,0.4627880015062602,0.6691520376366298,False,
A,0,651,D12,13,eff_dim,True,1.7583470839932362,1.916922886338653,0.15857580234541668,0.15857580234541668,0.3845729037662906,0.41234262942712424,False,
A,0,651,D12,13,mean_position_shift,True,0.0,4.155411720275879,4.155411720275879,4.155411720275879,2.722909927368164,1.5260922436359485,True,
A,0,651,D13,9,traj_length,True,9.734360930996132,5.44956904589597,-4.284791885100162,4.284791885100162,0.2641089333921496,16.22357801406927,True,
A,0,651,D13,9,mean_step,True,3.2447869769987108,1.8165230152986567,-1.428263961700054,1.428263961700054,0.08803631113071653,16.22357801406927,True,
A,0,651,D13,9,spread_rms,True,2.569329590919195,1.0181490703420526,-1.5511805205771425,1.5511805205771425,0.6232322367749155,2.4889285711601628,True,
A,0,651,D13,9,half_shift,True,3.157370827009864,0.4442268952380125,-2.7131439317718513,2.7131439317718513,2.289956276668711,1.1848016311118252,True,
A,0,651,D13,9,eff_dim,True,1.1127877145539191,1.6945175039908007,0.5817297894368816,0.5817297894368816,0.3074572627823289,1.8920671581231436,True,
A,0,651,D13,9,mean_position_shift,True,0.0,1.805577278137207,1.805577278137207,1.805577278137207,0.6885706186294556,2.622210749757321,True,
A,0,651,D13,10,traj_length,True,8.98339647824461,4.982321852319507,-4.001074625925102,4.001074625925102,2.4470786395783586,1.6350412942244075,True,
A,0,651,D13,10,mean_step,True,2.2458491195611523,1.2455804630798768,-1.0002686564812755,1.0002686564812755,0.6117696598945896,1.6350412942244075,True,
A,0,651,D13,10,spread_rms,True,1.328422067676898,0.8782024409887823,-0.45021962668811577,0.45021962668811577,0.509543351270273,0.8835747254197993,False,
A,0,651,D13,10,half_shift,True,1.3651476555856403,0.9884095048605219,-0.3767381507251184,0.3767381507251184,0.8975692800954618,0.4197315561925761,False,
A,0,651,D13,10,eff_dim,True,1.805260647379949,2.17756641528281,0.37230576790286096,0.37230576790286096,0.4695555899212025,0.7928896511813195,False,
A,0,651,D13,10,mean_position_shift,True,0.0,1.4668678045272827,1.4668678045272827,1.4668678045272827,0.6568170189857483,2.233297497060001,True,
A,0,651,D13,11,traj_length,True,10.19886776450936,5.007128130545555,-5.191739633963806,5.191739633963806,0.300020024390804,17.304643730050106,True,
A,0,651,D13,11,mean_step,True,2.54971694112734,1.2517820326363887,-1.2979349084909515,1.2979349084909515,0.075005006097701,17.304643730050106,True,
A,0,651,D13,11,spread_rms,True,1.950730760951122,1.1533666109131089,-0.7973641500380131,0.7973641500380131,0.0027739535708459773,287.4468262260207,True,
A,0,651,D13,11,half_shift,True,0.4489483910335604,1.7173279143564297,1.2683795233228694,1.2683795233228694,0.06023316384380317,21.057826658616758,True,
A,0,651,D13,11,eff_dim,True,1.6757540207980355,1.8227522441383937,0.14699822334035817,0.14699822334035817,0.01492389909754066,9.849853739937327,True,
A,0,651,D13,11,mean_position_shift,True,0.0,1.8310000896453857,1.8310000896453857,1.8310000896453857,1.2389003038406372,1.4779236747050728,True,
A,0,651,D13,12,traj_length,True,3.8563831509576545,4.343452447140884,0.4870692961832299,0.4870692961832299,0.7854820527979953,0.6200896563431615,False,
A,0,651,D13,12,mean_step,True,1.9281915754788272,1.4478174823802947,-0.4803740930985325,0.4803740930985325,0.2618273509326652,1.8346979083253665,True,
A,0,651,D13,12,spread_rms,True,1.1751813259420485,1.3108239275659255,0.13564260162387698,0.13564260162387698,0.2680003326550988,0.5061284823046891,False,
A,0,651,D13,12,half_shift,True,1.4985535683938798,2.404746536973507,0.9061929685796271,0.9061929685796271,1.780893213616039,0.5088418337782507,False,
A,0,651,D13,12,eff_dim,True,1.6960265265385122,1.222391658184866,-0.4736348683536462,0.4736348683536462,0.6700378868427037,0.706877741772885,False,
A,0,651,D13,12,mean_position_shift,True,0.0,2.326676368713379,2.326676368713379,2.326676368713379,2.289757251739502,1.016123594300588,True,
A,0,651,D13,13,traj_length,True,14.51646933403613,14.101750141828951,-0.414719192207178,0.414719192207178,1.1890338656461275,0.3487866949708933,False,
A,0,651,D13,13,mean_step,True,2.419411555672688,2.82035002836579,0.400938472693102,0.400938472693102,0.2378067731292255,1.6859842443395414,True,
A,0,651,D13,13,spread_rms,True,1.8901458601125725,1.9666049541386246,0.07645909402605211,0.07645909402605211,0.1686542079048643,0.4533482738194218,False,
A,0,651,D13,13,half_shift,True,2.2284017028348995,1.6119070797813375,-0.616494623053562,0.616494623053562,0.8283484243862251,0.7442455431847549,False,
A,0,651,D13,13,eff_dim,True,1.7583470839932362,1.389547789091878,-0.3687992949013583,0.3687992949013583,0.4227269201717312,0.8724291671595815,False,
A,0,651,D13,13,mean_position_shift,True,0.0,2.2419564723968506,2.2419564723968506,2.2419564723968506,1.9359840154647827,1.158044929342359,True,
A,0,671,D12,9,traj_length,True,5.590524453697344,15.46259073618003,9.872066282482685,9.872066282482685,4.749166950171599,2.0786943028242,True,
A,0,671,D12,9,mean_step,True,1.863508151232448,5.1541969120600095,3.2906887608275612,3.2906887608275612,1.5830556500571995,2.0786943028242,True,
A,0,671,D12,9,spread_rms,True,1.6735993272435818,3.7058021802063426,2.0322028529627607,2.0322028529627607,0.521533851993973,3.896588582300206,True,
A,0,671,D12,9,half_shift,True,2.1287206534641254,5.762990130084086,3.6342694766199606,3.6342694766199606,0.7491236916217225,4.851361019903668,True,
A,0,671,D12,9,eff_dim,True,1.394835369981339,1.1890026504494529,-0.2058327195318861,0.2058327195318861,0.1857418511097828,1.10816554428667,True,
A,0,671,D12,9,mean_position_shift,True,0.0,2.4924216270446777,2.4924216270446777,2.4924216270446777,2.139322519302368,1.1650518351283727,True,
A,0,671,D12,10,traj_length,True,6.700713377852416,9.696039232103118,2.9953258542507015,2.9953258542507015,8.279907826886369,0.36175835732426065,False,
A,0,671,D12,10,mean_step,True,1.675178344463104,2.4240098080257795,0.7488314635626754,0.7488314635626754,2.069976956721592,0.36175835732426065,False,
A,0,671,D12,10,spread_rms,True,1.2198758245169468,2.123694240559897,0.9038184160429501,0.9038184160429501,0.5852712581443678,1.5442726829069862,True,
A,0,671,D12,10,half_shift,True,0.3687870686297394,2.562951622432786,2.1941645538030468,2.1941645538030468,0.032499017814121345,67.51479587329705,True,
A,0,671,D12,10,eff_dim,True,1.222345798350481,1.73145854919649,0.5091127508460089,0.5091127508460089,0.6274898333393373,0.8113482064508418,False,
A,0,671,D12,10,mean_position_shift,True,0.0,3.0465188026428223,3.0465188026428223,3.0465188026428223,4.817581653594971,0.6323751254676612,False,
A,0,671,D12,11,traj_length,True,12.261064311897144,19.388914058000605,7.127849746103461,7.127849746103461,5.829736079797428,1.2226710863986727,True,
A,0,671,D12,11,mean_step,True,3.065266077974286,4.847228514500151,1.7819624365258653,1.7819624365258653,1.457434019949357,1.2226710863986727,True,
A,0,671,D12,11,spread_rms,True,1.7230642250572383,3.63099380769155,1.9079295826343114,1.9079295826343114,0.9826550503035221,1.9416066523496633,True,
A,0,671,D12,11,half_shift,True,0.5656407362586457,1.057736324399071,0.4920955881404252,0.4920955881404252,1.1316426085073168,0.43485070678764876,False,
A,0,671,D12,11,eff_dim,True,1.6798345022035317,1.101341308711885,-0.5784931934916466,0.5784931934916466,0.021116160442914644,27.395756679134124,True,
A,0,671,D12,11,mean_position_shift,True,0.0,4.886048793792725,4.886048793792725,4.886048793792725,0.9356986880302429,5.221818579310439,True,
A,0,671,D12,12,traj_length,True,3.6370966240304954,11.054235794628262,7.417139170597767,7.417139170597767,0.5556612139307511,13.348311857379564,True,
A,0,671,D12,12,mean_step,True,1.2123655413434984,2.7635589486570655,1.5511934073135671,1.5511934073135671,1.1064067208626054,1.4020101089987826,True,
A,0,671,D12,12,spread_rms,True,1.1165689930639646,2.662281274817879,1.5457122817539142,1.5457122817539142,1.7073957854876562,0.9053040278604395,False,
A,0,671,D12,12,half_shift,True,1.6017771605909872,4.0671119915747775,2.4653348309837906,2.4653348309837906,3.9769938101399225,0.6198990867670102,False,
A,0,671,D12,12,eff_dim,True,1.1834282572465844,1.3258751041795187,0.1424468469329343,0.1424468469329343,0.2904206166504082,0.4904846239081012,False,
A,0,671,D12,12,mean_position_shift,True,0.0,2.2454185485839844,2.2454185485839844,2.2454185485839844,1.5203297138214111,1.4769286742018826,True,
A,0,671,D12,13,traj_length,True,10.291310861223938,27.36220060205005,17.07088974082611,17.07088974082611,11.792727436097374,1.4475777408856543,True,
A,0,671,D12,13,mean_step,True,2.0582621722447874,3.908885800292864,1.8506236280480768,1.8506236280480768,0.7949911671023293,2.3278543267259586,True,
A,0,671,D12,13,spread_rms,True,1.4783468659097414,3.619618211052967,2.1412713451432257,2.1412713451432257,0.9395636057963745,2.279006266242383,True,
A,0,671,D12,13,half_shift,True,0.46825653660521277,4.214452393331047,3.7461958567258344,3.7461958567258344,3.3056118286565574,1.1332836554642702,True,
A,0,671,D12,13,eff_dim,True,1.3136727986654515,1.562473560264988,0.24880076159953646,0.24880076159953646,0.4443392753323201,0.5599342111125762,False,
A,0,671,D12,13,mean_position_shift,True,0.0,4.075578212738037,4.075578212738037,4.075578212738037,1.0996285676956177,3.7063226006203362,True,
A,0,671,D13,9,traj_length,False,5.590524453697344,9.954676076709212,4.364151623011868,4.364151623011868,0.8004721514132296,5.451971833507238,True,
A,0,671,D13,9,mean_step,False,1.863508151232448,2.488669019177303,0.625160867944855,0.625160867944855,0.2001180378533074,3.1239606117021643,True,
A,0,671,D13,9,spread_rms,False,1.6735993272435818,2.2804893786812586,0.6068900514376767,0.6068900514376767,1.0929879241072022,0.5552577828647188,False,
A,0,671,D13,9,half_shift,False,2.1287206534641254,2.611793392364873,0.48307273890074764,0.48307273890074764,2.822116365528562,0.17117392634880654,False,
A,0,671,D13,9,eff_dim,False,1.394835369981339,1.3112381008159053,-0.08359726916543364,0.08359726916543364,0.21636442856985738,0.386372518431063,False,
A,0,671,D13,9,mean_position_shift,False,0.0,4.919156074523926,4.919156074523926,4.919156074523926,3.2312796115875244,1.5223554337060758,True,
A,0,671,D13,10,traj_length,False,6.700713377852416,7.366299751408564,0.665586373556148,0.665586373556148,3.788684206071083,0.17567744825224432,False,
A,0,671,D13,10,mean_step,False,1.675178344463104,1.841574937852141,0.166396593389037,0.166396593389037,0.9471710515177707,0.17567744825224432,False,
A,0,671,D13,10,spread_rms,False,1.2198758245169468,1.3179913972450825,0.09811557272813576,0.09811557272813576,0.8347333136095301,0.11754122080484267,False,
A,0,671,D13,10,half_shift,False,0.3687870686297394,1.2808801977372866,0.9120931291075471,0.9120931291075471,0.5969577639833337,1.5279022807600366,True,
A,0,671,D13,10,eff_dim,False,1.222345798350481,2.220286843994697,0.9979410456442159,0.9979410456442159,0.6178326143517454,1.6152288216304271,True,
A,0,671,D13,10,mean_position_shift,False,0.0,5.050649642944336,5.050649642944336,5.050649642944336,2.3376126289367676,2.1606016242483927,True,
A,0,671,D13,11,traj_length,False,12.261064311897144,10.859222847698495,-1.4018414641986485,1.4018414641986485,6.797704503198881,0.20622277175169446,False,
A,0,671,D13,11,mean_step,False,3.065266077974286,2.714805711924624,-0.35046036604966213,0.35046036604966213,1.6994261257997203,0.20622277175169446,False,
A,0,671,D13,11,spread_rms,False,1.7230642250572383,1.4868943670210069,-0.23616985803623147,0.23616985803623147,1.3891127420542384,0.17001489575783485,False,
A,0,671,D13,11,half_shift,False,0.5656407362586457,1.4144407613701921,0.8488000251115464,0.8488000251115464,0.21572045679855,3.934721990247759,True,
A,0,671,D13,11,eff_dim,False,1.6798345022035317,1.6357042842590532,-0.04413021794447847,0.04413021794447847,0.4185281269678871,0.1054414628335469,False,
A,0,671,D13,11,mean_position_shift,False,0.0,4.507906436920166,4.507906436920166,4.507906436920166,3.8782901763916016,1.1623437731300357,True,
A,0,671,D13,12,traj_length,False,3.6370966240304954,9.233396523289036,5.596299899258541,5.596299899258541,6.775403118115891,0.8259729792748869,False,
A,0,671,D13,12,mean_step,False,1.2123655413434984,3.0777988410963455,1.865433299752847,1.865433299752847,0.9244010692548863,2.017991283000657,True,
A,0,671,D13,12,spread_rms,False,1.1165689930639646,2.0413014249254946,0.92473243186153,0.92473243186153,0.28795475039260365,3.2113810610893903,True,
A,0,671,D13,12,half_shift,False,1.6017771605909872,2.8709408542389268,1.2691636936479396,1.2691636936479396,0.9942269083807247,1.2765332369800757,True,
A,0,671,D13,12,eff_dim,False,1.1834282572465844,1.4225693729692628,0.23914111572267838,0.23914111572267838,0.05455006952321839,4.383882877012497,True,
A,0,671,D13,12,mean_position_shift,False,0.0,4.127316474914551,4.127316474914551,4.127316474914551,2.4447669982910156,1.688224881062163,True,
A,0,671,D13,13,traj_length,False,10.291310861223938,21.724204510093344,11.432893648869406,11.432893648869406,7.533996211742664,1.5175072202783735,True,
A,0,671,D13,13,mean_step,False,2.0582621722447874,2.715525563761668,0.6572633915168806,0.6572633915168806,0.3504908473698882,1.8752654925201,True,
A,0,671,D13,13,spread_rms,False,1.4783468659097414,2.0045982223252645,0.5262513564155231,0.5262513564155231,0.42035837099780915,1.2519112089200333,True,
A,0,671,D13,13,half_shift,False,0.46825653660521277,0.8657123457141573,0.39745580910894457,0.39745580910894457,0.6853184025478629,0.5799578818127331,False,
A,0,671,D13,13,eff_dim,False,1.3136727986654515,1.9817038114039642,0.6680310127385127,0.6680310127385127,0.41491739790692983,1.6100337467371248,True,
A,0,671,D13,13,mean_position_shift,False,0.0,5.167819499969482,5.167819499969482,5.167819499969482,2.365426778793335,2.1847302762868526,True,
A,0,790,D12,9,traj_length,True,2.7586970654364658,9.58429489879444,6.825597833357974,6.825597833357974,4.173799953401524,1.635343789726988,True,
A,0,790,D12,9,mean_step,True,0.9195656884788219,3.194764966264813,2.2751992777859913,2.2751992777859913,0.24475874678417764,9.295681186798229,True,
A,0,790,D12,9,spread_rms,True,0.7926876864469683,1.8590968762291848,1.0664091897822165,1.0664091897822165,0.5146715766786296,2.0720188137533424,True,
A,0,790,D12,9,half_shift,True,1.1867471925186568,2.529010658294558,1.3422634657759012,1.3422634657759012,0.6998357413618721,1.91796929828687,True,
A,0,790,D12,9,eff_dim,True,1.2595369475963665,1.8182162834439024,0.5586793358475359,0.5586793358475359,0.44680434825910553,1.2503892095596911,True,
A,0,790,D12,9,mean_position_shift,True,0.0,2.123411178588867,2.123411178588867,2.123411178588867,2.0631632804870605,1.0292017111159442,True,
A,0,790,D12,10,traj_length,True,14.031773084135255,18.265636716666265,4.23386363253101,4.23386363253101,10.338467702168153,0.4095252560147861,False,
A,0,790,D12,10,mean_step,True,3.5079432710338136,4.566409179166566,1.0584659081327525,1.0584659081327525,2.584616925542038,0.4095252560147861,False,
A,0,790,D12,10,spread_rms,True,2.514213325616495,2.862066234741834,0.34785290912533906,0.34785290912533906,1.5901853177490104,0.21874991879420874,False,
A,0,790,D12,10,half_shift,True,1.1837240177875845,3.6918846677486625,2.508160649961078,2.508160649961078,3.217218866785415,0.7796052285579145,False,
A,0,790,D12,10,eff_dim,True,1.1870089389402634,1.1263609916595763,-0.06064794728068712,0.06064794728068712,0.8043517174621513,0.07539978589470832,False,
A,0,790,D12,10,mean_position_shift,True,0.0,0.9532236456871033,0.9532236456871033,0.9532236456871033,1.3366023302078247,0.7131692232938791,False,
A,0,790,D12,11,traj_length,True,15.373885327492928,9.629578089149447,-5.744307238343481,5.744307238343481,1.6951135104560144,3.3887448851718283,True,
A,0,790,D12,11,mean_step,True,3.843471331873232,2.407394522287362,-1.4360768095858703,1.4360768095858703,0.23742700394378247,6.048498215164699,True,
A,0,790,D12,11,spread_rms,True,3.3597725951141015,1.8852211743051197,-1.4745514208089818,1.4745514208089818,0.24387142793603056,6.046429601403608,True,
A,0,790,D12,11,half_shift,True,1.5026974003770237,1.7180275679355401,0.21533016755851642,0.21533016755851642,0.7445231608190523,0.28921889726255257,False,
A,0,790,D12,11,eff_dim,True,1.1450014971462839,1.5760696110677488,0.43106811392146493,0.43106811392146493,0.10457362420961802,4.122149511213154,True,
A,0,790,D12,11,mean_position_shift,True,0.0,2.838547945022583,2.838547945022583,2.838547945022583,0.6894428133964539,4.117162279259728,True,
A,0,790,D12,12,traj_length,True,15.544842067163554,7.8473443340504145,-7.697497733113139,7.697497733113139,0.12509439189519167,61.53351574355439,True,
A,0,790,D12,12,mean_step,True,3.8862105167908885,2.6157814446834715,-1.270429072107417,1.270429072107417,0.04169813063173056,30.467290808012216,True,
A,0,790,D12,12,spread_rms,True,3.2495081254703337,1.7969755953446485,-1.4525325301256853,1.4525325301256853,0.2823152639821669,5.145072603008238,True,
A,0,790,D12,12,half_shift,True,3.504582659382934,2.8130256000087397,-0.6915570593741944,0.6915570593741944,1.2922196600241205,0.5351698946921191,False,
A,0,790,D12,12,eff_dim,True,1.5121345872505618,1.1532294689441183,-0.35890511830644356,0.35890511830644356,0.17453737034548467,2.0563224803720583,True,
A,0,790,D12,12,mean_position_shift,True,0.0,1.5770775079727173,1.5770775079727173,1.5770775079727173,0.530203640460968,2.974475065093064,True,
A,0,790,D12,13,traj_length,True,24.439048910612858,14.037279925253968,-10.40176898535889,10.40176898535889,1.8598692048584518,5.592742198315248,True,
A,0,790,D12,13,mean_step,True,4.073174818435477,2.0053257036077095,-2.067849114827767,2.067849114827767,0.024242749791543172,85.29763053319614,True,
A,0,790,D12,13,spread_rms,True,2.9294594736508652,2.3430702538896577,-0.5863892197612075,0.5863892197612075,0.9298912386545224,0.6305997899385152,False,
A,0,790,D12,13,half_shift,True,3.0884647719157554,1.9093558873445469,-1.1791088845712085,1.1791088845712085,0.9512363460597097,1.2395540702953702,True,
A,0,790,D12,13,eff_dim,True,1.4441529650310299,1.3814057059226414,-0.06274725910838841,0.06274725910838841,1.3093623039190547,0.047921999068233044,False,
A,0,790,D12,13,mean_position_shift,True,0.0,1.8163938522338867,1.8163938522338867,1.8163938522338867,1.3612183332443237,1.334388325423666,True,
A,0,790,D13,9,traj_length,True,2.7586970654364658,5.528996634260826,2.7702995688243606,2.7702995688243606,0.424559473974905,6.525115416428343,True,
A,0,790,D13,9,mean_step,True,0.9195656884788219,1.8429988780869422,0.9234331896081203,0.9234331896081203,0.14151982465830182,6.525115416428337,True,
A,0,790,D13,9,spread_rms,True,0.7926876864469683,1.6339474676377115,0.8412597811907432,0.8412597811907432,0.27790701829833564,3.027126793493367,True,
A,0,790,D13,9,half_shift,True,1.1867471925186568,2.8871799261426476,1.7004327336239908,1.7004327336239908,1.2826977563709694,1.325669063641995,True,
A,0,790,D13,9,eff_dim,True,1.2595369475963665,1.2142795413799792,-0.0452574062163873,0.0452574062163873,0.26113584866833217,0.17330981727395303,False,
A,0,790,D13,9,mean_position_shift,True,0.0,1.1626863479614258,1.1626863479614258,1.1626863479614258,4.7482194900512695,0.24486786055226598,False,
A,0,790,D13,10,traj_length,True,14.031773084135255,6.764589022509521,-7.267184061625733,7.267184061625733,7.534809438394359,0.9644814671217942,False,
A,0,790,D13,10,mean_step,True,3.5079432710338136,1.6911472556273803,-1.8167960154064333,1.8167960154064333,1.8837023595985898,0.9644814671217942,False,
A,0,790,D13,10,spread_rms,True,2.514213325616495,1.3292066192495795,-1.1850067063669154,1.1850067063669154,1.6768832661179724,0.7066721520277534,False,
A,0,790,D13,10,half_shift,True,1.1837240177875845,1.6966135534428106,0.5128895356552261,0.5128895356552261,1.383421702168307,0.37073983648756437,False,
A,0,790,D13,10,eff_dim,True,1.1870089389402634,1.980318485580652,0.7933095466403886,0.7933095466403886,0.8233293948734244,0.9635384714550961,False,
A,0,790,D13,10,mean_position_shift,True,0.0,1.0122309923171997,1.0122309923171997,1.0122309923171997,2.1422133445739746,0.47251642553767387,False,
A,0,790,D13,11,traj_length,True,15.373885327492928,12.152530641396254,-3.2213546860966744,3.2213546860966744,4.469412691847539,0.7207557028628407,False,
A,0,790,D13,11,mean_step,True,3.843471331873232,3.0381326603490635,-0.8053386715241686,0.8053386715241686,1.1173531729618849,0.7207557028628407,False,
A,0,790,D13,11,spread_rms,True,3.3597725951141015,2.081677909883055,-1.2780946852310464,1.2780946852310464,0.4723566626074942,2.705783121964942,True,
A,0,790,D13,11,half_shift,True,1.5026974003770237,1.9230972426835247,0.42039984230650096,0.42039984230650096,0.002294658313121367,183.20803576835866,True,
A,0,790,D13,11,eff_dim,True,1.1450014971462839,1.6774518481903107,0.5324503510440268,0.5324503510440268,0.0856976017098332,6.213130127571958,True,
A,0,790,D13,11,mean_position_shift,True,0.0,7.8531270027160645,7.8531270027160645,7.8531270027160645,2.828965187072754,2.775971595055935,True,
A,0,790,D13,12,traj_length,True,15.544842067163554,13.39367909072894,-2.1511629764346143,2.1511629764346143,1.0632867792214071,2.0231258569863964,True,
A,0,790,D13,12,mean_step,True,3.8862105167908885,3.348419772682235,-0.5377907441086536,0.5377907441086536,1.4705688506345473,0.3657025265267913,False,
A,0,790,D13,12,spread_rms,True,3.2495081254703337,2.6977074938462953,-0.5518006316240385,0.5518006316240385,0.8340760607947142,0.6615711175048934,False,
A,0,790,D13,12,half_shift,True,3.504582659382934,3.597309796743042,0.09272713736010774,0.09272713736010774,1.0872501866427315,0.08528592452711871,False,
A,0,790,D13,12,eff_dim,True,1.5121345872505618,1.308118904309283,-0.20401568294127892,0.20401568294127892,0.2424634288935157,0.8414286800789156,False,
A,0,790,D13,12,mean_position_shift,True,0.0,3.031018018722534,3.031018018722534,3.031018018722534,2.914438247680664,1.0400007689765414,True,
A,0,790,D13,13,traj_length,True,24.439048910612858,23.312310950278086,-1.126737960334772,1.126737960334772,2.350664225954379,0.4793274802475509,False,
A,0,790,D13,13,mean_step,True,4.073174818435477,4.662462190055617,0.5892873716201406,0.5892873716201406,2.042256349515154,0.28854720993279886,False,
A,0,790,D13,13,spread_rms,True,2.9294594736508652,3.4849298618256923,0.5554703881748271,0.5554703881748271,1.0464359172786275,0.5308212180057708,False,
A,0,790,D13,13,half_shift,True,3.0884647719157554,4.734404870862927,1.6459400989471717,1.6459400989471717,1.8333274214852215,0.8977884035650092,False,
A,0,790,D13,13,eff_dim,True,1.4441529650310299,1.1955080646313143,-0.24864490039971554,0.24864490039971554,0.4411521500796627,0.5636261783033713,False,
A,0,790,D13,13,mean_position_shift,True,0.0,2.954188585281372,2.954188585281372,2.954188585281372,0.7016420364379883,4.210392809813449,True,
A,1,252,D12,9,traj_length,True,2.6489312388658766,4.630914848573623,1.9819836097077461,1.9819836097077461,0.2634682397634647,7.522666153184621,True,
A,1,252,D12,9,mean_step,True,0.8829770796219588,1.5436382828578743,0.6606612032359155,0.6606612032359155,0.08782274658782163,7.522666153184615,True,
A,1,252,D12,9,spread_rms,True,0.6074952575702599,1.122938217714026,0.515442960143766,0.515442960143766,0.2489697738026554,2.070303363621679,True,
A,1,252,D12,9,half_shift,True,0.6734423987327532,1.2117876223585755,0.5383452236258223,0.5383452236258223,0.7440269983509014,0.7235560333415824,False,
A,1,252,D12,9,eff_dim,True,1.5044456041541334,1.446307204090262,-0.05813840006387139,0.05813840006387139,0.0067345712670539015,8.632828692197439,True,
A,1,252,D12,9,mean_position_shift,True,0.0,0.7572424411773682,0.7572424411773682,0.7572424411773682,1.4228816032409668,0.5321893539508559,False,
A,1,252,D12,10,traj_length,True,5.056742927364765,5.261342208804553,0.2045992814397879,0.2045992814397879,1.0951863067979977,0.18681687322952015,False,
A,1,252,D12,10,mean_step,True,1.2641857318411913,1.3153355522011383,0.051149820359946974,0.051149820359946974,0.044029849080628125,1.1617078283934303,True,
A,1,252,D12,10,spread_rms,True,1.1862914389550157,0.866418360202016,-0.31987307875299964,0.31987307875299964,0.4313253668310134,0.7416050697484735,False,
A,1,252,D12,10,half_shift,True,1.8647826475858422,1.1318823987215394,-0.7329002488643028,0.7329002488643028,0.632926359594792,1.157955009700521,True,
A,1,252,D12,10,eff_dim,True,1.583713809750667,1.515595245743442,-0.06811856400722482,0.06811856400722482,0.5519135228066328,0.12342253123428305,False,
A,1,252,D12,10,mean_position_shift,True,0.0,1.8591374158859253,1.8591374158859253,1.8591374158859253,1.2036240100860596,1.5446164253179,True,
A,1,252,D12,11,traj_length,True,7.4493904058671445,5.677561331617065,-1.7718290742500793,1.7718290742500793,0.8321605635406986,2.1291913506586453,True,
A,1,252,D12,11,mean_step,True,1.8623476014667861,1.892520443872355,0.030172842405568945,0.030172842405568945,0.6811702518532634,0.04429559617948308,False,
A,1,252,D12,11,spread_rms,True,1.2332900911805758,1.076383816695062,-0.15690627448551386,0.15690627448551386,0.016908104257908674,9.279944817712003,True,
A,1,252,D12,11,half_shift,True,1.1796014433161546,0.9846376092817568,-0.19496383403439776,0.19496383403439776,0.6570610154316612,0.29672104942387245,False,
A,1,252,D12,11,eff_dim,True,1.522066780202521,1.9393743754020543,0.4173075951995333,0.4173075951995333,0.4455089619836825,0.9366985421380095,False,
A,1,252,D12,11,mean_position_shift,True,0.0,1.5683356523513794,1.5683356523513794,1.5683356523513794,1.7518460750579834,0.8952474048266312,False,
A,1,252,D12,12,traj_length,True,1.5893335275724376,5.03586476317139,3.4465312355989526,3.4465312355989526,2.867127000852724,1.2020853051064377,True,
A,1,252,D12,12,mean_step,True,0.7946667637862188,1.6786215877237967,0.8839548239375778,0.8839548239375778,0.9557090002842413,0.9249204764993081,False,
A,1,252,D12,12,spread_rms,True,0.45792732546869636,1.2899917752799883,0.8320644498112919,0.8320644498112919,0.740070152855985,1.12430483326519,True,
A,1,252,D12,12,half_shift,True,0.6215472421052337,1.9746117372407244,1.3530644951354907,1.3530644951354907,1.0204917358858412,1.3258946129151732,True,
A,1,252,D12,12,eff_dim,True,1.9247412926559564,1.7153301345415384,-0.20941115811441802,0.20941115811441802,0.12962936549770254,1.6154607970994772,True,
A,1,252,D12,12,mean_position_shift,True,0.0,1.8693902492523193,1.8693902492523193,1.8693902492523193,1.325258493423462,1.410585375252517,True,
A,1,252,D12,13,traj_length,True,15.283482356492808,16.677568444400226,1.394086087907418,1.394086087907418,9.250994309056178,0.15069581077816574,False,
A,1,252,D12,13,mean_step,True,2.1833546223561155,2.382509777771461,0.19915515541534523,0.19915515541534523,0.8971949507026513,0.22197534132283508,False,
A,1,252,D12,13,spread_rms,True,1.4720099650527572,1.904138526158423,0.4321285611056658,0.4321285611056658,0.9574824495680646,0.45131747459246463,False,
A,1,252,D12,13,half_shift,True,1.147108145514709,0.721577260558975,-0.425530884955734,0.425530884955734,0.17884796550628734,2.379288373513953,True,
A,1,252,D12,13,eff_dim,True,2.361626278746874,1.6453875946232848,-0.716238684123589,0.716238684123589,0.2862441845556132,2.5021947091624983,True,
A,1,252,D12,13,mean_position_shift,True,0.0,0.6974340677261353,0.6974340677261353,0.6974340677261353,1.2894405126571655,0.5408811502974453,False,
A,1,252,D13,9,traj_length,True,2.6489312388658766,3.6922676097401723,1.0433363708742958,1.0433363708742958,0.27558891598608604,3.7858430087477535,True,
A,1,252,D13,9,mean_step,True,0.8829770796219588,1.2307558699133907,0.3477787902914319,0.3477787902914319,0.2387917384818261,1.4564104792842343,True,
A,1,252,D13,9,spread_rms,True,0.6074952575702599,0.8161850426153279,0.20868978504506797,0.20868978504506797,0.021906199460467013,9.526517158838056,True,
A,1,252,D13,9,half_shift,True,0.6734423987327532,1.0960593522193969,0.42261695348664363,0.42261695348664363,0.2121428828760039,1.99213354583128,True,
A,1,252,D13,9,eff_dim,True,1.5044456041541334,2.0270482348730767,0.5226026307189433,0.5226026307189433,0.5070438037647442,1.0306853704525654,True,
A,1,252,D13,9,mean_position_shift,True,0.0,2.0790793895721436,2.0790793895721436,2.0790793895721436,1.1074467897415161,1.8773627851297592,True,
A,1,252,D13,10,traj_length,True,5.056742927364765,8.212390451006865,3.1556475236420996,3.1556475236420996,2.2703511059223933,1.3899381093128456,True,
A,1,252,D13,10,mean_step,True,1.2641857318411913,2.053097612751716,0.7889118809105249,0.7889118809105249,0.5675877764805983,1.3899381093128456,True,
A,1,252,D13,10,spread_rms,True,1.1862914389550157,1.4260378241569729,0.23974638520195724,0.23974638520195724,0.4277231834510372,0.5605176302757079,False,
A,1,252,D13,10,half_shift,True,1.8647826475858422,0.682418880201412,-1.1823637673844303,1.1823637673844303,0.1674174270733375,7.062369718933105,True,
A,1,252,D13,10,eff_dim,True,1.583713809750667,1.4807211651824153,-0.10299264456825163,0.10299264456825163,0.7100415641067377,0.1450515713088159,False,
A,1,252,D13,10,mean_position_shift,True,0.0,2.163295030593872,2.163295030593872,2.163295030593872,1.0778825283050537,2.0069858948317916,True,
A,1,252,D13,11,traj_length,True,7.4493904058671445,6.191545674724983,-1.2578447311421614,1.2578447311421614,7.109399706900755,0.17692699566761336,False,
A,1,252,D13,11,mean_step,True,1.8623476014667861,1.5478864186812458,-0.31446118278554036,0.31446118278554036,1.7773499267251887,0.17692699566761336,False,
A,1,252,D13,11,spread_rms,True,1.2332900911805758,1.1442078398291997,-0.08908225135137604,0.08908225135137604,1.0950214432634908,0.08135206109378491,False,
A,1,252,D13,11,half_shift,True,1.1796014433161546,1.3641906531314811,0.18458920981532656,0.18458920981532656,0.7005592146882557,0.263488376064638,False,
A,1,252,D13,11,eff_dim,True,1.522066780202521,2.5752903265711735,1.0532235463686526,1.0532235463686526,1.4212008442858106,0.7410800173693424,False,
A,1,252,D13,11,mean_position_shift,True,0.0,1.142293930053711,1.142293930053711,1.142293930053711,2.6307783126831055,0.43420379609587717,False,
A,1,252,D13,12,traj_length,True,1.5893335275724376,5.184833557321891,3.5955000297494535,3.5955000297494535,3.989025072860862,0.9013480647718318,False,
A,1,252,D13,12,mean_step,True,0.7946667637862188,1.7282778524406304,0.9336110886544116,0.9336110886544116,1.3296750242869542,0.7021347860204157,False,
A,1,252,D13,12,spread_rms,True,0.45792732546869636,1.1092633508098233,0.6513360253411269,0.6513360253411269,0.5185886592520021,1.2559781509310208,True,
A,1,252,D13,12,half_shift,True,0.6215472421052337,1.2157416556005267,0.594194413495293,0.594194413495293,0.3911209636017492,1.5192088095291132,True,
A,1,252,D13,12,eff_dim,True,1.9247412926559564,1.975921570551495,0.051180277895538584,0.051180277895538584,0.7339557264806678,0.0697321051515587,False,
A,1,252,D13,12,mean_position_shift,True,0.0,2.1942522525787354,2.1942522525787354,2.1942522525787354,0.7119306325912476,3.08211524006519,True,
A,1,252,D13,13,traj_length,True,15.283482356492808,15.64196696384931,0.3584846073565018,0.3584846073565018,7.163828589096081,0.05004092475106733,False,
A,1,252,D13,13,mean_step,True,2.1833546223561155,3.128393392769862,0.9450387704137464,0.9450387704137464,1.4327657178192161,0.6595905797161108,False,
A,1,252,D13,13,spread_rms,True,1.4720099650527572,1.7775135702766631,0.30550360522390596,0.30550360522390596,0.6654633279616868,0.4590840582600743,False,
A,1,252,D13,13,half_shift,True,1.147108145514709,0.9446626218777177,-0.2024455236369913,0.2024455236369913,0.06704539792529496,3.0195290042511993,True,
A,1,252,D13,13,eff_dim,True,2.361626278746874,1.8914318117967228,-0.470194466950151,0.470194466950151,0.3804635905382925,1.2358461588529517,True,
A,1,252,D13,13,mean_position_shift,True,0.0,0.8620598316192627,0.8620598316192627,0.8620598316192627,1.1951359510421753,0.7213069198257608,False,
A,1,651,D12,9,traj_length,False,4.448134262564335,10.022453943788525,5.57431968122419,5.57431968122419,6.472166272068694,0.8612757223621935,False,
A,1,651,D12,9,mean_step,False,1.4827114208547785,2.5056134859471313,1.0229020650923528,1.0229020650923528,1.3221842620405209,0.7736456214610457,False,
A,1,651,D12,9,spread_rms,False,0.9685184768300567,1.4847517725149202,0.5162332956848635,0.5162332956848635,0.6821404699985788,0.7567844430721712,False,
A,1,651,D12,9,half_shift,False,1.0160158308208933,1.3129601408572542,0.2969443100363609,0.2969443100363609,0.3413319379243106,0.8699575897940364,False,
A,1,651,D12,9,eff_dim,False,1.5696384865603703,1.5714871838724689,0.0018486973120985795,0.0018486973120985795,0.3301037900941566,0.005600351669913482,False,
A,1,651,D12,9,mean_position_shift,False,0.0,1.4091393947601318,1.4091393947601318,1.4091393947601318,0.7235415577888489,1.94755833938064,True,
A,1,651,D12,10,traj_length,False,7.504425580720163,7.694256139280625,0.1898305585604616,0.1898305585604616,0.004910161072543495,38.66075995387421,True,
A,1,651,D12,10,mean_step,False,1.8761063951800407,1.9235640348201561,0.0474576396401154,0.0474576396401154,0.0012275402681358738,38.66075995387421,True,
A,1,651,D12,10,spread_rms,False,1.0638599648554814,1.6123165579869312,0.5484565931314498,0.5484565931314498,0.04050136262392856,13.541682491626018,True,
A,1,651,D12,10,half_shift,False,0.5356148788673153,0.7931693773716345,0.2575544985043192,0.2575544985043192,0.827107883681241,0.31139166194137996,False,
A,1,651,D12,10,eff_dim,False,1.2427790368895357,1.1466477289388166,-0.09613130795071911,0.09613130795071911,0.022887677403719442,4.20013382114067,True,
A,1,651,D12,10,mean_position_shift,False,0.0,3.7646992206573486,3.7646992206573486,3.7646992206573486,0.33396920561790466,11.272593871916904,True,
A,1,651,D12,11,traj_length,False,6.774177683363362,6.472993895788963,-0.30118378757439945,0.30118378757439945,2.727422996887701,0.11042797098876277,False,
A,1,651,D12,11,mean_step,False,1.6935444208408406,1.6182484739472407,-0.07529594689359986,0.07529594689359986,0.6818557492219253,0.11042797098876277,False,
A,1,651,D12,11,spread_rms,False,1.601636263733894,1.0809707287884327,-0.5206655349454612,0.5206655349454612,0.16862754690637005,3.0876659507746926,True,
A,1,651,D12,11,half_shift,False,0.9270080353039638,0.6005208856296373,-0.32648714967432646,0.32648714967432646,0.3717462193931539,0.8782527774116728,False,
A,1,651,D12,11,eff_dim,False,1.129187511357067,1.7632554157247173,0.6340679043676503,0.6340679043676503,0.09135286440510537,6.940865056577411,True,
A,1,651,D12,11,mean_position_shift,False,0.0,2.3037400245666504,2.3037400245666504,2.3037400245666504,0.8440015316009521,2.729544838854474,True,
A,1,651,D12,12,traj_length,False,3.357033117224633,3.7989141128277195,0.44188099560308647,0.44188099560308647,3.499451399703637,0.1262715051966456,False,
A,1,651,D12,12,mean_step,False,1.6785165586123165,1.2663047042759066,-0.41221185433640994,0.41221185433640994,1.166483799901212,0.3533798363691974,False,
A,1,651,D12,12,spread_rms,False,0.9098611242585698,0.7301058843279153,-0.17975523993065445,0.17975523993065445,0.8815516782438713,0.20390777349405398,False,
A,1,651,D12,12,half_shift,False,1.3144409236730805,0.6946813500513087,-0.6197595736217718,0.6197595736217718,0.560212676223095,1.1062933773654262,True,
A,1,651,D12,12,eff_dim,False,1.8544204316729558,2.3334933780734928,0.479072946400537,0.479072946400537,0.678496122285434,0.706080595990492,False,
A,1,651,D12,12,mean_position_shift,False,0.0,1.8086543083190918,1.8086543083190918,1.8086543083190918,1.2954933643341064,1.3961123677763907,True,
A,1,651,D12,13,traj_length,False,12.453939110370468,10.268104424492392,-2.185834685878076,2.185834685878076,5.468990012634576,0.3996779443422487,False,
A,1,651,D12,13,mean_step,False,2.075656518395078,1.7113507374153987,-0.36430578097967925,0.36430578097967925,0.9114983354390962,0.3996779443422485,False,
A,1,651,D12,13,spread_rms,False,1.2871140094016607,1.556096019553259,0.2689820101515983,0.2689820101515983,0.12675420608487853,2.122075617526093,True,
A,1,651,D12,13,half_shift,False,1.1649684518457675,1.952479093424349,0.7875106415785815,0.7875106415785815,0.45934152525881555,1.7144338107356163,True,
A,1,651,D12,13,eff_dim,False,2.0951419409021335,1.7664569975582278,-0.32868494334390563,0.32868494334390563,0.15163318166768014,2.167632042861521,True,
A,1,651,D12,13,mean_position_shift,False,0.0,3.0759382247924805,3.0759382247924805,3.0759382247924805,0.6765013337135315,4.546832462114561,True,
A,1,651,D13,9,traj_length,False,4.448134262564335,3.123085940913098,-1.325048321651237,1.325048321651237,1.0119731977365216,1.3093709641865712,True,
A,1,651,D13,9,mean_step,False,1.4827114208547785,1.0410286469710328,-0.44168277388374566,0.44168277388374566,0.33732439924550706,1.3093709641865718,True,
A,1,651,D13,9,spread_rms,False,0.9685184768300567,0.7102596553255984,-0.2582588215044582,0.2582588215044582,0.18071797099055698,1.429071055240837,True,
A,1,651,D13,9,half_shift,False,1.0160158308208933,0.46917699145872366,-0.5468388393621697,0.5468388393621697,0.9125180203217171,0.5992636059607638,False,
A,1,651,D13,9,eff_dim,False,1.5696384865603703,1.1959410092938767,-0.3736974772664936,0.3736974772664936,0.5438565119193393,0.6871251314940909,False,
A,1,651,D13,9,mean_position_shift,False,0.0,1.339074730873108,1.339074730873108,1.339074730873108,0.8551366925239563,1.5659189256875377,True,
A,1,651,D13,10,traj_length,False,7.504425580720163,6.025929556968884,-1.478496023751279,1.478496023751279,0.437483103817212,3.3795500005618964,True,
A,1,651,D13,10,mean_step,False,1.8761063951800407,1.506482389242221,-0.36962400593781974,0.36962400593781974,0.109370775954303,3.3795500005618964,True,
A,1,651,D13,10,spread_rms,False,1.0638599648554814,0.8675684515798798,-0.19629151327560157,0.19629151327560157,0.2734826166740789,0.7177476786743293,False,
A,1,651,D13,10,half_shift,False,0.5356148788673153,0.7485170464549448,0.21290216758762948,0.21290216758762948,0.5797221307831849,0.36724864600219054,False,
A,1,651,D13,10,eff_dim,False,1.2427790368895357,1.6392529979927093,0.39647396110317357,0.39647396110317357,0.32986738788522785,1.2019192428962406,True,
A,1,651,D13,10,mean_position_shift,False,0.0,1.2645676136016846,1.2645676136016846,1.2645676136016846,0.4757842719554901,2.6578592192723547,True,
A,1,651,D13,11,traj_length,False,6.774177683363362,3.9082736382680996,-2.8659040450952626,2.8659040450952626,2.7366811416838943,1.047218837972427,True,
A,1,651,D13,11,mean_step,False,1.6935444208408406,0.9770684095670249,-0.7164760112738157,0.7164760112738157,0.6841702854209736,1.047218837972427,True,
A,1,651,D13,11,spread_rms,False,1.601636263733894,0.9084001374971306,-0.6932361262367633,0.6932361262367633,0.05901292138310843,11.747192140113095,True,
A,1,651,D13,11,half_shift,False,0.9270080353039638,0.9109180458177445,-0.016089989486219314,0.016089989486219314,0.2956680869510784,0.054419094235495166,False,
A,1,651,D13,11,eff_dim,False,1.129187511357067,1.5168791746395733,0.38769166328250626,0.38769166328250626,0.19091801594341162,2.030670921058695,True,
A,1,651,D13,11,mean_position_shift,False,0.0,0.973415195941925,0.973415195941925,0.973415195941925,0.7962274551391602,1.2225340757331673,True,
A,1,651,D13,12,traj_length,False,3.357033117224633,3.931806823058805,0.574773705834172,0.574773705834172,0.6270582900721315,0.9166192600181633,False,
A,1,651,D13,12,mean_step,False,1.6785165586123165,1.310602274352935,-0.36791428425938144,0.36791428425938144,0.20901943002404377,1.7601917879933928,True,
A,1,651,D13,12,spread_rms,False,0.9098611242585698,0.8134930912868997,-0.09636803297167007,0.09636803297167007,0.26295272726352337,0.3664842497529714,False,
A,1,651,D13,12,half_shift,False,1.3144409236730805,1.183382847121048,-0.1310580765520326,0.1310580765520326,0.07103909062797564,1.8448726664924553,True,
A,1,651,D13,12,eff_dim,False,1.8544204316729558,2.021625818553129,0.16720538688017328,0.16720538688017328,0.35294499656389733,0.47374346855177,False,
A,1,651,D13,12,mean_position_shift,False,0.0,1.053022861480713,1.053022861480713,1.053022861480713,0.8084419965744019,1.3025335966496911,True,
A,1,651,D13,13,traj_length,False,12.453939110370468,11.554556067348354,-0.8993830430221141,0.8993830430221141,2.557283021393239,0.3516947617835898,False,
A,1,651,D13,13,mean_step,False,2.075656518395078,2.3109112134696708,0.23525469507459285,0.23525469507459285,0.5114566042786479,0.45997000157304285,False,
A,1,651,D13,13,spread_rms,False,1.2871140094016607,1.6538800148852741,0.3667660054836135,0.3667660054836135,0.04325431044962791,8.479293778379226,True,
A,1,651,D13,13,half_shift,False,1.1649684518457675,1.507413144010931,0.3424446921651636,0.3424446921651636,0.5686434869552791,0.602213337567155,False,
A,1,651,D13,13,eff_dim,False,2.0951419409021335,1.735897302841787,-0.35924463806034646,0.35924463806034646,0.32026296416923006,1.1217177077975151,True,
A,1,651,D13,13,mean_position_shift,False,0.0,1.511789083480835,1.511789083480835,1.511789083480835,0.8436287045478821,1.7920076395350177,True,
A,1,671,D12,9,traj_length,True,3.925492383108127,9.858026773609097,5.932534390500971,5.932534390500971,5.955757387648163,0.996100748295195,False,
A,1,671,D12,9,mean_step,True,1.3084974610360425,3.286008924536366,1.9775114635003235,1.9775114635003235,1.985252462549388,0.9961007482951948,False,
A,1,671,D12,9,spread_rms,True,0.881966519492759,2.062873125504752,1.1809066060119933,1.1809066060119933,0.7449753221528943,1.5851620461726261,True,
A,1,671,D12,9,half_shift,True,0.7784777835445192,1.4613498907787978,0.6828721072342786,0.6828721072342786,0.2296544536998224,2.9734764392022184,True,
A,1,671,D12,9,eff_dim,True,1.559311740650223,1.0981430323628496,-0.46116870828737344,0.46116870828737344,0.07159954487679432,6.440944688697874,True,
A,1,671,D12,9,mean_position_shift,True,0.0,1.878786325454712,1.878786325454712,1.878786325454712,1.6849658489227295,1.1150293204196988,True,
A,1,671,D12,10,traj_length,True,2.813951769922923,5.1134560853244135,2.2995043154014905,2.2995043154014905,10.246540565191767,0.2244176266878864,False,
A,1,671,D12,10,mean_step,True,0.7034879424807308,1.2783640213311034,0.5748760788503726,0.5748760788503726,2.5616351412979417,0.2244176266878864,False,
A,1,671,D12,10,spread_rms,True,0.5254355581618847,0.9553152203882348,0.4298796622263501,0.4298796622263501,1.1626498265191074,0.3697413033753937,False,
A,1,671,D12,10,half_shift,True,0.4771874997252212,1.2733827815129577,0.7961952817877365,0.7961952817877365,0.5617620665828975,1.4173176316992282,True,
A,1,671,D12,10,eff_dim,True,1.3984208369711988,1.6818566323036495,0.28343579533245067,0.28343579533245067,0.5920773032545636,0.47871417089363993,False,
A,1,671,D12,10,mean_position_shift,True,0.0,2.101160764694214,2.101160764694214,2.101160764694214,1.3832801580429077,1.5189697853159247,True,
A,1,671,D12,11,traj_length,True,8.716334270744989,10.82496811158245,2.108633840837461,2.108633840837461,5.543681093813298,0.38036708915140865,False,
A,1,671,D12,11,mean_step,True,2.1790835676862472,2.7062420278956125,0.5271584602093653,0.5271584602093653,1.3859202734533245,0.38036708915140865,False,
A,1,671,D12,11,spread_rms,True,1.22329227707278,1.8863296087855594,0.6630373317127793,0.6630373317127793,0.9054470734664237,0.732276188352346,False,
A,1,671,D12,11,half_shift,True,0.39132044926217335,0.8125924210768263,0.4212719718146529,0.4212719718146529,0.7120230455816139,0.5916549673901892,False,
A,1,671,D12,11,eff_dim,True,1.445566944341904,1.57703425076775,0.13146730642584603,0.13146730642584603,0.4045802533462626,0.3249474123823065,False,
A,1,671,D12,11,mean_position_shift,True,0.0,2.4222795963287354,2.4222795963287354,2.4222795963287354,0.6473742127418518,3.7416992346197273,True,
A,1,671,D12,12,traj_length,True,3.71971465776243,13.619346794928624,9.899632137166194,9.899632137166194,9.323832225905186,1.0617557134566638,True,
A,1,671,D12,12,mean_step,True,1.23990488592081,3.404836698732156,2.1649318128113464,2.1649318128113464,1.9729985090576765,1.0972800044564348,True,
A,1,671,D12,12,spread_rms,True,0.7581666631888572,2.1866920180612337,1.4285253548723764,1.4285253548723764,0.5751688400287502,2.4836626316560726,True,
A,1,671,D12,12,half_shift,True,0.732295270025454,2.570699373416326,1.838404103390872,1.838404103390872,0.4818009403201824,3.8156922279337073,True,
A,1,671,D12,12,eff_dim,True,1.568111775114216,1.4385650549365225,-0.12954672017769342,0.12954672017769342,0.39474167735014887,0.32818100446683063,False,
A,1,671,D12,12,mean_position_shift,True,0.0,2.514904022216797,2.514904022216797,2.514904022216797,0.989545464515686,2.541473951828649,True,
A,1,671,D12,13,traj_length,True,10.867574022936205,19.354448534763804,8.4868745118276,8.4868745118276,8.788055875357134,0.9657283285630799,False,
A,1,671,D12,13,mean_step,True,2.1735148045872412,2.764921219251972,0.5914064146647307,0.5914064146647307,0.651642687370638,0.9075624205207317,False,
A,1,671,D12,13,spread_rms,True,1.3822506216853352,2.258616287728446,0.8763656660431107,0.8763656660431107,0.9244753117289519,0.9479600535834033,False,
A,1,671,D12,13,half_shift,True,1.0372052801271612,1.6943378944028658,0.6571326142757046,0.6571326142757046,0.8075148367002714,0.8137715672951966,False,
A,1,671,D12,13,eff_dim,True,2.1166318701810627,1.7954220669272443,-0.3212098032538184,0.3212098032538184,0.3934475752542037,0.8163979738502316,False,
A,1,671,D12,13,mean_position_shift,True,0.0,2.4305083751678467,2.4305083751678467,2.4305083751678467,1.0642832517623901,2.2837044284433383,True,
A,1,671,D13,9,traj_length,False,3.925492383108127,5.959461623609782,2.0339692405016545,2.0339692405016545,2.0755705860188867,0.9799566703260009,False,
A,1,671,D13,9,mean_step,False,1.3084974610360425,1.4898654059024454,0.18136794486640295,0.18136794486640295,0.5188926465047217,0.3495288400945813,False,
A,1,671,D13,9,spread_rms,False,0.881966519492759,1.0798097987271635,0.1978432792344046,0.1978432792344046,0.14093544077822284,1.4037865716525653,True,
A,1,671,D13,9,half_shift,False,0.7784777835445192,0.6036101276097895,-0.17486765593472975,0.17486765593472975,0.7881834155380057,0.22186162825484843,False,
A,1,671,D13,9,eff_dim,False,1.559311740650223,1.4851830141996776,-0.07412872645054547,0.07412872645054547,0.010438225975540005,7.101659479709677,True,
A,1,671,D13,9,mean_position_shift,False,0.0,4.927477836608887,4.927477836608887,4.927477836608887,1.8445751667022705,2.6713348013994063,True,
A,1,671,D13,10,traj_length,False,2.813951769922923,6.238386777262846,3.4244350073399232,3.4244350073399232,2.2798684601625645,1.5020318352470854,True,
A,1,671,D13,10,mean_step,False,0.7034879424807308,1.5595966943157116,0.8561087518349808,0.8561087518349808,0.5699671150406411,1.5020318352470854,True,
A,1,671,D13,10,spread_rms,False,0.5254355581618847,1.2949176296155334,0.7694820714536487,0.7694820714536487,0.03798074425200726,20.259794446049646,True,
A,1,671,D13,10,half_shift,False,0.4771874997252212,0.9406015951461781,0.46341409542095696,0.46341409542095696,0.06701463734745738,6.915117558843873,True,
A,1,671,D13,10,eff_dim,False,1.3984208369711988,1.1901090677636776,-0.20831176920752115,0.20831176920752115,0.4987778802154468,0.41764436128871835,False,
A,1,671,D13,10,mean_position_shift,False,0.0,1.7846260070800781,1.7846260070800781,1.7846260070800781,1.3056551218032837,1.36684333962193,True,
A,1,671,D13,11,traj_length,False,8.716334270744989,5.993913351177996,-2.722420919566993,2.722420919566993,3.3403368950669083,0.8150138758720807,False,
A,1,671,D13,11,mean_step,False,2.1790835676862472,1.498478337794499,-0.6806052298917482,0.6806052298917482,0.8350842237667271,0.8150138758720807,False,
A,1,671,D13,11,spread_rms,False,1.22329227707278,0.9058626762478349,-0.3174296008249452,0.3174296008249452,0.4161441681220909,0.7627875749344054,False,
A,1,671,D13,11,half_shift,False,0.39132044926217335,1.1979450855600737,0.8066246362979004,0.8066246362979004,0.09277598232003315,8.694326011180651,True,
A,1,671,D13,11,eff_dim,False,1.445566944341904,2.132953535904812,0.6873865915629083,0.6873865915629083,0.18958942672683943,3.625658895805911,True,
A,1,671,D13,11,mean_position_shift,False,0.0,2.5167436599731445,2.5167436599731445,2.5167436599731445,1.394301414489746,1.8050212341598777,True,
A,1,671,D13,12,traj_length,False,3.71971465776243,5.094505942305085,1.3747912845426553,1.3747912845426553,1.7019922686130915,0.8077541302011533,False,
A,1,671,D13,12,mean_step,False,1.23990488592081,1.6981686474350284,0.45826376151421844,0.45826376151421844,0.0009559052945158353,479.4028907919465,True,
A,1,671,D13,12,spread_rms,False,0.7581666631888572,1.0778454547212153,0.3196787915323581,0.3196787915323581,0.142972257279655,2.2359498102283126,True,
A,1,671,D13,12,half_shift,False,0.732295270025454,1.1403155344182636,0.4080202643928096,0.4080202643928096,0.29772706971286156,1.3704506774822949,True,
A,1,671,D13,12,eff_dim,False,1.568111775114216,1.9671373351967119,0.3990255600824959,0.3990255600824959,0.18984014240625613,2.101902974917628,True,
A,1,671,D13,12,mean_position_shift,False,0.0,3.093543291091919,3.093543291091919,3.093543291091919,1.3788995742797852,2.2434870158747504,True,
A,1,671,D13,13,traj_length,False,10.867574022936205,14.658927232337678,3.791353209401473,3.791353209401473,7.056826146604424,0.5372603959112386,False,
A,1,671,D13,13,mean_step,False,2.1735148045872412,1.8323659040422098,-0.34114890054503144,0.34114890054503144,0.5653490564200008,0.6034305650129008,False,
A,1,671,D13,13,spread_rms,False,1.3822506216853352,1.215992652403088,-0.16625796928224723,0.16625796928224723,0.13961110935416077,1.1908648964352084,True,
A,1,671,D13,13,half_shift,False,1.0372052801271612,0.5708027117542601,-0.46640256837290106,0.46640256837290106,0.8575798960099953,0.5438590276461717,False,
A,1,671,D13,13,eff_dim,False,2.1166318701810627,2.285454859065996,0.16882298888493352,0.16882298888493352,0.7869636151450334,0.21452451630031244,False,
A,1,671,D13,13,mean_position_shift,False,0.0,2.4742369651794434,2.4742369651794434,2.4742369651794434,2.0590598583221436,1.2016343066372113,True,
A,1,790,D12,9,traj_length,True,2.6462464298703985,5.0451432804251946,2.398896850554796,2.398896850554796,2.211771245930362,1.0846044114954219,True,
A,1,790,D12,9,mean_step,True,0.8820821432901328,1.681714426808398,0.7996322835182653,0.7996322835182653,0.13251420478049103,6.034313716351023,True,
A,1,790,D12,9,spread_rms,True,0.7729085963856646,1.3888194450693747,0.6159108486837102,0.6159108486837102,0.30948524655158205,1.9901137632454347,True,
A,1,790,D12,9,half_shift,True,0.9087167167268848,2.370820169788849,1.462103453061964,1.462103453061964,1.5852510369169512,0.922316667210962,False,
A,1,790,D12,9,eff_dim,True,1.2470212849462565,1.6437010570488575,0.39667977210260097,0.39667977210260097,0.6398414261577356,0.6199657538347795,False,
A,1,790,D12,9,mean_position_shift,True,0.0,1.550449252128601,1.550449252128601,1.550449252128601,1.1163129806518555,1.3889019289404283,True,
A,1,790,D12,10,traj_length,True,7.775638411070745,10.437398289046097,2.661759877975352,2.661759877975352,3.323549194429683,0.800878736032101,False,
A,1,790,D12,10,mean_step,True,1.9439096027676863,2.6093495722615243,0.665439969493838,0.665439969493838,0.8308872986074207,0.800878736032101,False,
A,1,790,D12,10,spread_rms,True,1.3862546154009243,1.6325675390719414,0.2463129236710171,0.2463129236710171,0.5288459255328979,0.46575554765372723,False,
A,1,790,D12,10,half_shift,True,0.9874058434453351,2.2968012353114173,1.3093953918660821,1.3093953918660821,1.6105892282144838,0.8129915244234507,False,
A,1,790,D12,10,eff_dim,True,1.4258938640990035,1.3231755159093308,-0.10271834818967274,0.10271834818967274,0.8343395876064084,0.12311335781675642,False,
A,1,790,D12,10,mean_position_shift,True,0.0,1.5939217805862427,1.5939217805862427,1.5939217805862427,1.1428613662719727,1.3946764040030808,True,
A,1,790,D12,11,traj_length,True,8.657597203943094,10.278642042058104,1.6210448381150098,1.6210448381150098,4.850386504319644,0.3342094154087193,False,
A,1,790,D12,11,mean_step,True,2.1643993009857736,2.569660510514526,0.40526120952875244,0.40526120952875244,0.7602419979350394,0.5330686947439345,False,
A,1,790,D12,11,spread_rms,True,1.7898143960149142,1.7019601420029074,-0.08785425401200686,0.08785425401200686,0.4190610733402287,0.2096454660217974,False,
A,1,790,D12,11,half_shift,True,1.8020605739115683,1.1770327729825174,-0.6250278009290509,0.6250278009290509,0.12179295783838939,5.1318878531418735,True,
A,1,790,D12,11,eff_dim,True,2.175429886081231,1.541651621237489,-0.633778264843742,0.633778264843742,0.40883017196533356,1.5502238051488106,True,
A,1,790,D12,11,mean_position_shift,True,0.0,2.1568949222564697,2.1568949222564697,2.1568949222564697,1.360353708267212,1.585539782152595,True,
A,1,790,D12,12,traj_length,True,12.360855028194456,3.7680091498320554,-8.5928458783624,8.5928458783624,1.462055995924917,5.877234457717501,True,
A,1,790,D12,12,mean_step,True,3.090213757048614,1.2560030499440185,-1.8342107071045954,1.8342107071045954,0.48735199864163903,3.7636261105257764,True,
A,1,790,D12,12,spread_rms,True,2.2136100303999946,0.868525864544791,-1.3450841658552037,1.3450841658552037,0.1537527565744422,8.748358051089358,True,
A,1,790,D12,12,half_shift,True,2.6526323770038758,0.8324821838447674,-1.8201501931591084,1.8201501931591084,0.09432596073881061,19.29638647624401,True,
A,1,790,D12,12,eff_dim,True,1.9621450627952122,2.0067582711142458,0.04461320831903359,0.04461320831903359,0.03976656542903334,1.1218773318165856,True,
A,1,790,D12,12,mean_position_shift,True,0.0,1.3024206161499023,1.3024206161499023,1.3024206161499023,0.32754260301589966,3.976339578905648,True,
A,1,790,D12,13,traj_length,True,14.859261245115961,11.95720913124304,-2.902052113872921,2.902052113872921,1.6884853178530115,1.718731032593767,True,
A,1,790,D12,13,mean_step,True,2.4765435408526604,1.70817273303472,-0.7683708078179403,0.7683708078179403,0.0032812358636180594,234.1711598174156,True,
A,1,790,D12,13,spread_rms,True,2.1249773741353257,1.5172298613041775,-0.6077475128311483,0.6077475128311483,0.27322392117213234,2.2243568946083037,True,
A,1,790,D12,13,half_shift,True,2.393772244581943,0.7839824707734039,-1.6097897738085392,1.6097897738085392,0.1368063225379722,11.766925270297527,True,
A,1,790,D12,13,eff_dim,True,2.072129416181917,1.6641351071376493,-0.4079943090442675,0.4079943090442675,0.17933402898231376,2.2750523777308578,True,
A,1,790,D12,13,mean_position_shift,True,0.0,1.5015130043029785,1.5015130043029785,1.5015130043029785,0.5643256306648254,2.660720907774583,True,
A,1,790,D13,9,traj_length,True,2.6462464298703985,4.216096947384662,1.5698505175142632,1.5698505175142632,0.008121234596321969,193.301954141952,True,
A,1,790,D13,9,mean_step,True,0.8820821432901328,1.4053656491282205,0.5232835058380877,0.5232835058380877,0.0027070781987739156,193.30195414195725,True,
A,1,790,D13,9,spread_rms,True,0.7729085963856646,1.0055660247224543,0.2326574283367897,0.2326574283367897,0.3509691476583576,0.6628999440237534,False,
A,1,790,D13,9,half_shift,True,0.9087167167268848,0.9368483982889193,0.028131681562034494,0.028131681562034494,1.1612824269229123,0.024224668271762215,False,
A,1,790,D13,9,eff_dim,True,1.2470212849462565,1.1720876170575851,-0.0749336678886714,0.0749336678886714,0.015498834923385774,4.83479359958896,True,
A,1,790,D13,9,mean_position_shift,True,0.0,0.7455926537513733,0.7455926537513733,0.7455926537513733,2.729569911956787,0.27315389522918254,False,
A,1,790,D13,10,traj_length,True,7.775638411070745,4.215776982161399,-3.559861428909346,3.559861428909346,5.97044310853601,0.59624744163792,False,
A,1,790,D13,10,mean_step,True,1.9439096027676863,1.0539442455403498,-0.8899653572273365,0.8899653572273365,1.4926107771340025,0.59624744163792,False,
A,1,790,D13,10,spread_rms,True,1.3862546154009243,1.1724577544965171,-0.2137968609044072,0.2137968609044072,0.5217857862386259,0.40974067623726423,False,
A,1,790,D13,10,half_shift,True,0.9874058434453351,1.699202339559061,0.7117964961137259,0.7117964961137259,0.6383078027518865,1.1151304951075536,True,
A,1,790,D13,10,eff_dim,True,1.4258938640990035,1.3636872791837338,-0.06220658491526976,0.06220658491526976,0.12979760936605111,0.4792583254737513,False,
A,1,790,D13,10,mean_position_shift,True,0.0,0.9974276423454285,0.9974276423454285,0.9974276423454285,1.060703992843628,0.9403449492741489,False,
A,1,790,D13,11,traj_length,True,8.657597203943094,6.917170270297228,-1.7404269336458666,1.7404269336458666,0.3673471276439422,4.737826439010044,True,
A,1,790,D13,11,mean_step,True,2.1643993009857736,1.729292567574307,-0.43510673341146666,0.43510673341146666,0.09183678191098554,4.737826439010044,True,
A,1,790,D13,11,spread_rms,True,1.7898143960149142,1.1443449031300048,-0.6454694928849094,0.6454694928849094,0.19335594614793983,3.338244857445708,True,
A,1,790,D13,11,half_shift,True,1.8020605739115683,1.55347143930367,-0.24858913460789833,0.24858913460789833,1.0214663391594057,0.24336497942014376,False,
A,1,790,D13,11,eff_dim,True,2.175429886081231,1.8466411647110348,-0.3287887213701961,0.3287887213701961,0.3309385934966742,0.9935037128678081,False,
A,1,790,D13,11,mean_position_shift,True,0.0,3.8014371395111084,3.8014371395111084,3.8014371395111084,1.4220163822174072,2.673272394783086,True,
A,1,790,D13,12,traj_length,True,12.360855028194456,7.617732334535196,-4.743122693659259,4.743122693659259,2.124631500794049,2.2324448695628343,True,
A,1,790,D13,12,mean_step,True,3.090213757048614,1.904433083633799,-1.1857806734148149,1.1857806734148149,1.343021528142616,0.8829200787680123,False,
A,1,790,D13,12,spread_rms,True,2.2136100303999946,1.8650248388648931,-0.3485851915351015,0.3485851915351015,0.04988232642859369,6.9881502426335205,True,
A,1,790,D13,12,half_shift,True,2.6526323770038758,2.6702166689727944,0.01758429196891864,0.01758429196891864,1.286466716588789,0.013668672296120779,False,
A,1,790,D13,12,eff_dim,True,1.9621450627952122,1.4231705472553808,-0.5389745155398313,0.5389745155398313,0.3816547856931858,1.412204263496687,True,
A,1,790,D13,12,mean_position_shift,True,0.0,2.1070175170898438,2.1070175170898438,2.1070175170898438,1.323986530303955,1.591419148808201,True,
A,1,790,D13,13,traj_length,True,14.859261245115961,12.330841708190022,-2.5284195369259397,2.5284195369259397,4.897167603534665,0.5163024306337777,False,
A,1,790,D13,13,mean_step,True,2.4765435408526604,2.4661683416380042,-0.010375199214656128,0.010375199214656128,0.31266717767241836,0.033182885686601334,False,
A,1,790,D13,13,spread_rms,True,2.1249773741353257,1.7980908817081007,-0.326886492427225,0.326886492427225,0.2869188524457582,1.1392994557198803,True,
A,1,790,D13,13,half_shift,True,2.393772244581943,2.164820615364941,-0.22895162921700196,0.22895162921700196,0.885391648171886,0.2585879702951008,False,
A,1,790,D13,13,eff_dim,True,2.072129416181917,1.610307546336673,-0.46182186984524387,0.46182186984524387,0.14084067861917293,3.2790375222061385,True,
A,1,790,D13,13,mean_position_shift,True,0.0,1.4142183065414429,1.4142183065414429,1.4142183065414429,0.734438955783844,1.925576380996963,True,
A,2,252,D12,9,traj_length,True,2.9175434061783654,4.021796397667373,1.1042529914890076,1.1042529914890076,0.06897427946276391,16.009634317168093,True,
A,2,252,D12,9,mean_step,True,0.9725144687261218,1.3405987992224577,0.36808433049633593,0.36808433049633593,0.022991426487587896,16.00963431716815,True,
A,2,252,D12,9,spread_rms,True,0.719183940718341,1.030708540925909,0.3115246002075679,0.3115246002075679,0.22272338995811736,1.3987062619069752,True,
A,2,252,D12,9,half_shift,True,0.6874589900061083,1.1719961087111908,0.4845371187050824,0.4845371187050824,0.7167095836624511,0.676057820001588,False,
A,2,252,D12,9,eff_dim,True,1.283612601159596,1.8442353403039866,0.5606227391443905,0.5606227391443905,0.2518100416167117,2.226371655177011,True,
A,2,252,D12,9,mean_position_shift,True,0.0,0.7689217925071716,0.7689217925071716,0.7689217925071716,1.2185298204421997,0.6310241896485823,False,
A,2,252,D12,10,traj_length,True,3.2057709961540257,6.176071052618303,2.970300056464277,2.970300056464277,0.058486551577273005,50.78603501763799,True,
A,2,252,D12,10,mean_step,True,0.8014427490385064,1.5440177631545757,0.7425750141160693,0.7425750141160693,0.29710624231546046,2.499358506670555,True,
A,2,252,D12,10,spread_rms,True,0.7052509998291202,1.2449706939046408,0.5397196940755206,0.5397196940755206,0.035709736917612034,15.114076458214704,True,
A,2,252,D12,10,half_shift,True,0.8016334153597057,2.137960841758682,1.3363274263989764,1.3363274263989764,0.7664113229494489,1.743616497282776,True,
A,2,252,D12,10,eff_dim,True,1.9266652739635852,1.2796102241716367,-0.6470550497919485,0.6470550497919485,0.38917820665121394,1.6626189204161856,True,
A,2,252,D12,10,mean_position_shift,True,0.0,2.2002604007720947,2.2002604007720947,2.2002604007720947,1.2714223861694336,1.7305503070471195,True,
A,2,252,D12,11,traj_length,True,8.608608231192566,4.543510217326613,-4.065098013865953,4.065098013865953,0.6685660752268081,6.080323493062202,True,
A,2,252,D12,11,mean_step,True,2.1521520577981414,1.5145034057755378,-0.6376486520226037,0.6376486520226037,0.5457673702505865,1.168352464402242,True,
A,2,252,D12,11,spread_rms,True,1.4454893127544424,0.9700663128276091,-0.47542299992683323,0.47542299992683323,0.055257061087184756,8.603841582828833,True,
A,2,252,D12,11,half_shift,True,1.2322849843806423,0.8616424625950275,-0.37064252178561474,0.37064252178561474,0.6696483630239677,0.5534882816884432,False,
A,2,252,D12,11,eff_dim,True,1.5304887147371706,1.826380413268547,0.2958916985313764,0.2958916985313764,0.2571440778944478,1.1506844760112798,True,
A,2,252,D12,11,mean_position_shift,True,0.0,2.0465502738952637,2.0465502738952637,2.0465502738952637,2.5481176376342773,0.8031616137610198,False,
A,2,252,D12,12,traj_length,True,1.5679973970888126,4.683266231809581,3.1152688347207684,3.1152688347207684,2.0790924818325314,1.4983791543389844,True,
A,2,252,D12,12,mean_step,True,0.7839986985444063,1.561088743936527,0.7770900453921208,0.7770900453921208,0.6930308272775105,1.1212921774992708,True,
A,2,252,D12,12,spread_rms,True,0.4237150686022995,1.1089508694654733,0.6852358008631738,0.6852358008631738,0.5478069496379935,1.250870952469656,True,
A,2,252,D12,12,half_shift,True,0.6164622779276616,1.5834212570132595,0.9669589790855979,0.9669589790855979,0.7614913720500206,1.2698226330292297,True,
A,2,252,D12,12,eff_dim,True,1.833551946239268,1.6920257992427878,-0.14152614699648014,0.14152614699648014,0.41019671066006214,0.3450201898712093,False,
A,2,252,D12,12,mean_position_shift,True,0.0,2.7381746768951416,2.7381746768951416,2.7381746768951416,2.1982085704803467,1.2456391598440557,True,
A,2,252,D12,13,traj_length,True,13.841908723061966,14.92219976720811,1.0802910441461435,1.0802910441461435,5.71090135041316,0.1891629670801421,False,
A,2,252,D12,13,mean_step,True,1.9774155318659952,2.131742823886873,0.1543272920208778,0.1543272920208778,0.28948314052788304,0.5331132298048735,False,
A,2,252,D12,13,spread_rms,True,1.4239513844703493,1.924565855407174,0.5006144709368248,0.5006144709368248,0.7390577986423119,0.67736849791245,False,
A,2,252,D12,13,half_shift,True,1.120977530559433,1.432921513946806,0.31194398338737295,0.31194398338737295,0.44748275073619415,0.6971083977520157,False,
A,2,252,D12,13,eff_dim,True,2.068593534582162,1.4812799927412974,-0.5873135418408646,0.5873135418408646,0.999752275035831,0.5874590701179604,False,
A,2,252,D12,13,mean_position_shift,True,0.0,0.5647532343864441,0.5647532343864441,0.5647532343864441,1.4452011585235596,0.39077828789135827,False,
A,2,252,D13,9,traj_length,True,2.9175434061783654,3.0809755379212365,0.16343213174287108,0.16343213174287108,1.309045301282541,0.12484833915430427,False,
A,2,252,D13,9,mean_step,True,0.9725144687261218,1.0269918459737455,0.05447737724762369,0.05447737724762369,0.07051336382719886,0.772582306257957,False,
A,2,252,D13,9,spread_rms,True,0.719183940718341,0.6826420709083709,-0.036541869809970096,0.036541869809970096,0.11882681901361647,0.30752207383236213,False,
A,2,252,D13,9,half_shift,True,0.6874589900061083,0.8945135863652112,0.20705459635910284,0.20705459635910284,0.17509570103492655,1.1825224442135298,True,
A,2,252,D13,9,eff_dim,True,1.283612601159596,2.3235567956422267,1.0399441944826306,1.0399441944826306,0.43891773052696115,2.3693374000500773,True,
A,2,252,D13,9,mean_position_shift,True,0.0,2.0734920501708984,2.0734920501708984,2.0734920501708984,0.9764584302902222,2.1234821533105275,True,
A,2,252,D13,10,traj_length,True,3.2057709961540257,7.540606782859616,4.3348357867055896,4.3348357867055896,1.5092673455728782,2.8721457463589393,True,
A,2,252,D13,10,mean_step,True,0.8014427490385064,1.885151695714904,1.0837089466763974,1.0837089466763974,0.37731683639321956,2.8721457463589393,True,
A,2,252,D13,10,spread_rms,True,0.7052509998291202,1.6663338893820032,0.961082889552883,0.961082889552883,0.42694777369248516,2.2510549270251397,True,
A,2,252,D13,10,half_shift,True,0.8016334153597057,0.6791292800764885,-0.12250413528321713,0.12250413528321713,0.11695487875543564,1.0474478413113961,True,
A,2,252,D13,10,eff_dim,True,1.9266652739635852,1.1438800828105657,-0.7827851911530195,0.7827851911530195,0.07255280293771338,10.789179183401654,True,
A,2,252,D13,10,mean_position_shift,True,0.0,2.545278787612915,2.545278787612915,2.545278787612915,1.0832029581069946,2.3497708980236207,True,
A,2,252,D13,11,traj_length,True,8.608608231192566,5.752679743281944,-2.8559284879106217,2.8559284879106217,4.761175424751003,0.5998368539550251,False,
A,2,252,D13,11,mean_step,True,2.1521520577981414,1.438169935820486,-0.7139821219776554,0.7139821219776554,1.1902938561877507,0.5998368539550251,False,
A,2,252,D13,11,spread_rms,True,1.4454893127544424,1.3975184986434008,-0.04797081411104154,0.04797081411104154,0.22767395982997907,0.2106996081012729,False,
A,2,252,D13,11,half_shift,True,1.2322849843806423,2.190654399925317,0.9583694155446749,0.9583694155446749,0.7153049455144074,1.3398053816830096,True,
A,2,252,D13,11,eff_dim,True,1.5304887147371706,1.4408940255321574,-0.08959468920501323,0.08959468920501323,0.6348841607980678,0.14111974236747396,False,
A,2,252,D13,11,mean_position_shift,True,0.0,1.2904975414276123,1.2904975414276123,1.2904975414276123,1.5758018493652344,0.8189465838915289,False,
A,2,252,D13,12,traj_length,True,1.5679973970888126,4.266743428288605,2.698746031199793,2.698746031199793,3.452690189583998,0.7816357341707959,False,
A,2,252,D13,12,mean_step,True,0.7839986985444063,1.4222478094295352,0.6382491108851289,0.6382491108851289,1.1508967298613324,0.5545667950260224,False,
A,2,252,D13,12,spread_rms,True,0.4237150686022995,1.0857209387750728,0.6620058701727733,0.6620058701727733,0.4070690892455413,1.6262739855775585,True,
A,2,252,D13,12,half_shift,True,0.6164622779276616,1.2447162888670595,0.6282540109393979,0.6282540109393979,0.12757513581025282,4.924580381194524,True,
A,2,252,D13,12,eff_dim,True,1.833551946239268,1.8653565880665604,0.03180464182729237,0.03180464182729237,0.41883640093276786,0.07593571560748295,False,
A,2,252,D13,12,mean_position_shift,True,0.0,2.0722615718841553,2.0722615718841553,2.0722615718841553,0.9255622029304504,2.23892199284187,True,
A,2,252,D13,13,traj_length,True,13.841908723061966,12.747624636859618,-1.0942840862023484,1.0942840862023484,3.331831275605131,0.3284332235591982,False,
A,2,252,D13,13,mean_step,True,1.9774155318659952,2.5495249273719236,0.5721093955059284,0.5721093955059284,0.6663662551210263,0.8585509711952943,False,
A,2,252,D13,13,spread_rms,True,1.4239513844703493,1.7167411728360495,0.29278978836570024,0.29278978836570024,0.39315034362000834,0.7447272859277733,False,
A,2,252,D13,13,half_shift,True,1.120977530559433,1.1480519132059,0.027074382646467,0.027074382646467,0.3715234830430979,0.07287394709132367,False,
A,2,252,D13,13,eff_dim,True,2.068593534582162,2.233018971020113,0.16442543643795116,0.16442543643795116,0.070713388483028,2.325237694943937,True,
A,2,252,D13,13,mean_position_shift,True,0.0,1.3046903610229492,1.3046903610229492,1.3046903610229492,1.300278902053833,1.003392702105793,True,
A,2,651,D12,9,traj_length,True,4.945480268200118,5.826762280797412,0.8812820125972944,0.8812820125972944,3.152604399907256,0.27954094482112,False,
A,2,651,D12,9,mean_step,True,1.6484934227333727,1.456690570199353,-0.19180285253401963,0.19180285253401963,0.5653046099026343,0.3392911523701442,False,
A,2,651,D12,9,spread_rms,True,1.4592060343368964,1.1475004038564078,-0.3117056304804886,0.3117056304804886,0.33805175433681,0.9220648213821365,False,
A,2,651,D12,9,half_shift,True,1.5552720529017703,1.5396326343490825,-0.0156394185526878,0.0156394185526878,0.371977060033843,0.042044040434280824,False,
A,2,651,D12,9,eff_dim,True,1.090669666469455,2.0496084290544387,0.9589387625849837,0.9589387625849837,0.7364343424392379,1.3021374850726821,True,
A,2,651,D12,9,mean_position_shift,True,0.0,1.019789218902588,1.019789218902588,1.019789218902588,0.5323359370231628,1.91568734698859,True,
A,2,651,D12,10,traj_length,True,5.337907579115825,5.684612661498459,0.3467050823826341,0.3467050823826341,0.14940860907563636,2.3205160969480594,True,
A,2,651,D12,10,mean_step,True,1.3344768947789563,1.4211531653746148,0.08667627059565852,0.08667627059565852,0.03735215226890909,2.3205160969480594,True,
A,2,651,D12,10,spread_rms,True,0.8006719086651662,1.0970535233146776,0.2963816146495114,0.2963816146495114,0.03082082613480308,9.616277427256739,True,
A,2,651,D12,10,half_shift,True,0.6955340729991405,0.8662380787896885,0.170704005790548,0.170704005790548,0.23101553657396556,0.7389286812573004,False,
A,2,651,D12,10,eff_dim,True,2.072955945080026,1.8661161122823762,-0.20683983279764995,0.20683983279764995,0.5479973239047067,0.37744679357890093,False,
A,2,651,D12,10,mean_position_shift,True,0.0,2.5810112953186035,2.5810112953186035,2.5810112953186035,0.3028642237186432,8.52200786090974,True,
A,2,651,D12,11,traj_length,True,5.53623562028717,5.893952685054948,0.35771706476777876,0.35771706476777876,1.0683703684460708,0.33482495895882347,False,
A,2,651,D12,11,mean_step,True,1.3840589050717924,1.473488171263737,0.08942926619194469,0.08942926619194469,0.2670925921115177,0.33482495895882347,False,
A,2,651,D12,11,spread_rms,True,1.069465411882082,0.9955151285726161,-0.07395028330946596,0.07395028330946596,0.2546232323459078,0.29043022754892955,False,
A,2,651,D12,11,half_shift,True,0.5760790603744578,0.4250623647539717,-0.15101669562048609,0.15101669562048609,0.6641663181433723,0.22737782915978344,False,
A,2,651,D12,11,eff_dim,True,1.8690577980932714,2.208679228479775,0.3396214303865037,0.3396214303865037,0.4981434879500959,0.6817743051988407,False,
A,2,651,D12,11,mean_position_shift,True,0.0,1.631786584854126,1.631786584854126,1.631786584854126,0.966523289680481,1.6883054989741342,True,
A,2,651,D12,12,traj_length,True,3.5978383719586384,4.590501301796017,0.9926629298373788,0.9926629298373788,3.5232211253516272,0.28174868806689174,False,
A,2,651,D12,12,mean_step,True,1.7989191859793192,1.5301671005986723,-0.2687520853806469,0.2687520853806469,1.1744070417838757,0.22884066240987758,False,
A,2,651,D12,12,spread_rms,True,1.0332031803634447,0.8647417656413761,-0.16846141472206866,0.16846141472206866,0.7412564073593262,0.22726469956893944,False,
A,2,651,D12,12,half_shift,True,1.4669308301084516,0.3326783023847366,-1.134252527723715,1.134252527723715,0.8700642175757298,1.3036423114653493,True,
A,2,651,D12,12,eff_dim,True,1.9766733148016757,1.7227831859920781,-0.2538901288095976,0.2538901288095976,0.41332156961407684,0.6142677940729243,False,
A,2,651,D12,12,mean_position_shift,True,0.0,1.6671918630599976,1.6671918630599976,1.6671918630599976,0.7298026084899902,2.2844421815777385,True,
A,2,651,D12,13,traj_length,True,14.279130425332713,11.460506913038072,-2.818623512294641,2.818623512294641,3.089791255002469,0.9122375201661929,False,
A,2,651,D12,13,mean_step,True,2.3798550708887856,1.9100844855063455,-0.4697705853824401,0.4697705853824401,0.5149652091670782,0.9122375201661925,False,
A,2,651,D12,13,spread_rms,True,1.537161055650358,1.6308623104921003,0.09370125484174219,0.09370125484174219,0.015562415306275224,6.020996933808796,True,
A,2,651,D12,13,half_shift,True,1.210246222045798,1.802006466670753,0.591760244624955,0.591760244624955,0.908458031663503,0.6513897439393719,False,
A,2,651,D12,13,eff_dim,True,1.8706721899232186,1.9887041971082542,0.11803200718503559,0.11803200718503559,0.377739292134591,0.31246949852116523,False,
A,2,651,D12,13,mean_position_shift,True,0.0,2.5353281497955322,2.5353281497955322,2.5353281497955322,0.6551525592803955,3.8698286588092983,True,
A,2,651,D13,9,traj_length,True,4.945480268200118,2.4034937055524512,-2.5419865626476668,2.5419865626476668,1.2783972263635626,1.9884168318155853,True,
A,2,651,D13,9,mean_step,True,1.6484934227333727,0.8011645685174837,-0.847328854215889,0.847328854215889,0.4261324087878542,1.9884168318155855,True,
A,2,651,D13,9,spread_rms,True,1.4592060343368964,0.4522055886510414,-1.007000445685855,1.007000445685855,0.37080785303370006,2.7156934176211633,True,
A,2,651,D13,9,half_shift,True,1.5552720529017703,0.2009176502451198,-1.3543544026566505,1.3543544026566505,0.9070449366585349,1.493150281667367,True,
A,2,651,D13,9,eff_dim,True,1.090669666469455,2.0236208433532896,0.9329511768838346,0.9329511768838346,0.2994815364895316,3.1152210176951796,True,
A,2,651,D13,9,mean_position_shift,True,0.0,1.3778448104858398,1.3778448104858398,1.3778448104858398,0.6302943229675293,2.186033984882999,True,
A,2,651,D13,10,traj_length,True,5.337907579115825,5.5050555503305745,0.16714797121474945,0.16714797121474945,0.16247943224771255,1.0287331073382835,True,
A,2,651,D13,10,mean_step,True,1.3344768947789563,1.3762638875826436,0.04178699280368736,0.04178699280368736,0.04061985806192814,1.0287331073382835,True,
A,2,651,D13,10,spread_rms,True,0.8006719086651662,0.8132982726914132,0.01262636402624695,0.01262636402624695,0.2005817974523635,0.06294870315560716,False,
A,2,651,D13,10,half_shift,True,0.6955340729991405,0.8421280489187112,0.14659397591957068,0.14659397591957068,0.48901630334614865,0.29977318734873465,False,
A,2,651,D13,10,eff_dim,True,2.072955945080026,2.293953871161131,0.2209979260811048,0.2209979260811048,0.5504935504325845,0.40145416037561554,False,
A,2,651,D13,10,mean_position_shift,True,0.0,1.2115602493286133,1.2115602493286133,1.2115602493286133,0.3770518898963928,3.213245396174857,True,
A,2,651,D13,11,traj_length,True,5.53623562028717,4.165353953868135,-1.3708816664190344,1.3708816664190344,1.332573236013424,1.0287477110978271,True,
A,2,651,D13,11,mean_step,True,1.3840589050717924,1.0413384884670338,-0.3427204166047586,0.3427204166047586,0.333143309003356,1.0287477110978271,True,
A,2,651,D13,11,spread_rms,True,1.069465411882082,0.965454860454831,-0.10401055142725113,0.10401055142725113,0.1793614599826897,0.579893536979958,False,
A,2,651,D13,11,half_shift,True,0.5760790603744578,1.0691956846766746,0.4931166243022168,0.4931166243022168,0.14001285381153927,3.5219382426556627,True,
A,2,651,D13,11,eff_dim,True,1.8690577980932714,1.4153171229254469,-0.45374067516782457,0.45374067516782457,0.15514637933841224,2.924597255203133,True,
A,2,651,D13,11,mean_position_shift,True,0.0,1.4388625621795654,1.4388625621795654,1.4388625621795654,0.4101635217666626,3.5080217664946765,True,
A,2,651,D13,12,traj_length,True,3.5978383719586384,3.7262357945553433,0.12839742259670484,0.12839742259670484,1.8126654793576993,0.0708334902710241,False,
A,2,651,D13,12,mean_step,True,1.7989191859793192,1.2420785981851143,-0.5568405877942049,0.5568405877942049,0.6042218264525665,0.9215830402278902,False,
A,2,651,D13,12,spread_rms,True,1.0332031803634447,0.9500967102938939,-0.08310647006955085,0.08310647006955085,0.33044122150252886,0.25150152178854246,False,
A,2,651,D13,12,half_shift,True,1.4669308301084516,1.596892795041378,0.12996196493292644,0.12996196493292644,0.8489225907265706,0.1530904776861874,False,
A,2,651,D13,12,eff_dim,True,1.9766733148016757,1.7348384751022345,-0.2418348396994412,0.2418348396994412,0.5870023564513505,0.4119827408554602,False,
A,2,651,D13,12,mean_position_shift,True,0.0,0.89193195104599,0.89193195104599,0.89193195104599,0.842535674571991,1.0586281126898187,True,
A,2,651,D13,13,traj_length,True,14.279130425332713,12.315332519548889,-1.9637979057838244,1.9637979057838244,0.805523378131749,2.437915470980448,True,
A,2,651,D13,13,mean_step,True,2.3798550708887856,2.463066503909778,0.08321143302099232,0.08321143302099232,0.1611046756263499,0.51650538817374,False,
A,2,651,D13,13,spread_rms,True,1.537161055650358,1.6898858988763323,0.15272484322597424,0.15272484322597424,0.35191186614052494,0.43398605707995186,False,
A,2,651,D13,13,half_shift,True,1.210246222045798,1.6946358291445012,0.48438960709870327,0.48438960709870327,1.2005377540932989,0.4034771963206909,False,
A,2,651,D13,13,eff_dim,True,1.8706721899232186,1.830413307320815,-0.04025888260240351,0.04025888260240351,0.28118870442453137,0.14317389699133043,False,
A,2,651,D13,13,mean_position_shift,True,0.0,1.9661574363708496,1.9661574363708496,1.9661574363708496,0.9487178921699524,2.0724363402420516,True,
A,2,671,D12,9,traj_length,True,3.387071100611867,5.61193348799737,2.224862387385503,2.224862387385503,1.755620988333919,1.2672794425275657,True,
A,2,671,D12,9,mean_step,True,1.1290237002039556,1.8706444959991233,0.7416207957951677,0.7416207957951677,0.5852069961113062,1.2672794425275662,True,
A,2,671,D12,9,spread_rms,True,1.022930058136787,1.2021463526755538,0.17921629453876675,0.17921629453876675,0.1752845980803217,1.0224303589790782,True,
A,2,671,D12,9,half_shift,True,1.252878739416091,1.4510836563189877,0.19820491690289677,0.19820491690289677,0.3633211764840014,0.5455363731368534,False,
A,2,671,D12,9,eff_dim,True,1.2435755228160894,1.3697305504038055,0.12615502758771613,0.12615502758771613,0.35327126246926444,0.35710526439634177,False,
A,2,671,D12,9,mean_position_shift,True,0.0,1.9825568199157715,1.9825568199157715,1.9825568199157715,1.1853286027908325,1.672579920241426,True,
A,2,671,D12,10,traj_length,True,3.913980014649948,5.328211440424095,1.414231425774147,1.414231425774147,4.940117780397568,0.28627483971856504,False,
A,2,671,D12,10,mean_step,True,0.978495003662487,1.3320528601060238,0.35355785644353677,0.35355785644353677,1.235029445099392,0.28627483971856504,False,
A,2,671,D12,10,spread_rms,True,0.6748098279855871,1.0133259840627673,0.3385161560771802,0.3385161560771802,0.5059336563908525,0.669091988250064,False,
A,2,671,D12,10,half_shift,True,0.4340130235229686,1.534452391168272,1.1004393676453033,1.1004393676453033,0.0410559617547821,26.80340005717018,True,
A,2,671,D12,10,eff_dim,True,1.2976466318035187,1.5421130755130252,0.24446644370950654,0.24446644370950654,0.3226603958021963,0.7576586618314763,False,
A,2,671,D12,10,mean_position_shift,True,0.0,1.3609238862991333,1.3609238862991333,1.3609238862991333,1.8613356351852417,0.731154478844807,False,
A,2,671,D12,11,traj_length,True,11.109477415607083,10.262679011496537,-0.8467984041105456,0.8467984041105456,4.652098261758789,0.18202504686356344,False,
A,2,671,D12,11,mean_step,True,2.7773693539017708,2.5656697528741343,-0.2116996010276364,0.2116996010276364,1.1630245654396973,0.18202504686356344,False,
A,2,671,D12,11,spread_rms,True,1.5826246046300205,1.7832955803033972,0.20067097567337666,0.20067097567337666,0.7738805659255121,0.2593048391561389,False,
A,2,671,D12,11,half_shift,True,0.6283640611282504,0.6146441823023676,-0.01371987882588277,0.01371987882588277,0.6581172702236278,0.020847164246610282,False,
A,2,671,D12,11,eff_dim,True,1.415416730055564,1.2513463104139395,-0.1640704196416245,0.1640704196416245,0.8564171664702818,0.19157768674563094,False,
A,2,671,D12,11,mean_position_shift,True,0.0,1.2612539529800415,1.2612539529800415,1.2612539529800415,0.8668159246444702,1.4550424341792665,True,
A,2,671,D12,12,traj_length,True,2.4047824615290687,9.200273085212292,6.795490623683223,6.795490623683223,4.793895443130184,1.4175300033757294,True,
A,2,671,D12,12,mean_step,True,0.8015941538430229,2.300068271303073,1.49847411746005,1.49847411746005,0.8312757239423705,1.8026198459801697,True,
A,2,671,D12,12,spread_rms,True,0.5413461550879608,1.6159185568528527,1.0745724017648919,1.0745724017648919,0.1400841046462371,7.670908876339502,True,
A,2,671,D12,12,half_shift,True,0.5861269025821919,1.9198064305506883,1.3336795279684965,1.3336795279684965,0.7298831778960864,1.8272506729266924,True,
A,2,671,D12,12,eff_dim,True,2.554539398648037,1.5171087594857209,-1.037430639162316,1.037430639162316,0.2745705015657911,3.778376166580781,True,
A,2,671,D12,12,mean_position_shift,True,0.0,1.029664397239685,1.029664397239685,1.029664397239685,1.0442159175872803,0.9860646441961761,False,
A,2,671,D12,13,traj_length,True,9.82427127162963,15.658691378318169,5.834420106688539,5.834420106688539,4.155852842736227,1.403904403613853,True,
A,2,671,D12,13,mean_step,True,1.964854254325926,2.2369559111883097,0.27210165686238375,0.27210165686238375,0.06361179592807886,4.277534581322447,True,
A,2,671,D12,13,spread_rms,True,1.2764360135834787,1.7209664796805542,0.44453046609707547,0.44453046609707547,0.15324005417311604,2.9008764614171123,True,
A,2,671,D12,13,half_shift,True,1.2588482086995183,1.1598814424518578,-0.09896676624766054,0.09896676624766054,0.2580523569966795,0.38351428911356156,False,
A,2,671,D12,13,eff_dim,True,2.0601714049791324,2.9053995450696632,0.8452281400905308,0.8452281400905308,1.7062976262493743,0.49535797687794547,False,
A,2,671,D12,13,mean_position_shift,True,0.0,1.0409302711486816,1.0409302711486816,1.0409302711486816,0.5242990255355835,1.9853751780014228,True,
A,2,671,D13,9,traj_length,True,3.387071100611867,5.404029231797848,2.016958131185981,2.016958131185981,0.8938296267932682,2.2565353292462285,True,
A,2,671,D13,9,mean_step,True,1.1290237002039556,1.351007307949462,0.2219836077455064,0.2219836077455064,0.22345740669831704,0.9934045643212875,False,
A,2,671,D13,9,spread_rms,True,1.022930058136787,1.029049563751181,0.006119505614393894,0.006119505614393894,0.019853538122706738,0.3082324962216654,False,
A,2,671,D13,9,half_shift,True,1.252878739416091,0.9028200929783123,-0.3500586464377786,0.3500586464377786,0.4334061522111894,0.8076919181968665,False,
A,2,671,D13,9,eff_dim,True,1.2435755228160894,1.9244213409438862,0.6808458181277968,0.6808458181277968,0.44160203679355936,1.541763310403569,True,
A,2,671,D13,9,mean_position_shift,True,0.0,3.3158676624298096,3.3158676624298096,3.3158676624298096,1.766522765159607,1.877059117395647,True,
A,2,671,D13,10,traj_length,True,3.913980014649948,4.388889109924488,0.47490909527454006,0.47490909527454006,3.188853514128777,0.14892784920046395,False,
A,2,671,D13,10,mean_step,True,0.978495003662487,1.097222277481122,0.11872727381863502,0.11872727381863502,0.7972133785321942,0.14892784920046395,False,
A,2,671,D13,10,spread_rms,True,0.6748098279855871,0.8376501606290517,0.16284033264346465,0.16284033264346465,0.5133733476930352,0.31719670172833525,False,
A,2,671,D13,10,half_shift,True,0.4340130235229686,0.7398603508453091,0.3058473273223405,0.3058473273223405,0.3448961138058718,0.8867810192100039,False,
A,2,671,D13,10,eff_dim,True,1.2976466318035187,1.7541315811529345,0.45648494934941586,0.45648494934941586,0.18442134177833935,2.475228435861163,True,
A,2,671,D13,10,mean_position_shift,True,0.0,1.6211013793945312,1.6211013793945312,1.6211013793945312,1.4861586093902588,1.0907997095004798,True,
A,2,671,D13,11,traj_length,True,11.109477415607083,5.98435835869923,-5.125119056907853,5.125119056907853,5.688462494727555,0.9009673636168216,False,
A,2,671,D13,11,mean_step,True,2.7773693539017708,1.4960895896748074,-1.2812797642269633,1.2812797642269633,1.4221156236818888,0.9009673636168216,False,
A,2,671,D13,11,spread_rms,True,1.5826246046300205,0.8907194287956146,-0.6919051758344059,0.6919051758344059,0.6593682436086841,1.0493456161122487,True,
A,2,671,D13,11,half_shift,True,0.6283640611282504,0.8970959598626339,0.2687318987343835,0.2687318987343835,0.20135138023453703,1.3346414532711952,True,
A,2,671,D13,11,eff_dim,True,1.415416730055564,2.3266094273947076,0.9111926973391435,0.9111926973391435,0.5974015968417152,1.5252598957825836,True,
A,2,671,D13,11,mean_position_shift,True,0.0,1.6279629468917847,1.6279629468917847,1.6279629468917847,2.2692301273345947,0.7174076032579237,False,
A,2,671,D13,12,traj_length,True,2.4047824615290687,6.42418861686164,4.019406155332572,4.019406155332572,2.679974378435544,1.4997927546154124,True,
A,2,671,D13,12,mean_step,True,0.8015941538430229,2.1413962056205467,1.3398020517775238,1.3398020517775238,0.1346445432037493,9.950659862613843,True,
A,2,671,D13,12,spread_rms,True,0.5413461550879608,1.3128493509770403,0.7715031958890795,0.7715031958890795,0.07382323767465193,10.45068219967795,True,
A,2,671,D13,12,half_shift,True,0.5861269025821919,1.504905404529276,0.9187785019470841,0.9187785019470841,0.482700544587358,1.9034130212811595,True,
A,2,671,D13,12,eff_dim,True,2.554539398648037,1.5411095053239567,-1.0134298933240802,1.0134298933240802,0.05124064859532007,19.777850614807384,True,
A,2,671,D13,12,mean_position_shift,True,0.0,2.123642683029175,2.123642683029175,2.123642683029175,2.081367254257202,1.0203113740189307,True,
A,2,671,D13,13,traj_length,True,9.82427127162963,16.318744661125358,6.494473389495727,6.494473389495727,7.750489445193253,0.8379436467104037,False,
A,2,671,D13,13,mean_step,True,1.964854254325926,2.0398430826406697,0.07498882831474374,0.07498882831474374,0.6118005466519856,0.12257071152536925,False,
A,2,671,D13,13,spread_rms,True,1.2764360135834787,1.3956095601207827,0.11917354653730405,0.11917354653730405,0.04961210271656147,2.4021063412319683,True,
A,2,671,D13,13,half_shift,True,1.2588482086995183,0.583787493037352,-0.6750607156621663,0.6750607156621663,0.5828872874688541,1.158132507218623,True,
A,2,671,D13,13,eff_dim,True,2.0601714049791324,2.3230685489708987,0.2628971439917662,0.2628971439917662,0.730344456142864,0.35996322253227375,False,
A,2,671,D13,13,mean_position_shift,True,0.0,2.5609936714172363,2.5609936714172363,2.5609936714172363,1.9713554382324219,1.2991029530998743,True,
A,2,790,D12,9,traj_length,True,2.0771765709526555,4.483257101437034,2.4060805304843784,2.4060805304843784,2.5258053316361213,0.9525993552819886,False,
A,2,790,D12,9,mean_step,True,0.6923921903175518,1.4944190338123446,0.8020268434947928,0.8020268434947928,0.25784657445594417,3.1104808942568583,True,
A,2,790,D12,9,spread_rms,True,0.6405270790993473,0.9704668365344128,0.32993975743506554,0.32993975743506554,0.1654118340670515,1.9946563031356077,True,
A,2,790,D12,9,half_shift,True,0.9746533937976739,1.3824094503859512,0.4077560565882773,0.4077560565882773,0.14341094051291559,2.8432702214344294,True,
A,2,790,D12,9,eff_dim,True,1.2377470585147972,1.9876174659323538,0.7498704074175566,0.7498704074175566,0.1279343532966961,5.861368648016779,True,
A,2,790,D12,9,mean_position_shift,True,0.0,1.773205280303955,1.773205280303955,1.773205280303955,1.5072838068008423,1.1764242887127687,True,
A,2,790,D12,10,traj_length,True,7.0396474148921095,9.201592367504347,2.161944952612237,2.161944952612237,4.121346099505259,0.5245725305311691,False,
A,2,790,D12,10,mean_step,True,1.7599118537230274,2.3003980918760867,0.5404862381530593,0.5404862381530593,1.0303365248763148,0.5245725305311691,False,
A,2,790,D12,10,spread_rms,True,1.1851684841355024,1.6862559171456697,0.5010874330101673,0.5010874330101673,0.8646045531506115,0.5795567825593898,False,
A,2,790,D12,10,half_shift,True,1.1939781350160086,2.0532338916207147,0.8592557566047061,0.8592557566047061,1.637157893815727,0.5248459906344385,False,
A,2,790,D12,10,eff_dim,True,1.836667583949874,1.281933590339364,-0.55473399361051,0.55473399361051,1.0187659207239146,0.5445156559775058,False,
A,2,790,D12,10,mean_position_shift,True,0.0,0.6119666695594788,0.6119666695594788,0.6119666695594788,1.2342798709869385,0.4958086767388875,False,
A,2,790,D12,11,traj_length,True,8.209884875635122,10.776783933112528,2.5668990574774053,2.5668990574774053,5.531654867721729,0.4640381800491125,False,
A,2,790,D12,11,mean_step,True,2.0524712189087806,2.694195983278132,0.6417247643693513,0.6417247643693513,0.9458196281478657,0.6784853530963375,False,
A,2,790,D12,11,spread_rms,True,1.8169877634216982,1.9697764621382299,0.15278869871653167,0.15278869871653167,0.6618048240810013,0.23086670443766844,False,
A,2,790,D12,11,half_shift,True,1.7903247383182324,2.3269078619950667,0.5365831236768344,0.5365831236768344,0.7704646512133966,0.6964409370783919,False,
A,2,790,D12,11,eff_dim,True,1.8457662075152308,1.31842398664993,-0.5273422208653007,0.5273422208653007,0.4557801562419346,1.15701004890915,True,
A,2,790,D12,11,mean_position_shift,True,0.0,2.624023914337158,2.624023914337158,2.624023914337158,1.3744416236877441,1.909156321457057,True,
A,2,790,D12,12,traj_length,True,10.761390166842604,4.596686121950172,-6.164704044892432,6.164704044892432,0.5422738430460443,11.368248946444185,True,
A,2,790,D12,12,mean_step,True,2.690347541710651,1.532228707316724,-1.158118834393927,1.158118834393927,0.1807579476820147,6.407014735702043,True,
A,2,790,D12,12,spread_rms,True,1.979257432620975,1.1704243912807573,-0.8088330413402178,0.8088330413402178,0.23084498449506397,3.503793002518158,True,
A,2,790,D12,12,half_shift,True,2.4522920937994326,1.4390164770243,-1.0132756167751327,1.0132756167751327,0.7103762592740107,1.4263928496296858,True,
A,2,790,D12,12,eff_dim,True,2.128046978255616,1.1251834714824414,-1.0028635067731746,1.0028635067731746,0.497182489064087,2.0170933788537053,True,
A,2,790,D12,12,mean_position_shift,True,0.0,1.7307013273239136,1.7307013273239136,1.7307013273239136,0.64064621925354,2.701493078879744,True,
A,2,790,D12,13,traj_length,True,18.598571505603076,11.659884054274261,-6.938687451328814,6.938687451328814,3.0548122985073665,2.271395677802913,True,
A,2,790,D12,13,mean_step,True,3.0997619176005125,1.6656977220391802,-1.4340641955613322,1.4340641955613322,0.23151909607803112,6.1941508059360935,True,
A,2,790,D12,13,spread_rms,True,2.3230744156311336,1.6838101499469322,-0.6392642656842014,0.6392642656842014,0.45265410571754083,1.412257742964352,True,
A,2,790,D12,13,half_shift,True,2.33499218127774,0.8599286251384893,-1.4750635561392507,1.4750635561392507,0.027034062993694596,54.56314711123124,True,
A,2,790,D12,13,eff_dim,True,1.35731521024626,1.4511727950516267,0.09385758480536666,0.09385758480536666,0.2002657133908372,0.4686652708354267,False,
A,2,790,D12,13,mean_position_shift,True,0.0,1.8252562284469604,1.8252562284469604,1.8252562284469604,0.22375047206878662,8.15755252523369,True,
A,2,790,D13,9,traj_length,True,2.0771765709526555,3.169116271060277,1.0919397001076216,1.0919397001076216,0.2180401009738171,5.007976492538614,True,
A,2,790,D13,9,mean_step,True,0.6923921903175518,1.0563720903534257,0.3639799000358739,0.3639799000358739,0.07268003365793907,5.007976492538611,True,
A,2,790,D13,9,spread_rms,True,0.6405270790993473,0.8635184486162923,0.2229913695169451,0.2229913695169451,0.023423088751558963,9.520152183264196,True,
A,2,790,D13,9,half_shift,True,0.9746533937976739,1.2130939321843826,0.23844053838670864,0.23844053838670864,0.04727654443047147,5.043527213317752,True,
A,2,790,D13,9,eff_dim,True,1.2377470585147972,1.5650334699832102,0.3272864114684131,0.3272864114684131,0.14343202972901747,2.281822352278965,True,
A,2,790,D13,9,mean_position_shift,True,0.0,0.6950362920761108,0.6950362920761108,0.6950362920761108,2.200533390045166,0.31584900970843494,False,
A,2,790,D13,10,traj_length,True,7.0396474148921095,4.320772705235116,-2.718874709656993,2.718874709656993,4.353333618917519,0.6245500454736701,False,
A,2,790,D13,10,mean_step,True,1.7599118537230274,1.080193176308779,-0.6797186774142483,0.6797186774142483,1.0883334047293798,0.6245500454736701,False,
A,2,790,D13,10,spread_rms,True,1.1851684841355024,0.8727809191258163,-0.312387565009686,0.312387565009686,0.5202653059251939,0.6004389711402407,False,
A,2,790,D13,10,half_shift,True,1.1939781350160086,1.1005823130493628,-0.09339582196664575,0.09339582196664575,0.1842875587860393,0.5067939614690959,False,
A,2,790,D13,10,eff_dim,True,1.836667583949874,2.0696707188442,0.233003134894326,0.233003134894326,0.5341233488334209,0.43623469261028985,False,
A,2,790,D13,10,mean_position_shift,True,0.0,0.7744103074073792,0.7744103074073792,0.7744103074073792,0.8027854561805725,0.9646541319916353,False,
A,2,790,D13,11,traj_length,True,8.209884875635122,7.265006222325877,-0.944878653309245,0.944878653309245,0.8371286584582665,1.1287137810446257,True,
A,2,790,D13,11,mean_step,True,2.0524712189087806,1.8162515555814693,-0.23621966332731126,0.23621966332731126,0.2092821646145666,1.1287137810446257,True,
A,2,790,D13,11,spread_rms,True,1.8169877634216982,1.2159596427715127,-0.6010281206501855,0.6010281206501855,0.0492929062154801,12.19299422157902,True,
A,2,790,D13,11,half_shift,True,1.7903247383182324,1.0055315770805622,-0.7847931612376702,0.7847931612376702,0.04461690617099345,17.58959167249215,True,
A,2,790,D13,11,eff_dim,True,1.8457662075152308,1.694089861311325,-0.1516763462039057,0.1516763462039057,0.2986914188288843,0.5078028247299556,False,
A,2,790,D13,11,mean_position_shift,True,0.0,4.400418758392334,4.400418758392334,4.400418758392334,1.3846406936645508,3.178022124097993,True,
A,2,790,D13,12,traj_length,True,10.761390166842604,7.023089524964649,-3.738300641877955,3.738300641877955,1.5306871253710304,2.4422369404667275,True,
A,2,790,D13,12,mean_step,True,2.690347541710651,1.7557723812411623,-0.9345751604694887,0.9345751604694887,1.095486502204064,0.8531142634703123,False,
A,2,790,D13,12,spread_rms,True,1.979257432620975,1.648983325115222,-0.33027410750575315,0.33027410750575315,0.20122183235761715,1.6413433057243045,True,
A,2,790,D13,12,half_shift,True,2.4522920937994326,2.4253985580823856,-0.026893535717047,0.026893535717047,0.5999986513210125,0.04482266028071181,False,
A,2,790,D13,12,eff_dim,True,2.128046978255616,1.7971520275679733,-0.33089495068764263,0.33089495068764263,0.11316376492798907,2.9240362486897213,True,
A,2,790,D13,12,mean_position_shift,True,0.0,2.2931199073791504,2.2931199073791504,2.2931199073791504,1.9134135246276855,1.1984444961134832,True,
A,2,790,D13,13,traj_length,True,18.598571505603076,10.639259781908928,-7.959311723694148,7.959311723694148,6.524793871924013,1.2198564245750079,True,
A,2,790,D13,13,mean_step,True,3.0997619176005125,2.1278519563817855,-0.971909961218727,0.971909961218727,0.017654750347332104,55.05090370001165,True,
A,2,790,D13,13,spread_rms,True,2.3230744156311336,1.896502776985824,-0.42657163864530956,0.42657163864530956,0.028479776518399502,14.978054282473769,True,
A,2,790,D13,13,half_shift,True,2.33499218127774,2.931237072850843,0.5962448915731029,0.5962448915731029,0.7029156628639481,0.8482452775967069,False,
A,2,790,D13,13,eff_dim,True,1.35731521024626,1.6583170321693022,0.30100182192304215,0.30100182192304215,0.15527076154015562,1.9385608657892621,True,
A,2,790,D13,13,mean_position_shift,True,0.0,2.56819486618042,2.56819486618042,2.56819486618042,0.8023141622543335,3.2009840870368462,True,
B,0,252,D12,9,traj_length,True,6.8667722000327895,10.950644665212728,4.0838724651799385,4.0838724651799385,2.4434912768960633,1.6713268034939053,True,
B,0,252,D12,9,mean_step,True,2.2889240666775965,3.6502148884042427,1.3612908217266462,1.3612908217266462,0.814497092298688,1.6713268034939046,True,
B,0,252,D12,9,spread_rms,True,1.7580820912297475,2.0854378913878406,0.3273558001580932,0.3273558001580932,0.9738566845302565,0.3361437112443239,False,
B,0,252,D12,9,half_shift,True,1.8992236683350374,1.5336942860074334,-0.365529382327604,0.365529382327604,1.2174663654428373,0.3002377664820724,False,
B,0,252,D12,9,eff_dim,True,1.0851530272580077,1.7348576779904623,0.6497046507324546,0.6497046507324546,0.06609302202103606,9.830154997688968,True,
B,0,252,D12,9,mean_position_shift,True,0.0,5.927120208740234,5.927120208740234,5.927120208740234,6.065103054046631,0.9772497113277681,False,
B,0,252,D12,10,traj_length,True,7.199979923528926,13.32335992340151,6.123379999872584,6.123379999872584,0.5219230062251228,11.73234351970943,True,
B,0,252,D12,10,mean_step,True,1.7999949808822315,2.664671984680302,0.8646770037980704,0.8646770037980704,0.7966487477263562,1.0853930371018188,True,
B,0,252,D12,10,spread_rms,True,1.191870758809568,2.861920380206235,1.670049621396667,1.670049621396667,0.012836382008252212,130.10282962310023,True,
B,0,252,D12,10,half_shift,True,0.6115447173219491,4.994526661283107,4.382981943961158,4.382981943961158,0.4251634283687924,10.308934521431372,True,
B,0,252,D12,10,eff_dim,True,1.6683008711915983,1.3375071077101497,-0.3307937634814486,0.3307937634814486,0.08908697961659207,3.713154996443944,True,
B,0,252,D12,10,mean_position_shift,True,0.0,4.1243205070495605,4.1243205070495605,4.1243205070495605,3.431352376937866,1.2019518994228444,True,
B,0,252,D12,11,traj_length,True,14.256822996565543,8.945446869704416,-5.311376126861127,5.311376126861127,2.6754075016670944,1.9852587404167452,True,
B,0,252,D12,11,mean_step,True,3.5642057491413857,2.236361717426104,-1.3278440317152818,1.3278440317152818,0.14634859474699669,9.07315874136558,True,
B,0,252,D12,11,spread_rms,True,2.234264062560284,1.6243596233104152,-0.6099044392498689,0.6099044392498689,0.1632665036865899,3.735637289205723,True,
B,0,252,D12,11,half_shift,True,0.9034469761256375,2.2312512125732713,1.327804236447634,1.327804236447634,0.2723510378525864,4.8753412027250125,True,
B,0,252,D12,11,eff_dim,True,2.2724083117081793,1.9964733056079023,-0.275935006100277,0.275935006100277,0.02659124413308711,10.376912216639573,True,
B,0,252,D12,11,mean_position_shift,True,0.0,2.16886305809021,2.16886305809021,2.16886305809021,4.4224162101745605,0.4904249068869529,False,
B,0,252,D12,12,traj_length,True,6.917404103719597,4.815740905272354,-2.101663198447243,2.101663198447243,6.761219267463335,0.3108408580329539,False,
B,0,252,D12,12,mean_step,True,2.305801367906532,1.605246968424118,-0.7005543994824142,0.7005543994824142,2.2537397558211114,0.31084085803295386,False,
B,0,252,D12,12,spread_rms,True,2.3835655953459334,1.5617240049802925,-0.8218415903656409,0.8218415903656409,0.9577459391063412,0.858099791195658,False,
B,0,252,D12,12,half_shift,True,4.040372216279577,2.9728658892044795,-1.0675063270750975,1.0675063270750975,0.5876121231499924,1.816685335477002,True,
B,0,252,D12,12,eff_dim,True,1.0822360870403258,1.1234467091778406,0.04121062213751481,0.04121062213751481,0.08004063139976902,0.5148712774601342,False,
B,0,252,D12,12,mean_position_shift,True,0.0,1.8823083639144897,1.8823083639144897,1.8823083639144897,2.6001720428466797,0.7239168535377876,False,
B,0,252,D12,13,traj_length,True,9.464972460893383,10.897019016252193,1.4320465553588093,1.4320465553588093,17.05968094254885,0.08394333752087454,False,
B,0,252,D12,13,mean_step,True,2.366243115223346,2.1794038032504384,-0.18683931197290748,0.18683931197290748,1.8144104765782827,0.10297521668043913,False,
B,0,252,D12,13,spread_rms,True,1.526603345311095,1.646967681728824,0.12036433641772892,0.12036433641772892,1.4622961883461747,0.08231187181979759,False,
B,0,252,D12,13,half_shift,True,1.3845580264788526,1.2352700957788654,-0.14928793069998725,0.14928793069998725,1.056041595821023,0.14136557810861877,False,
B,0,252,D12,13,eff_dim,True,1.4673392661045124,1.9995185666347435,0.5321793005302311,0.5321793005302311,0.7752453360793945,0.6864656590152378,False,
B,0,252,D12,13,mean_position_shift,True,0.0,0.4879809319972992,0.4879809319972992,0.4879809319972992,2.117140054702759,0.23049062385521327,False,
B,0,252,D13,9,traj_length,True,6.8667722000327895,7.483745910340229,0.6169737103074393,0.6169737103074393,3.346588952990384,0.18435897535493123,False,
B,0,252,D13,9,mean_step,True,2.2889240666775965,1.8709364775850572,-0.4179875890925393,0.4179875890925393,0.49188415846844236,0.8497683486982148,False,
B,0,252,D13,9,spread_rms,True,1.7580820912297475,1.494474713241867,-0.2636073779878805,0.2636073779878805,0.5732085431886661,0.4598804067390123,False,
B,0,252,D13,9,half_shift,True,1.8992236683350374,1.4693685808733725,-0.4298550874616649,0.4298550874616649,0.6195503483692927,0.6938178448177436,False,
B,0,252,D13,9,eff_dim,True,1.0851530272580077,1.3788868517526784,0.2937338244946708,0.2937338244946708,0.5943999373282489,0.49416866666400816,False,
B,0,252,D13,9,mean_position_shift,True,0.0,3.173797130584717,3.173797130584717,3.173797130584717,0.9020200371742249,3.5185439344865674,True,
B,0,252,D13,10,traj_length,True,7.199979923528926,5.21587451698759,-1.9841054065413362,1.9841054065413362,6.447862247033571,0.3077152287882936,False,
B,0,252,D13,10,mean_step,True,1.7999949808822315,1.3039686292468975,-0.49602635163533404,0.49602635163533404,1.6119655617583928,0.3077152287882936,False,
B,0,252,D13,10,spread_rms,True,1.191870758809568,1.105964894019719,-0.08590586478984896,0.08590586478984896,1.4640965279888125,0.058675000689917205,False,
B,0,252,D13,10,half_shift,True,0.6115447173219491,1.2289883133788064,0.6174435960568573,0.6174435960568573,0.3087889156297208,1.9995652849056758,True,
B,0,252,D13,10,eff_dim,True,1.6683008711915983,1.8796419872515853,0.21134111605998696,0.21134111605998696,0.7934776735840463,0.26634790504612904,False,
B,0,252,D13,10,mean_position_shift,True,0.0,4.639667510986328,4.639667510986328,4.639667510986328,2.056957483291626,2.2555971859767103,True,
B,0,252,D13,11,traj_length,True,14.256822996565543,20.31860523982609,6.061782243260549,6.061782243260549,10.498365640908814,0.5774024691652668,False,
B,0,252,D13,11,mean_step,True,3.5642057491413857,5.079651309956523,1.5154455608151371,1.5154455608151371,2.6245914102272034,0.5774024691652668,False,
B,0,252,D13,11,spread_rms,True,2.234264062560284,3.207446430264963,0.9731823677046787,0.9731823677046787,1.222153479456841,0.7962849053436301,False,
B,0,252,D13,11,half_shift,True,0.9034469761256375,1.3320011570098111,0.42855418088417363,0.42855418088417363,1.6364004441092626,0.2618883308342338,False,
B,0,252,D13,11,eff_dim,True,2.2724083117081793,1.2706902692393687,-1.0017180424688106,1.0017180424688106,0.1049738978284207,9.542544034195183,True,
B,0,252,D13,11,mean_position_shift,True,0.0,3.987267017364502,3.987267017364502,3.987267017364502,1.7098708152770996,2.331911265891938,True,
B,0,252,D13,12,traj_length,True,6.917404103719597,13.741499156355948,6.824095052636351,6.824095052636351,6.307100287047746,1.081970278267226,True,
B,0,252,D13,12,mean_step,True,2.305801367906532,4.580499718785316,2.274698350878784,2.274698350878784,2.102366762349249,1.081970278267226,True,
B,0,252,D13,12,spread_rms,True,2.3835655953459334,2.3407960054175216,-0.04276958992841173,0.04276958992841173,0.14981972772632268,0.28547368612589796,False,
B,0,252,D13,12,half_shift,True,4.040372216279577,0.7284389935474055,-3.3119332227321716,3.3119332227321716,2.8781556337446466,1.1507137362211213,True,
B,0,252,D13,12,eff_dim,True,1.0822360870403258,1.1176760827419416,0.03543999570161582,0.03543999570161582,0.0857294491952505,0.41339348420285005,False,
B,0,252,D13,12,mean_position_shift,True,0.0,4.19553279876709,4.19553279876709,4.19553279876709,1.241750717163086,3.378723878132512,True,
B,0,252,D13,13,traj_length,True,9.464972460893383,18.931921889345418,9.466949428452034,9.466949428452034,0.8093900805002185,11.696399123894968,True,
B,0,252,D13,13,mean_step,True,2.366243115223346,3.7863843778690836,1.4201412626457377,1.4201412626457377,0.1618780161000437,8.772909977893868,True,
B,0,252,D13,13,spread_rms,True,1.526603345311095,2.6860313031132153,1.1594279578021203,1.1594279578021203,0.31643394686583637,3.664044168730423,True,
B,0,252,D13,13,half_shift,True,1.3845580264788526,2.7126281664407594,1.3280701399619068,1.3280701399619068,1.599699366747051,0.8301998285230959,False,
B,0,252,D13,13,eff_dim,True,1.4673392661045124,1.4150796926969396,-0.05225957340757281,0.05225957340757281,0.4178969626152398,0.12505372874817594,False,
B,0,252,D13,13,mean_position_shift,True,0.0,3.5051097869873047,3.5051097869873047,3.5051097869873047,1.25014328956604,2.8037664292099085,True,
B,0,651,D12,9,traj_length,True,7.878867882400399,5.424114576164095,-2.454753306236303,2.454753306236303,7.322640800174826,0.3352278738262973,False,
B,0,651,D12,9,mean_step,True,2.6262892941334663,1.8080381920546984,-0.818251102078768,0.818251102078768,1.378650652030032,0.5935159141831265,False,
B,0,651,D12,9,spread_rms,True,2.252080119808757,1.9370442132558923,-0.31503590655286473,0.31503590655286473,0.4247060848788382,0.7417739414841192,False,
B,0,651,D12,9,half_shift,True,4.033778878268485,3.024921741869313,-1.0088571363991723,1.0088571363991723,0.26242872717584875,3.8443090710993517,True,
B,0,651,D12,9,eff_dim,True,1.3623331297317989,1.0661590846379632,-0.2961740450938357,0.2961740450938357,0.8886287915824447,0.3332933255138149,False,
B,0,651,D12,9,mean_position_shift,True,0.0,1.7295221090316772,1.7295221090316772,1.7295221090316772,0.5684570670127869,3.042485016714153,True,
B,0,651,D12,10,traj_length,True,10.03534992405621,16.097021324428916,6.061671400372706,6.061671400372706,5.296226132120648,1.1445265457246572,True,
B,0,651,D12,10,mean_step,True,2.5088374810140524,4.024255331107229,1.5154178500931765,1.5154178500931765,1.324056533030162,1.1445265457246572,True,
B,0,651,D12,10,spread_rms,True,2.695734175479431,2.7942302951014226,0.09849611962199178,0.09849611962199178,0.29874008286671483,0.3297050689576751,False,
B,0,651,D12,10,half_shift,True,3.763641287664744,2.574070507305509,-1.1895707803592348,1.1895707803592348,0.27552794346681164,4.317423363276847,True,
B,0,651,D12,10,eff_dim,True,1.1878984949236322,1.058509449663498,-0.12938904526013428,0.12938904526013428,0.3048952586814666,0.4243721132945231,False,
B,0,651,D12,10,mean_position_shift,True,0.0,2.085754632949829,2.085754632949829,2.085754632949829,0.33531510829925537,6.220282299622409,True,
B,0,651,D12,11,traj_length,True,4.712117014809745,9.558789897172076,4.8466728823623315,4.8466728823623315,3.6945450450655244,1.311845659815571,True,
B,0,651,D12,11,mean_step,True,1.1780292537024362,2.389697474293019,1.2116682205905829,1.2116682205905829,0.9236362612663811,1.311845659815571,True,
B,0,651,D12,11,spread_rms,True,0.8197573116944595,1.8292536875690866,1.009496375874627,1.009496375874627,0.504381211116685,2.0014551565860907,True,
B,0,651,D12,11,half_shift,True,0.5103429652522584,0.8606926405643768,0.35034967531211836,0.35034967531211836,1.1288009455647896,0.3103733007034493,False,
B,0,651,D12,11,eff_dim,True,2.014731011732548,1.1878029600855524,-0.8269280516469957,0.8269280516469957,0.33435262143674427,2.473221379553147,True,
B,0,651,D12,11,mean_position_shift,True,0.0,5.326500415802002,5.326500415802002,5.326500415802002,2.0899271965026855,2.5486535725815926,True,
B,0,651,D12,12,traj_length,True,4.583870525843341,12.234899911308318,7.651029385464977,7.651029385464977,3.4307934978700416,2.2301048985358656,True,
B,0,651,D12,12,mean_step,True,1.5279568419477805,4.078299970436106,2.5503431284883256,2.5503431284883256,1.1435978326233474,2.230104898535865,True,
B,0,651,D12,12,spread_rms,True,1.4503626942754329,2.955338529330766,1.5049758350553333,1.5049758350553333,1.3387231213462454,1.1241875269487398,True,
B,0,651,D12,12,half_shift,True,2.6566965318563307,2.8036664312210013,0.14696989936467064,0.14696989936467064,2.099821775783032,0.06999160645901245,False,
B,0,651,D12,12,eff_dim,True,1.3113122546917946,1.5910844046339476,0.27977214994215305,0.27977214994215305,0.5040884843058069,0.5550060329734261,False,
B,0,651,D12,12,mean_position_shift,True,0.0,3.396770477294922,3.396770477294922,3.396770477294922,1.490414023399353,2.2790784466369485,True,
B,0,651,D12,13,traj_length,True,17.461781591641294,22.991781569171632,5.529999977530338,5.529999977530338,6.881925402109765,0.8035541878781521,False,
B,0,651,D12,13,mean_step,True,3.492356318328259,3.831963594861939,0.33960727653367995,0.33960727653367995,1.1469875670182943,0.2960862752998466,False,
B,0,651,D12,13,spread_rms,True,2.218399968421112,2.213962625763196,-0.004437342657916066,0.004437342657916066,0.08250636271431278,0.053781823751955296,False,
B,0,651,D12,13,half_shift,True,0.7119614984926799,1.4338445953715844,0.7218830968789045,0.7218830968789045,1.5925105025226751,0.4532987981777068,False,
B,0,651,D12,13,eff_dim,True,1.4192734608009954,1.8372415797953496,0.41796811899435427,0.41796811899435427,0.04709104516109219,8.87574522002094,True,
B,0,651,D12,13,mean_position_shift,True,0.0,2.2073354721069336,2.2073354721069336,2.2073354721069336,3.072483539581299,0.7184206013379447,False,
B,0,651,D13,9,traj_length,True,7.878867882400399,5.4993750599523334,-2.379492822448065,2.379492822448065,1.0681828331519192,2.2276081852268907,True,
B,0,651,D13,9,mean_step,True,2.6262892941334663,1.8331250199841111,-0.7931642741493552,0.7931642741493552,0.35606094438397307,2.227608185226891,True,
B,0,651,D13,9,spread_rms,True,2.252080119808757,1.6617150981746143,-0.5903650216341427,0.5903650216341427,0.44044205569964,1.3403920311296134,True,
B,0,651,D13,9,half_shift,True,4.033778878268485,2.691474426507692,-1.3423044517607932,1.3423044517607932,2.14846440983106,0.624773882973627,False,
B,0,651,D13,9,eff_dim,True,1.3623331297317989,1.2943999547641671,-0.06793317496763174,0.06793317496763174,0.4098374058135654,0.16575640486689608,False,
B,0,651,D13,9,mean_position_shift,True,0.0,1.2196261882781982,1.2196261882781982,1.2196261882781982,0.9033190608024597,1.3501610241621034,True,
B,0,651,D13,10,traj_length,True,10.03534992405621,6.358490594052094,-3.676859330004115,3.676859330004115,2.004497228080112,1.8343050209781409,True,
B,0,651,D13,10,mean_step,True,2.5088374810140524,1.5896226485130236,-0.9192148325010288,0.9192148325010288,0.501124307020028,1.8343050209781409,True,
B,0,651,D13,10,spread_rms,True,2.695734175479431,1.3239039095095009,-1.37183026596993,1.37183026596993,0.3852541781542571,3.5608446157348213,True,
B,0,651,D13,10,half_shift,True,3.763641287664744,1.8924777711820644,-1.8711635164826794,1.8711635164826794,0.8400879887595107,2.2273423040432627,True,
B,0,651,D13,10,eff_dim,True,1.1878984949236322,1.7628591640670965,0.5749606691434643,0.5749606691434643,0.344812057650816,1.6674610309762283,True,
B,0,651,D13,10,mean_position_shift,True,0.0,3.6943418979644775,3.6943418979644775,3.6943418979644775,0.6849913001060486,5.393268348652792,True,
B,0,651,D13,11,traj_length,True,4.712117014809745,7.064169818627812,2.3520528038180677,2.3520528038180677,0.925409119737548,2.5416356437951735,True,
B,0,651,D13,11,mean_step,True,1.1780292537024362,1.766042454656953,0.5880132009545169,0.5880132009545169,0.231352279934387,2.5416356437951735,True,
B,0,651,D13,11,spread_rms,True,0.8197573116944595,1.603094127996272,0.7833368163018125,0.7833368163018125,0.3319195610037211,2.3600200420035824,True,
B,0,651,D13,11,half_shift,True,0.5103429652522584,2.5080836705344884,1.99774070528223,1.99774070528223,0.8720562693265579,2.2908392216765754,True,
B,0,651,D13,11,eff_dim,True,2.014731011732548,1.5486711826643955,-0.4660598290681526,0.4660598290681526,0.3274879017291339,1.423136020009777,True,
B,0,651,D13,11,mean_position_shift,True,0.0,1.3251714706420898,1.3251714706420898,1.3251714706420898,1.7037224769592285,0.7778094663675686,False,
B,0,651,D13,12,traj_length,True,4.583870525843341,4.72134025774384,0.13746973190049872,0.13746973190049872,0.44538287920582853,0.3086551780922155,False,
B,0,651,D13,12,mean_step,True,1.5279568419477805,1.5737800859146134,0.045823243966832905,0.045823243966832905,0.14846095973527618,0.3086551780922155,False,
B,0,651,D13,12,spread_rms,True,1.4503626942754329,0.9543296456907838,-0.49603304858464903,0.49603304858464903,0.32747157575930774,1.5147361948422489,True,
B,0,651,D13,12,half_shift,True,2.6566965318563307,0.8143949331458193,-1.8423015987105114,1.8423015987105114,1.250975131663521,1.4726924237579821,True,
B,0,651,D13,12,eff_dim,True,1.3113122546917946,1.86474072789455,0.5534284732027555,0.5534284732027555,0.5664344361142959,0.9770388908542346,False,
B,0,651,D13,12,mean_position_shift,True,0.0,1.3263170719146729,1.3263170719146729,1.3263170719146729,2.0353965759277344,0.6516258736016283,False,
B,0,651,D13,13,traj_length,True,17.461781591641294,15.667726602621613,-1.7940549890196813,1.7940549890196813,1.294101678569497,1.3863323251406596,True,
B,0,651,D13,13,mean_step,True,3.492356318328259,3.1335453205243224,-0.35881099780393644,0.35881099780393644,0.2588203357138994,1.3863323251406603,True,
B,0,651,D13,13,spread_rms,True,2.218399968421112,1.8795477940110303,-0.33885217441008164,0.33885217441008164,0.056708701658579,5.975311804001061,True,
B,0,651,D13,13,half_shift,True,0.7119614984926799,0.6535971938998006,-0.058364304592879224,0.058364304592879224,0.6034419323387588,0.09671900719042974,False,
B,0,651,D13,13,eff_dim,True,1.4192734608009954,1.2943758469847801,-0.12489761381621522,0.12489761381621522,0.031003728921919826,4.028470708499579,True,
B,0,651,D13,13,mean_position_shift,True,0.0,1.7965891361236572,1.7965891361236572,1.7965891361236572,1.822007656097412,0.9860491695033822,False,
B,0,671,D12,9,traj_length,False,9.366757255762064,11.155114941041704,1.7883576852796406,1.7883576852796406,7.712274783936623,0.23188459117204824,False,
B,0,671,D12,9,mean_step,False,3.1222524185873546,3.7183716470139014,0.5961192284265469,0.5961192284265469,2.570758261312208,0.2318845911720482,False,
B,0,671,D12,9,spread_rms,False,3.589521793039356,4.506880008827584,0.9173582157882278,0.9173582157882278,0.15024351217427512,6.105809179461521,True,
B,0,671,D12,9,half_shift,False,6.207512579982298,5.0497630447178095,-1.1577495352644886,1.1577495352644886,1.249018034685446,0.9269277969681659,False,
B,0,671,D12,9,eff_dim,False,1.0051513761493578,1.001943900769136,-0.0032074753802218137,0.0032074753802218137,0.27938478478659734,0.011480494124516414,False,
B,0,671,D12,9,mean_position_shift,False,0.0,3.9011847972869873,3.9011847972869873,3.9011847972869873,2.490990400314331,1.5661179572569641,True,
B,0,671,D12,10,traj_length,False,6.363876372723554,19.882208571317058,13.518332198593505,13.518332198593505,8.35676918300904,1.6176505420394929,True,
B,0,671,D12,10,mean_step,False,1.5909690931808884,4.9705521428292645,3.3795830496483763,3.3795830496483763,2.08919229575226,1.6176505420394929,True,
B,0,671,D12,10,spread_rms,False,1.1547246287659274,2.968899576568725,1.8141749478027978,1.8141749478027978,0.1142952532200554,15.87270596714916,True,
B,0,671,D12,10,half_shift,False,1.4667746037693112,2.7059360851261016,1.2391614813567904,1.2391614813567904,1.7158846519654145,0.7221706190666288,False,
B,0,671,D12,10,eff_dim,False,1.2841383140756113,1.1231541293765146,-0.1609841846990967,0.1609841846990967,0.7319043924233128,0.21995247789958336,False,
B,0,671,D12,10,mean_position_shift,False,0.0,2.0176620483398438,2.0176620483398438,2.0176620483398438,5.651750087738037,0.3569977470725991,False,
B,0,671,D12,11,traj_length,False,12.580864335424035,13.434739522672048,0.853875187248013,0.853875187248013,6.934674941487932,0.12313124904233826,False,
B,0,671,D12,11,mean_step,False,2.516172867084807,3.358684880668012,0.8425120135832049,0.8425120135832049,1.733668735371983,0.4859705873408579,False,
B,0,671,D12,11,spread_rms,False,1.7279173699998478,2.716401745830494,0.9884843758306463,0.9884843758306463,1.1476356306969562,0.8613224871994801,False,
B,0,671,D12,11,half_shift,False,0.5395352263484157,2.0836287482476097,1.544093521899194,1.544093521899194,1.3427612920252625,1.1499389586739321,True,
B,0,671,D12,11,eff_dim,False,1.5457696142272905,1.1514540177930772,-0.3943155964342133,0.3943155964342133,0.07907679698976411,4.986489228758905,True,
B,0,671,D12,11,mean_position_shift,False,0.0,6.172022819519043,6.172022819519043,6.172022819519043,1.1650224924087524,5.29777138187094,True,
B,0,671,D12,12,traj_length,False,11.864913045778763,12.331632854354691,0.46671980857592743,0.46671980857592743,2.9394053446929327,0.15878034971208901,False,
B,0,671,D12,12,mean_step,False,2.966228261444691,4.110544284784897,1.144316023340206,1.144316023340206,1.7624874073694574,0.6492619570247695,False,
B,0,671,D12,12,spread_rms,False,2.212803477188918,4.688443105927248,2.47563962873833,2.47563962873833,2.0831052514916895,1.1884371310405708,True,
B,0,671,D12,12,half_shift,False,3.6740815586638407,8.643651797577839,4.969570238913998,4.969570238913998,4.5276756586747595,1.0975985502390382,True,
B,0,671,D12,12,eff_dim,False,1.6560912623396589,1.0225776990404396,-0.6335135632992193,0.6335135632992193,0.13044147252754268,4.856688222110135,True,
B,0,671,D12,12,mean_position_shift,False,0.0,4.7964701652526855,4.7964701652526855,4.7964701652526855,1.6213726997375488,2.958277369557961,True,
B,0,671,D12,13,traj_length,False,19.063547971935716,16.57703473081753,-2.4865132411181854,2.4865132411181854,12.091009975215009,0.20564975516645945,False,
B,0,671,D12,13,mean_step,False,3.812709594387143,3.315406946163506,-0.4973026482236369,0.4973026482236369,0.780028011841142,0.637544601827602,False,
B,0,671,D12,13,spread_rms,False,3.219298627484261,2.8140635117761326,-0.40523511570812865,0.40523511570812865,1.1891564409701587,0.3407752771178892,False,
B,0,671,D12,13,half_shift,False,4.919800391928817,1.085442706307872,-3.8343576856209447,3.8343576856209447,3.7464815009258032,1.023455656907268,True,
B,0,671,D12,13,eff_dim,False,1.1561832021921823,1.1276899166951524,-0.028493285497029897,0.028493285497029897,0.44576460643906146,0.0639200265912657,False,
B,0,671,D12,13,mean_position_shift,False,0.0,6.046277046203613,6.046277046203613,6.046277046203613,2.1815311908721924,2.771574878920831,True,
B,0,671,D13,9,traj_length,False,9.366757255762064,11.927253043087319,2.560495787325255,2.560495787325255,0.6586492095864855,3.8874954225372726,True,
B,0,671,D13,9,mean_step,False,3.1222524185873546,2.9818132607718297,-0.14043915781552485,0.14043915781552485,0.16466230239662139,0.8528919842092919,False,
B,0,671,D13,9,spread_rms,False,3.589521793039356,3.8656725296398826,0.2761507366005267,0.2761507366005267,1.2500577967309905,0.2209103749624096,False,
B,0,671,D13,9,half_shift,False,6.207512579982298,6.526604237691691,0.31909165770939296,0.31909165770939296,3.4372293250625945,0.09283397397512372,False,
B,0,671,D13,9,eff_dim,False,1.0051513761493578,1.0730346887999045,0.0678833126505467,0.0678833126505467,0.056061357992160055,1.2108752816876092,True,
B,0,671,D13,9,mean_position_shift,False,0.0,5.80712366104126,5.80712366104126,5.80712366104126,4.370820999145508,1.3286116411943083,True,
B,0,671,D13,10,traj_length,False,6.363876372723554,11.953937471184402,5.590061098460848,5.590061098460848,2.353578634286883,2.375132496966516,True,
B,0,671,D13,10,mean_step,False,1.5909690931808884,2.9884843677961004,1.397515274615212,1.397515274615212,0.5883946585717208,2.375132496966516,True,
B,0,671,D13,10,spread_rms,False,1.1547246287659274,2.2381852820134824,1.083460653247555,1.083460653247555,0.721546870816461,1.5015804198853682,True,
B,0,671,D13,10,half_shift,False,1.4667746037693112,2.243455900216878,0.7766812964475667,0.7766812964475667,0.7006688174575311,1.1084856027500365,True,
B,0,671,D13,10,eff_dim,False,1.2841383140756113,1.784982281387245,0.5008439673116336,0.5008439673116336,0.10656092688887764,4.700071423308064,True,
B,0,671,D13,10,mean_position_shift,False,0.0,5.5090413093566895,5.5090413093566895,5.5090413093566895,2.040076971054077,2.7004085568939344,True,
B,0,671,D13,11,traj_length,False,12.580864335424035,19.527632858407607,6.946768522983572,6.946768522983572,7.557145169338057,0.9192318484457606,False,
B,0,671,D13,11,mean_step,False,2.516172867084807,4.881908214601902,2.3657353475170946,2.3657353475170946,1.8892862923345142,1.252184677947275,True,
B,0,671,D13,11,spread_rms,False,1.7279173699998478,3.0599006688696977,1.33198329886985,1.33198329886985,1.232471161696616,1.0807419599467512,True,
B,0,671,D13,11,half_shift,False,0.5395352263484157,1.6351692197301757,1.09563399338176,1.09563399338176,0.585244231370667,1.8720970402659733,True,
B,0,671,D13,11,eff_dim,False,1.5457696142272905,1.2132162666633808,-0.33255334756390975,0.33255334756390975,0.48632652274252886,0.6838067265765192,False,
B,0,671,D13,11,mean_position_shift,False,0.0,9.19532299041748,9.19532299041748,9.19532299041748,3.8090858459472656,2.414049817281221,True,
B,0,671,D13,12,traj_length,False,11.864913045778763,17.228573807224862,5.3636607614460985,5.3636607614460985,7.625256727416144,0.7034072363965641,False,
B,0,671,D13,12,mean_step,False,2.966228261444691,4.3071434518062155,1.3409151903615246,1.3409151903615246,1.1060377585366425,1.2123593249977647,True,
B,0,671,D13,12,spread_rms,False,2.212803477188918,2.450960896005599,0.23815741881668107,0.23815741881668107,0.30587178025815076,0.7786184741059803,False,
B,0,671,D13,12,half_shift,False,3.6740815586638407,2.052928288322652,-1.6211532703411886,1.6211532703411886,0.8741540090066895,1.8545396504939928,True,
B,0,671,D13,12,eff_dim,False,1.6560912623396589,1.5423508886086725,-0.11374037373098633,0.11374037373098633,0.3233650703676596,0.35173982644960944,False,
B,0,671,D13,12,mean_position_shift,False,0.0,7.50601863861084,7.50601863861084,7.50601863861084,1.904549241065979,3.9410998029169937,True,
B,0,671,D13,13,traj_length,False,19.063547971935716,16.322624683249927,-2.7409232886857886,2.7409232886857886,9.368800999825233,0.2925585983453932,False,
B,0,671,D13,13,mean_step,False,3.812709594387143,2.720437447208321,-1.092272147178822,1.092272147178822,0.49099076317607393,2.224628708110997,True,
B,0,671,D13,13,spread_rms,False,3.219298627484261,2.7217076133284093,-0.49759101415585194,0.49759101415585194,0.346829062486687,1.4346866164797016,True,
B,0,671,D13,13,half_shift,False,4.919800391928817,2.199678176180654,-2.720122215748163,2.720122215748163,0.732278988201553,3.714598205840469,True,
B,0,671,D13,13,eff_dim,False,1.1561832021921823,1.5626034525967893,0.40642025040460705,0.40642025040460705,0.2704046434567269,1.5030076599614566,True,
B,0,671,D13,13,mean_position_shift,False,0.0,6.9154791831970215,6.9154791831970215,6.9154791831970215,2.3322081565856934,2.9652066706263245,True,
B,0,790,D12,9,traj_length,False,5.1270288471313155,14.272390266357524,9.145361419226209,9.145361419226209,3.5898914633025214,2.547531454004721,True,
B,0,790,D12,9,mean_step,False,1.7090096157104384,3.568097566589381,1.8590879508789426,1.8590879508789426,0.007264632237713453,255.90943767637873,True,
B,0,790,D12,9,spread_rms,False,1.5068709070475055,2.4774801535732167,0.9706092465257112,0.9706092465257112,0.06775729169332356,14.324794015067603,True,
B,0,790,D12,9,half_shift,False,2.2942667833836445,1.5309100045294093,-0.7633567788542353,0.7633567788542353,2.608063053322984,0.2926910750419272,False,
B,0,790,D12,9,eff_dim,False,1.3237855270876207,1.4232581185537014,0.09947259146608078,0.09947259146608078,0.031602620390205116,3.14760580729917,True,
B,0,790,D12,9,mean_position_shift,False,0.0,0.8890423774719238,0.8890423774719238,0.8890423774719238,1.837505578994751,0.4838311173772297,False,
B,0,790,D12,10,traj_length,False,12.736247951126945,10.270225373414256,-2.466022577712689,2.466022577712689,10.084982976357505,0.24452421818597528,False,
B,0,790,D12,10,mean_step,False,3.184061987781736,2.567556343353564,-0.6165056444281722,0.6165056444281722,2.5212457440893763,0.24452421818597528,False,
B,0,790,D12,10,spread_rms,False,2.0619107975409996,1.5602042977115052,-0.5017064998294944,0.5017064998294944,1.5073699157431977,0.33283568591199575,False,
B,0,790,D12,10,half_shift,False,0.720027058543137,0.8465553289179697,0.12652827037483272,0.12652827037483272,3.1674153527881854,0.039946851385769,False,
B,0,790,D12,10,eff_dim,False,1.1079679112207717,2.0480949588321176,0.9401270476113459,0.9401270476113459,0.9488862124533601,0.9907690039890376,False,
B,0,790,D12,10,mean_position_shift,False,0.0,2.097963333129883,2.097963333129883,2.097963333129883,2.0229310989379883,1.03709085011906,True,
B,0,790,D12,11,traj_length,False,14.203523507718678,10.599540200927084,-3.6039833067915943,3.6039833067915943,0.4401400858734412,8.18826419693091,True,
B,0,790,D12,11,mean_step,False,3.5508808769296696,3.5331800669756945,-0.01770080995397505,0.01770080995397505,0.7732599952755632,0.022891149241035146,False,
B,0,790,D12,11,spread_rms,False,2.5837441341992955,2.497670404999777,-0.08607372919951839,0.08607372919951839,0.5493346543080062,0.1566872370503277,False,
B,0,790,D12,11,half_shift,False,3.8695883213432745,2.383444094621712,-1.4861442267215623,1.4861442267215623,0.9115589015575767,1.6303326358638968,True,
B,0,790,D12,11,eff_dim,False,1.1384098487831364,1.8488583505113176,0.7104485017281812,0.7104485017281812,0.34267976452998905,2.073214047822796,True,
B,0,790,D12,11,mean_position_shift,False,0.0,0.933854341506958,0.933854341506958,0.933854341506958,0.8142415285110474,1.1469008995581926,True,
B,0,790,D12,12,traj_length,False,14.508363899665952,8.929448118235623,-5.578915781430329,5.578915781430329,1.1035226731014198,5.055551569004868,True,
B,0,790,D12,12,mean_step,False,4.83612129988865,2.976482706078541,-1.8596385938101094,1.8596385938101094,0.3678408910338069,5.055551569004863,True,
B,0,790,D12,12,spread_rms,False,2.8183472516207253,1.5535390618673086,-1.2648081897534167,1.2648081897534167,0.5616551711234432,2.2519301072640374,True,
B,0,790,D12,12,half_shift,False,1.645418534199066,1.0871853212845601,-0.5582332129145058,0.5582332129145058,2.044071612915945,0.27309865730103516,False,
B,0,790,D12,12,eff_dim,False,1.4115400613272329,1.8583804936660655,0.44684043233883264,0.44684043233883264,0.7353456477628197,0.6076604025580059,False,
B,0,790,D12,12,mean_position_shift,False,0.0,4.133789539337158,4.133789539337158,4.133789539337158,0.8984053730964661,4.601252021778919,True,
B,0,790,D12,13,traj_length,False,18.38937119193829,14.832387186329052,-3.556984005609239,3.556984005609239,1.9174034190267246,1.8551046536752118,True,
B,0,790,D12,13,mean_step,False,3.064895198656382,2.472064531054842,-0.59283066760154,0.59283066760154,0.07923730171830234,7.481711955678661,True,
B,0,790,D12,13,spread_rms,False,2.31933394269924,1.692439195565809,-0.626894747133431,0.626894747133431,0.7240813988922448,0.8657793834954227,False,
B,0,790,D12,13,half_shift,False,2.435893899450277,0.7248765880253019,-1.7110173114249752,1.7110173114249752,1.153927381587553,1.4827772862716782,True,
B,0,790,D12,13,eff_dim,False,1.9890921286292493,1.8850143782526438,-0.1040777503766055,0.1040777503766055,0.3506338628150971,0.29682743572171677,False,
B,0,790,D12,13,mean_position_shift,False,0.0,1.4992122650146484,1.4992122650146484,1.4992122650146484,2.139216423034668,0.7008230905818698,False,
B,0,790,D13,9,traj_length,False,5.1270288471313155,6.236622146626182,1.1095932994948665,1.1095932994948665,0.2604979168569068,4.259509300047006,True,
B,0,790,D13,9,mean_step,False,1.7090096157104384,2.078874048875394,0.36986443316495543,0.36986443316495543,0.0868326389523022,4.25950930004701,True,
B,0,790,D13,9,spread_rms,False,1.5068709070475055,1.682314488284044,0.17544358123653847,0.17544358123653847,0.07247112570799774,2.4208756180142643,True,
B,0,790,D13,9,half_shift,False,2.2942667833836445,2.5589906645308425,0.2647238811471979,0.2647238811471979,0.28539704657244025,0.9275634920770106,False,
B,0,790,D13,9,eff_dim,False,1.3237855270876207,1.5453428836652572,0.22155735657763653,0.22155735657763653,0.2815935604958628,0.7867983777309839,False,
B,0,790,D13,9,mean_position_shift,False,0.0,2.9242730140686035,2.9242730140686035,2.9242730140686035,4.262503623962402,0.6860458716396852,False,
B,0,790,D13,10,traj_length,False,12.736247951126945,16.4585135738995,3.7222656227725537,3.7222656227725537,8.278918913196495,0.4496076917530027,False,
B,0,790,D13,10,mean_step,False,3.184061987781736,4.114628393474875,0.9305664056931384,0.9305664056931384,2.069729728299124,0.4496076917530027,False,
B,0,790,D13,10,spread_rms,False,2.0619107975409996,3.3790418210552033,1.3171310235142037,1.3171310235142037,1.4822655977796928,0.8885931276332348,False,
B,0,790,D13,10,half_shift,False,0.720027058543137,3.088815437701147,2.36878837915801,2.36878837915801,0.7809020422282202,3.0334001591274196,True,
B,0,790,D13,10,eff_dim,False,1.1079679112207717,1.133920331793793,0.025952420573021273,0.025952420573021273,0.3332467577116771,0.07787748859502824,False,
B,0,790,D13,10,mean_position_shift,False,0.0,4.468081951141357,4.468081951141357,4.468081951141357,1.8507111072540283,2.4142514375303143,True,
B,0,790,D13,11,traj_length,False,14.203523507718678,11.758179994807506,-2.4453435129111725,2.4453435129111725,3.8886048461634957,0.6288485484257298,False,
B,0,790,D13,11,mean_step,False,3.5508808769296696,2.9395449987018765,-0.6113358782277931,0.6113358782277931,0.9721512115408739,0.6288485484257298,False,
B,0,790,D13,11,spread_rms,False,2.5837441341992955,2.1622676913137706,-0.4214764428855249,0.4214764428855249,0.48103570044774546,0.8761853693877957,False,
B,0,790,D13,11,half_shift,False,3.8695883213432745,2.166747509015123,-1.7028408123281515,1.7028408123281515,0.855931024488203,1.9894603228646273,True,
B,0,790,D13,11,eff_dim,False,1.1384098487831364,1.4067635655492623,0.26835371676612585,0.26835371676612585,0.2205729836687671,1.2166209673670223,True,
B,0,790,D13,11,mean_position_shift,False,0.0,2.7635481357574463,2.7635481357574463,2.7635481357574463,3.170858860015869,0.8715456151661117,False,
B,0,790,D13,12,traj_length,False,14.508363899665952,14.205147067768529,-0.3032168318974229,0.3032168318974229,1.264514156286399,0.23978919523360992,False,
B,0,790,D13,12,mean_step,False,4.83612129988865,4.73504902258951,-0.10107227729914037,0.10107227729914037,1.4998907947189775,0.06738642416835251,False,
B,0,790,D13,12,spread_rms,False,2.8183472516207253,3.28346606577621,0.4651188141554847,0.4651188141554847,0.7152510156554448,0.6502875270009328,False,
B,0,790,D13,12,half_shift,False,1.645418534199066,2.486042106897658,0.8406235726985922,0.8406235726985922,1.044452212758693,0.8048463705948481,False,
B,0,790,D13,12,eff_dim,False,1.4115400613272329,1.1553653407733533,-0.2561747205538796,0.2561747205538796,0.33382721393289705,0.7673871687566296,False,
B,0,790,D13,12,mean_position_shift,False,0.0,4.036617755889893,4.036617755889893,4.036617755889893,2.463207483291626,1.6387648150921057,True,
B,0,790,D13,13,traj_length,False,18.38937119193829,26.261697665646956,7.8723264737086645,7.8723264737086645,2.462676691111433,3.1966544784877127,True,
B,0,790,D13,13,mean_step,False,3.064895198656382,3.2827122082058695,0.21781700954948757,0.21781700954948757,1.477091986701235,0.14746340208366757,False,
B,0,790,D13,13,spread_rms,False,2.31933394269924,2.9744025943405146,0.6550686516412747,0.6550686516412747,0.7652818382633586,0.8559835329789234,False,
B,0,790,D13,13,half_shift,False,2.435893899450277,2.798717168498177,0.3628232690479001,0.3628232690479001,2.3524412357803417,0.1542326598978979,False,
B,0,790,D13,13,eff_dim,False,1.9890921286292493,1.770958247284967,-0.21813388134428235,0.21813388134428235,0.4751386349119202,0.45909523098394084,False,
B,0,790,D13,13,mean_position_shift,False,0.0,1.581868290901184,1.581868290901184,1.581868290901184,0.6322847008705139,2.5018291423520242,True,
B,1,252,D12,9,traj_length,True,4.077338529375272,7.40581486411046,3.3284763347351882,3.3284763347351882,0.9378088969250298,3.5492053291975463,True,
B,1,252,D12,9,mean_step,True,1.3591128431250905,2.4686049547034865,1.109492111578396,1.109492111578396,0.31260296564167644,3.549205329197548,True,
B,1,252,D12,9,spread_rms,True,1.2344008121953827,1.2940809044332342,0.059680092237851534,0.059680092237851534,0.159183493291289,0.3749138243162139,False,
B,1,252,D12,9,half_shift,True,1.526241043863069,0.46887771044907867,-1.0573633334139902,1.0573633334139902,0.6216863373839787,1.700798730535588,True,
B,1,252,D12,9,eff_dim,True,1.0899090764869832,1.1797759068071425,0.0898668303201593,0.0898668303201593,0.058386429639884385,1.539173244098665,True,
B,1,252,D12,9,mean_position_shift,True,0.0,3.9841034412384033,3.9841034412384033,3.9841034412384033,3.112060070037842,1.280214183394589,True,
B,1,252,D12,10,traj_length,True,4.566090224479295,9.00143492044441,4.4353446959651155,4.4353446959651155,0.08181431441623488,54.21233102804055,True,
B,1,252,D12,10,mean_step,True,1.1415225561198237,1.800286984088882,0.6587644279690583,0.6587644279690583,0.42961816741816183,1.5333719054014323,True,
B,1,252,D12,10,spread_rms,True,1.1369878165981302,1.5629172747598368,0.4259294581617066,0.4259294581617066,0.49231214954193003,0.8651613789300366,False,
B,1,252,D12,10,half_shift,True,0.6854331969655372,2.571282415375412,1.8858492184098747,1.8858492184098747,1.0088536498351237,1.8692990987524085,True,
B,1,252,D12,10,eff_dim,True,1.0967626849317795,1.2381102980503,0.1413476131185205,0.1413476131185205,0.20089072778777717,0.703604465348154,False,
B,1,252,D12,10,mean_position_shift,True,0.0,3.1479334831237793,3.1479334831237793,3.1479334831237793,1.5246412754058838,2.064704356298992,True,
B,1,252,D12,11,traj_length,True,11.197758281545088,5.0327892617363785,-6.1649690198087095,6.1649690198087095,0.058236016483596664,105.86179124297068,True,
B,1,252,D12,11,mean_step,True,2.799439570386272,1.2581973154340946,-1.5412422549521774,1.5412422549521774,0.4388111106392305,3.512313652922323,True,
B,1,252,D12,11,spread_rms,True,1.5617937568439124,1.5116112618735074,-0.050182494970405056,0.050182494970405056,0.5437288801974098,0.09229323068545754,False,
B,1,252,D12,11,half_shift,True,0.5143360981943833,2.4695118310509367,1.9551757328565533,1.9551757328565533,1.9196817898894682,1.0184894929743167,True,
B,1,252,D12,11,eff_dim,True,2.232355738958786,1.1565292674582206,-1.0758264715005652,1.0758264715005652,0.17397975362063667,6.18363027370649,True,
B,1,252,D12,11,mean_position_shift,True,0.0,1.3372225761413574,1.3372225761413574,1.3372225761413574,2.4965343475341797,0.5356315555850968,False,
B,1,252,D12,12,traj_length,True,7.726519575540254,4.823434874571864,-2.9030847009683907,2.9030847009683907,4.899156189534128,0.592568309450949,False,
B,1,252,D12,12,mean_step,True,2.5755065251800846,1.6078116248572878,-0.9676949003227968,0.9676949003227968,1.6330520631780427,0.5925683094509488,False,
B,1,252,D12,12,spread_rms,True,2.3830103959373865,1.121843327774135,-1.2611670681632514,1.2611670681632514,1.1220820109253253,1.1239526664572668,True,
B,1,252,D12,12,half_shift,True,3.8939596049046754,1.7131092969860577,-2.1808503079186177,2.1808503079186177,1.8069251131083885,1.2069400619303912,True,
B,1,252,D12,12,eff_dim,True,1.0663339895022272,1.1981881872037843,0.13185419770155704,0.13185419770155704,0.1589074432484643,0.8297546987487089,False,
B,1,252,D12,12,mean_position_shift,True,0.0,1.3069201707839966,1.3069201707839966,1.3069201707839966,1.467878818511963,0.8903460928122559,False,
B,1,252,D12,13,traj_length,True,6.770231813297506,7.645086598498556,0.87485478520105,0.87485478520105,10.28748713714739,0.08504066868205463,False,
B,1,252,D12,13,mean_step,True,1.6925579533243764,1.5290173196997112,-0.1635406336246652,0.1635406336246652,1.0327789282497095,0.1583500874691778,False,
B,1,252,D12,13,spread_rms,True,0.9926237447512373,1.032580567691005,0.039956822939767656,0.039956822939767656,1.2517805062981744,0.0319199913552975,False,
B,1,252,D12,13,half_shift,True,0.9149713554930143,0.8265368203854164,-0.08843453510759791,0.08843453510759791,0.3181792243548862,0.27793937610760233,False,
B,1,252,D12,13,eff_dim,True,1.6971407009217967,2.1875943320386573,0.4904536311168606,0.4904536311168606,0.7850531421251312,0.6247394027227346,False,
B,1,252,D12,13,mean_position_shift,True,0.0,0.6932523846626282,0.6932523846626282,0.6932523846626282,0.794170081615448,0.8729268461643132,False,
B,1,252,D13,9,traj_length,True,4.077338529375272,2.973578761469567,-1.103759767905705,1.103759767905705,0.5825959895796013,1.894554352669288,True,
B,1,252,D13,9,mean_step,True,1.3591128431250905,0.7433946903673917,-0.6157181527576988,0.6157181527576988,0.05359956692926349,11.487371783624212,True,
B,1,252,D13,9,spread_rms,True,1.2344008121953827,0.6171069213218302,-0.6172938908735525,0.6172938908735525,0.08404187739037416,7.345074979777343,True,
B,1,252,D13,9,half_shift,True,1.526241043863069,0.762082432566816,-0.764158611296253,0.764158611296253,0.30546299266850385,2.501640557570053,True,
B,1,252,D13,9,eff_dim,True,1.0899090764869832,1.616730957307074,0.5268218808200908,0.5268218808200908,0.6101414236466689,0.8634422453591216,False,
B,1,252,D13,9,mean_position_shift,True,0.0,1.060806155204773,1.060806155204773,1.060806155204773,0.5484822392463684,1.934075671552015,True,
B,1,252,D13,10,traj_length,True,4.566090224479295,5.235573469639657,0.6694832451603627,0.6694832451603627,1.5999337072929638,0.41844436560631426,False,
B,1,252,D13,10,mean_step,True,1.1415225561198237,1.3088933674099144,0.16737081129009068,0.16737081129009068,0.39998342682324095,0.41844436560631426,False,
B,1,252,D13,10,spread_rms,True,1.1369878165981302,1.178257931370584,0.0412701147724539,0.0412701147724539,0.13676338245839648,0.30176289903482245,False,
B,1,252,D13,10,half_shift,True,0.6854331969655372,1.165353598212666,0.47992040124712876,0.47992040124712876,0.25584797617201027,1.875802999998997,True,
B,1,252,D13,10,eff_dim,True,1.0967626849317795,1.767694407473121,0.6709317225413414,0.6709317225413414,0.4862344567820682,1.3798522774005195,True,
B,1,252,D13,10,mean_position_shift,True,0.0,2.3013248443603516,2.3013248443603516,2.3013248443603516,1.9005565643310547,1.2108689041677414,True,
B,1,252,D13,11,traj_length,True,11.197758281545088,12.993524554659002,1.7957662731139141,1.7957662731139141,8.768017436917756,0.20480870231311774,False,
B,1,252,D13,11,mean_step,True,2.799439570386272,3.2483811386647505,0.44894156827847853,0.44894156827847853,2.192004359229439,0.20480870231311774,False,
B,1,252,D13,11,spread_rms,True,1.5617937568439124,2.4071607573591987,0.8453670005152862,0.8453670005152862,1.45430244614514,0.5812869274586356,False,
B,1,252,D13,11,half_shift,True,0.5143360981943833,0.9658147276570782,0.4514786294626949,0.4514786294626949,0.3840756519225551,1.1754940132308385,True,
B,1,252,D13,11,eff_dim,True,2.232355738958786,1.14408284039759,-1.0882728985611958,1.0882728985611958,0.5377368159328881,2.023802102285325,True,
B,1,252,D13,11,mean_position_shift,True,0.0,3.665290594100952,3.665290594100952,3.665290594100952,2.305269718170166,1.5899617147664258,True,
B,1,252,D13,12,traj_length,True,7.726519575540254,10.218586882853831,2.492067307313577,2.492067307313577,4.451168875532193,0.5598680654450835,False,
B,1,252,D13,12,mean_step,True,2.5755065251800846,3.4061956276179437,0.8306891024378591,0.8306891024378591,1.4837229585107312,0.5598680654450836,False,
B,1,252,D13,12,spread_rms,True,2.3830103959373865,1.7983296886277513,-0.5846807073096352,0.5846807073096352,0.0671561618629477,8.706285336896583,True,
B,1,252,D13,12,half_shift,True,3.8939596049046754,0.990271852886037,-2.903687752018638,2.903687752018638,0.983145747973801,2.95346621597352,True,
B,1,252,D13,12,eff_dim,True,1.0663339895022272,1.2561685255430814,0.1898345360408542,0.1898345360408542,0.010474384830458261,18.12369309640391,True,
B,1,252,D13,12,mean_position_shift,True,0.0,4.386987686157227,4.386987686157227,4.386987686157227,0.8744952082633972,5.016594310298233,True,
B,1,252,D13,13,traj_length,True,6.770231813297506,14.298710011227708,7.528478197930203,7.528478197930203,2.22921029409612,3.377195151964244,True,
B,1,252,D13,13,mean_step,True,1.6925579533243764,2.8597420022455418,1.1671840489211653,1.1671840489211653,0.445842058819224,2.617931677447292,True,
B,1,252,D13,13,spread_rms,True,0.9926237447512373,1.7577436887880973,0.76511994403686,0.76511994403686,0.08714369254920329,8.77998076114179,True,
B,1,252,D13,13,half_shift,True,0.9149713554930143,1.1806018805328176,0.2656305250398032,0.2656305250398032,0.4526040413712016,0.5868938426511913,False,
B,1,252,D13,13,eff_dim,True,1.6971407009217967,1.2493799034912767,-0.44776079743052,0.44776079743052,0.04619521457314102,9.69279613847402,True,
B,1,252,D13,13,mean_position_shift,True,0.0,3.0442187786102295,3.0442187786102295,3.0442187786102295,0.5993028283119202,5.079600220117433,True,
B,1,651,D12,9,traj_length,True,5.85911673253285,2.812298206843769,-3.0468185256890807,3.0468185256890807,5.785128796202894,0.5266639055104321,False,
B,1,651,D12,9,mean_step,True,1.9530389108442832,0.9374327356145896,-1.0156061752296934,1.0156061752296934,1.2119240151470763,0.8380114285518485,False,
B,1,651,D12,9,spread_rms,True,1.4978821920205385,0.7830738007682709,-0.7148083912522676,0.7148083912522676,0.7635360579530357,0.9361815775519468,False,
B,1,651,D12,9,half_shift,True,2.3438430105481487,1.1754971361002986,-1.16834587444785,1.16834587444785,0.16035096315628095,7.286179337190255,True,
B,1,651,D12,9,eff_dim,True,1.061420839671127,1.5234440330599397,0.4620231933888126,0.4620231933888126,0.10840929884901285,4.2618409886802775,True,
B,1,651,D12,9,mean_position_shift,True,0.0,1.8174268007278442,1.8174268007278442,1.8174268007278442,0.4942956566810608,3.6768010727242144,True,
B,1,651,D12,10,traj_length,True,5.14832798333305,8.493066413964305,3.3447384306312555,3.3447384306312555,0.25702165183817804,13.013450060375137,True,
B,1,651,D12,10,mean_step,True,1.2870819958332624,2.1232666034910763,0.8361846076578139,0.8361846076578139,0.06425541295954451,13.013450060375137,True,
B,1,651,D12,10,spread_rms,True,1.1341523217296796,1.5079259083958116,0.37377358666613203,0.37377358666613203,0.021586900642582618,17.31483332668985,True,
B,1,651,D12,10,half_shift,True,1.935482417118569,1.1521337821771986,-0.7833486349413703,0.7833486349413703,0.5718225173648577,1.3699156838931301,True,
B,1,651,D12,10,eff_dim,True,1.4920551734010394,1.1021829971098218,-0.3898721762912176,0.3898721762912176,0.4856339322595229,0.8028108218823347,False,
B,1,651,D12,10,mean_position_shift,True,0.0,2.2243003845214844,2.2243003845214844,2.2243003845214844,0.22605283558368683,9.839736709243924,True,
B,1,651,D12,11,traj_length,True,4.8687718447575135,9.144044735887904,4.275272891130391,4.275272891130391,0.44809822365454544,9.540928005165108,True,
B,1,651,D12,11,mean_step,True,1.2171929611893784,2.286011183971976,1.0688182227825977,1.0688182227825977,0.11202455591363636,9.540928005165108,True,
B,1,651,D12,11,spread_rms,True,0.9128173545271918,1.5582903255103264,0.6454729709831346,0.6454729709831346,0.1124061637616316,5.7423271943691985,True,
B,1,651,D12,11,half_shift,True,0.41214879723939685,1.0084735056692085,0.5963247084298116,0.5963247084298116,0.32947825445761747,1.8099061178148859,True,
B,1,651,D12,11,eff_dim,True,1.2809466391947133,1.4256337432278927,0.14468710403317941,0.14468710403317941,0.15961375195822236,0.9064826949939133,False,
B,1,651,D12,11,mean_position_shift,True,0.0,2.7557802200317383,2.7557802200317383,2.7557802200317383,0.9183064103126526,3.000937583669363,True,
B,1,651,D12,12,traj_length,True,2.7647184022136733,10.990208269640206,8.225489867426532,8.225489867426532,7.288059475591426,1.1286255134133676,True,
B,1,651,D12,12,mean_step,True,0.921572800737891,3.6634027565467355,2.7418299558088446,2.7418299558088446,2.4293531585304757,1.1286255134133676,True,
B,1,651,D12,12,spread_rms,True,0.8801588541821602,2.4605622757825225,1.5804034216003622,1.5804034216003622,1.7799238882724375,0.8879050570720042,False,
B,1,651,D12,12,half_shift,True,1.6203320918584496,1.9704452307993725,0.3501131389409229,0.3501131389409229,1.820859761616227,0.19227902462414587,False,
B,1,651,D12,12,eff_dim,True,1.1540946047008667,1.4028255969570191,0.24873099225615247,0.24873099225615247,0.27110848554743705,0.9174592663667509,False,
B,1,651,D12,12,mean_position_shift,True,0.0,2.128282070159912,2.128282070159912,2.128282070159912,1.137352466583252,1.8712599063978257,True,
B,1,651,D12,13,traj_length,True,13.155296827771604,17.498949142423132,4.3436523146515285,4.3436523146515285,6.526804842098645,0.6655097585627916,False,
B,1,651,D12,13,mean_step,True,2.6310593655543206,2.916491523737189,0.28543215818286827,0.28543215818286827,1.087800807016441,0.26239377314467666,False,
B,1,651,D12,13,spread_rms,True,1.763934098141373,1.7931168085712614,0.029182710429888514,0.029182710429888514,0.05190893570455479,0.5621904982985011,False,
B,1,651,D12,13,half_shift,True,0.6636260954073034,1.2155308591081693,0.5519047637008658,0.5519047637008658,1.404673077757062,0.3929062017634239,False,
B,1,651,D12,13,eff_dim,True,1.1971102378342267,1.3908178426628008,0.1937076048285742,0.1937076048285742,0.3423973621158203,0.5657391856980782,False,
B,1,651,D12,13,mean_position_shift,True,0.0,2.2352452278137207,2.2352452278137207,2.2352452278137207,0.7850433588027954,2.8472888825179132,True,
B,1,651,D13,9,traj_length,True,5.85911673253285,5.173083796934191,-0.686032935598659,0.686032935598659,0.4446121041223323,1.5429920356147147,True,
B,1,651,D13,9,mean_step,True,1.9530389108442832,1.7243612656447302,-0.22867764519955291,0.22867764519955291,0.14820403470744403,1.5429920356147149,True,
B,1,651,D13,9,spread_rms,True,1.4978821920205385,0.9660356279124628,-0.5318465641080757,0.5318465641080757,0.0973865309596178,5.461192208690653,True,
B,1,651,D13,9,half_shift,True,2.3438430105481487,1.2999324918585429,-1.0439105186896058,1.0439105186896058,0.9100705849687011,1.1470654429793572,True,
B,1,651,D13,9,eff_dim,True,1.061420839671127,1.7914884758690088,0.7300676361978817,0.7300676361978817,0.6759594234664736,1.0800465395599175,True,
B,1,651,D13,9,mean_position_shift,True,0.0,0.418060302734375,0.418060302734375,0.418060302734375,0.8845250606536865,0.4726381663233123,False,
B,1,651,D13,10,traj_length,True,5.14832798333305,4.612706755781263,-0.5356212275517871,0.5356212275517871,0.6514958873276155,0.8221406120441725,False,
B,1,651,D13,10,mean_step,True,1.2870819958332624,1.1531766889453157,-0.13390530688794677,0.13390530688794677,0.16287397183190389,0.8221406120441725,False,
B,1,651,D13,10,spread_rms,True,1.1341523217296796,0.773723179759975,-0.36042914196970466,0.36042914196970466,0.17293648881115986,2.0841705787335587,True,
B,1,651,D13,10,half_shift,True,1.935482417118569,0.652483283198665,-1.2829991339199038,1.2829991339199038,0.1016484880900147,12.6219204833007,True,
B,1,651,D13,10,eff_dim,True,1.4920551734010394,2.1526066601369886,0.6605514867359492,0.6605514867359492,0.4801383509576085,1.3757523959886084,True,
B,1,651,D13,10,mean_position_shift,True,0.0,0.8473356366157532,0.8473356366157532,0.8473356366157532,0.38854584097862244,2.1807867881987524,True,
B,1,651,D13,11,traj_length,True,4.8687718447575135,7.42044689769344,2.5516750529359262,2.5516750529359262,1.9724620542340157,1.293649754862758,True,
B,1,651,D13,11,mean_step,True,1.2171929611893784,1.85511172442336,0.6379187632339816,0.6379187632339816,0.4931155135585039,1.293649754862758,True,
B,1,651,D13,11,spread_rms,True,0.9128173545271918,1.2986789024509442,0.3858615479237524,0.3858615479237524,0.43270333348561874,0.8917461874293068,False,
B,1,651,D13,11,half_shift,True,0.41214879723939685,2.0676257616199547,1.6554769643805578,1.6554769643805578,1.366249159720561,1.2116947722179405,True,
B,1,651,D13,11,eff_dim,True,1.2809466391947133,1.1123871404175842,-0.16855949877712906,0.16855949877712906,0.9366078820397163,0.17996805494530463,False,
B,1,651,D13,11,mean_position_shift,True,0.0,1.0015316009521484,1.0015316009521484,1.0015316009521484,0.4241411089897156,2.361316976177457,True,
B,1,651,D13,12,traj_length,True,2.7647184022136733,3.9869067655550574,1.2221883633413841,1.2221883633413841,0.5706293993271907,2.1418250878458487,True,
B,1,651,D13,12,mean_step,True,0.921572800737891,1.3289689218516858,0.40739612111379475,0.40739612111379475,0.19020979977573016,2.14182508784585,True,
B,1,651,D13,12,spread_rms,True,0.8801588541821602,0.9145041193862057,0.03434526520404546,0.03434526520404546,0.26247455335148084,0.13085179026118224,False,
B,1,651,D13,12,half_shift,True,1.6203320918584496,1.226432254851821,-0.3938998370066287,0.3938998370066287,0.5159741993023466,0.7634099486742248,False,
B,1,651,D13,12,eff_dim,True,1.1540946047008667,1.7814786787920445,0.6273840740911778,0.6273840740911778,0.8080615561431681,0.7764062890030883,False,
B,1,651,D13,12,mean_position_shift,True,0.0,0.5631211996078491,0.5631211996078491,0.5631211996078491,1.2419606447219849,0.45341307874848547,False,
B,1,651,D13,13,traj_length,True,13.155296827771604,17.7543656682359,4.5990688404642945,4.5990688404642945,3.926513528516711,1.1712856219806913,True,
B,1,651,D13,13,mean_step,True,2.6310593655543206,3.5508731336471797,0.9198137680928591,0.9198137680928591,0.7853027057033422,1.1712856219806915,True,
B,1,651,D13,13,spread_rms,True,1.763934098141373,2.1539051782364913,0.3899710800951184,0.3899710800951184,0.2691831404807008,1.44872030023395,True,
B,1,651,D13,13,half_shift,True,0.6636260954073034,0.8316936327845236,0.16806753737722013,0.16806753737722013,0.9976428352246222,0.16846463628376507,False,
B,1,651,D13,13,eff_dim,True,1.1971102378342267,1.2620787302160785,0.06496849238185187,0.06496849238185187,0.024661092799029616,2.634453100326856,True,
B,1,651,D13,13,mean_position_shift,True,0.0,0.8017545342445374,0.8017545342445374,0.8017545342445374,0.6032009720802307,1.3291665155637338,True,
B,1,671,D12,9,traj_length,False,4.690459135778818,2.7771751715857858,-1.9132839641930324,1.9132839641930324,6.479649825698083,0.29527582749996917,False,
B,1,671,D12,9,mean_step,False,1.5634863785929394,0.9257250571952619,-0.6377613213976775,0.6377613213976775,2.159883275232694,0.29527582749996917,False,
B,1,671,D12,9,spread_rms,False,1.7905120426241172,0.9525636955391988,-0.8379483470849184,0.8379483470849184,0.9812704641488724,0.8539422898168368,False,
B,1,671,D12,9,half_shift,False,3.054321083475516,1.0662879337674482,-1.9880331497080679,1.9880331497080679,0.45006075966836634,4.417255019462213,True,
B,1,671,D12,9,eff_dim,False,1.0102762824671654,1.0245322230843896,0.014255940617224239,0.014255940617224239,0.10784438179965972,0.13218992384514944,False,
B,1,671,D12,9,mean_position_shift,False,0.0,2.3919053077697754,2.3919053077697754,2.3919053077697754,2.3197684288024902,1.0310965862245671,True,
B,1,671,D12,10,traj_length,False,4.247202226496334,17.976430210932776,13.729227984436442,13.729227984436442,13.47881369256892,1.0185783628722147,True,
B,1,671,D12,10,mean_step,False,1.0618005566240836,4.494107552733194,3.4323069961091104,3.4323069961091104,3.36970342314223,1.0185783628722147,True,
B,1,671,D12,10,spread_rms,False,0.6970857074475784,2.5778129879879437,1.8807272805403654,1.8807272805403654,1.4005644444123135,1.342835231926462,True,
B,1,671,D12,10,half_shift,False,0.929041074599673,2.299443111336479,1.370402036736806,1.370402036736806,0.1945013378571656,7.045720362824327,True,
B,1,671,D12,10,eff_dim,False,1.6116898210008392,1.0670258562869033,-0.544663964713936,0.544663964713936,0.45256218339914556,1.2035118812248604,True,
B,1,671,D12,10,mean_position_shift,False,0.0,0.8989195823669434,0.8989195823669434,0.8989195823669434,1.288333773612976,0.6977381178528234,False,
B,1,671,D12,11,traj_length,False,9.126146612926345,7.852624146943213,-1.273522465983132,1.273522465983132,0.2598142901211391,4.901664436507125,True,
B,1,671,D12,11,mean_step,False,1.825229322585269,1.9631560367358032,0.13792671415053426,0.13792671415053426,0.06495357253028478,2.123466174031083,True,
B,1,671,D12,11,spread_rms,False,1.2573167660876918,1.4850491476634715,0.22773238157577969,0.22773238157577969,0.051650161196928224,4.409132058804175,True,
B,1,671,D12,11,half_shift,False,0.3772930682967916,2.3880469675136,2.0107538992168084,2.0107538992168084,1.9353174565094595,1.0389788468313648,True,
B,1,671,D12,11,eff_dim,False,1.40107504346309,1.5586888850398442,0.15761384157675407,0.15761384157675407,0.3729916450684492,0.42256668121300606,False,
B,1,671,D12,11,mean_position_shift,False,0.0,3.2450969219207764,3.2450969219207764,3.2450969219207764,1.473529577255249,2.2022611368042133,True,
B,1,671,D12,12,traj_length,False,6.304600514477584,5.1058811642363295,-1.1987193502412543,1.1987193502412543,7.176532867858091,0.1670332139925145,False,
B,1,671,D12,12,mean_step,False,1.576150128619396,1.7019603880787766,0.12581025945938062,0.12581025945938062,1.3686431199448286,0.09192334921060515,False,
B,1,671,D12,12,spread_rms,False,1.2831601405006416,1.9184670504943508,0.6353069099937092,0.6353069099937092,0.21025685473464617,3.0215752575367674,True,
B,1,671,D12,12,half_shift,False,2.235887898682609,3.6743520327678416,1.4384641340852324,1.4384641340852324,0.7821475315100388,1.8391212349773554,True,
B,1,671,D12,12,eff_dim,False,1.425526166018967,1.076916091404887,-0.3486100746140801,0.3486100746140801,0.3345890557595568,1.041905192692851,True,
B,1,671,D12,12,mean_position_shift,False,0.0,2.967027425765991,2.967027425765991,2.967027425765991,1.0763294696807861,2.756616360830426,True,
B,1,671,D12,13,traj_length,False,10.021006162634725,10.792321103399543,0.7713149407648174,0.7713149407648174,11.022557892417831,0.06997603898232982,False,
B,1,671,D12,13,mean_step,False,2.004201232526945,2.1584642206799085,0.15426298815296358,0.15426298815296358,0.9579470644368593,0.1610349818689083,False,
B,1,671,D12,13,spread_rms,False,1.4646085018867625,1.4303392866673195,-0.03426921521944304,0.03426921521944304,1.277521957802821,0.026824756326209714,False,
B,1,671,D12,13,half_shift,False,1.9757163834676683,0.6580671567184363,-1.3176492267492321,1.3176492267492321,1.4840791143562937,0.8878564585963807,False,
B,1,671,D12,13,eff_dim,False,2.1676253790699334,1.4424289638402301,-0.7251964152297032,0.7251964152297032,0.23924540546860462,3.0311822030992706,True,
B,1,671,D12,13,mean_position_shift,False,0.0,3.9893274307250977,3.9893274307250977,3.9893274307250977,1.525627613067627,2.6148762624344695,True,
B,1,671,D13,9,traj_length,False,4.690459135778818,4.549185281602872,-0.14127385417594596,0.14127385417594596,0.126862462053424,1.1135985530255046,True,
B,1,671,D13,9,mean_step,False,1.5634863785929394,1.137296320400718,-0.42619005819222133,0.42619005819222133,0.031715615513356,13.43786180068759,True,
B,1,671,D13,9,spread_rms,False,1.7905120426241172,1.431172213462852,-0.3593398291612653,0.3593398291612653,0.5308373386806774,0.6769302062555633,False,
B,1,671,D13,9,half_shift,False,3.054321083475516,2.4454157140996986,-0.6089053693758175,0.6089053693758175,1.5532349426132415,0.39202399628697776,False,
B,1,671,D13,9,eff_dim,False,1.0102762824671654,1.0836525272557556,0.07337624478859017,0.07337624478859017,0.8277917000410193,0.08864095253063564,False,
B,1,671,D13,9,mean_position_shift,False,0.0,2.554835557937622,2.554835557937622,2.554835557937622,1.0739127397537231,2.378997346212239,True,
B,1,671,D13,10,traj_length,False,4.247202226496334,8.495635023906166,4.248432797409832,4.248432797409832,3.840962615420083,1.1060854329469134,True,
B,1,671,D13,10,mean_step,False,1.0618005566240836,2.1239087559765415,1.062108199352458,1.062108199352458,0.9602406538550208,1.1060854329469134,True,
B,1,671,D13,10,spread_rms,False,0.6970857074475784,1.3358588835854492,0.6387731761378709,0.6387731761378709,0.3617908358151809,1.765586943899776,True,
B,1,671,D13,10,half_shift,False,0.929041074599673,1.4543977360607503,0.5253566614610773,0.5253566614610773,0.4550915492785178,1.1543977520434179,True,
B,1,671,D13,10,eff_dim,False,1.6116898210008392,2.023807541654892,0.41211772065405294,0.41211772065405294,0.015080376929109018,27.3280782430948,True,
B,1,671,D13,10,mean_position_shift,False,0.0,1.545646071434021,1.545646071434021,1.545646071434021,1.099954605102539,1.4051907817504288,True,
B,1,671,D13,11,traj_length,False,9.126146612926345,7.3133068039221305,-1.8128398090042142,1.8128398090042142,0.3097721715078894,5.852171291500419,True,
B,1,671,D13,11,mean_step,False,1.825229322585269,1.8283267009805326,0.0030973783952636946,0.0030973783952636946,0.07744304287697235,0.03999556680881271,False,
B,1,671,D13,11,spread_rms,False,1.2573167660876918,1.2276044982314007,-0.029712267856291108,0.029712267856291108,0.02089522722008219,1.4219643339286088,True,
B,1,671,D13,11,half_shift,False,0.3772930682967916,1.245189388479569,0.8678963201827774,0.8678963201827774,0.01447619562766378,59.95334288825452,True,
B,1,671,D13,11,eff_dim,False,1.40107504346309,2.1573539063109637,0.7562788628478736,0.7562788628478736,0.5858657062605297,1.2908740941248447,True,
B,1,671,D13,11,mean_position_shift,False,0.0,3.039851665496826,3.039851665496826,3.039851665496826,1.032581090927124,2.9439350499508308,True,
B,1,671,D13,12,traj_length,False,6.304600514477584,8.359869069054778,2.055268554577194,2.055268554577194,3.3880671736615326,0.606619777362925,False,
B,1,671,D13,12,mean_step,False,1.576150128619396,2.0899672672636944,0.5138171386442985,0.5138171386442985,0.4326999687992794,1.1874674732935968,True,
B,1,671,D13,12,spread_rms,False,1.2831601405006416,1.3577960434334218,0.07463590293278011,0.07463590293278011,0.37847567336324606,0.19720132147343458,False,
B,1,671,D13,12,half_shift,False,2.235887898682609,1.6968246672609162,-0.539063231421693,0.539063231421693,0.8828199565216915,0.6106151400854154,False,
B,1,671,D13,12,eff_dim,False,1.425526166018967,1.22655695666417,-0.198969209354797,0.198969209354797,0.7796438115832136,0.2552052698920967,False,
B,1,671,D13,12,mean_position_shift,False,0.0,3.2595622539520264,3.2595622539520264,3.2595622539520264,1.9523210525512695,1.6695831096491378,True,
B,1,671,D13,13,traj_length,False,10.021006162634725,10.58758663381565,0.5665804711809255,0.5665804711809255,7.33433876746728,0.07725038195591545,False,
B,1,671,D13,13,mean_step,False,2.004201232526945,1.7645977723026085,-0.23960346022433643,0.23960346022433643,0.4756429028577578,0.5037465266163983,False,
B,1,671,D13,13,spread_rms,False,1.4646085018867625,1.7548657456694439,0.29025724378268136,0.29025724378268136,0.1780535996906505,1.63016779378217,True,
B,1,671,D13,13,half_shift,False,1.9757163834676683,2.123357806038261,0.14764142257059265,0.14764142257059265,1.292049445318097,0.11426917375769931,False,
B,1,671,D13,13,eff_dim,False,2.1676253790699334,1.2615273206594857,-0.9060980584104477,0.9060980584104477,0.46146228922107224,1.963536521998148,True,
B,1,671,D13,13,mean_position_shift,False,0.0,3.119647264480591,3.119647264480591,3.119647264480591,1.2980821132659912,2.4032742093884325,True,
B,1,790,D12,9,traj_length,True,3.2991214016107624,7.994758135300497,4.695636733689735,4.695636733689735,1.6186063082171227,2.901036966093335,True,
B,1,790,D12,9,mean_step,True,1.0997071338702542,1.9986895338251243,0.8989823999548701,0.8989823999548701,0.12669440853600067,7.0956754156946165,True,
B,1,790,D12,9,spread_rms,True,0.8287342123474415,1.321369117561316,0.49263490521387454,0.49263490521387454,0.15339021949526122,3.211644828691922,True,
B,1,790,D12,9,half_shift,True,1.0572229710224323,0.6927971812590406,-0.3644257897633918,0.3644257897633918,1.9166541218886597,0.19013643912146694,False,
B,1,790,D12,9,eff_dim,True,1.5683943742439355,1.2867174901064027,-0.2816768841375328,0.2816768841375328,0.18651636062338617,1.510199336916587,True,
B,1,790,D12,9,mean_position_shift,True,0.0,0.5621374845504761,0.5621374845504761,0.5621374845504761,0.936672031879425,0.6001433430467137,False,
B,1,790,D12,10,traj_length,True,9.493480952463244,8.052619073720374,-1.4408618787428704,1.4408618787428704,4.183494491254951,0.34441586615084685,False,
B,1,790,D12,10,mean_step,True,2.373370238115811,2.0131547684300934,-0.3602154696857176,0.3602154696857176,1.0458736228137377,0.34441586615084685,False,
B,1,790,D12,10,spread_rms,True,1.679031664624621,1.1911722554526143,-0.48785940917200676,0.48785940917200676,0.6127483213129248,0.7961823675447681,False,
B,1,790,D12,10,half_shift,True,0.4535903822897078,0.6740499599533356,0.22045957766362778,0.22045957766362778,1.4451053463643841,0.15255605981824302,False,
B,1,790,D12,10,eff_dim,True,1.1134964326087027,1.5586836409958127,0.44518720838711,0.44518720838711,0.43303405653074445,1.0280651179118119,True,
B,1,790,D12,10,mean_position_shift,True,0.0,1.2562650442123413,1.2562650442123413,1.2562650442123413,1.0800782442092896,1.1631241078576078,True,
B,1,790,D12,11,traj_length,True,6.581266605725034,6.8712658747500965,0.28999926902506257,0.28999926902506257,2.16158687756199,0.13416035785346128,False,
B,1,790,D12,11,mean_step,True,1.6453166514312585,2.290421958250032,0.6451053068187735,0.6451053068187735,0.032208770172010404,20.0288711234114,True,
B,1,790,D12,11,spread_rms,True,1.0347570622724698,1.5807672235019328,0.546010161229463,0.546010161229463,0.11030291749260046,4.950097183658732,True,
B,1,790,D12,11,half_shift,True,0.8763798400392506,0.975328428673074,0.09894858863382339,0.09894858863382339,0.08620432391682065,1.1478378825788345,True,
B,1,790,D12,11,eff_dim,True,2.272528616861408,1.3373431665746658,-0.9351854502867423,0.9351854502867423,0.3405792259870859,2.745867565986549,True,
B,1,790,D12,11,mean_position_shift,True,0.0,1.0182361602783203,1.0182361602783203,1.0182361602783203,0.6027006506919861,1.6894558834626117,True,
B,1,790,D12,12,traj_length,True,13.306027988301489,4.506490978905072,-8.799537009396417,8.799537009396417,0.7209587595533038,12.205326438988674,True,
B,1,790,D12,12,mean_step,True,4.435342662767163,1.502163659635024,-2.933179003132139,2.933179003132139,0.24031958651776808,12.205326438988667,True,
B,1,790,D12,12,spread_rms,True,2.5667633377170507,0.876356208206667,-1.6904071295103837,1.6904071295103837,0.11782703566006614,14.346513260227045,True,
B,1,790,D12,12,half_shift,True,2.4642680634077756,0.30137264269474795,-2.1628954207130278,2.1628954207130278,0.7636121838914515,2.832452737580319,True,
B,1,790,D12,12,eff_dim,True,1.1225169692999222,1.5227982342486421,0.40028126494871996,0.40028126494871996,0.501731576521089,0.7977996276897577,False,
B,1,790,D12,12,mean_position_shift,True,0.0,1.176336407661438,1.176336407661438,1.176336407661438,0.8114585280418396,1.4496568425993361,True,
B,1,790,D12,13,traj_length,True,12.058464022609426,9.989870047960025,-2.068593974649401,2.068593974649401,3.1638642673892363,0.6538188113728303,False,
B,1,790,D12,13,mean_step,True,2.0097440037682377,1.6649783413266708,-0.3447656624415669,0.3447656624415669,0.21412656086608095,1.610102273380229,True,
B,1,790,D12,13,spread_rms,True,1.7421102094029441,1.2983169972240372,-0.443793212178907,0.443793212178907,0.5573622174886814,0.7962384213600185,False,
B,1,790,D12,13,half_shift,True,2.147101639876501,0.6088489521109104,-1.5382526877655904,1.5382526877655904,0.9430642876068529,1.6311217676040992,True,
B,1,790,D12,13,eff_dim,True,1.5342296848893242,1.4970810409728204,-0.037148643916503854,0.037148643916503854,0.01861896043927902,1.995205051197926,True,
B,1,790,D12,13,mean_position_shift,True,0.0,1.5732908248901367,1.5732908248901367,1.5732908248901367,0.6417264342308044,2.451653447587737,True,
B,1,790,D13,9,traj_length,True,3.2991214016107624,3.4201475180615577,0.1210261164507953,0.1210261164507953,0.7353145423334291,0.16459094643597555,False,
B,1,790,D13,9,mean_step,True,1.0997071338702542,1.140049172687186,0.04034203881693177,0.04034203881693177,0.24510484744447636,0.16459094643597555,False,
B,1,790,D13,9,spread_rms,True,0.8287342123474415,1.173824328425383,0.3450901160779416,0.3450901160779416,0.09007823821389915,3.8310042793964625,True,
B,1,790,D13,9,half_shift,True,1.0572229710224323,2.0434336397359933,0.986210668713561,0.986210668713561,0.12544568520319932,7.8616547641003205,True,
B,1,790,D13,9,eff_dim,True,1.5683943742439355,1.149505704229497,-0.4188886700144385,0.4188886700144385,0.07013153635520752,5.97290023553483,True,
B,1,790,D13,9,mean_position_shift,True,0.0,3.1788077354431152,3.1788077354431152,3.1788077354431152,2.6270053386688232,1.2100499715976618,True,
B,1,790,D13,10,traj_length,True,9.493480952463244,12.995170676595082,3.501689724131838,3.501689724131838,8.025212740414924,0.43633606203326536,False,
B,1,790,D13,10,mean_step,True,2.373370238115811,3.2487926691487705,0.8754224310329595,0.8754224310329595,2.006303185103731,0.43633606203326536,False,
B,1,790,D13,10,spread_rms,True,1.679031664624621,2.5043990580287394,0.8253673934041184,0.8253673934041184,0.9465852050771624,0.8719419963222828,False,
B,1,790,D13,10,half_shift,True,0.4535903822897078,2.2863544180161472,1.8327640357264394,1.8327640357264394,0.16255132785862436,11.274986552681057,True,
B,1,790,D13,10,eff_dim,True,1.1134964326087027,1.1664554804510068,0.0529590478423041,0.0529590478423041,0.04614601916704908,1.1476406588960963,True,
B,1,790,D13,10,mean_position_shift,True,0.0,2.027191400527954,2.027191400527954,2.027191400527954,0.7882797718048096,2.571664874625146,True,
B,1,790,D13,11,traj_length,True,6.581266605725034,10.166991451593857,3.585724845868823,3.585724845868823,1.651813705756469,2.170780417533038,True,
B,1,790,D13,11,mean_step,True,1.6453166514312585,2.541747862898464,0.8964312114672057,0.8964312114672057,0.41295342643911725,2.170780417533038,True,
B,1,790,D13,11,spread_rms,True,1.0347570622724698,1.6648503315984027,0.6300932693259329,0.6300932693259329,0.09610280757603173,6.556450172669874,True,
B,1,790,D13,11,half_shift,True,0.8763798400392506,1.147482557209821,0.27110271717057044,0.27110271717057044,1.3468634684424186,0.20128448318825323,False,
B,1,790,D13,11,eff_dim,True,2.272528616861408,1.287138060920961,-0.985390555940447,0.985390555940447,0.18121178790726922,5.437783972666817,True,
B,1,790,D13,11,mean_position_shift,True,0.0,1.522324800491333,1.522324800491333,1.522324800491333,3.308535099029541,0.4601204928845582,False,
B,1,790,D13,12,traj_length,True,13.306027988301489,9.77785811951144,-3.52816986879005,3.52816986879005,1.6514494650693052,2.136408012122845,True,
B,1,790,D13,12,mean_step,True,4.435342662767163,3.2592860398371464,-1.176056622930017,1.176056622930017,1.227683876226613,0.9579474372056782,False,
B,1,790,D13,12,spread_rms,True,2.5667633377170507,1.7867826500825637,-0.779980687634487,0.779980687634487,0.6826638120485342,1.142554613073637,True,
B,1,790,D13,12,half_shift,True,2.4642680634077756,1.679447737921771,-0.7848203254860047,0.7848203254860047,2.149694095374637,0.36508465421878106,False,
B,1,790,D13,12,eff_dim,True,1.1225169692999222,1.8458597671136014,0.7233427978136793,0.7233427978136793,0.7289323754930659,0.992331829580754,False,
B,1,790,D13,12,mean_position_shift,True,0.0,0.8323696851730347,0.8323696851730347,0.8323696851730347,1.372433066368103,0.6064920072027637,False,
B,1,790,D13,13,traj_length,True,12.058464022609426,26.423424522843018,14.364960500233591,14.364960500233591,9.435543219952837,1.5224306820890587,True,
B,1,790,D13,13,mean_step,True,2.0097440037682377,3.302928065355377,1.2931840615871395,1.2931840615871395,0.09464819522265877,13.663060965345817,True,
B,1,790,D13,13,spread_rms,True,1.7421102094029441,2.222404750625379,0.48029454122243465,0.48029454122243465,0.20407774720431116,2.3534880593403984,True,
B,1,790,D13,13,half_shift,True,2.147101639876501,1.5942529071044944,-0.5528487327720064,0.5528487327720064,1.290531624095794,0.42838836526718804,False,
B,1,790,D13,13,eff_dim,True,1.5342296848893242,1.500253548441979,-0.03397613644734521,0.03397613644734521,0.11888317267682202,0.28579432801400445,False,
B,1,790,D13,13,mean_position_shift,True,0.0,1.9423317909240723,1.9423317909240723,1.9423317909240723,0.7607026100158691,2.5533391963563172,True,
B,2,252,D12,9,traj_length,True,4.221460783095914,7.423132000079242,3.2016712169833283,3.2016712169833283,0.8526420131020211,3.755000536902043,True,
B,2,252,D12,9,mean_step,True,1.4071535943653046,2.4743773333597474,1.0672237389944428,1.0672237389944428,0.28421400436734023,3.755000536902045,True,
B,2,252,D12,9,spread_rms,True,1.1823487869102158,1.3059826998185,0.12363391290828418,0.12363391290828418,0.0654526100816002,1.8889072987944864,True,
B,2,252,D12,9,half_shift,True,1.2781256771493525,0.5134791040515718,-0.7646465730977807,0.7646465730977807,0.49988434945328586,1.5296469552088605,True,
B,2,252,D12,9,eff_dim,True,1.2348812290553033,1.5728548885834823,0.33797365952817904,0.33797365952817904,0.21246905919944115,1.5906958914470875,True,
B,2,252,D12,9,mean_position_shift,True,0.0,4.232349872589111,4.232349872589111,4.232349872589111,3.3982558250427246,1.245447691548031,True,
B,2,252,D12,10,traj_length,True,6.512686715842725,9.672159829505931,3.159473113663206,3.159473113663206,1.2904626806814132,2.4483258299224,True,
B,2,252,D12,10,mean_step,True,1.6281716789606813,1.9344319659011862,0.3062602869405049,0.3062602869405049,0.16099232130494334,1.9023285362809477,True,
B,2,252,D12,10,spread_rms,True,1.386260239014973,1.8803931903869673,0.4941329513719943,0.4941329513719943,0.02723919000848518,18.140515603366648,True,
B,2,252,D12,10,half_shift,True,1.0414031480365606,2.833739691126638,1.7923365430900775,1.7923365430900775,0.4730854600533969,3.7886105036662454,True,
B,2,252,D12,10,eff_dim,True,1.248142395931606,1.7011415509964838,0.45299915506487776,0.45299915506487776,0.5896520707500139,0.7682482221908945,False,
B,2,252,D12,10,mean_position_shift,True,0.0,3.196636915206909,3.196636915206909,3.196636915206909,1.9739060401916504,1.6194473546960428,True,
B,2,252,D12,11,traj_length,True,11.857577593199915,4.751260315911927,-7.106317277287988,7.106317277287988,2.307629146312249,3.079488438878654,True,
B,2,252,D12,11,mean_step,True,2.9643943982999788,1.1878150789779818,-1.776579319321997,1.776579319321997,1.1651480750967436,1.5247669865261422,True,
B,2,252,D12,11,spread_rms,True,1.8008529451401625,1.318732998043056,-0.4821199470971065,0.4821199470971065,0.05411113213801033,8.909810755159596,True,
B,2,252,D12,11,half_shift,True,0.5571894763044343,1.924770195260879,1.3675807189564446,1.3675807189564446,1.3564514654662045,1.008204682418486,True,
B,2,252,D12,11,eff_dim,True,1.813323241171266,1.210316170518445,-0.603007070652821,0.603007070652821,0.5412993793505492,1.1139991909399725,True,
B,2,252,D12,11,mean_position_shift,True,0.0,2.2079267501831055,2.2079267501831055,2.2079267501831055,4.4428300857543945,0.49696403138680884,False,
B,2,252,D12,12,traj_length,True,8.899950883100704,5.863614161154722,-3.0363367219459825,3.0363367219459825,3.964096352025191,0.7659593643314871,False,
B,2,252,D12,12,mean_step,True,2.9666502943669015,1.9545380537182406,-1.012112240648661,1.012112240648661,1.3213654506750634,0.7659593643314874,False,
B,2,252,D12,12,spread_rms,True,2.545489343591389,1.2503560888994747,-1.2951332546919143,1.2951332546919143,1.146484013032434,1.1296566196909323,True,
B,2,252,D12,12,half_shift,True,3.7888866143445474,1.6111548112598488,-2.177731803084699,2.177731803084699,2.2954400303555813,0.9487208440585361,False,
B,2,252,D12,12,eff_dim,True,1.2021994495331711,1.7893186894188553,0.5871192398856842,0.5871192398856842,0.6399458885987279,0.9174513819774406,False,
B,2,252,D12,12,mean_position_shift,True,0.0,2.188506841659546,2.188506841659546,2.188506841659546,2.8360447883605957,0.771675698014852,False,
B,2,252,D12,13,traj_length,True,8.315495335158287,8.213210286848486,-0.10228504830980079,0.10228504830980079,13.968800720226248,0.00732239297835327,False,
B,2,252,D12,13,mean_step,True,2.078873833789572,1.6426420573696974,-0.43623177641987443,0.43623177641987443,1.5262166579266934,0.28582558980353323,False,
B,2,252,D12,13,spread_rms,True,1.158496047778267,1.2618268043047967,0.10333075652652957,0.10333075652652957,1.3836501522689155,0.0746798288260131,False,
B,2,252,D12,13,half_shift,True,0.7597504053140991,0.988735846542282,0.22898544122818287,0.22898544122818287,0.8545541199125124,0.26795896935307734,False,
B,2,252,D12,13,eff_dim,True,1.5075875529683098,1.9824563937441417,0.4748688407758319,0.4748688407758319,0.5151712126876531,0.9217689752081384,False,
B,2,252,D12,13,mean_position_shift,True,0.0,0.9113516807556152,0.9113516807556152,0.9113516807556152,0.7181793451309204,1.2689750644241662,True,
B,2,252,D13,9,traj_length,True,4.221460783095914,4.378547376346343,0.15708659325042884,0.15708659325042884,1.5449314642539438,0.10167868082503378,False,
B,2,252,D13,9,mean_step,True,1.4071535943653046,1.0946368440865857,-0.31251675027871895,0.31251675027871895,0.15009820672245267,2.0820818389695703,True,
B,2,252,D13,9,spread_rms,True,1.1823487869102158,0.6678351232507385,-0.5145136636594774,0.5145136636594774,0.031189917736623274,16.496153276330517,True,
B,2,252,D13,9,half_shift,True,1.2781256771493525,0.8204489486644121,-0.45767672848494045,0.45767672848494045,0.1437072734171071,3.184784719674864,True,
B,2,252,D13,9,eff_dim,True,1.2348812290553033,2.3337685897965867,1.0988873607412835,1.0988873607412835,0.6509404507644998,1.6881534393056854,True,
B,2,252,D13,9,mean_position_shift,True,0.0,1.4516209363937378,1.4516209363937378,1.4516209363937378,0.9828792214393616,1.476906729463601,True,
B,2,252,D13,10,traj_length,True,6.512686715842725,7.006635859496435,0.49394914365371,0.49394914365371,3.929187125804595,0.12571280721392522,False,
B,2,252,D13,10,mean_step,True,1.6281716789606813,1.7516589648741088,0.1234872859134275,0.1234872859134275,0.9822967814511487,0.12571280721392522,False,
B,2,252,D13,10,spread_rms,True,1.386260239014973,1.557828441448769,0.1715682024337961,0.1715682024337961,0.7483297738163912,0.22926817619298917,False,
B,2,252,D13,10,half_shift,True,1.0414031480365606,1.3598135594116474,0.31841041137508674,0.31841041137508674,0.8023234976187957,0.3968603840222708,False,
B,2,252,D13,10,eff_dim,True,1.248142395931606,1.7023973096705867,0.45425491373898064,0.45425491373898064,0.6139912196380464,0.7398394296367433,False,
B,2,252,D13,10,mean_position_shift,True,0.0,3.3857510089874268,3.3857510089874268,3.3857510089874268,1.8381729125976562,1.8419110551481117,True,
B,2,252,D13,11,traj_length,True,11.857577593199915,14.82434025993408,2.9667626667341658,2.9667626667341658,7.7256274068183535,0.3840157582691356,False,
B,2,252,D13,11,mean_step,True,2.9643943982999788,3.70608506498352,0.7416906666835414,0.7416906666835414,1.9314068517045884,0.3840157582691356,False,
B,2,252,D13,11,spread_rms,True,1.8008529451401625,2.4177445186195503,0.6168915734793878,0.6168915734793878,0.6409024234108012,0.9625358727719726,False,
B,2,252,D13,11,half_shift,True,0.5571894763044343,1.228810406915814,0.6716209306113796,0.6716209306113796,1.60254346841514,0.4190968568706529,False,
B,2,252,D13,11,eff_dim,True,1.813323241171266,1.430338242722306,-0.38298499844896017,0.38298499844896017,0.16494414303801497,2.3219072311084905,True,
B,2,252,D13,11,mean_position_shift,True,0.0,4.104515075683594,4.104515075683594,4.104515075683594,2.0741631984710693,1.978877592037676,True,
B,2,252,D13,12,traj_length,True,8.899950883100704,11.885800456325025,2.9858495732243213,2.9858495732243213,5.081850832009943,0.5875515972284798,False,
B,2,252,D13,12,mean_step,True,2.9666502943669015,3.961933485441675,0.9952831910747735,0.9952831910747735,1.6939502773366475,0.5875515972284797,False,
B,2,252,D13,12,spread_rms,True,2.545489343591389,2.1194759566109362,-0.42601338698045277,0.42601338698045277,0.18559442782983782,2.2953996623812594,True,
B,2,252,D13,12,half_shift,True,3.7888866143445474,0.9781302914541438,-2.810756322890404,2.810756322890404,1.0775050702430704,2.60857828005982,True,
B,2,252,D13,12,eff_dim,True,1.2021994495331711,1.361036632220346,0.15883718268717484,0.15883718268717484,0.33731203765619355,0.4708909405986577,False,
B,2,252,D13,12,mean_position_shift,True,0.0,6.014575004577637,6.014575004577637,6.014575004577637,1.5375524759292603,3.911785190253471,True,
B,2,252,D13,13,traj_length,True,8.315495335158287,13.887881720072535,5.572386384914248,5.572386384914248,3.7145729918823314,1.5001418459381206,True,
B,2,252,D13,13,mean_step,True,2.078873833789572,2.777576344014507,0.6987025102249351,0.6987025102249351,0.7429145983764665,0.9404883303570147,False,
B,2,252,D13,13,spread_rms,True,1.158496047778267,1.7682317761531399,0.6097357283748728,0.6097357283748728,0.45376795385063473,1.3437170324627583,True,
B,2,252,D13,13,half_shift,True,0.7597504053140991,1.3242190009318549,0.5644685956177558,0.5644685956177558,0.03443876211530106,16.390501892254825,True,
B,2,252,D13,13,eff_dim,True,1.5075875529683098,1.6985859971769122,0.19099844420860235,0.19099844420860235,0.2622599591854866,0.7282790891975863,False,
B,2,252,D13,13,mean_position_shift,True,0.0,2.616960287094116,2.616960287094116,2.616960287094116,0.518743634223938,5.044804628801272,True,
B,2,651,D12,9,traj_length,True,6.501953787804717,3.45879644257578,-3.043157345228937,3.043157345228937,6.564077504541082,0.4636077717125759,False,
B,2,651,D12,9,mean_step,True,2.167317929268239,1.15293214752526,-1.0143857817429789,1.0143857817429789,1.3527863392539554,0.7498492203154563,False,
B,2,651,D12,9,spread_rms,True,1.8368424263737584,1.2097860190679817,-0.6270564073057767,0.6270564073057767,0.6355561217423942,0.9866263353528635,False,
B,2,651,D12,9,half_shift,True,3.1984734112118764,2.1447995522811256,-1.0536738589307508,1.0536738589307508,0.3481644335042602,3.026368455633358,True,
B,2,651,D12,9,eff_dim,True,1.093788194915094,1.116992741621876,0.023204546706781848,0.023204546706781848,0.5073715308121407,0.04573482211277944,False,
B,2,651,D12,9,mean_position_shift,True,0.0,2.8192174434661865,2.8192174434661865,2.8192174434661865,1.14862859249115,2.45442039480478,True,
B,2,651,D12,10,traj_length,True,6.603795424999594,12.012246171881143,5.40845074688155,5.40845074688155,2.0940070945878038,2.5828235065966574,True,
B,2,651,D12,10,mean_step,True,1.6509488562498984,3.003061542970286,1.3521126867203874,1.3521126867203874,0.5235017736469509,2.5828235065966574,True,
B,2,651,D12,10,spread_rms,True,1.6156349700178383,2.01143480608879,0.3957998360709516,0.3957998360709516,0.08378521755156054,4.723981719417038,True,
B,2,651,D12,10,half_shift,True,2.71680405999351,1.4790426835118267,-1.2377613764816833,1.2377613764816833,0.300954995862998,4.112778965281381,True,
B,2,651,D12,10,eff_dim,True,1.2856991085898248,1.0732208530151588,-0.21247825557466604,0.21247825557466604,0.3250152051828432,0.6537486621745359,False,
B,2,651,D12,10,mean_position_shift,True,0.0,3.3379440307617188,3.3379440307617188,3.3379440307617188,0.5426191687583923,6.1515409387388935,True,
B,2,651,D12,11,traj_length,True,4.793244292485783,11.729840886098378,6.936596593612595,6.936596593612595,4.220604764486778,1.6435077389806434,True,
B,2,651,D12,11,mean_step,True,1.1983110731214457,2.9324602215245945,1.7341491484031488,1.7341491484031488,1.0551511911216944,1.6435077389806434,True,
B,2,651,D12,11,spread_rms,True,0.8725762210975354,2.2235088037196666,1.3509325826221312,1.3509325826221312,0.7164623520196791,1.8855597629294905,True,
B,2,651,D12,11,half_shift,True,0.41657076076641286,1.3564392178546056,0.9398684570881928,0.9398684570881928,0.15845473679040523,5.931463306971987,True,
B,2,651,D12,11,eff_dim,True,1.7458149003262098,1.2796375885243407,-0.46617731180186905,0.46617731180186905,0.8549316468151502,0.5452802145510751,False,
B,2,651,D12,11,mean_position_shift,True,0.0,4.070688247680664,4.070688247680664,4.070688247680664,1.4841349124908447,2.742802027915892,True,
B,2,651,D12,12,traj_length,True,3.9610760789923085,13.834272052382955,9.873195973390647,9.873195973390647,6.441640435856266,1.5327145424685964,True,
B,2,651,D12,12,mean_step,True,1.3203586929974362,4.611424017460985,3.291065324463549,3.291065324463549,2.1472134786187556,1.5327145424685964,True,
B,2,651,D12,12,spread_rms,True,1.2755603199503196,2.885712272150659,1.6101519522003396,1.6101519522003396,1.6498482314525835,0.9759394358247765,False,
B,2,651,D12,12,half_shift,True,2.337626001048327,2.467174352000138,0.12954835095181094,0.12954835095181094,1.8478474414091703,0.07010770913697141,False,
B,2,651,D12,12,eff_dim,True,1.291786546515006,1.3592232355919227,0.06743668907691669,0.06743668907691669,0.24236915190443709,0.27823957193820636,False,
B,2,651,D12,12,mean_position_shift,True,0.0,2.9284262657165527,2.9284262657165527,2.9284262657165527,0.9986826181411743,2.9322892103270677,True,
B,2,651,D12,13,traj_length,True,13.990977658214074,22.91103060151647,8.920052943302395,8.920052943302395,11.988799831800709,0.7440321857440345,False,
B,2,651,D12,13,mean_step,True,2.798195531642815,3.818505100252745,1.02030956860993,1.02030956860993,1.998133305300118,0.5106313807509856,False,
B,2,651,D12,13,spread_rms,True,1.8826082740054446,2.3745296899788175,0.4919214159733729,0.4919214159733729,0.3198851719625959,1.5378062476459307,True,
B,2,651,D12,13,half_shift,True,0.77917875929828,2.1898793278157145,1.4107005685174345,1.4107005685174345,1.098364650430772,1.2843645031403426,True,
B,2,651,D12,13,eff_dim,True,1.311103682301897,1.4838109338282588,0.17270725152636168,0.17270725152636168,0.19268169985081718,0.8963344814794523,False,
B,2,651,D12,13,mean_position_shift,True,0.0,2.3996670246124268,2.3996670246124268,2.3996670246124268,0.6610223054885864,3.63023608233423,True,
B,2,651,D13,9,traj_length,True,6.501953787804717,4.942113193056755,-1.5598405947479623,1.5598405947479623,0.7103846112902525,2.1957691227500913,True,
B,2,651,D13,9,mean_step,True,2.167317929268239,1.6473710643522514,-0.5199468649159875,0.5199468649159875,0.23679487043008418,2.1957691227500913,True,
B,2,651,D13,9,spread_rms,True,1.8368424263737584,1.1024165983500767,-0.7344258280236817,0.7344258280236817,0.3555549711649102,2.0655760362946722,True,
B,2,651,D13,9,half_shift,True,3.1984734112118764,1.7727196933696678,-1.4257537178422086,1.4257537178422086,1.4524327612932657,0.9816314777784951,False,
B,2,651,D13,9,eff_dim,True,1.093788194915094,1.9156987375197811,0.8219105426046871,0.8219105426046871,0.5649668560799403,1.4547942658221888,True,
B,2,651,D13,9,mean_position_shift,True,0.0,0.6402907371520996,0.6402907371520996,0.6402907371520996,0.9754295945167542,0.6564192236440309,False,
B,2,651,D13,10,traj_length,True,6.603795424999594,4.616326337418189,-1.9874690875814043,1.9874690875814043,0.7232700820785043,2.747893403623023,True,
B,2,651,D13,10,mean_step,True,1.6509488562498984,1.1540815843545473,-0.49686727189535107,0.49686727189535107,0.18081752051962607,2.747893403623023,True,
B,2,651,D13,10,spread_rms,True,1.6156349700178383,0.8050841324119618,-0.8105508376058765,0.8105508376058765,0.006045601851839,134.07281151988477,True,
B,2,651,D13,10,half_shift,True,2.71680405999351,0.8868010420929713,-1.8300030179005387,1.8300030179005387,0.30942366610111305,5.914230934431928,True,
B,2,651,D13,10,eff_dim,True,1.2856991085898248,2.400111090701105,1.1144119821112803,1.1144119821112803,0.12352004661200056,9.022114326202091,True,
B,2,651,D13,10,mean_position_shift,True,0.0,1.0844736099243164,1.0844736099243164,1.0844736099243164,0.3481958210468292,3.1145509060502605,True,
B,2,651,D13,11,traj_length,True,4.793244292485783,7.645338116878078,2.852093824392295,2.852093824392295,0.03544420404579185,80.46714268735039,True,
B,2,651,D13,11,mean_step,True,1.1983110731214457,1.9113345292195194,0.7130234560980737,0.7130234560980737,0.008861051011447962,80.46714268735039,True,
B,2,651,D13,11,spread_rms,True,0.8725762210975354,1.3048244434341305,0.4322482223365951,0.4322482223365951,0.3022451317868142,1.430124679862428,True,
B,2,651,D13,11,half_shift,True,0.41657076076641286,1.949325225728842,1.5327544649624292,1.5327544649624292,0.19318371368869025,7.9341805564024765,True,
B,2,651,D13,11,eff_dim,True,1.7458149003262098,1.253815337700844,-0.4919995626253657,0.4919995626253657,0.19421106414646072,2.533324065689343,True,
B,2,651,D13,11,mean_position_shift,True,0.0,1.163601279258728,1.163601279258728,1.163601279258728,0.875680685043335,1.3287963285397173,True,
B,2,651,D13,12,traj_length,True,3.9610760789923085,8.069281637841677,4.108205558849368,4.108205558849368,4.437586485558315,0.9257747589188664,False,
B,2,651,D13,12,mean_step,True,1.3203586929974362,2.6897605459472254,1.3694018529497891,1.3694018529497891,1.4791954951861048,0.9257747589188662,False,
B,2,651,D13,12,spread_rms,True,1.2755603199503196,1.9460322866254531,0.6704719666751335,0.6704719666751335,1.0277102211858755,0.6523939850490885,False,
B,2,651,D13,12,half_shift,True,2.337626001048327,1.6964929241968996,-0.6411330768514274,0.6411330768514274,0.28074115255837695,2.2837160530574905,True,
B,2,651,D13,12,eff_dim,True,1.291786546515006,1.1217670065642364,-0.17001953995076957,0.17001953995076957,0.40784838345827157,0.41686947122144197,False,
B,2,651,D13,12,mean_position_shift,True,0.0,0.3522101938724518,0.3522101938724518,0.3522101938724518,1.2990081310272217,0.27113779002594324,False,
B,2,651,D13,13,traj_length,True,13.990977658214074,18.50493910782656,4.513961449612484,4.513961449612484,2.864041232096028,1.5760811677662105,True,
B,2,651,D13,13,mean_step,True,2.798195531642815,3.700987821565312,0.9027922899224969,0.9027922899224969,0.5728082464192057,1.5760811677662105,True,
B,2,651,D13,13,spread_rms,True,1.8826082740054446,2.324666073626919,0.4420577996214743,0.4420577996214743,0.273027061915867,1.6190988414096985,True,
B,2,651,D13,13,half_shift,True,0.77917875929828,0.9344444489381313,0.15526568963985132,0.15526568963985132,0.6586761537286011,0.23572386636578696,False,
B,2,651,D13,13,eff_dim,True,1.311103682301897,1.2976190890991286,-0.013484593202768513,0.013484593202768513,0.3420692189356387,0.039420656569820384,False,
B,2,651,D13,13,mean_position_shift,True,0.0,0.5439991354942322,0.5439991354942322,0.5439991354942322,0.8443564176559448,0.6442766634076783,False,
B,2,671,D12,9,traj_length,False,6.184037749036511,3.9567609414653333,-2.2272768075711777,2.2272768075711777,5.43161651108997,0.41005781667826674,False,
B,2,671,D12,9,mean_step,False,2.0613459163455037,1.3189203138217778,-0.7424256025237259,0.7424256025237259,1.81053883702999,0.41005781667826674,False,
B,2,671,D12,9,spread_rms,False,2.34507272509455,1.2512535409474803,-1.0938191841470695,1.0938191841470695,0.6896143796347647,1.586131635953387,True,
B,2,671,D12,9,half_shift,False,3.941242189278123,1.437848630232248,-2.503393559045875,2.503393559045875,0.5857327059371076,4.273952152015691,True,
B,2,671,D12,9,eff_dim,False,1.0079908043340888,1.028520078983471,0.020529274649382145,0.020529274649382145,0.04367259824745906,0.4700722071322278,False,
B,2,671,D12,9,mean_position_shift,False,0.0,2.703507900238037,2.703507900238037,2.703507900238037,2.040865659713745,1.324686849117367,True,
B,2,671,D12,10,traj_length,False,4.421661632081211,16.525320837529232,12.103659205448022,12.103659205448022,10.661433938779908,1.1352749803590831,True,
B,2,671,D12,10,mean_step,False,1.1054154080203027,4.131330209382308,3.0259148013620054,3.0259148013620054,2.665358484694977,1.1352749803590831,True,
B,2,671,D12,10,spread_rms,False,0.7712477890615634,2.3079280700267675,1.536680280965204,1.536680280965204,1.1145655817860458,1.3787257619266662,True,
B,2,671,D12,10,half_shift,False,0.8801246654970888,1.7343216372453192,0.8541969717482304,0.8541969717482304,0.1472628987202791,5.800490002378323,True,
B,2,671,D12,10,eff_dim,False,1.719680122278121,1.1181630469105068,-0.6015170753676142,0.6015170753676142,0.7733808996327527,0.7777759647972304,False,
B,2,671,D12,10,mean_position_shift,False,0.0,1.4127585887908936,1.4127585887908936,1.4127585887908936,1.7881933450698853,0.7900480072168488,False,
B,2,671,D12,11,traj_length,False,9.63400968159753,8.506373656193697,-1.1276360254038327,1.1276360254038327,3.5520924549765542,0.31745683416094406,False,
B,2,671,D12,11,mean_step,False,1.926801936319506,2.126593414048424,0.19979147772891825,0.19979147772891825,0.8880231137441386,0.22498454672710594,False,
B,2,671,D12,11,spread_rms,False,1.4467597534362384,1.703495324930188,0.25673557149394965,0.25673557149394965,0.6452596245188096,0.397879491817585,False,
B,2,671,D12,11,half_shift,False,0.8972224019149241,2.41553053737539,1.5183081354604657,1.5183081354604657,1.9713069219859638,0.7702038269773176,False,
B,2,671,D12,11,eff_dim,False,1.5023865114700763,1.7849813270178547,0.28259481554777843,0.28259481554777843,0.606105980731807,0.4662465386112441,False,
B,2,671,D12,11,mean_position_shift,False,0.0,3.4736766815185547,3.4736766815185547,3.4736766815185547,1.4940615892410278,2.32498894726499,True,
B,2,671,D12,12,traj_length,False,7.145289881193082,6.864095821629229,-0.2811940595638527,0.2811940595638527,3.2370982734114797,0.08686608678936114,False,
B,2,671,D12,12,mean_step,False,1.7863224702982705,2.2880319405430765,0.5017094702448059,0.5017094702448059,0.2372665832171008,2.114539112259807,True,
B,2,671,D12,12,spread_rms,False,1.5948298876060545,2.684054605576725,1.0892247179706704,1.0892247179706704,0.6476335287147581,1.6818535015200016,True,
B,2,671,D12,12,half_shift,False,2.756869588079613,5.131093672974703,2.3742240848950904,2.3742240848950904,1.978004897996239,1.200312540833559,True,
B,2,671,D12,12,eff_dim,False,1.2196792936109813,1.0358164882399699,-0.1838628053710114,0.1838628053710114,0.5278865461437487,0.3482998510080303,False,
B,2,671,D12,12,mean_position_shift,False,0.0,3.5321831703186035,3.5321831703186035,3.5321831703186035,1.2536770105361938,2.817458676065137,True,
B,2,671,D12,13,traj_length,False,14.650304970754899,16.828892670582967,2.1785876998280678,2.1785876998280678,7.716358864814762,0.2823336418115601,False,
B,2,671,D12,13,mean_step,False,2.93006099415098,3.3657785341165933,0.43571753996561347,0.43571753996561347,0.14068597094022506,3.0970930296293866,True,
B,2,671,D12,13,spread_rms,False,2.058016312833546,2.207128234336464,0.14911192150291797,0.14911192150291797,0.8597445001294362,0.17343748227580275,False,
B,2,671,D12,13,half_shift,False,3.0536340826241326,1.5985587570102737,-1.4550753256138589,1.4550753256138589,1.1448084836238275,1.2710207396506175,True,
B,2,671,D12,13,eff_dim,False,1.8463235619290639,1.15929548335758,-0.687028078571484,0.687028078571484,0.589247919042355,1.1659406106822425,True,
B,2,671,D12,13,mean_position_shift,False,0.0,5.131690502166748,5.131690502166748,5.131690502166748,1.282863736152649,4.000183618532128,True,
B,2,671,D13,9,traj_length,False,6.184037749036511,5.457937639602415,-0.7261001094340962,0.7261001094340962,0.15286383509360757,4.749979673017245,True,
B,2,671,D13,9,mean_step,False,2.0613459163455037,1.3644844099006037,-0.6968615064449,0.6968615064449,0.03821595877340189,18.234829867199668,True,
B,2,671,D13,9,spread_rms,False,2.34507272509455,1.6795427891202637,-0.6655299359742861,0.6655299359742861,0.4890067311141386,1.360983180043273,True,
B,2,671,D13,9,half_shift,False,3.941242189278123,2.7587508663707467,-1.1824913229073761,1.1824913229073761,1.2536413197385927,0.9432453320491601,False,
B,2,671,D13,9,eff_dim,False,1.0079908043340888,1.1523911208624094,0.14440031652832053,0.14440031652832053,0.2731686843377894,0.5286122634385166,False,
B,2,671,D13,9,mean_position_shift,False,0.0,2.62412428855896,2.62412428855896,2.62412428855896,1.942999005317688,1.3505535933765984,True,
B,2,671,D13,10,traj_length,False,4.421661632081211,9.721413237994856,5.299751605913645,5.299751605913645,4.569929559783423,1.1597009399341396,True,
B,2,671,D13,10,mean_step,False,1.1054154080203027,2.430353309498714,1.3249379014784113,1.3249379014784113,1.1424823899458558,1.1597009399341396,True,
B,2,671,D13,10,spread_rms,False,0.7712477890615634,1.9331960850590604,1.161948295997497,1.161948295997497,0.8924435255397227,1.3019852379956323,True,
B,2,671,D13,10,half_shift,False,0.8801246654970888,1.9598772306583598,1.0797525651612712,1.0797525651612712,0.7162502899198273,1.5075073341780176,True,
B,2,671,D13,10,eff_dim,False,1.719680122278121,1.610905356330731,-0.1087747659473901,0.1087747659473901,0.2153633200159235,0.5050756365538362,False,
B,2,671,D13,10,mean_position_shift,False,0.0,2.219478130340576,2.219478130340576,2.219478130340576,1.4859267473220825,1.4936659120918916,True,
B,2,671,D13,11,traj_length,False,9.63400968159753,11.863434716559865,2.229425034962336,2.229425034962336,2.3545676699632203,0.9468511198054295,False,
B,2,671,D13,11,mean_step,False,1.926801936319506,2.9658586791399664,1.0390567428204605,1.0390567428204605,0.5886419174908051,1.765176267516985,True,
B,2,671,D13,11,spread_rms,False,1.4467597534362384,1.6029955439143229,0.15623579047808445,0.15623579047808445,0.1707164027569037,0.9151773816401267,False,
B,2,671,D13,11,half_shift,False,0.8972224019149241,0.7779973103325759,-0.11922509158234817,0.11922509158234817,1.0190089419193475,0.11700102587694917,False,
B,2,671,D13,11,eff_dim,False,1.5023865114700763,1.685217824011431,0.18283131254135476,0.18283131254135476,0.046817950591836244,3.905154117814706,True,
B,2,671,D13,11,mean_position_shift,False,0.0,4.0592756271362305,4.0592756271362305,4.0592756271362305,1.596320390701294,2.542895305216839,True,
B,2,671,D13,12,traj_length,False,7.145289881193082,13.283807024987013,6.138517143793931,6.138517143793931,6.469375668882046,0.948857734962037,False,
B,2,671,D13,12,mean_step,False,1.7863224702982705,3.320951756246753,1.5346292859484827,1.5346292859484827,1.0494746375450976,1.4622833473501042,True,
B,2,671,D13,12,spread_rms,False,1.5948298876060545,2.072787539930478,0.47795765232442355,0.47795765232442355,0.7174584496256124,0.666181647973947,False,
B,2,671,D13,12,half_shift,False,2.756869588079613,1.6874643054309102,-1.0694052826487028,1.0694052826487028,1.0556896172308559,1.0129921382137148,True,
B,2,671,D13,12,eff_dim,False,1.2196792936109813,1.174440196565122,-0.045239097045859156,0.045239097045859156,0.17406344597551993,0.2599000427247748,False,
B,2,671,D13,12,mean_position_shift,False,0.0,5.946486473083496,5.946486473083496,5.946486473083496,2.7840588092803955,2.135905482047092,True,
B,2,671,D13,13,traj_length,False,14.650304970754899,12.858794080625731,-1.7915108901291674,1.7915108901291674,10.772426356289333,0.16630523438976386,False,
B,2,671,D13,13,mean_step,False,2.93006099415098,2.143132346770955,-0.7869286473800248,0.7869286473800248,0.810770207843428,0.9705939361945483,False,
B,2,671,D13,13,spread_rms,False,2.058016312833546,1.987877784687697,-0.07013852814584909,0.07013852814584909,0.012656496863171052,5.5417015390683755,True,
B,2,671,D13,13,half_shift,False,3.0536340826241326,2.27913282528915,-0.7745012573349825,0.7745012573349825,0.9596497760097495,0.8070665743865229,False,
B,2,671,D13,13,eff_dim,False,1.8463235619290639,1.4477821251895764,-0.3985414367394875,0.3985414367394875,0.007767271208685589,51.31035418125053,True,
B,2,671,D13,13,mean_position_shift,False,0.0,5.475664138793945,5.475664138793945,5.475664138793945,1.9610282182693481,2.7922413802012205,True,
B,2,790,D12,9,traj_length,False,5.211357473549754,9.605430293199072,4.394072819649319,4.394072819649319,2.8101092519260327,1.5636661872265807,True,
B,2,790,D12,9,mean_step,False,1.7371191578499179,2.401357573299768,0.6642384154498502,0.6642384154498502,0.1362505595420882,4.875124312753115,True,
B,2,790,D12,9,spread_rms,False,1.3249208730971007,1.426200556344007,0.10127968324690628,0.10127968324690628,0.040228512993528476,2.5176094195477483,True,
B,2,790,D12,9,half_shift,False,1.1191763583481225,1.019186874511096,-0.09998948383702655,0.09998948383702655,1.2339729147590397,0.0810305336860264,False,
B,2,790,D12,9,eff_dim,False,1.2723098428995618,1.951587886027182,0.6792780431276202,0.6792780431276202,0.8588038822675901,0.7909582818070768,False,
B,2,790,D12,9,mean_position_shift,False,0.0,0.64041668176651,0.64041668176651,0.64041668176651,1.3681302070617676,0.4680962955579248,False,
B,2,790,D12,10,traj_length,False,14.383924216026854,9.83439520808147,-4.5495290079453845,4.5495290079453845,7.7935091537835515,0.5837587302680851,False,
B,2,790,D12,10,mean_step,False,3.5959810540067134,2.4585988020203673,-1.1373822519863461,1.1373822519863461,1.9483772884458879,0.5837587302680851,False,
B,2,790,D12,10,spread_rms,False,2.1054271703521454,1.43857918847702,-0.6668479818751254,0.6668479818751254,1.1021236644688854,0.6050573119636988,False,
B,2,790,D12,10,half_shift,False,0.5513660825358673,0.7884647036695419,0.23709862113367464,0.23709862113367464,1.827183788231383,0.1297617802110501,False,
B,2,790,D12,10,eff_dim,False,1.148476686626391,1.7625198803709385,0.6140431937445476,0.6140431937445476,0.6418387006619466,0.9566939374507448,False,
B,2,790,D12,10,mean_position_shift,False,0.0,2.230024576187134,2.230024576187134,2.230024576187134,1.7828458547592163,1.2508229863138176,True,
B,2,790,D12,11,traj_length,False,7.53292728642507,6.876358328567306,-0.6565689578577638,0.6565689578577638,8.116647435047478,0.08089164437803664,False,
B,2,790,D12,11,mean_step,False,1.8832318216062676,2.292119442855769,0.4088876212495014,0.4088876212495014,1.456131998047927,0.28080395307406963,False,
B,2,790,D12,11,spread_rms,False,1.2995421093481412,1.7245486628120046,0.4250065534638634,0.4250065534638634,0.7680017434797219,0.5533926935350573,False,
B,2,790,D12,11,half_shift,False,1.9726246373899428,1.9433946934876243,-0.029229943902318478,0.029229943902318478,0.4681719319291626,0.062434208265909355,False,
B,2,790,D12,11,eff_dim,False,1.9512531780079805,1.7380472142527799,-0.21320596375520062,0.21320596375520062,0.5182383593608249,0.4114052151951095,False,
B,2,790,D12,11,mean_position_shift,False,0.0,1.6662555932998657,1.6662555932998657,1.6662555932998657,1.4953804016113281,1.1142687114960268,True,
B,2,790,D12,12,traj_length,False,13.63318033101681,6.17020918155187,-7.46297114946494,7.46297114946494,1.5173910617643802,4.918291228621845,True,
B,2,790,D12,12,mean_step,False,4.54439344367227,2.0567363938506236,-2.4876570498216464,2.4876570498216464,0.5057970205881268,4.918291228621844,True,
B,2,790,D12,12,spread_rms,False,2.6774394435388427,1.0940101357015797,-1.583429307837263,1.583429307837263,0.08085111280930701,19.58450852212624,True,
B,2,790,D12,12,half_shift,False,2.6523941626497494,0.6269957696736328,-2.0253983929761166,2.0253983929761166,0.7593924052127201,2.6671301675828114,True,
B,2,790,D12,12,eff_dim,False,1.3381287730964242,1.4689043450140684,0.13077557191764422,0.13077557191764422,0.07559421619405038,1.729967959214542,True,
B,2,790,D12,12,mean_position_shift,False,0.0,1.2561646699905396,1.2561646699905396,1.2561646699905396,1.2812795639038086,0.980398583868185,False,
B,2,790,D12,13,traj_length,False,18.838249883523794,11.027481977372585,-7.810767906151209,7.810767906151209,6.256317258090892,1.2484609689590225,True,
B,2,790,D12,13,mean_step,False,3.1397083139206323,1.8379136628954307,-1.3017946510252016,1.3017946510252016,0.6312005135993515,2.0624106333530383,True,
B,2,790,D12,13,spread_rms,False,2.6963401311884807,1.537646200991465,-1.1586939301970156,1.1586939301970156,0.9393157248405892,1.2335510835759265,True,
B,2,790,D12,13,half_shift,False,2.0300545741733322,1.0095535172573853,-1.020501056915947,1.020501056915947,0.7341214000498553,1.3900984998484491,True,
B,2,790,D12,13,eff_dim,False,1.3880426507856116,1.5268453087682174,0.13880265798260583,0.13880265798260583,0.16261689534367307,0.8535561922348939,False,
B,2,790,D12,13,mean_position_shift,False,0.0,1.6594027280807495,1.6594027280807495,1.6594027280807495,0.6907080411911011,2.402466207312672,True,
B,2,790,D13,9,traj_length,False,5.211357473549754,3.4210763543133806,-1.790281119236373,1.790281119236373,1.507744531032941,1.1873902258560136,True,
B,2,790,D13,9,mean_step,False,1.7371191578499179,1.140358784771127,-0.5967603730787909,0.5967603730787909,0.5025815103443136,1.1873902258560134,True,
B,2,790,D13,9,spread_rms,False,1.3249208730971007,1.143782595730714,-0.18113827736638677,0.18113827736638677,0.3860605731708031,0.4691965198068712,False,
B,2,790,D13,9,half_shift,False,1.1191763583481225,1.8889647897609498,0.7697884314128274,0.7697884314128274,0.4351432781320008,1.7690458984392536,True,
B,2,790,D13,9,eff_dim,False,1.2723098428995618,1.162301567659306,-0.1100082752402558,0.1100082752402558,0.01668720941092805,6.592370990934772,True,
B,2,790,D13,9,mean_position_shift,False,0.0,3.7897799015045166,3.7897799015045166,3.7897799015045166,2.7401859760284424,1.3830374779880195,True,
B,2,790,D13,10,traj_length,False,14.383924216026854,14.52700359639246,0.14307938036560586,0.14307938036560586,8.208980036123418,0.017429617289357328,False,
B,2,790,D13,10,mean_step,False,3.5959810540067134,3.631750899098115,0.035769845091401464,0.035769845091401464,2.0522450090308544,0.017429617289357328,False,
B,2,790,D13,10,spread_rms,False,2.1054271703521454,2.605609043891963,0.5001818735398174,0.5001818735398174,0.9978515589787511,0.5012587985047869,False,
B,2,790,D13,10,half_shift,False,0.5513660825358673,1.9145093981121788,1.3631433155763115,1.3631433155763115,0.2822989111591261,4.828723249336005,True,
B,2,790,D13,10,eff_dim,False,1.148476686626391,1.3272447949706363,0.1787681083442454,0.1787681083442454,0.07394690960726047,2.4175196677413693,True,
B,2,790,D13,10,mean_position_shift,False,0.0,2.601607322692871,2.601607322692871,2.601607322692871,0.8795537352561951,2.957871950751342,True,
B,2,790,D13,11,traj_length,False,7.53292728642507,12.303288469627034,4.770361183201964,4.770361183201964,3.3863276515531986,1.40871223167491,True,
B,2,790,D13,11,mean_step,False,1.8832318216062676,3.0758221174067586,1.192590295800491,1.192590295800491,0.8465819128882996,1.40871223167491,True,
B,2,790,D13,11,spread_rms,False,1.2995421093481412,1.9006724427689563,0.6011303334208151,0.6011303334208151,0.2734884836363711,2.198009676415022,True,
B,2,790,D13,11,half_shift,False,1.9726246373899428,1.1954062380761752,-0.7772183993137676,0.7772183993137676,1.0570740625552955,0.7352544413349574,False,
B,2,790,D13,11,eff_dim,False,1.9512531780079805,1.4178909616163768,-0.5333622163916036,0.5333622163916036,0.45981649137843683,1.159945818369175,True,
B,2,790,D13,11,mean_position_shift,False,0.0,2.3034589290618896,2.3034589290618896,2.3034589290618896,3.0982775688171387,0.7434643533056029,False,
B,2,790,D13,12,traj_length,False,13.63318033101681,10.221697879201763,-3.411482451815047,3.411482451815047,0.9055133204489216,3.76745694930667,True,
B,2,790,D13,12,mean_step,False,4.54439344367227,3.4072326264005874,-1.1371608172716825,1.1371608172716825,1.0781864867123772,1.0546977088714318,True,
B,2,790,D13,12,spread_rms,False,2.6774394435388427,2.0100865366016794,-0.6673529069371633,0.6673529069371633,0.49115015969630216,1.3587553495855818,True,
B,2,790,D13,12,half_shift,False,2.6523941626497494,2.541269800215277,-0.11112436243447243,0.11112436243447243,0.7660437321947655,0.14506268736915823,False,
B,2,790,D13,12,eff_dim,False,1.3381287730964242,2.0079450334001896,0.6698162603037654,0.6698162603037654,0.5428048044643989,1.2339910310202435,True,
B,2,790,D13,12,mean_position_shift,False,0.0,1.3758180141448975,1.3758180141448975,1.3758180141448975,2.593249559402466,0.5305382234257131,False,
B,2,790,D13,13,traj_length,False,18.838249883523794,29.689836804531726,10.851586921007932,10.851586921007932,11.51927147438603,0.9420376058622505,False,
B,2,790,D13,13,mean_step,False,3.1397083139206323,3.711229600566466,0.5715212866458335,0.5715212866458335,0.07711653453732659,7.411138092171413,True,
B,2,790,D13,13,spread_rms,False,2.6963401311884807,2.9407964503015065,0.2444563191130258,0.2444563191130258,0.13573074749975245,1.8010386269586531,True,
B,2,790,D13,13,half_shift,False,2.0300545741733322,3.1505497479003184,1.1204951737269861,1.1204951737269861,1.1576721851746896,0.9678864086709541,False,
B,2,790,D13,13,eff_dim,False,1.3880426507856116,1.4315355559909488,0.04349290520533722,0.04349290520533722,0.022811277890489423,1.9066404527679033,True,
B,2,790,D13,13,mean_position_shift,False,0.0,2.6835429668426514,2.6835429668426514,2.6835429668426514,0.7689988017082214,3.4896581904699233,True,
