fold,seed,participant,trajectory_repetition,delta,gate_T1,gate_T2,gate_T3,skill_T1,skill_T2,skill_T3,e0,e1,e2,e3,e4,e5,e6,e7,e8,e9,e10,e11,e12,e13,e14,e15,e16,e17,e18,e19,e20,e21,e22,e23,e24,e25,e26,e27,e28,e29,e30,e31,std_e0,std_e1,std_e2,std_e3,std_e4,std_e5,std_e6,std_e7,std_e8,std_e9,std_e10,std_e11,std_e12,std_e13,std_e14,std_e15,std_e16,std_e17,std_e18,std_e19,std_e20,std_e21,std_e22,std_e23,std_e24,std_e25,std_e26,std_e27,std_e28,std_e29,std_e30,std_e31
A,0,252,2,D12,positive,positive_stable,positive_degraded,0.029128576635503944,0.03782543861501686,0.026599766756664322,0.37283968925476074,0.2196444272994995,-0.3272409439086914,0.604949951171875,0.013294458389282227,0.380831241607666,0.2535150647163391,-0.5576982498168945,-0.2702370285987854,-0.005402326583862305,-0.3760859966278076,-0.04828089475631714,0.08916592597961426,0.059973955154418945,0.32697391510009766,0.26424892246723175,0.3510751724243164,0.36234331130981445,-0.2678196430206299,-0.11430692672729492,0.061676979064941406,0.2336900234222412,0.08169376850128174,-0.16118812561035156,0.5882682800292969,-0.2230978012084961,-0.15225696563720703,0.24811345618218184,0.4293084144592285,-0.03197765350341797,0.10521888732910156,0.39822912216186523,0.9656098643251996,0.5565397378756766,-0.37936054650966367,0.36322652675351375,0.04747002442229831,0.47864663736331137,0.77349909614574,-0.7418492663944992,-0.8130147497415223,-0.016459716197270047,-1.2138049557326807,-0.26299972285596296,0.16719599763370163,0.1327258526244537,0.5549639507122046,0.7400405351166346,0.6905288985494129,0.5667361194497378,-0.38635095028870814,-0.2484313887990366,0.2852839232822324,0.4952343167673028,0.20779317661050167,-0.1995418337300745,0.42470914283183125,-0.22501703525417893,-0.22352510918151403,0.5379931738607873,0.4392232424368634,-0.07100459423894045,0.30115993147821096,0.49205592759656225
A,0,252,2,D13,positive,positive_stable,positive_degraded,0.029128576635503944,0.03782543861501686,0.026599766756664322,0.3337361812591553,0.4492532014846802,-0.04829120635986328,0.3957672119140625,-0.2166914939880371,0.2640087604522705,0.2946993112564087,-0.3965291976928711,0.18509316444396973,0.22860360145568848,-0.0638917088508606,0.21470582485198975,-0.33593010902404785,0.3034648895263672,0.13824105262756348,0.03499993681907654,0.12642967700958252,0.19716787338256836,0.11150407791137695,-0.17851054668426514,-0.019786596298217773,-0.2607879638671875,-0.04801511764526367,-0.5431733131408691,0.39682674407958984,-0.4352455139160156,-0.4628458023071289,0.40981079638004303,0.31719541549682617,0.5210633277893066,-0.22873687744140625,0.4023580551147461,0.864336855259116,1.138327813278468,-0.055984252349357444,0.23762773596977715,-0.7737406738567899,0.3318186199515025,0.8991563010845361,-0.5274621472173248,0.5568570519985346,0.6965027722560769,-0.20620820716536287,1.1695624465744192,-0.6299071940491888,0.6715879890751892,0.23463264271069384,0.0980188196208841,0.24867412414001377,0.3083878996480997,0.1608530464575303,-0.38796950576826583,-0.09152305559846119,-0.5526607575324474,-0.12212918994514,-0.6724179841306888,0.2864951793284314,-0.43898925173853365,-0.6794914390865618,0.8886072341933778,0.32452116604902903,1.1569902600916855,-0.6546978458036834,0.4971574600664025
A,0,252,2,D23,positive,positive_stable,positive_degraded,0.029128576635503944,0.03782543861501686,0.026599766756664322,-0.03910350799560547,0.22960877418518066,0.2789497375488281,-0.2091827392578125,-0.22998595237731934,-0.11682248115539551,0.04118424654006958,0.16116905212402344,0.4553301930427551,0.23400592803955078,0.312194287776947,0.2629867196083069,-0.4250960350036621,0.24349093437194824,-0.18873286247253418,-0.2292489856481552,-0.2246454954147339,-0.1651754379272461,0.37932372093200684,-0.06420361995697021,-0.08146357536315918,-0.4944779872894287,-0.1297088861465454,-0.3819851875305176,-0.19144153594970703,-0.21214771270751953,-0.3105888366699219,0.1616973401978612,-0.11211299896240234,0.5530409812927246,-0.3339557647705078,0.004128932952880859,-0.10127300906608361,0.5817880754027913,0.3233762941603062,-0.1255987907837366,-0.8212106982790882,-0.14682801741180884,0.12565720493879617,0.21438711917717446,1.3698718017400568,0.712962488453347,1.0075967485673176,1.432562169430382,-0.7971031916828905,0.5388621364507356,-0.3203313080015108,-0.6420217154957505,-0.4418547744093992,-0.258348219801638,0.5472039967462384,-0.13953811696922924,-0.3768069788806936,-1.0478950742997502,-0.32992236655564167,-0.47287615040061426,-0.13821396350339987,-0.21397221648435472,-0.4559663299050478,0.35061406033259057,-0.11470207638783436,1.2279948543306258,-0.9558577772818944,0.005101532469840242
A,0,651,2,D12,positive,positive_degraded,positive_degraded,0.04899850799372131,0.04584181484100596,0.04112866366026127,-0.4707670211791992,-0.4508364200592041,-0.07622051239013672,0.5779619216918945,0.21261835098266602,0.6331968307495117,-0.43839216232299805,-0.05372309684753418,0.07368326187133789,-0.46588462591171265,0.19637811183929443,0.12877696752548218,0.15604591369628906,0.0715630054473877,0.2728400230407715,-0.6099946200847626,0.42278867959976196,-0.5535564422607422,-0.7067427635192871,0.518166184425354,0.13684296607971191,0.3695957660675049,0.21367168426513672,-0.6153264045715332,0.5479984283447266,-0.6761693954467773,0.09190893173217773,0.3183095455169678,0.28499746322631836,-0.45089399814605713,0.23555350303649902,-0.026219844818115234,-1.2192298795797845,-1.1423387347309317,-0.08835966322342115,0.34702269384831275,0.7591972767832597,0.7958323958917997,-1.3375770287110065,-0.0714626921159438,0.22167810070622038,-1.419444039069066,0.6338040149170004,0.701483309550107,0.2926041319578325,0.15837421267972385,0.46308394764833727,-1.708316340030845,0.8315818364534046,-0.8658109468956605,-1.0195312102763943,1.1261668809954355,0.6329626648031774,0.783245401572836,0.5434871217905863,-0.7617392318119571,0.3956353190474651,-0.6819855936376281,0.13492825981473566,0.6902018186163246,0.29157950453744763,-1.0011835949929715,0.6742083070489227,-0.032397175279723855
A,0,651,2,D13,positive,positive_degraded,positive_degraded,0.04899850799372131,0.04584181484100596,0.04112866366026127,-0.32000136375427246,-0.09656155109405518,0.15194320678710938,-0.3578519821166992,-0.11537003517150879,-0.2902064323425293,-0.23632210493087769,0.4605410099029541,0.14805275201797485,0.12113320827484131,0.2531292140483856,-0.08764040470123291,-0.20654654502868652,-0.14620018005371094,-0.34227466583251953,-0.15082147996872663,-0.26863133907318115,-0.2886934280395508,0.18658447265625,-0.1236652135848999,-0.010530829429626465,-0.2615087032318115,-0.22171568870544434,0.05280017852783203,-0.3995075225830078,0.1631946563720703,0.15764188766479492,-0.230439692735672,-0.3597750663757324,0.20254063606262207,-0.11336970329284668,-0.22829771041870117,-0.8287649305387863,-0.2446700620667619,0.17614301789051634,-0.2148627644580724,-0.41195231725525705,-0.3647454533648621,-0.7210417314920176,0.6126107072427588,0.4454206308460409,0.3690650831870748,0.8169662002736043,-0.4774018329216062,-0.38729792763874293,-0.32355124226603216,-0.5809345748739768,-0.42238213708172323,-0.5283702178959978,-0.4515418078166036,0.2691625056907803,-0.2687700960555851,-0.04870936219177846,-0.5541885472323556,-0.5639471383918879,0.06536391500097283,-0.2884303288918231,0.1645986943907749,0.23142859276285188,-0.49967054262841315,-0.36808369355043913,0.4497295769624854,-0.3244899684122383,-0.2820863977692263
A,0,651,2,D23,positive,positive_degraded,positive_degraded,0.04899850799372131,0.04584181484100596,0.04112866366026127,0.15076565742492676,0.3542748689651489,0.2281637191772461,-0.9358139038085938,-0.3279883861541748,-0.923403263092041,0.20207005739212036,0.5142641067504883,0.07436949014663696,0.587017834186554,0.056751102209091187,-0.2164173722267151,-0.3625924587249756,-0.21776318550109863,-0.615114688873291,0.45917314011603594,-0.6914200186729431,0.2648630142211914,0.8933272361755371,-0.6418313980102539,-0.14737379550933838,-0.6311044692993164,-0.43538737297058105,0.6681265830993652,-0.9475059509277344,0.8393640518188477,0.06573295593261719,-0.5487492382526398,-0.6447725296020508,0.6534346342086792,-0.3489232063293457,-0.20207786560058594,0.39046494904099815,0.8976686726641698,0.2645026811139375,-0.5618854583063851,-1.1711495940385168,-1.1605778492566619,0.616535297218989,0.6840733993587026,0.22374253013982054,1.7885091222561407,0.18316218535660386,-1.1788851424717133,-0.6799020595965755,-0.481925454945756,-1.0440185225223142,1.2859342029491219,-1.3599520543494024,0.41426913907905694,1.2886937159671745,-1.3949369770510207,-0.6816720269949559,-1.3374339488051914,-1.1074342601824743,0.82710314681293,-0.6840656479392881,0.846584288028403,0.09650033294811622,-1.1898723612447377,-0.6596631980878868,1.4509131719554569,-0.9986982754611611,-0.24968922248950243
A,0,671,2,D12,positive,positive_stable,fail_nonpositive,0.03579806069987766,0.04311415612093565,-0.027081432607870843,-0.283061146736145,-0.5468486547470093,-0.09385299682617188,0.9035558700561523,0.5057930946350098,0.8202786445617676,-0.14428532123565674,-0.07829022407531738,0.09537029266357422,-0.7577195763587952,0.15527993440628052,0.24861401319503784,0.5993967056274414,0.3790469169616699,0.4051542282104492,-0.5280713178217411,0.4956284165382385,-0.3120708465576172,-0.7302970886230469,0.9764059782028198,0.05781435966491699,0.7002568244934082,0.6313488483428955,-0.5742959976196289,0.7829961776733398,-0.9405484199523926,-0.26044750213623047,0.2922527641057968,0.65966796875,-0.8781349062919617,0.23922467231750488,0.20979642868041992,-0.733094372894473,-1.3856163784382478,-0.10879980962191493,0.5425157335611932,1.8060361421636704,1.0309657301968747,-0.440228744074334,-0.10414150783502785,0.28692372593073046,-2.3085981084789355,0.5011606485815195,1.3542698193498706,1.1239366936516952,0.8388578797398036,0.687657907764109,-1.4788865093385157,0.9748502320143635,-0.4881075390713858,-1.053510176144332,2.1220910172798604,0.2674183753288484,1.4839816000177513,1.6058744997912482,-0.710946504857275,0.5652955540209219,-0.94863896475031,-0.3823551892370687,0.633702018417608,0.6749021986347137,-1.9498465497360402,0.6847156506981054,0.25922594832773527
A,0,671,2,D13,positive,positive_stable,fail_nonpositive,0.03579806069987766,0.04311415612093565,-0.027081432607870843,-0.3653632402420044,-0.13762104511260986,-0.5603151321411133,1.8440485000610352,0.46306276321411133,0.9854772090911865,-0.25524407625198364,0.06610560417175293,0.7512303590774536,-0.5862371325492859,0.39154160022735596,0.4085767865180969,0.40666937828063965,0.7466990947723389,0.0179290771484375,-0.8716349042952061,0.19785600900650024,-0.5676336288452148,-0.6553454399108887,1.2143512964248657,0.21944570541381836,0.446641206741333,0.754224419593811,-1.798642635345459,1.359715461730957,-1.5383925437927246,-0.829319953918457,0.19024492800235748,1.0225071907043457,-0.30661308765411377,-0.23527216911315918,0.652015209197998,-0.9462472944711416,-0.3487070242668793,-0.6495553817056494,1.1072097215747567,1.653459598566232,1.2385947138126694,-0.7787745816770728,0.08793361359520713,2.2600944198006223,-1.7861305227703927,1.2636874415376183,2.2256312336721065,0.762551544156123,1.652497389937666,0.030430568594654872,-2.44105129975108,0.389162558628525,-0.8878297735166878,-0.945386712821523,2.6392338792934287,1.0150366762848113,0.9465202828528259,1.9184159698022312,-2.226618184551438,0.9816673410335861,-1.551625645657041,-1.2175009045957197,0.4125147425083425,1.046121500334143,-0.6808159099161328,-0.67340245317755,0.8056353177203357
A,0,671,2,D23,positive,positive_stable,fail_nonpositive,0.03579806069987766,0.04311415612093565,-0.027081432607870843,-0.08230209350585938,0.4092276096343994,-0.4664621353149414,0.9404926300048828,-0.04273033142089844,0.16519856452941895,-0.1109587550163269,0.1443958282470703,0.6558600664138794,0.17148244380950928,0.23626166582107544,0.15996277332305908,-0.19272732734680176,0.36765217781066895,-0.3872251510620117,-0.34356358647346497,-0.2977724075317383,-0.25556278228759766,0.0749516487121582,0.2379453182220459,0.16163134574890137,-0.2536156177520752,0.12287557125091553,-1.22434663772583,0.5767192840576172,-0.597844123840332,-0.5688724517822266,-0.10200783610343933,0.3628392219543457,0.5715218186378479,-0.47449684143066406,0.4422187805175781,-0.21315292157666865,1.0369093541713685,-0.5407555720837345,0.5646939880135635,-0.15257654359743844,0.20762898361579474,-0.3385458376027388,0.19207512143023497,1.9731706938698919,0.5224675857085428,0.7625267929560986,0.8713614143222361,-0.3613851494955722,0.8136395101978624,-0.6572273391694541,-0.9621647904125641,-0.5856876733858385,-0.39972223444530197,0.10812346332280898,0.5171428620135683,0.7476183009559629,-0.5374613171649254,0.312541470010983,-1.515671679694163,0.4163717870126642,-0.602986680906731,-0.835145715358651,-0.22118727590926546,0.3712193016994294,1.2690306398199074,-1.3581181038756553,0.5464093693926004
A,0,790,2,D12,positive,positive_stable,positive_stable,0.022851316985096168,0.03998131404812028,0.04258159265408523,0.0469052791595459,-0.03377258777618408,0.25868701934814453,-0.4908123016357422,-0.11255645751953125,-0.060936689376831055,0.008480310440063477,-0.15824627876281738,-0.16547143459320068,0.08832037448883057,-0.09967988729476929,0.08115911483764648,-0.0462493896484375,-0.19628453254699707,0.18354225158691406,0.042044103145599365,0.11389118432998657,0.05760526657104492,0.044208526611328125,-0.2593834400177002,-0.11867308616638184,-0.09131550788879395,-0.17897510528564453,0.5269126892089844,-0.2878456115722656,0.19492244720458984,0.2590513229370117,0.14429331198334694,-0.15703248977661133,-0.08354878425598145,0.10734796524047852,-0.21280241012573242,0.12147895831004019,-0.08557362118857059,0.29988772131042696,-0.2946960271713528,-0.4019049529454599,-0.0765880757222881,0.025874465232260765,-0.21049907754716735,-0.49782513670035294,0.2690919331299948,-0.32171348221084006,0.4420967098834876,-0.08672343724685616,-0.43439119192306186,0.31152168524256596,0.11774636550671924,0.2240122218495597,0.09009922376635537,0.06377418740546092,-0.5637362928318186,-0.548917520696212,-0.19351551038561254,-0.4552343002712602,0.65228811580557,-0.2078144683982679,0.1965993074618244,0.38030616909390735,0.312876273909917,-0.1606587270951536,-0.18551526433574272,0.3072539953106584,-0.26293972792601683
A,0,790,2,D13,positive,positive_stable,positive_stable,0.022851316985096168,0.03998131404812028,0.04258159265408523,0.1078190803527832,0.2144397497177124,0.5973091125488281,-1.036275863647461,-0.27498316764831543,-0.570960521697998,0.13495278358459473,0.28177857398986816,0.01549386978149414,0.47859445214271545,-0.062395334243774414,0.07927870750427246,-0.44347047805786133,-0.20707392692565918,-0.25270605087280273,0.22491681016981602,-0.3271092176437378,-0.07495880126953125,0.6266651153564453,-0.3842359185218811,-0.21632671356201172,-0.5403339862823486,-0.3598365783691406,0.5937910079956055,-0.9872865676879883,0.5896878242492676,0.15784931182861328,-0.12392685934901237,-0.5537109375,0.5036885738372803,-0.16218113899230957,-0.3355827331542969,0.27923863170667484,0.543352024855443,0.6924415934762049,-0.622205919048727,-0.9818823468006891,-0.7176108516720814,0.4117542157142946,0.37482182522318297,0.046613500600784175,1.4581678206190776,-0.2013790161100788,0.4318535420332563,-0.8315574243523245,-0.4582685675176512,-0.42891102760948985,0.6298892779535469,-0.6433901664044038,-0.11724307550684787,0.9040132189514183,-0.8350867390121957,-1.0006109739393394,-1.1450739990629792,-0.9152662946298227,0.7350800231322119,-0.7127865144932932,0.5947599877626257,0.2317345183459476,-0.26871498476681904,-0.5664983478899694,1.118410646610283,-0.46419956949682295,-0.41464823683922813
A,0,790,2,D23,positive,positive_stable,positive_stable,0.022851316985096168,0.03998131404812028,0.04258159265408523,0.060913801193237305,0.24821233749389648,0.3386220932006836,-0.5454635620117188,-0.16242671012878418,-0.510023832321167,0.12647247314453125,0.44002485275268555,0.18096530437469482,0.3902740776538849,0.03728455305099487,-0.0018804073333740234,-0.39722108840942383,-0.01078939437866211,-0.4362483024597168,0.18287270702421665,-0.44100040197372437,-0.13256406784057617,0.5824565887451172,-0.12485247850418091,-0.09765362739562988,-0.4490184783935547,-0.1808614730834961,0.0668783187866211,-0.6994409561157227,0.39476537704467773,-0.10120201110839844,-0.2682201713323593,-0.39667844772338867,0.5872373580932617,-0.2695291042327881,-0.12278032302856445,0.15775967339663466,0.6289256460440136,0.392553872165778,-0.3275098918773742,-0.5799773938552292,-0.6410227759497933,0.3858797504820339,0.5853209027703503,0.5444386373011372,1.1890758874890828,0.12033446610076126,-0.010243167850231272,-0.7448339871054683,-0.023877375594589356,-0.7404327128520558,0.5121429124468276,-0.8674023882539635,-0.20734229927320325,0.8402390315459574,-0.27135044618037707,-0.4516934532431274,-0.9515584886773667,-0.46003199435856246,0.08279190732664188,-0.5049720460950253,0.3981606803008013,-0.14857165074795975,-0.581591258676736,-0.40583962079481584,1.3039259109460257,-0.7714535648074814,-0.1517085089132113
A,1,252,2,D12,positive,positive_degraded,positive_degraded,0.0385028785873547,0.037633692298206955,0.03208710297631598,-0.19497990608215332,0.22333669662475586,-0.33550095558166504,0.3235483169555664,-0.14116144180297852,0.4606742858886719,-0.3287668228149414,-0.3108029365539551,0.04138064384460449,0.27722014486789703,0.03426480293273926,-0.22896718978881836,-0.10289126634597778,-0.033687710762023926,0.21170663833618164,-0.22584736347198486,0.15588103234767914,0.18808001279830933,0.2520139217376709,-0.1802870538085699,-0.07085932791233063,-0.22323670983314514,-0.06211346387863159,0.14204025268554688,-0.04608464241027832,-0.08978128433227539,0.0822148323059082,-0.26650333404541016,-0.21665430068969727,-0.07125300168991089,-0.02606058120727539,0.15133750438690186,-0.8268838691449039,0.5242388100226728,-0.8031037885143006,0.4155931493834937,-0.21740324782894543,0.7839494150294566,-0.9005226613029511,-0.925579390347674,0.09047526215555399,0.4671400002422254,0.0849371748928881,-0.45948562439116813,-0.4104320306407846,-0.08792975463506258,0.465090801534753,-0.918891349691032,0.5888650480898052,0.5297544796551947,0.8890002595312192,-0.41020643804058265,-0.17813017488718808,-0.7514348635520545,-0.12151949311327159,0.30713205193217435,-0.10179029215839278,-0.15621778929567987,0.34515669586604786,-0.8385254701359295,-0.29967410531263616,-0.4172565169720291,-0.04520727995229673,0.46113581959576383
A,1,252,2,D13,positive,positive_degraded,positive_degraded,0.0385028785873547,0.037633692298206955,0.03208710297631598,-0.2108914852142334,0.03464865684509277,-0.2542252540588379,0.16425609588623047,0.2588233947753906,0.2483081817626953,-0.04528331756591797,-0.07701873779296875,0.06342577934265137,-0.04361635446548462,0.22199177742004395,-0.29602479934692383,0.16221773624420166,0.22222071886062622,0.09927845001220703,-0.019965529441833496,-0.02477291226387024,-0.14609718322753906,0.12063956260681152,0.2512668613344431,0.12256712093949318,-0.10573580861091614,-0.15024620294570923,0.030332237482070923,-0.043621063232421875,-0.42317914962768555,0.1296396255493164,-0.15279150009155273,0.29281139373779297,-0.15948379039764404,0.07500457763671875,-0.23606985807418823,-0.894363832835376,0.08133005822199924,-0.6085498603072876,0.21098424778576322,0.3986151388242991,0.42255881521200644,-0.12403552318605576,-0.22936407614144105,0.1386755609948687,-0.07349734401674923,0.5502835652577251,-0.5940567228753643,0.6470845636748443,0.5800287778301727,0.21810119558571284,-0.0812330021253973,-0.09358354616200987,-0.41150378812600497,0.4255649843254498,0.5717064895027493,0.3081160549042228,-0.35591644531649186,-0.2939433969541809,0.0655871278820315,-0.09634898663647798,-0.7363235730313492,0.544257126547848,-0.48074224786684316,0.40501364155739594,-0.9339341293564465,0.13011277159054369,-0.7193216885543942
A,1,252,2,D23,positive,positive_degraded,positive_degraded,0.0385028785873547,0.037633692298206955,0.03208710297631598,-0.015911579132080078,-0.18868803977966309,0.08127570152282715,-0.15929222106933594,0.39998483657836914,-0.21236610412597656,0.28348350524902344,0.23378419876098633,0.022045135498046875,-0.32083649933338165,0.1877269744873047,-0.06705760955810547,0.26510900259017944,0.25590842962265015,-0.11242818832397461,0.20588183403015137,-0.18065394461154938,-0.3341771960258484,-0.13137435913085938,0.431553915143013,0.1934264488518238,0.117500901222229,-0.08813273906707764,-0.11170801520347595,0.0024635791778564453,-0.33339786529541016,0.0474247932434082,0.11371183395385742,0.5094656944274902,-0.08823078870773315,0.10106515884399414,-0.3874073624610901,-0.06747996369047216,-0.4429087518006736,0.1945539282070129,-0.20460890159773049,0.6160183866532445,-0.36139059981745014,0.7764871381168954,0.696215314206233,0.048200298839314704,-0.5406373442589747,0.46534639036483705,-0.13457109848419613,1.057516594315629,0.6679585324652353,-0.24698960594904018,0.8376583475656347,-0.682448594251815,-0.9412582677811997,-0.46343527520576944,0.9819129275433319,0.48624622979141086,0.39551841823556266,-0.17242390384090933,-0.24154492405014286,0.0054413055219147966,-0.5801057837356693,0.19910043068180017,0.3577832222690863,0.7046877468700321,-0.5166776123844173,0.17532005154284042,-1.180457508150158
A,1,651,2,D12,fail_nonpositive,positive_stable,positive_stable,-0.0033163031343362106,0.03555600421496731,0.029280587079850658,0.23046255111694336,-0.5583517551422119,-0.07463312149047852,-0.765416145324707,0.11062431335449219,-0.443115234375,0.5602426528930664,0.46195220947265625,-0.3145420551300049,0.0675782784819603,0.541278064250946,-0.26006078720092773,0.3737459182739258,0.3989032506942749,0.25173377990722656,0.396213173866272,-0.43712832033634186,-0.6021474003791809,0.1400606632232666,0.7135396003723145,0.5889754295349121,0.05867964029312134,-0.6055578589439392,0.2738502323627472,-0.24104464054107666,-0.16660499572753906,0.19485962390899658,0.38697290420532227,0.5205121040344238,0.07566827535629272,-0.4091377258300781,-0.4906141459941864,0.9773622050839774,-1.3106217519866905,-0.178652369571752,-0.9831668586916127,0.1703727765892346,-0.7540713682823165,1.5345550026983976,1.3757070857571607,-0.6877228568151307,0.11387525102904295,1.3417458809229785,-0.5218844622690335,1.49086787544715,1.04119597668454,0.5530257121898083,1.612050192395541,-1.6513208199676264,-1.6960351584074296,0.49407459118075847,1.6235138825496795,1.4805992788464668,0.1975210164793274,-1.1847203203117025,0.5921430937610411,-0.5324089218070966,-0.2898897853395733,0.8180664050685338,1.2175706988537267,0.7199677087294354,0.44311186418662,-0.7097391888535873,-1.4949359711299592
A,1,651,2,D13,fail_nonpositive,positive_stable,positive_stable,-0.0033163031343362106,0.03555600421496731,0.029280587079850658,0.0005066394805908203,-0.15771794319152832,0.07551121711730957,-0.02369213104248047,0.07851552963256836,-0.07884979248046875,0.14511489868164062,0.08003902435302734,0.0582275390625,-0.18407171219587326,0.1926690936088562,-0.19434022903442383,0.061955392360687256,-0.0421147346496582,-0.06293964385986328,0.15630316734313965,-0.03868180513381958,-0.126865416765213,0.025645852088928223,0.1762373298406601,0.13645026087760925,0.12317195534706116,-0.11225885152816772,-0.003623098134994507,0.066558837890625,-0.09298133850097656,0.04477667808532715,0.09879803657531738,0.3688206672668457,-0.03171432018280029,-0.010528087615966797,-0.14529892802238464,0.0021484620051497316,-0.3702118772483963,0.1807546687051177,-0.030433161838491762,0.12092135832499357,-0.1341837264761131,0.3974830314639958,0.2383589975684819,0.12730990871754733,-0.3101768362951712,0.4775974259113236,-0.38999828987108826,0.2471392408080822,-0.10992537726148285,-0.13826980335963418,0.6359423192442859,-0.1461265899534853,-0.35733482223551905,0.09046769315914621,0.40099212466220013,0.34301625533334473,0.41460783764597037,-0.21962435685579362,-0.00783424641631178,0.1470123112330644,-0.16178674561654038,0.18798365931874372,0.3108576687547089,0.510150155240423,-0.185718773501363,-0.018263808406232984,-0.44273594357222096
A,1,651,2,D23,fail_nonpositive,positive_stable,positive_stable,-0.0033163031343362106,0.03555600421496731,0.029280587079850658,-0.22995591163635254,0.4006338119506836,0.15014433860778809,0.7417240142822266,-0.03210878372192383,0.36426544189453125,-0.4151277542114258,-0.3819131851196289,0.3727695941925049,-0.25164999067783356,-0.34860897064208984,0.0657205581665039,-0.3117905259132385,-0.4410179853439331,-0.31467342376708984,-0.23991000652313232,0.3984465152025223,0.4752819836139679,-0.11441481113433838,-0.5373022705316544,-0.45252516865730286,0.06449231505393982,0.4932990074157715,-0.2774733304977417,0.30760347843170166,0.0736236572265625,-0.15008294582366943,-0.2881748676300049,-0.15169143676757812,-0.10738259553909302,0.39860963821411133,0.34531521797180176,-0.9752137430788277,0.9404098747382943,0.3594070382768697,0.952733696853121,-0.04945141826424104,0.6198876418062034,-1.137071971234402,-1.1373480881886788,0.815032765532678,-0.4240520873242141,-0.8641484550116549,0.1318861723979452,-1.243728634639068,-1.151121353946023,-0.6912955155494425,-0.9761078731512551,1.5051942300141412,1.3387003361719103,-0.40360689802161226,-1.2225217578874794,-1.137583023513122,0.21708682116664296,0.9650959634559089,-0.5999773401773529,0.679421233040161,0.12810303972303294,-0.6300827457497901,-0.9067130300990178,-0.20981755348901243,-0.6288306376879831,0.6914753804473543,1.0522000275577383
A,1,671,2,D12,positive,positive_stable,fail_nonpositive,0.028637693648755458,0.044848925274935045,-0.023655853540559643,0.2100236415863037,-0.3184831142425537,0.1467735767364502,-0.9789919853210449,-0.11791276931762695,-0.6303777694702148,0.5229341983795166,0.43459653854370117,-0.5184364318847656,0.21024443209171295,-0.026436567306518555,0.45055150985717773,0.2280881702899933,0.4902830123901367,0.11409759521484375,0.1509619951248169,-0.44453756511211395,-0.32579171657562256,-0.13018012046813965,0.4919116944074631,0.3574036806821823,-0.16451281309127808,-0.24103790521621704,0.07888804376125336,-0.38484668731689453,0.2798495292663574,-0.05838620662689209,0.4444100856781006,-0.18406200408935547,0.15467476844787598,-0.32466959953308105,-0.29926928877830505,0.8906818977438914,-0.7475755429407852,0.35133864900195744,-1.2575013804646962,-0.18159861143571687,-1.0727373310704582,1.4323628458765825,1.2942417923538045,-1.133523331940418,0.3542800870071555,-0.0655321170292521,0.904159159733878,0.9098408598889937,1.2797107078705763,0.2506563119205658,0.6142096231577582,-1.679310323302568,-0.9176393045968617,-0.4592219151721897,1.1192447269125028,0.8984612931308755,-0.5537652301760928,-0.4715693227525364,0.17057876437168068,-0.8500322990875939,0.48693177661888887,-0.24511847763678074,1.3982913728463622,-0.25459248873683166,0.9057726803832091,-0.5632098746029158,-0.9118945186708367
A,1,671,2,D13,positive,positive_stable,fail_nonpositive,0.028637693648755458,0.044848925274935045,-0.023655853540559643,0.09946918487548828,-0.4257776737213135,-0.05664253234863281,-0.7586145401000977,0.5624833106994629,-0.4128227233886719,0.712012529373169,0.5211338996887207,-0.34026670455932617,-0.12481855461373925,0.37804222106933594,-0.1373758316040039,0.4367995113134384,0.6892218589782715,0.262115478515625,0.3594932556152344,-0.6269171088933945,-0.7310033440589905,-0.026960134506225586,1.081216499209404,0.7392949610948563,-0.03918445110321045,-0.6045786198228598,-0.015336036682128906,-0.19253242015838623,-0.4607105255126953,0.14081525802612305,0.44120168685913086,0.7419471740722656,-0.05687081813812256,-0.261049747467041,-0.7894645035266876,0.4218347658371575,-0.9994287481906794,-0.13558778102473856,-0.974429383723691,0.8662830889614987,-0.7025163743560829,1.9502660875747895,1.5519523535702204,-0.7439684424270449,-0.21033008498676217,0.9371087534027414,-0.275682218101144,1.7423878344597579,1.798970323307217,0.575832874722088,1.4626489507774227,-2.3682777722737227,-2.0589761770761954,-0.09510493936573727,2.460087702945495,1.8584809518970278,-0.13189847425375933,-1.1828046324595032,-0.03316090494906204,-0.4252567089435207,-0.8016276471688792,0.5911747027835981,1.388196303668003,1.0262544532218625,-0.3330345957999481,-0.4528468327233413,-2.405553817254762
A,1,671,2,D23,positive,positive_stable,fail_nonpositive,0.028637693648755458,0.044848925274935045,-0.023655853540559643,-0.11055445671081543,-0.10729455947875977,-0.203416109085083,0.22037744522094727,0.6803960800170898,0.21755504608154297,0.18907833099365234,0.08653736114501953,0.17816972732543945,-0.3350629867054522,0.4044787883758545,-0.5879273414611816,0.20871134102344513,0.19893884658813477,0.14801788330078125,0.20853126049041748,-0.18237954378128052,-0.4052116274833679,0.10321998596191406,0.5893048048019409,0.38189128041267395,0.12532836198806763,-0.3635407146066427,-0.09422408044338226,0.1923142671585083,-0.7405600547790527,0.19920146465301514,-0.0032083988189697266,0.9260091781616211,-0.21154558658599854,0.06361985206604004,-0.49019521474838257,-0.4688471319067339,-0.25185320524989413,-0.486926430026696,0.28307199674100514,1.0478817003972156,0.3702209567143753,0.517903241698207,0.25771056121641595,0.3895548895133732,-0.5646101719939177,1.0026408704319936,-1.179841377835022,0.8325469745707642,0.5192596154366407,0.3251765628015222,0.8484393276196646,-0.6889674489711546,-1.1413368724793336,0.3641169758064524,1.340842976032992,0.9600196587661523,0.42186675592233347,-0.7112353097069668,-0.20373966932074272,0.4247755901440733,-1.2885594237877682,0.8362931804203788,-0.010095069178359221,1.280846941958694,-1.2388072761831572,0.11036304187957457,-1.4936592985839254
A,1,790,2,D12,positive,positive_stable,positive_stable,0.018268207518894658,0.03181604021544981,0.02486857983108347,0.0029785633087158203,0.041954994201660156,0.05696868896484375,-0.0994110107421875,-0.3248727321624756,-0.12137031555175781,-0.07810544967651367,-0.07339787483215332,-0.10143899917602539,0.10650879144668579,-0.19867777824401855,0.31470632553100586,-0.13991421461105347,-0.06316196918487549,-0.09645318984985352,-0.11461007595062256,0.05071178078651428,0.16490909457206726,-0.08612394332885742,-0.23272037506103516,-0.1359754465520382,-0.09164309501647949,0.16067439317703247,-0.0038669705390930176,-0.11399495601654053,0.28946590423583984,-0.09490811824798584,0.008351802825927734,-0.38055419921875,0.04225379228591919,0.0037698745727539062,0.19052982330322266,0.012632534325051403,0.09848064253881217,0.13636833638917878,-0.12769237274420356,-0.5003381441381363,-0.20654179507687265,-0.2139376077422782,-0.21858084986880466,-0.22178881553227936,0.17947657185539945,-0.49249160944455034,0.6315444227515223,-0.5581163274326529,-0.16486192175608405,-0.2118948139126633,-0.46630782391596526,0.1915716964019838,0.4644903204051019,-0.3038099016772069,-0.5295077759649687,-0.3418226139196989,-0.3084791807015379,0.3143454097254393,-0.00836156391430637,-0.25178768507064614,0.5036660120237083,-0.39844597253571734,0.026278736837412664,-0.5263791104430847,0.24743676996509367,0.0065397464424662155,0.5805576493450664
A,1,790,2,D13,positive,positive_stable,positive_stable,0.018268207518894658,0.03181604021544981,0.02486857983108347,0.0695028305053711,0.03182482719421387,0.2489910125732422,-0.1580791473388672,-0.3150761127471924,-0.34871482849121094,-0.049384355545043945,-0.03926229476928711,-0.040520429611206055,-0.1288675144314766,-0.3810296058654785,0.5671663284301758,-0.13313746452331543,0.03801310062408447,-0.39698338508605957,-0.023509502410888672,0.15032219886779785,0.21658647060394287,-0.30930888652801514,-0.25751470774412155,-0.2924211211502552,0.09509706497192383,0.47360748052597046,-0.18608048558235168,0.06729233264923096,0.30704450607299805,-0.2985413074493408,0.10176610946655273,-0.3741745948791504,0.05766642093658447,0.17794179916381836,0.1768733263015747,0.2947525774932235,0.07470236141075631,0.5960208601451678,-0.20305118727255422,-0.4852495789187415,-0.5934232374312367,-0.13526821622547625,-0.11692484840356532,-0.08859476765313254,-0.21715291607869203,-0.9445138903106969,1.1381763441371742,-0.5310835925705563,0.09921954207491424,-0.8721193814921082,-0.0956520176522977,0.5678656268302268,0.610046975712943,-1.0911131494339228,-0.5859222598268649,-0.7351044157235423,0.3201053027364732,0.9265712010122643,-0.4023597547660097,0.1486324619838729,0.5342518997910906,-1.2533455275905827,0.320197851009008,-0.5175548544519597,0.3376929770154552,0.30867881636558103,0.5389453157339157
A,1,790,2,D23,positive,positive_stable,positive_stable,0.018268207518894658,0.03181604021544981,0.02486857983108347,0.06652426719665527,-0.010130167007446289,0.19202232360839844,-0.05866813659667969,0.009796619415283203,-0.22734451293945312,0.028721094131469727,0.03413558006286621,0.060918569564819336,-0.23537630587816238,-0.18235182762145996,0.2524600028991699,0.006776750087738037,0.10117506980895996,-0.30053019523620605,0.09110057353973389,0.09961041808128357,0.05167737603187561,-0.22318494319915771,-0.024794332683086395,-0.156445674598217,0.18674015998840332,0.312933087348938,-0.18221351504325867,0.18128728866577148,0.017578601837158203,-0.20363318920135498,0.093414306640625,0.006379604339599609,0.015412628650665283,0.17417192459106445,-0.01365649700164795,0.2821200431681721,-0.023778281128055856,0.459652523755989,-0.07535881452835068,0.015088565219394817,-0.38688144235436406,0.07866939151680197,0.10165600146523934,0.13319404787914682,-0.3966294879340915,-0.45202228086614654,0.5066319213856518,0.027032734862096675,0.2640814638309983,-0.6602245675794449,0.37065580626366756,0.37629393042824294,0.1455566553078411,-0.7873032477567159,-0.056414483861896125,-0.3932818018038434,0.6285844834380111,0.612225791286825,-0.39399819085170334,0.400420147054519,0.030585887767382247,-0.8548995550548653,0.29391911417159533,0.008824255991124973,0.09025620705036153,0.30213906992311484,-0.04161233361115066
A,2,252,2,D12,positive,positive_stable,positive_degraded,0.029344749997666807,0.03684573917469226,0.02553796273480516,-0.09587311744689941,-0.05959272384643555,0.3702521324157715,-0.17133212089538574,-0.055364131927490234,0.1214900016784668,0.16774892807006836,-0.34183311462402344,-0.435849666595459,0.050211429595947266,-0.2969515323638916,-0.02054882049560547,0.27996909618377686,-0.1799004077911377,-0.35425853729248047,-0.13703107833862305,0.0981440544128418,0.3989992141723633,-0.09005856513977051,0.4616866111755371,-0.11435699462890625,-0.15786981582641602,-0.3977060317993164,-0.5149099826812744,0.11925458908081055,0.12492251396179199,0.37651538848876953,0.13387739658355713,-0.3528470993041992,-0.016644954681396484,0.09874868392944336,-0.3184013366699219,-0.46224764301248095,-0.13772367862284496,0.688302420583084,-0.8867145882765395,-0.08451518453293283,0.3556174695037748,0.30276283046237285,-0.7753368801876959,-0.6947022069421841,0.21712482101348995,-0.46319817927255513,-0.09777734746849687,0.5092898113860288,-0.8437596710552355,-0.631030111972624,-0.46159954090188665,0.3937116902878488,0.5162284304940967,-0.2327744993761588,0.6279677425849304,-0.2797082425524571,-0.43512940590776683,-0.7858680014017279,-0.7752348166920255,0.27004787221394877,0.4003206799330394,0.5891027720211393,0.6054312048273555,-0.7309442741386587,-0.03366587848994451,0.3734634592348167,-0.7909494131934787
A,2,252,2,D13,positive,positive_stable,positive_degraded,0.029344749997666807,0.03684573917469226,0.02553796273480516,-0.45363330841064453,-0.17829370498657227,0.24422740936279297,-0.029784440994262695,-0.225799560546875,0.29817962646484375,-0.0662531852722168,-0.4151492118835449,-0.39049577713012695,0.1458420753479004,-0.07628536224365234,-0.2990915775299072,0.09247899055480957,-0.06435012817382812,-0.3880314826965332,0.01936960220336914,0.10584497451782227,0.26251220703125,0.05374550819396973,0.17562460899353027,-0.13231563568115234,-0.03722739219665527,-0.3096630573272705,-0.22225844860076904,0.019769668579101562,0.12659382820129395,0.2654299736022949,-0.06899940967559814,-0.15371227264404297,-0.4259963035583496,0.36992406845092773,-0.23692750930786133,-2.1871731004989345,-0.41205184282201024,0.45402162416955305,-0.15414574572385278,-0.3446901341063713,0.8728135899895045,-0.1195771122977165,-0.9416299081488828,-0.6224134722407347,0.6306520210134556,-0.11899396918279281,-1.423165774822714,0.16822785950663133,-0.3018112262387968,-0.6911889810141192,0.06524896799802513,0.42460245990741363,0.33964024288847694,0.13891623868735758,0.23887785077398632,-0.3236335025528473,-0.10260734503489655,-0.6118955109769686,-0.33462640989595793,0.044768841761647304,0.40567722822487406,0.41529627875679487,-0.31203516178619883,-0.3184244787920627,-0.861597458288799,1.3990373857239313,-0.5885585275648743
A,2,252,2,D23,positive,positive_stable,positive_degraded,0.029344749997666807,0.03684573917469226,0.02553796273480516,-0.3577601909637451,-0.11870098114013672,-0.12602472305297852,0.14154767990112305,-0.17043542861938477,0.17668962478637695,-0.23400211334228516,-0.07331609725952148,0.04535388946533203,0.09563064575195312,0.22066617012023926,-0.27854275703430176,-0.18749010562896729,0.11555027961730957,-0.033772945404052734,0.1564006805419922,0.007700920104980469,-0.13648700714111328,0.14380407333374023,-0.28606200218200684,-0.017958641052246094,0.12064242362976074,0.0880429744720459,0.29265153408050537,-0.09948492050170898,0.0016713142395019531,-0.11108541488647461,-0.20287680625915527,0.19913482666015625,-0.4093513488769531,0.2711753845214844,0.08147382736206055,-1.7249254574864537,-0.2743281641991653,-0.23428079641353095,0.7325688425526867,-0.26017494957343845,0.5171961204857297,-0.42233994276008935,-0.16629302796118695,0.07228873470144936,0.4135271999999657,0.3442042100897623,-1.3253884273542171,-0.3410619518793975,0.5419484448164387,-0.060158869041495144,0.5268485088999117,0.03089076961956483,-0.17658818760561978,0.3716907380635164,-0.38908989181094406,-0.04392526000039021,0.3325220608728703,0.17397249042475926,0.44060840679606755,-0.22527903045230147,0.005356548291834684,-0.17380649326434439,-0.9174663666135543,0.41251979534659594,-0.8279315797988545,1.0255739264891148,0.2023908856286044
A,2,651,2,D12,positive,positive_stable,positive_degraded,0.03625876197814032,0.043410026156317616,0.035319373729254026,0.17488372325897217,-0.1830143928527832,0.03726816177368164,0.191575288772583,-0.4468255043029785,0.06376838684082031,-0.04433774948120117,-0.10459232330322266,-0.3898029327392578,0.29050958156585693,-0.49160146713256836,0.044793665409088135,0.3955427408218384,0.037848472595214844,-0.26645421981811523,-0.22341108322143555,0.2193155288696289,0.6245632171630859,0.07866764068603516,0.10469698905944824,0.21135997772216797,0.35680723190307617,0.16172313690185547,0.4353097677230835,0.4578278064727783,0.2965812683105469,0.30012083053588867,-0.037262558937072754,-0.09148883819580078,-0.28813791275024414,0.2891414165496826,0.07723236083984375,0.8431942326846388,-0.4229620774709936,0.0692820956100012,0.9914802160792977,-0.6820941471869586,0.18665817574384125,-0.08002382547603674,-0.2372329347105563,-0.6213083412459313,1.2562244863812595,-0.7668218583401889,0.21314160897358075,0.7195294363923943,0.17751543443254936,-0.4746256946432321,-0.7525815788646019,0.8797972675993969,0.8080633156934254,0.20333226048726108,0.14240451120931485,0.5169715189702166,0.9834516075881735,0.3195658823333179,0.6553910389149457,1.0367333853253209,0.9504128331785613,0.46957433341306487,-0.1685121404048073,-0.18952462974800532,-0.5827726865106164,1.0935234903255202,0.1918564581499725
A,2,651,2,D13,positive,positive_stable,positive_degraded,0.03625876197814032,0.043410026156317616,0.035319373729254026,0.03491616249084473,-0.12189435958862305,-0.09540081024169922,0.08266258239746094,-0.2967538833618164,0.018280982971191406,-0.17152643203735352,0.07206344604492188,-0.023937702178955078,0.09400057792663574,0.0009403228759765625,-0.07308417558670044,-0.03681981563568115,0.012141942977905273,0.019721508026123047,-0.03963947296142578,0.04719829559326172,-0.010394096374511719,0.12205004692077637,-0.2509787082672119,0.02134418487548828,0.25788378715515137,0.22748613357543945,0.34054625034332275,0.09679412841796875,0.01680278778076172,-0.09971237182617188,-0.0692671537399292,0.09097146987915039,-0.16756916046142578,0.15225577354431152,0.01604461669921875,0.16834711687517223,-0.2817073081209471,-0.17735017497191308,0.4278124918714556,-0.45300402929386396,0.05351065304659519,-0.3095805172837003,0.16345164548202396,-0.03815355686251953,0.406478922259038,0.0014668044859363627,-0.34775618410535303,-0.06697870490386704,0.05694704120137295,0.03512811454775422,-0.13353047708415386,0.1893371349913999,-0.0134494633347296,0.3154628136468133,-0.3413715302278291,0.052207883070201355,0.7107926842994527,0.44951366325086095,0.5127174232736976,0.21918590797776852,0.05384613766305579,-0.15601175813515655,-0.3132446245203811,0.18845284143917984,-0.3389173777496272,0.5758252058316935,0.03985711733701813
A,2,651,2,D23,positive,positive_stable,positive_degraded,0.03625876197814032,0.043410026156317616,0.035319373729254026,-0.13996756076812744,0.061120033264160156,-0.13266897201538086,-0.10891270637512207,0.1500716209411621,-0.045487403869628906,-0.12718868255615234,0.17665576934814453,0.36586523056030273,-0.1965090036392212,0.4925417900085449,-0.11787784099578857,-0.43236255645751953,-0.02570652961730957,0.2861757278442383,0.18377161026000977,-0.1721172332763672,-0.6349573135375977,0.04338240623474121,-0.35567569732666016,-0.1900157928466797,-0.0989234447479248,0.06576299667358398,-0.09476351737976074,-0.36103367805480957,-0.27977848052978516,-0.39983320236206055,-0.032004594802856445,0.18246030807495117,0.12056875228881836,-0.1368856430053711,-0.061187744140625,-0.6748471158094665,0.14125476935004655,-0.24663227058191428,-0.5636677242078422,0.22909011789309464,-0.13314752269724606,-0.22955669180766355,0.40068458019258024,0.5831547843834117,-0.8497455641222216,0.7682886628261253,-0.5608977930789338,-0.7865081412962613,-0.12056839323117641,0.5097538091909863,0.619051101780448,-0.690460132607997,-0.821512779028155,0.1121305531595522,-0.483776041437144,-0.4647636359000153,-0.27265892328872077,0.12994778091754308,-0.14267361564124803,-0.8175474773475523,-0.8965666955155055,-0.6255860915482214,-0.14473248411557382,0.37797747118718517,0.24385530876098915,-0.5176982844938266,-0.15199934081295435
A,2,671,2,D12,positive,positive_degraded,positive_degraded,0.0323900395013062,0.004504009548930678,0.02120598751399009,0.12654352188110352,0.11740875244140625,-0.18097400665283203,0.22225069999694824,0.25850486755371094,-0.17834091186523438,0.11291694641113281,0.1588134765625,0.2005019187927246,0.04317343235015869,-0.0316162109375,0.09676456451416016,0.03867006301879883,0.17256975173950195,0.279660701751709,0.042481422424316406,-0.007966041564941406,0.01812601089477539,0.017270565032958984,-0.03788423538208008,0.3476581573486328,-0.023448467254638672,0.09852743148803711,0.2289886474609375,0.09666252136230469,0.15787816047668457,0.08559226989746094,-0.0902930498123169,0.2059178352355957,0.0833888053894043,-0.0998392105102539,0.38198232650756836,0.6101246590550382,0.27134076275694274,-0.33643359322064303,1.150239200600772,0.39461527759896,-0.5220280976267696,0.20379805295946804,0.36021706896510564,0.3195809596953636,0.18669191003097252,-0.049316246952817666,0.46043449813927484,0.07034458145814271,0.8093810899718704,0.49814903633384944,0.1431027023883228,-0.031956968208377345,0.02345105976512407,0.04463940252568391,-0.05152831522795864,0.8503485832570432,-0.06463016281213183,0.19469072044740976,0.3447592733100878,0.21888796965227963,0.5059301446987435,0.133920252439502,-0.4083311734585747,0.4265711763421989,0.1686584078090817,-0.37758837877776213,0.948892489016202
A,2,671,2,D13,positive,positive_degraded,positive_degraded,0.0323900395013062,0.004504009548930678,0.02120598751399009,0.032765984535217285,-0.374969482421875,0.05213451385498047,0.3922586441040039,-0.692784309387207,0.09253120422363281,-0.3154945373535156,0.04049396514892578,-0.13229084014892578,0.34961044788360596,-0.24364137649536133,-0.2714402675628662,0.15883684158325195,0.05069375038146973,0.010074615478515625,-0.04288148880004883,0.17769479751586914,0.23330163955688477,0.46001338958740234,-0.37476587295532227,0.2709331512451172,0.4868135452270508,0.40648436546325684,0.9588954448699951,0.40591955184936523,0.21832060813903809,0.31658363342285156,-0.3209792375564575,0.1526784896850586,-0.6745386123657227,0.4078693389892578,0.23702716827392578,0.15797946754938058,-0.8665844938311332,0.09691817399004132,2.030098911466168,-1.057558867636513,0.27085058090803593,-0.5694220484532558,0.09184794945782881,-0.21085886064596315,1.5117902562979282,-0.38004219095838887,-1.2915921954690701,0.28893972041803595,0.23776350199756302,0.017943983287433296,-0.1444506493231683,0.7128358748157682,0.3018465887934876,1.1889975835139948,-0.5097413608354328,0.6626840057198785,1.3417819648310199,0.8032147740580273,1.4436878112111053,0.9191888189454733,0.6996227827102613,0.49533251900032615,-1.4515603358597202,0.31628282704558774,-1.364285962548733,1.5425455181920231,0.58880549139595
A,2,671,2,D23,positive,positive_degraded,positive_degraded,0.0323900395013062,0.004504009548930678,0.02120598751399009,-0.09377753734588623,-0.49237823486328125,0.2331085205078125,0.17000794410705566,-0.951289176940918,0.2708721160888672,-0.42841148376464844,-0.11831951141357422,-0.3327927589416504,0.30643701553344727,-0.21202516555786133,-0.36820483207702637,0.12016677856445312,-0.12187600135803223,-0.26958608627319336,-0.08536291122436523,0.18566083908081055,0.21517562866210938,0.44274282455444336,-0.3368816375732422,-0.07672500610351562,0.5102620124816895,0.3079569339752197,0.7299067974090576,0.30925703048706055,0.060442447662353516,0.23099136352539062,-0.23068618774414062,-0.05323934555053711,-0.757927417755127,0.5077085494995117,-0.14495515823364258,-0.45214519150565763,-1.137925256588076,0.43335176721068436,0.8798597108653959,-1.4521741452354733,0.7928786785348055,-0.7732201014127238,-0.2683691195072768,-0.5304398203413268,1.3250983462669557,-0.3307259440055712,-1.752026693608345,0.21859513895989324,-0.5716175879743074,-0.48020505304641614,-0.2875533517114911,0.7447928430241455,0.2783955290283635,1.1443581809883108,-0.4582130456074741,-0.18766457753716467,1.4064121276431518,0.6085240536106176,1.0989285379010174,0.7003008492931937,0.19369263801151781,0.36141226656082415,-1.0432291624011454,-0.11028834929661113,-1.5329443703578147,1.9201338969697852,-0.3600869976202521
A,2,790,2,D12,positive,positive_stable,positive_stable,0.022789376256750454,0.03181206013983416,0.036456308155315593,-0.027618408203125,0.22372770309448242,-0.11812353134155273,-0.05695343017578125,0.41480302810668945,-0.18467187881469727,0.23694515228271484,0.0772395133972168,0.18856477737426758,-0.13050448894500732,0.05546832084655762,0.08600085973739624,-0.1012808084487915,0.0559086799621582,0.20325565338134766,0.08999395370483398,-0.12492561340332031,-0.20000219345092773,-0.20546436309814453,0.10200953483581543,0.13521766662597656,-0.2547109127044678,-0.1008148193359375,-0.28764402866363525,-0.11353754997253418,0.04830813407897949,-0.12343788146972656,0.09915411472320557,0.03591728210449219,0.32600831985473633,-0.24792718887329102,0.1264500617980957,-0.13316028587335121,0.5170538335062489,-0.21959250012145048,-0.2947591914370531,0.6332117608820733,-0.5405601990185906,0.42765176515543035,0.1751927831696387,0.3005546868938187,-0.5643283554968817,0.08652188506488656,0.4092173609327184,-0.18423914899355376,0.26221964672311215,0.36205372330157704,0.3031514954503973,-0.5011479809885557,-0.2587646378516213,-0.5310642295571323,0.13874950373883177,0.330733949345945,-0.7020484484273144,-0.19920972206195853,-0.4330692226862949,-0.25710061388601013,0.1548055423878394,-0.19313257057315103,0.4484022909173543,0.07440470218126904,0.6593676434356434,-0.9376490466334144,0.314117558132502
A,2,790,2,D13,positive,positive_stable,positive_stable,0.022789376256750454,0.03181206013983416,0.036456308155315593,-0.29799747467041016,0.27674102783203125,-0.47368478775024414,-0.002973318099975586,0.5864834785461426,-0.12860488891601562,-0.061861515045166016,0.24461078643798828,0.4870758056640625,-0.25249218940734863,0.6087985038757324,-0.07908356189727783,-0.45760631561279297,0.21794986724853516,0.5153231620788574,0.2681565284729004,-0.2757115364074707,-0.660308837890625,-0.12971854209899902,-0.42879199981689453,0.06517601013183594,-0.2349224090576172,0.10997247695922852,-0.04830527305603027,-0.3778421878814697,-0.1649630069732666,-0.6109533309936523,-0.06457483768463135,0.5094342231750488,0.26019906997680664,-0.17446088790893555,0.3097667694091797,-1.4367812905041892,0.6395705365770958,-0.8805840978383664,-0.01538848640471846,0.8952871232853089,-0.37644451380082766,-0.11165052643476647,0.554820413483279,0.7763524248017516,-1.0918296340103084,0.9496306717446205,-0.3763030402768779,-0.8324287867273787,1.0222205440942551,0.9179282188043715,0.9033082551423913,-1.1060350675077792,-0.8543124282475263,-0.3352840007838584,-0.5832259614819452,0.1594167053154567,-0.6475062410594219,0.21730654467807664,-0.07272726467017077,-0.8556082625322274,-0.528634861998885,-0.9559068983054425,-0.2920255181524575,1.055322871729442,0.5262650874750558,-0.6598039326440084,0.7694990896570637
A,2,790,2,D23,positive,positive_stable,positive_stable,0.022789376256750454,0.03181206013983416,0.036456308155315593,-0.27037906646728516,0.05301332473754883,-0.3555612564086914,0.053980112075805664,0.17168045043945312,0.05606698989868164,-0.29880666732788086,0.16737127304077148,0.2985110282897949,-0.12198770046234131,0.5533301830291748,-0.16508442163467407,-0.35632550716400146,0.16204118728637695,0.31206750869750977,0.1781625747680664,-0.1507859230041504,-0.46030664443969727,0.07574582099914551,-0.53080153465271,-0.07004165649414062,0.019788503646850586,0.21078729629516602,0.23933875560760498,-0.26430463790893555,-0.2132711410522461,-0.4875154495239258,-0.16372895240783691,0.47351694107055664,-0.06580924987792969,0.07346630096435547,0.18331670761108398,-1.303621004630838,0.12251670307084694,-0.660991597716916,0.27937070503233463,0.2620753624032356,0.16411568521776299,-0.5393022915901968,0.37962763031364033,0.4757977379079329,-0.5275012785134268,0.8631087866797339,-0.7855204012095962,-0.648189637733825,0.760000897371143,0.5558744955027944,0.600156759691994,-0.6048870865192235,-0.595547790395905,0.19578022877327386,-0.7219754652207769,-0.1713172440304883,0.05454220736789245,0.41651626674003517,0.3603419580161241,-0.5985076486462173,-0.6834404043867244,-0.7627743277322915,-0.7404278090698118,0.980918169548173,-0.1331025559605875,0.27784511398940603,0.45538153152456173
B,0,252,1,D12,positive,positive_degraded,positive_degraded,0.027473654154630902,0.0236364849924854,0.018161133005694,0.4321894645690918,0.2656340003013611,-0.008989810943603516,-0.13985729217529297,-0.15530729293823242,-0.5048267357051373,0.3524467945098877,0.09978747367858887,0.07915598154067993,0.055167198181152344,-0.11103111505508423,-0.13582462072372437,-0.23702526092529297,0.2638373374938965,-0.3419835567474365,0.471736341714859,-0.20338648557662964,0.4877510070800781,0.7706789970397949,-0.3296395540237427,-0.09139347076416016,-0.44319552183151245,-0.012963533401489258,-0.1402721405029297,-0.08596134185791016,0.4579648971557617,-0.46015024185180664,-0.11855694651603699,-0.10028266906738281,0.504767894744873,-0.09393817186355591,0.15456247329711914,0.7362050936736781,0.5291891182644167,-0.008686330021553834,-0.07504105657042648,-0.431434672202724,-0.6099663221730673,0.8400762388195497,0.1390522437049329,0.30972199956061097,0.42962789047834005,-0.6318086172796764,-0.41258488010916283,-0.42701034068061094,0.37061171813814175,-0.42256581160725915,0.9246933678966093,-0.3891902601828272,0.5756104905522952,0.8286938181066936,-0.758659122328263,-0.44849840940894736,-0.7318340516993908,-0.036328509532556896,-0.16274840431930004,-0.05917521843735252,0.37627344018914577,-0.44759659588448736,-0.3147269481365939,-0.09964596941697523,0.8610233982877952,-0.2157444264454199,0.17876503283743972
B,0,252,1,D13,positive,positive_degraded,positive_degraded,0.027473654154630902,0.0236364849924854,0.018161133005694,0.5918524265289307,0.5830798745155334,-0.5869402885437012,1.2895774841308594,0.09462380409240723,-0.027524590492248535,0.19930368661880493,-0.41671276092529297,0.05879998207092285,0.09526300430297852,-0.0354064404964447,0.06563836336135864,0.11500000953674316,0.6541275978088379,0.21920394897460938,0.2949767829850316,-0.28632813692092896,0.7663288116455078,0.3752622604370117,-0.0582730770111084,-0.033116698265075684,-0.2853156328201294,0.27717339992523193,-0.8016743659973145,0.8643827438354492,-0.5849440097808838,-1.1424250602722168,0.055654361844062805,0.7443904876708984,0.45731258392333984,-0.32940244674682617,0.8211798667907715,1.0081801156055357,1.161596417220038,-0.5670973868961646,0.6919247552696481,0.2628598192342392,-0.03325711377576074,0.47505113014830164,-0.5806795438898501,0.2300729605803044,0.7418857954741064,-0.20147594635096341,0.19938479251388053,0.20717766843367996,0.9188524568477375,0.2708543199678379,0.5782108762825482,-0.5479030572485651,0.9043689257058409,0.40351090177099286,-0.1341144356730709,-0.1625147418820868,-0.4711323479862457,0.7767409847958753,-0.9301308120925907,0.5950400930884767,-0.4806018479113876,-1.1112583790156205,0.14774269256759404,0.7396588395807678,0.780074933274065,-0.7565279117323638,0.9497663095681267
B,0,252,1,D23,positive,positive_degraded,positive_degraded,0.027473654154630902,0.0236364849924854,0.018161133005694,0.15966296195983887,0.31744587421417236,-0.5779504776000977,1.4294347763061523,0.24993109703063965,0.4773021452128887,-0.15314310789108276,-0.5165002346038818,-0.02035599946975708,0.04009580612182617,0.07562467455863953,0.201462984085083,0.35202527046203613,0.3902902603149414,0.5611875057220459,-0.1767595587298274,-0.08294165134429932,0.2785778045654297,-0.3954167366027832,0.2713664770126343,0.05827677249908447,0.15787988901138306,0.2901369333267212,-0.6614022254943848,0.9503440856933594,-1.0429089069366455,-0.6822748184204102,0.1742113083600998,0.8446731567382812,-0.0474553108215332,-0.23546427488327026,0.6666173934936523,0.2719750219318575,0.6324072989556213,-0.5584110568746108,0.7669658118400746,0.6942944914369632,0.5767092083973065,-0.36502510867124816,-0.7197317875947831,-0.07964903898030656,0.31225790499576633,0.430332670928713,0.6119696726230434,0.634188009114291,0.5482407387095958,0.693420131575097,-0.3464824916140611,-0.15871279706573793,0.32875843515354575,-0.4251829163357008,0.6245446866551921,0.28598366752686055,0.26070170371314505,0.8130694943284322,-0.7673824077732907,0.6542153115258292,-0.8568752881005334,-0.6636617831311332,0.46246964070418795,0.8393048089977431,-0.08094846501373021,-0.5407834852869439,0.771001276730687
B,0,651,1,D12,positive,positive_degraded,positive_degraded,0.05747988599150621,0.05143520510072923,0.050770323997961844,-0.14860796928405762,-0.11946260929107666,-0.4978775978088379,1.2236719131469727,0.316436767578125,0.7269183993339539,-0.4905674457550049,-0.48448896408081055,-0.2574418783187866,-0.006895542144775391,-0.008773043751716614,0.35721051692962646,0.4168736934661865,-0.06683826446533203,0.6511015892028809,-0.45945221185684204,0.2514180541038513,-0.15114212036132812,-0.9159166812896729,0.25550711154937744,0.02015221118927002,0.48586297035217285,0.09239554405212402,-0.25241851806640625,0.8274459838867188,-0.9639425277709961,-0.040457725524902344,0.217650406062603,0.5811901092529297,-0.400360107421875,0.09344708919525146,0.4163055419921875,-0.2531436940024007,-0.23799023129299834,-0.48104515092669153,0.6565644464303936,0.8790436430380788,0.8783127394509676,-1.1692942574512335,-0.6751256105582515,-1.0073201021527312,-0.053700347305285334,-0.049921896361077245,1.085073168826931,0.7510157113080604,-0.09388761064976298,0.804521800930036,-0.9006140335602799,0.48110098365382004,-0.17836750410135027,-0.9848653004366994,0.5880443147924964,0.0988933409954425,0.8022897369575366,0.25892613049609486,-0.2928653771604046,0.5696123757535398,-0.7919946054991907,-0.039354477568157686,0.5777851276370696,0.5774960334076448,-0.6829261920559867,0.21461693342871602,0.4814934135377048
B,0,651,1,D13,positive,positive_degraded,positive_degraded,0.05747988599150621,0.05143520510072923,0.050770323997961844,0.16517925262451172,-0.004523575305938721,-0.03960084915161133,0.027771949768066406,-0.03784775733947754,-0.21033477783203125,0.0047705769538879395,0.17888140678405762,0.14978182315826416,-0.020600080490112305,-0.048770472407341,-0.12162619829177856,-0.11854100227355957,0.07634234428405762,-0.16685962677001953,0.051836997270584106,-0.05620330572128296,-0.017940521240234375,0.29070138931274414,-0.14273273944854736,-0.0033542513847351074,-0.2515408992767334,0.005859494209289551,-0.2579951286315918,0.008336067199707031,0.1391899585723877,-0.09447956085205078,-0.03650829195976257,0.022285938262939453,0.35460734367370605,0.04468250274658203,-0.010013580322265625,0.2813717705443571,-0.009011678476234852,-0.03826264492394721,0.014901134144397143,-0.10513953081549907,-0.25414095676486814,0.011370965652881537,0.24926747216657574,0.5860671175301921,-0.160427255626228,-0.27752238336042756,-0.36945549911914355,-0.21355602561848963,0.10723847457533464,-0.20617643876015299,0.10161042919372892,-0.1075477101950198,-0.021172417935963694,0.3125844264735989,-0.3284966766345453,-0.016460672998805936,-0.41536098884767136,0.016420841992998814,-0.29933606091541576,0.005738769559873402,0.11436136647223646,-0.09190255192706298,-0.09691661295275544,0.022144058890988694,0.6048824683414017,0.10262096005003674,-0.011581662507410828
B,0,651,1,D23,positive,positive_degraded,positive_degraded,0.05747988599150621,0.05143520510072923,0.050770323997961844,0.31378722190856934,0.11493903398513794,0.45827674865722656,-1.1958999633789062,-0.35428452491760254,-0.9372531771659851,0.4953380227088928,0.6633703708648682,0.4072237014770508,-0.013704538345336914,-0.03999742865562439,-0.47883671522140503,-0.5354146957397461,0.14318060874938965,-0.8179612159729004,0.5112892091274261,-0.3076213598251343,0.13320159912109375,1.206618070602417,-0.3982398509979248,-0.023506462574005127,-0.7374038696289062,-0.08653604984283447,-0.005576610565185547,-0.8191099166870117,1.1031324863433838,-0.05402183532714844,-0.25415869802236557,-0.5589041709899902,0.754967451095581,-0.048764586448669434,-0.4263191223144531,0.5345154645467578,0.2289785528167635,0.4427825060027443,-0.6416633122859965,-0.9841831738535778,-1.1324536962158356,1.180665223104115,0.9243930827248272,1.5933872196829233,-0.10672690832094267,-0.22760048699935032,-1.4545286679460745,-0.9645717369265501,0.20112608522509762,-1.010698239690189,1.002224462754009,-0.5886486938488398,0.15719508616538658,1.2974497269102983,-0.9165409914270417,-0.11535401399424844,-1.2176507258052078,-0.24250528850309605,-0.006470683755011142,-0.5638736061936664,0.9063559719714271,-0.052548074358905295,-0.674701740589825,-0.5553519745166561,1.2878086603973884,-0.11199597337867928,-0.49307507604511563
B,0,671,1,D12,fail_nonpositive,positive_stable,fail_nonpositive,-0.1026402382017092,0.03120640723980333,-0.10815890137735608,-0.949176549911499,-0.5779538154602051,-0.3042945861816406,1.0082731246948242,0.49817347526550293,1.1556620001792908,-0.7888355255126953,-0.39713311195373535,-0.47745418548583984,0.006653428077697754,0.31212353706359863,0.5161197185516357,0.7462763786315918,-0.39752864837646484,0.845374584197998,-1.017353892326355,0.22622168064117432,-0.6675143241882324,-1.7465782165527344,0.8027782440185547,0.09554797410964966,1.1595269441604614,0.012127995491027832,0.4818258285522461,0.4502286911010742,-1.3142166137695312,0.7318487167358398,0.0988612174987793,0.3204507827758789,-1.3937897682189941,0.009377241134643555,0.1541910171508789,-1.6168579020395197,-1.1513844868942151,-0.2940059048422009,0.5409913829109645,1.383897573887895,1.3963500897037469,-1.880232997056148,-0.5533963238016498,-1.8681847138016359,0.05181510377077864,1.7761006340389927,1.5677806216772492,1.344447744358305,-0.5584079099963791,1.0445712801223483,-1.9942081591496017,0.43288646736898073,-0.7877555003735828,-1.878056883265581,1.8475785855818443,0.4688859764006062,1.9146883871822857,0.033987559034315495,0.5590309766963284,0.3099364327793527,-1.0797871333122362,0.7118832234156147,0.26244173577596175,0.3184140527848074,-2.377499656099554,0.021536285305689074,0.17833535827048508
B,0,671,1,D13,fail_nonpositive,positive_stable,fail_nonpositive,-0.1026402382017092,0.03120640723980333,-0.10815890137735608,-0.45264601707458496,0.1608905792236328,-1.3335046768188477,3.1239824295043945,0.7913329601287842,1.656197965145111,-1.0019404888153076,-1.2092502117156982,-0.3348994255065918,-0.018671274185180664,0.2538852393627167,0.6665374040603638,1.1458041667938232,0.4298110008239746,1.729109764099121,-1.035622477531433,0.15592271089553833,0.038518428802490234,-1.9275546073913574,0.9388952255249023,0.22273820638656616,1.1662057638168335,0.353132963180542,-0.879094123840332,2.2073211669921875,-2.631833076477051,-0.615717887878418,0.39995476603507996,1.7946233749389648,-0.8024448156356812,-0.35823309421539307,1.132047176361084,-0.7710518377503363,0.320522012034405,-1.2884200697940722,1.676180100700682,2.1982778372815157,2.0011321643481264,-2.3881806502325897,-1.6850635928547701,-1.3103958611560858,-0.14540586420904333,1.4447027923004334,2.0246934750321826,2.064213620475848,0.6037558191869098,2.1365423852425622,-2.0300181784432003,0.2983659643825156,0.04545636464514935,-2.0726565646347077,2.160849294379977,1.0930513702218416,1.9257170204487242,0.9896074867631074,-1.0199570650204093,1.5195174424500184,-2.1623679336054433,-0.5989203280207007,1.0617389352173054,1.7832165740445476,-1.3687946364935368,-0.8227423441965691,1.30931101739928
B,0,671,1,D23,fail_nonpositive,positive_stable,fail_nonpositive,-0.1026402382017092,0.03120640723980333,-0.10815890137735608,0.49653053283691406,0.7388443946838379,-1.029210090637207,2.1157093048095703,0.29315948486328125,0.5005359649658203,-0.2131049633026123,-0.8121170997619629,0.14255475997924805,-0.025324702262878418,-0.05823829770088196,0.15041768550872803,0.39952778816223145,0.8273396492004395,0.883735179901123,-0.018268585205078125,-0.07029896974563599,0.7060327529907227,-0.18097639083862305,0.13611698150634766,0.1271902322769165,0.00667881965637207,0.34100496768951416,-1.3609199523925781,1.7570924758911133,-1.3176164627075195,-1.3475666046142578,0.30109354853630066,1.474172592163086,0.591344952583313,-0.3676103353500366,0.9778561592102051,0.8458060642891835,1.4719064989286201,-0.9944141649518712,1.1351887177897175,0.8143802633936208,0.6047820746443793,-0.507947653176442,-1.1316672690531202,0.5577888526455499,-0.19722096797982197,-0.33139784173855924,0.45691285335493337,0.719765876117543,1.162163729183289,1.091971105120214,-0.03581001929359884,-0.13452050298646506,0.8332118650187321,-0.19459968136912664,0.31327070879813257,0.6241653938212354,0.011028633266438437,0.9556199277287919,-1.5789880417167375,1.2095810096706658,-1.0825808002932074,-1.3108035514363154,0.7992971994413436,1.4648025212597402,1.0087050196060172,-0.8442786295022582,1.130975659128795
B,0,790,1,D12,fail_nonpositive,fail_nonpositive,positive_stable,-0.018196258488251852,-0.041009877145351904,0.040086431938135735,0.05162167549133301,0.016116619110107422,-0.0652456283569336,0.12548542022705078,0.07044148445129395,0.17797505855560303,-0.03599417209625244,-0.2027263641357422,-0.052278995513916016,-0.09637701511383057,-0.010687112808227539,0.05989527702331543,0.06791114807128906,-0.02855992317199707,0.2024545669555664,-0.021409600973129272,0.20255553722381592,0.08021736145019531,-0.22034764289855957,-0.023923635482788086,0.001883864402770996,0.13523244857788086,0.07971072196960449,0.047799110412597656,0.2529172897338867,-0.15770387649536133,-0.027233600616455078,0.08979056775569916,0.09930229187011719,-0.06128954887390137,0.045362770557403564,0.11513137817382812,0.08793403070564954,0.03210705997464636,-0.06304038010378621,0.06732924552778141,0.1956830054781249,0.21504176386924634,-0.08579384087555147,-0.2824945849588979,-0.20455754943526439,-0.7505594708011079,-0.06081363977529708,0.18193966129367223,0.1223447492377806,-0.04011790329593995,0.25015925098839553,-0.04196689215378718,0.38759993211288557,0.09466662572132745,-0.2369346723817657,-0.05505963903166322,0.009244857352412539,0.22330482834508336,0.2233784123317335,0.05545825712488095,0.17410812391183006,-0.12957284945656944,-0.026491075067762604,0.23836238455708514,0.09867064822059002,-0.10454653171885614,0.10418334161090281,0.13315929116038305
B,0,790,1,D13,fail_nonpositive,fail_nonpositive,positive_stable,-0.018196258488251852,-0.041009877145351904,0.040086431938135735,0.32479238510131836,0.2114945650100708,-0.0046367645263671875,-0.21173381805419922,-0.10034656524658203,-0.4122624397277832,0.2032787799835205,0.09691476821899414,0.04334825277328491,-0.00028252601623535156,-0.0981796383857727,-0.19054150581359863,-0.11608648300170898,0.23745107650756836,-0.1937727928161621,0.36573802679777145,-0.17530041933059692,0.37536048889160156,0.5517735481262207,-0.24800753593444824,-0.1112527847290039,-0.39312756061553955,-0.02800619602203369,-0.02625274658203125,-0.0632619857788086,0.42043161392211914,-0.3258218765258789,-0.18288955371826887,-0.03832817077636719,0.3103032112121582,0.03371208906173706,0.02565145492553711,0.5532614634365632,0.42133390253510705,-0.004480076943944145,-0.11360672622641921,-0.27875757130547685,-0.49812369367440285,0.48452643180386956,0.13504846514538116,0.16961319705032296,-0.0022001999721893706,-0.5586789975802748,-0.57879470872868,-0.20913440250740123,0.33354761783424824,-0.2394313665134843,0.7169164552639066,-0.33544628010228633,0.4429748816087158,0.5933103196827177,-0.5707844952102745,-0.5459548014253529,-0.6491586391641729,-0.07848333767256999,-0.03045945266846206,-0.04354976782153508,0.3454351426132728,-0.3169335837455679,-0.4855072717409796,-0.03808519715788683,0.5293098540852179,0.07742558334865302,0.029668425481476746
B,0,790,1,D23,fail_nonpositive,fail_nonpositive,positive_stable,-0.018196258488251852,-0.041009877145351904,0.040086431938135735,0.27317070960998535,0.19537794589996338,0.060608863830566406,-0.33721923828125,-0.17078804969787598,-0.5902374982833862,0.23927295207977295,0.29964113235473633,0.09562724828720093,0.09609448909759521,-0.08749252557754517,-0.25043678283691406,-0.18399763107299805,0.26601099967956543,-0.3962273597717285,0.3871476277709007,-0.37785595655441284,0.29514312744140625,0.7721211910247803,-0.22408390045166016,-0.1131366491317749,-0.5283600091934204,-0.10771691799163818,-0.0740518569946289,-0.3161792755126953,0.5781354904174805,-0.29858827590942383,-0.27268012147396803,-0.13763046264648438,0.37159276008605957,-0.011650681495666504,-0.08947992324829102,0.4653274327309137,0.3892268425604607,0.058560303159842064,-0.18093597175420062,-0.47444057678360174,-0.7131654575436491,0.570320272679421,0.41754305010427906,0.37417074648558735,0.7483592708289184,-0.49786535780497776,-0.7607343700223523,-0.33147915174518183,0.3736655211301882,-0.4895906175018798,0.7588833474176937,-0.723046212215172,0.34830825588738834,0.8302449920644834,-0.5157248561786113,-0.5551996587777654,-0.8724634675092563,-0.3018617500043035,-0.08591770979334301,-0.21765789173336514,0.47500799206984223,-0.2904425086778053,-0.7238696562980647,-0.13675584537847685,0.6338563858040741,-0.026757758262249798,-0.10349086567890631
B,1,252,1,D12,positive,positive_degraded,positive_stable,0.020208867225216295,0.017049358926522807,0.0307906251780288,0.13750135898590088,-0.2642498016357422,-0.3061976432800293,0.23060178756713867,0.4897751808166504,-0.19248580932617188,-0.2664022445678711,0.2760474681854248,0.21866130828857422,-0.334924578666687,0.01681971549987793,0.10039710998535156,-0.3222517967224121,-0.3495732322335243,-0.18120503425598145,-0.028809309005737305,-0.1572362184524536,-0.11856132745742798,-0.2888592481613159,0.02771422266960144,-0.2423960566520691,0.21923959255218506,-0.008907318115234375,0.13979816436767578,-0.09393060207366943,-0.4063239097595215,-0.02455425262451172,-0.3154106140136719,0.09037446975708008,-0.005612298846244812,-0.04109692573547363,0.04918697476387024,0.5998599695617659,-0.4982496962951075,-0.5028509210867711,0.40425630900290194,0.5493124833668244,-0.2530205037339526,-0.46400309176561316,0.5508692135893498,0.5296425620253813,-0.6088063518060917,0.07485738741481102,0.2784127765974246,-0.4752333795719571,-0.566496120829449,-0.5228380227936349,-0.09269936768501422,-0.5737535180770204,-0.5345062833563352,-0.5309277537592023,0.11076929923750856,-0.6387270511018533,0.5625295375296786,-0.05545947855045136,0.5142722071836164,-0.6872654687920268,-0.650514515760874,-0.08591304775806077,-0.5810762940300864,0.23891190077538152,-0.03741435033141988,-0.13845695608889252,0.12526618258299113
B,1,252,1,D13,positive,positive_degraded,positive_stable,0.020208867225216295,0.017049358926522807,0.0307906251780288,0.08254134654998779,-0.18962335586547852,-0.6890816688537598,0.5769295692443848,1.1590442657470703,0.236968994140625,-0.5015075206756592,0.17233633995056152,0.506974458694458,-0.7572281956672668,0.09565556049346924,0.12044334411621094,-0.7020186185836792,-0.6209903508424759,-0.3146638870239258,-0.11315631866455078,-0.3688303232192993,-0.05102625489234924,-0.5899930000305176,0.3220483511686325,-0.09512817859649658,0.27502477169036865,0.020429491996765137,-0.12720763683319092,-0.036524295806884766,-0.8285617828369141,-0.15076613426208496,-0.5847880840301514,0.485445499420166,-0.1550615131855011,0.09400391578674316,-0.009730249643325806,0.36009313101099755,-0.3575390395837576,-1.131639564209826,1.0113872429388777,1.2999382441922127,0.3114924723533165,-0.8734938432531864,0.3439075403390953,1.2279962234450605,-1.3764456533423606,0.4257214252570785,0.33400162006098755,-1.0352855442316196,-1.0063374123597246,-0.9079129426581949,-0.36410117781356127,-1.3458578808939883,-0.23004007518700692,-1.0844172106314323,1.2871755995946592,-0.25066781574190544,0.7056644798758944,0.12720143821703644,-0.46795549644630036,-0.2672391763584263,-1.3265073911581944,-0.5275126813781706,-1.077347079054404,1.2833185858231249,-1.03371719559154,0.3167025346123835,-0.02478039322915343
B,1,252,1,D23,positive,positive_degraded,positive_stable,0.020208867225216295,0.017049358926522807,0.0307906251780288,-0.054960012435913086,0.07462644577026367,-0.38288402557373047,0.3463277816772461,0.6692690849304199,0.4294548034667969,-0.23510527610778809,-0.10371112823486328,0.2883131504058838,-0.42230361700057983,0.07883584499359131,0.020046234130859375,-0.3797668218612671,-0.27141711860895157,-0.13345885276794434,-0.08434700965881348,-0.2115941047668457,0.06753507256507874,-0.30113375186920166,0.29433412849903107,0.1472678780555725,0.055785179138183594,0.02933681011199951,-0.2670058012008667,0.05740630626678467,-0.4222378730773926,-0.12621188163757324,-0.2693774700164795,0.39507102966308594,-0.1494492143392563,0.1351008415222168,-0.058917224407196045,-0.23976683855076833,0.1407106567113499,-0.628788643123055,0.6071309339359758,0.7506257608253883,0.5645129760872691,-0.40949075148757313,-0.2069616732502545,0.6983536614196791,-0.767639301536269,0.3508640378422675,0.055588843463562965,-0.5600521646596625,-0.4398412915302756,-0.38507491986456,-0.271401810128547,-0.7721043628169679,0.30446620816932823,-0.55348945687223,1.1764063003571508,0.38805923535994796,0.14313494234621582,0.1826609167674878,-0.9822277036299167,0.4200262924336005,-0.6759928753973203,-0.44159963362010984,-0.49627078502431765,1.0444066850477434,-0.9963028452601201,0.45515949070127604,-0.15004657581214456
B,1,651,1,D12,positive,positive_degraded,positive_degraded,0.053102576646787386,0.0393875235307716,0.0397044593450212,-0.32555192708969116,0.603461742401123,-0.06048107147216797,-0.1005256175994873,-0.4900650978088379,0.8441352844238281,0.01169586181640625,-0.5980687141418457,-0.2600560188293457,0.4503183364868164,-0.06762301921844482,-0.29480743408203125,0.11839032173156738,0.49023258686065674,0.26778221130371094,-0.14979267120361328,0.08243870735168457,0.23754927515983582,0.4658033847808838,0.0454765260219574,0.40896785259246826,-0.4874762296676636,0.10916662216186523,-0.37711167335510254,0.07192611694335938,0.30196046829223633,-0.07362604141235352,0.16196632385253906,0.07387781143188477,-0.03967544436454773,0.3572535514831543,0.02550363540649414,-1.4202457063444007,1.1378440460151364,-0.0993246345637486,-0.17622620461219743,-0.5496375972305333,1.109608461786325,0.020370799496631023,-1.1934821718640676,-0.6299094608356604,0.8185626401715345,-0.3009607274933759,-0.817533560806809,0.17459340602837178,0.7944397852729914,0.7726435189171887,-0.4819849590432214,0.30081810046029445,1.070936061499646,0.8561554012678955,0.1817623420350447,1.077653031283968,-1.2507773260845245,0.6797112732732541,-1.3872711981055788,0.5262641435686847,0.4834304847755087,-0.2576086279858253,0.298388441750008,0.19530301321588386,-0.2644961780764671,1.2035975380778319,0.06495105820999336
B,1,651,1,D13,positive,positive_degraded,positive_degraded,0.053102576646787386,0.0393875235307716,0.0397044593450212,-0.03766477108001709,-0.013413667678833008,0.037751197814941406,-0.034459590911865234,-0.04564380645751953,0.08522796630859375,0.05778384208679199,-0.09408187866210938,0.02910757064819336,-0.04641222953796387,0.08607399463653564,-0.10367488861083984,0.07953065633773804,0.0750824511051178,0.015276670455932617,0.06372034549713135,0.04485166072845459,0.00014337897300720215,0.07416057586669922,0.0597168430685997,0.11288225650787354,-0.021961450576782227,0.05604386329650879,-0.05816221237182617,0.03975951671600342,-0.007345676422119141,0.016834259033203125,0.05318641662597656,0.1604900360107422,-0.009415894746780396,0.10044050216674805,-0.01996380090713501,-0.16431518155569724,-0.025291770230522037,0.061996320560227074,-0.06040938493134099,-0.05119206749681743,0.1120318267071003,0.10064383361218193,-0.18774618792227848,0.07050452216635,-0.08436555876126989,0.38307788432226497,-0.28750228623420887,0.11728599430628528,0.12167388480779118,0.04407869453542654,0.20503193028297034,0.16366335158203105,0.0006464959814752591,0.13630838850034216,0.23867861838983384,0.29745094844091435,-0.056349204637791805,0.3489497898218866,-0.2139598254159834,0.2909096816418986,-0.011760744859168393,0.0589024939678774,0.09798471175789963,0.42426944569887737,-0.06277095917873768,0.3383880114512357,-0.050842366402876094
B,1,651,1,D23,positive,positive_degraded,positive_degraded,0.053102576646787386,0.0393875235307716,0.0397044593450212,0.2878871560096741,-0.616875410079956,0.09823226928710938,0.06606602668762207,0.44442129135131836,-0.7589073181152344,0.04608798027038574,0.5039868354797363,0.28916358947753906,-0.4967305660247803,0.15369701385498047,0.1911325454711914,-0.038859665393829346,-0.41515013575553894,-0.2525055408477783,0.21351301670074463,-0.03758704662322998,-0.2374058961868286,-0.39164280891418457,0.014240317046642303,-0.2960855960845947,0.46551477909088135,-0.053122758865356445,0.31894946098327637,-0.03216660022735596,-0.30930614471435547,0.09046030044555664,-0.1087799072265625,0.08661222457885742,0.030259549617767334,-0.25681304931640625,-0.04546743631362915,1.2559305247887036,-1.1631358162456584,0.16132095512397568,0.11581681968085644,0.49844552973371586,-0.9975766350792248,0.08027303411555091,1.005735983941789,0.7004139830020103,-0.9029281989328043,0.6840386118156407,0.5300312745726001,-0.057307411722086504,-0.6727659004652002,-0.7285648243817622,0.6870168893261918,-0.13715474887826343,-1.0702895655181706,-0.7198470127675534,0.05691627635478913,-0.7802020828430538,1.194428121446733,-0.33076148345136747,1.1733113726895954,-0.23535446192678602,-0.4951912296346771,0.3165111219537027,-0.20040372999210837,0.22896643248299353,0.20172521889772943,-0.865209526626596,-0.11579342461286946
B,1,671,1,D12,fail_nonpositive,positive_stable,fail_nonpositive,-0.03755367130829583,0.020571228526347848,-0.016797029826430998,-0.34025466442108154,0.6698076725006104,0.5898923873901367,-0.3862602710723877,-1.082468032836914,0.3769493103027344,0.33592724800109863,-0.49559521675109863,-0.5781834125518799,0.7167973518371582,-0.2710273265838623,-0.02569580078125,0.44612234830856323,0.6435821354389191,0.3420677185058594,-0.09040892124176025,0.2566353380680084,0.3053455948829651,0.6019351482391357,-0.14713972061872482,0.3446226119995117,-0.5159552097320557,0.03687751293182373,-0.2619504928588867,0.09684324264526367,0.9259142875671387,-0.023706436157226562,0.5092031955718994,-0.45081329345703125,0.029632464051246643,0.06868910789489746,-0.0008000433444976807,-1.4843881788844535,1.2629404192963156,0.9687454196247578,-0.677134258111804,-1.2140536562770472,0.49549641177800224,0.5850968453775294,-0.9889901953904181,-1.400479667811005,1.3029532017602452,-1.20622431022595,-0.07125663817840883,0.6579085515589224,1.0429482444770515,0.9869827724927418,-0.2909070627131573,0.936459902050907,1.376580216018547,1.1063672056777494,-0.5880938873335104,0.908099763860608,-1.3238491300183008,0.22961393534084967,-0.9636308996592129,0.7085762316124048,1.4823657635333225,-0.08294569876585228,0.9380974927316631,-1.191765374350299,0.19754479043404077,0.23141511278506016,-0.002037602446322506
B,1,671,1,D13,fail_nonpositive,positive_stable,fail_nonpositive,-0.03755367130829583,0.020571228526347848,-0.016797029826430998,-0.4969519376754761,0.8123114109039307,0.2899188995361328,-0.3207674026489258,-0.8052797317504883,0.8735589981079102,0.39891815185546875,-0.6895163059234619,-0.312868595123291,0.48553216457366943,0.010862588882446289,-0.2649669647216797,0.40364402532577515,0.632004052400589,0.3667752742767334,-0.038240909576416016,0.11617738008499146,0.3404418155550957,0.5998921394348145,0.2424309030175209,0.6966984272003174,-0.594817042350769,-0.05298042297363281,-0.539874792098999,0.23118990659713745,0.5621500015258789,-0.026932954788208008,0.4691281318664551,0.042325496673583984,-0.1937868446111679,0.2333216667175293,-0.2715033292770386,-2.167991741177772,1.5316346716085756,0.4761173710411772,-0.5623214565598267,-0.9031699746124111,1.1482861449480921,0.6948105897085328,-1.3759713705830672,-0.7578322829846196,0.882572678387763,0.048345054448029945,-0.7347817277383568,0.5952646413362435,1.0241855834313842,1.0582723807705738,-0.12304705708808228,0.4239303917723445,1.5348033448833747,1.1026122451543312,0.968957520942183,1.835838632523898,-1.5261939093971142,-0.3298753129344102,-1.9860234666151952,1.6915553801833658,0.8999887786762566,-0.09423498569444272,0.8642674444519165,0.11189086197158515,-1.291879761037205,0.7860679269536059,-0.6914467306337735
B,1,671,1,D23,fail_nonpositive,positive_stable,fail_nonpositive,-0.03755367130829583,0.020571228526347848,-0.016797029826430998,-0.15669727325439453,0.1425037384033203,-0.2999734878540039,0.06549286842346191,0.2771883010864258,0.4966096878051758,0.06299090385437012,-0.19392108917236328,0.26531481742858887,-0.23126518726348877,0.2818899154663086,-0.2392711639404297,-0.042478322982788086,-0.011578083038330078,0.024707555770874023,0.05216801166534424,-0.14045795798301697,0.035096220672130585,-0.002043008804321289,0.3895706236362457,0.35207581520080566,-0.07886183261871338,-0.08985793590545654,-0.2779242992401123,0.13434666395187378,-0.36376428604125977,-0.0032265186309814453,-0.040075063705444336,0.49313879013061523,-0.22341930866241455,0.16463255882263184,-0.2707032859325409,-0.6836035622933185,0.26869425231225996,-0.4926280485835806,0.1148128015519774,0.3108836816646362,0.6527897331700899,0.1097137443310034,-0.3869811751926492,0.6426473848263854,-0.4203805233724822,1.25456936467398,-0.663525089559948,-0.06264391022267896,-0.018762661045667373,0.07128960827783204,0.16786000562507503,-0.5125295102785625,0.1582231288648276,-0.0037549605234180605,1.5570514082756934,0.9277388686632901,-0.20234477937881334,-0.5594892482752598,-1.0223925669559824,0.9829791485709611,-0.582376984857066,-0.011289286928590443,-0.07383004827974654,1.303656236321884,-1.4894245514712459,0.5546528141685458,-0.6894091281874509
B,1,790,1,D12,positive,positive_stable,positive_stable,0.00735172632147995,0.03753724071688531,0.010971926596457807,-0.01938343048095703,0.10001802444458008,-0.1533069610595703,0.013979673385620117,-0.11448240280151367,0.08360767364501953,-0.07176733016967773,-0.025978565216064453,-0.11430883407592773,0.12069094181060791,-0.03517007827758789,0.007599830627441406,-0.12456858158111572,0.0174064040184021,-0.012481927871704102,-0.08270740509033203,-0.047324538230895996,-0.006636664271354675,0.047570228576660156,0.009634681046009064,-0.01296454668045044,-0.05524313449859619,-0.010681629180908203,0.02946627140045166,-0.01872396469116211,0.043612003326416016,-0.08923029899597168,-0.06618857383728027,-0.0731511116027832,-0.034372568130493164,-0.014773845672607422,0.07158488035202026,-0.08456220464201303,0.18858657116282618,-0.25176757867341926,0.02450703847758401,-0.12839942270805113,0.10990204212428756,-0.12500020140217438,-0.05184203467441195,-0.2768798680010456,0.21938493258091543,-0.15652619437161777,0.02107565255373056,-0.1837045714688299,0.028207659529503097,-0.03601527033572555,-0.26612532150657475,-0.1726866104948308,-0.02991991233386193,0.08743500965635576,0.03850825456818752,-0.03416247999526939,-0.14174371729466484,-0.06650751625774448,0.10839744784964433,-0.13699843384583854,0.06982225645668705,-0.312207262166864,-0.12193821782708791,-0.19338324283482644,-0.2291447284543453,-0.04977459205739976,0.18230768453799218
B,1,790,1,D13,positive,positive_stable,positive_stable,0.00735172632147995,0.03753724071688531,0.010971926596457807,0.12982505559921265,-0.36428070068359375,-0.4390988349914551,0.37963294982910156,0.7554383277893066,-0.26692676544189453,-0.317150354385376,0.3482210636138916,0.29919910430908203,-0.3965550661087036,-0.024147868156433105,0.1589980125427246,-0.4363800287246704,-0.4880300387740135,-0.3049321174621582,-0.09443521499633789,-0.2291833758354187,-0.12852275371551514,-0.5268906354904175,0.03175789932720363,-0.31686776876449585,0.2920186519622803,-0.0270841121673584,0.15810823440551758,-0.11884462833404541,-0.5566315650939941,-0.04881882667541504,-0.41950392723083496,0.11761331558227539,-0.024622976779937744,-0.07064580917358398,0.09040600061416626,0.5663715623584664,-0.6868612238237358,-0.7211060874557051,0.6655160585271223,0.8472700862579388,-0.3508712271547796,-0.5523925583007223,0.6948959864120623,0.7247224294257821,-0.720835150130616,-0.10747120471884297,0.4409162718875844,-0.6435411957795382,-0.7908704304791518,-0.8798342718177687,-0.3038622373042522,-0.836287632029168,-0.5794151208576834,-0.9684340076043974,0.1269312198094379,-0.8349639880100774,0.7492681764932498,-0.1686359320865322,0.581629141309048,-0.869554807254038,-0.8911538256705485,-0.17081124052671426,-0.7728463918246495,0.3109203730641521,-0.16414900524758647,-0.2380087925482084,0.230240068379814
B,1,790,1,D23,positive,positive_stable,positive_stable,0.00735172632147995,0.03753724071688531,0.010971926596457807,0.14920848608016968,-0.46429872512817383,-0.28579187393188477,0.36565327644348145,0.8699207305908203,-0.35053443908691406,-0.24538302421569824,0.37419962882995605,0.41350793838500977,-0.5172460079193115,0.011022210121154785,0.1513981819152832,-0.3118114471435547,-0.5054364427924156,-0.2924501895904541,-0.01172780990600586,-0.1818588376045227,-0.12188608944416046,-0.5744608640670776,0.022123218281194568,-0.3039032220840454,0.34726178646087646,-0.016402482986450195,0.12864196300506592,-0.1001206636428833,-0.6002435684204102,0.04041147232055664,-0.3533153533935547,0.1907644271850586,0.00974959135055542,-0.05587196350097656,0.018821120262145996,0.6509337670004793,-0.875447794986562,-0.4693385087822859,0.6410090200495383,0.9756695089659898,-0.46077326927906714,-0.42739235689854793,0.7467380210864742,1.0016022974268277,-0.9402200827115315,0.0490549896527748,0.41984061933385386,-0.45983662431070826,-0.819078090008655,-0.8438190014820431,-0.03773691579767746,-0.6636010215343372,-0.5494952085238215,-1.0558690172607532,0.08842296524125037,-0.8008015080148081,0.8910118937879147,-0.1021284158287877,0.47323169345940364,-0.7325563734081995,-0.9609760821272355,0.14139602164014975,-0.6509081739975616,0.5043036158989785,0.06499572320675884,-0.18823420049080863,0.04793238384182183
B,2,252,1,D12,positive,positive_degraded,positive_stable,0.023228742697776448,0.017576606139433557,0.029020919049778757,-0.32418131828308105,0.1967000961303711,-0.44878101348876953,0.04860115051269531,0.49503517150878906,0.15102624893188477,-0.14496922492980957,-0.1574244499206543,0.19265270233154297,0.0961759090423584,0.47595882415771484,0.010921955108642578,-0.5210027694702148,0.4306976795196533,-0.0641632080078125,0.07056236267089844,-0.06268978118896484,-0.08355712890625,0.11734879016876221,-0.4326744079589844,-0.4855523109436035,0.05384397506713867,-0.21071767807006836,0.11420845985412598,-0.5191464424133301,0.1395246982574463,-0.31447696685791016,-0.25130534172058105,0.20827579498291016,-0.18138599395751953,0.42992353439331055,-0.3426952362060547,-0.7763297114856782,0.43442291485387297,-0.5521998547865435,0.1861242274470462,0.5852693662046683,0.25033597850142275,-0.39619121061467927,-0.24018979468000984,0.22038721524428678,0.8280766332445654,0.5436932444234496,0.060746592310548936,-0.5318969933731814,0.6184675634082618,-0.0894536902790547,0.1649292582941777,-0.16196180306924401,-0.08386093212803383,0.4658862799881637,-0.43155667312341134,-0.6842970587848225,0.29728186437379206,-0.3415340559272002,0.2207123074630532,-0.6064324250407627,0.9944969851948852,-0.35194826333040535,-0.6814016420345326,0.2691990738978809,-0.47076095518867767,0.8076133387630169,-0.5858150681516556
B,2,252,1,D13,positive,positive_degraded,positive_stable,0.023228742697776448,0.017576606139433557,0.029020919049778757,-0.5634816884994507,0.20411157608032227,-0.1879863739013672,0.15411806106567383,0.4297933578491211,0.6889595985412598,-0.4274020195007324,-0.613898754119873,0.07181549072265625,0.015289545059204102,0.7506771087646484,0.052167415618896484,-0.6244926452636719,0.4673621654510498,-0.5173683166503906,-0.08718109130859375,0.11744356155395508,0.29628849029541016,0.2453213930130005,-0.07910537719726562,-0.9301362037658691,0.04075026512145996,-0.4668450355529785,-0.154884934425354,-0.6887753009796143,0.11296606063842773,-0.1916818618774414,-0.4332764148712158,0.03453540802001953,-0.5609664916992188,0.7956862449645996,-0.6626505851745605,-1.3493916521104055,0.45079275681116804,-0.2313057075733462,0.590214851848449,0.5081342615439614,1.141995447360101,-1.1680586465806144,-0.9366576988789495,0.08215323359446869,0.13164531717980596,0.8575061788429345,0.2901475878546298,-0.6375508641038203,0.6711169807076766,-0.7212757279612874,-0.20377312472059628,0.30342148696697974,0.2973641382499979,0.9739499078282365,-0.07890126666101492,-1.3108568481304115,0.2249897480075138,-0.756667358056226,-0.2993214796012653,-0.8045820860376736,0.8051938774827414,-0.21452138368606066,-1.1748066268043464,0.04463600200160009,-1.4559098454603736,1.4946999026889358,-1.1327585773570301
B,2,252,1,D23,positive,positive_degraded,positive_stable,0.023228742697776448,0.017576606139433557,0.029020919049778757,-0.23930037021636963,0.007411479949951172,0.26079463958740234,0.10551691055297852,-0.06524181365966797,0.537933349609375,-0.28243279457092285,-0.45647430419921875,-0.12083721160888672,-0.0808863639831543,0.2747182846069336,0.041245460510253906,-0.10348987579345703,0.036664485931396484,-0.4532051086425781,-0.1577434539794922,0.18013334274291992,0.37984561920166016,0.12797260284423828,0.35356903076171875,-0.4445838928222656,-0.013093709945678711,-0.25612735748291016,-0.26909339427948,-0.16962885856628418,-0.026558637619018555,0.12279510498046875,-0.18197107315063477,-0.17374038696289062,-0.3795804977416992,0.36576271057128906,-0.31995534896850586,-0.5730619406247273,0.016369841957295073,0.3208941472131973,0.40409062440140286,-0.07713510466070694,0.8916594688586784,-0.7718674359659352,-0.6964679041989396,-0.1382339816498181,-0.6964313160647595,0.3138129344194849,0.22940099554408083,-0.10565387073063881,0.05264941729941475,-0.6318220376822328,-0.368702383014774,0.4653832900362238,0.3812250703780317,0.5080636278400729,0.35265540646239646,-0.6265597893455889,-0.07229211636627825,-0.41513330212902577,-0.5200337870643186,-0.1981496609969109,-0.18930310771214376,0.1374268796443447,-0.49340498476981387,-0.22456307189628083,-0.9851488902716959,0.6870865639259189,-0.5469435092053746
B,2,651,1,D12,positive,positive_degraded,positive_degraded,0.04819247356002893,0.044427298896985684,0.04808382557143589,0.4329230785369873,-0.4264678955078125,0.8748164176940918,-0.1007087230682373,-0.7928237915039062,0.14722347259521484,0.1275010108947754,-0.20066452026367188,-0.6165075302124023,-0.049336910247802734,-0.8573832511901855,-0.022056937217712402,0.918792724609375,-0.7322421073913574,-0.36069774627685547,-0.3492269515991211,0.3120889663696289,0.6787347793579102,-0.14315462112426758,0.9819145202636719,0.3409581184387207,-0.12863469123840332,-0.09278488159179688,-0.39722931385040283,0.8218450546264648,-0.07260513305664062,0.943629264831543,0.3531041145324707,-0.6801481246948242,-0.006178855895996094,-0.31071043014526367,0.1655440330505371,1.0367380957903538,-0.941876251670027,1.076412878387048,-0.38567629778176005,-0.9373362557103149,0.24403319595622003,0.34845026874589086,-0.306164060882566,-0.70526479861023,-0.42479184644753853,-0.9793986066167037,-0.1226779448594551,0.9380054600001773,-1.0514758929518782,-0.502855068143455,-0.8162679995454144,0.8062935408368115,0.6812003138420142,-0.5683379879951425,0.9793790516055298,0.48051830079799024,-0.710212407421953,-0.15038608303524661,-0.7676618115903884,0.9600256997661945,-0.5175128848985879,1.0560653719818638,0.957423412718775,-0.8791023284027119,-0.016038157366799352,-0.5836713100121083,0.2829858040131591
B,2,651,1,D13,positive,positive_degraded,positive_degraded,0.04819247356002893,0.044427298896985684,0.04808382557143589,0.08872580528259277,-0.07360267639160156,0.09054803848266602,0.08899211883544922,-0.1740713119506836,-0.062191009521484375,0.008672714233398438,0.055441856384277344,-0.020897865295410156,0.05573081970214844,-0.11816263198852539,-0.0873570442199707,0.07678031921386719,-0.11811232566833496,0.06800460815429688,-0.018563270568847656,0.0423130989074707,-0.014190673828125,0.018776893615722656,0.01860523223876953,0.15678024291992188,0.01774311065673828,0.0844583511352539,0.016708016395568848,0.15304088592529297,0.030925989151000977,0.13504600524902344,0.04501485824584961,-0.02447032928466797,-0.0020647048950195312,-0.02446603775024414,0.08122491836547852,0.2124747133799253,-0.16255588889751865,0.11141491787127833,0.3408062395058249,-0.20580017059648625,-0.10308556222995045,0.023702486213644625,0.08459171829669693,-0.0239063730290269,0.4798424522590362,-0.13497900819547914,-0.48586902359028733,0.07838591521087179,-0.16960531061925,0.09480747280594523,-0.043389487709303565,0.10931778641153454,-0.014242227249720685,0.0745463611488513,0.018557015282124778,0.2209534497767929,0.09796095223153159,0.13689151318510806,0.032289057481205,0.17877252692434215,0.22043227153012057,0.1511377321349603,0.12205503392095174,-0.03162856605632042,-0.005358404335396083,-0.04596022335152766,0.13884749383326384
B,2,651,1,D23,positive,positive_degraded,positive_degraded,0.04819247356002893,0.044427298896985684,0.04808382557143589,-0.34419727325439453,0.35286521911621094,-0.7842683792114258,0.18970084190368652,0.6187524795532227,-0.20941448211669922,-0.11882829666137695,0.2561063766479492,0.5956096649169922,0.10506772994995117,0.7392206192016602,-0.0653001070022583,-0.8420124053955078,0.6141297817230225,0.42870235443115234,0.33066368103027344,-0.2697758674621582,-0.6929254531860352,0.16193151473999023,-0.9633092880249023,-0.18417787551879883,0.1463778018951416,0.17724323272705078,0.4139373302459717,-0.6688041687011719,0.1035311222076416,-0.8085832595825195,-0.3080892562866211,0.6556777954101562,0.0041141510009765625,0.28624439239501953,-0.0843191146850586,-0.8242633824104285,0.7793203627725083,-0.9649979605157697,0.7264825372875849,0.7315360851138286,-0.3471187581861705,-0.32474778253224623,0.39075577917926285,0.6813584255812031,0.9046342987065747,0.8444195984212246,-0.36319107873083223,-0.8596195447893056,0.8818705823326283,0.5976625409494003,0.7728785118361108,-0.6969757544252769,-0.6954425410917349,0.6428843491439937,-0.960822036323405,-0.2595648510211973,0.8081733596534846,0.28727759622035465,0.7999508690715934,-0.7812531728418523,0.7379451564287085,-0.9049276398469035,-0.8353683787978232,0.8474737623463915,0.010679753031403269,0.5377110866605807,-0.14413831017989526
B,2,671,1,D12,fail_nonpositive,positive_stable,positive_stable,-0.38935377545534766,0.0377945986053746,0.027796530413154084,0.5880956649780273,-0.1571049690246582,0.5822992324829102,-0.13093042373657227,-0.4528055191040039,-0.4388713836669922,0.35210394859313965,0.3938727378845215,-0.04144763946533203,-0.18581271171569824,-0.6122097969055176,0.12899136543273926,0.7684447765350342,-0.6179280281066895,0.28955554962158203,-0.03042316436767578,-0.012159347534179688,-0.06149482727050781,-0.1875244379043579,0.6010184288024902,0.7291440963745117,-0.13930058479309082,0.28496456146240234,-0.21818268299102783,0.5856316089630127,-0.2974052429199219,0.4100933074951172,0.3824348449707031,-0.229766845703125,0.4955868721008301,-0.8151426315307617,0.48662853240966797,1.4083359148617793,-0.346975680370839,0.7164863076422858,-0.5014130155449326,-0.5353416335220756,-0.7274576377911266,0.9622741720041962,0.6009521005912775,-0.0474147124700946,-1.5998461301634757,-0.6993351050037331,0.7174319866895388,0.7845130418045931,-0.8873241963343531,0.4036759311148205,-0.07111085290978841,-0.031414198064128984,-0.06171702636397744,-0.7444902921782398,0.5994663370401649,1.0275960258132295,-0.7690991818672233,0.46187273569516774,-0.42164708598089085,0.6840962356864164,-2.1198309716601695,0.4589579342047545,1.036952586895966,-0.2969767878181178,1.286226469476171,-1.531249469506718,0.8318595849426895
B,2,671,1,D13,fail_nonpositive,positive_stable,positive_stable,-0.38935377545534766,0.0377945986053746,0.027796530413154084,0.3949437141418457,-0.6188931465148926,1.2237129211425781,-0.059949398040771484,-1.3799362182617188,0.32279491424560547,-0.036215782165527344,-0.1505284309387207,-0.738560676574707,-0.318800687789917,-0.9063739776611328,-0.04610800743103027,1.2700517177581787,-0.9367218017578125,-0.4650888442993164,-0.3604912757873535,0.2824745178222656,0.6052961349487305,-0.3316688537597656,1.4412469863891602,0.7308754920959473,-0.10341453552246094,0.32408761978149414,-0.3409322500228882,1.2075579166412354,-0.27378106117248535,0.7788534164428711,0.47289562225341797,-0.6347122192382812,-0.0802617073059082,-0.6931352615356445,0.6346306800842285,0.9457875804523914,-1.3668600715357326,1.5057093689920031,-0.22958358661746714,-1.6314668308907254,0.5350547223853181,-0.09897531999579257,-0.22966992304312894,-0.8448899629024642,-2.7448732542352334,-1.035361631666049,-0.25644609105288785,1.2966091647954325,-1.3451018326570816,-0.6483934470070041,-0.8425964370745085,0.7297855917162867,0.6074950031504215,-1.3167574875757697,1.4375250617484905,1.0300359938621,-0.5709672045974992,0.5252838059373612,-0.6588655653020127,1.410589451244815,-1.951443932795081,0.8716563496137897,1.282231671795343,-0.8203760767953379,-0.20830893420745944,-1.3020582489394679,1.0848603443062896
B,2,671,1,D23,fail_nonpositive,positive_stable,positive_stable,-0.38935377545534766,0.0377945986053746,0.027796530413154084,-0.19315195083618164,-0.4617881774902344,0.641413688659668,0.07098102569580078,-0.9271306991577148,0.7616662979125977,-0.388319730758667,-0.5444011688232422,-0.697113037109375,-0.13298797607421875,-0.29416418075561523,-0.17509937286376953,0.5016069412231445,-0.31879377365112305,-0.7546443939208984,-0.33006811141967773,0.2946338653564453,0.6667909622192383,-0.14414441585540771,0.8402285575866699,0.0017313957214355469,0.03588604927062988,0.0391230583190918,-0.12274956703186035,0.6219263076782227,0.023624181747436523,0.3687601089477539,0.09046077728271484,-0.40494537353515625,-0.5758485794067383,0.12200736999511719,0.14800214767456055,-0.46254833440938803,-1.0198843911648936,0.7892230613497172,0.27182942892746537,-1.0961251973686497,1.2625123601764447,-1.0612494919999889,-0.8306220236344064,-0.7974752504323697,-1.1450271240717576,-0.336026526662316,-0.9738780777424265,0.5120961229908393,-0.4577776363227286,-1.0520693781218244,-0.77148558416472,0.7611997897804157,0.669212029514399,-0.5722671953975299,0.8380587247083257,0.0024399680488703668,0.1981319772697241,0.06341107024219353,-0.23721847932112183,0.7264932155583985,0.16838703886508877,0.4126984154090352,0.2452790848993771,-0.52339928897722,-1.4945354036836305,0.22919122056725005,0.2530007593636002
B,2,790,1,D12,fail_nonpositive,fail_nonpositive,fail_nonpositive,-0.0038685569457969286,-0.18791204012611654,-0.0016589470712195685,-0.026514053344726562,-0.07734251022338867,0.08867549896240234,-0.12174797058105469,0.026838302612304688,0.1631026268005371,0.06304597854614258,-0.2273693084716797,-0.33109569549560547,-0.0011241436004638672,-0.15915870666503906,0.07797360420227051,0.23114705085754395,-0.09107732772827148,-0.21247005462646484,-0.11589431762695312,0.09631538391113281,0.3590087890625,-0.08695268630981445,0.2244868278503418,-0.08674240112304688,-0.08734822273254395,-0.23029613494873047,-0.151941180229187,0.11239171028137207,0.04518604278564453,0.19571876525878906,0.07151412963867188,-0.18360137939453125,-0.023910045623779297,0.09135293960571289,-0.07533931732177734,-0.06349399520758506,-0.17081485629885595,0.10911029077265932,-0.46624943735093055,0.031731291920415794,0.2703534257711936,0.17229984892642825,-0.34690949523945425,-0.37876290659171363,-0.00967973226639643,-0.18180915556234184,0.43367760419844903,0.2359802675426571,-0.13078420563949245,-0.29620961965028014,-0.27088580790094263,0.2488364433996526,0.3603119711520767,-0.3452105755209913,0.22390632169916136,-0.1222469447602183,-0.48226315533813346,-0.3732657336610912,-0.2936325025358316,0.13128800763405712,0.3220752019515544,0.21903989733110585,0.19390754552937634,-0.23730810514858525,-0.0620539468900132,0.17160781688225793,-0.12878795636559776
B,2,790,1,D13,fail_nonpositive,fail_nonpositive,fail_nonpositive,-0.0038685569457969286,-0.18791204012611654,-0.0016589470712195685,-0.43659257888793945,0.24965667724609375,-0.621854305267334,-0.03434610366821289,0.7156438827514648,0.2950711250305176,-0.25518798828125,-0.27976322174072266,0.20233726501464844,0.09053611755371094,0.7247982025146484,0.10331463813781738,-0.7992444038391113,0.6304717063903809,-0.14685726165771484,0.04294109344482422,-0.09130668640136719,-0.08445167541503906,0.19204819202423096,-0.6254563331604004,-0.7535042762756348,0.08304381370544434,-0.3222532272338867,0.08299612998962402,-0.7573015689849854,0.1747879981994629,-0.4973869323730469,-0.2840418815612793,0.3346281051635742,-0.2924981117248535,0.5735282897949219,-0.6120810508728027,-1.0455251870775915,0.5513797702320424,-0.7651563480014756,-0.1315308431002697,0.8460900124320272,0.4891015640917552,-0.6974105396130378,-0.4268492565484523,0.23146591626200586,0.779515557281727,0.8279447033692238,0.5746205291419945,-0.8159574484325405,0.9053372614634246,-0.20473621068539183,0.1003698716477488,-0.2358923734586459,-0.08475966325569495,0.7624495982264187,-0.623841132757345,-1.061926298343321,0.4584966509982889,-0.5223109209379624,0.16039338659312635,-0.8846299998163858,1.2458481335262632,-0.556652164497313,-0.7701649000007356,0.4325133460120511,-0.7591381590739756,1.0773762987309345,-1.0463125033546952
B,2,790,1,D23,fail_nonpositive,fail_nonpositive,fail_nonpositive,-0.0038685569457969286,-0.18791204012611654,-0.0016589470712195685,-0.4100785255432129,0.3269991874694824,-0.7105298042297363,0.0874018669128418,0.6888055801391602,0.13196849822998047,-0.3182339668273926,-0.05239391326904297,0.5334329605102539,0.0916602611541748,0.8839569091796875,0.025341033935546875,-1.0303914546966553,0.7215490341186523,0.06561279296875,0.15883541107177734,-0.1876220703125,-0.44346046447753906,0.2790008783340454,-0.8499431610107422,-0.6667618751525879,0.17039203643798828,-0.09195709228515625,0.23493731021881104,-0.8696932792663574,0.12960195541381836,-0.6931056976318359,-0.35555601119995117,0.5182294845581055,-0.2685880661010742,0.482175350189209,-0.5367417335510254,-0.9820311918700063,0.7221946265308985,-0.8742666387741349,0.33471859425066086,0.8143587205116114,0.2187481383205616,-0.869710388539466,-0.07993976130899805,0.6102288228537195,0.7891952895481233,1.0097538589315656,0.14094292494354543,-1.0519377159751975,1.036121467102917,0.09147340896488831,0.37125567954869143,-0.4847288168582985,-0.44507163440777164,1.1076601737474099,-0.8477474544565063,-0.9396793535831027,0.9407598063364224,-0.1490451872768711,0.45402588912895797,-1.015918007450443,0.9237729315747089,-0.7756920618284189,-0.964072445530112,0.6698214511606364,-0.6970842121839624,0.9057684818486765,-0.9175245469890974
