fold,objective,seed,architecture,participant,timepoint,repetition,recording_id,n_windows,n_exercises,e0,e1,e2,e3,e4,e5,e6,e7,e8,e9,e10,e11,e12,e13,e14,e15,e16,e17,e18,e19,e20,e21,e22,e23,e24,e25,e26,e27,e28,e29,e30,e31,ex11_e0,ex11_e1,ex11_e2,ex11_e3,ex11_e4,ex11_e5,ex11_e6,ex11_e7,ex11_e8,ex11_e9,ex11_e10,ex11_e11,ex11_e12,ex11_e13,ex11_e14,ex11_e15,ex11_e16,ex11_e17,ex11_e18,ex11_e19,ex11_e20,ex11_e21,ex11_e22,ex11_e23,ex11_e24,ex11_e25,ex11_e26,ex11_e27,ex11_e28,ex11_e29,ex11_e30,ex11_e31,std_e0,std_e1,std_e2,std_e3,std_e4,std_e5,std_e6,std_e7,std_e8,std_e9,std_e10,std_e11,std_e12,std_e13,std_e14,std_e15,std_e16,std_e17,std_e18,std_e19,std_e20,std_e21,std_e22,std_e23,std_e24,std_e25,std_e26,std_e27,std_e28,std_e29,std_e30,std_e31,std_ex11_e0,std_ex11_e1,std_ex11_e2,std_ex11_e3,std_ex11_e4,std_ex11_e5,std_ex11_e6,std_ex11_e7,std_ex11_e8,std_ex11_e9,std_ex11_e10,std_ex11_e11,std_ex11_e12,std_ex11_e13,std_ex11_e14,std_ex11_e15,std_ex11_e16,std_ex11_e17,std_ex11_e18,std_ex11_e19,std_ex11_e20,std_ex11_e21,std_ex11_e22,std_ex11_e23,std_ex11_e24,std_ex11_e25,std_ex11_e26,std_ex11_e27,std_ex11_e28,std_ex11_e29,std_ex11_e30,std_ex11_e31
A,masked_angular_velocity,0,conv,252,1,1,252_T1_P1_R1,23,5,1.5072680711746216,1.2158044576644897,-8.36591625213623,14.277839660644531,2.013749837875366,2.0701189041137695,0.6051411628723145,-3.1890172958374023,-1.0553261041641235,-0.6118780374526978,-0.4780733585357666,0.7469342350959778,2.798438310623169,2.712573528289795,2.643662214279175,-0.06765474379062653,-1.149928331375122,5.7405524253845215,-2.585484504699707,0.9276084899902344,1.4072750806808472,2.3297762870788574,1.2274123430252075,-4.352517127990723,8.946383476257324,-4.695679664611816,-4.745092868804932,-0.2551526427268982,4.7511515617370605,1.6587616205215454,-2.380526542663574,5.770045280456543,1.5971753597259521,1.1546542644500732,-8.194101333618164,13.960522651672363,1.935957670211792,2.14097261428833,0.6973613500595093,-3.339911937713623,-1.0733792781829834,-0.6569611430168152,-0.4813101887702942,0.8463312387466431,2.707303524017334,2.7147300243377686,2.868006944656372,-0.09579883515834808,-1.0023151636123657,5.8170671463012695,-2.5831634998321533,0.8295409083366394,1.3905893564224243,2.2750356197357178,1.138680100440979,-4.192540168762207,8.875846862792969,-4.5877861976623535,-4.660055637359619,-0.012873521074652672,4.598027229309082,1.7647819519042969,-2.214169979095459,5.617615222930908,0.6584146471359171,0.7816257475294545,-0.949949938689578,0.9508651883385631,0.9154114726273391,0.7737241870746103,0.17018521121804253,-0.7996307968662053,-0.16900370855801633,-0.5915718390950714,-0.36960898565712924,0.47318187356241503,0.9923226240029541,0.9700093042177119,0.6410787876335384,-0.06642392743761767,0.22037086912359366,0.8163710504432006,-0.7289445295354859,0.6425775065033787,0.7360610971182349,0.7838737401290399,0.9971780248029305,-0.8383295909703377,0.9347124637924636,-0.8163396515069137,-0.9120042379881668,0.10699231095469564,0.9181592864229737,-0.573734154150515,-0.41028726247594405,0.9614538172232159,0.89126386425419,0.6266819063475496,-0.7507702393835818,0.7603396801535851,0.6376390288544931,0.8627766330088111,0.45155805438655233,-1.0003502379253586,-0.22331698693872445,-0.7289298247398192,-0.3800559494692649,1.014624909504747,0.8214349189091198,0.974781896328445,1.021852703140175,-0.14524269245516444,0.5107107468556077,0.9360472548412719,-0.7255961486589841,0.42944031368041946,0.6588823862967088,0.6678671879726904,0.7714820349352016,-0.6402871088845746,0.8837872859305793,-0.7075174346338,-0.787164160088708,0.6323346565432459,0.7614988922774082,-0.33832224461634025,0.06586328403528019,0.7731101759943934
A,masked_angular_velocity,0,conv,252,1,2,252_T1_P1_R2,25,5,1.3066449165344238,1.1685339212417603,-8.444791793823242,14.539759635925293,2.1184420585632324,2.2001819610595703,0.45490598678588867,-3.048218250274658,-0.7848935723304749,-0.688992977142334,-0.3269153833389282,0.8149018287658691,2.791940689086914,2.819690227508545,2.525585412979126,-0.34095293283462524,-1.1937755346298218,5.447203159332275,-2.6631240844726562,1.2434817552566528,1.5089843273162842,2.408639430999756,1.3711378574371338,-4.812651634216309,9.093889236450195,-4.976737976074219,-4.812068939208984,-0.26042693853378296,4.8729023933410645,1.651554822921753,-2.4980411529541016,5.766263484954834,1.0832479000091553,0.9736608266830444,-8.300504684448242,14.265902519226074,2.0591647624969482,2.275602102279663,0.2586972713470459,-2.940276622772217,-0.6210305690765381,-0.774139404296875,-0.20624668896198273,0.8319656252861023,2.6871142387390137,2.715914011001587,2.480699062347412,-0.5979141592979431,-1.0989668369293213,5.131308078765869,-2.712615489959717,1.2623851299285889,1.5769641399383545,2.3656458854675293,1.3026009798049927,-4.903103828430176,8.990506172180176,-4.95894718170166,-4.582612037658691,-0.13544781506061554,4.693763256072998,1.6354258060455322,-2.352785110473633,5.484061241149902,0.1388246253853433,0.6618503498274989,-1.0413871048237084,1.1081278670852723,1.2892361109485322,0.9371937185320673,-0.2881968410328043,-0.6123399998842424,0.6445990648776788,-0.8265232025244093,0.11824811717118147,0.8434207669603397,0.9801396040171639,1.2070665763264306,0.4406700267076724,-0.8318073604236249,0.1341277368206572,0.35754736111991586,-0.8409453638127122,1.329086659337128,1.2065141825687014,0.950999827834109,1.3627526882828964,-1.4079507058322154,1.0412067090289967,-1.0998152000557249,-1.0103300109858213,0.09555582736495202,1.0427212903286134,-0.589736432840443,-0.7466404200930332,0.9567805203225616,-0.4397464336931671,0.16807719800504764,-0.8741198710304559,0.9436975056371549,1.077574541217284,1.0319853360364297,-0.8868486183175482,-0.46875639689265525,1.1375845077279707,-1.0859449172949482,0.5077023652328412,0.9363714250671709,0.7835777178540985,0.9774024579043014,0.36448494658465524,-1.5514384649174167,0.32060667861850733,-0.13653949277118768,-0.912340994565189,1.3701703321053098,1.5209514540127411,0.8598884167975805,1.188424753384821,-1.5199254395262745,0.9665678870221586,-1.0818712271851638,-0.6734712021213742,0.36655249137255463,0.8594456447567493,-0.6255503071248478,-0.33088466347145873,0.6080898929695849
A,masked_angular_velocity,0,conv,252,2,1,252_T2_P1_R1,25,5,1.7262136936187744,1.4332225322723389,-8.287931442260742,13.954954147338867,1.8215593099594116,1.8691465854644775,0.8396202325820923,-3.1701557636260986,-1.085319995880127,-0.30729955434799194,-0.6282760500907898,0.6893128752708435,2.591646194458008,2.599137783050537,2.5215306282043457,0.15971803665161133,-1.2382005453109741,5.9069437980651855,-2.272684097290039,0.5690159797668457,1.365847110748291,2.1369152069091797,1.0042288303375244,-4.127246379852295,8.676321983337402,-4.434072971343994,-4.72004508972168,-0.25761520862579346,4.583901405334473,2.0035552978515625,-2.4442477226257324,5.77156925201416,1.3947672843933105,1.028577208518982,-7.745574951171875,13.062225341796875,1.7912664413452148,1.8034775257110596,0.6082334518432617,-2.9161529541015625,-1.0695940256118774,-0.41814327239990234,-0.5841482281684875,0.6459844708442688,2.3250317573547363,2.26314115524292,2.4231691360473633,-0.04759844392538071,-1.032975196838379,5.243926048278809,-2.343151092529297,0.6736456155776978,1.3979167938232422,2.1683261394500732,0.9127848744392395,-3.9056859016418457,8.01780891418457,-4.069043159484863,-4.093991279602051,-0.12927952408790588,4.0686821937561035,1.8853414058685303,-2.1599972248077393,5.162120342254639,1.2254579697303227,1.3325239573653416,-0.8595454004607713,0.7569964251791472,0.2291561732369211,0.5211322320277972,0.8856035878948709,-0.7745407278511881,-0.2592412235187002,0.3364091903965624,-0.854383163706126,0.15930265116424172,0.6045645660010698,0.7189679808585634,0.4337878722887666,0.5703433836048613,0.046748218517662234,1.076622511929933,-0.27770573476169347,-0.13677675593464197,0.5444380358196955,0.3751624357183131,0.42949666395262937,-0.559457563846759,0.7397375775531521,-0.5524823826094443,-0.8752329878446604,0.10165258680171081,0.7470470248008305,0.1918592853824215,-0.5926722357467085,0.9633365524869959,0.3670513847659536,0.30722580467825783,-0.23080833158400896,0.22098028772592188,0.12098902326769286,0.43859637557138764,0.1796201826997377,-0.4366668836459883,-0.21192925173776453,-0.0013062611185648664,-0.7119621904398048,-0.07671955185297835,0.10463206415069921,-0.024616162271044323,0.26684129168015536,-0.010255417959886336,0.4504055434906471,0.039604568862967704,-0.3793596351925924,0.09062211564581875,0.6927750647841108,0.44172876785936915,0.19690351108395307,-0.2851779034832642,0.26431381081265304,-0.18431225626921802,0.04385869732616128,0.37992736232356167,0.21992871303551356,-0.07062719405024233,0.2209184691424623,0.21029682865124827
A,masked_angular_velocity,0,conv,252,2,2,252_T2_P1_R2,25,5,1.6794846057891846,1.3881783485412598,-8.772032737731934,15.144709587097168,2.1317365169525146,2.5810132026672363,0.7084210515022278,-3.6059165000915527,-1.0551306009292603,-0.6943953037261963,-0.7030013799667358,0.766620934009552,2.8811066150665283,2.879664182662964,2.8525593280792236,-0.0767040103673935,-0.8427003622055054,5.80954647064209,-2.930943727493286,1.129174828529358,1.5706613063812256,2.642329454421997,1.4528316259384155,-4.97383975982666,9.682157516479492,-5.199835777282715,-4.964325904846191,-0.012313482351601124,5.302210807800293,1.619577169418335,-2.392822265625,6.164492607116699,1.421054482460022,1.0706590414047241,-8.51536750793457,14.789607048034668,2.1863934993743896,2.8359053134918213,0.5011289715766907,-3.6932573318481445,-0.9833988547325134,-0.9478647112846375,-0.6876593828201294,0.8541924953460693,2.7109715938568115,2.69521164894104,3.005535840988159,-0.38862693309783936,-0.4392768442630768,5.243255615234375,-3.243922710418701,1.3735206127166748,1.6591383218765259,2.8217005729675293,1.5278164148330688,-5.134943008422852,9.54581356048584,-5.223631858825684,-4.534070014953613,0.3372984826564789,5.1884446144104,1.4137415885925293,-2.1327052116394043,5.775192737579346,1.104434489710543,1.2183900877031755,-1.420747651333372,1.471354393838786,1.3367061353708305,1.4158403558953787,0.4853022551129357,-1.3541892662787416,-0.16841568486384345,-0.8429829187216793,-1.095556838561499,0.5804210441043768,1.1473356016508656,1.3397924289508842,0.995633977419877,-0.09176682530699035,0.8246566353700702,0.9242834805696536,-1.2272963141014204,1.0806552705380914,1.4917981058509338,1.4462341446014118,1.570545864893398,-1.6074925395622899,1.465915851860828,-1.3248322353099038,-1.2338551201673353,0.6335490012257393,1.4819445327654768,-0.6607410270793834,-0.44548048861482226,1.4488364479191238,0.43513180786015415,0.4138531251590508,-1.123204167091042,1.2581418714274129,1.5318706203476586,1.7362014802704278,-0.14716608723184127,-1.470369755757134,0.04739112510380501,-1.6152462174179285,-1.0460408690443075,1.0574475513094588,0.8283131449496479,0.931586002082451,1.2552770921010035,-0.965320405768908,1.618149170295909,0.038555841036981245,-1.678792921117036,1.6117094302974215,1.9010451269053132,1.8263573726853446,1.761274126436136,-1.8069287493979889,1.3674804167748218,-1.348832869668222,-0.6022075130135778,1.3916249933843812,1.365551138487582,-1.1177867780706578,0.2990340249800801,0.967814134271923
A,masked_angular_velocity,0,conv,252,3,1,252_T3_P1_R1,25,5,1.8504085540771484,1.6202360391616821,-8.459352493286133,14.839154243469238,1.9350430965423584,2.460491895675659,0.93377685546875,-3.5957183837890625,-0.7789293527603149,-0.5136390328407288,-0.548170268535614,1.0407856702804565,2.5588841438293457,3.1545262336730957,2.844190835952759,-0.09194093942642212,-0.9872837066650391,5.879054546356201,-2.5562446117401123,1.0213263034820557,1.4274483919143677,2.220517158508301,1.376143217086792,-5.060696601867676,9.458990097045898,-5.289830684661865,-5.305241584777832,0.18145756423473358,5.209822654724121,2.0900392532348633,-2.605891466140747,6.219679832458496,2.0143258571624756,1.7320419549942017,-8.349762916564941,14.488369941711426,1.7949517965316772,2.1031041145324707,1.1585099697113037,-3.3542563915252686,-0.6414082646369934,-0.34327271580696106,-0.49025577306747437,1.0980740785598755,2.3793530464172363,3.1467602252960205,2.6481871604919434,0.002812552498653531,-1.2429554462432861,5.980937957763672,-2.1436803340911865,0.8623803853988647,1.332802176475525,1.9088599681854248,1.2655097246170044,-4.95167875289917,9.091495513916016,-4.973479270935059,-5.429947376251221,0.10674414783716202,4.959280014038086,2.5031991004943848,-2.7300660610198975,6.138714790344238,1.5471071767631626,1.8063826947060282,-1.0582679491390905,1.287890580367452,0.6343727392525038,1.2643636333943182,1.1728845567115962,-1.3406232951695514,0.6625424522389336,-0.2922598850049529,-0.595844599117936,2.0738727676992097,0.5431322325998947,1.9480814512249232,0.9814309215495844,-0.13443850111240468,0.5402760701672774,1.0330013387380064,-0.6867635698524173,0.8462608295118711,0.8293720409305587,0.5523316352109184,1.3754842719629634,-1.7150165483747422,1.304797034682809,-1.4156014472731928,-1.7343438211989946,1.0537095612663543,1.387422577620365,0.3838920709535834,-1.0553329146187653,1.5170252692883535,1.9716334233303847,2.0896793097318644,-0.9312233464116924,1.0772719168360099,0.13414875786807706,0.8151813794991281,1.8585672122877406,-1.019431203904613,1.076277781234707,0.22680721852279348,-0.40892744536539327,2.3859375876390567,0.2064910033823585,1.9308949428044868,0.6487587406927808,0.13092274643007112,0.0373961228579186,1.1923556941114173,-0.091607801082491,0.5008124867461394,0.3915897173347096,-0.10813119419845152,1.0940809855495515,-1.5800583346719557,1.03947883180218,-1.0965286075642542,-1.9174199934477092,0.8917058687178196,1.131094325033189,1.3012885790372923,-1.4107497956399375,1.4169854507658397
A,masked_angular_velocity,0,conv,252,3,2,252_T3_P1_R2,24,5,1.640381097793579,1.6177871227264404,-8.493083000183105,14.935526847839355,1.9017505645751953,2.464190721511841,0.7496052980422974,-3.4447474479675293,-0.5998004078865051,-0.4603893756866455,-0.3908070921897888,1.0296076536178589,2.456010580062866,3.123155117034912,2.6638264656066895,-0.3059529960155487,-1.0673458576202393,5.644371032714844,-2.5516200065612793,1.0649712085723877,1.4891977310180664,2.1478514671325684,1.3231227397918701,-5.355824947357178,9.490715980529785,-5.411983489990234,-5.274914741516113,0.14938385784626007,5.190097808837891,2.1726181507110596,-2.726778030395508,6.16862154006958,1.445225715637207,1.565580129623413,-8.193567276000977,14.539998054504395,1.8754886388778687,2.4310905933380127,0.732117772102356,-3.105628490447998,-0.23522980511188507,-0.44049111008644104,-0.1886724978685379,1.1260550022125244,2.225778818130493,3.104562997817993,2.373922109603882,-0.5493806600570679,-1.1386680603027344,5.193356513977051,-2.3887691497802734,1.3010118007659912,1.5283600091934204,2.0404980182647705,1.330217957496643,-5.594047546386719,9.158016204833984,-5.381832122802734,-5.19413423538208,0.16743972897529602,4.937623023986816,2.3733935356140137,-2.83575701713562,5.94264554977417,1.0031614806444593,1.8001781631059668,-1.0973713571730659,1.3457556030550495,0.5154954370917423,1.2690123384835699,0.6109594600517319,-1.1398021471015671,1.2014561168762135,-0.13002043026833232,-0.0879600899941814,2.012983213534759,0.3502324099679751,1.8786545654016198,0.6753026694183663,-0.7337885408027408,0.382801860960671,0.6659352607680156,-0.6800923173551819,0.9411171535688622,1.1149911269702402,0.39833907030166166,1.2406234983377564,-2.080368689962904,1.327701888357428,-1.5388044517942585,-1.6898214500723832,0.9841630615583299,1.3672424563776424,0.5672538272512424,-1.4013382658967166,1.453937980388964,0.4977324756598883,1.6678943188139024,-0.7501522292242798,1.1082703254844648,0.42172113885592966,1.2274106684410293,0.5576033385048127,-0.6887068923071898,2.2982753898415167,-0.06939505382311553,0.564422455043628,2.5383582255649424,-0.08147823697119146,1.8375091157523962,0.18325566526383938,-1.4155182165257636,0.24251850104598147,-0.03949105581306892,-0.44516759935295075,1.4541207539553667,1.2961351884847672,0.1708355527744035,1.2586703258792946,-2.3752746229862276,1.0875044667723774,-1.5083939456534312,-1.571229422586363,1.0233142482560131,1.1089370924553512,1.0130640904041508,-1.713261545650451,1.174720209443101
A,masked_angular_velocity,0,conv,651,1,1,651_T1_P1_R1,24,5,1.4901124238967896,1.256408452987671,-8.23067855834961,13.944537162780762,1.9393278360366821,2.0978918075561523,0.7135288715362549,-3.220569610595703,-0.9428125619888306,-0.559426486492157,-0.5265375375747681,0.7325776219367981,2.6885106563568115,2.58685302734375,2.5318844318389893,-0.09707628935575485,-1.0464754104614258,5.675139427185059,-2.498258590698242,0.8394759893417358,1.4594476222991943,2.340088129043579,1.1784610748291016,-4.277585029602051,8.792572975158691,-4.5535736083984375,-4.575080871582031,-0.1605147421360016,4.671080112457275,1.6504695415496826,-2.3657450675964355,5.656898498535156,1.4765642881393433,1.242578387260437,-7.6255645751953125,12.661140441894531,1.686806082725525,1.4610058069229126,0.8485434651374817,-2.6501729488372803,-0.7000982761383057,-0.28781789541244507,-0.381680965423584,0.742652416229248,2.187222480773926,2.4177680015563965,2.108142375946045,-0.022908754646778107,-1.3942196369171143,5.466814994812012,-1.7842079401016235,0.595565676689148,1.3652962446212769,1.8293302059173584,0.8325897455215454,-3.8467438220977783,7.741143703460693,-3.7857329845428467,-4.3271613121032715,-0.2845652103424072,3.858905792236328,2.265702724456787,-2.414736270904541,5.109609127044678,0.6139832509775409,0.8845088648859216,-0.7931737645474346,0.7507417329181061,0.6496719962967495,0.8086304294724014,0.5008866980471376,-0.8416013581372678,0.16949588704101562,-0.43176379575621615,-0.5260255418060884,0.39497750014130484,0.7861965393609497,0.6917810008626204,0.4513608840509334,-0.14882025919103006,0.42385202168369646,0.7140598044224347,-0.6031142937157412,0.4510326920138127,0.9773839379884798,0.8057260699621722,0.872667391808115,-0.7455677659407557,0.8236669338123596,-0.6730110209537834,-0.6624149742248555,0.31219899944380336,0.8362384923996142,-0.5921465537494898,-0.36797844999009516,0.8216491645899776,0.578895737721114,0.849466125363995,-0.0916840735382339,-0.01984066729543889,-0.2520080662754133,0.008161279626796492,0.912829372644578,-0.08286096194994057,0.8997074720423572,0.39576537948583473,-0.058505862151619126,0.44985777665004534,-0.15377619209891874,0.3175839293926813,-0.26784529783101324,0.058889139404482004,-0.26012519889122687,0.3882216413151703,0.426959352716894,-0.07907438730406793,0.5418897089327807,-0.2766701575627373,-0.007077823232407074,-0.2122107606949543,0.06457152378388464,0.10143471267391649,-0.2984509712231223,0.0432159745722433,0.005307945660916758,0.7739423080549936,-0.5082039081372198,0.14541318474311177
A,masked_angular_velocity,0,conv,651,1,2,651_T1_P1_R2,24,5,1.8700029850006104,1.5021393299102783,-8.523170471191406,14.419424057006836,1.9260072708129883,2.1011159420013428,0.9844325184822083,-3.442617893218994,-1.091362714767456,-0.5208869576454163,-0.6424400210380554,0.750929057598114,2.8735945224761963,2.8166394233703613,2.724888324737549,0.16332265734672546,-1.1280518770217896,6.239300727844238,-2.4292383193969727,0.700013279914856,1.4017196893692017,2.2905991077423096,1.2271499633789062,-4.312948226928711,9.179473876953125,-4.689509391784668,-5.018845081329346,-0.1627110242843628,4.997877597808838,1.7823508977890015,-2.4409422874450684,6.046285629272461,2.230497121810913,1.7985079288482666,-8.271326065063477,13.95313835144043,1.672865629196167,1.8002374172210693,1.4158921241760254,-3.372892379760742,-1.0398385524749756,-0.28324446082115173,-0.7185018062591553,0.8753352165222168,2.5042736530303955,2.941805124282837,2.699694871902466,0.41104060411453247,-1.3015567064285278,6.516938209533691,-1.9129031896591187,0.39073216915130615,1.2860956192016602,1.8260955810546875,0.9828937649726868,-4.1990203857421875,8.79744815826416,-4.325319290161133,-5.3154191970825195,-0.04926968738436699,4.7335381507873535,2.5155673027038574,-2.5194272994995117,6.064192771911621,1.5978543960468632,1.5071472220531554,-1.1322498210648295,1.0358752662030382,0.6021086036470532,0.8126826083204,1.3274399383083921,-1.136969437543197,-0.27742102260480883,-0.3143427099832065,-0.9000971638854166,0.49494321167896355,1.1332495620243743,1.2003144060324655,0.7789417252462656,0.580438327029098,0.26339959768050514,1.5964571689961846,-0.5035470604299911,0.1479287386715715,0.7103647407048823,0.7008490725155839,0.996510488649484,-0.7893459190938497,1.1029959428805263,-0.8101162474958402,-1.3138920978091426,0.3074367130692836,1.1705830246888576,-0.29931165516237507,-0.5832112001812804,1.3027781846361646,2.531491280474344,2.2580920606206236,-0.8402943729428738,0.7559060844198646,-0.3017847751711955,0.43452417107298247,2.6438649954744253,-1.0442210781958852,-0.12240909764996741,0.4096995835509527,-1.1455838124357718,1.1726181474932806,0.44073078078130096,1.4773145997600174,0.7361812075105212,1.2741830942808776,-0.07786674182289173,2.0307059512311545,0.24130609499014918,-0.5242533113438537,0.17555038665759887,-0.28352526524978644,0.3752297260388925,-0.6483095466817941,0.8271868250354071,-0.44279331196842736,-1.749284288222397,0.5534155656090702,0.9001387077240555,1.3287519189719532,-0.8078528174221656,1.3249048412727464
A,masked_angular_velocity,0,conv,651,2,1,651_T2_P1_R1,25,5,1.438700795173645,1.036616325378418,-8.521760940551758,14.886309623718262,2.1345295906066895,2.7763314247131348,0.6450222730636597,-3.506088972091675,-0.985896110534668,-1.026928424835205,-0.450861394405365,0.9070886373519897,2.9851200580596924,2.9149937629699707,3.0252466201782227,-0.42350077629089355,-0.6314541101455688,5.681117057800293,-3.119349956512451,1.2546569108963013,1.5408176183700562,2.6791157722473145,1.4519915580749512,-4.945918560028076,9.69920825958252,-5.33641242980957,-4.940201282501221,0.23989816009998322,5.254088401794434,1.3818349838256836,-2.170600414276123,6.005240440368652,1.330593228340149,1.0690151453018188,-8.362874031066895,14.595138549804688,2.091343879699707,2.750944137573242,0.6507852077484131,-3.3569297790527344,-0.7346636652946472,-0.9833126068115234,-0.3061825633049011,0.9705232381820679,2.8570330142974854,2.8874049186706543,2.8421452045440674,-0.5373122096061707,-0.7100385427474976,5.498797416687012,-2.988330125808716,1.3540745973587036,1.6004998683929443,2.6031177043914795,1.4383447170257568,-5.059013366699219,9.517179489135742,-5.2649970054626465,-4.861123085021973,0.23709341883659363,5.0923871994018555,1.5328937768936157,-2.296405076980591,5.869162559509277,0.48083347458084996,0.3275949720746929,-1.1306171026098828,1.3162051940100494,1.3466794877778292,1.6613260225272355,0.29186645661196237,-1.2213989883538283,0.03987782639310705,-1.856135354709135,-0.2817835172601919,1.3455878446274272,1.3423723751259935,1.4179788759989804,1.2887317150719144,-1.0629861675109435,1.2401562369470045,0.7234095382286146,-1.4990867558359309,1.3533742970885245,1.3537578076867283,1.524191830372081,1.5684091197761556,-1.5729276820347486,1.4782257621103017,-1.4625834762952636,-1.198438038648916,1.1804283921364176,1.432711507848666,-1.1886338271539978,0.1905691359952315,1.2520633106322518,0.20084816432257532,0.4096878699701615,-0.9464227479700122,1.1413781105812173,1.1924765274577929,1.6294180037190302,0.30944974029547445,-1.0229875293447352,0.7957168584724528,-1.7232477069151755,0.18516274285520815,1.6911334011433876,1.1021950627155188,1.3569233648910781,0.9779584007769504,-1.3817200801475553,1.0855888094756867,0.43824584301339115,-1.3100803291342313,1.5694457726192632,1.6298158612842215,1.3631374764219253,1.5336973594951269,-1.712931934495575,1.346808607324061,-1.3905536399494725,-1.0823459161586775,1.1743468376986939,1.2672753805071315,-0.8532166301042636,-0.16951235334505202,1.0839237852297923
A,masked_angular_velocity,0,conv,651,2,2,651_T2_P1_R2,26,5,1.3992359638214111,1.0513029098510742,-8.599390983581543,14.99738597869873,2.1386256217956543,2.7343127727508545,0.5460403561592102,-3.4963409900665283,-1.0176794528961182,-0.9867715835571289,-0.446061909198761,0.8797060251235962,3.0296404361724854,2.888202428817749,2.9977283477783203,-0.4466719627380371,-0.7052631974220276,5.685744285583496,-3.1359810829162598,1.21817946434021,1.5385626554489136,2.6601948738098145,1.440821647644043,-4.928274631500244,9.727472305297852,-5.365678787231445,-4.926936149597168,0.15559852123260498,5.282875061035156,1.3314568996429443,-2.2053887844085693,6.020065784454346,1.273856282234192,1.018900990486145,-8.056846618652344,13.909123420715332,1.9522384405136108,2.183133602142334,0.5728193521499634,-3.0015807151794434,-0.8197323679924011,-0.748357892036438,-0.2846434712409973,0.8822194337844849,2.642840623855591,2.6874451637268066,2.630558967590332,-0.4393743872642517,-1.0228662490844727,5.442418098449707,-2.5977578163146973,1.037337064743042,1.4562488794326782,2.2773377895355225,1.1522316932678223,-4.504289627075195,8.789445877075195,-4.758097171783447,-4.648941993713379,0.004986500833183527,4.621943950653076,1.73797607421875,-2.3012027740478516,5.511586666107178,0.37862451646707873,0.36480848732222365,-1.2206094842882507,1.382897960051351,1.3613058804303129,1.6085150042121996,-0.010137090402614438,-1.2084321296591407,-0.05574292189858845,-1.7337867490522725,-0.26629314896841616,1.1964265212290706,1.4258536939822068,1.3586886187121894,1.2420256728946029,-1.127878013001747,1.0949814341339097,0.7306462221005241,-1.5230782707063852,1.274095619667007,1.3433274055080597,1.4840944740884199,1.5399976104400703,-1.5510851509058068,1.4986312619279913,-1.4921018411334683,-1.178963837994407,0.9976385316856081,1.4621625292263052,-1.3004952501553466,0.09099710686764234,1.2703810093564407,0.05390591834812958,0.28270760881040025,-0.591655619090157,0.7294784685834224,0.695772399078444,0.9157662929307714,0.07156837855301271,-0.550302860582963,0.5397855057982868,-1.0073947127750995,0.25467938611020374,1.2101181951811029,0.7005595761942673,0.9143985984380232,0.6188388637099385,-1.1074408618825127,0.47028868712798017,0.35006276033606426,-0.7466496165486116,0.8810581428804051,0.962588064312045,0.6727460383845307,0.8059513448735889,-1.0262155682251433,0.8214095928713412,-0.8792936355200259,-0.7708491657029571,0.6710611765087149,0.7859674567994287,-0.39784335312584557,-0.1832443259214372,0.6421006527936929
A,masked_angular_velocity,0,conv,651,3,1,651_T3_P1_R1,24,5,1.5190455913543701,1.3289077281951904,-8.413328170776367,14.185857772827148,1.881584882736206,1.9516023397445679,0.7027469873428345,-3.078174352645874,-0.9820529818534851,-0.5179360508918762,-0.4347478747367859,0.6428428292274475,2.760680675506592,2.6448521614074707,2.4510369300842285,-0.037746042013168335,-1.2456767559051514,5.887790203094482,-2.4315390586853027,0.6654685735702515,1.4350459575653076,2.1781506538391113,1.1066718101501465,-4.321575164794922,8.9229097366333,-4.607583522796631,-4.789530277252197,-0.3265722393989563,4.74256706237793,1.7891027927398682,-2.4713737964630127,5.828465461730957,1.5186874866485596,1.3541550636291504,-8.129328727722168,13.484234809875488,1.689260482788086,1.552571415901184,0.7191869020462036,-2.826765537261963,-0.8849760293960571,-0.3306761682033539,-0.37818869948387146,0.6178614497184753,2.5264925956726074,2.484210968017578,2.2274861335754395,0.0024742602836340666,-1.4545135498046875,5.822941303253174,-2.064037799835205,0.3843710422515869,1.3800970315933228,1.8415054082870483,0.8788536190986633,-4.014123439788818,8.36998176574707,-4.1669511795043945,-4.5964035987854,-0.41455668210983276,4.335209846496582,2.0998430252075195,-2.5052225589752197,5.517280101776123,0.6889167236545081,1.0682088778692518,-1.0049128067173687,0.8956370140939793,0.44348945513622046,0.6247668154808057,0.4679902071058951,-0.6521873357706376,0.051440002778295336,-0.3053519647005013,-0.2297777481524915,-0.09383272832706165,0.9215231145341647,0.8201372264936264,0.31414037309809,0.017336673872000996,0.032043604913353854,1.0466648021290534,-0.5068662970429905,0.07285056517634875,0.8645148749869014,0.46254863033802157,0.6900668968127862,-0.8000252352169406,0.9177651633295258,-0.7274857872555859,-0.9772422298883404,-0.047869352398130297,0.9093762120257673,-0.284319442664172,-0.6703122392008336,1.0336385536821062,0.6879898240040506,1.1321812553435415,-0.6756817839156223,0.47436565497898064,-0.24324379200076623,0.12324546571853526,0.5181496736803226,-0.3177638433534041,0.34349847513548226,0.26518596196969574,-0.047234748844902405,-0.22991345492226398,0.48239417737650003,0.4646273719176192,-0.06528650048559406,0.12997537600152104,-0.37871712638110117,0.9452349503846541,0.023282903814410717,-0.5380784885035188,0.6103500874965443,-0.2508684146072969,0.11059721530826205,-0.41941751068752015,0.518571307588659,-0.2830625607636154,-0.6937179210756957,-0.23864914590180913,0.4926117311877725,0.40566099952175827,-0.7671955930732453,0.6491357445145319
A,masked_angular_velocity,0,conv,651,3,2,651_T3_P1_R2,24,5,1.550001621246338,1.4055777788162231,-8.371227264404297,14.061572074890137,1.8106372356414795,1.8109095096588135,0.7481104135513306,-2.98207688331604,-0.9433099627494812,-0.39975374937057495,-0.3893108069896698,0.6632886528968811,2.6670479774475098,2.6704392433166504,2.3826136589050293,0.012501177377998829,-1.3966832160949707,5.9506072998046875,-2.2426538467407227,0.576348066329956,1.3911888599395752,2.029090404510498,1.005434274673462,-4.260148048400879,8.779966354370117,-4.526314735412598,-4.861203193664551,-0.3931507170200348,4.6381025314331055,1.9848915338516235,-2.554311990737915,5.81798791885376,1.512136697769165,1.3625015020370483,-8.30472469329834,13.987065315246582,1.8087180852890015,1.938388466835022,0.7564077377319336,-3.0150959491729736,-0.8391968607902527,-0.478436142206192,-0.3393705487251282,0.7247933149337769,2.6769063472747803,2.7159156799316406,2.418738842010498,-0.09214244037866592,-1.324754238128662,5.915955543518066,-2.260101795196533,0.6439740061759949,1.4398713111877441,2.05493426322937,1.0154058933258057,-4.307392120361328,8.844696044921875,-4.573483943939209,-4.82571268081665,-0.2903532385826111,4.610142230987549,1.9843240976333618,-2.5096752643585205,5.761786460876465,0.7690894655080769,1.2624771599863935,-0.9561068031743132,0.8210125017449658,0.19015628639179613,0.4479371549555379,0.6063982068163746,-0.5243587303004381,0.16799960824123208,0.05472237320386828,-0.0831309636118123,0.01754137875735733,0.7459516343856314,0.8767631637664334,0.19800715037228875,0.15805618994737483,-0.26497062021549267,1.144915361179581,-0.23438455473921077,-0.12084135738401362,0.6616553785131039,0.14666052528322843,0.4325633502575961,-0.7239820040928768,0.8145656139887032,-0.6455175531050653,-1.0824635050462907,-0.19223382955912954,0.8024993311384184,0.15041792180011035,-0.9077011685935187,1.0206917868669383,0.6710238206604208,1.1533298164064487,-0.8790129858140963,0.7762763003714156,0.18330323555546096,0.6081590022415764,0.6317141771701162,-0.5682805461758029,0.48122618940239337,-0.18500481970945182,0.07804954809896078,0.3525744240508317,0.7644367629276607,0.9774061513628103,0.25932170605373905,-0.13500278264620308,-0.12349380781796686,1.0907170638753294,-0.25955444471453076,0.02613471505543984,0.8868341221428185,0.20142904005326406,0.45792635470726795,-0.7824673976861373,0.8612978874146149,-0.6930927805550658,-1.0303597879745863,0.0306656142851613,0.7738930915064844,0.14915798167593958,-0.7799405297930656,0.9512489925875507
A,masked_angular_velocity,0,conv,671,1,1,671_T1_P1_R1,26,5,1.8058668375015259,1.491823434829712,-8.805935859680176,14.820655822753906,1.9517093896865845,2.367931842803955,0.7631537914276123,-3.8313069343566895,-1.2154834270477295,-0.5425785779953003,-0.7305383682250977,0.7283047437667847,2.9249799251556396,2.7613325119018555,2.9683024883270264,0.06071377918124199,-0.9069795608520508,6.24289608001709,-2.7991127967834473,0.6169264316558838,1.4728065729141235,2.443798780441284,1.1884368658065796,-4.415581226348877,9.609858512878418,-4.895292282104492,-4.83365535736084,-0.033551014959812164,5.188150405883789,1.6029155254364014,-2.348973274230957,6.122870445251465,1.6893037557601929,1.3353132009506226,-8.054060935974121,13.320551872253418,1.6988567113876343,1.6808539628982544,0.779449999332428,-3.250168561935425,-1.0603489875793457,-0.3086763322353363,-0.5643647313117981,0.6785235404968262,2.4761040210723877,2.446185827255249,2.5423953533172607,0.12754710018634796,-1.2083032131195068,5.927475452423096,-2.16525936126709,0.3396083116531372,1.3524214029312134,1.9648199081420898,0.8591943383216858,-3.75927996635437,8.396800994873047,-4.0495781898498535,-4.35317850112915,-0.1746317595243454,4.278225898742676,2.00146222114563,-2.3462977409362793,5.414633274078369,1.4317495951676367,1.4810084145974516,-1.460051330405524,1.2767836294186288,0.6938831865689775,1.1480296357736866,0.6522970321673772,-1.654002695247891,-0.6508409011694962,-0.380432136105883,-1.1844314772899096,0.37170173987633526,1.2296034594543364,1.0779165561102413,1.1920818846444372,0.29307767503566573,0.6982260637661802,1.6020805529969955,-1.0371203597950946,-0.03264953301718811,1.039174428342011,1.025509462618844,0.8980412827286786,-0.9163992474002377,1.413718707060748,-1.0176689007076933,-1.042020915061962,0.5874989330059741,1.3652498525780696,-0.6977372484827943,-0.31997419471728705,1.3974071989290404,1.1298654366555057,1.0844395216194094,-0.5884274833761209,0.3760859556492026,-0.20897910536705278,0.2844772774139372,0.7020184954796083,-0.8809738919961508,-0.18411529375661215,0.33221448896551675,-0.6481115226589195,0.10052966357073266,0.3879097177880823,0.38047468108909444,0.4692007931369375,0.48024721555934907,0.10555334630434737,1.108735731625914,-0.12273720430743625,-0.6353643866507398,0.48233808613247725,0.010458709469911343,0.060592873000159926,-0.1039358895624265,0.5379335408532092,-0.16468030913786183,-0.3366465804415049,0.2815885836386211,0.4343120604656561,0.18721225346847628,-0.3123169385510639,0.5223044780261278
A,masked_angular_velocity,0,conv,671,1,2,671_T1_P1_R2,24,5,1.8036314249038696,1.4671685695648193,-8.972932815551758,15.276385307312012,2.063520908355713,2.602141857147217,0.7755047678947449,-3.926541566848755,-1.2750811576843262,-0.7004119753837585,-0.7263185381889343,0.755255401134491,3.1005823612213135,2.9144070148468018,3.1217362880706787,0.037636104971170425,-0.8081444501876831,6.3204851150512695,-3.0192463397979736,0.799526572227478,1.4919354915618896,2.619659423828125,1.3341180086135864,-4.650368690490723,9.9696683883667,-5.2011399269104,-5.062726020812988,0.012920573353767395,5.476574897766113,1.4531176090240479,-2.3281476497650146,6.353954792022705,1.7108933925628662,1.3364592790603638,-8.156489372253418,13.76771354675293,1.8206793069839478,1.9634414911270142,0.8251748085021973,-3.4017319679260254,-1.1071460247039795,-0.4608538746833801,-0.5935062170028687,0.7892974615097046,2.5867252349853516,2.642881155014038,2.7615463733673096,0.0915769562125206,-1.0710886716842651,5.947909355163574,-2.414280891418457,0.5937498807907104,1.3621786832809448,2.131354808807373,1.0245616436004639,-4.049866676330566,8.724937438964844,-4.359245300292969,-4.593476295471191,-0.059729188680648804,4.554461479187012,1.9226913452148438,-2.330047130584717,5.634035110473633,1.4259604239380836,1.4185371920052288,-1.6536449401731066,1.5504154604005318,1.0931288003987025,1.442396337644933,0.6899813121129915,-1.780683981722254,-0.830142195162933,-0.8613145483613837,-1.1708121477268107,0.518509804386311,1.5588773351951972,1.4166807851316663,1.4525012234272148,0.22844762728498944,0.8926244440854412,1.7234375286672659,-1.3546794815408998,0.36420782202201224,1.1276550712464968,1.3981925166657552,1.2685904680917168,-1.2070529371640393,1.673489005371143,-1.3261472639510135,-1.3783130744338383,0.6882649071296371,1.6603354101480357,-1.030354961586812,-0.2603669794628835,1.682937109354181,1.1857799718739916,1.087343458115772,-0.7071680195773237,0.6445729458212546,0.22601397232139533,0.6396468494697813,0.8415293369455489,-1.0825835085619748,-0.32490515211794513,-0.1314356991012168,-0.7421649774482317,0.70394641690748,0.5953368538712263,0.8157754472201152,0.8411604078989964,0.3795113171656637,0.37544031574993425,1.1406966658338398,-0.48196978390505885,-0.08302084773148964,0.5274698759140544,0.36337906445080026,0.48121481129076926,-0.46366555988350183,0.7748361839201703,-0.47701090745221925,-0.6894208502857527,0.5307358577780581,0.7169268427436395,0.012306090278816795,-0.26580348797822023,0.7933983708917218
A,masked_angular_velocity,0,conv,671,2,1,671_T2_P1_R1,24,5,1.268528938293457,0.6409682035446167,-8.764726638793945,15.387789726257324,2.5156846046447754,3.0830490589141846,0.3799953758716583,-3.7062480449676514,-1.1995365619659424,-1.4011666774749756,-0.5446627140045166,0.8311751484870911,3.4986732006073,2.9034998416900635,3.2633533477783203,-0.5209517478942871,-0.32751399278640747,5.586546897888184,-3.637882947921753,1.6482778787612915,1.5361840724945068,3.2676453590393066,1.7969614267349243,-4.832276344299316,10.101884841918945,-5.629900932312012,-4.7207746505737305,0.1775358021259308,5.614500999450684,0.491845041513443,-1.9429619312286377,6.046964168548584,1.1732184886932373,0.5841971635818481,-8.462746620178223,14.94550895690918,2.4807941913604736,3.170264720916748,0.4899609088897705,-3.5133659839630127,-0.9512754678726196,-1.4353119134902954,-0.5097365379333496,0.8473043441772461,3.2818920612335205,2.8514180183410645,3.0397329330444336,-0.6143350005149841,-0.21636536717414856,5.261349678039551,-3.5253117084503174,1.8300049304962158,1.6619350910186768,3.310102939605713,1.8142210245132446,-4.99538516998291,9.850190162658691,-5.469318389892578,-4.539333343505859,0.3176533281803131,5.332976341247559,0.6416245102882385,-1.91500985622406,5.818606376647949,0.04010888356830848,-0.6749062292950747,-1.4122778976469963,1.6173046151866983,2.707671304597671,2.0468233272967646,-0.5167563278180789,-1.4876499921097228,-0.6028643483561524,-2.996353426110016,-0.5845240941427474,0.9320656695271513,2.3053433276999806,1.3925423717187662,1.6928637234272148,-1.3359018694196672,1.8379751910274862,0.5754933628676092,-2.2471108507887956,2.2088583638979067,1.3323254547500984,2.7714015890882275,2.445861190623232,-1.4322445232507968,1.7689442948443865,-1.7585964842249258,-0.8763044624181313,1.04520591238575,1.8014471957106672,-3.1648038252979975,0.8421234441402892,1.3036172392171916,-0.20673360100895494,-0.8187540050603273,-1.0622025843382794,1.351749216223755,2.5830875105750146,2.1564406326875796,-0.1812409240720026,-1.2310783631788258,0.14403532930062096,-3.100386484764706,-0.4718008826796341,1.019925749857525,1.8988541691930318,1.2772819522249823,1.3133189543541601,-1.5974255827845174,2.056593179689812,0.06685679978222199,-2.0847181868107443,2.6038181999777446,1.9139818643777027,2.8613777591226133,2.489761868430111,-1.6341647648634876,1.5872294031015064,-1.5966328510558891,-0.6099345610945126,1.349027702754094,1.5134208656762107,-2.8322272409545852,0.9221279446252686,1.021456738102517
A,masked_angular_velocity,0,conv,671,2,2,671_T2_P1_R2,27,5,1.5205702781677246,0.9203199148178101,-9.06678581237793,16.179941177368164,2.5693140029907227,3.4224205017089844,0.6312194466590881,-4.004831790924072,-1.179710865020752,-1.4581315517425537,-0.5710386037826538,1.0038694143295288,3.699979066848755,3.2934539318084717,3.526890516281128,-0.4904352128505707,-0.3125160336494446,6.008414268493652,-3.7495434284210205,1.7759325504302979,1.5497498512268066,3.319916248321533,1.965466856956482,-5.224664688110352,10.752664566040039,-6.141688346862793,-5.323173522949219,0.3051733374595642,6.136242866516113,0.5749827027320862,-2.0889229774475098,6.563751220703125,1.2062774896621704,0.5033057928085327,-8.489133834838867,15.175885200500488,2.573072910308838,3.2983546257019043,0.484539270401001,-3.6815097332000732,-1.1067492961883545,-1.5963317155838013,-0.4323233664035797,0.9868963956832886,3.5256218910217285,3.0166587829589844,3.4058403968811035,-0.6421240568161011,-0.17506884038448334,5.507773399353027,-3.6860523223876953,1.9027318954467773,1.5401138067245483,3.370039701461792,1.9043108224868774,-4.8500189781188965,10.062912940979004,-5.744313716888428,-4.765833854675293,0.3870489001274109,5.587742805480957,0.3979690968990326,-1.8621625900268555,5.954667568206787,0.6928660510436107,0.032920813566980914,-1.7624447497950215,2.092931193961725,2.899164942562373,2.4733620678418076,0.2497525680386575,-1.8848254895572818,-0.5432184692322025,-3.169912656840319,-0.6696514991452912,1.8727796237361816,2.6828140288468925,2.25553866487147,2.1401591311913237,-1.2504388820535264,1.8674746760998047,1.23532998959588,-2.4081896576852317,2.4862988393018726,1.3950734465753452,2.8821741166835064,2.874464967882965,-1.9179994420213142,2.238784559392065,-2.2747862287013234,-1.760668263670907,1.321966925547245,2.3352376087827493,-2.980201511322852,0.4243486712352219,1.9421630576819162,-0.12111497547850489,-1.0237181881352497,-1.092791654983391,1.4900718144535492,2.912587922934081,2.3174300726620727,-0.1977828957095514,-1.4547429314360936,-0.32371162083585203,-3.5909766467461695,-0.22195247180692315,1.780322210585041,2.3558749912124397,1.6429711736775652,1.9347039494982194,-1.675250162731387,2.137819163852607,0.4522838721225524,-2.3165988522640575,2.76188119126119,1.3505021617219006,2.9883957157850607,2.7189103866620066,-1.4542088025306643,1.7408078127721804,-1.8739937376954807,-0.942453944955156,1.4995006375065487,1.7740704978684039,-3.3732498204856696,1.0733896201039632,1.189575185870957
A,masked_angular_velocity,0,conv,671,3,1,671_T3_P1_R1,27,5,1.7005093097686768,1.3105491399765015,-9.77348518371582,17.657894134521484,2.675368547439575,4.0897417068481445,0.6271206140518188,-4.5632243156433105,-1.0930334329605103,-1.5616874694824219,-0.6956577897071838,1.0910028219223022,3.7768070697784424,3.7270126342773438,3.7628486156463623,-0.5279027819633484,-0.12873968482017517,6.17595911026001,-4.243150234222412,2.0445735454559326,1.7963018417358398,3.510720729827881,2.244490146636963,-6.322840690612793,11.957664489746094,-6.946130275726318,-5.894454002380371,0.4578210413455963,6.868500709533691,0.7604048848152161,-2.2432456016540527,7.315752983093262,1.2974169254302979,1.1654367446899414,-9.639124870300293,17.40454864501953,2.721865653991699,3.9769325256347656,0.43534183502197266,-4.09464168548584,-0.7833714485168457,-1.59491765499115,-0.2621695101261139,1.038175344467163,3.8034706115722656,3.7843692302703857,3.413654327392578,-0.6957058310508728,-0.45658817887306213,5.99228572845459,-4.0569586753845215,2.2962183952331543,1.8991625308990479,3.5048859119415283,2.243330717086792,-6.394778251647949,11.766655921936035,-6.908719062805176,-5.831903457641602,0.16975095868110657,6.545623779296875,0.8082850575447083,-2.475590467453003,7.108355522155762,1.1588859145682975,1.0216918293932167,-2.581699146913417,2.9803303190215518,3.2778547051879707,3.312082634323402,0.23724650045725984,-2.6275982225123435,-0.28244713645457936,-3.485424094479381,-1.0718556331818898,2.3474194118415315,2.826875760494191,3.2150340374343513,2.5406443786708595,-1.3553684705033362,2.2289438671528865,1.4973853706247957,-3.1202554834997374,3.070155218147232,2.535489905766158,3.286526038958718,3.5841771264059332,-3.2774789381598355,3.1087535263280643,-3.0861476143493047,-2.5993491431019535,1.652958278716302,3.084406020512142,-2.568482430127917,-0.017357987928849218,2.8713429691067405,0.1149257408548022,0.6540028402230315,-2.4259410593539887,2.8282149284421467,3.4438824537226713,3.170299390754505,-0.3478890198479691,-2.004290291692359,0.6491781942311757,-3.5866689451628213,0.3272132875252344,2.0596533992245107,2.8768726947672634,3.3419684194787465,1.947966089349304,-1.8253082986705813,1.5840995989583797,1.2101040039080708,-2.851659897264211,3.617072384311367,3.011267889681501,3.274160880751689,3.581228948744264,-3.3665334242293055,2.9708518573855107,-3.0484147174015455,-2.5075204339072656,1.028325766056341,2.7540730956653987,-2.462167273143088,-0.6823825717610263,2.6150804718449994
A,masked_angular_velocity,0,conv,671,3,2,671_T3_P1_R2,28,5,1.4382681846618652,1.3295475244522095,-9.533247947692871,17.120433807373047,2.526583671569824,3.5876190662384033,0.5202606916427612,-3.860435962677002,-0.5238507986068726,-1.2866491079330444,-0.33477693796157837,1.163832187652588,3.507251739501953,3.6611061096191406,3.139665365219116,-0.8339987993240356,-0.6102884411811829,5.752851486206055,-3.6745917797088623,2.0138778686523438,1.711381196975708,3.066300630569458,2.0883424282073975,-6.449011325836182,11.329383850097656,-6.739532470703125,-5.892045974731445,0.20316550135612488,6.499082088470459,1.146504521369934,-2.563419818878174,7.005970001220703,1.3735182285308838,1.211775779724121,-8.84032917022705,15.697000503540039,2.3258280754089355,2.958193063735962,0.6105683445930481,-3.411229372024536,-0.5263633131980896,-1.0394065380096436,-0.2529032826423645,1.1023547649383545,3.196162700653076,3.334444522857666,2.8516666889190674,-0.6310957670211792,-0.8727672696113586,5.6419243812561035,-3.1203742027282715,1.7082170248031616,1.553534746170044,2.714641809463501,1.7495410442352295,-5.5797014236450195,10.192983627319336,-5.881152153015137,-5.413834095001221,0.03023330494761467,5.688608169555664,1.4108152389526367,-2.5632827281951904,6.391385078430176,0.479713129466942,1.0698301677383495,-2.303200321878756,2.6576251819752885,2.7465883989649345,2.6809910514576023,-0.08879326956408129,-1.6927503681270468,1.4299522246376892,-2.6474450711317763,0.09287529381080745,2.7441410380584177,2.3214288793513203,3.0691781750693323,1.4829317920218696,-2.2126036724660905,1.2817870027139662,0.8356077551505781,-2.3000661943624228,3.003441701315441,2.142691747531308,2.344712799518581,3.187006437893948,-3.433671121715477,2.655156346404729,-2.8777729096080544,-2.595813979029558,1.1007796496379796,2.7064569104821787,-1.7111708715029448,-0.9337694326404335,2.4885724270745166,0.3120190058953472,0.7714177147093679,-1.499921712264033,1.8029628069800734,2.0297502115002954,1.8898985829419952,0.18674403941696555,-1.09521655738811,1.4223932276541043,-1.8941531512618777,0.35711980994801734,2.4092558045414556,1.7381016209681863,2.3462530555949273,0.9941189705406279,-1.6443647846357865,0.7655182285890342,0.6621084937146438,-1.500564289317643,2.3391283756133374,1.4125797761089256,1.5994784245065197,2.325244420652083,-2.35751457905629,1.8347153762313315,-2.0120089464241357,-1.8937644031394996,0.7258047080329539,1.877265336911707,-1.1242848229179068,-0.9333775192927586,1.7291861167940765
A,masked_angular_velocity,0,conv,790,1,1,790_T1_P1_R1,25,5,1.5159906148910522,1.1171337366104126,-8.65792465209961,15.100738525390625,2.1580798625946045,2.6023213863372803,0.5703226327896118,-3.5418167114257812,-1.172430396080017,-0.8991637229919434,-0.5370122194290161,0.8874177932739258,3.0787696838378906,2.92988920211792,3.0820043087005615,-0.24360564351081848,-0.8162338137626648,5.852551460266113,-3.075294017791748,1.1434310674667358,1.445857286453247,2.6322083473205566,1.4172799587249756,-4.748817443847656,9.6873197555542,-5.370563507080078,-5.013784885406494,0.04245912283658981,5.372039318084717,1.369492769241333,-2.282801389694214,6.107949256896973,1.4844682216644287,1.1963045597076416,-8.702343940734863,15.218542098999023,2.1477627754211426,2.6772828102111816,0.6083046197891235,-3.4145073890686035,-0.9483030438423157,-0.9152507781982422,-0.4136818051338196,0.9278313517570496,2.9790689945220947,3.096198558807373,2.9483718872070312,-0.3210905194282532,-0.8907972574234009,5.828451156616211,-2.983579397201538,1.3011462688446045,1.5641721487045288,2.612031936645508,1.4425629377365112,-5.13394832611084,9.837291717529297,-5.452927112579346,-5.1821184158325195,0.044197313487529755,5.337904453277588,1.6597545146942139,-2.4212982654571533,6.1699113845825195,0.6810050591089432,0.5316115891335029,-1.2884659494940158,1.4449524153361786,1.4307703159240532,1.4426221053583042,0.06395077479051536,-1.2689241769177124,-0.5213148308223857,-1.4668653183586982,-0.5598325507984345,1.2384350105543442,1.5179765116555664,1.4509443122844798,1.385065184063266,-0.5591820227242207,0.8767135286865946,0.9915477942253672,-1.4355328638286295,1.1116397343533566,0.9145217579781475,1.4247855625195234,1.48011792314733,-1.3289275851837992,1.4696428588641568,-1.4970282583511334,-1.3064635599820633,0.7523143753386682,1.5533856861734041,-1.2160388172387715,-0.1305751487465,1.3789708040533035,0.5993657291845156,0.7322165353658814,-1.3399601195501405,1.5156849514746218,1.393931649489473,1.5368370505404219,0.17983735937028586,-1.0995770964662315,0.1529778298847623,-1.515878999505317,-0.1617874204878477,1.458578909384777,1.331026017102129,1.8189983459241794,1.1582544512787307,-0.7761817482780187,0.7300549087503698,0.9538526940703974,-1.303227378577883,1.4544128991589944,1.4617832367111496,1.3820282809317876,1.544426845273114,-1.805697418385656,1.577918136369614,-1.5801000016111453,-1.5535894793728842,0.7560833482016471,1.5184622993186576,-0.5715294210602485,-0.526985158720999,1.4555317484334889
A,masked_angular_velocity,0,conv,790,1,2,790_T1_P1_R2,26,5,1.545576572418213,1.2900465726852417,-9.181200981140137,16.03908348083496,2.2826619148254395,2.915907621383667,0.5280925035476685,-3.772059917449951,-1.1634572744369507,-0.9738569259643555,-0.5268577933311462,0.8529325723648071,3.319157123565674,3.178117036819458,3.171204090118408,-0.25204727053642273,-0.8220313787460327,6.080199241638184,-3.3338725566864014,1.2931264638900757,1.5675801038742065,2.83868670463562,1.6087634563446045,-5.228097438812256,10.419941902160645,-5.853433132171631,-5.3739542961120605,-0.039329368621110916,5.828759670257568,1.273058533668518,-2.420593023300171,6.572567939758301,1.4487273693084717,1.1279003620147705,-9.238906860351562,16.35177230834961,2.372971773147583,3.374455213546753,0.4081761837005615,-4.082177639007568,-1.233633279800415,-1.2608120441436768,-0.5582494735717773,0.9532364010810852,3.362969160079956,3.248976230621338,3.4990756511688232,-0.4596098065376282,-0.4489103853702545,5.934189796447754,-3.7675132751464844,1.531002163887024,1.6790212392807007,3.075165271759033,1.732609510421753,-5.543099880218506,10.829172134399414,-6.195054531097412,-5.312191963195801,0.286704957485199,6.057433128356934,1.061133623123169,-2.2420036792755127,6.609957695007324,0.7576290613071559,0.9697416530179167,-1.895083938845028,2.0083582493674896,1.8756156141565719,1.8367522145163317,-0.06489771238356737,-1.5751929143063559,-0.4943189669864892,-1.694438622149411,-0.5270592043380489,1.0505839683177067,1.9687301281986698,2.0002892626252233,1.5364614241779586,-0.5828232136774799,0.8653104298388525,1.3476093676500593,-1.8085524179289156,1.4369831086019595,1.4775459502461064,1.862354229345069,1.9671678255859057,-1.9222489827725162,1.9985707695595942,-1.9840514438281822,-1.8352189277203905,0.5749695129716487,2.0206535412581474,-1.4301651719011184,-0.5249667031499385,1.9530569585877668,0.5068014615644667,0.5588923099972196,-1.9619801587230294,2.1961035543047553,2.1980856749120745,2.4130764762438006,-0.4307739815001558,-1.987710513218996,-0.7054450583433051,-2.5687252068261905,-0.6283748491322677,1.5969668109801636,2.0508827516480657,2.15710555792296,2.0929498219488507,-1.1641111064557474,1.599200932660929,1.1192376278606668,-2.4341127324983853,1.9539747979421846,1.9930132067433513,2.3634991637386045,2.2821782048375256,-2.312203817320937,2.294021306934565,-2.328612133172924,-1.7445471778946984,1.2819212474158697,2.254607814978312,-1.9007320399478362,-0.01380253362973748,1.999256243674098
A,masked_angular_velocity,0,conv,790,2,1,790_T2_P1_R1,25,5,1.5513346195220947,1.1878292560577393,-8.705469131469727,15.171659469604492,2.121673583984375,2.823211669921875,0.5330359935760498,-3.9206700325012207,-1.3331782817840576,-0.83722984790802,-0.6760581731796265,0.9316720962524414,3.0515058040618896,2.8519606590270996,3.3391220569610596,-0.21699440479278564,-0.6026171445846558,5.905649185180664,-3.249281406402588,1.0241167545318604,1.4508312940597534,2.7306647300720215,1.3511086702346802,-4.650389671325684,9.841606140136719,-5.486071586608887,-4.875715732574463,0.21789643168449402,5.476657867431641,1.2808210849761963,-2.248359203338623,6.151979923248291,1.5643305778503418,1.2345542907714844,-8.683300018310547,15.090106964111328,2.0401220321655273,2.8392956256866455,0.581193745136261,-3.9705734252929688,-1.3299793004989624,-0.8087698817253113,-0.6523482799530029,0.9263036847114563,2.9463634490966797,2.8684301376342773,3.3601901531219482,-0.20370659232139587,-0.5834083557128906,5.970823764801025,-3.196971893310547,0.9428282976150513,1.4859819412231445,2.6801834106445312,1.2612303495407104,-4.699416637420654,9.857150077819824,-5.416965484619141,-4.88250732421875,0.29524046182632446,5.389491081237793,1.4525550603866577,-2.2573156356811523,6.142139911651611,0.7725416380257281,0.7107418243909702,-1.343582650932309,1.4875354795851092,1.3007750307274015,1.720247067186952,-0.049814632967295956,-1.7728736242620926,-1.0049284603898354,-1.2781669377374896,-1.0085983842841537,1.4795005952657803,1.4668536737207232,1.278482504129442,1.8214637798871571,-0.48465612290084914,1.2968756615890438,1.0745974063749073,-1.686522558496947,0.8523253693365938,0.9375289153917086,1.6334344709749622,1.3118069031122466,-1.207079357051788,1.5810324344969284,-1.6135301428927664,-1.1037682723112907,1.1327213178343023,1.6604202949797617,-1.4129292735047967,-0.03199439810747614,1.43337558209925,0.8061996853962416,0.8291344418046517,-1.3178820659173063,1.4385694856891809,1.0095780103542031,1.7404625878797257,0.09711944253138305,-1.8392549527380186,-0.9953046330883853,-1.1914562387089136,-0.9320756148882069,1.4502574614802122,1.2696993631715108,1.3149312479187196,1.8572228067335708,-0.4474430300085524,1.3346573795269001,1.17653591285897,-1.611062295900087,0.6756556717973006,1.1001166000267566,1.5264548744104771,1.0831959195594816,-1.2677716248284723,1.5922544273546173,-1.5438292782575012,-1.1137391250171507,1.3004291250588134,1.5712400699819677,-1.0316037864139798,-0.057629921435146295,1.4212169402456292
A,masked_angular_velocity,0,conv,790,2,2,790_T2_P1_R2,26,5,1.5924818515777588,1.2562739849090576,-8.922513961791992,15.548271179199219,2.170105457305908,2.854970932006836,0.5365728139877319,-3.9303061962127686,-1.3289287090301514,-0.8855365514755249,-0.6265376806259155,0.9340916872024536,3.2729077339172363,2.981832504272461,3.3547463417053223,-0.21000316739082336,-0.7081401944160461,6.1378045082092285,-3.2896640300750732,1.0337430238723755,1.4489070177078247,2.747371196746826,1.42978835105896,-4.7011847496032715,10.132096290588379,-5.658510684967041,-5.114902973175049,0.10496394336223602,5.671727180480957,1.1895097494125366,-2.3132450580596924,6.359765529632568,1.4445003271102905,1.1596453189849854,-8.707385063171387,15.130910873413086,2.112537145614624,2.6616668701171875,0.4384370446205139,-3.7438998222351074,-1.279423475265503,-0.7938382029533386,-0.5395343899726868,0.8908451795578003,3.143157482147217,2.856581449508667,3.178171157836914,-0.2458861768245697,-0.801722526550293,6.001889228820801,-3.1161506175994873,0.9624161720275879,1.4304091930389404,2.6561501026153564,1.3135883808135986,-4.502422332763672,9.777085304260254,-5.434002876281738,-4.903499603271484,0.02146627940237522,5.385048866271973,1.1968493461608887,-2.3291094303131104,6.117464065551758,0.8791080196171961,0.8841680318293461,-1.595196217534601,1.7136622221961368,1.473710661211112,1.7601641387940437,-0.0390232471513066,-1.7856919918535232,-0.9921441036868421,-1.4253466890194162,-0.8487726865488889,1.4926806782011943,1.8820066909518136,1.5658980707021615,1.8479831094205246,-0.46507684817076067,1.0893226516884122,1.4377085914164147,-1.7447782305234547,0.873246815770141,0.9286284295498943,1.6688387189594565,1.5119335253146455,-1.2699608669669462,1.7907563011613263,-1.7874521363663578,-1.4549127586264832,0.8878457868815657,1.8599948141629938,-1.615680436236861,-0.21771270783928015,1.69011723066175,0.49585380650479544,0.6393286767529874,-1.3458045719761413,1.4630686122101821,1.2681511309279943,1.5172103649195177,-0.338445244545623,-1.537734302979829,-0.8432059113134421,-1.1459628849683903,-0.5679725454392257,1.2571049619930084,1.6387109998572753,1.2887090907424057,1.5482865004855941,-0.5655688241299994,0.9052558574726595,1.225125315572991,-1.4944716465404595,0.7182273501645,0.8430675573676336,1.4755232270481584,1.216371762418919,-1.0239044355616151,1.5344505026538997,-1.5610130784101028,-1.1445572583422703,0.7067948672879415,1.566695461965752,-1.5993832820030325,-0.26311930183454474,1.3907274086814632
A,masked_angular_velocity,0,conv,790,3,1,790_T3_P1_R1,27,5,1.6273177862167358,1.4038540124893188,-8.579891204833984,14.79017448425293,1.997653603553772,2.2424540519714355,0.6631770133972168,-3.4478232860565186,-1.2116482257843018,-0.5328104496002197,-0.5966329574584961,0.8331146240234375,2.8911705017089844,2.8288726806640625,2.8859763145446777,-0.0009602904319763184,-1.1211321353912354,6.026639938354492,-2.6957008838653564,0.8193944692611694,1.3740489482879639,2.3457767963409424,1.1914889812469482,-4.4502739906311035,9.309640884399414,-5.039255619049072,-5.031494617462158,-0.1821790486574173,5.147403717041016,1.7090469598770142,-2.4920578002929688,6.102356910705566,1.491804838180542,1.2465816736221313,-8.096400260925293,13.710810661315918,1.7948198318481445,1.9139738082885742,0.6410807371139526,-3.2210235595703125,-1.1834933757781982,-0.3770664632320404,-0.5417822003364563,0.7877635359764099,2.561342716217041,2.5347037315368652,2.7273054122924805,-0.014265915378928185,-1.1623291969299316,5.811565399169922,-2.374512195587158,0.5554637908935547,1.3283354043960571,2.143691062927246,0.8697566986083984,-3.923145294189453,8.554295539855957,-4.459752082824707,-4.540075302124023,-0.13484357297420502,4.5106706619262695,1.875609040260315,-2.3645472526550293,5.549445629119873,0.9693296360273618,1.2581098043373384,-1.198004055668638,1.258482876534233,0.857936313787809,0.990323135824936,0.3472582810742245,-1.1438939042121836,-0.6393026327316942,-0.35067088566413684,-0.752256214593134,0.9426306215453554,1.1662063426831486,1.2273872844585738,1.0523520345491169,0.12035675325030852,0.2770098942930613,1.2638376294351652,-0.8879401481851914,0.4073883203609768,0.5823753427255275,0.8177810400456291,0.9058046396300776,-0.959347079836528,1.1969723143882514,-1.1628704278381075,-1.3324628096820832,0.26522347304707555,1.323562060753623,-0.4620788083991038,-0.7295148460321667,1.3720614623248755,0.6183668699704692,0.8596096150747187,-0.6375094301136505,0.6104072086299596,0.1336772106436526,0.5774734838195525,0.2798404509825781,-0.8422050733676858,-0.5545985061402539,0.12384530367075172,-0.5752271817003451,0.6955908935171916,0.5477418400866316,0.5763707430334941,0.7830436225315637,0.08309378636104411,0.1959794780362654,0.9274415933592628,-0.4246004931888809,-0.1662307244986009,0.3709289397379053,0.38952230975637453,0.08745882040271806,-0.30679164543133003,0.6516387804661417,-0.578382040012668,-0.611024369482005,0.3678626632788122,0.6721251138060713,-0.09223733782912699,-0.36455047482419667,0.6888790282412793
A,masked_angular_velocity,0,conv,790,3,2,790_T3_P1_R2,25,5,1.653395652770996,1.504486322402954,-8.583891868591309,15.0028076171875,2.007678747177124,2.344947099685669,0.6630452871322632,-3.490281343460083,-1.1479634046554565,-0.49526247382164,-0.5892531275749207,0.9322112798690796,2.8756866455078125,2.971043109893799,2.9184980392456055,-0.027130460366606712,-1.1491405963897705,6.005240440368652,-2.707207441329956,0.9088905453681946,1.3512533903121948,2.2983527183532715,1.2489268779754639,-4.63430643081665,9.432655334472656,-5.263745307922363,-5.216104984283447,-0.1632562279701233,5.275048732757568,1.7767471075057983,-2.5827741622924805,6.236985206604004,2.2021868228912354,1.9300193786621094,-7.766884803771973,13.356435775756836,1.375402569770813,1.3514230251312256,1.191282033920288,-3.252699375152588,-1.5754072666168213,0.21298913657665253,-0.855535626411438,0.8813892602920532,2.21787691116333,2.6837236881256104,2.8346753120422363,0.7228934168815613,-1.559156894683838,6.486504554748535,-1.683537483215332,-0.21208052337169647,0.9129853248596191,1.3159523010253906,0.49831247329711914,-3.375164747238159,8.040044784545898,-4.163762092590332,-5.191951751708984,-0.2172144651412964,4.4297003746032715,2.7399954795837402,-2.5954790115356445,5.910871982574463,1.0368676930138307,1.5130936778733597,-1.202642345368823,1.3861523303187626,0.8937332673558828,1.1191413628442504,0.34685650333072726,-1.200371089083173,-0.447705466385705,-0.23627080153033347,-0.7284382204481277,1.482437510350963,1.1371727038463453,1.5420206951075721,1.1075503965684688,0.04706606427606701,0.22192026343444873,1.2303662921432115,-0.9045391989774973,0.6018963695897639,0.47693497630676696,0.7172802302820898,1.051901530956083,-1.1871689596403043,1.285784255066301,-1.3892914560655565,-1.603484409374443,0.3062545282048296,1.454155193368178,-0.31175452529083547,-0.9891662726467615,1.5384087217485387,2.458170636262174,2.591318396009491,-0.2555121544992231,0.3976312603771932,-1.3639373639880177,-0.12956760695207797,1.958557955636819,-0.8843405653519121,-1.7336800942372907,1.9216097775088457,-1.5878557487098575,1.2055960097102958,-0.09629503044882663,0.9061626080724097,0.9652801068306897,2.147540394065769,-0.5845397798866748,1.983106095919273,0.5721841574400472,-1.8343881441538124,-1.5502574374475009,-1.3646186083412923,-0.8573324527936024,0.37157726525363716,0.2803680276179073,-0.2798464266124617,-1.5680260803579678,0.18925497179500816,0.5892847581883963,1.8270816598128843,-1.025530254970899,1.1354607635543787
A,masked_angular_velocity,1,conv,252,1,1,252_T1_P1_R1,23,5,-2.1735141277313232,3.056130886077881,-3.2348740100860596,5.266620635986328,4.042930603027344,8.52409839630127,-2.903808116912842,-3.1044416427612305,3.2505767345428467,0.017982516437768936,1.2099707126617432,-6.3788652420043945,-0.6117662191390991,-1.2771742343902588,2.0970497131347656,-1.2488043308258057,-0.2490614950656891,-0.4951764941215515,2.0244364738464355,-0.20141752064228058,-0.2129334956407547,-0.4553190767765045,0.891120433807373,-0.30145376920700073,2.042118787765503,-4.925482749938965,1.6209204196929932,-3.0239169597625732,5.305667877197266,-0.8593629002571106,4.2521796226501465,-0.48197707533836365,-2.052579402923584,2.8051557540893555,-3.3110687732696533,4.773756504058838,3.8465919494628906,8.294347763061523,-2.6782443523406982,-2.899287700653076,2.9648633003234863,0.2518515884876251,1.3682968616485596,-6.28639030456543,-0.4472202658653259,-1.031694769859314,2.242454767227173,-1.1529172658920288,-0.45527857542037964,-0.709526538848877,2.0484349727630615,-0.04206458851695061,-0.02971976064145565,-0.5009018778800964,0.6884362697601318,-0.10489858686923981,1.8100236654281616,-4.822229385375977,1.6787183284759521,-2.866835594177246,5.219769477844238,-0.7621731758117676,4.021495342254639,-0.6282682418823242,-0.19285983536852438,0.35822774345197506,-0.657869458385497,0.2547020856762697,0.2778285654066616,0.6816054945184243,-0.40880008065164575,-0.6720439742196221,0.17813408724958552,0.10893100846429571,0.29958743994300363,-0.3624106297020001,0.11140780069250625,0.4902007423816733,0.7433313205142751,-0.11208540714688893,0.1162763402577474,-0.1208588354986313,0.5702564102564102,0.26403590709121855,0.3298478734221645,-0.5228521719904401,-0.13073218203851344,0.09701783114312666,0.17840099834421155,-0.6553137607356339,0.20953019954529992,-0.6952395137540816,0.11051835060025432,-0.5462336663936854,0.203578851829361,-0.10347568559332969,0.3200087359242705,-0.23088720628213605,-0.840260436325798,-0.37837457679764297,-0.024553162356380654,0.2906278261426999,0.20903900870311257,-0.06108847979853964,-0.4465565092815664,0.5030206614570967,0.6920535791591031,-0.17683367239726172,0.7677795483136359,1.1309380926992287,1.0627668390166174,0.2780440361655057,-0.6627411245234927,-0.7246064479627563,0.654912446586015,0.6266110307648555,0.7904207623806029,-0.6762880744370593,-0.5272657093973719,0.5220269076888556,-0.33424040753171136,-0.4756533683018834,0.45217903087148603,-0.20099925002799032,-0.008295641038874457,0.02290724557881687,-0.19659332940906302,-0.5492351410925015
A,masked_angular_velocity,1,conv,252,1,2,252_T1_P1_R2,25,5,-2.09599232673645,2.994453191757202,-3.0975046157836914,5.136798858642578,4.2934370040893555,8.35439395904541,-2.708914279937744,-2.9113688468933105,3.235316038131714,-0.1324436366558075,1.2285411357879639,-6.355874061584473,-0.48467546701431274,-1.17192804813385,2.0913047790527344,-1.1218643188476562,-0.3954647183418274,-0.6621796488761902,1.939288854598999,0.022835468873381615,-0.07696457207202911,-0.38130804896354675,0.8245698809623718,-0.39100131392478943,2.071037769317627,-4.9951958656311035,1.6347100734710693,-2.898710012435913,5.526818752288818,-0.8425612449645996,4.267838478088379,-0.6716842651367188,-1.9574127197265625,2.6559247970581055,-3.0792996883392334,4.682462215423584,4.369919300079346,8.060482025146484,-2.3799350261688232,-2.5453081130981445,3.030273675918579,-0.07591699808835983,1.4971883296966553,-6.429818153381348,-0.284222811460495,-1.0408891439437866,2.2180542945861816,-0.9236778020858765,-0.709668755531311,-0.9688827395439148,1.9693896770477295,0.3531075119972229,0.2164946347475052,-0.3216990828514099,0.47247305512428284,-0.22469429671764374,1.8843376636505127,-4.987191200256348,1.7250362634658813,-2.6879541873931885,5.728744983673096,-0.7502614259719849,4.001957416534424,-0.93495112657547,0.13590043624642661,0.21345199863941988,-0.32904220586859917,0.08794808345155045,0.6636344961433156,0.39281149527605197,0.1250324841917741,-0.09706755286309054,0.1447677805059052,-0.14455011882603147,0.34562060792351945,-0.3162725136215664,0.6183712074438483,0.7649088879661452,0.730710855541506,0.4043872236877231,-0.4367847927742014,-0.5912472352035872,0.2698910214182992,0.7742778763401961,0.6716541226628319,-0.2737242902582783,-0.2609322777972195,-0.09660982646377049,0.2422762977375455,-0.7766114191785792,0.26742278938022185,-0.3012893379760708,0.4164124355688624,-0.44784337364641963,0.2307415640509265,-0.6815267640758852,0.7235990339675411,-0.5811776983414274,-0.2854643745595255,-0.49564057453770544,0.7814252722297975,-0.107350354666328,1.02613565557829,0.9930722711655975,-0.3035426553015373,-0.049297838492482954,1.0115556472267033,-0.46466162823410534,1.4179744033535884,1.1069395526325083,1.0091623095779436,1.2107371271182485,-1.6237396902167671,-1.4551209066466548,0.3760738989039344,1.5257445541490289,1.409368243968386,-0.07307504096959502,-0.9497786893924836,0.2629939983314879,-0.17009914851370703,-0.7626838223855416,0.6466327207648251,0.3618327072939326,0.6957145794525975,0.09266243073119844,-0.23048620385988144,-1.48371954274375
A,masked_angular_velocity,1,conv,252,2,1,252_T2_P1_R1,25,5,-2.312695264816284,3.2780463695526123,-3.217168092727661,5.5690388679504395,4.00173282623291,8.709569931030273,-3.153707981109619,-3.276432752609253,3.3601696491241455,-0.0012785799335688353,1.0246655941009521,-6.3468804359436035,-0.7712140679359436,-1.4498804807662964,1.9980663061141968,-1.4170514345169067,-0.11826338618993759,-0.2606052756309509,2.006197214126587,-0.45364823937416077,-0.41358596086502075,-0.524255633354187,1.0638015270233154,-0.40581434965133667,2.1103107929229736,-4.880768299102783,1.5704004764556885,-3.16574764251709,5.142632484436035,-0.8821526765823364,4.405583381652832,-0.3458452820777893,-2.027801513671875,2.9231455326080322,-3.1349141597747803,4.930127143859863,3.615879535675049,8.155740737915039,-2.859224796295166,-2.9635398387908936,3.0185952186584473,0.23612484335899353,1.1533128023147583,-6.083268165588379,-0.6175967454910278,-1.281669020652771,2.0686416625976562,-1.1833311319351196,-0.25770801305770874,-0.4351121783256531,2.0228512287139893,-0.37392130494117737,-0.25919315218925476,-0.4471607208251953,0.8787809610366821,-0.1682416945695877,1.920897126197815,-4.532064914703369,1.5926570892333984,-2.8928065299987793,4.877352237701416,-0.7009350061416626,3.9869866371154785,-0.38833218812942505,-0.783109299384224,0.8791308628875566,-0.6154859163602473,0.6431540024390909,0.21437953735453705,0.9972303554723725,-1.0932975331453367,-1.1842384579344405,0.4177507016868134,0.07647438988570832,-0.1597555544687665,-0.2982240258849633,-0.5246278411295163,0.03941188938090941,0.5258780750186807,-0.7966229085792129,0.6103867273725636,0.5398449592361005,0.5059158287621006,-0.30986349117304013,-0.17456347710427084,-0.7548987654415114,0.20710330650342348,-0.12863981657752085,0.3290206878550191,-0.5775102580451656,-0.0025640353859147647,-1.1414947991750997,-0.11499064446224887,-0.6796901935170669,0.46969010706475156,0.3113274186205976,0.42508815390595467,0.04607052747476143,-0.418591290505554,-0.17751891198991104,-0.3798752913879162,0.05475400564204078,-0.28668257659151286,-0.25243405957170506,-0.32907631206143295,0.476519733702065,0.1591412370345001,0.23078732366602428,0.08814978923569679,0.4784690801097938,0.6809226458773863,0.15430091965827925,0.08361271494898867,0.04832110920001914,0.5646640430394295,-0.12846124882537674,0.2135577798149432,-0.4953903086242402,-0.154872996385985,0.38506083782735656,-0.08934817333368264,0.02922672737764498,0.09087455635086852,-0.28271502995293313,-0.4819240062004931,0.3815171269170677,-0.2564567809313135,0.18186685317177184
A,masked_angular_velocity,1,conv,252,2,2,252_T2_P1_R2,25,5,-2.2909722328186035,3.217789888381958,-3.4330055713653564,5.4603471755981445,4.152275562286377,8.815068244934082,-3.0376811027526855,-3.2221717834472656,3.2766966819763184,0.14477650821208954,1.2628059387207031,-6.584841251373291,-0.5875667333602905,-1.205615758895874,2.303011417388916,-1.3477116823196411,-0.23958368599414825,-0.47409963607788086,2.19130277633667,-0.1574515849351883,-0.14782389998435974,-0.6045447587966919,0.7624564170837402,-0.24896106123924255,2.0249531269073486,-5.084977149963379,1.7169249057769775,-3.1652133464813232,5.310164451599121,-0.9138142466545105,4.2417778968811035,-0.5203467607498169,-2.1079177856445312,2.851846933364868,-3.5136208534240723,4.8896164894104,3.9806528091430664,8.4530668258667,-2.7091219425201416,-2.864546060562134,2.9492440223693848,0.4796573221683502,1.5934748649597168,-6.669166088104248,-0.37437430024147034,-1.0554919242858887,2.5124452114105225,-1.1870126724243164,-0.49977412819862366,-0.745544970035553,2.3355698585510254,0.07967507094144821,0.1772196888923645,-0.6455012559890747,0.2523338794708252,0.10198619961738586,1.653550386428833,-4.856369972229004,1.9274487495422363,-2.934399127960205,5.250041961669922,-0.7875002026557922,3.723706007003784,-0.6887516975402832,-0.6909834328984772,0.7376908086620927,-1.1321459943828998,0.5035412328350442,0.44623124831437017,1.1767609103055086,-0.7754901771111771,-1.0226469432107645,0.23524304266145918,0.32258988141619394,0.43055778281640755,-0.7757581380127345,0.2079391768030637,0.6769791333310826,1.195801657076259,-0.514504126003309,0.15208025531560376,-0.06149275554839253,1.1588912809495184,0.3640714382996134,0.4935239477756438,-1.0251591538103328,-0.3824517709104911,0.21052222546840388,0.14048600557915272,-0.9328292084742591,0.6125794852462697,-1.1398148081120003,0.11673833025622624,-0.8650998906184487,0.18553428409862976,-0.22039094448012136,0.08532541033534914,-0.1212887156893834,-1.3251180145350618,-0.22955431425810188,0.18191418521448555,0.5607269980131545,0.12446344819254193,0.042372242791525835,-0.48070723175893937,0.8868931073937968,1.250235366984853,-0.9449795413354972,1.058361273364,1.06882428697957,1.655899601467064,0.139321954363269,-0.8308299952489997,-0.8260576131272712,1.6678050155897453,0.903604792225442,1.310636738127908,-1.1630226231615848,-1.380461502976968,0.9693714811872238,-0.6798519756438347,-0.5350571882647382,1.4964068283336385,-0.4135807759612873,0.03357704505052947,-0.12540727939241975,-0.713174267691554,-0.7335326017516659
A,masked_angular_velocity,1,conv,252,3,1,252_T3_P1_R1,25,5,-2.3701233863830566,3.1936519145965576,-3.3541672229766846,5.381486892700195,4.243433952331543,8.624381065368652,-2.9131319522857666,-3.1564488410949707,3.2634987831115723,-0.0010244429577142,1.181021809577942,-6.398061752319336,-0.5207927227020264,-1.0603851079940796,2.0662569999694824,-1.352296233177185,-0.2601352632045746,-0.5207602977752686,2.0038902759552,-0.05350417643785477,-0.18645837903022766,-0.6022863984107971,0.8840446472167969,-0.3986075520515442,1.983008623123169,-5.134262561798096,1.6643524169921875,-3.1119298934936523,5.352299213409424,-1.01237952709198,4.337159156799316,-0.6338731050491333,-2.4585299491882324,3.2967922687530518,-3.2336716651916504,5.567269325256348,4.35488224029541,8.75256633758545,-2.9768855571746826,-3.1889076232910156,3.4138717651367188,-0.2189348191022873,1.0570621490478516,-6.392253875732422,-0.5637201070785522,-1.1711273193359375,1.8402599096298218,-1.3873990774154663,-0.21679046750068665,-0.4499344229698181,1.8466367721557617,-0.16303905844688416,-0.3592328429222107,-0.48481208086013794,1.1723177433013916,-0.5885682106018066,2.1316332817077637,-5.166502952575684,1.5413316488265991,-3.1442840099334717,5.5109663009643555,-1.0332037210464478,4.642695426940918,-0.6274216771125793,-1.0266539798599787,0.6810318722673935,-0.9434270322834996,0.402246044196971,0.5866251008012016,0.8522617161471129,-0.4343383970539837,-0.826922900124185,0.20638646457252388,0.07690262788094203,0.22782759523497842,-0.40093356771167254,0.4742999834002357,1.0560521240571978,0.6756833758583098,-0.5331576930919633,0.07444350152709386,-0.19291921607175183,0.4977778927200408,0.6005825759112764,0.39640250437119634,-1.017557455911205,-0.14457513017116352,-0.11305668728656801,0.047841067477362775,-1.0185852035520016,0.3918672151961398,-0.9721634970237734,0.1750186569368854,-1.4422960044247097,0.350993681704177,-0.5663135350932691,-1.4015745012121539,0.9231325642889139,-0.6549911243424583,0.6408811046085867,0.7582666226283911,1.0703985984563709,-0.6089655079523093,-0.9235858471870306,0.5351662040376214,-0.2902952713218937,-0.07944937423114191,-0.3892778608160118,0.30306315582245147,0.766999035890182,0.17919857240213605,-0.6759785790979479,0.23818523046854773,0.0065721221766973145,-0.05694663027482485,0.3513582808004892,-0.03792766520612578,-0.6221281557823708,0.41940545783081673,-0.5238064406807622,0.37611646576775487,-1.074682883179627,-0.12460148681498613,-1.073962768456316,0.394485116194938,-1.5642425731148262,0.88101298700493,-0.546655692987061
A,masked_angular_velocity,1,conv,252,3,2,252_T3_P1_R2,24,5,-2.3068838119506836,3.029101848602295,-3.3517298698425293,5.301054954528809,4.552260398864746,8.602702140808105,-2.754197597503662,-2.9883875846862793,3.2987418174743652,-0.17605999112129211,1.4505329132080078,-6.6518988609313965,-0.3224577307701111,-0.9497073292732239,2.1905832290649414,-1.1418298482894897,-0.42023763060569763,-0.8082768321037292,2.0599284172058105,0.2741023302078247,0.045602548867464066,-0.4870438575744629,0.6743236780166626,-0.3606690764427185,2.027416706085205,-5.418375015258789,1.7643496990203857,-3.051501512527466,5.819630146026611,-1.0020450353622437,4.342843055725098,-0.907754123210907,-2.1107606887817383,2.7523019313812256,-3.156304121017456,4.732946872711182,4.6572442054748535,8.234369277954102,-2.403761148452759,-2.6584739685058594,3.0952606201171875,-0.3138566315174103,1.5998306274414062,-6.458239555358887,-0.018619487062096596,-0.5469683408737183,2.321632146835327,-0.8354042768478394,-0.6647583842277527,-1.142871618270874,1.9942152500152588,0.6415275931358337,0.2943115234375,-0.3948840796947479,0.5745147466659546,-0.3210550546646118,1.9743350744247437,-5.510336399078369,1.6761277914047241,-2.8067500591278076,5.961698532104492,-0.9004818797111511,4.331086158752441,-1.2535978555679321,-0.7584633965889493,0.2947820568614191,-0.9375920661758869,0.29893233123731366,1.0622496349676147,0.8153703104880584,0.0009969610057183388,-0.3264316290045316,0.2834433415007739,-0.2180474628427807,0.8959041731812446,-0.9103292364969306,1.2654557711186927,1.344937665796318,0.9488120511272189,0.3231542215623258,-0.5303683389362113,-1.0027510233295922,0.695456005743749,1.3459843658429453,0.9797701775670546,-0.6296407355747702,-0.5548756747514004,-0.031022698581738988,0.14592731110106752,-1.5129349922099284,0.8116799159280699,-0.782031585842914,0.8214260771262584,-1.381777503002866,0.3608543356414702,-1.4008484526302794,0.07326852040906925,-0.35495073307000835,-0.4697929232013605,-0.4307944700971708,1.2239353290946187,0.18856101181842416,0.9608733887527687,0.6560606511090604,-0.16145335133415248,-0.4502467484882926,1.2659904606189518,-0.5216970931089323,2.4774628478728484,2.3961453187466537,1.2367091318455845,1.5698904037002166,-1.4540838337645259,-1.9451853661280072,0.463647624027783,2.181985656746782,1.604988677905227,-0.3194224270211533,-0.7501429886803155,0.0546342226178627,0.028683148544250324,-1.6729460989559635,0.4413036637626601,-0.011946440858640139,1.0179341726083113,-0.7870256987744642,0.34045852751767913,-2.4546584549208044
A,masked_angular_velocity,1,conv,651,1,1,651_T1_P1_R1,24,5,-2.197207450866699,3.186962842941284,-3.135603427886963,5.3969950675964355,4.077481269836426,8.495379447937012,-2.9369492530822754,-3.0271401405334473,3.2420811653137207,0.0029855608008801937,1.0958186388015747,-6.334652900695801,-0.6191036701202393,-1.4108190536499023,2.054567337036133,-1.3019740581512451,-0.2483227252960205,-0.4535175859928131,1.998971939086914,-0.3088929057121277,-0.2967453598976135,-0.42195504903793335,0.8857725262641907,-0.37200334668159485,2.0439260005950928,-4.77542781829834,1.676064133644104,-3.039466381072998,5.217370510101318,-0.8360322117805481,4.208804130554199,-0.47336000204086304,-2.0735397338867188,3.110354423522949,-2.888178586959839,5.131977081298828,3.9930922985076904,8.217318534851074,-2.8000435829162598,-2.8884832859039307,3.1634631156921387,-0.1688338965177536,0.9833589792251587,-6.010847568511963,-0.5044757127761841,-1.2566077709197998,1.9099490642547607,-1.165663480758667,-0.2765769362449646,-0.5358237028121948,1.7962948083877563,-0.35518577694892883,-0.38175368309020996,-0.275247186422348,1.1386396884918213,-0.4656045436859131,2.0799174308776855,-4.651930332183838,1.512921690940857,-2.8990273475646973,5.169785022735596,-0.7496628761291504,4.381913185119629,-0.5470229387283325,-0.2933401026635406,0.6653305577947017,-0.4202416708061195,0.42216658731084145,0.33104053032952635,0.6327334766631868,-0.49957711490505813,-0.441837919173213,0.15955861112198927,0.08365983141196878,0.016621789831220358,-0.27368612568267314,0.08213864207191054,0.14136799772525885,0.6500035950524066,-0.32841479706668075,0.11906711594767443,-0.0035203569069186314,0.4804272305790153,0.019497562160946003,0.1191568707290855,-0.41054562659270477,-0.14119492928151317,-0.05553063650751018,0.18239241532937753,-0.3942196079700306,0.4410364873194161,-0.7441646220130445,-0.01161331264743497,-0.4096093157421155,0.12833449672473698,-0.07721897562160272,0.23111949314956046,0.48550687683138083,0.1720303679251293,0.08175439996086184,0.201072964801019,0.15954616991606724,-0.12457942983041521,-0.02891318785490331,-0.012333693171610932,-0.20587085910095845,-0.26214831991116044,0.37612058555032657,0.5393882806535512,0.5438822121349641,0.33229634414400266,0.2261842578317066,0.012332499093707283,-0.23534748436779931,-0.23453267875116351,-0.085832345241652,-0.09454175764611308,0.08328623100591792,0.3535175308646582,-0.25792345388438137,0.26188909969315843,-0.17933639128380405,-0.24387349123011376,-0.30228654256902265,-0.07743354594694954,0.09616773641271267,0.42862875496164643,-0.3016751769042423
A,masked_angular_velocity,1,conv,651,1,2,651_T1_P1_R2,24,5,-2.3494062423706055,3.34859037399292,-3.2811286449432373,5.6153974533081055,4.102442741394043,8.744359970092773,-3.1143274307250977,-3.2037453651428223,3.3215103149414062,0.05813082307577133,0.953900158405304,-6.360205173492432,-0.7301285862922668,-1.45413076877594,2.0041892528533936,-1.4953124523162842,-0.19926629960536957,-0.326921284198761,1.9621493816375732,-0.418140709400177,-0.43784627318382263,-0.5464508533477783,1.0537784099578857,-0.4495394825935364,2.0631628036499023,-4.867190361022949,1.624254822731018,-3.150897979736328,5.180941104888916,-0.8923875093460083,4.38909387588501,-0.3634850084781647,-2.3528051376342773,3.294940233230591,-3.3613414764404297,5.354072093963623,3.9513001441955566,8.715423583984375,-3.055060863494873,-3.1932780742645264,3.1864023208618164,0.13978245854377747,0.9585033655166626,-6.217635154724121,-0.6163693070411682,-1.159143328666687,2.008396625518799,-1.463585615158081,-0.25696367025375366,-0.41972988843917847,1.907963514328003,-0.3931872248649597,-0.4424726366996765,-0.5819998979568481,1.1889393329620361,-0.4287963807582855,2.000986099243164,-4.902838230133057,1.528564453125,-3.1043715476989746,5.101017951965332,-0.8728388547897339,4.502551078796387,-0.4487232565879822,-0.9387954422984912,1.0447192852488676,-0.7685915462733114,0.7027018133220757,0.3694838091101092,1.0564353603052583,-0.9854313365889806,-0.9677733743031987,0.3332249060539237,0.17658438504204654,-0.3351724776413325,-0.3249635582601687,-0.36073817690941135,0.028318379248251264,0.5393293698185306,-1.11503987351144,0.3043854962964835,0.3530564494449918,0.3505335352512451,-0.22907347995307106,-0.23555043313824311,-0.82960988355509,0.18749377421015553,-0.22318606042957537,0.22488217785826442,-0.5538843752258799,0.22352816279595578,-1.094772385115945,-0.062002402215627014,-0.739624888033344,0.4410860605010699,0.2575779183783822,-0.9532090524245824,0.9187857221356761,-0.9606000704973259,0.3670324741798807,0.13670814869050082,1.0071918370957083,-0.8230949089464961,-0.9366013187331266,0.03782116413362631,0.31417445370224173,-0.3237616638155692,-0.03885768309930586,0.093046168901988,0.798278884283641,0.5485721828056978,-0.9859545766776989,0.08642457955899015,0.09164743123216748,0.15938844548509243,-0.1722968688399666,-0.2471804593942295,-0.9492712347698239,0.45192417845061933,-0.17833360549008256,0.08754875241861367,-0.6159114922878499,-0.17820119584296368,-0.9483809587751694,-0.1725509956916104,-0.6251487514927069,0.6379018133499705,-0.002149118768372471
A,masked_angular_velocity,1,conv,651,2,1,651_T2_P1_R1,25,5,-2.0777957439422607,2.720186233520508,-3.349444627761841,4.633508682250977,4.105581760406494,8.192611694335938,-2.4774463176727295,-2.679572343826294,2.8821403980255127,0.22957761585712433,1.5206737518310547,-6.51986837387085,-0.29765015840530396,-0.9363223910331726,2.34468150138855,-1.0761486291885376,-0.6965357661247253,-0.9671309590339661,2.1342904567718506,0.33290114998817444,0.21651911735534668,-0.5584530234336853,0.37514448165893555,-0.09439291059970856,1.7096952199935913,-4.9613471031188965,1.8106502294540405,-2.708979368209839,5.553955554962158,-0.7777208685874939,3.8956496715545654,-0.8818952441215515,-1.9945831298828125,2.6333696842193604,-3.220761775970459,4.407000541687012,4.144968032836914,8.031275749206543,-2.3623461723327637,-2.5146608352661133,2.785127878189087,0.16665858030319214,1.5226290225982666,-6.334447383880615,-0.20546908676624298,-0.7963700294494629,2.409902572631836,-0.9600974321365356,-0.8139398694038391,-1.0710339546203613,2.0738015174865723,0.4131661355495453,0.27904611825942993,-0.5359551906585693,0.3673538267612457,-0.10161907970905304,1.6982427835464478,-4.973904132843018,1.7390931844711304,-2.6376540660858154,5.509768486022949,-0.7038317322731018,3.924844264984131,-1.010496973991394,0.21306997150524007,-0.43033638180679257,-0.9321219669571225,-0.558521283849175,0.37431685144129406,0.11749943908231027,0.7590429756305734,0.5932295430696765,-0.627424919384531,0.46548710919974734,1.069772439321817,-0.6453718963074065,1.3644130799967953,1.3798742564453883,1.2873456985539813,0.5903880649084754,-1.5741279156168306,-1.450186718442429,0.9577747678524233,1.4797690453911756,1.4094298305584236,-0.8700104779295008,-1.1401933312441044,0.5447431806598718,-0.555841545713023,-0.7177161093667597,1.006059717220994,0.2956792283473077,0.4539477852001729,-0.06813939980325157,-0.41490097194745423,-1.3220545825872498,0.565963426026773,-0.6341212866170363,-0.6240886123277009,-0.8494673819230876,0.43497730859919537,-0.1570522466934257,1.0743119202397673,1.0843407519208856,-0.839535720655158,0.35946306993607663,1.0746196968922397,-0.2732735968399114,1.7321220783186313,1.7451704819039997,1.4306275811818288,1.0625586131342166,-2.017640171396276,-1.7428446450111685,0.7443949982453784,1.6623956875578834,1.5666136916247215,-0.7942804880397674,-1.1554351630528072,0.5291181177261167,-0.5811369133138058,-0.7395649203272121,0.7056468916378199,0.5200965680388148,0.3928283096269399,0.36455374552187914,-0.364256107959965,-1.7139132100154821
A,masked_angular_velocity,1,conv,651,2,2,651_T2_P1_R2,26,5,-2.118943691253662,2.790238618850708,-3.355761766433716,4.849981307983398,4.213067054748535,8.301244735717773,-2.5540847778320312,-2.741793155670166,3.0069682598114014,0.12570910155773163,1.49517822265625,-6.620265960693359,-0.35638266801834106,-1.055227518081665,2.25592303276062,-1.0990992784500122,-0.6363946199417114,-0.9290686845779419,2.10221004486084,0.29539889097213745,0.15112915635108948,-0.487771213054657,0.44822055101394653,-0.17568925023078918,1.8221181631088257,-5.033795356750488,1.8191144466400146,-2.763925075531006,5.70145320892334,-0.8167192339897156,3.9799561500549316,-0.8540991544723511,-2.001452922821045,2.6742491722106934,-3.0648441314697266,4.550932884216309,4.0795793533325195,7.9874267578125,-2.4471778869628906,-2.60296368598938,2.9045817852020264,-0.008034706115722656,1.3359453678131104,-6.200647830963135,-0.34990063309669495,-0.9790655374526978,2.0984995365142822,-0.9965237379074097,-0.6666054129600525,-0.9115692377090454,1.8914690017700195,0.2121078073978424,0.05738406255841255,-0.3944716155529022,0.6675311923027039,-0.25893816351890564,1.8344379663467407,-4.848937511444092,1.608328104019165,-2.6111562252044678,5.524240016937256,-0.7035518884658813,4.077712059020996,-0.8923221826553345,0.03856676278548622,-0.26590246673782303,-0.9472439158450634,-0.28046504536953704,0.5398565856993438,0.30236399202294184,0.549123666109417,0.40793371145396196,-0.354497950761207,0.2904596360710895,1.006573403281646,-0.8468480205292022,1.1301296985377387,1.0695143559327913,1.092355082008339,0.497010318884101,-1.346935323671143,-1.3429787089624377,0.8446081264320036,1.3944404025966084,1.2450488457082236,-0.6320888670757626,-0.9972265461015469,0.36895703333146573,-0.30752674394883217,-0.8437741605654532,1.0415945678644896,0.12279831373778169,0.6579653065138084,-0.296513023846724,-0.26865312835251737,-1.237358052751577,0.5368301296871467,-0.5381642647932131,-0.25086181589611256,-0.6645880468001075,0.33427136818709485,-0.23167178626621948,0.8419510024926093,0.8213730157342525,-0.5783578485784802,0.06508972448025832,0.6118591864192215,-0.004766926243548064,1.1559863588692316,1.268308541900972,0.74651672419558,0.9143528895361209,-1.4610612743939098,-1.293688762863146,0.1012027936857169,1.204928481058408,1.0093872054335566,-0.31803400516513836,-0.5681645766826067,0.18894885931953426,-0.2803153383781541,-0.5221256420223294,0.1566648620629211,0.6034699005044635,0.4128455933116988,0.3661927846570886,-0.09907284718909919,-1.3538260290040953
A,masked_angular_velocity,1,conv,651,3,1,651_T3_P1_R1,24,5,-2.336564779281616,3.222970485687256,-3.2326831817626953,5.648850440979004,4.19327449798584,8.67293643951416,-3.0072226524353027,-3.1223065853118896,3.397071361541748,-0.05595836788415909,1.1462162733078003,-6.584719657897949,-0.6949270367622375,-1.5625205039978027,1.9679059982299805,-1.3716859817504883,-0.21604862809181213,-0.4018665850162506,2.022408962249756,-0.2866309583187103,-0.2993159294128418,-0.44696417450904846,0.8725093603134155,-0.4277724325656891,2.0971906185150146,-4.908717632293701,1.7207494974136353,-3.0863256454467773,5.4675984382629395,-0.9209003448486328,4.290223121643066,-0.4454917907714844,-2.3073995113372803,3.2245655059814453,-3.1015877723693848,5.667096138000488,4.159237861633301,8.568891525268555,-3.0031895637512207,-3.064042568206787,3.4042487144470215,-0.12273933738470078,1.0278863906860352,-6.44342565536499,-0.7614811658859253,-1.6700035333633423,1.798710584640503,-1.3800544738769531,-0.20243212580680847,-0.32934877276420593,1.882192850112915,-0.409976065158844,-0.3962956964969635,-0.35209593176841736,0.9896093606948853,-0.5265359282493591,2.1543681621551514,-4.779065132141113,1.6406723260879517,-3.0381932258605957,5.420025825500488,-0.8754147291183472,4.33545446395874,-0.39561787247657776,-0.8843366331290339,0.7498511833453504,-0.6526256177998162,0.7456713325441902,0.5093731895639079,0.9348886853942172,-0.6920615210971126,-0.725245542517959,0.49843395957617587,-0.015665802317937905,0.14155014252532278,-0.7755136324113219,-0.22031961302775188,-0.2545949061127342,0.4596195861458076,-0.6120476814939257,0.24098761887820846,0.14196222206797776,0.5631036205200814,0.0701500948167393,0.11269488564949617,-0.49472871587405287,-0.16714290456475403,-0.1761195319316337,0.30004143267151384,-0.6261423430726165,0.628636019432,-0.8916025177104856,0.3344991922353461,-0.9065960330317451,0.26957371484713183,0.0076974105261176096,-0.760650879441022,0.7535953109934515,-0.33881656805577975,0.7691071332733042,0.4569540482380681,0.7578329467430461,-0.6810146597427066,-0.5517339557582813,0.5141262273233955,-0.12819752700101603,-0.15177163521988418,-0.49196849097732703,-0.48580362316307896,-0.5351412194518996,0.08792009359313997,-0.6460958265859997,0.2924260646687697,0.34621901785541903,0.0684799930025393,-0.2104964562283409,-0.13109825255781948,-0.17539358498803417,0.06195276685778468,-0.3896748283189258,0.42633236863062207,-0.40054908699145886,0.2924530070049237,-0.7401575222530142,0.26869748588507325,-0.640233091344285,0.34803680156320105,0.1596668225870414
A,masked_angular_velocity,1,conv,651,3,2,651_T3_P1_R2,24,5,-2.3488996028900146,3.1908724308013916,-3.2056174278259277,5.591705322265625,4.180958271026611,8.665510177612305,-2.969212532043457,-3.123706340789795,3.3797378540039062,-0.12594088912010193,1.1465692520141602,-6.5545454025268555,-0.6681731939315796,-1.4962455034255981,1.9412496089935303,-1.3390092849731445,-0.23794810473918915,-0.453786700963974,1.9877952337265015,-0.2419033795595169,-0.3013960123062134,-0.42327889800071716,0.941519558429718,-0.4531625807285309,2.1297216415405273,-4.960171699523926,1.6690315008163452,-3.0520999431610107,5.549761772155762,-0.9241018295288086,4.378565788269043,-0.5087839365005493,-2.2696945667266846,3.136319875717163,-3.1554737091064453,5.386953353881836,4.194603443145752,8.531932830810547,-2.8572497367858887,-3.003451108932495,3.2625815868377686,-0.10955007374286652,1.1575461626052856,-6.406643867492676,-0.5692437887191772,-1.3405441045761108,2.0093600749969482,-1.273657202720642,-0.3347051739692688,-0.5497952103614807,1.945163369178772,-0.15945538878440857,-0.20781290531158447,-0.43449729681015015,0.8901454210281372,-0.44631677865982056,2.0627002716064453,-4.924690246582031,1.665077567100525,-2.9890241622924805,5.4916672706604,-0.8810461163520813,4.33394718170166,-0.6122898459434509,-0.9366469802933415,0.6745074080004713,-0.5878368775681937,0.672268651483584,0.49040516743510276,0.9222516338291452,-0.5879483051249849,-0.7294143767347168,0.460534814771471,-0.13359245125312463,0.14242494826999108,-0.714961848131257,-0.11359893610132916,-0.08160699801323158,0.40105956645889645,-0.4790975542671541,0.1582589063429982,-0.004278372790527252,0.4410012284103913,0.17191864470912904,0.10746582219510163,-0.41500204590911965,-0.032130582645638076,-0.23102030684588715,0.37189448909132883,-0.7156711208424202,0.4115118221146995,-0.7839147163612361,0.4481477530247959,-0.925343661534707,0.4228222520948369,-0.18515802519383878,-0.6007486833709621,0.5464554554241542,-0.46780501561149795,0.4092678722678226,0.5114201664580724,0.6949374591990705,-0.28127310418633467,-0.3712905516471562,0.20438143448214205,-0.10597247825796993,0.16963496988986954,-0.4181561556848868,0.28102902529623386,0.32479641600693004,0.5506888574784652,-0.2132036713578191,-0.2072559933531029,-0.2747001698157713,0.29061404609871594,0.35951222401524563,0.3427203294626565,-0.45276410341191264,-0.1326395976259821,-0.21621770576629054,0.22386091640131087,-0.6539338996501624,0.3949119933497829,-0.5854533186027003,0.3677914033042804,-0.6732101761928675,0.3454214301349427,-0.5005479552318732
A,masked_angular_velocity,1,conv,671,1,1,671_T1_P1_R1,26,5,-2.4448347091674805,3.4032797813415527,-3.4665112495422363,6.034794807434082,4.398488998413086,9.05598258972168,-3.2169995307922363,-3.2987849712371826,3.5531444549560547,-0.04607696458697319,1.2245402336120605,-6.867585182189941,-0.7266134023666382,-1.6320807933807373,2.100287914276123,-1.5110007524490356,-0.11974658071994781,-0.3784278333187103,2.147099018096924,-0.3429529070854187,-0.32499200105667114,-0.4654465317726135,0.7750625610351562,-0.39727067947387695,2.1349964141845703,-5.1732659339904785,1.8652334213256836,-3.3328585624694824,5.569144248962402,-1.0320937633514404,4.329630374908447,-0.4146510660648346,-2.3086273670196533,3.269651174545288,-3.1467859745025635,5.773134231567383,4.221956253051758,8.64535903930664,-3.1005403995513916,-3.1008074283599854,3.470445394515991,-0.15425051748752594,1.072563886642456,-6.491672515869141,-0.7112689018249512,-1.6971796751022339,1.8752707242965698,-1.39993155002594,-0.1422840654850006,-0.34730324149131775,1.9473708868026733,-0.49409985542297363,-0.4627107083797455,-0.3138391673564911,0.9754552245140076,-0.4612940549850464,2.1346592903137207,-4.882307529449463,1.7168922424316406,-3.1649856567382812,5.366879940032959,-0.904578685760498,4.3484416007995605,-0.35643449425697327,-1.3434954680181062,1.1730922083564215,-1.2123499044376718,1.241411003992444,0.8254258252173716,1.5867344339086138,-1.266659203396294,-1.2508039459337108,0.8396753901221862,0.0009852157382403749,0.33570297356315076,-1.3431632942086096,-0.3467161980809578,-0.4361574838201359,0.7504449264181836,-1.1788697347810366,0.604783704894581,0.20798075221895126,1.0029586446849401,-0.0579989831911625,0.048148981036443335,-0.556941860075123,-0.35778905264149297,-0.11016589321898795,0.3835446564584505,-1.0864508594937166,1.2352117319011946,-1.667292777332579,0.47495652998836935,-1.557742377577669,0.33793364247043467,0.10167136672494836,-0.7658576183791781,0.8594251989797094,-0.447009070223122,0.9053115677620527,0.553547293503418,0.8879596837113967,-0.9476675035227272,-0.6612204187878067,0.6588600418065745,-0.18129659710412271,-0.04102302735231297,-0.588789136685186,-0.2855071495490166,-0.6060750794232849,0.25611255479901524,-0.7269688623313572,0.5196447693775889,0.2956477800833997,0.29840069755936227,-0.40190311989920136,-0.2980560397179209,-0.046617778022106204,0.03426144593561692,-0.24860299491855212,0.38280029372461394,-0.580189199104325,0.6124421401791333,-1.1390982719637182,0.1951854885202223,-0.8110166317841178,0.370565683948173,0.2790613804952662
A,masked_angular_velocity,1,conv,671,1,2,671_T1_P1_R2,24,5,-2.405571222305298,3.287966251373291,-3.5549278259277344,5.757289886474609,4.294465065002441,8.982118606567383,-3.0999834537506104,-3.2507572174072266,3.38665771484375,0.11910755932331085,1.3259665966033936,-6.84302282333374,-0.641410768032074,-1.4235944747924805,2.279944896697998,-1.446763515472412,-0.23437781631946564,-0.487665593624115,2.2436153888702393,-0.17666320502758026,-0.15921826660633087,-0.5905833840370178,0.6353307962417603,-0.266356885433197,2.019587755203247,-5.175646781921387,1.8851077556610107,-3.2625625133514404,5.503204345703125,-1.0034693479537964,4.201572418212891,-0.4962027966976166,-2.222486972808838,3.0821797847747803,-3.2857940196990967,5.303112983703613,3.9663352966308594,8.490880966186523,-2.9451282024383545,-3.041315793991089,3.219865322113037,0.12242789566516876,1.185728669166565,-6.385148048400879,-0.6206789016723633,-1.3934966325759888,2.0592398643493652,-1.3334095478057861,-0.26807424426078796,-0.45423364639282227,2.028364658355713,-0.3290972113609314,-0.2849282920360565,-0.46081671118736267,0.8236411809921265,-0.2572060823440552,1.936038613319397,-4.815638542175293,1.6857328414916992,-3.0470211505889893,5.162400722503662,-0.8487199544906616,4.16019868850708,-0.42107710242271423,-1.176983193730643,0.9024150809768783,-1.4239964573940498,0.8849601741964358,0.6652182382351985,1.4610361052472278,-0.9461414220076954,-1.107776098487938,0.47566514488546047,0.27933547387070445,0.5871234490231754,-1.293873092486305,-0.006843958807223116,0.10802253354535347,1.1451279152731282,-0.9175106355760854,0.17174629695928473,-0.09970317815924071,1.3434284487567418,0.3203593433493937,0.4648802036762751,-0.9781639411787367,-0.6311618854510865,0.17290743929492158,0.12863517013027986,-1.0905926137649806,1.3186494073647101,-1.446113657798593,0.3837493855816606,-1.390118132366366,0.11578888225193422,-0.14682248866414077,-0.4005471833121602,0.41937255450079586,-0.7797585784052323,0.30157620651287376,0.1598634201473642,0.6250777474519325,-0.521979148937386,-0.48405282210184863,0.1109860361592834,0.28493052433576677,0.2394951119611049,-0.3750184204533058,0.07585512958872134,0.18658246017115632,0.6602682023016061,-0.45631463723242816,0.04445266675222971,-0.005537286859381973,0.5841121898162136,-0.02647319011055732,0.14886328790635456,-0.5413575421774156,-0.2627491515367493,0.19269410565189446,-0.05590411619509102,-0.4641860955210581,0.4816275615666196,-0.7679342800221822,-0.08764730994006445,-0.48390921898430916,0.04401703697185847,0.0820907242269841
A,masked_angular_velocity,1,conv,671,2,1,671_T2_P1_R1,24,5,-2.175288677215576,2.876331329345703,-3.201417922973633,4.8414716720581055,4.189732074737549,8.204533576965332,-2.515700101852417,-2.672926425933838,2.9345428943634033,0.19544510543346405,1.3107006549835205,-6.437516689300537,-0.46871161460876465,-1.2296468019485474,2.2685904502868652,-1.2382110357284546,-0.6870959997177124,-0.7871659994125366,2.0814332962036133,0.2566660940647125,0.1552162617444992,-0.6061135530471802,0.3441331088542938,-0.17458301782608032,1.6768547296524048,-4.746676921844482,1.8398182392120361,-2.7577545642852783,5.415857791900635,-0.8058384656906128,3.8071517944335938,-0.7512874603271484,-2.023510456085205,2.731462240219116,-3.0867953300476074,4.434326648712158,4.102513313293457,7.870449066162109,-2.3093161582946777,-2.425384521484375,2.6855170726776123,0.28414270281791687,1.3849860429763794,-6.227118492126465,-0.27611276507377625,-1.0119179487228394,2.464271306991577,-1.0784962177276611,-0.8525330424308777,-0.9751588702201843,2.114828109741211,0.3883231282234192,0.31867772340774536,-0.6322008371353149,0.1494927704334259,-0.03927848860621452,1.5147243738174438,-4.617796421051025,1.878350019454956,-2.618234395980835,5.232671737670898,-0.7100472450256348,3.5950934886932373,-0.8989437222480774,-0.20038546676033686,-0.06381690194083203,-0.577784975737206,-0.29139567003278793,0.5039178557643661,0.13778777849952112,0.654262010367437,0.6130209753645548,-0.5128502881844788,0.4079708893297491,0.5492813559896342,-0.4801097252976139,0.682050957551601,0.6142545905416632,1.1201831130657187,-0.06898619815365066,-1.5384675220718864,-0.9432894206789104,0.7713169082241398,1.306311758216418,1.2553232656904505,-1.0304400013121504,-1.2008643890411208,0.37134903605817016,-0.6283784801300337,-0.3441941102994466,1.1285129051688865,0.14221330449219916,0.26293193973388096,-0.23279609641225316,-0.56841927695612,-0.9240834852959157,0.44328678281325695,-0.4038682653086423,-0.30340724946786357,-0.814367867880858,0.36959192564703863,-0.43073723450741286,1.2195670361703854,1.3502079152920803,-1.0573264665408069,0.557434030159019,0.7334235598067065,-0.05788787733222075,1.4503252586912188,1.1825585890796555,1.550068224810785,0.5808368411384144,-2.1634322261926475,-1.4727983506968492,0.8891191378657449,1.6058704851510945,1.6662418034214639,-1.1182521552173836,-1.5816611048458493,0.6639164582745039,-0.9864845689914278,-0.11994422842616219,1.2902790496265195,0.5811985636695105,0.009550777543213724,0.3281556141270178,-0.9362801412034221,-1.3740022889510572
A,masked_angular_velocity,1,conv,671,2,2,671_T2_P1_R2,27,5,-2.195547580718994,2.9694831371307373,-3.408154249191284,4.7782979011535645,4.1765522956848145,8.351740837097168,-2.5770492553710938,-2.8161606788635254,2.8682212829589844,0.3293519914150238,1.299530029296875,-6.3924713134765625,-0.4133225977420807,-0.9333114624023438,2.394042491912842,-1.2958015203475952,-0.6789153814315796,-0.8134573101997375,2.1134352684020996,0.3152484893798828,0.19818541407585144,-0.7550961971282959,0.3942928910255432,-0.18746884167194366,1.6347410678863525,-4.895797252655029,1.8267215490341187,-2.81815242767334,5.3191423416137695,-0.8487945795059204,3.8769028186798096,-0.7954720854759216,-2.015180826187134,2.7344629764556885,-3.200129985809326,4.276003837585449,3.882838487625122,7.839875221252441,-2.350449562072754,-2.5323739051818848,2.599848508834839,0.4562450051307678,1.2570717334747314,-6.063530921936035,-0.34092703461647034,-0.9047985076904297,2.3419454097747803,-1.2004215717315674,-0.8150285482406616,-0.8677849769592285,2.0380139350891113,0.29768821597099304,0.22795610129833221,-0.7350343465805054,0.31495529413223267,-0.061851780861616135,1.3996155261993408,-4.475072383880615,1.7763512134552002,-2.5820069313049316,5.001275539398193,-0.6834741830825806,3.6284775733947754,-0.762039065361023,-0.2863012959867516,0.15483953803609304,-1.0726578083920923,-0.37254120626826037,0.48361962679948167,0.38829877417676956,0.4862214238688871,0.1864656938658666,-0.6578581870549576,0.63361556087786,0.5215913319939233,-0.38971393275242716,0.9029969010817706,1.3877332414159298,1.395784227193694,-0.3033010124183272,-1.5075640263432832,-1.0173424827561024,0.8842065335845521,1.4396040702618964,1.3633414968071507,-1.5319291713548295,-1.102731208203623,0.34348620366660226,-0.7213971289573141,-0.6036608371460918,1.0735309297279294,-0.04782228495223077,0.12915689684482895,-0.4843454519831569,-0.44742099235098165,-1.0587170073349774,0.4786110588181617,-0.39682462598679547,-0.574701618749007,-1.0177307633326016,0.03126957464937521,-0.48276702623553025,1.1068984503537285,1.0315905748381007,-1.2446346900824143,0.8474413183894164,0.4163436292968511,0.27039617849754166,1.1917819100055804,1.4621560681744037,1.2813347118186742,0.08476653265972162,-2.021753254210039,-1.1703644029880187,0.6181515559993448,1.3996492234975908,1.4381807360316816,-1.4643992677637903,-1.2579482675303983,0.6151064910480192,-1.2407317908358817,0.128391937597566,0.8620645225705381,0.6951853072250305,-0.31051351604924193,0.4837672280306478,-0.8783686643463634,-0.95684434597033
A,masked_angular_velocity,1,conv,671,3,1,671_T3_P1_R1,27,5,-2.2602691650390625,2.810903310775757,-3.8580634593963623,4.786685466766357,4.3994245529174805,8.635574340820312,-2.483579397201538,-2.886483669281006,2.8503687381744385,0.4138941168785095,1.7877156734466553,-6.903935432434082,-0.2604788541793823,-0.5692356824874878,2.81760835647583,-1.1350276470184326,-0.7968317270278931,-1.1263803243637085,2.4186196327209473,0.7896031737327576,0.6344630122184753,-0.8430501818656921,-0.06894959509372711,0.03161715716123581,1.6981881856918335,-5.512903213500977,2.032456636428833,-2.8925633430480957,5.787688255310059,-1.0082920789718628,3.7121970653533936,-1.1607177257537842,-2.1039376258850098,2.572124719619751,-3.637272596359253,4.367400169372559,4.450045108795166,8.326199531555176,-2.2082502841949463,-2.5615670680999756,2.722126007080078,0.25950902700424194,1.8742742538452148,-6.749337196350098,-0.04579217731952667,-0.39010509848594666,2.8903844356536865,-0.8692939877510071,-1.0359289646148682,-1.41070556640625,2.331451892852783,1.0234384536743164,0.7483921051025391,-0.7067930698394775,-0.07245758175849915,0.06972189247608185,1.7308580875396729,-5.573601245880127,1.9045305252075195,-2.7019219398498535,5.941861152648926,-0.8712817430496216,3.8058314323425293,-1.3822822570800781,-0.5607762167711708,-0.21739597388999768,-2.14962570836314,-0.36176743420026175,0.8268671850737208,0.871309131171971,0.7422435270378054,-0.02295869360748355,-0.6968911236930342,0.7760763857740842,1.7317288381524922,-1.416109895535866,1.5126887724884406,2.3380242743022785,2.3263022565961666,0.3508301445731605,-1.9530116799980957,-1.898735714927275,1.9607692917446993,2.518901372372986,2.460080498903163,-1.8279901378325634,-2.009024214974087,0.8172133069764451,-0.5812576616115582,-1.6774128219504891,1.9372534298001844,-0.28194991436526873,0.7772442027493481,-1.4183602395910355,-0.7331387714152509,-2.1716463711371676,0.1022057640037833,-0.777881819669318,-1.6211089624558581,-0.9003331413430221,0.9048277173822245,0.3448323150259808,1.496395287756174,0.9446522063924823,-0.9772847064474867,0.5159241274261542,1.9462944253337024,-1.1058639240445765,2.3690713133246932,2.80558144440982,2.486182421640657,1.4320052236638765,-2.8562385812747544,-2.6995785412632176,1.653277420931112,3.050945781059859,2.7464819170507186,-1.369336344725636,-2.0158872877908984,0.899606749070661,-0.509098305545305,-1.7830255124666725,1.4001906031901574,0.3178844600510971,0.9904950286734054,-0.6160301957654898,-0.5707098955408592,-2.846768756826057
A,masked_angular_velocity,1,conv,671,3,2,671_T3_P1_R2,28,5,-2.3061020374298096,2.8621885776519775,-3.611570358276367,4.998675346374512,4.856948375701904,8.569295883178711,-2.3879709243774414,-2.729623317718506,3.046391010284424,-0.0057109952904284,1.7040088176727295,-6.980398654937744,-0.20461125671863556,-0.734372615814209,2.542060375213623,-1.0872702598571777,-0.8612949252128601,-1.2186689376831055,2.2166552543640137,0.9045532941818237,0.5800766944885254,-0.6297678351402283,0.03075217641890049,-0.2816929221153259,1.8270553350448608,-5.636357307434082,2.025923013687134,-2.8213608264923096,6.245151519775391,-1.060340166091919,3.9405226707458496,-1.2856673002243042,-2.1788582801818848,2.7483878135681152,-3.337179660797119,4.605973243713379,4.407887935638428,8.142822265625,-2.2847683429718018,-2.578662395477295,2.829718589782715,0.09564326703548431,1.4845987558364868,-6.4603986740112305,-0.24928781390190125,-0.784580409526825,2.393770694732666,-1.078179121017456,-0.8602514266967773,-1.0996253490447998,2.059838056564331,0.6603711247444153,0.40024346113204956,-0.6077878475189209,0.2268647700548172,-0.23559267818927765,1.7004554271697998,-5.145878314971924,1.8300098180770874,-2.6642773151397705,5.714634895324707,-0.911747932434082,3.8483920097351074,-1.127602458000183,-0.7551484278934855,-0.09701366721380109,-1.5595842384187883,-0.08946920952725526,1.5315013271966973,0.7585197308911449,1.0041246655670941,0.44417625508228253,-0.2683032975415844,0.06900538888394228,1.5242322024259167,-1.5695553105874491,1.7355438756525348,1.9069928568525705,1.7209607899952162,0.5451383152013374,-2.196531475314438,-2.158679355235436,1.2483235093910046,2.7804470462948885,2.323361155573303,-1.110062415432496,-1.8139665179105897,0.13974653434585954,-0.2966215388132408,-1.8922202609338599,1.9098241101483082,-0.057917354130589994,1.410003838803523,-1.7231527281663142,-0.3370579504714071,-2.552376305918903,-0.2155225316890534,-0.3641391398586474,-0.9027623009522419,-0.5938900837986795,0.839900954270755,0.03277106321998806,1.28680595401795,0.8937421104859903,-0.7420413588346532,0.23979611335224,0.9803482012968381,-0.5260303492517947,1.5573295964248175,1.7759429008021699,1.3951881032114604,0.5821269454601231,-2.1925893176798006,-1.823376068483687,0.6951383417742305,2.2248600928632136,1.8712862424093266,-1.036075895271924,-1.430289537501236,0.2394285661996268,-0.5762496187026028,-1.0387964225547148,1.0873356228904498,0.4363292517777375,0.6761978993447139,-0.85299962434178,-0.4968792124686331,-2.0707417732478235
A,masked_angular_velocity,1,conv,790,1,1,790_T1_P1_R1,25,5,-2.285154342651367,2.941283702850342,-3.4705443382263184,5.066048622131348,3.995922803878784,8.550654411315918,-2.7809958457946777,-3.0265650749206543,3.0757994651794434,0.3076777756214142,1.3306570053100586,-6.536004543304443,-0.6077483892440796,-1.1840777397155762,2.168018102645874,-1.3558650016784668,-0.433521032333374,-0.587413489818573,2.114553928375244,0.006646263413131237,-0.02705380879342556,-0.6552475690841675,0.5979891419410706,-0.15974149107933044,1.7968868017196655,-4.919097423553467,1.7482668161392212,-2.937864065170288,5.340569496154785,-0.8907299041748047,4.001760005950928,-0.6058908104896545,-2.1882612705230713,2.803978443145752,-3.518481492996216,4.765011787414551,4.061774730682373,8.423711776733398,-2.5805845260620117,-2.8448097705841064,2.928410768508911,0.3343959450721741,1.4568146467208862,-6.543453216552734,-0.4309564232826233,-0.9173644781112671,2.3196609020233154,-1.2096102237701416,-0.6206932663917542,-0.8494932055473328,2.1082911491394043,0.26973456144332886,0.1474556177854538,-0.6367506980895996,0.4715275168418884,-0.0947326198220253,1.7783781290054321,-5.052129745483398,1.757664680480957,-2.8070266246795654,5.495769500732422,-0.8455179929733276,3.9457919597625732,-0.8525622487068176,-0.6663108243624857,0.08864674323372512,-1.2220041029985764,-0.0029294554768540147,0.20543178785231292,0.7267972617131524,-0.072406707730669,-0.44012502037654955,-0.20400362393191734,0.5970926517049291,0.598749909397114,-0.677753883058897,0.12743467245760282,0.733196501111919,0.8992400115144186,-0.5476776083393622,-0.5805484446877174,-0.3806575971127478,0.8881523294566452,0.7374426429174251,0.797122578378783,-1.1958294454160256,-0.7042176029620449,0.4034407025991381,-0.36325668704747766,-0.6442026809682616,0.7441594260434223,-0.4244834630408311,0.15879391850040916,-0.7299185951691487,-0.23082913472793282,-0.4810496430563081,-0.2554004082199335,-0.23365048877979627,-1.336753255008203,-0.3896070435816986,0.3068503079894771,0.5107730683232232,0.4765381179024205,0.1011486573259732,-0.5262580791751509,0.6421150489559768,0.9114757731576439,-0.6927014814828991,0.8326558418291713,1.4293571361784503,1.232378465328368,0.04738105645813036,-1.2876209647457766,-1.1188430366719804,0.866060318195227,1.3360463838353398,1.2358141297869798,-1.1335674605913426,-0.9516284655105987,0.5440086083520782,-0.40413761488785155,-0.8756756039189446,0.7836144815884751,-0.012817226063768422,0.37346530624291907,-0.46515880394960335,-0.32791759900829626,-1.232674862611629
A,masked_angular_velocity,1,conv,790,1,2,790_T1_P1_R2,26,5,-2.363088369369507,3.0365219116210938,-3.649536609649658,5.309689521789551,4.191236972808838,8.837658882141113,-2.8703768253326416,-3.137666702270508,3.1960232257843018,0.25131168961524963,1.4351794719696045,-6.8262619972229,-0.5999380350112915,-1.1595537662506104,2.280663013458252,-1.356153130531311,-0.4069543778896332,-0.6353164911270142,2.216641902923584,0.13277611136436462,0.032838571816682816,-0.661497950553894,0.5430954098701477,-0.19680926203727722,1.9345687627792358,-5.203401565551758,1.7994709014892578,-3.0359339714050293,5.618827819824219,-0.9615298509597778,4.084751605987549,-0.6858110427856445,-2.248288631439209,2.772581100463867,-3.928008556365967,4.788327217102051,3.9309754371643066,8.626184463500977,-2.6043307781219482,-2.9681217670440674,2.8534226417541504,0.664284348487854,1.7324270009994507,-6.915158271789551,-0.42463788390159607,-0.8559060096740723,2.5519533157348633,-1.257375955581665,-0.6291683316230774,-0.917752742767334,2.373889207839966,0.38894492387771606,0.3428923189640045,-0.805677056312561,0.139312282204628,0.13436546921730042,1.6439259052276611,-5.147566318511963,1.9680942296981812,-2.864912509918213,5.54130744934082,-0.9266424179077148,3.673768997192383,-0.8575485944747925,-0.9968205543673749,0.31219978065877535,-1.6504651177603642,0.31002421361636584,0.5062356556389743,1.2152054801904622,-0.3172289456610703,-0.7709885396466698,0.05885658035404018,0.502110874971253,0.857845479199878,-1.2602351639140108,0.15859030638071211,0.797207743140466,1.146705047064677,-0.5488493789017574,-0.48018871201949,-0.5155832236084334,1.2482770360046926,1.0244253946192061,0.9476833638600448,-1.21686882460886,-0.8116123002487251,0.3232895207054056,-0.059150465167308486,-1.1388862338239885,0.9591263310859169,-0.7330507721646763,0.543678703710923,-1.1445212014406276,-0.08686206669332448,-0.724572206752778,-0.5099678703271352,-0.3073496998891142,-2.3170560510810985,-0.3596588212478839,0.10540552697494314,0.8553291643523318,0.4114955370171054,-0.2660786065623894,-0.6902146382002813,1.1980056888900004,1.5946764213698448,-1.4386318531263098,0.8578604005389593,1.5897725715190727,1.742693895658629,-0.1469606291192585,-1.3196366723183306,-1.3111057331919742,1.8029788408815708,1.6072852721267552,1.7271137929523193,-1.7021887033062986,-1.6015782395996783,1.039384805778676,-0.7011096297324159,-1.0417343449432845,1.6670454791423133,-0.19494831306933597,0.43645297632405605,-0.9402216514389107,-0.799801063688881,-1.247868572109904
A,masked_angular_velocity,1,conv,790,2,1,790_T2_P1_R1,25,5,-2.2771859169006348,3.0195605754852295,-3.5969910621643066,5.067671775817871,3.680974245071411,8.583157539367676,-2.9290504455566406,-3.1700279712677,3.0041635036468506,0.4987914562225342,1.2677685022354126,-6.444127559661865,-0.7131990194320679,-1.1880794763565063,2.2103686332702637,-1.4339498281478882,-0.3433190584182739,-0.45727595686912537,2.1670737266540527,-0.17510247230529785,-0.09375003725290298,-0.7646574974060059,0.6628280282020569,-0.09406127035617828,1.7488420009613037,-4.759308815002441,1.7303895950317383,-2.99499249458313,5.050480842590332,-0.8636838793754578,3.9577298164367676,-0.44369062781333923,-2.2497591972351074,2.865858554840088,-3.7253730297088623,4.800882816314697,3.596750497817993,8.50993824005127,-2.789041519165039,-3.024350643157959,2.8463432788848877,0.6707783937454224,1.4167606830596924,-6.511157989501953,-0.6198517084121704,-1.0406781435012817,2.3469064235687256,-1.3765100240707397,-0.4944986402988434,-0.6308039426803589,2.226703643798828,-0.01620516926050186,0.04723591357469559,-0.8132166862487793,0.4670868515968323,0.059537917375564575,1.6504857540130615,-4.808781147003174,1.791619062423706,-2.9002127647399902,5.080575942993164,-0.8205276131629944,3.8067643642425537,-0.59246426820755,-0.6325175638633682,0.27238571372507414,-1.524684794027276,-0.0008444697903786706,-0.2796220501460903,0.7821080083744387,-0.4779414098912899,-0.8673616105974565,-0.36063013565784224,0.9191358510312588,0.4428592290980883,-0.49337798031998414,-0.2932064459302771,0.7227513116963108,0.9922776291450115,-0.8653765542612936,-0.2397964419125076,-0.014106353467432841,1.0734201149420626,0.3239104682561166,0.6294579194005987,-1.5641132306855903,-0.5773659797846451,0.5454602938132029,-0.4693756724483693,-0.36617292139205626,0.6691073967775625,-0.6042319447246008,-0.24245407783094777,-0.571537559308592,-0.3072091774691068,0.013185734441591334,-0.5162054112554523,-0.08839932442958784,-1.8319984950297672,-0.34353117573789627,-0.4093353739284718,0.6575091359595506,-0.09444389343370707,-0.43353025370964143,-0.7056926667469879,1.208948679136771,0.8121881535201474,-0.6278924896223472,0.07915498957056105,1.1074904658609133,1.292233239876811,-0.6316748281362445,-0.8109010125710117,-0.50287289167802,1.2837695287079867,0.685448862500561,0.9838762296506652,-1.7275679429170352,-0.9603163521059519,0.8775860442519141,-0.6866206709333358,-0.45225399048431747,0.9261618455553636,-0.3060170860089805,-0.20082695225913852,-0.3188150666433389,-0.569091645843322,-0.440137972731824
A,masked_angular_velocity,1,conv,790,2,2,790_T2_P1_R2,26,5,-2.360109806060791,3.078476905822754,-3.5925679206848145,5.210278511047363,3.8663642406463623,8.716288566589355,-2.9484822750091553,-3.211064577102661,3.0945842266082764,0.3578204810619354,1.236501693725586,-6.5115556716918945,-0.739852249622345,-1.2227157354354858,2.1842098236083984,-1.4707632064819336,-0.3562425971031189,-0.4704073965549469,2.1305179595947266,-0.09994426369667053,-0.10313687473535538,-0.7531410455703735,0.7037698030471802,-0.20067623257637024,1.8205738067626953,-4.913935661315918,1.704562783241272,-3.0275821685791016,5.238273620605469,-0.9192760586738586,4.088521480560303,-0.4952812194824219,-2.391207456588745,3.0473275184631348,-3.4049949645996094,5.222231388092041,3.870093822479248,8.561800003051758,-2.886643886566162,-3.0892796516418457,3.1300244331359863,0.19600698351860046,1.1361217498779297,-6.457894802093506,-0.7969193458557129,-1.3954670429229736,1.9572505950927734,-1.4638328552246094,-0.4015933871269226,-0.4546002745628357,1.9896824359893799,-0.13308604061603546,-0.19013388454914093,-0.6398712396621704,0.7974228858947754,-0.3065747618675232,1.87346613407135,-4.801003456115723,1.644640564918518,-2.924041509628296,5.3513383865356445,-0.8970006108283997,4.158088684082031,-0.5001477599143982,-0.9841880200423235,0.4106804231975875,-1.5140967813711854,0.18233184087216228,0.005897511500838021,1.0086636851135895,-0.5311665534033485,-0.9895693895154745,-0.16293223517823918,0.6815874468266524,0.36535386975532763,-0.6286907411624885,-0.3995260210519408,0.632345821384382,0.9348102331520136,-1.0151572028177227,-0.2886170156175062,-0.05109290320333153,0.9444671343274857,0.4949176186542374,0.6058607499403459,-1.5253480053103978,-0.4972668905232858,0.31492795679109925,-0.3109381502379546,-0.6352202218002801,0.5606803585501996,-0.7067720353272636,0.017299593267838254,-0.897084431475534,-0.08032232025085827,-0.1440145574077116,-1.116069127297975,0.3375633644570578,-1.0650953415335758,0.19768492299805313,0.011641967350600168,0.745764026695219,-0.3617863033424311,-0.6268917149752173,-0.08544487290402128,0.4089176627500353,0.1165271948599278,-0.5210060151152976,-0.6271657342821948,0.18143940024497132,0.4362114943600365,-0.9869602168523788,-0.4599368297092883,-0.006569939670491953,0.4476576694208655,0.4195102867091035,0.387162831014411,-1.1440713464831958,-0.3140429756373503,0.08594473856132918,-0.1941115964831511,-0.4387208380504507,0.30911308209262134,-0.3809911820620348,0.173690314029811,-0.7666395256147858,0.04035768417868,-0.15884319613702505
A,masked_angular_velocity,1,conv,790,3,1,790_T3_P1_R1,27,5,-2.3410141468048096,3.218240737915039,-3.379194736480713,5.424887657165527,3.928057909011841,8.726144790649414,-3.097562313079834,-3.299914598464966,3.2871298789978027,0.0835052877664566,1.004682183265686,-6.336459159851074,-0.8083666563034058,-1.3196367025375366,1.9196981191635132,-1.4628657102584839,-0.16769887506961823,-0.30584436655044556,1.9480371475219727,-0.32777661085128784,-0.3815430700778961,-0.56660395860672,1.1110875606536865,-0.42110753059387207,2.073887348175049,-4.905361175537109,1.5291180610656738,-3.0729146003723145,5.220765113830566,-0.8994535207748413,4.385222434997559,-0.38771215081214905,-2.242821455001831,3.0610814094543457,-3.226921558380127,5.070600509643555,3.666224956512451,8.370162963867188,-2.915426254272461,-3.068239212036133,3.0757203102111816,0.17797352373600006,0.954879105091095,-6.138941764831543,-0.7752010822296143,-1.3434605598449707,1.7964794635772705,-1.4353456497192383,-0.26827138662338257,-0.36183100938796997,1.8476707935333252,-0.3697493076324463,-0.4038558602333069,-0.5044444799423218,1.0643268823623657,-0.37151527404785156,1.919481873512268,-4.571386337280273,1.492856502532959,-2.855097532272339,5.0641255378723145,-0.7709539532661438,4.222843170166016,-0.4117075502872467,-0.9032053948320607,0.7387482670858126,-1.0033362079038413,0.45799421259247347,0.1009120374203762,1.0254354580854848,-0.9395095238918028,-1.2541667439057158,0.25805508254426257,0.21934255160859864,-0.20929152083254737,-0.27731065422007534,-0.6728290460449486,0.37936752594706596,0.3537138167330466,-0.9830251510415836,0.42363640768586264,0.4124225699029223,0.3007513215031111,-0.023468337796453298,-0.0940123357037207,-0.8974469477406487,0.29961417836199483,-0.1617080913826225,0.2485700450541283,-0.6203011054706209,-0.1758766854941291,-0.8494059496945923,-0.006917536773174593,-0.7810043375944291,0.43436984642969234,0.18375612914234943,-0.4867839001920652,0.3698478119757958,-0.6388333256168177,0.0029170481654257722,-0.30233784125915203,0.4196461167252469,-0.4406232543673723,-0.5642313985861247,-0.20417636119900365,0.3785297289894672,-0.33274541329881085,0.11906234629686693,-0.5405317741839227,0.3171840090010549,0.08301867076816469,-0.8710557972908003,0.04370791930955133,0.2547280723181825,-0.053299540308043826,-0.11896868182218259,-0.1501033841170021,-0.6882127947122337,0.20813102063738764,-0.054475260629289125,-0.09247391017403486,-0.03919193444475465,-0.32811124299829797,-0.1640664948926325,-0.2235805060746002,-0.02851267704693372,0.15268779603279226,0.11064042591234984
A,masked_angular_velocity,1,conv,790,3,2,790_T3_P1_R2,25,5,-2.2935855388641357,3.0683467388153076,-3.400545597076416,5.151610374450684,3.8761608600616455,8.488944053649902,-2.9197611808776855,-3.176928997039795,3.1555027961730957,0.12244417518377304,1.054149866104126,-6.259095668792725,-0.7330754995346069,-1.1215406656265259,1.8836796283721924,-1.3796626329421997,-0.2566321790218353,-0.4187300205230713,1.9073330163955688,-0.12473859637975693,-0.2595825493335724,-0.5664008855819702,1.0167028903961182,-0.3828897476196289,2.001861095428467,-4.89635705947876,1.500929594039917,-2.9341678619384766,5.244653224945068,-0.9038634300231934,4.262693405151367,-0.5089377164840698,-2.298513889312744,3.0828230381011963,-3.4637770652770996,4.952043533325195,3.051560640335083,8.190147399902344,-3.0801939964294434,-3.373633861541748,2.969832181930542,0.4469122886657715,0.6988271474838257,-5.780750274658203,-1.0091625452041626,-1.140211820602417,1.42258882522583,-1.5749047994613647,0.0069994316436350346,-0.048569660633802414,1.7090448141098022,-0.6114263534545898,-0.6438758969306946,-0.6502452492713928,1.4620988368988037,-0.4172940254211426,1.9030992984771729,-4.352673530578613,1.2738752365112305,-2.815696954727173,4.598884582519531,-0.8408865928649902,4.21066951751709,-0.13742557168006897,-0.7020679768741515,0.38690214206953166,-1.0544442576151964,0.1069730263438116,0.020986076720232838,0.6217822427592254,-0.45249716188654654,-0.8879133880502351,-0.02973818729909236,0.2849579588925609,-0.08666841111081891,-0.12205881977683661,-0.3724932861898441,0.8964272852153803,0.2745856655725687,-0.6445013965540551,0.08767691481073676,0.09446375210450957,0.1571638865707698,0.43850313479234126,0.2125789481365025,-0.8967635218723867,0.11495890076353917,-0.07907023406060408,0.08948199681656441,-0.6046343340328979,-0.29421919650466566,-0.4128529211556683,0.026123849258963227,-0.8068282244251724,0.22181674967225656,-0.18562689101886226,-0.7229679038830943,0.4208822415685389,-1.2058048648005824,-0.14936736984936477,-1.248985225574684,0.11330659050898868,-0.891936410911972,-1.4737059333227958,-0.4356929423761146,0.8317148856722965,-0.9674589851235655,0.8378737916661084,-1.4738010543802575,0.8476928340208015,-0.7383690037475361,-1.4388718438090549,1.0835866421461011,1.1370739443595226,-0.5423136321593873,-0.6688554406161081,-0.7534791326956999,-1.1789913654873094,0.986336733094638,-0.1534621367239038,-0.1286593326791979,0.34136335031011633,-1.247445005149189,-0.040096928115398535,-0.8670972363087971,-0.43803678658206435,0.13157043777465544,0.9463968817378012
A,masked_angular_velocity,2,conv,252,1,1,252_T1_P1_R1,23,5,1.891187310218811,-6.1190505027771,6.897351264953613,-3.3708553314208984,-7.201620578765869,5.186356544494629,-4.437622547149658,-6.270403861999512,-6.760534763336182,1.6089344024658203,-3.349881410598755,-0.8595603108406067,1.6347119808197021,-3.835951566696167,-7.200417995452881,-5.197819709777832,4.8220696449279785,7.121366024017334,2.573671817779541,3.0166070461273193,-5.936599254608154,2.316962718963623,-3.7741456031799316,-1.6892240047454834,3.3315346240997314,2.383105993270874,7.563852787017822,1.9189685583114624,-4.98303747177124,-4.4095258712768555,3.900108814239502,-6.815805912017822,1.8417444229125977,-6.058084964752197,6.964627742767334,-3.3968238830566406,-7.131290435791016,5.207090854644775,-4.21398401260376,-6.450705051422119,-6.962577819824219,1.6798747777938843,-3.635702610015869,-0.7913640737533569,1.841461420059204,-3.8366000652313232,-7.383576393127441,-5.249560356140137,4.912583827972412,7.46682596206665,2.419036388397217,3.324420928955078,-5.835601806640625,2.2143845558166504,-3.982593536376953,-1.87935471534729,3.4273102283477783,2.5894477367401123,7.792806148529053,1.9596388339996338,-5.181685924530029,-4.35338020324707,3.9319005012512207,-6.7988691329956055,0.012116805259882114,-0.6145599336921153,0.8149691101495888,-0.7105321368586145,-0.5331909715793003,0.7036439423401205,-0.28760529161501147,-0.6572578236313081,-0.6368883495611428,0.2234614879537939,-0.3494322610864694,-0.024885993605440238,0.3984782823427184,-0.7176549539464796,-0.6016789873677909,-0.6108827817024813,0.48110637192379324,0.426433520627195,0.26364824476102794,0.4430308879761098,-0.4306333744287721,0.05523969788225316,-0.2923510889969158,-0.25607801565141,0.497707366608019,0.041449798416267725,0.6144797510670168,0.403660628204476,-0.5293966598389324,-0.47989196505790044,0.15412105279530688,-0.5808992676464498,-0.2262702270621062,-0.473662445122532,0.940038243468643,-0.8449285876291975,-0.4258297669649117,0.7643360304807845,0.11602954168052623,-1.0662124876077985,-0.9589265904233393,0.530222304757307,-0.795269113561264,0.2996114099208064,0.7745746890789943,-0.7206971595337892,-0.927931441926015,-0.7851758346242874,0.8442112158278029,0.8733921720003428,-0.13603789142081735,0.861707170847205,-0.183600375931053,-0.22749079611027795,-0.7042456286892816,-0.5423334429646953,0.7145880465392722,0.7026847429073231,0.972704251448724,0.5875825047786007,-0.9409093238271055,-0.366334317609903,0.2743561594674979,-0.5388281380771801
A,masked_angular_velocity,2,conv,252,1,2,252_T1_P1_R2,25,5,1.867525339126587,-6.187617301940918,6.705540657043457,-3.1867454051971436,-7.414310455322266,5.144034385681152,-4.572611331939697,-6.134437084197998,-6.693726539611816,1.7504122257232666,-3.2931466102600098,-0.9175930023193359,1.5997203588485718,-3.7746009826660156,-7.020482063293457,-5.104947566986084,4.816277027130127,7.020355224609375,2.72025728225708,2.6777336597442627,-5.790557861328125,2.5229287147521973,-3.488198757171631,-1.2101632356643677,3.3904590606689453,2.3852298259735107,7.4340620040893555,1.7415626049041748,-4.790134906768799,-4.564492702484131,3.9749579429626465,-6.5973687171936035,1.8989261388778687,-6.210650444030762,6.608392238616943,-3.032318115234375,-7.623702049255371,5.111581802368164,-4.439774513244629,-6.142441749572754,-6.849862098693848,1.948280930519104,-3.6264853477478027,-0.916027843952179,1.8110342025756836,-3.735846757888794,-7.121653079986572,-5.136495113372803,4.902949333190918,7.313371181488037,2.702777862548828,2.679631471633911,-5.5787153244018555,2.677654266357422,-3.3814384937286377,-0.8850328326225281,3.5895347595214844,2.608706474304199,7.536801338195801,1.6534032821655273,-4.874172210693359,-4.6735758781433105,4.112826347351074,-6.463738441467285,-0.1019695968325602,-0.7730228092226495,0.4583920479646716,0.24231138568433358,-0.8578687257961224,0.5797627926947589,-0.5312407574670714,-0.34886130364585677,-0.530403608154557,0.8352412804525144,-0.26093484934175837,-0.3010229348150216,0.3348251614298313,-0.4299125876174477,-0.28116356738931764,-0.298036378418895,0.4578691693784007,0.2957445665539449,0.6425283203778953,-0.017891443418389875,-0.07342739287868752,0.6229343027492056,0.2726802100016246,0.46518349665115827,0.631139256742875,0.048256454555279805,0.41140694523221955,-0.39861950679920843,-0.1297865547920846,-0.7933188283741369,0.4371982956254056,-0.03827322508421897,0.049428775818244564,-0.8262542085553507,0.27779176268439587,1.0415366976350733,-1.177513367341786,0.4847689768199552,-0.291489618972909,-0.3670161201029257,-0.7792680522761988,1.6908677606231095,-0.780891696412907,-0.2935751428842282,0.7192249329680519,-0.24814856049158607,-0.4613774234897147,-0.4043069260561637,0.8055621785155349,0.6748515171558539,0.5973494246158662,-0.015310065437157756,0.44472564840124706,1.0493974131112478,0.4836388639786189,0.9546911917856346,1.0819385888007647,0.7644002412415055,0.5721541756575609,-0.7973020827050874,-0.3038747690870448,-1.0139454477550223,0.9586094496218989,0.29367973326318986
A,masked_angular_velocity,2,conv,252,2,1,252_T2_P1_R1,25,5,1.703176498413086,-5.983891487121582,6.7546491622924805,-3.377110242843628,-7.032966613769531,5.122734069824219,-4.372678756713867,-6.21244478225708,-6.623470306396484,1.5836519002914429,-3.153184175491333,-0.9542153477668762,1.4816704988479614,-3.8065028190612793,-7.076381683349609,-5.030547618865967,4.721025466918945,6.8444085121154785,2.50998592376709,2.8869540691375732,-5.946794509887695,2.210005283355713,-3.815504550933838,-1.7790069580078125,3.1169729232788086,2.321089506149292,7.365082740783691,1.8491750955581665,-4.910902500152588,-4.325514316558838,3.8698551654815674,-6.817396640777588,1.741415023803711,-5.7489776611328125,6.453263759613037,-3.260153293609619,-6.8161468505859375,4.9179463386535645,-4.07045841217041,-6.075661659240723,-6.605690956115723,1.6278316974639893,-3.3364474773406982,-0.8212741017341614,1.6543323993682861,-3.685999631881714,-6.946072578430176,-4.99194860458374,4.660869598388672,6.99547815322876,2.3098971843719482,2.8974671363830566,-5.62827205657959,2.1817095279693604,-3.720733165740967,-1.6686391830444336,3.188138961791992,2.4672038555145264,7.204245090484619,1.822711706161499,-4.827115535736084,-4.081038475036621,3.829880475997925,-6.523280143737793,-0.8943700220323254,-0.30219617317714104,0.5496846806767138,-0.7429049367422565,-0.2757350033961442,0.5174132717660009,-0.17039205881943725,-0.5257962394222683,-0.41842174684490574,0.11413492226831674,-0.04261532000564165,-0.47528297613369375,0.12008105926001182,-0.5795359188757849,-0.3807377967159874,-0.0474120037130219,0.07576149636825802,0.06810397077844572,0.09903975904158926,0.26668189953006693,-0.45556969690917243,-0.23956213205011023,-0.3740775006593664,-0.3912524415412824,0.011841421989373968,-0.1572858223182137,0.3034807905259834,0.08803378798410602,-0.3799642096495161,-0.3099742731466736,0.039703127557136675,-0.5848501848633212,-0.7100040800957497,0.24070742920091187,-0.010594617570299827,-0.13760284960033922,0.05524775474607167,-0.08202929333480588,0.37507116260876633,-0.2155480168489327,-0.39008214149892345,0.30517717070960426,-0.3284780043625236,0.15729111058626302,0.43416925435448794,-0.014357714641707448,-0.14862176854324177,0.08261163887605827,-0.16555953876302607,0.26355922498421613,-0.418129437704823,0.28098121281081434,0.32351402375468463,-0.3175521723512597,-0.1868085103375854,-0.22508563585367308,0.1729938302119518,0.31094704481543256,0.051831717692419746,-0.03164097133378639,-0.20639442902315164,0.1844897719061412,-0.11147865000764186,0.14577000546435265
A,masked_angular_velocity,2,conv,252,2,2,252_T2_P1_R2,25,5,1.7716522216796875,-6.2472100257873535,7.0757927894592285,-3.3580775260925293,-7.469674587249756,5.265524387359619,-4.404862403869629,-6.4762701988220215,-7.129576206207275,1.8006236553192139,-3.5900981426239014,-0.9381418228149414,1.8796894550323486,-3.9545013904571533,-7.3747406005859375,-5.241978645324707,4.914421081542969,7.419354438781738,2.6301987171173096,3.1394202709198,-5.904914855957031,2.3650588989257812,-3.8859047889709473,-1.725073218345642,3.509713649749756,2.5101523399353027,7.810577392578125,1.875440001487732,-5.142982006072998,-4.581137657165527,4.07370662689209,-6.915770053863525,1.8262689113616943,-6.14628791809082,7.040005683898926,-3.19704008102417,-7.50184440612793,5.121806621551514,-4.012927055358887,-6.519454479217529,-7.393496990203857,2.0119919776916504,-4.128069877624512,-0.8118762373924255,2.30609130859375,-3.9628443717956543,-7.452271461486816,-5.241798400878906,5.039060115814209,7.905695915222168,2.4518752098083496,3.382593870162964,-5.523767471313477,2.3951148986816406,-3.934399127960205,-1.6792285442352295,3.802521228790283,2.8152308464050293,8.019271850585938,1.8707733154296875,-5.361074447631836,-4.457172870635986,4.156070709228516,-6.681756973266602,-0.5642172398450411,-0.9107464878454945,1.1466944685477556,-0.644403202592206,-0.9423839103290552,0.9353802621985338,-0.2284779270046986,-1.1241981838335526,-1.225105815096741,1.0523661014660044,-0.7241330286143135,-0.3988002822835185,0.8441149728158601,-1.2736722586726832,-0.9121936793619417,-0.7596359193207817,0.8515808596662495,0.8119729970480416,0.4097538210017365,0.6100762991665405,-0.35313563543114457,0.18780489684143878,-0.5131877914001033,-0.3100513200408672,0.9011871289568237,0.4485771344883192,1.0005097172533588,0.206811698028147,-0.8607308289307433,-0.8269847068640814,0.8106617548602223,-0.8292226382776976,-0.3008846098773952,-0.6775085531399441,1.0801649098612502,0.18903342217255034,-0.9914921242665762,0.5146978746464127,0.4789072521529513,-1.2221473398795073,-1.6457707355246283,1.96636799819786,-1.563285182434878,0.20200877069895376,1.6197799571737166,-1.312803103003181,-1.0502974879444629,-0.7590286055216059,1.3515781517679555,1.4412058680114623,-0.051158779399313015,0.9408318865383003,0.5791233470372396,0.2706472166873981,-0.6090132305923086,-0.24102879685338546,1.564238296093003,1.426219971950661,1.3270371427990564,0.18570762881332004,-1.3125220170664136,-0.5762594130940529,1.1221605215736115,-0.2479049674970592
A,masked_angular_velocity,2,conv,252,3,1,252_T3_P1_R1,25,5,1.4360744953155518,-6.219021320343018,6.997420310974121,-3.300421953201294,-7.252318382263184,5.343016147613525,-4.471820831298828,-6.479410648345947,-6.878901481628418,1.7174060344696045,-3.227238893508911,-1.1754076480865479,1.587681770324707,-3.8656437397003174,-7.266997337341309,-5.016046047210693,4.819517612457275,7.073455810546875,2.677525758743286,2.94638991355896,-5.938885688781738,2.2081074714660645,-3.9581844806671143,-1.7827033996582031,3.220823287963867,2.436033248901367,7.6663055419921875,1.7682987451553345,-4.924365997314453,-4.725148677825928,4.1523942947387695,-6.849139213562012,1.2874618768692017,-6.228508472442627,6.896584987640381,-3.322819471359253,-7.242031097412109,5.437801361083984,-4.65905237197876,-6.477448463439941,-6.686646461486816,1.6970916986465454,-2.929887533187866,-1.337357997894287,1.3105919361114502,-3.8264031410217285,-7.190602779388428,-4.912102222442627,4.8249688148498535,6.818861484527588,2.7739970684051514,2.6823325157165527,-6.0755181312561035,2.2419729232788086,-3.97263765335083,-1.6776635646820068,3.011300563812256,2.375582218170166,7.568644046783447,1.6357418298721313,-4.813261985778809,-4.831942081451416,4.2448835372924805,-6.881360054016113,-2.182190948433189,-0.8455996578812897,1.0009996311279274,-0.34600967547735045,-0.6105828517390093,1.1622091217751287,-0.3493291730908447,-1.1313203751880263,-0.8255545131494074,0.6925158785890573,-0.1581290870767047,-1.5277807827735486,0.3129255764754772,-0.8569152140121847,-0.7202742119109631,0.0014373634023991722,0.4708691630221125,0.3644467867423368,0.5320803019416107,0.34752456214097827,-0.43622572084614175,-0.24479274247998872,-0.6560132638060019,-0.39681808268358426,0.24700584540452816,0.2110584966082775,0.7747789864283428,-0.2777117946952056,-0.4078542956796275,-1.1182534286732213,1.108255829313674,-0.6637037620524289,-2.8987202695981282,-0.8675248883578737,0.8135446190606361,-0.4619279392846586,-0.5948787510560349,1.4396575064148631,-0.6872536418258421,-1.1268703757806258,-0.519118540516543,0.6046721358904374,0.30569224637241216,-2.2983888242046278,-0.19112681222629774,-0.6728729246283021,-0.584194869334954,0.3515805424346341,0.492738116167163,0.03505044179126254,0.781429826799331,-0.011636082980299145,-0.7704190400782943,-0.15145046434885567,-0.684572946104069,-0.2386727216681077,-0.22744976987553728,0.01733959135064206,0.6219756882615369,-0.8771724026161092,-0.177695966245005,-1.334248123047189,1.4580471106017563,-0.7437446932444507
A,masked_angular_velocity,2,conv,252,3,2,252_T3_P1_R2,24,5,1.4138920307159424,-6.36591100692749,6.94976806640625,-3.2165298461914062,-7.640110015869141,5.442214012145996,-4.638864517211914,-6.549586296081543,-7.084222316741943,1.896254301071167,-3.369431972503662,-1.2166845798492432,1.6921993494033813,-3.8389511108398438,-7.40851354598999,-5.085577964782715,4.922122001647949,7.282867431640625,2.77400279045105,2.853358268737793,-5.922873497009277,2.485701322555542,-3.7978618144989014,-1.4324216842651367,3.410228729248047,2.5118236541748047,7.69949197769165,1.6725631952285767,-4.943847179412842,-4.9904890060424805,4.344882011413574,-6.834296226501465,1.2506965398788452,-6.325659275054932,6.622811794281006,-3.006394147872925,-7.716620445251465,5.3843841552734375,-4.714005947113037,-6.399033546447754,-6.923182487487793,1.9844974279403687,-3.272860288619995,-1.3408457040786743,1.5721561908721924,-3.679842710494995,-7.142401695251465,-4.935305118560791,4.870187282562256,7.099923133850098,2.865323543548584,2.457828998565674,-5.7088117599487305,2.615299701690674,-3.5178191661834717,-0.9288728833198547,3.412240982055664,2.5754265785217285,7.4930219650268555,1.4150679111480713,-4.696559429168701,-5.13446569442749,4.4176836013793945,-6.507470607757568,-2.289142697331495,-1.1850746520446598,0.9124136721342246,0.0881656399604808,-1.2025588599024937,1.4525763826842635,-0.650817869764788,-1.2904912117947396,-1.1528170803952917,1.46589330146597,-0.3799288185245512,-1.7241887096377357,0.5030530209364626,-0.7317238138562445,-0.9723525484034369,-0.2327874104208699,0.8824716292858144,0.6353848094424218,0.7814445590652529,0.22098640735559644,-0.3970608954315348,0.520326957714309,-0.339215300975344,0.13055708675520034,0.6759080985045223,0.4539336827801539,0.8267032239890144,-0.7106546685854073,-0.4482110335841473,-1.6549162866629359,1.836235681349337,-0.6268317526490932,-3.075982676943709,-1.092049094227766,0.3045976928708408,1.175703097532165,-1.3193562202666782,1.2832985350890005,-0.7864376439119878,-0.9490115778616912,-0.8961352615239739,1.847475180301,-0.22929161009589238,-2.314984247584172,0.2846832120384597,0.014518738248648822,-0.49833623553821277,0.2734214779491052,0.6741334919735323,0.3986905238652573,1.017480905775533,-0.3169965467438093,0.12651787119455643,0.8775315183783311,0.2141501169428232,0.8886868780233691,0.6804633681361757,0.6577527771185392,0.5036576906627562,-1.8751224410100142,0.06406001063610292,-1.9461164876492056,2.1115686386779062,0.18504286529597122
A,masked_angular_velocity,2,conv,651,1,1,651_T1_P1_R1,24,5,1.7486886978149414,-5.869146347045898,6.524801731109619,-3.2365002632141113,-6.992537021636963,4.9704437255859375,-4.188508987426758,-6.073485374450684,-6.549493312835693,1.6808732748031616,-3.339096784591675,-0.8783060312271118,1.5619317293167114,-3.7168049812316895,-6.942991733551025,-4.993795871734619,4.694074630737305,6.903822898864746,2.451543092727661,2.8133623600006104,-5.6881608963012695,2.285585641860962,-3.6515884399414062,-1.5096986293792725,3.204890012741089,2.4490983486175537,7.3006134033203125,1.71579110622406,-4.867715358734131,-4.236324787139893,3.812347412109375,-6.544787406921387,1.5279759168624878,-5.759117603302002,6.166421413421631,-3.1741716861724854,-6.778351783752441,4.900683403015137,-4.208614349365234,-5.9036688804626465,-6.178375244140625,1.601839303970337,-2.997648239135742,-1.0176780223846436,1.2032504081726074,-3.6180362701416016,-6.560858726501465,-4.809020519256592,4.556799411773682,6.448258399963379,2.473724842071533,2.3356993198394775,-5.609371662139893,2.228612184524536,-3.502307891845703,-1.2922683954238892,2.9539682865142822,2.444162607192993,6.938883304595947,1.544586420059204,-4.545683860778809,-4.182138442993164,3.7929396629333496,-6.323428153991699,-0.674935030396438,-0.03701174909246685,0.12239532160736036,-0.015188951392616844,-0.21401804938034585,0.07163790657344567,0.16200786923263724,-0.2106111719558311,-0.30050975592400475,0.5345408032969129,-0.33260975427512035,-0.11408382565024469,0.26608373565874843,-0.15883993300653834,-0.14313323249140197,0.07638848082435803,-0.03235375680439152,0.1449749219634615,-0.05201767543248814,0.16658554021090305,0.17702885736626808,-0.031243404382156902,-0.05017829785867471,0.014210748569819232,0.21092705728156305,0.25292690029018694,0.20261090158004103,-0.5151666650381406,-0.29049943298401126,-0.12958421447665333,-0.17778873731979536,0.09234442937714746,-1.7390916208167795,0.21727452912014153,-0.5438365288395577,0.3073856753876861,0.11294288063087758,-0.13256028715137855,0.12572073791375976,0.17456136710131923,0.2910168773841874,0.19278022769803274,0.19999618806807667,-0.7772567915697259,-0.38639109142182976,0.30440036842536744,0.5375463983833864,0.6988209492259747,-0.5830444320679478,-0.4444375142039726,0.0053160637981884955,-0.48311290027714426,0.3697433088945103,-0.18827617608086925,0.24480103230985692,0.34156816520623634,-0.3572758829873509,0.23710980069879817,-0.3633585958108666,-1.289402736395434,0.37660822901477997,-0.019989357564844948,-0.2511884951558955,0.6422279929879201
A,masked_angular_velocity,2,conv,651,1,2,651_T1_P1_R2,24,5,1.6804006099700928,-5.9815263748168945,6.809780120849609,-3.4098052978515625,-6.958119869232178,5.170614242553711,-4.269587516784668,-6.316370964050293,-6.658692359924316,1.6087255477905273,-3.256239414215088,-0.9185174703598022,1.5300308465957642,-3.814812183380127,-7.179703712463379,-5.055519104003906,4.754128456115723,6.982287406921387,2.4739623069763184,3.0297763347625732,-5.955837249755859,2.141519069671631,-3.944885730743408,-1.865201711654663,3.1059088706970215,2.4008917808532715,7.523618221282959,1.8192436695098877,-5.004716396331787,-4.339334964752197,3.8494198322296143,-6.829580783843994,1.3817901611328125,-6.0404815673828125,6.879299163818359,-3.5145962238311768,-6.880479335784912,5.357184410095215,-4.278409004211426,-6.5617995262146,-6.7496442794799805,1.5744956731796265,-3.2149009704589844,-1.1190450191497803,1.4487764835357666,-3.855872392654419,-7.298067569732666,-5.0685505867004395,4.791811943054199,7.0507493019104,2.4609408378601074,3.0544791221618652,-6.0603437423706055,1.9921455383300781,-4.207492828369141,-2.0555596351623535,3.0352001190185547,2.539585828781128,7.654609680175781,1.7720973491668701,-5.026564598083496,-4.473270416259766,4.026708126068115,-6.913960933685303,-1.004182600958045,-0.29672990391461723,0.6521728613393845,-0.912114787056367,-0.16147931322172127,0.6575652102665293,0.015673390637995454,-0.7615182353676261,-0.4745621579532724,0.2225583576675087,-0.20336533501097298,-0.30542184838684217,0.2080532103987935,-0.6185086142221657,-0.5647808610712222,-0.13153016270503418,0.20855650350593127,0.24649340617474363,0.005929223206036172,0.4609433821295251,-0.47768811642659115,-0.4283274894829997,-0.6297350611767404,-0.5210251724162024,-0.013212492084555227,0.0984453933689329,0.5515283308190404,-0.0473245401592031,-0.5743051370770729,-0.33792659773757033,-0.037583062670659625,-0.6151181621440434,-2.4439199640256115,-0.4329808993592299,0.7814100885680795,-1.454449882319335,-0.04295863528232126,1.2036811290926757,-0.00024803100645767186,-1.3181931781479774,-0.6195308868319656,0.07454117530619561,-0.1388844111601838,-1.2595910349102861,0.06024369280572006,-0.8110864194269392,-0.775618293860268,-0.1754282184512185,0.35972557811984707,0.3350696824626023,-0.02772775955758832,0.4945426715693527,-0.733304705268582,-0.840038347521166,-1.148648143790323,-0.807623055968979,-0.17333018127932315,0.5428992052687296,0.7564793284196064,-0.2605339027109567,-0.6195647742248234,-0.6088175010433878,0.6329148439377347,-0.8247298195593915
A,masked_angular_velocity,2,conv,651,2,1,651_T2_P1_R1,25,5,1.8371193408966064,-6.122641563415527,6.85562801361084,-3.200946092605591,-7.326443672180176,5.195837497711182,-4.193375587463379,-6.433413028717041,-7.057829856872559,1.9048652648925781,-3.83174204826355,-0.8476054072380066,1.9687855243682861,-3.776423931121826,-7.4508233070373535,-5.256634712219238,4.98130464553833,7.656594753265381,2.5110912322998047,3.205986499786377,-5.6889848709106445,2.43800950050354,-3.841573715209961,-1.4989407062530518,3.5733253955841064,2.7454235553741455,7.879312038421631,1.7762666940689087,-5.15035343170166,-4.578896522521973,4.125278472900391,-6.7158074378967285,1.7465194463729858,-6.075222969055176,6.704434394836426,-3.134030342102051,-7.350578308105469,5.138041973114014,-4.165289878845215,-6.334102153778076,-6.918511867523193,1.945627212524414,-3.7823987007141113,-0.9054208993911743,1.873399019241333,-3.7247166633605957,-7.3061370849609375,-5.125204563140869,4.933283805847168,7.48523473739624,2.539721965789795,3.0208511352539062,-5.58493185043335,2.4695816040039062,-3.7311534881591797,-1.30635404586792,3.497478485107422,2.747957944869995,7.763845920562744,1.6464014053344727,-5.084022521972656,-4.605843544006348,4.095276832580566,-6.582139492034912,-0.2485704217105802,-0.6228599100805875,0.737405603977721,0.16881736762642494,-0.7237370956107363,0.7313955256209816,0.15322421805040914,-1.026989579242715,-1.1107496707395241,1.5031290744014452,-1.101059829971632,0.03199848362403808,1.0061894659140278,-0.4384622081797816,-1.0477165072217194,-0.8090067865245547,1.119888279170087,1.118916912699935,0.10189687666219979,0.7006170891736686,0.1750154421080872,0.3888753576832684,-0.4255899985257427,0.030407743670551574,1.0452332608824315,1.2025184641776079,1.1080536873588482,-0.24167833921921145,-0.8760014518497441,-0.8224516198542002,1.005704570647708,-0.33249038376207657,-0.6853936667344167,-0.5132704136673366,0.4563337351516248,0.5151340520006715,-0.7605802333944928,0.5622212672841893,0.2039147072833935,-0.8017366454552104,-0.8886892198177423,1.6793928293019942,-1.0240918374357935,-0.24310467626202792,0.8326721017959651,-0.19594627262848185,-0.7899934396473569,-0.36627339541625376,0.9272509434455142,0.897209454873608,0.1758988181731908,0.4488034157199161,0.4295213906095817,0.4758957933794422,-0.20739911576197043,0.32036114634620205,0.873481478522088,1.2106410233758818,0.9273924202868518,-0.8289654805269283,-0.738592915446686,-0.8769532448939096,0.892240551076911,-0.0004420639809730176
A,masked_angular_velocity,2,conv,651,2,2,651_T2_P1_R2,26,5,1.855284333229065,-6.164540767669678,6.847048282623291,-3.2182300090789795,-7.404945373535156,5.234382629394531,-4.313925266265869,-6.420963287353516,-7.048495292663574,1.8992351293563843,-3.7478408813476562,-0.8737238049507141,1.9255735874176025,-3.776963710784912,-7.446157932281494,-5.278930187225342,4.973443984985352,7.606850624084473,2.5526299476623535,3.1344733238220215,-5.744477272033691,2.498326301574707,-3.7831625938415527,-1.4298919439315796,3.5637366771698,2.6974730491638184,7.823739051818848,1.781981110572815,-5.096205234527588,-4.627472877502441,4.138561248779297,-6.75234842300415,1.7219429016113281,-6.005837917327881,6.504946708679199,-3.1653122901916504,-7.155168056488037,5.109970569610596,-4.3146653175354,-6.200036525726318,-6.652996063232422,1.783827781677246,-3.4260826110839844,-0.958696186542511,1.5854195356369019,-3.655545711517334,-7.0463361740112305,-5.100462436676025,4.831078052520752,7.148120880126953,2.543161153793335,2.7420156002044678,-5.636272430419922,2.4356842041015625,-3.6397171020507812,-1.2796962261199951,3.331324815750122,2.652665615081787,7.474173069000244,1.66059148311615,-4.811053276062012,-4.507090091705322,4.04782247543335,-6.51589822769165,-0.1609883682734062,-0.7196919813856109,0.7214549569493857,0.07936542902293078,-0.8435734604086799,0.8442233860103705,-0.06435043483804129,-0.9987511700781824,-1.0958704991992037,1.4787828440487683,-0.9701871933511619,-0.0922802394132614,0.9275826467911878,-0.4409931797896164,-1.0394065557144543,-0.884111741569636,1.0883537711053282,1.054556721868169,0.20926148369329725,0.60334789333884,0.03928340254362548,0.5551241181051738,-0.3101691788434225,0.1343658664987433,1.0235208932407656,1.0488582265474942,1.0211026642321053,-0.2158366805640104,-0.7638297668250782,-0.9206992842481867,1.0559404276548605,-0.42326170399407087,-0.8038891308878766,-0.3529155336923082,0.08548577593165682,0.35323642843365993,-0.4622809077554467,0.4800515596749325,-0.06568518565533932,-0.4976520487470982,-0.4654825671743147,0.9797371870402103,-0.4682946839076318,-0.4966038978410473,0.30881048475193273,0.12847603945665437,-0.32721811638356496,-0.2829254433725842,0.5172438186243745,0.4610491155344862,0.1847878467433517,0.06954253982756824,0.30394543182758016,0.38246636726729716,-0.026720110090437843,0.36049647302597354,0.4972329118439644,0.9052706111785737,0.4741659288366956,-0.7647944569915822,-0.17312108377122576,-0.6772193781046967,0.7127690586851465,0.16410713210918312
A,masked_angular_velocity,2,conv,651,3,1,651_T3_P1_R1,24,5,1.7854690551757812,-6.070693016052246,6.752466678619385,-3.294856309890747,-7.240048885345459,5.135380744934082,-4.336497783660889,-6.217860221862793,-6.7080512046813965,1.7308311462402344,-3.3589863777160645,-0.9252519607543945,1.5999363660812378,-3.8181934356689453,-7.200345039367676,-5.078308582305908,4.806341648101807,7.04587459564209,2.5587236881256104,2.878169059753418,-5.884316444396973,2.3855831623077393,-3.719602108001709,-1.5477755069732666,3.228872299194336,2.409825325012207,7.467710971832275,1.7781606912612915,-4.988329887390137,-4.452018737792969,3.968378782272339,-6.799818515777588,1.7273948192596436,-5.985311031341553,6.59707498550415,-3.272230625152588,-7.134249687194824,5.071678161621094,-4.2965006828308105,-6.096297264099121,-6.527531623840332,1.6987930536270142,-3.2325267791748047,-0.9550986289978027,1.4707331657409668,-3.7772934436798096,-7.053139686584473,-4.963238716125488,4.74407434463501,6.831917762756348,2.530500888824463,2.6892826557159424,-5.851567268371582,2.3625307083129883,-3.6491951942443848,-1.463391661643982,3.077714443206787,2.360769510269165,7.284244537353516,1.717184066772461,-4.895750045776367,-4.37708044052124,3.929694414138794,-6.711199760437012,-0.4975998753531587,-0.5028010999244182,0.5456276271331616,-0.3172066291089038,-0.591853426086967,0.5544311038089175,-0.10509072739553527,-0.5380788844096179,-0.5532347830421347,0.75056870897615,-0.3636343777128055,-0.33746642293608653,0.3352178155660857,-0.634366637567334,-0.6015482885237218,-0.20829929534704034,0.4180123910955138,0.3287624294801119,0.22501225703161687,0.2547330488521507,-0.3027532719324276,0.2443751835034797,-0.18457399198207308,-0.043116485490745426,0.2652331398572348,0.1270737726902073,0.4640547554081989,-0.23311272129282057,-0.5403591012085572,-0.5658346326957436,0.41231559874250295,-0.5411849874246843,-0.7776022500804848,-0.3054775704309482,0.25675233680845766,-0.20010748930871602,-0.4303468707477114,0.36796495784518524,-0.03290223387120718,-0.2623525424342914,-0.26550470313069874,0.6120291564208393,-0.16637747739547612,-0.4794860528387496,0.10018505143913899,-0.4425396134496925,-0.3393368151298146,0.1793234179090228,0.16822224564152413,0.05194385919129183,0.15206471515496606,-0.0021829735296299392,-0.22265078627920182,0.18083680297461896,-0.045448581551512914,0.08392935552463542,-0.07705797554584667,-0.030128791065851,0.1770007067127264,-0.5088660708058408,-0.34857534377492255,-0.41426857851158766,0.26601354248335374,-0.321046004874164
A,masked_angular_velocity,2,conv,651,3,2,651_T3_P1_R2,24,5,1.7153167724609375,-6.103420734405518,6.71437931060791,-3.3271427154541016,-7.254873752593994,5.188895225524902,-4.4411139488220215,-6.244307518005371,-6.6826300621032715,1.702726125717163,-3.2552990913391113,-0.9916016459465027,1.493211030960083,-3.8026702404022217,-7.159982204437256,-5.095158576965332,4.801326751708984,6.971893310546875,2.5960123538970947,2.7787976264953613,-5.934493064880371,2.3994028568267822,-3.7173995971679688,-1.5246554613113403,3.2027029991149902,2.417694568634033,7.423905849456787,1.7499765157699585,-4.913744926452637,-4.506904125213623,4.001675605773926,-6.813536167144775,1.6503093242645264,-6.054063320159912,6.599404811859131,-3.234370470046997,-7.2322587966918945,5.109823226928711,-4.313815593719482,-6.1807756423950195,-6.632803440093994,1.7701351642608643,-3.3273379802703857,-1.004966378211975,1.5095518827438354,-3.761107921600342,-7.055124759674072,-5.022308349609375,4.768433570861816,6.941734313964844,2.5863046646118164,2.6997978687286377,-5.7702412605285645,2.3940672874450684,-3.6515488624572754,-1.3825689554214478,3.202751636505127,2.505220413208008,7.401148796081543,1.6511809825897217,-4.877444267272949,-4.495869159698486,3.9859089851379395,-6.660545349121094,-0.8358354840828728,-0.5784372120355643,0.4748226863674714,-0.48430229518491136,-0.6144833425155852,0.7110758633131244,-0.29390712664570484,-0.5980665898856021,-0.5127157148157919,0.6290372799265467,-0.20189853052503662,-0.6531780324921952,0.14107450549492645,-0.5615615730207928,-0.5296527465234679,-0.26506063978918804,0.39789363849733117,0.23304394284001403,0.32139203685284945,0.11957185190169602,-0.4254802333563898,0.28246519481645305,-0.1802213979258794,-0.008307749142504739,0.2059734158932133,0.1522915310319887,0.39551657268388385,-0.3605691646795842,-0.38585229563789303,-0.6768439754871975,0.5382421431610339,-0.5752610448070252,-1.1492662545188013,-0.4643685415812466,0.26108421795962666,-0.004167666972240258,-0.5799602835382317,0.4796194298601213,-0.0641527636910835,-0.45396411875477316,-0.4332983686560178,0.9205277084842474,-0.3142686097354324,-0.7167709181893269,0.17080008210051545,-0.36662659946447074,-0.3428717399564972,-0.019658148059543135,0.2659409100726105,0.19402444128213664,0.2963007058423336,0.012119271309841672,-0.023733486955873295,0.2677593404725787,-0.05009944085571664,0.2056140650007785,0.2060834327460844,0.4327738905254452,0.35991071806601316,-0.8073511979268977,-0.3106530312831568,-0.6545247106301628,0.47861457122156914,-0.19521175828594192
A,masked_angular_velocity,2,conv,671,1,1,671_T1_P1_R1,26,5,1.8346694707870483,-6.180331707000732,7.091443061828613,-3.4188640117645264,-7.4038286209106445,5.236168384552002,-4.277060508728027,-6.465662956237793,-7.049827575683594,1.762807846069336,-3.6148693561553955,-0.8639906048774719,1.8512136936187744,-3.9621176719665527,-7.484292030334473,-5.214446067810059,4.869203090667725,7.358159065246582,2.5163350105285645,3.2782142162323,-5.974806785583496,2.2957584857940674,-3.920590877532959,-1.8420759439468384,3.4015450477600098,2.472012519836426,7.754754543304443,1.9603431224822998,-5.2748308181762695,-4.48227596282959,3.9343581199645996,-7.031250953674316,1.7371898889541626,-5.923512935638428,6.663553714752197,-3.3275210857391357,-7.020320415496826,5.059343338012695,-4.181031703948975,-6.179959774017334,-6.572760105133057,1.63467276096344,-3.283339738845825,-0.8587328791618347,1.5261667966842651,-3.778991937637329,-7.117300510406494,-4.981627464294434,4.700810432434082,6.883031368255615,2.4238429069519043,2.9147884845733643,-5.875619888305664,2.2040443420410156,-3.751704454421997,-1.696736216545105,3.0867583751678467,2.3755524158477783,7.300886631011963,1.8539419174194336,-4.987115383148193,-4.269616603851318,3.800041913986206,-6.7800774574279785,-0.2603824599421027,-0.7561854425017479,1.1757884501119822,-0.9589965607996975,-0.8418666354879552,0.8494495573175964,0.0021854956940973837,-1.1001393063936256,-1.0979938800255864,0.8888421193892914,-0.7627720257377925,-0.045966942178840856,0.7923149717821946,-1.3093933312138415,-1.1073338004182671,-0.6668915896720595,0.6701852702567181,0.732798467861614,0.11545055632174839,0.7988588723903135,-0.5240867959575384,-0.003204471895090988,-0.5817284500252872,-0.4862075813751122,0.6562428537489455,0.3263565895174549,0.9131689111805658,0.5907679430155157,-1.133862866546213,-0.6270310651894562,0.2836511685678051,-1.1160913702539772,-0.7303760793591915,-0.16265653608111943,0.3803379476876833,-0.4862607177938301,-0.25642997990823213,0.3318601582231127,0.17550287884936103,-0.45211347788885153,-0.33759467911144436,0.33475998463678985,-0.2456379799574818,-0.020949050349092956,0.20102413851292314,-0.45050715097871114,-0.4536243373688155,0.11737962704268323,-0.005333384024232964,0.11807484603157233,-0.12361412555620876,0.30454144333056204,-0.28148089076677846,-0.25599196446767514,-0.2480075906245046,-0.26738790043677557,-0.05657842467620078,0.01724421532125502,0.20303974135321404,0.10959086147566695,-0.5378433834051689,-0.19691880526007302,-0.22432756837778892,-0.492145613115394
A,masked_angular_velocity,2,conv,671,1,2,671_T1_P1_R2,24,5,1.8877792358398438,-6.2646684646606445,7.248687744140625,-3.445674419403076,-7.489083290100098,5.309901714324951,-4.272006988525391,-6.582716464996338,-7.222740173339844,1.7911838293075562,-3.7756600379943848,-0.8393725156784058,2.0003557205200195,-4.016406059265137,-7.657439231872559,-5.329131126403809,4.961047172546387,7.613285064697266,2.542910099029541,3.468608856201172,-6.007594108581543,2.3062057495117188,-4.028628349304199,-1.922850251197815,3.5233001708984375,2.5263664722442627,7.9831438064575195,1.983618140220642,-5.3912482261657715,-4.5576677322387695,4.002835273742676,-7.1043853759765625,1.772741675376892,-5.998472690582275,6.865383148193359,-3.3888134956359863,-7.044642448425293,5.15387487411499,-4.146605491638184,-6.357016563415527,-6.813312530517578,1.6297674179077148,-3.4824211597442627,-0.8302051424980164,1.7289950847625732,-3.8496341705322266,-7.3083038330078125,-5.109012603759766,4.814211845397949,7.220349311828613,2.389589309692383,3.2005512714385986,-5.873808860778809,2.1372110843658447,-3.9423961639404297,-1.8959338665008545,3.2517833709716797,2.4681954383850098,7.579672336578369,1.9401382207870483,-5.135688304901123,-4.302863121032715,3.8632454872131348,-6.808540344238281,-0.004315240693917544,-0.9510937171226791,1.4681084109370068,-1.0977522189688886,-0.9720120850869461,1.0652783147123324,0.011306277987219471,-1.3656362474762136,-1.373600232798058,1.0115460907688045,-1.0135808882501784,0.07117313174060445,1.0636181649450533,-1.5640165130268027,-1.4157549439850214,-1.0532171078097177,1.0386239381437123,1.062882228917513,0.18413896766501803,1.0578256844053262,-0.6042829169106503,0.025591183695365182,-0.7952105571491062,-0.6078193550355568,0.9319531637887302,0.5005364914386802,1.270510136916498,0.6960240410873746,-1.3750290760069777,-0.7795158182254073,0.5426285558336268,-1.2977673868788562,-0.5589642951029294,-0.33589500388354876,0.7555398900962891,-0.8034715545485106,-0.2935584630411709,0.6085652358473036,0.23763659670821027,-0.853710116646561,-0.7210118393165177,0.31354743111910915,-0.5561740327292475,0.11479418197587259,0.569988011286327,-0.7818277591139956,-0.793853334976872,-0.31172871662514295,0.4495839012397811,0.5544992748310504,-0.21214968245106122,0.693224264647761,-0.2770526428123597,-0.44020128587902885,-0.6248154343326415,-0.5672947182660956,0.31711426980875973,0.3141247856546302,0.6392310428367886,0.4993950845693565,-0.8456218928386084,-0.2641617322238904,0.014704040518345552,-0.5628507381836243
A,masked_angular_velocity,2,conv,671,2,1,671_T2_P1_R1,24,5,2.1628525257110596,-6.017754077911377,6.821247100830078,-3.155714511871338,-7.15551233291626,4.943877696990967,-4.106673717498779,-6.170115947723389,-6.816779136657715,1.811687707901001,-3.720005512237549,-0.6471691727638245,1.9554189443588257,-3.7801175117492676,-7.155587196350098,-5.215402126312256,4.876132488250732,7.4120917320251465,2.488882303237915,3.2289137840270996,-5.554553508758545,2.3734219074249268,-3.7110302448272705,-1.512495994567871,3.5567424297332764,2.604391574859619,7.767401695251465,1.9158128499984741,-5.081502914428711,-4.277963161468506,3.7907307147979736,-6.59082555770874,2.0539252758026123,-5.828221797943115,6.489210605621338,-2.962275266647339,-7.0049285888671875,4.71978235244751,-3.8472023010253906,-5.97572660446167,-6.6620588302612305,1.9193309545516968,-3.818007707595825,-0.6235958337783813,1.9696232080459595,-3.6430256366729736,-6.895625114440918,-5.028602123260498,4.781233310699463,7.308465003967285,2.4235286712646484,3.024304151535034,-5.236384391784668,2.3692169189453125,-3.5391101837158203,-1.2290798425674438,3.5331382751464844,2.718710422515869,7.605093955993652,1.7142302989959717,-4.9623541831970215,-4.166055202484131,3.7452235221862793,-6.253011226654053,1.3219379144831378,-0.3804553864147676,0.6734902777443821,0.40291068935083363,-0.4628055472023097,-0.006124258374594316,0.3097080099011592,-0.4297863915454846,-0.7265376200578746,1.1002089772884895,-0.926768156409951,0.9857336931197918,0.9818743190592428,-0.455784558055079,-0.5218238566018817,-0.6701103040842338,0.6979840257114445,0.802576657238095,0.044492784435233704,0.7318021473505512,0.5038238993508972,0.21085580724732883,-0.16763515755029304,0.009999260250046238,1.0076817157899618,0.7505726448750266,0.9329568003738296,0.3893888712371643,-0.7333733473386468,-0.2137992987180133,-0.25954236523227314,-0.022020539085791623,0.7967516144182352,0.057569834485816686,0.05623059723480021,1.4040358695632893,-0.23293423672739996,-0.6620828943206369,0.7780157777669722,0.011121798931941962,-0.47992911933760096,1.5656816024097953,-1.0796366317732335,1.0979027338575937,1.007713133079059,0.18719732331800046,-0.05876105420482083,-0.040859276984722095,0.31728715695247506,0.6685032523675087,-0.12442643377690352,0.45350013599805755,1.2820435627201365,0.1992660873905212,0.17207972134417934,0.43670321593803685,0.954231649380197,1.1169143244067927,0.6790070509002893,-0.5222243868515279,-0.48654962673007995,0.012539845841409403,-0.4316487808924657,0.817152899782618
A,masked_angular_velocity,2,conv,671,2,2,671_T2_P1_R2,27,5,2.0143227577209473,-6.147259712219238,7.067713737487793,-3.223423719406128,-7.230578422546387,5.131560802459717,-4.159090042114258,-6.423902988433838,-7.022238254547119,1.8343572616577148,-3.8072762489318848,-0.7426079511642456,2.0390257835388184,-3.8438363075256348,-7.37777853012085,-5.286649703979492,4.953081130981445,7.631411075592041,2.5601806640625,3.430724620819092,-5.65993595123291,2.28275728225708,-3.930100917816162,-1.6938616037368774,3.619962692260742,2.6842446327209473,8.06873607635498,1.8933250904083252,-5.185330390930176,-4.474278926849365,3.902996063232422,-6.722403049468994,2.043971300125122,-5.863271713256836,6.724948883056641,-3.088970422744751,-6.8504133224487305,4.862734317779541,-3.8432374000549316,-6.180725574493408,-6.737035274505615,1.8087193965911865,-3.7733333110809326,-0.59905606508255,2.00846791267395,-3.7113521099090576,-7.069404602050781,-5.111732006072998,4.831945896148682,7.469000816345215,2.396977663040161,3.328512668609619,-5.371711254119873,2.1621804237365723,-3.8359272480010986,-1.6347033977508545,3.4999492168426514,2.7257258892059326,7.811464786529541,1.853533387184143,-5.0401411056518555,-4.149047374725342,3.7289376258850098,-6.405247688293457,0.6058094183611207,-0.6797529543657364,1.1316748177163638,0.05248698163188337,-0.5773968074879862,0.5432502170855628,0.21510433094668752,-1.005419178511108,-1.0540192731026945,1.198238000799777,-1.0628971352029961,0.5316076298798793,1.133962746403196,-0.7546354230549323,-0.917605907651172,-0.9101144054213949,1.006666969935335,1.0863332886826371,0.22877837019070194,1.0062973691773676,0.24606566634639293,-0.039038979116766646,-0.6005198367016964,-0.263060081725469,1.1508411334410098,1.0064666361374237,1.404430389356,0.28769286762879986,-0.9484578996647788,-0.6108574104163256,0.16504017705586466,-0.34887489786265413,0.7487574459592072,-0.02343488369706407,0.4944723373092993,0.7483383153885004,0.002937980902432624,-0.24364249423067957,0.7851718423703571,-0.4538509885843708,-0.5994331865108233,1.0873742326180917,-1.0099513179103807,1.2146700075746881,1.078375264194623,-0.13326492625587055,-0.3683081138258875,-0.32088926198920814,0.5207252313534452,0.8762062609221657,-0.19305274652409318,0.8672724626836328,0.9510432247087557,-0.37137860751446794,-0.4144322684457899,-0.17399295816673627,0.8790755960496565,1.1393967338803448,1.0018981830078206,0.10774396471062722,-0.6476897221339721,0.04693810582496109,-0.4932426894349424,0.4389780616717454
A,masked_angular_velocity,2,conv,671,3,1,671_T3_P1_R1,27,5,2.066478967666626,-6.6645331382751465,7.715953826904297,-3.3057703971862793,-8.123734474182129,5.455765724182129,-4.396894931793213,-6.8007707595825195,-7.746347904205322,2.0466458797454834,-4.372466564178467,-0.9511162042617798,2.515505790710449,-4.150270462036133,-7.977972984313965,-5.608580112457275,5.217819690704346,8.316173553466797,2.8428683280944824,3.7314116954803467,-5.821298122406006,2.5484766960144043,-3.984562397003174,-1.5633283853530884,4.121771812438965,2.796854257583618,8.684544563293457,1.9519466161727905,-5.586892604827881,-5.042525291442871,4.303586959838867,-7.085683345794678,2.0561163425445557,-6.704322814941406,7.432262420654297,-3.2753520011901855,-8.243696212768555,5.470066070556641,-4.586394309997559,-6.692072868347168,-7.597816467285156,2.0714738368988037,-4.199524402618408,-0.9436147809028625,2.3038628101348877,-4.023292064666748,-7.849428653717041,-5.600520610809326,5.158372402191162,8.134622573852539,2.9334583282470703,3.3958725929260254,-5.8540263175964355,2.7063918113708496,-3.7226874828338623,-1.1676383018493652,4.068535804748535,2.7786357402801514,8.42640209197998,1.825501799583435,-5.38169002532959,-5.138210296630859,4.263781547546387,-6.988507270812988,0.8572766052125402,-1.875213476815043,2.336759435969385,-0.3736898738771619,-1.9408282624707642,1.4922409254321594,-0.2140977411093074,-1.8602228213968446,-2.208180964687151,2.116219419764566,-1.944506324333752,-0.46053634658594644,2.000724628281955,-2.1918594527491715,-1.9867117484065553,-1.9945646226139015,2.0686836446965193,1.9722842946954322,0.9594414322002072,1.4152796236458611,-0.14861447126284186,0.6933520518666217,-0.7081356164567492,-0.06653266675926894,2.2871673531761503,1.3673311255228726,2.367933865139345,0.5527961137560886,-1.7803188943476624,-1.7601622935195187,1.6800615828563985,-1.2513083825339588,0.8073143709105196,-1.967172114597646,1.8093755557596842,-0.21626386196022157,-2.123952010867661,1.5341013198557962,-0.5561177037079431,-1.6136772861845867,-1.9714364079100037,2.2235806890067265,-1.6747430223283448,-0.4248422259046675,1.6157262171168303,-1.5963131185107886,-1.757739289101544,-1.9674168974756394,1.8302081297801802,1.7373916266294902,1.1935891226085231,0.9588930122941433,-0.22866638291302538,1.128605497863508,-0.1906698730836464,0.5292078139491475,2.1666174400053015,1.3089491334740735,1.9640408002099434,-0.019023591951128065,-1.3552292670386628,-1.953690120931722,1.5295190340013805,-1.009910800236342
A,masked_angular_velocity,2,conv,671,3,2,671_T3_P1_R2,28,5,1.920545220375061,-6.6396379470825195,7.3008222579956055,-3.0534157752990723,-8.181867599487305,5.402432918548584,-4.587501525878906,-6.542222499847412,-7.3550310134887695,2.140794277191162,-4.019301414489746,-1.110812783241272,2.1591925621032715,-3.965712308883667,-7.647364616394043,-5.372012615203857,5.138741970062256,7.84658670425415,3.0029234886169434,3.0938429832458496,-5.736660957336426,2.7930192947387695,-3.6221439838409424,-0.9639548063278198,3.9292197227478027,2.744687080383301,8.299727439880371,1.6626389026641846,-5.238569736480713,-5.232206344604492,4.410704612731934,-6.867358207702637,1.9029690027236938,-6.249792098999023,6.897751808166504,-3.0393624305725098,-7.5771636962890625,5.118223190307617,-4.322821140289307,-6.2282257080078125,-6.8498215675354,1.9291841983795166,-3.710343599319458,-0.9911548495292664,1.877382516860962,-3.783590793609619,-7.238210201263428,-5.129261016845703,4.897729873657227,7.360759735107422,2.7791407108306885,2.949958324432373,-5.577945709228516,2.5375771522521973,-3.569817066192627,-1.0859489440917969,3.5976569652557373,2.6384482383728027,7.853421211242676,1.652069330215454,-5.0264153480529785,-4.775503635406494,4.0741376876831055,-6.599610805511475,0.15366422685546305,-1.8176782109538123,1.5650265849270482,0.9323466924972793,-2.0295709527234593,1.3361288956203683,-0.5581157704660363,-1.2737882980183848,-1.5844590934440212,2.5233363470667327,-1.3936230792085673,-1.2204190637284658,1.3525578853630893,-1.3262530110292396,-1.3978109606975881,-1.197667757132886,1.7514598129594805,1.3647288177110006,1.3731365511790128,0.5480843235698935,0.05840108880922825,1.3673731485263851,0.008004216908921169,0.8358684561755485,1.8511419827342035,1.2001592741489415,1.765842655916824,-0.7555362947723455,-1.05874624896139,-2.1438017807741403,2.08517407402565,-0.7089618954829062,0.06892138835908954,-0.9167137236011149,0.8157141054176327,1.0050797297204546,-1.1064701619276085,0.504207839645782,-0.08040559352089997,-0.5615887650708977,-0.7792043615244395,1.6082894321570407,-0.9116974151661523,-0.6510518095761839,0.8399185457062526,-0.47207559219681283,-0.6689967119669686,-0.37993695198032246,0.7846224373822429,0.7361629227559151,0.7947242383570525,0.3523775095289846,0.4466083069157915,0.6633090105914039,0.11140240226870723,0.6521972233801069,1.1003314313256356,0.8597098512200795,1.0675431968595022,-0.8033339454344948,-0.6192551986823778,-1.220098530529009,0.8122918392088211,-0.04384440787065187
A,masked_angular_velocity,2,conv,790,1,1,790_T1_P1_R1,25,5,1.9476816654205322,-6.261844635009766,7.23218297958374,-3.3969712257385254,-7.359433174133301,5.290720462799072,-4.3042449951171875,-6.546708106994629,-7.12023401260376,1.7463810443878174,-3.7299304008483887,-0.9088120460510254,1.9229393005371094,-3.9704983234405518,-7.5603532791137695,-5.346778869628906,5.0125932693481445,7.6134209632873535,2.582547426223755,3.404845714569092,-5.924868583679199,2.2996437549591064,-4.0809173583984375,-1.9003896713256836,3.537604570388794,2.6133646965026855,8.061456680297852,1.9955520629882812,-5.298079967498779,-4.560433864593506,4.082818031311035,-6.996737480163574,1.8090534210205078,-6.382905006408691,7.207669258117676,-3.3642818927764893,-7.561099052429199,5.411528587341309,-4.325362205505371,-6.641117095947266,-7.257950782775879,1.8618834018707275,-3.833644151687622,-1.027035117149353,1.9694433212280273,-3.987736225128174,-7.665637016296387,-5.376351833343506,5.079018592834473,7.768612861633301,2.6644866466522217,3.286562442779541,-5.916402339935303,2.3657655715942383,-4.060518264770508,-1.6941455602645874,3.5663719177246094,2.731811285018921,8.146379470825195,1.8679174184799194,-5.297930717468262,-4.7871503829956055,4.26275634765625,-6.985384941101074,0.2845012485023201,-0.9445676966571315,1.4374247382172534,-0.8456919130958536,-0.7740969836871343,1.0091321729365692,-0.04687926918021716,-1.2839630122901013,-1.2102150052821603,0.8178096659241885,-0.9422499831219076,-0.25924039535453575,0.9227905055038278,-1.3486987442504925,-1.2428195098241255,-1.1126641840554599,1.2454047480891575,1.0630571092319627,0.28659000629798204,0.9710980224313117,-0.40194180295639115,0.007504344265989582,-0.8985341286178906,-0.5740031081805144,0.9643452015121106,0.7793279523552802,1.3930405665574948,0.7499921962637313,-1.1820254905571292,-0.7851108019821286,0.8451190311417347,-1.0303570479102215,-0.3838888593125652,-1.2243472645414744,1.3918532347886807,-0.6765119511098707,-1.0819469528193002,1.3627529153670754,-0.08499287620868858,-1.498099350948094,-1.42972254716265,1.3172661750903356,-1.1040265250958539,-0.8217806706977555,1.0073860321347836,-1.4295487963380549,-1.4303577531551324,-1.2122837323520108,1.511873488426365,1.2638459919599443,0.49837817718405014,0.8102131744216639,-0.3812333340598476,0.18975303700226936,-0.8582251591607253,-0.26348743494470495,1.0294875822411764,1.1588976046322954,1.525912632102962,0.17279264023041058,-1.1817168181432602,-1.2436548157260183,1.5256399632651463,-1.0021557282014268
A,masked_angular_velocity,2,conv,790,1,2,790_T1_P1_R2,26,5,1.953589677810669,-6.488030910491943,7.461244106292725,-3.4303412437438965,-7.744943141937256,5.4727983474731445,-4.474007606506348,-6.723053932189941,-7.4310102462768555,1.8589966297149658,-3.8491504192352295,-0.9786702394485474,2.0815505981445312,-4.090846538543701,-7.815598487854004,-5.491349697113037,5.114428520202637,7.8685431480407715,2.725966691970825,3.48246693611145,-6.069690227508545,2.4401957988739014,-4.108132362365723,-1.848300576210022,3.687695264816284,2.6147358417510986,8.27161979675293,1.9923826456069946,-5.411938667297363,-4.827164173126221,4.257540225982666,-7.216269493103027,2.034398317337036,-6.524439334869385,7.744543552398682,-3.4498519897460938,-7.8416547775268555,5.4972968101501465,-4.16904878616333,-6.939703941345215,-7.816037178039551,1.9705889225006104,-4.390347957611084,-0.9175955653190613,2.520852565765381,-4.212250709533691,-8.16224193572998,-5.622612953186035,5.258818626403809,8.452163696289062,2.6220946311950684,3.9640698432922363,-5.943958759307861,2.3492884635925293,-4.35330867767334,-2.0457282066345215,3.9590275287628174,2.8538050651550293,8.711835861206055,2.085622787475586,-5.768502235412598,-4.812797546386719,4.344967842102051,-7.272067070007324,0.31298633254651415,-1.4673032959841148,1.8632518706410928,-1.018395835708663,-1.3625912223304912,1.5420985588270284,-0.35327552828151604,-1.683947119679711,-1.705563200686657,1.3047826020279487,-1.1282142377994968,-0.5916463562970773,1.211319485735779,-1.9131523529030432,-1.6974794937979543,-1.5996643221514675,1.6539236646118265,1.3931371155017884,0.6572856806565677,1.0766749573460639,-0.7561653453912629,0.39490204072278445,-0.9523107843314419,-0.4955791419742376,1.304219149495526,0.7837223285985719,1.7218643392406534,0.7356591366350823,-1.4178896668632088,-1.3245846789508526,1.5059116927241145,-1.5757006953224002,0.702602287799278,-1.5514455913680183,2.3899093266128957,-1.1193722217179456,-1.5102243820860106,1.6138091716273137,0.19713017281702377,-2.175346518604221,-2.319258443561054,1.7873321560485294,-1.9723980798648086,-0.301035335001802,2.010450966247819,-2.4825570828337162,-2.31494444934604,-2.0418375342423674,2.2331560207906813,2.148228990671398,0.38880783266840935,1.7317319909994011,-0.44863348858141866,0.14433821652812337,-1.4367805613679518,-0.7928208298989403,1.9186405370117434,1.5498338384665598,2.4106340028234934,1.1573175143930814,-2.156533257701019,-1.2955272116265348,1.836560737618555,-1.7143094301282091
A,masked_angular_velocity,2,conv,790,2,1,790_T2_P1_R1,25,5,1.8763067722320557,-6.142654895782471,7.240413665771484,-3.444230318069458,-7.194368839263916,5.2050065994262695,-4.078660011291504,-6.629308223724365,-7.273100852966309,1.7652963399887085,-3.8613479137420654,-0.8531508445739746,2.06477952003479,-3.9949898719787598,-7.589601039886475,-5.339621067047119,4.985770225524902,7.743165493011475,2.408451557159424,3.6281802654266357,-5.827765941619873,2.1329185962677,-4.25900936126709,-2.200899124145508,3.5684475898742676,2.719128131866455,8.10236930847168,2.071026563644409,-5.383986949920654,-4.373866081237793,4.025400638580322,-6.998354911804199,1.8438830375671387,-6.165944576263428,7.286401748657227,-3.4760193824768066,-7.237277030944824,5.246081829071045,-3.9760124683380127,-6.751631259918213,-7.452784538269043,1.8338576555252075,-4.063736915588379,-0.844903290271759,2.2019007205963135,-4.029803276062012,-7.737760543823242,-5.4096198081970215,5.052717208862305,7.985709190368652,2.3522861003875732,3.7648494243621826,-5.8024492263793945,2.1152143478393555,-4.359928131103516,-2.2520666122436523,3.6495542526245117,2.8396778106689453,8.246732711791992,2.0714807510375977,-5.502603530883789,-4.400086879730225,4.093396186828613,-7.022467136383057,-0.05962918556852903,-0.6691107230705466,1.4527264933173183,-1.0902782337719386,-0.5221213106211412,0.7582342446378265,0.36026873078855454,-1.4713142164023565,-1.4538709228360784,0.8996036591500726,-1.147240589366115,0.005611609647608829,1.1808111835759563,-1.4635677026540947,-1.294916925077339,-1.088553170182512,1.1378027081664361,1.2309225432045063,-0.16339700686509975,1.274868530674902,-0.16443487593074577,-0.45203242014730244,-1.250444902302106,-1.0264422578710393,1.0341876522542206,1.118253819708334,1.4570525339113796,1.091309579732947,-1.3599868778240076,-0.40776861531475284,0.6279708115191424,-1.0343746266967855,-0.21595941773965854,-0.7229358457854043,1.5382187035758874,-1.254799558042954,-0.5876220212084996,0.878467851359766,0.5455325588030138,-1.7487650384511442,-1.7402690383238006,1.196077329646919,-1.4629356096827162,0.04485622096165709,1.430247523512549,-1.6268511337452713,-1.558829184618983,-1.3243493435735583,1.406364493511535,1.544727620342302,-0.3085672275691391,1.4607603649369039,-0.10251111767322793,-0.5008300114120923,-1.449861338719134,-1.10347869434881,1.217850685635859,1.5045629121268744,1.6829273387780117,1.093362992723184,-1.6057085275640397,-0.4608008058739298,0.8851258105630289,-1.0942718170812213
A,masked_angular_velocity,2,conv,790,2,2,790_T2_P1_R2,26,5,1.925971269607544,-6.264303207397461,7.343120574951172,-3.4872946739196777,-7.330140113830566,5.288126468658447,-4.237062454223633,-6.645814418792725,-7.242445468902588,1.7284921407699585,-3.793682098388672,-0.8926693797111511,1.9802697896957397,-4.034937858581543,-7.612342834472656,-5.401355743408203,4.989502906799316,7.668540954589844,2.5205023288726807,3.5844764709472656,-5.934472560882568,2.1854848861694336,-4.20894718170166,-2.1359446048736572,3.57415771484375,2.663043975830078,8.148181915283203,2.0915367603302,-5.376021385192871,-4.501155853271484,4.009613037109375,-7.089819431304932,1.9119064807891846,-6.2016425132751465,7.109254360198975,-3.4364418983459473,-7.238900661468506,5.223172187805176,-4.2993364334106445,-6.514559745788574,-7.056873321533203,1.7202179431915283,-3.587259292602539,-0.9165571331977844,1.7932208776474,-3.944622755050659,-7.4326581954956055,-5.327964782714844,4.933468818664551,7.427046775817871,2.5071322917938232,3.331056594848633,-5.909104824066162,2.2458720207214355,-4.0863752365112305,-1.968614935874939,3.454728364944458,2.6266939640045166,7.92529821395874,2.042680263519287,-5.20068883895874,-4.4582624435424805,3.9992287158966064,-7.010490417480469,0.17982604667316293,-0.9502494624778659,1.6436593705196423,-1.3131550271457162,-0.7293794614484179,1.0015383598084378,0.07437623687391429,-1.5087543365100722,-1.4050085137928383,0.7404542465310671,-1.0416923527346102,-0.18242899536435891,1.0270803367422252,-1.650932706179931,-1.3354257704963772,-1.2965128267010702,1.1527756836232708,1.1343724776501671,0.12622145109943542,1.2154244610848957,-0.4254313960453179,-0.3071464077045299,-1.1515205063934004,-0.9286483646605325,1.0471185356095158,0.9385278709864113,1.5287317686675024,1.1840614275524366,-1.3434849646819398,-0.6652170355152093,0.5682626460907001,-1.2615831371898982,0.11201214243392262,-0.805436596356882,1.2089001329557225,-1.0499690171977494,-0.5901000372597734,0.8114085900107317,-0.0380196591682183,-1.2110457118622686,-1.1092247560555852,0.7046742107228111,-0.7197050940705771,-0.2960937709942694,0.6868206445280799,-1.227338481755655,-1.015360228549563,-1.0492877055558496,0.9279919870121308,0.8219255739985808,0.09166386277054517,0.8707324802681209,-0.36338481695448177,-0.14070441843385154,-0.9093182783434706,-0.6767216663129447,0.7766747823284227,0.8220422535547545,1.1800033684961306,0.9631193304129931,-0.9802742148836048,-0.5784633664187531,0.5289898320917812,-1.0645220483038111
A,masked_angular_velocity,2,conv,790,3,1,790_T3_P1_R1,27,5,1.716529130935669,-6.195162773132324,7.024617671966553,-3.499206066131592,-7.1421709060668945,5.346196174621582,-4.499718189239502,-6.5078864097595215,-6.920037746429443,1.587015151977539,-3.257166624069214,-1.0021858215332031,1.5885971784591675,-3.913605213165283,-7.337583065032959,-5.2574567794799805,4.874459743499756,7.204977512359619,2.561619281768799,3.111497402191162,-6.084715843200684,2.1962878704071045,-4.071442127227783,-2.0074658393859863,3.272071361541748,2.4563584327697754,7.701972007751465,1.9676697254180908,-5.010190486907959,-4.500573635101318,4.038516044616699,-7.002664089202881,1.6657898426055908,-5.944142818450928,6.696822166442871,-3.4346892833709717,-6.8448357582092285,5.146890640258789,-4.2306132316589355,-6.379208087921143,-6.764325141906738,1.600919485092163,-3.268158435821533,-0.9278643727302551,1.5434890985488892,-3.803554058074951,-7.141554832458496,-5.1514129638671875,4.791528224945068,7.110925197601318,2.3634800910949707,3.0276901721954346,-5.873658180236816,2.1103923320770264,-4.033975124359131,-1.9913647174835205,3.16723370552063,2.5611395835876465,7.4859724044799805,1.9167978763580322,-4.922495365142822,-4.252720355987549,3.945923328399658,-6.802482604980469,-0.8299898633437344,-0.790461097806265,1.0515594030238695,-1.3748011713851398,-0.4424378642602848,1.171517769320586,-0.39967890273867324,-1.1959100727506369,-0.891122742780324,0.12867821192750253,-0.2048120047632827,-0.7035401847063592,0.31459084185062336,-1.0818623613290377,-0.8460058911874719,-0.8117756796573687,0.6912723635652809,0.5346105492329536,0.2324967808259792,0.5720972082316951,-0.7929163687208887,-0.27737061716065536,-0.8798109059897271,-0.7352140439419848,0.3630558022362502,0.27619209144044177,0.8305841775142333,0.6238998894511609,-0.5856455382264427,-0.6640397747284251,0.6775728166088107,-1.0450798933202141,-1.0746283926527815,-0.21033385570858254,0.4421842944266189,-1.0408985174603804,0.01145304472401153,0.5881225365782848,0.08601538016001528,-0.9040446063825804,-0.6429301697979861,0.18880345705734902,-0.2219571555587126,-0.34989724219099144,0.23253502906533902,-0.565705452179658,-0.4968279171405909,-0.4545574084635657,0.35858895424972953,0.4129247031172124,-0.27963397755157626,0.45810540720980225,-0.27668362214949144,-0.5141198375643558,-0.805776073279301,-0.7109726335891049,0.1256548199870548,0.6119695325157927,0.49262827190366476,0.39384352470535755,-0.4039788952257431,-0.162744291987529,0.3273897830398408,-0.5478027949856477
A,masked_angular_velocity,2,conv,790,3,2,790_T3_P1_R2,25,5,1.6555922031402588,-6.211289882659912,6.9875593185424805,-3.433314561843872,-7.158459663391113,5.344193458557129,-4.535869121551514,-6.478443145751953,-6.943934440612793,1.6065044403076172,-3.240351915359497,-1.0577538013458252,1.6239442825317383,-3.872896671295166,-7.3002753257751465,-5.223193168640137,4.838716983795166,7.2082343101501465,2.596248149871826,3.0536749362945557,-6.004514217376709,2.205273389816284,-3.998159885406494,-1.8966058492660522,3.3098530769348145,2.449772834777832,7.660666465759277,1.9278078079223633,-4.9025044441223145,-4.566965103149414,4.0830793380737305,-6.906502723693848,1.2947285175323486,-5.872939109802246,6.858652591705322,-3.613748073577881,-6.403561592102051,5.319788932800293,-4.314639091491699,-6.553986549377441,-6.779635429382324,1.3282654285430908,-2.83257794380188,-1.1532968282699585,1.429621934890747,-3.818962812423706,-7.2097649574279785,-5.055081367492676,4.67512321472168,6.976639747619629,2.283297538757324,3.191387176513672,-6.079867362976074,1.6929528713226318,-4.443323135375977,-2.65852689743042,2.880629301071167,2.365166425704956,7.414201259613037,2.050272226333618,-4.734894752502441,-4.206244468688965,4.055747032165527,-6.95916748046875,-1.1237949579576751,-0.827732759407019,0.9826677728027263,-1.0337843221133816,-0.46730409904518233,1.1656540450262007,-0.4649260547162825,-1.1291267061964319,-0.9292107758849054,0.2129529680176403,-0.17858356605487638,-0.9679493965739552,0.3788906990084003,-0.8909318088087881,-0.7795512749935828,-0.6963560670090762,0.5478885971040472,0.5388246872542621,0.3220016798727093,0.4934489958641187,-0.5967486400758062,-0.25260420033663744,-0.7350042396533653,-0.5683064066444083,0.4486108869632985,0.25508746659968695,0.7659574409352109,0.44363361848262484,-0.36256679513376683,-0.7983195914757968,0.8461077600801061,-0.8062016056653365,-2.8636845829497695,-0.045776574414504334,0.7430282458055345,-1.9676025156724393,0.6850730614567889,1.094217733897154,-0.06563888423914424,-1.3004719750691822,-0.6673340641682424,-0.9902108377644752,0.45748040039417237,-1.4225716062571758,0.025399765647049533,-0.6379762016334252,-0.6183278139947325,-0.13005468639176931,-0.10837867369293545,0.2391855898090917,-0.48688183334134455,0.6807595623254168,-0.7810576585309459,-1.6646887294972725,-1.6146495472455364,-1.7154343398629055,-0.5233490875296289,-0.01603860628116096,0.38033327967862374,0.9974524506901974,-0.0153525366809111,-0.06874579118693533,0.7427388926434262,-0.9370278111932537
B,masked_angular_velocity,0,conv,252,1,1,252_T1_P1_R1,23,5,2.506791114807129,0.9620582461357117,-7.911596775054932,12.411550521850586,2.9812777042388916,0.560354471206665,-0.9118238687515259,-3.5804171562194824,-0.7028964161872864,-1.8421876430511475,-0.25200900435447693,0.8654735684394836,3.051499605178833,3.220378875732422,4.341605186462402,-0.2996545135974884,-0.7260854840278625,4.869450569152832,-2.8132882118225098,1.47393798828125,0.7196284532546997,1.3797029256820679,1.6368217468261719,-4.9706854820251465,8.80380630493164,-3.3849709033966064,-4.919816493988037,0.03440917283296585,5.204848289489746,2.2699151039123535,-0.8951929807662964,4.6592278480529785,2.56199049949646,0.9435701370239258,-7.673605918884277,12.071257591247559,2.876004695892334,0.5042088627815247,-0.793960452079773,-3.6150593757629395,-0.7679049372673035,-1.8151025772094727,-0.3061424493789673,0.9195526242256165,2.9040989875793457,3.1238925457000732,4.281702518463135,-0.17200572788715363,-0.5740049481391907,4.949808597564697,-2.7185211181640625,1.263622522354126,0.6357420682907104,1.2999253273010254,1.5491821765899658,-4.741628170013428,8.619832992553711,-3.131054639816284,-4.836050510406494,0.12271847575902939,4.96956205368042,2.281524181365967,-0.8003567457199097,4.558468818664551,0.3499093629883927,0.6395579578417826,-0.3859290635718844,0.34624932056361785,0.14827478689443957,0.11704634335099992,0.19213155570381452,-0.3443932998616007,0.26452966948802314,-0.08260971100922224,0.042447254643615796,0.1076087076373472,0.3094324664777705,0.46730041550154156,0.3047229163266521,0.04228648472194959,-0.19953530474259282,0.4344249900713247,0.0024720472682928317,0.16712428370304658,0.3395391719761524,0.05207447188591574,0.36705376947563456,-0.43112802867903055,0.40255193246041276,-0.27250418689512357,-0.47635407748836806,0.2784336128493921,0.35672385550560193,0.38665435006597526,-0.5012530154754422,0.3601004784293179,0.44393800955968726,0.6027264779059369,-0.15598449230258898,0.16366413244944664,-0.1441670924100287,0.049207386843213574,0.47306529566312827,-0.3926656323757906,0.010164019915238054,0.12832225668805403,-0.2655923705097327,0.27188047498804346,0.043884668905401346,0.3317664517293642,0.230705013047723,0.29250254411453713,0.09147821356341106,0.5292578893753537,0.10437264010879158,-0.31691253018450977,-0.07211975538218426,-0.07965955428086624,0.1214552497303446,-0.165367323869091,0.2759049615848369,-0.06388131911658104,-0.39487288486904093,0.5128636802147362,0.12293288590206539,0.40645697333721315,-0.28344575936114125,0.24356420190544475
B,masked_angular_velocity,0,conv,252,1,2,252_T1_P1_R2,25,5,2.246857166290283,0.9507889747619629,-8.061960220336914,12.702585220336914,3.0808334350585938,0.6613351106643677,-1.0894666910171509,-3.6128222942352295,-0.6118970513343811,-1.8087934255599976,-0.11005242168903351,0.9728347063064575,3.1038131713867188,3.2825026512145996,4.464809894561768,-0.5978879928588867,-0.870540976524353,4.748125076293945,-3.006500482559204,1.680903434753418,0.8341352343559265,1.5259559154510498,1.6587193012237549,-5.104524612426758,8.875925064086914,-3.6712050437927246,-4.888322353363037,0.030166277661919594,5.314333915710449,2.2250778675079346,-1.0883581638336182,4.676906585693359,1.9766833782196045,0.7983532547950745,-7.7474775314331055,12.23005199432373,2.9948630332946777,0.6433727145195007,-1.1963201761245728,-3.503103733062744,-0.5734080076217651,-1.7410444021224976,-0.11360801756381989,1.0067596435546875,2.869344711303711,3.0749526023864746,4.340304374694824,-0.7065593600273132,-0.7751368880271912,4.497439384460449,-3.0211033821105957,1.552552342414856,0.8636455535888672,1.499756097793579,1.5072393417358398,-4.9199347496032715,8.479196548461914,-3.462550401687622,-4.527588844299316,0.07760880887508392,5.032222270965576,2.1741116046905518,-1.0028049945831299,4.362946510314941,-0.09287036054616474,0.6171074165070664,-0.5312096480053689,0.5024046651668004,0.4248344306073368,0.23905805328249405,-0.23129001647123154,-0.3895483281811207,0.6205924813632814,0.17745694923620084,0.8502336947640726,0.43373178564769344,0.40367802996502655,0.5545658355240393,0.45695847628676756,-0.5423080268420148,-0.4759580964570871,0.2912450800359791,-0.2052850710231664,0.6434512806956729,0.9014624214180257,0.2935772190404201,0.4284184934959073,-0.5864124126054107,0.45219798239185005,-0.507679868351748,-0.44571858706208056,0.267170212865219,0.4655136917245155,0.3101717559489737,-0.9448891255296326,0.3805477900793705,-0.5530931203940435,0.31342897118479585,-0.22735924553163162,0.24886510298330297,0.18601417532910564,0.21735466106113668,-0.48598102187935144,-0.23665806714075494,0.7711924747864393,0.7050681483492955,0.830001082809396,0.5367833466123413,-0.018726768957792163,0.26302029582611264,0.3031152506641701,-0.7553247645452665,-0.293397579813285,-0.0045967199286345295,-0.22098738300006043,0.3480536847016269,1.0462795671876337,0.25031443247728147,0.003916812090584173,-0.3722448306667233,0.1790904949685627,-0.33624463788976766,-0.09482623530605441,0.3931134147454858,0.18519532376678532,0.2232346358184317,-0.7484019049625494,0.017426077844724178
B,masked_angular_velocity,0,conv,252,2,1,252_T2_P1_R1,25,5,2.9389805793762207,1.2276922464370728,-7.920586585998535,12.271693229675293,2.825970411300659,0.055527735501527786,-0.5593770742416382,-3.4806296825408936,-0.6237404346466064,-1.7870204448699951,-0.36304011940956116,0.7296489477157593,2.81447434425354,3.4842162132263184,3.999621629714966,0.1720818281173706,-0.9294719696044922,5.35720157623291,-2.042609214782715,1.1442984342575073,0.6282349824905396,0.9365074038505554,1.6238582134246826,-5.110957622528076,8.71784496307373,-2.9270060062408447,-5.379966735839844,-0.08414777368307114,5.104565620422363,2.7746829986572266,-0.9891311526298523,4.813790321350098,2.2224173545837402,0.7044568061828613,-7.076082706451416,11.014358520507812,2.7031707763671875,0.41652733087539673,-0.763016402721405,-3.3185501098632812,-0.7777549028396606,-1.7297359704971313,-0.31907278299331665,0.8302658200263977,2.578721761703491,2.684464931488037,3.864492893218994,-0.14239144325256348,-0.48830145597457886,4.428156852722168,-2.6213700771331787,1.2232271432876587,0.6320220828056335,1.2709002494812012,1.3613797426223755,-4.268558502197266,7.7445220947265625,-2.691551446914673,-4.204935550689697,0.017575744539499283,4.443277835845947,2.0561225414276123,-0.7031539678573608,4.128159046173096,1.0861144566620708,1.1687470761061993,-0.3946153935934382,0.27120826399319137,-0.28315988530828445,-0.4929199788220674,1.0322077945233643,-0.2053410561566678,0.5742516690486341,0.34701817946911784,-0.5893613626360606,-0.30497617247181563,-0.11757787420284045,0.8379121336396833,-0.11784289528060703,0.9669798526185589,-0.58872556492542,1.0100354806236198,0.8311658653749865,-0.5915348386252165,-0.10895923743279498,-0.679759579813475,0.33072525994307767,-0.5938764329983306,0.34337671402306025,0.1037692532940222,-0.9239506733728554,-0.0362933352872018,0.2570778860886267,1.2476777483537704,-0.7169974419208621,0.5388655112667576,-0.13450191779586837,0.12637106113700297,0.42133750434800643,-0.4034171572445732,-0.6242904284199362,-0.056735484740880616,0.5468223347455659,0.020513677498758077,-0.028377161845359322,0.793137469929432,-0.339170718934563,0.0006602779565965333,-0.5422961179576151,-0.28549726641078704,-0.2848125564522449,0.3505521517191906,0.25547611270055115,-0.08635959685428055,0.20883726442106512,-0.4098820412060826,-0.09037474378821239,-0.1275875793905834,-0.4048351312448245,0.383505325175022,-0.32665796410426895,0.2972237058137973,0.21902469597483729,0.2337467915048574,-0.40000649114899856,0.02197145728953851,-0.06020299313123547,-0.2541259358325635
B,masked_angular_velocity,0,conv,252,2,2,252_T2_P1_R2,25,5,2.497185468673706,1.1489453315734863,-8.43610668182373,13.444926261901855,3.204014301300049,1.0172781944274902,-1.113105058670044,-4.070891380310059,-0.7201229929924011,-1.8503124713897705,-0.2553810477256775,1.1025700569152832,3.2849044799804688,3.404810667037964,4.834461212158203,-0.48429355025291443,-0.6261790990829468,5.021853923797607,-3.2195682525634766,1.694775938987732,0.8300701975822449,1.719407320022583,1.7914527654647827,-5.40240478515625,9.599725723266602,-4.1305131912231445,-5.271075248718262,0.21897339820861816,5.796234130859375,2.2659988403320312,-1.119703769683838,5.100410461425781,1.8317567110061646,0.7526372671127319,-7.972223281860352,12.863143920898438,3.2345402240753174,1.5397822856903076,-1.4177260398864746,-4.148099899291992,-0.7966945171356201,-1.831049919128418,-0.18742713332176208,1.3710178136825562,3.1553397178649902,2.755861520767212,4.9669928550720215,-0.9497676491737366,-0.17063722014427185,4.260989665985107,-3.9592604637145996,1.8738155364990234,0.9254153966903687,2.1924283504486084,1.6641345024108887,-4.920817852020264,9.127389907836914,-4.2734785079956055,-4.403153419494629,0.4346110224723816,5.469535827636719,1.6997636556625366,-0.9937163591384888,4.683557987213135,0.3335469116008653,1.0118695091088221,-0.8927061346626524,0.9007087450514197,0.76702454608141,0.669132987131172,-0.2876331393419728,-1.0278587313372278,0.19712535729511735,-0.1458837282978405,0.02325915511316671,0.8278198126297441,0.7299212570015938,0.726371410452996,0.9137107515123162,-0.319641321254193,-0.008359565581206596,0.6142814234660566,-0.4343920867692016,0.6753783532190203,0.8815137858943298,0.613017286552148,0.8003865348935975,-0.9320237573773277,0.9504612092732103,-0.8850567095465713,-0.8180303471467294,0.7683865945850996,0.9443507020923887,0.37997409894315554,-1.0168796926170893,0.8703671110865999,-0.7999658241740055,0.2223548579651682,-0.44450619317357243,0.5885526434792464,0.8518245038258121,1.30045812359168,-1.0137141791204871,-1.135446561411969,-0.10248393571299969,0.004129169118150491,0.4099425326682832,1.643264501269525,0.4965054713986844,-0.1852066346953918,1.0774713341908084,-1.2320594358900663,0.8633425197015416,-0.2836385841195498,-1.2297670162925225,1.0874346290935395,1.3494047257775201,1.3941008109084359,0.4435939354990118,-0.37326929910010814,0.6253061071751169,-1.0025201685473208,0.026214259830992452,1.3408284191260647,0.6197289471486621,-0.5858985801035554,-0.7275282611949815,0.38824097947028086
B,masked_angular_velocity,0,conv,252,3,1,252_T3_P1_R1,25,5,3.0986435413360596,1.5451381206512451,-8.498537063598633,13.701128005981445,3.075901508331299,0.5328298807144165,-0.712520182132721,-3.9971299171447754,-0.6440964341163635,-1.746924638748169,-0.28741544485092163,0.9311119318008423,3.166499614715576,3.8745064735412598,4.560809135437012,-0.0046777306124567986,-1.0124136209487915,5.63577938079834,-2.438025951385498,1.4156649112701416,0.686511754989624,1.0943872928619385,1.9139951467514038,-5.772359848022461,9.66818904876709,-3.9699149131774902,-6.062241554260254,0.09006353467702866,5.9492387771606445,2.7272276878356934,-1.2245954275131226,5.48040771484375,3.4220027923583984,1.703650712966919,-8.48733901977539,13.514951705932617,2.9170966148376465,-0.0372808463871479,-0.40053805708885193,-3.7876975536346436,-0.5776063203811646,-1.6914459466934204,-0.31837743520736694,0.8295429944992065,2.9724972248077393,4.078151226043701,4.180812358856201,0.34658899903297424,-1.3162808418273926,6.078023910522461,-1.7535730600357056,1.1323474645614624,0.5919803380966187,0.6531355977058411,1.880955457687378,-5.82521390914917,9.430458068847656,-3.4071526527404785,-6.39300012588501,-0.10117223113775253,5.749236583709717,3.104144334793091,-1.291820764541626,5.502139091491699,1.3580894785939284,1.8011543750618206,-0.953026450468049,1.038174075833266,0.41113460612867875,0.08378922957523918,0.6671826858521162,-0.9250728437514508,0.49460263006832755,0.6592760844648842,-0.15902869170734762,0.3069935001512277,0.5166101349114505,1.386152872349279,0.57557723629449,0.6204973610044978,-0.747438361991158,1.3387939157771656,0.40598294903928567,0.033009848029975676,0.1770244300940656,-0.41905787610032996,1.14379475427151,-1.3612588407716213,0.9975920255488895,-0.7531060348065112,-1.5876124565039886,0.42617630541698615,1.0963826950863698,1.1667292833400402,-1.257780927207806,1.3098667879974446,1.9089102348476257,2.1169389142939172,-0.9422061381180216,0.9382811439629911,-0.030016045371120303,-0.6050576593897332,1.410809201281423,-0.6332337276723032,0.7547654352890032,1.0913301838293745,-0.33521402147439117,-0.0015351806498798525,0.1671070079453856,1.67221270437031,0.10604207677092865,1.3090472502824522,-1.3289037076103485,1.8607007485299722,1.1419603197630355,-0.6190395444342458,-0.2868733423472108,-1.147681932755327,1.051205337736348,-1.4225820394238469,0.8339382536046605,-0.29072871221302055,-1.9093476192546857,-0.08148725201706788,0.8976519926820586,1.809666853947321,-1.412175248395779,1.3350014476967835
B,masked_angular_velocity,0,conv,252,3,2,252_T3_P1_R2,24,5,2.9640004634857178,1.482034683227539,-8.46552848815918,13.615127563476562,3.061028003692627,0.5343475937843323,-0.8372894525527954,-3.926866054534912,-0.4741683006286621,-1.7294304370880127,-0.26081714034080505,0.8798314929008484,3.044645309448242,3.819742202758789,4.538869857788086,-0.17236942052841187,-0.9951046109199524,5.4676384925842285,-2.4282896518707275,1.3471333980560303,0.7922617793083191,1.0650994777679443,1.8799079656600952,-5.900303840637207,9.589567184448242,-3.96374773979187,-5.906126976013184,0.1480453908443451,5.929264068603516,2.845163106918335,-1.1903975009918213,5.303954601287842,2.8005378246307373,1.4856812953948975,-8.271893501281738,13.308141708374023,2.9866766929626465,0.4026023745536804,-0.806472897529602,-3.7852542400360107,-0.3565741181373596,-1.6622483730316162,-0.15014289319515228,0.8436600565910339,2.9253740310668945,3.8254826068878174,4.419600486755371,-0.2050202190876007,-1.1123034954071045,5.4725728034973145,-2.260366916656494,1.2701759338378906,0.806287944316864,0.9415949583053589,1.7869075536727905,-5.810623645782471,9.315450668334961,-3.8070971965789795,-5.838079929351807,0.1119895726442337,5.781014919281006,2.8839526176452637,-1.2707164287567139,5.136975288391113,1.128734550524769,1.675441339200654,-0.9211339969178105,0.9920311360210423,0.3698172768270682,0.08562300148876481,0.3697883315808883,-0.8271620110980148,1.1594981435968765,0.7955156107782508,-0.007674339096219685,0.1512226075010446,0.2970846388532536,1.3092250507480774,0.5484692046437207,0.2917895742491442,-0.7143168535443651,1.140365499990457,0.4164523575299686,-0.12471391584721689,0.6959754621684056,-0.4674197108540735,1.0482700393044762,-1.5097041517181455,0.9434685190262485,-0.7480391181063719,-1.435757129287395,0.5800977483010175,1.0765353500117167,1.3679015965218262,-1.179239434550913,1.105783411692794,0.8502867530498067,1.6827062583765646,-0.7340444636921313,0.8273170971330822,0.16327258346039406,-0.07356051016698481,0.4432412519461943,-0.629829023063568,1.6196213907829056,1.3187133220303973,0.6221038028401658,0.041347508029190336,0.08221236781896038,1.3172892212573757,0.4010966097131151,0.2277878372777332,-0.9385828348686094,1.146188507102854,0.5970159098959865,-0.30183006301039994,0.7648062735416861,-0.6713585053852233,0.7876489097068847,-1.4056536771113948,0.7547673117707067,-0.6193316580202634,-1.3695663260425273,0.4843822513532957,0.9292286371015364,1.4340682828112759,-1.3637052190988244,0.912656840711991
B,masked_angular_velocity,0,conv,651,1,1,651_T1_P1_R1,24,5,2.4532175064086914,0.961796760559082,-7.905996799468994,12.466182708740234,2.9971261024475098,0.540554940700531,-0.8596038818359375,-3.606982707977295,-0.7503145933151245,-1.857860803604126,-0.20408038794994354,0.9189475774765015,3.0901410579681396,3.2274818420410156,4.278818130493164,-0.28192752599716187,-0.772132158279419,5.009844779968262,-2.8107521533966064,1.4989227056503296,0.7297324538230896,1.4351162910461426,1.6775009632110596,-4.850331783294678,8.787935256958008,-3.378572463989258,-4.939187049865723,-0.04219572991132736,5.18301248550415,2.140660524368286,-1.0277748107910156,4.740557670593262,2.5773608684539795,0.969226062297821,-7.170560359954834,10.977876663208008,2.6364212036132812,-0.3808431029319763,-0.3608219027519226,-2.9938931465148926,-0.6088998317718506,-1.7707641124725342,-0.21396997570991516,0.6298598051071167,2.514988422393799,3.2204456329345703,3.5024094581604004,0.2353946715593338,-1.0282739400863647,5.207949638366699,-1.7682161331176758,1.036675214767456,0.5672147274017334,0.7907888889312744,1.4253705739974976,-4.377081871032715,7.654088497161865,-2.1021273136138916,-4.820519924163818,-0.30726560950279236,4.3287529945373535,2.552834987640381,-0.9791610836982727,4.236841678619385,0.25865021935580296,0.6390369679287089,-0.38051829771615453,0.3755618002370261,0.19230083468879916,0.09312324581126452,0.3166006126762041,-0.3814113571494879,0.07899165425151647,-0.20466839266601133,0.3151792333607724,0.2700429143856904,0.379046697622956,0.4772777674608021,0.2271410697777733,0.0770347639669259,-0.28764806865924814,0.6001087983046056,0.005199011443269908,0.22462617025634213,0.3891230599018224,0.14357663883587704,0.4810514752645713,-0.29148876641617194,0.39162585579596426,-0.26724697717060275,-0.49519574128026356,0.0750745816149629,0.33502656297411504,0.16617448727769232,-0.8057492502935137,0.4541663371433037,0.4701202256010645,0.65383745365022,0.3300536503673057,-0.4229916794388127,-0.809717794035917,-1.0201731416510194,1.505474945292032,0.47291579577121273,0.6323200487339345,0.47361985231913273,0.258903728832645,-0.6080986527834723,-0.6571143645651245,0.46739407205744177,-0.7322139414139854,1.0910851166962847,-0.7777880073744342,0.833898882121899,1.1262148250310091,-0.8392275509074455,-0.4084063645092105,-0.9203795393992842,-0.2255093720651616,0.25759244247409885,-0.38891259521522104,0.7815067298358357,-0.37976635793074465,-0.6285925493608248,-0.5138036297131161,0.8692540678639208,-0.6940996167638293,-0.12842487832453225
B,masked_angular_velocity,0,conv,651,1,2,651_T1_P1_R2,24,5,2.949735164642334,1.2407814264297485,-8.432827949523926,13.366312980651855,3.0977461338043213,0.41276097297668457,-0.7408322691917419,-3.821654796600342,-0.8295308351516724,-1.8843103647232056,-0.28399795293807983,0.9470413327217102,3.295318603515625,3.6516895294189453,4.4304704666137695,-0.0575307197868824,-0.9807695150375366,5.632288455963135,-2.6187360286712646,1.431162714958191,0.6840081214904785,1.2877222299575806,1.836487054824829,-5.245858192443848,9.432202339172363,-3.5959651470184326,-5.643879413604736,-0.10499356687068939,5.6052350997924805,2.451441526412964,-1.1368244886398315,5.284541130065918,3.52058482170105,1.5699994564056396,-8.279329299926758,13.160502433776855,2.8808536529541016,-0.23373034596443176,-0.2869434952735901,-3.7043304443359375,-0.8384615778923035,-1.7928860187530518,-0.42879390716552734,0.825508713722229,2.9890401363372803,3.9796295166015625,4.068554878234863,0.5489853620529175,-1.233223795890808,6.352664947509766,-1.7130457162857056,0.9192497134208679,0.5236100554466248,0.642520546913147,1.7661060094833374,-5.320267677307129,9.237382888793945,-2.9737801551818848,-6.2469329833984375,-0.23865839838981628,5.447042942047119,3.0675156116485596,-1.174362063407898,5.471922874450684,1.104433988373866,1.1948229699594035,-0.8895370474275215,0.8585287804740647,0.47181727790726996,-0.061286204227045185,0.599699265311241,-0.6805525141311841,-0.23096590279342766,-0.41064968010104674,-0.13958177875062244,0.3553811438226585,0.7486830046099715,1.0731620475627754,0.41452724691543097,0.516895425259295,-0.6868861366487133,1.3346735243946564,0.21166963627268903,0.06867784493383396,0.16473814693051986,-0.09981016149788055,0.9265886389922064,-0.7503926093639169,0.8351386996722379,-0.44586136223029404,-1.1806635365413434,-0.0916315350472568,0.7545659726332189,0.6962989681998882,-1.0562000925970498,1.083329768256901,2.0768381817282795,1.850682860339075,-0.7412292361099913,0.7481008210034845,-0.1306976238594445,-0.8424214077354699,1.6815681705396863,-0.5170630004075646,-0.2659104541939264,0.3013398969274349,-0.9635255527754685,-0.013790119132661881,0.19690948952403814,1.5338187577352895,-0.03266685560185974,1.7057828015520555,-1.1699697567905791,2.184812439831805,1.1855383633156844,-1.1094801069282358,-0.6223894331421602,-1.1652101482154404,0.729355737594703,-0.8367255128600734,0.7010255559741706,0.0653387768438524,-1.7672654114304767,-0.4464645536247886,0.597379020914411,1.7471862454255025,-1.1424115357297522,1.300053661294103
B,masked_angular_velocity,0,conv,651,2,1,651_T2_P1_R1,25,5,2.304609537124634,0.8423341512680054,-8.403874397277832,13.689854621887207,3.3135628700256348,1.2674733400344849,-1.3501713275909424,-4.0914716720581055,-1.0077564716339111,-1.8647563457489014,-0.21285343170166016,1.276158094406128,3.507014751434326,3.1606435775756836,4.929919719696045,-0.7413797378540039,-0.5207141041755676,4.858702659606934,-3.7266688346862793,1.754429817199707,0.7498846650123596,1.9209792613983154,1.7698965072631836,-5.102750301361084,9.615381240844727,-4.342514991760254,-4.979644775390625,0.17545467615127563,5.76420259475708,1.7403004169464111,-0.9343277215957642,5.156863212585449,2.2998054027557373,0.9244362711906433,-8.2680082321167,13.403921127319336,3.222224473953247,0.978775143623352,-1.1556521654129028,-3.9036002159118652,-0.8415930867195129,-1.8976415395736694,-0.10906048119068146,1.1930814981460571,3.3368887901306152,3.2702713012695312,4.697980880737305,-0.6452285051345825,-0.6964109539985657,5.088736534118652,-3.3945934772491455,1.6317188739776611,0.8269959688186646,1.7191489934921265,1.7812488079071045,-5.120981693267822,9.38072681427002,-4.02492618560791,-5.070706844329834,0.10131947696208954,5.586262226104736,1.9816091060638428,-1.086974024772644,5.079424858093262,0.005506525353402214,0.40104673663571055,-0.8615634486428461,1.0321262466674197,1.071344477726878,0.9714359852622321,-0.8526936447750295,-1.0565369677077394,-0.9283284479012146,-0.25836873997129667,0.26525733699969517,1.3551160832126214,1.1300624089310165,0.3833901568110391,1.0316628707078093,-0.823579269593354,0.1934529149945719,0.42174129420325535,-0.9796662889934294,0.8126704850488385,0.4880164008972649,0.9458663757934136,0.7399776057606662,-0.5843541435765766,0.9612382315495042,-1.0592415826697934,-0.5345502188484212,0.6528597092520325,0.9125225963817598,-0.5167517047782944,-0.5911323168647977,0.9356597506810085,-0.0026768017721881866,0.5646084615429372,-0.7302914719182138,0.8787079572953846,0.817610980759546,0.6226109508621182,-0.3890465008139955,-0.7947417779232581,-0.2781632045733775,-0.5144715877375908,0.8558782432134052,1.1027597130865234,0.8235733113304077,0.5373841370610865,0.7450715901371116,-0.6351044518207214,-0.14275168951825748,0.6932112058202085,-0.6225927226984546,0.5302536479651083,0.8664276453524298,0.6125904484257708,0.7717910422207496,-0.6055065143716725,0.7997031926729098,-0.7983044188871651,-0.6231280485860475,0.4560569078097407,0.7357137450672303,-0.10513236431353912,-0.9417102787663094,0.8460956582884087
B,masked_angular_velocity,0,conv,651,2,2,651_T2_P1_R2,26,5,2.2626776695251465,0.8138942718505859,-8.433927536010742,13.66943073272705,3.3240528106689453,1.2507139444351196,-1.4295727014541626,-4.076789379119873,-1.016300916671753,-1.8310966491699219,-0.24450579285621643,1.261040449142456,3.5006089210510254,3.1504759788513184,4.924952507019043,-0.7735599875450134,-0.5431421995162964,4.760674476623535,-3.720337390899658,1.7865957021713257,0.7376171350479126,1.9425818920135498,1.7452495098114014,-5.0950236320495605,9.571317672729492,-4.328757286071777,-4.904827117919922,0.14357668161392212,5.755297660827637,1.6864593029022217,-0.8984367251396179,5.088204383850098,2.3464853763580322,0.8298593759536743,-7.802207946777344,12.450092315673828,3.023751974105835,0.4802474081516266,-1.0005357265472412,-3.551123857498169,-0.8740873336791992,-1.7748922109603882,-0.24338261783123016,0.9984041452407837,3.010136127471924,3.1464180946350098,4.27349853515625,-0.35783231258392334,-0.7715128660202026,4.9301533699035645,-2.862515926361084,1.3963016271591187,0.6605421304702759,1.4014298915863037,1.551680326461792,-4.735289573669434,8.612181663513184,-3.3225109577178955,-4.806589603424072,-0.06350063532590866,5.073421478271484,2.0722098350524902,-0.9086154103279114,4.6878767013549805,-0.06592151085405926,0.3443895321612161,-0.8906013046816306,1.0211667542976572,1.1004843883791382,0.9511861134601691,-1.0419513058339058,-1.0360770181525274,-0.961761290012622,0.0037642576890386304,0.08514353780830267,1.309193996533978,1.1185216319089382,0.36910794181806245,1.0255252441855502,-0.8866587046772484,0.15053558326336242,0.30605541894045774,-0.9728576608084877,0.8867000699984908,0.42781565516831443,0.9815377193412903,0.6709078911065228,-0.5753891554457218,0.9309055928291305,-1.0479383187336588,-0.4617730123804969,0.5682348910186763,0.9036747419933258,-0.608592852699771,-0.5087025476013542,0.85624973340713,0.07683927827884614,0.3761945914777557,-0.2802386508395396,0.36692872752327227,0.26626603326320264,0.020255520824271022,-0.01931815324254902,-0.3035732703777493,-0.40530699859973895,0.4414716097864395,0.0915346605846187,0.5114024777804826,0.23491513364382688,0.36340779919820076,0.2205680900242807,-0.07175313735180748,-0.28646295879779016,0.5060620278076063,-0.05046159060248565,-0.0115541701092863,0.049582361075259575,0.0879514891916604,0.1284563767918043,-0.15801305958666356,0.27063746857685367,-0.22118559627762768,-0.36621616152831526,0.01851756989800222,0.22613220504213033,0.049412892432783816,-0.5320798674830087,0.39323625032745524
B,masked_angular_velocity,0,conv,651,3,1,651_T3_P1_R1,24,5,2.618396759033203,0.9572731852531433,-7.9455976486206055,12.4939546585083,2.9592783451080322,0.33022016286849976,-0.8548333048820496,-3.4281013011932373,-0.6005327701568604,-1.8784608840942383,-0.25285086035728455,0.7973213791847229,2.97160005569458,3.3038241863250732,4.1119585037231445,-0.23009052872657776,-0.8283354640007019,4.991904258728027,-2.5200507640838623,1.3561899662017822,0.7263782024383545,1.1835753917694092,1.6833604574203491,-5.1083269119262695,8.796271324157715,-3.23938250541687,-5.033666610717773,-0.07870402187108994,5.20529842376709,2.495267868041992,-0.9830923080444336,4.730544090270996,2.6754555702209473,0.9883666038513184,-7.547244071960449,11.669946670532227,2.728132963180542,-0.22244200110435486,-0.6198177337646484,-3.099095106124878,-0.5218872427940369,-1.791485071182251,-0.29028886556625366,0.6600123643875122,2.5929789543151855,3.2875466346740723,3.616152286529541,0.055242300033569336,-1.0032169818878174,5.101833343505859,-1.8820797204971313,1.038395881652832,0.6564478278160095,0.7830685377120972,1.513623833656311,-4.867627143859863,8.133045196533203,-2.5121731758117676,-4.951059818267822,-0.25645607709884644,4.724595546722412,2.7595198154449463,-0.9864633679389954,4.448866844177246,0.54002198990016,0.630025289452474,-0.41878094264010174,0.39046293438142327,0.0871613038733001,-0.1610177109536036,0.32797157832908563,-0.13214388498291213,0.6650587717817086,-0.36509564829223934,0.03765685000034484,-0.09941258473345314,0.16549067200446638,0.5845162420361367,0.020964631017620295,0.17864519316065483,-0.39519577885426793,0.5789363803686419,0.3177834379168688,-0.10387050637820314,0.37266238690301645,-0.27178435001179435,0.49747231725757013,-0.5908248273315877,0.39736462535583766,-0.1528856106983663,-0.5870982932073265,-0.021842031337792545,0.35717062186510373,0.771056955619094,-0.703128290243477,0.44258467463589285,0.6372175557339593,0.6919687692103638,-0.033894961380489134,-0.05166052396905722,-0.5549468729408777,-0.8287820798862915,0.8881440803939684,0.3263190759389828,0.9727833242998928,0.31224957439919787,-0.17537945813063516,-0.5165063242689356,-0.5166111958281491,0.5616509140682261,-0.5916698434096477,0.7379520520576658,-0.7298402479678563,0.7086678355515932,1.0037797483368083,-0.835267359685498,0.029490442925556516,-0.9331278684200426,0.02180821748486151,-0.3115556913460702,-0.05919943921075248,0.44460445141463134,-0.5067447290226262,-0.4937110805306569,-0.12047667302554468,1.221812807597291,-0.7108704274885831,0.11679973527830248
B,masked_angular_velocity,0,conv,651,3,2,651_T3_P1_R2,24,5,2.7656660079956055,1.0658738613128662,-7.954133033752441,12.455405235290527,2.9108147621154785,0.11226322501897812,-0.7591893672943115,-3.3863399028778076,-0.5596057176589966,-1.8577706813812256,-0.27676576375961304,0.7370237708091736,2.892127275466919,3.453139066696167,4.040897369384766,-0.085238978266716,-0.9396234750747681,5.200517177581787,-2.2312402725219727,1.2158972024917603,0.6892061233520508,0.9781379699707031,1.6504493951797485,-5.180939674377441,8.781111717224121,-3.0804076194763184,-5.240305423736572,-0.12670373916625977,5.196346759796143,2.732428550720215,-1.0106266736984253,4.779458999633789,2.768542766571045,1.1505705118179321,-7.939223289489746,12.494085311889648,2.890672206878662,0.00037151575088500977,-0.6762555241584778,-3.3900375366210938,-0.5524690747261047,-1.8200470209121704,-0.22305803000926971,0.7753928899765015,2.839625835418701,3.5758285522460938,4.017271995544434,-0.05335745960474014,-1.0437366962432861,5.4082441329956055,-2.113982677459717,1.1603938341140747,0.6990593075752258,0.9298287630081177,1.6438204050064087,-5.167177677154541,8.763086318969727,-3.052428960800171,-5.375553607940674,-0.13001257181167603,5.148340702056885,2.808115005493164,-1.1446192264556885,4.834296226501465,0.7908853376670095,0.8463768842854668,-0.42702751932895194,0.36977926840516245,-0.047467823639948295,-0.42436822174606836,0.5559442143763387,-0.07395039229990127,0.825198412679903,-0.20396629543368344,-0.09842804594480958,-0.28257419323124566,0.02231701128741632,0.7942586058508025,-0.06684132075519869,0.46258192004995935,-0.6081508376838267,0.8251271074431091,0.6283351023671426,-0.4267517418409514,0.19024629091619072,-0.6110162883772416,0.4052430648555177,-0.6750717319233372,0.3869288596024258,-0.022268322443014864,-0.7880997718542998,-0.14926436958298608,0.34827618575504726,1.1756010926128255,-0.7663657281780422,0.49915831552436496,0.7957856718814076,1.015107175498699,-0.4126214965434789,0.3905331629556126,-0.10342249645310453,-0.5595634848159238,0.7536215090860761,-0.07910310219986012,0.853122507446758,0.08981744713788539,0.20718922691987957,-0.16602326018668587,-0.07226681067071734,0.9666004277758585,-0.09603365717453902,0.5250757896394076,-0.8073768064831514,1.0702718930632076,0.7544198531547052,-0.5544915195296848,0.23859910012350816,-0.6907877297811759,0.38666638270898135,-0.6591046226112507,0.3745202956617204,0.0007193457522762459,-0.9196578568219043,-0.15804816453191572,0.30057507078965184,1.3047056247029893,-1.0741020685006506,0.5625829116629211
B,masked_angular_velocity,0,conv,671,1,1,671_T1_P1_R1,26,5,2.807386875152588,1.1418235301971436,-8.36191463470459,13.240656852722168,3.0952718257904053,0.6642022728919983,-0.9340015649795532,-3.8838698863983154,-0.6990019083023071,-1.8758691549301147,-0.3486100137233734,0.9594656229019165,3.19250226020813,3.448169708251953,4.531930923461914,-0.24852228164672852,-0.6787160038948059,5.168721675872803,-2.8102259635925293,1.464479684829712,0.7312902212142944,1.4182511568069458,1.8096802234649658,-5.379453659057617,9.467657089233398,-3.7718887329101562,-5.344839096069336,0.12843093276023865,5.655429840087891,2.4526126384735107,-1.035474419593811,5.073432922363281,2.8012704849243164,0.9666282534599304,-7.6217803955078125,11.782391548156738,2.7711994647979736,0.02133416198194027,-0.6167786121368408,-3.3353004455566406,-0.6254358291625977,-1.8128670454025269,-0.38283082842826843,0.7116982936859131,2.706199884414673,3.19181752204895,3.822542428970337,0.10251086950302124,-0.7472765445709229,5.04654598236084,-2.1158225536346436,1.082763671875,0.59660804271698,0.9601046442985535,1.5742264986038208,-4.841299057006836,8.356234550476074,-2.6799285411834717,-4.918137073516846,-0.08040887862443924,4.829426288604736,2.577192544937134,-0.8346715569496155,4.502206802368164,0.8619537864178742,0.9976815066312132,-0.8210226357403437,0.7911075468640005,0.46494442100130806,0.24252233027226228,0.13926991281721898,-0.7672478823241772,0.2797678506848468,-0.34491350623498895,-0.5072489807713854,0.39312158860689195,0.5634549060113351,0.7872777881133594,0.5398950624085151,0.14251546374739016,-0.10889154035294543,0.7876049108923372,0.005764463055778246,0.1453561268021712,0.39676741198124194,0.11572787094623713,0.8514660765914611,-0.9053946605466884,0.8595455546753786,-0.5904035877308995,-0.8897815440661343,0.5280282328453171,0.8044416310867601,0.6982965939932323,-0.8234326670043794,0.8391648876081751,0.8515348035842719,0.6486621067044459,-0.10591129222365299,0.008672821261208758,-0.43531114202459126,-0.5342349753305694,0.8953880090040776,-0.0028281174845684875,0.5676180815273449,0.14573360581068392,-0.7019781381602607,-0.3595036007822982,-0.31263876434273297,0.4271802834836978,-0.33664726054771954,0.830607484506508,-0.24008553815865133,0.6434210222120493,0.7524411032233633,-0.7331560387058594,-0.2641635241189471,-0.6407941289271252,0.19163897731247692,-0.281008819022241,0.09444372821230727,0.3067733657674257,-0.4747200842621984,-0.026367852300097954,-0.01631244695588209,0.9108024199941179,-0.3622553633340044,0.178492097413908
B,masked_angular_velocity,0,conv,671,1,2,671_T1_P1_R2,24,5,2.797168493270874,1.1765191555023193,-8.654096603393555,13.903483390808105,3.2460854053497314,0.9908657073974609,-1.0994794368743896,-4.129143238067627,-0.7956416010856628,-1.9211355447769165,-0.32952553033828735,1.0811452865600586,3.447597026824951,3.520087480545044,4.869487762451172,-0.4255690574645996,-0.6259778738021851,5.226253032684326,-3.2093377113342285,1.6176866292953491,0.7824530005455017,1.6341825723648071,1.9002052545547485,-5.561955451965332,9.960302352905273,-4.262329578399658,-5.494622230529785,0.2120918333530426,6.014336585998535,2.3400518894195557,-1.0698655843734741,5.340733051300049,2.759944200515747,1.0408172607421875,-7.838499546051025,12.425619125366211,2.877207040786743,0.4355558753013611,-0.7406506538391113,-3.6554863452911377,-0.7697250843048096,-1.831719160079956,-0.34828391671180725,0.8930058479309082,2.953953981399536,3.2316946983337402,4.21060848236084,-0.07102526724338531,-0.6641690731048584,5.115942478179932,-2.573051929473877,1.2380415201187134,0.6360507011413574,1.1791152954101562,1.6433684825897217,-4.957269191741943,8.815165519714355,-3.210108518600464,-5.05531644821167,0.06477980315685272,5.180855751037598,2.3957080841064453,-0.9049021601676941,4.772018909454346,0.8445473816623104,1.066801678453674,-1.1033262429155333,1.1467489405653553,0.8838955665262258,0.6372195646423922,-0.25515600786523673,-1.1090305919254049,-0.09836406024698455,-0.6974364028038399,-0.3986508230255871,0.7627395131823084,1.02301908186107,0.888300368782108,0.9569912797177678,-0.20453006952549974,-0.007974494999841087,0.8554988570241211,-0.4233913325611155,0.4979586457640723,0.647840338832091,0.4722879776435067,1.105150194545813,-1.1171399585427069,1.1986820949360548,-0.993359711172553,-1.0354781951269005,0.7501184229836214,1.161067127522452,0.5062926998028029,-0.9024180508792657,1.148321072490544,0.7811381930897616,0.79645970622311,-0.31530309347695384,0.3537966629999382,-0.14082784047816382,-0.03374384314502723,0.6001322112191435,-0.4489998721740731,0.0030422793002986117,-0.0010830394453902104,-0.5053930521793722,0.19124150379626328,0.13370024442962358,0.48319575660280395,0.14285969322973716,0.4904435054685319,-0.08105525145570254,0.7253176789226075,0.26079272668494935,-0.375786793207832,-0.07060495597508192,-0.2791491120754393,0.3853999314325707,-0.41556212777958124,0.4103712857129141,-0.12883356662151085,-0.6081572379005957,0.35905692223395064,0.33288346196192614,0.6012297079580857,-0.5235517110789004,0.49055368197548577
B,masked_angular_velocity,0,conv,671,2,1,671_T2_P1_R1,24,5,1.8582103252410889,0.5638697147369385,-8.66620922088623,14.248929977416992,3.593445301055908,1.819864273071289,-1.7228370904922485,-4.281002998352051,-1.176456093788147,-1.869215726852417,-0.03648647665977478,1.4755853414535522,3.9387786388397217,3.0506410598754883,5.377305507659912,-1.2658761739730835,-0.4524943232536316,4.50120735168457,-4.556804180145264,2.2672579288482666,0.8268381953239441,2.5777781009674072,1.8218082189559937,-4.897627830505371,9.917885780334473,-5.0861053466796875,-4.612990379333496,0.22729215025901794,5.9758806228637695,1.0588228702545166,-1.0260971784591675,5.22762393951416,1.689398169517517,0.5528746843338013,-8.398958206176758,13.847155570983887,3.5131869316101074,1.7820680141448975,-1.5535151958465576,-4.184547424316406,-1.1084800958633423,-1.8522249460220337,0.04770108312368393,1.4836885929107666,3.8082275390625,2.973708152770996,5.233658790588379,-1.238338828086853,-0.45500126481056213,4.50137186050415,-4.495399475097656,2.2661876678466797,0.880125880241394,2.6030755043029785,1.7761621475219727,-4.713399410247803,9.608981132507324,-4.870809078216553,-4.477871417999268,0.24970130622386932,5.721174716949463,1.0529248714447021,-1.1423746347427368,5.08060884475708,-0.7549041156216455,-0.1537029802630019,-1.1150285405825446,1.332098929774965,1.848841994889203,1.6388724199760092,-1.740963084238929,-1.320644206125827,-1.588416863116789,-0.2930984024642103,1.2688516532676073,1.9609022102841411,1.9079026503696401,0.22886987811698023,1.5844663425308636,-1.8516926954022115,0.3239949270160353,-0.0001505894812455333,-1.8722924202098028,1.9929347123840155,0.8656533883818481,2.0304162581285228,0.8854536356257766,-0.34636368385036,1.1694819874547313,-1.6701907210431357,-0.17789832065051964,0.7904699686212788,1.1228556838715675,-1.6792030621063219,-0.8018963816986904,1.0175002458786602,-1.0424641034526416,-0.17560688570681848,-0.8568133662898779,1.1165256453734174,1.6258899650654492,1.5932046584972808,-1.3373748443790412,-1.1862356311074982,-1.3224400457860166,-0.16077667649581132,1.7479105615549586,1.9855161798245327,1.6727092172292444,0.12080252264845939,1.406972533497208,-1.7977140824187956,0.3191977542740375,4.366788268026639e-05,-1.8062652958507956,1.9904720450594389,1.127154259422707,2.0721890984536735,0.757536232791851,-0.13261553692754352,0.9568330310250153,-1.4932991362346477,-0.04646570132336102,0.8499583619530625,0.8697681960942946,-1.6892634501976818,-1.068947014627122,0.8474642694646279
B,masked_angular_velocity,0,conv,671,2,2,671_T2_P1_R2,27,5,2.265061616897583,0.9164224863052368,-9.249704360961914,15.44762897491455,3.7716171741485596,1.9158496856689453,-1.7010743618011475,-4.657144069671631,-1.2966740131378174,-1.861161470413208,-0.09475765377283096,1.5718722343444824,4.270852088928223,3.533562421798706,5.752713680267334,-1.1360909938812256,-0.6142841577529907,5.108935356140137,-4.565697193145752,2.328516721725464,0.7717064619064331,2.5705580711364746,2.0226645469665527,-5.369103908538818,10.779922485351562,-5.61936092376709,-5.395349502563477,0.24615681171417236,6.620656490325928,1.208447813987732,-1.2045252323150635,5.852419376373291,1.8485853672027588,0.514962911605835,-8.635098457336426,14.408215522766113,3.66838002204895,1.9550445079803467,-1.6684234142303467,-4.370520114898682,-1.3837511539459229,-1.9030532836914062,-0.00923378486186266,1.555785894393921,4.10922908782959,3.02443790435791,5.505171775817871,-1.2446115016937256,-0.39496156573295593,4.640374183654785,-4.768433570861816,2.3550021648406982,0.7675492167472839,2.747995138168335,1.8790019750595093,-4.661169052124023,9.978724479675293,-5.163906097412109,-4.603333473205566,0.24813759326934814,5.954791069030762,0.7683693766593933,-1.0229763984680176,5.333427429199219,-0.06186030412829968,0.5486436493186952,-1.6787979691642843,1.9752627974856793,2.3437935741190423,1.7548485423759281,-1.6890904582739772,-1.844788985474938,-2.058806396422198,-0.23037305491439822,0.937266686743581,2.2533853793189857,2.506147526909755,0.9072289766317432,2.048332958212524,-1.597288608909717,0.014402010421794464,0.7170485238243892,-1.8818547545584958,2.1339202433444555,0.5951038448404082,2.018493943530695,1.4483264962168902,-0.8933868273580512,1.7629079896465385,-2.108324921671099,-0.9389136809149019,0.8405489374821695,1.7635332911250714,-1.4239757367338295,-1.211686076934297,1.7401299893835567,-0.7712995352757778,-0.2511338693622239,-1.0849704796282944,1.417563582389009,2.0570066098054016,1.802206543651518,-1.6112651460055976,-1.4453846160874122,-2.3995217096431434,-0.5566154321052125,1.4239297315209292,2.2045214048523407,2.214976127763578,0.19206248548390364,1.7424628704047946,-1.810009767530439,0.4340867066290068,0.1640851079155212,-2.0998530316492445,2.1948767234646898,0.5747022532012306,2.3114898609379138,1.045730967631747,-0.07201558044013553,1.2113637290581087,-1.7341136921632312,-0.16850448319346004,0.8458072353840013,1.1019001180370434,-2.1746530605542818,-0.7947288616583201,1.139871113623516
B,masked_angular_velocity,0,conv,671,3,1,671_T3_P1_R1,27,5,2.354740858078003,1.3027141094207764,-9.695419311523438,16.364639282226562,3.8866047859191895,2.3204002380371094,-1.9359420537948608,-5.093120098114014,-1.033901333808899,-1.8945404291152954,-0.09472477436065674,1.6260030269622803,4.338306427001953,3.8779807090759277,6.261040687561035,-1.2841447591781616,-0.5227932929992676,5.207240104675293,-4.737780570983887,2.4033749103546143,0.9540284276008606,2.5844569206237793,2.162813186645508,-6.258547782897949,11.674978256225586,-6.403721809387207,-5.960556983947754,0.5283856987953186,7.4500532150268555,1.6501678228378296,-1.393707513809204,6.205480098724365,2.2187435626983643,1.2055097818374634,-9.59144115447998,15.921682357788086,3.8384814262390137,2.0873196125030518,-1.8835878372192383,-4.834796905517578,-0.8187834024429321,-2.071864128112793,0.08655048906803131,1.433003544807434,4.339137077331543,3.94206166267395,6.09397029876709,-1.3588382005691528,-0.6621654629707336,5.3191819190979,-4.601351261138916,2.3344204425811768,1.0595117807388306,2.477328300476074,2.164306640625,-6.111075401306152,11.483926773071289,-5.988393783569336,-5.77974796295166,0.3724561631679535,7.187138557434082,1.742203950881958,-1.3795982599258423,5.910252094268799,0.09090194866753801,1.3182035186656182,-2.109442705534416,2.4672876475646826,2.6632222582828238,2.2436544946203885,-2.248910737415371,-2.452311475178947,-1.030628010471239,-0.4903193704440323,0.937453811529048,2.4178150636390745,2.627668526487183,1.3910336073002691,2.6764374476510775,-1.8875027146958103,0.1894744240295702,0.8330612755374865,-2.0668921015789294,2.306205421182148,1.4898187822030835,2.041444891394961,1.8410735633545685,-1.9253517255670975,2.379062997125397,-2.752771521336343,-1.488701872086835,1.5897671680626224,2.5876582051313077,-0.6704980425003045,-1.6461750112009486,2.148475905007455,-0.14076033800968152,1.124555625732569,-2.008981011593916,2.229617810398968,2.529539303873797,1.9620303894698694,-2.124120989319533,-2.092343941279477,-0.18891316982339545,-1.8712726943576996,1.96897833329772,1.8315539462824375,2.629164277903908,1.481047098045001,2.4700007247098363,-2.0339157982794656,-0.0772211810135239,0.9651667883805729,-1.9201926540948513,2.147507849721575,2.0074612675052155,1.8645466579923053,1.8452588629248563,-1.7542491235587492,2.2475433834935634,-2.4115297870200227,-1.3128254294038353,1.1758292957165266,2.326414913533276,-0.5135047652860971,-1.6137706569265227,1.8070190958099517
B,masked_angular_velocity,0,conv,671,3,2,671_T3_P1_R2,28,5,2.3278729915618896,1.330517053604126,-9.497072219848633,15.879873275756836,3.722835063934326,1.6208244562149048,-1.7447776794433594,-4.552397727966309,-0.7464405298233032,-1.6703609228134155,-0.031712502241134644,1.511755108833313,3.980978012084961,3.9855690002441406,5.602394104003906,-1.2063257694244385,-1.0290664434432983,5.195234775543213,-3.9372150897979736,2.258121967315674,0.9263885617256165,2.122480869293213,2.0535075664520264,-6.342296600341797,10.942571640014648,-5.787094593048096,-6.000124931335449,0.25622111558914185,7.030797004699707,2.0045645236968994,-1.5724338293075562,5.973212242126465,2.4487152099609375,1.2021900415420532,-8.849703788757324,14.60046100616455,3.4325222969055176,1.0033881664276123,-1.3019559383392334,-4.0875701904296875,-0.7453387975692749,-1.6958162784576416,-0.03865068405866623,1.2461838722229004,3.6629512310028076,3.7973663806915283,4.98769998550415,-0.761351466178894,-1.0872293710708618,5.275599956512451,-3.3014087677001953,1.9095617532730103,0.7569634914398193,1.7041785717010498,1.8817001581192017,-5.742241382598877,10.030359268188477,-4.768104553222656,-5.704975605010986,0.043867990374565125,6.321268558502197,2.0978102684020996,-1.4344971179962158,5.57135534286499,0.045134630970065,1.373592285325725,-1.9178012302650422,2.2071857103653514,2.208280131947924,1.3983790843968213,-1.7932598823403183,-1.698826940795739,0.09414983041697804,1.2555347182331213,1.2960174314930155,2.0707724737287325,1.9839270442473016,1.542162026158008,1.8625931761138517,-1.734962320475867,-0.779304536968054,0.8188932095645232,-1.206061897447227,1.9719086618147699,1.3541806709610553,1.2785987966784151,1.5347597370459038,-2.0225195155450555,1.8748750411081232,-2.2461378294173207,-1.5271901109162385,0.8672660919948989,2.171066525656589,-0.06597521130754905,-2.0566503837362076,1.8798384695164079,0.25098084925201547,1.117942219975608,-1.2923195433383934,1.5207138261929778,1.4018073374891846,0.6523501411849162,-0.7377700004986691,-1.0510993569583442,0.09846073905049055,1.0572958595743644,1.2565365173441136,1.2640651398930878,1.4109879400186907,1.2777939853836828,1.103057391716272,-0.8627277106649516,-0.8906020447128673,0.9137351388164567,-0.5223936222747388,1.1697039774620497,0.5227548242403591,0.5878703097672193,1.0532924601300444,-1.3263142607748644,1.2469097054305451,-1.4089148372945963,-1.240093113594527,0.3035434389340027,1.4660478911761239,0.09308149473956909,-1.7398550901704588,1.41505516414124
B,masked_angular_velocity,0,conv,790,1,1,790_T1_P1_R1,25,5,2.547145128250122,0.9503136873245239,-8.32373046875,13.451199531555176,3.2234110832214355,0.9515362977981567,-1.113307237625122,-3.9559502601623535,-0.9089466333389282,-1.8598741292953491,-0.2829791307449341,1.1235859394073486,3.3012566566467285,3.2711338996887207,4.735415458679199,-0.4758847653865814,-0.6258938908576965,4.949709892272949,-3.2945804595947266,1.6501245498657227,0.7721055746078491,1.6968023777008057,1.7933390140533447,-5.243132591247559,9.4118070602417,-4.12049674987793,-5.15670108795166,0.1718413382768631,5.680956840515137,2.123167037963867,-0.9845593571662903,5.170375823974609,2.6928558349609375,1.1379344463348389,-8.470759391784668,13.661537170410156,3.235013961791992,0.8438258171081543,-1.012000322341919,-4.024975299835205,-0.8045488595962524,-1.9557640552520752,-0.2583586275577545,1.068331003189087,3.3198440074920654,3.531930923461914,4.786233901977539,-0.36698558926582336,-0.7014986276626587,5.364470481872559,-3.1261367797851562,1.5264976024627686,0.8085289001464844,1.5497701168060303,1.8685858249664307,-5.440235137939453,9.696452140808105,-4.036671161651611,-5.495939254760742,0.13984735310077667,5.823214530944824,2.3891994953155518,-1.0687283277511597,5.295778274536133,0.4186497412829633,0.6161606532709825,-0.7841292505567258,0.9040748258949696,0.8209079089698894,0.589698936474113,-0.2881153513153608,-0.8676897355662098,-0.5417045302648689,-0.22034808732869243,-0.13378443940150908,0.8916584706346361,0.7593802246139821,0.5385957918110282,0.7913272585085437,-0.3031584975793566,-0.00781367207263845,0.529141685940017,-0.5150513046051717,0.5726141838746045,0.5970618513353726,0.5756903321880158,0.8056720223114382,-0.7472302235595258,0.821098969527249,-0.8768270022494141,-0.7067755431453792,0.6432675391693727,0.8298065283935735,0.136334357813997,-0.7064977152666045,0.9512880262673257,0.6668580485847035,0.9899338376816365,-0.9261870460508584,1.0169315866248287,0.8531394609414307,0.4595559588907319,-0.046644845517029555,-0.9638744661357226,-0.13321645833780338,-0.967113190665678,0.006315513360188996,0.7238139398712161,0.7928662586718933,0.9049374738249769,0.8541201521772818,-0.08969524589407367,-0.15248718347623086,1.018613800767255,-0.3339274748906902,0.28808915094333154,0.7758033404971478,0.33290071760327794,1.016541320227851,-0.9759161260902525,1.0170479570164432,-0.8079541751564399,-1.0367596469104665,0.5583348007248998,0.9711601329737931,0.5901275643571363,-0.8998060034150462,1.096326931296447
B,masked_angular_velocity,0,conv,790,1,2,790_T1_P1_R2,26,5,2.5628697872161865,1.040757417678833,-8.88752269744873,14.407597541809082,3.457643508911133,1.3683993816375732,-1.3895868062973022,-4.287339687347412,-0.8449445962905884,-1.9648643732070923,-0.24137935042381287,1.2283684015274048,3.657188892364502,3.452441692352295,5.181625843048096,-0.7664351463317871,-0.5872329473495483,5.010775566101074,-3.7324204444885254,1.9100630283355713,0.8924290537834167,1.9746143817901611,2.003307580947876,-5.675089359283447,10.212860107421875,-4.766820430755615,-5.401049613952637,0.2610899806022644,6.244223594665527,2.07063627243042,-1.058586835861206,5.472168445587158,2.3014633655548096,0.9006732106208801,-8.865817070007324,14.609594345092773,3.5772671699523926,1.8560113906860352,-1.5926214456558228,-4.567317008972168,-0.9815194010734558,-2.0316555500030518,-0.2141760140657425,1.4525140523910522,3.7294769287109375,3.2081120014190674,5.505914211273193,-1.0326621532440186,-0.2752019464969635,4.793112754821777,-4.360174655914307,2.0556023120880127,0.9915482401847839,2.365435838699341,2.0506248474121094,-5.573521614074707,10.37817668914795,-5.158232688903809,-5.140973091125488,0.46346646547317505,6.326467990875244,1.7664989233016968,-1.0161244869232178,5.513493537902832,0.44543525884953655,0.7963404741709998,-1.3288600947297717,1.4172314229533718,1.4715926531982153,1.0933817263869492,-0.9466427854883623,-1.3294743608754085,-0.2912772220964308,-1.0379847219714786,0.1029339091858819,1.2099483461747655,1.4006070063423521,0.7932788710250116,1.3426785485972654,-0.8726926911703661,0.06616581358684803,0.6012069362235276,-0.9858504507920905,1.1708574633855215,1.1875295666914283,1.034431740795009,1.3940808848694162,-1.248401538198383,1.3725424903494183,-1.407859848162341,-0.9444591916543981,0.8801912690211144,1.3894929923596164,0.04672914525916901,-0.8765141989286299,1.3003370986580738,0.000147546970692769,0.5172682356631984,-1.3078886081081393,1.525614134374703,1.8038996850120044,1.6825478908108527,-1.4305868510217103,-1.7196162963023256,-0.8256680625742228,-1.5581368954989017,0.25773134388093133,1.890820139346749,1.5308369075738608,0.4500690325677989,1.74337989348533,-1.394548456181059,0.6632526984616522,0.344336561202071,-1.660860830374066,1.5058133277291166,1.6739410948716693,1.6797823273337855,1.5266807893856618,-1.1305594908833099,1.4863460997631401,-1.7294523034803801,-0.6914772767462423,1.4174294309076618,1.4712148457789467,-0.4720629116590443,-0.7789926263775534,1.3481334087054833
B,masked_angular_velocity,0,conv,790,2,1,790_T2_P1_R1,25,5,2.598766803741455,0.9664303064346313,-8.388976097106934,13.576684951782227,3.2938525676727295,1.1295113563537598,-1.1493014097213745,-4.158676624298096,-0.9612256288528442,-1.9562511444091797,-0.2936662435531616,1.183481216430664,3.3691678047180176,3.2425739765167236,4.937870025634766,-0.4972943663597107,-0.4233383536338806,5.0299272537231445,-3.514928102493286,1.6262009143829346,0.7739894390106201,1.8320348262786865,1.8730497360229492,-5.195333480834961,9.664724349975586,-4.278200626373291,-5.183934688568115,0.26163190603256226,5.780259132385254,2.061877489089966,-0.9391965866088867,5.2855072021484375,2.658876657485962,1.0307645797729492,-8.359479904174805,13.565473556518555,3.2357499599456787,1.14761221408844,-1.0842392444610596,-4.244729518890381,-0.9302390813827515,-1.990004301071167,-0.2865278124809265,1.1970670223236084,3.3041348457336426,3.2542872428894043,4.943541049957275,-0.44503164291381836,-0.3464771807193756,5.191622257232666,-3.4551234245300293,1.4793250560760498,0.7875410318374634,1.7612050771713257,1.8764183521270752,-5.208734512329102,9.749249458312988,-4.197903156280518,-5.256337642669678,0.3245585560798645,5.747446060180664,2.1805505752563477,-0.9483417272567749,5.312427520751953,0.5065837719886128,0.6482677132456288,-0.847169630660512,0.971404071422751,1.0165909144480143,0.8047407003433593,-0.3739091921909123,-1.1501843205251077,-0.7462620797001333,-0.9709075581298002,-0.19459807917680616,1.0735981319283083,0.8817249738517627,0.4984778885150883,1.0414865094969392,-0.3451253897331438,0.3797862600402471,0.6238083116613444,-0.7519859769869374,0.5175545448429413,0.6063067086877851,0.7989951605330992,1.0290504346431717,-0.6917719664346449,0.9952070934390791,-1.0063998517059836,-0.7332666182131418,0.8816299237264579,0.9284771766141635,0.03178782609514086,-0.6023143736557017,1.0844473174277087,0.6089767183023529,0.7764328964665814,-0.8186693603189997,0.9653890085902249,0.8551840887804681,0.8266114518222678,-0.21883009693358338,-1.2700975953858413,-0.62501801634975,-1.2337693203036242,-0.15397784912844442,1.1148666919482317,0.7645658332636257,0.5149316313840054,1.048493840850185,-0.24268039115687984,0.5268640232068387,0.8146302600700965,-0.6876794683784753,0.1795225048214966,0.6728088270673722,0.6820363949170342,1.0384905477585507,-0.707320834551045,1.053393396168274,-0.940425862009692,-0.8036946268353843,1.0486780157441344,0.8958726123854203,0.23421850385735107,-0.6233179815730965,1.115583146051924
B,masked_angular_velocity,0,conv,790,2,2,790_T2_P1_R2,26,5,2.746570587158203,1.1228725910186768,-8.723442077636719,14.138615608215332,3.3794639110565186,1.075974702835083,-1.1595423221588135,-4.238369464874268,-0.9716416597366333,-1.9462130069732666,-0.3080124258995056,1.1855666637420654,3.515881299972534,3.5538742542266846,5.088644504547119,-0.4709470272064209,-0.6136077642440796,5.313481330871582,-3.453543186187744,1.6837587356567383,0.7778725028038025,1.793463945388794,1.9231983423233032,-5.462147235870361,10.047707557678223,-4.471592903137207,-5.554184913635254,0.2362808734178543,6.05005407333374,2.2253270149230957,-1.0499238967895508,5.520739555358887,2.7186739444732666,1.0757043361663818,-8.588346481323242,13.798307418823242,3.3217880725860596,0.8941631317138672,-1.0878254175186157,-4.059547424316406,-0.8956656455993652,-1.9403009414672852,-0.26971331238746643,1.0739753246307373,3.3819313049316406,3.5475082397460938,4.898477077484131,-0.42931023240089417,-0.7013810873031616,5.291581630706787,-3.264463424682617,1.6283378601074219,0.8029354214668274,1.6923065185546875,1.8917900323867798,-5.382926940917969,9.781235694885254,-4.229657173156738,-5.462420463562012,0.14764055609703064,5.84329891204834,2.277977705001831,-1.0161914825439453,5.360348701477051,0.758357310392954,0.9599279990966044,-1.1703273732052235,1.2729088550404808,1.2544138778510212,0.7400542574194818,-0.39831895658269373,-1.2612348499490564,-0.7870181576818917,-0.8927335025292351,-0.276233312270698,1.0799327935245395,1.1460359996525173,0.9357608862559298,1.2277878438468306,-0.29347954967128054,0.01569637439053933,0.9584401280830772,-0.68597980898024,0.6500224177814626,0.6253622825536135,0.7353044858324779,1.1695850133815058,-1.0013388102584049,1.2588517196779203,-1.1652949161852109,-1.093416337783189,0.8143317873920323,1.1965572367131334,0.31059691895871955,-0.8566183273419101,1.356514205352342,0.7108373615490685,0.8659608592753767,-1.0397989435784267,1.0903159607841282,1.0941929433317164,0.5203768349573968,-0.22737772415704688,-1.0120505047795185,-0.48973882006785807,-0.8466924986335516,-0.05829683833223274,0.7409598382510926,0.9047194363912252,0.9268187130252944,0.9928111141029123,-0.21186348941519828,-0.15226235539352442,0.9325949371985788,-0.4826668035662337,0.5224724198322878,0.7483544896202691,0.5682665220502333,1.0815674965330018,-0.9094245701748429,1.0754129743896996,-0.9665154758163037,-1.004155185458973,0.579023050808544,0.9911166730729253,0.4004080318796003,-0.7791461097569063,1.1710079002881606
B,masked_angular_velocity,0,conv,790,3,1,790_T3_P1_R1,27,5,2.8719375133514404,1.1618082523345947,-8.328367233276367,13.239465713500977,3.1230645179748535,0.5392738580703735,-0.9100284576416016,-3.8590354919433594,-0.8655983805656433,-1.8601566553115845,-0.3811587691307068,0.93304443359375,3.1851701736450195,3.508584976196289,4.541642665863037,-0.11014673858880997,-0.8011943101882935,5.325070381164551,-2.742806911468506,1.4021170139312744,0.6608527898788452,1.3036748170852661,1.765332818031311,-5.26938533782959,9.34854507446289,-3.7000651359558105,-5.482522964477539,-0.011048215441405773,5.6426286697387695,2.4334702491760254,-0.9508472681045532,5.1960272789001465,2.826746702194214,1.0421628952026367,-7.8711371421813965,12.358223915100098,2.9544858932495117,0.23958119750022888,-0.698448657989502,-3.6447272300720215,-0.8769277334213257,-1.8573071956634521,-0.3918111324310303,0.8659862279891968,2.9070239067077637,3.307830810546875,4.200288772583008,0.10555803775787354,-0.7227224707603455,5.339885711669922,-2.4446308612823486,1.1626951694488525,0.5739582777023315,1.1516021490097046,1.6198867559432983,-4.819388389587402,8.758088111877441,-3.039599895477295,-5.195616722106934,-0.08221262693405151,5.110429286956787,2.4328243732452393,-0.841241717338562,4.883902072906494,0.9719112047195265,1.0374945558060895,-0.7886093275006699,0.7904680996685504,0.5421503376644126,0.09157524279971015,0.19641108048850875,-0.7326412704208286,-0.3720913332145459,-0.2225482873008818,-0.6924634369817839,0.31286376190595605,0.5502458221065809,0.8721434096452765,0.5518958919950594,0.41375795768455,-0.3432599521749248,0.9721165675487328,0.07825901507754604,0.0018296886643300093,0.051107049910019665,-0.07346830697615717,0.7271886846388682,-0.7776896762279879,0.777549201705714,-0.5313918596361413,-1.023709126890947,0.15776026742839316,0.7917213312356867,0.665644211899215,-0.6290721319179515,0.9809564517488024,0.8949318752730588,0.7991403850188818,-0.3468377151255336,0.31763602575417277,0.07384861153851026,-0.2705339251423228,0.7007230416479546,-0.43400741091367634,-0.41642106903072273,-0.20035709851077432,-0.7530794353043009,0.10916581064518054,0.049154461203038735,0.590144543898601,0.13010809960459124,0.836580543570079,-0.19310014909459708,0.9896004318393448,0.39888121777035856,-0.549194739078122,-0.37531372461556345,-0.3245806336680049,0.31959571106971457,-0.2555874884562311,0.3710795365348007,0.011259929520884416,-0.7446297169195982,-0.03115617495479789,0.26290499054459915,0.6645419971275499,-0.3773448566332862,0.6199562657695543
B,masked_angular_velocity,0,conv,790,3,2,790_T3_P1_R2,25,5,2.991816997528076,1.3123774528503418,-8.44033145904541,13.49292278289795,3.1185755729675293,0.5590847134590149,-0.9239351153373718,-3.9484221935272217,-0.8781161308288574,-1.832413911819458,-0.37699323892593384,0.9261189699172974,3.2547004222869873,3.6866977214813232,4.657839775085449,-0.054226577281951904,-0.8674296140670776,5.44656229019165,-2.685480833053589,1.3962815999984741,0.6146117448806763,1.2288932800292969,1.7991489171981812,-5.4292097091674805,9.57957649230957,-3.902193069458008,-5.740016460418701,0.00541898887604475,5.845856666564941,2.507124900817871,-0.9972090721130371,5.336264610290527,3.980611801147461,1.6233046054840088,-7.7625532150268555,12.232093811035156,2.637625217437744,-0.46393948793411255,-0.21350900828838348,-3.588031768798828,-1.0631067752838135,-1.7081115245819092,-0.8048393130302429,0.5245528817176819,2.6688103675842285,3.8305411338806152,3.9077205657958984,1.1416276693344116,-0.9315617680549622,6.052271842956543,-1.2266104221343994,0.5161148905754089,0.14279499650001526,0.18860730528831482,1.6114461421966553,-5.082435607910156,8.829830169677734,-2.5795845985412598,-6.20356559753418,-0.2095273733139038,5.238136291503906,3.2034995555877686,-0.6079061031341553,5.260457992553711,1.1761182712365883,1.337454667450211,-0.8967885122024448,0.9264612215642523,0.5296799792497197,0.1155120811144457,0.16326360041581328,-0.8571998414260822,-0.4210708234175387,-0.006494099225234401,-0.6687600216221293,0.2918268610504596,0.6755077794651985,1.1223383740643624,0.6954721995218486,0.5233721607888968,-0.4700044485819057,1.1154925610083042,0.13990010647103193,-0.01160023433820102,-0.1758134479592392,-0.19695246821505988,0.8219536528163521,-0.963123958836295,0.9365909551397322,-0.6974643770699613,-1.2741783417160693,0.20147489748783518,0.9936584001252428,0.7912821445078678,-0.7355500127959854,1.143152818872451,2.8604622143396936,1.9568756196149386,-0.24192496320031695,0.24996115587527462,-0.8063729786711061,-1.1205758830754977,1.8566032549589508,-0.35500364582135047,-1.144902760687835,0.9615423981952438,-3.1033652393254667,-0.9279820304742141,-0.379997425022021,1.324395062877827,-0.2313986723080123,2.867474859708586,-0.592724430025681,1.8303098154680248,1.7085915566166552,-2.037286969688531,-2.49117709892572,-1.914741965840273,0.2959421695118809,-0.5607843110135128,0.42046654258115856,0.3892179823117577,-1.7250812192894724,-0.3691319626243346,0.38980013065214136,1.9791451095652828,0.15854965872466836,1.05547563043748
B,masked_angular_velocity,1,conv,252,1,1,252_T1_P1_R1,23,5,-0.8972940444946289,3.4905083179473877,-5.979935169219971,3.8289389610290527,4.9825029373168945,10.018930435180664,-3.255190372467041,-3.3943703174591064,2.801064968109131,1.1269042491912842,1.1353740692138672,-5.600303649902344,-0.7035707235336304,0.45793819427490234,3.3316047191619873,-1.3526811599731445,-0.601201057434082,-0.41434550285339355,1.8324062824249268,-0.07631559669971466,0.7560341954231262,-1.3745601177215576,1.107071876525879,-1.2194221019744873,0.736575722694397,-5.0937604904174805,2.3062093257904053,-3.3723855018615723,4.978964328765869,-0.16776365041732788,3.7979378700256348,-0.4840924143791199,-0.9475237131118774,3.6754908561706543,-6.190526008605957,3.9260196685791016,4.932651042938232,10.210983276367188,-3.3969242572784424,-3.4643707275390625,2.68491792678833,1.321408987045288,1.0245351791381836,-5.595106601715088,-0.8538216352462769,0.4841715693473816,3.3184242248535156,-1.5124847888946533,-0.6553990244865417,-0.3664870858192444,1.8430454730987549,-0.1768215000629425,0.7443768978118896,-1.4784959554672241,1.1199883222579956,-1.2843537330627441,0.6768192052841187,-5.024635314941406,2.2688021659851074,-3.4601409435272217,4.855593681335449,-0.17983844876289368,3.837068557739258,-0.3624590337276459,-0.11611436011255652,0.03288191405335107,-0.14825245143718982,0.1441102862901153,0.24295328057200272,-0.0030093067732953837,0.004918286777594273,0.1945646137212199,0.2530203914187397,-0.13698424076451465,0.06227433212213498,-0.02332559886994634,-0.07891276985910947,-0.1992564299022523,-0.08655828611770126,-0.1282946559193321,-0.34346416958075987,-0.24621160516973034,-0.19326076489317517,0.46067707511315037,-0.10698396236868576,0.06506577462793041,-0.4049939729972463,0.10014617590684875,-0.024321792697248056,-0.24244113576314907,0.041650044222936985,-0.1638835512653984,0.11538312065047454,-0.49546874490889864,-0.10685552410207473,-0.17708287828971964,-0.3352451165408533,0.3816725129952128,-0.4940938413758432,0.3142976201771064,0.18704098701975544,0.24944173854928414,-0.2419448888903654,0.05487517351054505,-0.028312467691636,0.21657531843671177,-0.4310212332205697,-0.008913222494362775,-0.30049185636486186,-0.15674428159065706,-0.12458769982982595,-0.6424922728280491,-0.5412318708348024,-0.030452993296666397,-0.17370553038057324,0.05897109147908917,-0.13770146576887154,-0.20161525262667618,-0.3245713182955161,-0.13871603719585465,-0.4615445301972848,-0.13177344282594144,-0.08923285665157395,-0.32555397174641143,-0.21075743628416946,-0.5759654019675393,0.024977504301844155,0.1326849342911835
B,masked_angular_velocity,1,conv,252,1,2,252_T1_P1_R2,25,5,-0.8711142539978027,3.494084596633911,-5.633708953857422,3.525014877319336,4.778873443603516,9.923981666564941,-2.9051387310028076,-3.384695529937744,2.7822251319885254,1.1460027694702148,1.2286078929901123,-5.629456996917725,-0.3545286953449249,0.6872916221618652,3.4624671936035156,-1.1685798168182373,-0.5245352983474731,-0.46564364433288574,1.9251693487167358,0.02005913108587265,0.9333330988883972,-1.3764076232910156,1.0727123022079468,-1.2791128158569336,0.8494455218315125,-4.930120468139648,2.4284958839416504,-3.0567805767059326,5.053035259246826,-0.15391628444194794,3.7712349891662598,-0.7442549467086792,-0.8773280382156372,3.5987448692321777,-5.385432243347168,3.2063937187194824,4.283638000488281,9.940176963806152,-2.6709766387939453,-3.512253522872925,2.5714685916900635,1.4374383687973022,1.2684504985809326,-5.696135997772217,-0.028720449656248093,1.040837049484253,3.6305992603302,-1.0677778720855713,-0.3937195837497711,-0.4366229176521301,2.1869466304779053,-0.07216959446668625,1.1169837713241577,-1.5007655620574951,1.0379524230957031,-1.3278335332870483,0.8833470344543457,-4.591913223266602,2.5147030353546143,-2.756084442138672,4.95391321182251,-0.09128023684024811,3.766195297241211,-0.8317661285400391,-0.0019030678718359173,0.03962608222262083,0.42033471260119376,-0.3886840331865876,0.014569962087222327,-0.12781908732743957,0.6146152858575116,0.2138710219448961,0.20738523187223917,-0.10226774432188956,0.4772172245275298,-0.10417136943858862,0.4358287881236443,0.17241903135913533,0.29102547050101457,0.46408493106214443,-0.06371176036533063,-0.47747748189854516,-0.02276043088020314,0.8458714040093269,0.3602086729952516,0.06032521914234259,-0.6189289884977275,-0.1194364972072631,0.8015160811924712,0.01954209579559887,0.46951654802629034,0.417551046732399,0.31119567652876867,-0.4031552782287749,-0.196818516896423,-0.8396475641830652,-0.02901086053907062,0.23696506992892247,0.8280642377561265,-0.9472434905852403,-0.540866535564429,-0.10652956507670244,1.0224639417436943,-0.04067860316131159,-0.3031101860218236,0.42748713690446455,0.6545395799248345,-0.28907926607336426,0.916306872375509,0.7453522058936456,0.7761439196097435,0.7884336759704706,0.41363332362573085,-0.34664400693066544,0.4583906749961574,0.4772479696383939,0.844138247757181,-0.25875522148454067,-0.835357352275342,-0.29866422024222544,1.0495649624557086,0.5610043659121428,0.7711445805369441,0.9715196123485283,0.04915758301343979,0.014407816991344824,-0.2137962236143684,-1.06251526225578
B,masked_angular_velocity,1,conv,252,2,1,252_T2_P1_R1,25,5,-0.759792685508728,3.2262585163116455,-6.2861328125,4.059540748596191,5.472278118133545,9.826444625854492,-3.521592617034912,-3.1183228492736816,3.019726276397705,0.7919796705245972,1.1521937847137451,-5.499906539916992,-1.0258225202560425,0.10836496204137802,3.150399684906006,-1.3814904689788818,-0.7584372758865356,-0.5329068303108215,1.5435470342636108,-0.04860137403011322,0.5136381387710571,-1.1553205251693726,1.0981645584106445,-1.0796239376068115,0.6426451206207275,-5.500084400177002,2.2816550731658936,-3.687796115875244,5.069338798522949,-0.1733759492635727,3.756840944290161,-0.43490543961524963,-0.7331530451774597,3.252793788909912,-5.875740051269531,3.6492838859558105,4.643113136291504,9.425294876098633,-3.2515323162078857,-3.172145366668701,2.590534210205078,1.258793592453003,1.0302889347076416,-5.333600997924805,-0.7365432977676392,0.4433526396751404,3.176270008087158,-1.3301664590835571,-0.5523521304130554,-0.43963176012039185,1.7722256183624268,-0.2899685800075531,0.5479831695556641,-1.287082314491272,1.0317142009735107,-0.9938942193984985,0.628139853477478,-4.858422756195068,2.256092071533203,-3.28271222114563,4.596597194671631,-0.06079063564538956,3.5439200401306152,-0.35277777910232544,0.48374560944920936,-0.46536778224175646,-0.6511033725239609,0.5483665952930172,0.7922657639388271,-0.25602981050724793,-0.4590848049880189,0.7454338273105697,0.7826629534441211,-0.7457905925706063,0.137131719536946,0.25508717772747824,-0.5541461494310665,-0.7657525507317013,-0.6093963089113361,-0.2209940236043463,-0.9172176876577802,-0.7807178885260655,-0.7241885186523775,0.5714463743506589,-0.7457110134705391,0.627595312157609,-0.4604534515476977,0.6144183830904651,-0.7115872614892749,-0.8929556515240231,-0.04426300353512379,-0.7449598452954848,0.35429502142585606,-0.5328830952403185,-0.24531248019096727,-0.0518166957067285,0.5999632577742766,-0.4153352277146093,0.022860973245231418,-0.17083457850606856,-0.13769390330473502,-0.7833383960320559,0.011289235531330077,0.6380275166611753,-0.25692920518735624,0.10275654709866489,-0.4054137715842117,0.7162681252725218,-0.1275383879318862,-0.22289285304116851,-0.5347526026999114,-0.05584967438092479,-0.1652150683450742,-0.360208785220313,-0.30387359004913406,-0.39325955621762376,-0.6552098840705292,0.28951820074526713,-0.8741984902803447,0.9297896723277141,-0.8177188600874817,0.13432886410707212,-0.1337048018330673,0.0013206047347145366,-0.8954383143025428,0.21766668874466255,-0.9626464780702838,0.15734060520161813
B,masked_angular_velocity,1,conv,252,2,2,252_T2_P1_R2,25,5,-0.9044979810714722,3.6212821006774902,-6.055472373962402,3.756728410720825,4.9795241355896,10.237513542175293,-3.194103956222534,-3.4759421348571777,2.860788345336914,1.1199707984924316,1.2186305522918701,-5.7123517990112305,-0.6754232048988342,0.5617953538894653,3.4469826221466064,-1.3286899328231812,-0.6161736249923706,-0.42195677757263184,1.92880380153656,0.07590615749359131,0.88758784532547,-1.458633303642273,1.0693553686141968,-1.3041192293167114,0.8146882057189941,-5.169035911560059,2.3323090076446533,-3.317631244659424,5.12253475189209,-0.23716869950294495,3.83463978767395,-0.6413492560386658,-0.9498055577278137,4.02762508392334,-5.742586135864258,3.384805679321289,4.1764116287231445,10.528759002685547,-2.9584579467773438,-3.857168197631836,2.532386302947998,1.5994818210601807,1.2347068786621094,-5.888121604919434,-0.31962859630584717,1.0962128639221191,3.6994872093200684,-1.2746387720108032,-0.3667210042476654,-0.28424614667892456,2.4428985118865967,-0.05604954808950424,1.2086409330368042,-1.7374706268310547,1.1040955781936646,-1.4827642440795898,0.911060094833374,-4.576504230499268,2.3758351802825928,-2.906601667404175,4.974174499511719,-0.2003737837076187,3.9211180210113525,-0.661284327507019,-0.1475426146761139,0.2794600721159574,-0.27230384195532364,0.01752073186481668,0.23961199050004578,0.2843163966016585,0.11131448347401726,0.03178230745533335,0.39768251080987954,-0.14958730114058966,0.4328126175082384,-0.3340481965388965,-0.03740289059448203,-0.030952196123416577,0.2463465445380492,-0.051098926979855255,-0.3980992131839537,-0.2805253347367357,-0.016080377401609513,1.069083019754138,0.23966714656817026,-0.1506511976065075,-0.6398306575519384,-0.21142676311010913,0.5472064454658417,-0.3629565179884893,0.13296918075262623,-0.06301016489221112,0.4949246673143848,-0.9581574087098466,0.016794624567330607,-0.5775742707455678,-0.3452001664711458,1.0456302459054347,0.24153077589298722,-0.6344787598957273,-0.6611271659394808,0.6671548899832606,0.5217478012903858,-0.7289770638982691,-0.39777556034189965,0.7220401770415265,0.5043615742174573,-0.8214743921382854,0.4872968200566572,0.8350907027890503,0.9749093451265642,0.12282070352745686,0.5121508878976356,0.3403113371411865,0.9288345859595795,0.5416772184346763,1.0856598268726465,-0.8660980699690972,-0.4235255368263229,-0.8686038310822566,1.25233464097723,0.5856732963285571,0.28526223961803726,0.6942239574943253,0.10272088884659007,-0.7128641155728697,0.30814256921054306,-0.6283435506737252
B,masked_angular_velocity,1,conv,252,3,1,252_T3_P1_R1,25,5,-0.8147526979446411,3.300884962081909,-6.6690168380737305,4.4058685302734375,6.141547203063965,10.255899429321289,-3.7566978931427,-3.222033977508545,3.308039426803589,0.36967605352401733,1.2310296297073364,-5.479860305786133,-1.4055893421173096,-0.16305215656757355,3.0169408321380615,-1.4658374786376953,-0.9700313806533813,-0.4653717577457428,1.2424132823944092,0.24573275446891785,0.6609060168266296,-1.099535346031189,1.127501368522644,-1.3466297388076782,0.7000514268875122,-5.9223222732543945,2.1554431915283203,-3.9571735858917236,5.464409828186035,-0.322825163602829,3.891941785812378,-0.4938226640224457,-0.7674380540847778,3.202610492706299,-6.997921943664551,4.711022853851318,6.7060346603393555,10.387901306152344,-4.016617774963379,-3.0847604274749756,3.5249621868133545,0.1285979002714157,1.239840030670166,-5.4943013191223145,-1.6421188116073608,-0.4320925772190094,2.952603816986084,-1.5222434997558594,-1.1264837980270386,-0.5505571365356445,1.0023694038391113,0.2545546293258667,0.5110833644866943,-0.9487845301628113,1.1874058246612549,-1.3330636024475098,0.6317440867424011,-6.293822765350342,2.1803596019744873,-4.2689714431762695,5.639888286590576,-0.3337983191013336,3.953857898712158,-0.45241492986679077,0.24397877089844103,-0.32465712553040654,-1.279892015647016,1.155497529228993,1.5428915247642154,0.30848316558002115,-0.868575556475592,0.5384721540603152,1.4810166148638002,-1.5134298941068753,0.48799575737921347,0.3106760211910412,-1.114198314090729,-1.205593842261977,-0.9944712287758961,-0.49239583373289336,-1.6893220504747481,-0.47625168035673726,-1.2776779755246075,1.7478526747078096,-0.3576517781105912,0.7707302545038248,-0.2777925347802099,-0.3678093205394516,-0.29156096905567436,-1.5689485269213435,-0.48586263715523365,-1.2412306303198024,1.3987017064735994,-1.5291859405004387,0.2098470105103088,-0.20186327151887307,0.4503926516588674,-0.5099570999513143,-1.8200320123789553,1.6904488180715909,2.175998904725637,0.48199879576457005,-1.3212881267812153,0.8124097358595597,2.0064483253502514,-1.9516479407264526,0.5272069464736089,0.2706297444387401,-1.4630147500653101,-1.6415835826923117,-1.1801050280886074,-0.6738928606224545,-2.2602152216802445,-0.860290232362166,-1.7188824820284296,1.7831123847427368,-0.7524430214146328,1.1575299452286565,0.09519546935655061,-0.31790350079083785,-0.791347025125581,-2.1637123154755136,-0.3986836350941382,-1.815651511622659,1.862593458761228,-1.6023385788068722,0.41844420333902227,-0.09640875620670131
B,masked_angular_velocity,1,conv,252,3,2,252_T3_P1_R2,24,5,-0.8222835659980774,3.308279514312744,-6.414519309997559,4.128378391265869,5.89617395401001,10.228245735168457,-3.4961917400360107,-3.280217409133911,3.2664451599121094,0.4790927767753601,1.3442833423614502,-5.629257678985596,-1.0227242708206177,0.13558098673820496,3.1627793312072754,-1.3105082511901855,-0.8452094197273254,-0.5200527906417847,1.4317831993103027,0.27622532844543457,0.815377414226532,-1.1447851657867432,1.125459909439087,-1.3725258111953735,0.749488890171051,-5.808534145355225,2.284858226776123,-3.709057569503784,5.542850494384766,-0.2779006063938141,3.9580135345458984,-0.6702254414558411,-0.7731848955154419,3.279609203338623,-6.270066261291504,3.913078784942627,5.862740516662598,10.043856620788574,-3.331559658050537,-3.139157772064209,3.2776598930358887,0.465745210647583,1.384398102760315,-5.5748090744018555,-0.8419361114501953,0.22721800208091736,3.187248706817627,-1.1859041452407837,-0.8403790593147278,-0.5865693092346191,1.4040493965148926,0.3586382269859314,0.8536542057991028,-1.1073496341705322,1.0929954051971436,-1.3749408721923828,0.7386323809623718,-5.749541282653809,2.332597494125366,-3.5701003074645996,5.5121660232543945,-0.2592550814151764,3.8997905254364014,-0.8293986320495605,0.2111247459236954,-0.31071534995779526,-0.8619446502209073,0.6690423712602848,1.2676903800741535,0.27213294592000936,-0.41484288069613456,0.4223637526410674,1.3802656692873332,-1.3145384411258518,0.9920384842313202,-0.10361721425543476,-0.5495769744604342,-0.7216480315121362,-0.5736774856318009,0.007404349156934664,-1.2338478696162407,-0.7227684011602703,-0.9296125098950407,1.8697266472159644,0.049388902383091945,0.6546270581565832,-0.2905030159755159,-0.4630722251049618,0.07016067255075525,-1.3867768030794734,-0.03305499612132552,-0.7841301577063222,1.6060666208452836,-1.2296965998263827,0.4324445057583164,-0.651114100714026,0.4253214522202199,-0.36477376888818164,-0.6247171900523568,0.2916112486431971,1.2301935535108444,0.02975559975351174,-0.12809718132466155,0.7038563528945782,1.4074315607698265,-1.3388008969739966,1.1705715799672785,0.04737207308853024,-0.2829638872861687,-0.5731469309165111,-0.5030743288271748,0.4083408194906549,-1.2162221215454185,-1.0226428159912637,-0.9805877350173736,2.1991177501634556,0.1502500537346758,0.7506799906617945,-0.492638743533219,-0.4719564090316125,-0.009273474272203552,-1.2923304535158988,0.13397941991102025,-0.5281312944471768,1.5249487345703425,-1.1053961800745915,0.23628947189277727,-1.056485939750037
B,masked_angular_velocity,1,conv,651,1,1,651_T1_P1_R1,24,5,-0.7641209959983826,3.352574586868286,-5.963344573974609,3.8629825115203857,5.084942817687988,9.769063949584961,-3.315944194793701,-3.185555934906006,2.7979795932769775,1.0168187618255615,1.068362832069397,-5.3926568031311035,-0.8213402628898621,0.32212501764297485,3.2746074199676514,-1.357678771018982,-0.6462215781211853,-0.4578038156032562,1.6809837818145752,-0.15839388966560364,0.6081074476242065,-1.2403329610824585,1.061858892440796,-1.1269304752349854,0.7028663158416748,-5.121179580688477,2.2937207221984863,-3.4435291290283203,4.833651065826416,-0.12978939712047577,3.6664204597473145,-0.4663122594356537,-0.586743950843811,3.0411975383758545,-6.158430099487305,4.0032877922058105,5.550390720367432,9.440296173095703,-3.4362518787384033,-2.8271470069885254,2.9473769664764404,0.737479031085968,1.0914874076843262,-5.201140403747559,-1.0366461277008057,-0.02328597567975521,3.0750679969787598,-1.3258380889892578,-0.8236037492752075,-0.6061547994613647,1.309850811958313,-0.1684701144695282,0.4037473797798157,-0.9630888104438782,1.0274465084075928,-0.9855130910873413,0.5934725999832153,-5.37130069732666,2.289879560470581,-3.6350021362304688,4.868169784545898,-0.12324938923120499,3.5158791542053223,-0.4352231025695801,0.4648630611006571,-0.22719585268061243,-0.1210070665290531,0.20378996307879982,0.35784532400496144,-0.3314566158581692,-0.10089900532241583,0.6112661129395551,0.24554642778226582,-0.33709098639078044,-0.23596361939411784,0.552501420666323,-0.252590754698739,-0.41934663924965543,-0.25101490520614506,-0.14437574653801982,-0.5077438502265554,-0.4421333037927336,-0.47157779051286297,0.13262332210618888,-0.4967790051874544,0.40946861924782174,-0.6865065725504167,0.4403930365925442,-0.2709645146637212,-0.28633822446798957,-0.0020468695701077455,-0.2949502593519501,-0.26876553811814874,-0.24231353456147584,-0.5499412879514292,-0.13180164141305853,1.2386844931035519,-0.8143048713110925,-0.44138477031431333,0.44975263032726687,0.8798734712101746,-0.7636190839584011,-0.31044338792508835,1.3264929043553972,0.6074174120434681,-0.844858938520097,-0.1330460058638891,1.0835948163778446,-0.5701079559498657,-0.9790976922940953,-0.826754009495007,-0.041922660003667005,-1.1550091555234048,-1.1109395254299956,-1.1537263216062335,0.09235023151807079,-1.035279129357682,1.1208277693701814,-0.9007711891454571,0.9606211982692454,-1.0713697508942193,-0.686776378117459,-0.015486223945119764,-0.6476986872465956,-0.17751241573545368,-0.19871444970806385,-1.0571185706531594,-0.05262571518283551
B,masked_angular_velocity,1,conv,651,1,2,651_T1_P1_R2,24,5,-0.8151260614395142,3.4018330574035645,-6.483767509460449,4.362373352050781,5.729968070983887,10.18518352508545,-3.7438411712646484,-3.221043348312378,3.0290331840515137,0.7503410577774048,0.9974875450134277,-5.402210712432861,-1.330095887184143,-0.029290396720170975,3.162855386734009,-1.5869349241256714,-0.8624047040939331,-0.41465601325035095,1.4153985977172852,-0.09294310212135315,0.49615374207496643,-1.2017724514007568,1.1353063583374023,-1.2392830848693848,0.6797549724578857,-5.588896751403809,2.181407928466797,-3.88824462890625,5.055028915405273,-0.21506202220916748,3.8234527111053467,-0.32433292269706726,-0.803673267364502,3.3736412525177,-7.169170379638672,4.880430698394775,6.4681878089904785,10.523157119750977,-4.273125171661377,-3.146393299102783,3.2604432106018066,0.41465839743614197,0.929599940776825,-5.339385986328125,-1.9593702554702759,-0.4670465588569641,2.9330549240112305,-1.8120990991592407,-1.160469889640808,-0.40609708428382874,1.043156623840332,-0.05955077335238457,0.3011605739593506,-1.0581128597259521,1.2185585498809814,-1.3429737091064453,0.5745419263839722,-6.114470481872559,1.9922924041748047,-4.413840293884277,5.259099006652832,-0.31393304467201233,3.950679063796997,-0.1258525550365448,0.24234977795272425,-0.1343174825378116,-0.9756677803579699,1.0792478905903116,1.0812806047530095,0.21552781897823473,-0.8461829006212067,0.5404487168616596,0.8052058345263757,-0.8214790468402986,-0.5513987284453948,0.5260065861868777,-1.002866205697721,-0.988828059982213,-0.5734579122540018,-0.8820490842777472,-1.2965937179124407,-0.2476114181954944,-0.9597275377952224,0.39421957489424797,-0.7917833163581607,0.5084079475625816,-0.22919553721865063,0.027084134718127956,-0.44006400496519127,-1.0351426114719167,-0.39501541931131107,-1.114243208025422,0.31646625446630555,-0.8107833669225402,-0.020894408552592815,0.22978201423534256,0.29231350297597725,-0.18747397698241336,-2.1012645202919957,1.9874289311130737,1.9092386298935964,0.659790767032155,-1.7680552896723871,0.6894182772766903,1.365728045453794,-1.4316636111318473,-0.8535371878135626,0.7002260173508069,-1.9308737878073488,-1.6982277888595045,-1.2365108385994994,-1.6065560326409245,-2.3842300540849033,-0.20902539667525835,-1.6439148964234775,0.5276833684703035,-1.3056010261772095,0.8770129426519325,0.28916386470417954,-0.3543599903479083,-1.209880759492484,-1.8765737781133367,-1.0567078406088979,-2.0825413098017433,0.8559421730365427,-1.4699067429427897,0.4077343031634946,0.7352586798185751
B,masked_angular_velocity,1,conv,651,2,1,651_T2_P1_R1,25,5,-1.0896729230880737,3.956036329269409,-6.023825645446777,3.7624568939208984,4.59487771987915,10.613199234008789,-3.304248332977295,-3.7836246490478516,2.537923574447632,1.467137098312378,1.0007398128509521,-5.687464237213135,-0.7029499411582947,0.8123576045036316,3.5423896312713623,-1.5074714422225952,-0.5637828707695007,-0.2202545404434204,2.146787166595459,-0.11291736364364624,1.0170753002166748,-1.727809190750122,1.1710255146026611,-1.504042148590088,0.7747924327850342,-4.81921911239624,2.220094680786133,-3.2815628051757812,4.907528877258301,-0.1694648414850235,4.023674011230469,-0.44080862402915955,-1.0172512531280518,3.824349880218506,-5.896759033203125,3.5824360847473145,4.602723598480225,10.309975624084473,-3.1321017742156982,-3.5347836017608643,2.5817418098449707,1.4182673692703247,1.0634872913360596,-5.635272026062012,-0.5728916525840759,0.7854546308517456,3.538754940032959,-1.3710057735443115,-0.6226329207420349,-0.3384163975715637,2.090923309326172,-0.0584975890815258,0.9866405725479126,-1.6394208669662476,1.0852926969528198,-1.4077047109603882,0.7649552226066589,-4.822531223297119,2.2991325855255127,-3.1861958503723145,4.869379997253418,-0.16299763321876526,3.9092509746551514,-0.6037381887435913,-0.9553826452437437,0.910648193334524,-0.2203317010928017,0.02756375846660239,-0.19179227322557185,0.7781518459281559,-0.08052820582578481,-0.5822160589245124,-0.3843630330533945,0.48147165378075396,-0.5369243468874937,-0.26503214014048593,-0.0779973486703672,0.375093146023336,0.5216286137110436,-0.6263607055812412,-0.20692574976626096,0.6288027577069123,0.3845776107550325,0.3143856641412336,0.5808740260965137,-0.8413087068367029,-0.006795299277162603,-0.9468781615130346,0.2552996289049635,0.19709226030751914,-0.25965549755593303,0.0034381823980579344,-0.07346252490226488,-0.5068097126379429,0.6536562501264026,-0.06685058320306517,-0.6394374096964892,0.6623497790263132,-0.011658050157947597,-0.28802272699725356,-0.182992750291818,0.3795662323610262,0.2193056234393927,-0.08563854854191666,-0.27822575260215654,0.3926390232227508,-0.25766244239402125,-0.12029637132564779,0.11380306644614172,0.33149586805153425,0.511141834354177,-0.1872577035819249,-0.4216688695456994,0.09609737595635229,0.2818983447322815,0.5318927890217802,0.5006768331024137,-0.6145196861255692,-0.5405989148426076,-0.5924843271366189,0.183323555350777,0.191790344608568,0.016888844954445474,0.17913129587469143,-0.174312608349135,-0.46369604624567773,0.2681619754526299,-0.481788856676688
B,masked_angular_velocity,1,conv,651,2,2,651_T2_P1_R2,26,5,-1.0769171714782715,3.9143378734588623,-6.034869194030762,3.797407627105713,4.665781497955322,10.6162109375,-3.3027687072753906,-3.785015106201172,2.5659220218658447,1.450674057006836,1.0046398639678955,-5.714346885681152,-0.6837931275367737,0.8141691088676453,3.5493080615997314,-1.5083436965942383,-0.5465763211250305,-0.2372252196073532,2.1149306297302246,-0.13654449582099915,1.0018351078033447,-1.6978042125701904,1.1850448846817017,-1.5101146697998047,0.7729603052139282,-4.87106990814209,2.2673983573913574,-3.2910423278808594,4.950612545013428,-0.1583290696144104,4.029957294464111,-0.4491923451423645,-0.9507952928543091,3.6046981811523438,-6.083093643188477,3.8423359394073486,4.959460258483887,10.215165138244629,-3.340770721435547,-3.4236226081848145,2.6694703102111816,1.2173727750778198,1.0260279178619385,-5.5116143226623535,-0.813046932220459,0.5162395238876343,3.380795955657959,-1.4426581859588623,-0.7038607597351074,-0.35432881116867065,1.8148109912872314,-0.14645662903785706,0.8215972185134888,-1.4700499773025513,1.1033445596694946,-1.3436667919158936,0.6891891956329346,-5.031117916107178,2.2607758045196533,-3.403170347213745,4.907371997833252,-0.14319416880607605,3.8641903400421143,-0.46817684173583984,-0.8997342512933841,0.8320244229917442,-0.23846735254180484,0.08883383823906013,-0.112269203097271,0.782108890797762,-0.07795067800158499,-0.5849909110975211,-0.31654563672202507,0.4515460997931012,-0.5195670825252334,-0.3395781510043744,-0.04974626750370097,0.3780288194299796,0.5415904847976577,-0.6291671542669344,-0.14413913627152936,0.5522943222804229,0.32602417930367034,0.21995182103552988,0.5407153955222723,-0.7643218404606408,0.08049480589848892,-0.9692168804852633,0.24189443395449262,0.11408085678449309,-0.09414483070705366,-0.014025527945488513,0.040432415553572756,-0.432573136740612,0.6748247010869853,-0.08820161943391393,-0.34951779404149275,0.24819082991791763,-0.3176639733877523,0.16759580585419961,0.21711001190001156,0.25493875597073956,-0.1441405048010541,0.1361901306845147,-0.0657299006694441,0.027464427604843866,-0.4243784456648537,0.2226197847331015,-0.24036031493715285,-0.10477698763793146,0.05537489455486029,-0.41781250263709646,-0.7180683204970408,0.024359802893079863,-0.2256009905466642,0.18033458330737615,0.065778232418552,-0.17994443721827,-0.4282016225403965,-0.3569092651857365,-0.3710369651351777,-0.142152083980637,-0.1173169763732103,-0.2205980034341609,-0.07387869182787928,-0.33167639588563513,0.11635134535419907,-0.13655009321484143
B,masked_angular_velocity,1,conv,651,3,1,651_T3_P1_R1,24,5,-0.8017857670783997,3.339160919189453,-5.925593376159668,3.8285229206085205,5.039299011230469,9.854291915893555,-3.258160352706909,-3.2796378135681152,2.827087163925171,0.9704065322875977,1.1544368267059326,-5.496331691741943,-0.741809606552124,0.39720746874809265,3.289884090423584,-1.2939584255218506,-0.6013699173927307,-0.457660436630249,1.7551443576812744,-0.09867704659700394,0.7209897041320801,-1.2622944116592407,1.1179027557373047,-1.1850926876068115,0.7426258325576782,-5.128525257110596,2.3105549812316895,-3.3903427124023438,4.994141101837158,-0.13920529186725616,3.7668609619140625,-0.4862760603427887,-0.7019007802009583,3.1671245098114014,-5.938270568847656,3.8699615001678467,5.157839298248291,9.663744926452637,-3.2676849365234375,-3.119875431060791,2.8754591941833496,0.8549335598945618,1.1612136363983154,-5.390687465667725,-0.804509162902832,0.2599773406982422,3.227682113647461,-1.2619006633758545,-0.6466480493545532,-0.5151532292366028,1.6077054738998413,-0.16174885630607605,0.6245441436767578,-1.12701416015625,1.091123342514038,-1.1173814535140991,0.7376133799552917,-5.200430870056152,2.350208282470703,-3.4128880500793457,4.989568710327148,-0.12718136608600616,3.664424419403076,-0.4910602569580078,0.3005478795449599,-0.25248762291113447,-0.05901074596882603,0.14338057814745883,0.306653256508144,-0.21942478915106892,-0.0002551717102339035,0.42351992501727664,0.3160509499486158,-0.42145654515205033,0.1471142649281471,0.26499913443211415,-0.1353047603924537,-0.29767275444186425,-0.20693621067071852,0.06065618374495052,-0.3440804986445244,-0.4414868078112583,-0.3352694020125208,0.3713019404960227,-0.19932805674654003,0.35311941461002994,-0.33755678272853007,0.2264332111765608,0.01994516697817746,-0.29809896932715796,0.05685562439776966,-0.19696554759405044,0.15550390758072866,-0.3050844937402135,-0.21155327650019345,-0.18264400781593462,0.7363038543062838,-0.5768667005623355,-0.07982922554788308,0.21602525816349175,0.4396033400787456,-0.4698983373010945,-0.01684419818472276,0.7423356214324031,0.4332178311200803,-0.6313567755568193,0.17727487659769756,0.5579624917644328,-0.2277694389447995,-0.5200592028555535,-0.38641090971316344,0.16380783679844604,-0.5092997454636171,-0.7006798189514145,-0.6062644714456977,0.11921407616529411,-0.4534675141392679,0.7002242866905565,-0.5042947590312261,0.47552062257526007,-0.01672975927628174,-0.41321865975123684,0.19559714312110704,-0.23850079342359395,0.14341651668620012,-0.22492701595695225,-0.5566651626025811,-0.1948280885769828
B,masked_angular_velocity,1,conv,651,3,2,651_T3_P1_R2,24,5,-0.7972546815872192,3.2622628211975098,-6.089596748352051,3.917327404022217,5.276956558227539,9.871835708618164,-3.326673984527588,-3.210810422897339,2.9283347129821777,0.8647664189338684,1.1906319856643677,-5.514088153839111,-0.8216469883918762,0.29870277643203735,3.2512805461883545,-1.3137569427490234,-0.6852103471755981,-0.5082133412361145,1.6422631740570068,-0.04465634748339653,0.6853514909744263,-1.2112913131713867,1.0860559940338135,-1.1571180820465088,0.6971186399459839,-5.33310604095459,2.318880558013916,-3.5132133960723877,5.092853546142578,-0.1631137728691101,3.7851459980010986,-0.5126652717590332,-0.7981081008911133,3.2901737689971924,-6.060325622558594,3.8604576587677,5.236512184143066,9.85194206237793,-3.2460219860076904,-3.1502444744110107,2.8884260654449463,0.8795010447502136,1.1902590990066528,-5.457594871520996,-0.7886182069778442,0.3154776096343994,3.2828567028045654,-1.292142629623413,-0.739161491394043,-0.5345907211303711,1.6280664205551147,-0.024836450815200806,0.7268177270889282,-1.2143348455429077,1.0438601970672607,-1.171647310256958,0.7150920629501343,-5.283514499664307,2.337266206741333,-3.4570300579071045,5.061193466186523,-0.1866869479417801,3.744581937789917,-0.5813176035881042,0.3203151536458208,-0.3974810633050315,-0.3283434115945162,0.2990595549923311,0.5732008495239607,-0.1963645649741949,-0.11958772767270025,0.5608689130558037,0.5612935959134819,-0.6134832071266174,0.3082030878374152,0.21575799449188082,-0.2530430848103264,-0.45730324740264683,-0.318321330000364,-0.0030493554488868813,-0.6500132796232493,-0.6693929375394561,-0.5427466409082464,0.5872140083186961,-0.2932367616959598,0.48398426024505226,-0.5358459860804936,0.32934249967758755,-0.3130191419136157,-0.6256275912822223,0.08598474153999537,-0.42332919756732473,0.4164589020957138,-0.4644703269417576,-0.14995113030047877,-0.24985036177437828,0.31659187123111027,-0.3448541744494089,-0.280274172556746,0.1993635303917582,0.5278402043906036,-0.22251500299491864,0.020886858902619775,0.6817327384513641,0.46462627113854005,-0.5866993278979087,0.30654337600049875,0.37242105673772696,-0.204334605078613,-0.4301190036124251,-0.22721316127323554,0.06649924780420971,-0.8468805427673539,-0.7883093389856378,-0.56884065965307,0.6664309533092171,-0.18397102277604213,0.47617513463433536,-0.7985734114171622,0.2758942300028537,-0.1815118610871583,-0.5462330934460933,0.15031352300082815,-0.31982291791231043,0.33276332877535575,-0.6216207901309918,-0.28661252437577833,-0.4246895046000992
B,masked_angular_velocity,1,conv,671,1,1,671_T1_P1_R1,26,5,-0.8341840505599976,3.457207441329956,-6.178452014923096,3.947716236114502,5.167717456817627,10.172739028930664,-3.3480286598205566,-3.411860704421997,2.891453266143799,1.0070984363555908,1.2060433626174927,-5.649277687072754,-0.7996425628662109,0.42733344435691833,3.378293514251709,-1.387927532196045,-0.6209051012992859,-0.46314510703086853,1.803910493850708,-0.052026160061359406,0.7735624313354492,-1.3398898839950562,1.1042864322662354,-1.2355988025665283,0.7377617955207825,-5.300473690032959,2.33099627494812,-3.5028233528137207,5.119422435760498,-0.1908370703458786,3.8740744590759277,-0.4741939902305603,-0.7083973288536072,3.2047224044799805,-6.128820419311523,3.945286512374878,5.21664571762085,9.757981300354004,-3.409558057785034,-3.161106824874878,2.8471291065216064,0.951911449432373,1.1310392618179321,-5.4130401611328125,-0.8816666603088379,0.2603386342525482,3.240471839904785,-1.3443713188171387,-0.6695435643196106,-0.5083105564117432,1.6247687339782715,-0.20296679437160492,0.5881836414337158,-1.1735553741455078,1.09784996509552,-1.089600682258606,0.647546112537384,-5.254400253295898,2.315537929534912,-3.5384042263031006,4.928091526031494,-0.10128854960203171,3.706819772720337,-0.3726630210876465,0.1592080052460167,-0.0299065126886233,-0.474265458945899,0.35233278148670905,0.45068208393685183,0.19916935595603585,-0.15678210402567647,0.15966096168355878,0.4719588360612823,-0.3547603524231939,0.3767923319802132,-0.15913553845429962,-0.22059252140290697,-0.2488525661959989,0.04815509600631279,-0.24170665591626345,-0.4153643937826975,-0.4662134105903319,-0.24563636637854236,0.5577580435649991,-0.06079598285819996,0.15402306008631597,-0.4223375047317909,0.040637409339425556,-0.015643702163341832,-0.5733842168090034,0.12837629072199794,-0.40418689152876597,0.4866970020609117,-0.6492876285871487,0.14965099488116185,-0.15187416491005729,0.7079621027214341,-0.5059744487795537,-0.3927583999866355,0.348072416877841,0.5055583413536912,-0.3460260687850607,-0.2639493153087384,0.6600558009119885,0.3645962195325044,-0.45507581919338147,0.042981913375109614,0.49597513687928557,-0.3415556467963352,-0.5194737215931272,-0.3495069481288737,-0.10155678828891375,-0.5928453881964398,-0.6698312414862523,-0.5749018566432319,-0.04552742788047023,-0.5492794553650635,0.5808078363439463,-0.4624128793782984,0.5777163126305617,-0.675727754653573,-0.49962186014780025,0.0742900850875307,-0.46973722128280776,-0.019104428318371003,-0.05231250740072304,-0.4138336946902521,0.10669819265999507
B,masked_angular_velocity,1,conv,671,1,2,671_T1_P1_R2,24,5,-0.9451627731323242,3.643096446990967,-6.2088189125061035,3.9561283588409424,5.068079471588135,10.409391403198242,-3.3610076904296875,-3.570096254348755,2.8509421348571777,1.0983706712722778,1.1825218200683594,-5.726475715637207,-0.8015414476394653,0.516081690788269,3.4293274879455566,-1.445751428604126,-0.6142618060112,-0.3832738995552063,1.9108457565307617,-0.011450518853962421,0.8679578900337219,-1.482595443725586,1.1254103183746338,-1.3343119621276855,0.7672265768051147,-5.244936943054199,2.2831547260284424,-3.493539810180664,5.1324992179870605,-0.2207934409379959,3.979085922241211,-0.4740927815437317,-0.8118667602539062,3.4187941551208496,-6.2249040603637695,3.9816174507141113,5.122690677642822,10.012360572814941,-3.464517593383789,-3.3420662879943848,2.794591188430786,1.0566015243530273,1.0809787511825562,-5.466433525085449,-0.9504512548446655,0.3343416750431061,3.229426145553589,-1.440111517906189,-0.6727724671363831,-0.41414743661880493,1.6830437183380127,-0.16873833537101746,0.6590749025344849,-1.3116551637649536,1.1360737085342407,-1.2087904214859009,0.6732685565948486,-5.1874847412109375,2.216531753540039,-3.5493578910827637,4.9267377853393555,-0.14557944238185883,3.8158326148986816,-0.3266032040119171,-0.3249455651227781,0.3205921986915553,-0.5241347704448269,0.3670796349090847,0.33893177279911346,0.5102462195273395,-0.17938802392076464,-0.15610689637262354,0.3738328873236098,-0.1888508581554682,0.27210829028704675,-0.37321298909406503,-0.2233928167399933,-0.10503287626160156,0.19540526275509987,-0.42776557318904673,-0.39112282705395,-0.1061322767239421,-0.04908757618181671,0.7199323866318033,0.18794101470491187,-0.21213348454517553,-0.29081142978022223,-0.32249617152335497,0.19994218179517365,-0.48447159536083984,-0.039015331799937845,-0.3870849767595133,0.52126601056581,-0.8489917894027739,0.5034384511473358,-0.1516163151689561,0.2565683359243146,-0.10233623874059157,-0.5505504281107528,0.4117634864223579,0.40018191287822447,-0.011645653920601174,-0.3596742184868925,0.29894022673233994,0.2373388209216639,-0.26477624026525676,-0.1798154619122433,0.3479084386753142,-0.4429940969500968,-0.3995491471502758,-0.38137795407622316,-0.40961790295024925,-0.6046273944483099,-0.2453185964435196,-0.4677912713443382,0.09127820414863608,-0.36247699539409217,0.2264683987921507,-0.22441767425979947,0.13925674728238915,-0.4875238648372807,-0.3924914555915967,-0.2721211556232369,-0.4899176510752425,-0.022683034207521668,-0.3475777582544387,-0.046567269918858824,0.2240003189258347
B,masked_angular_velocity,1,conv,671,2,1,671_T2_P1_R1,24,5,-1.174438714981079,4.127015113830566,-5.588559627532959,3.5614559650421143,4.085249423980713,10.549688339233398,-3.012101411819458,-3.9074559211730957,2.313269853591919,1.723895788192749,0.9350160360336304,-5.674973487854004,-0.3535202145576477,1.0709155797958374,3.7203612327575684,-1.4783364534378052,-0.36426976323127747,-0.15779951214790344,2.4058456420898438,-0.19916588068008423,1.118185043334961,-1.8558450937271118,1.141163945198059,-1.497549295425415,0.8346050381660461,-4.37455940246582,2.3072898387908936,-2.9936201572418213,4.668609142303467,-0.16120460629463196,3.942763566970825,-0.474994033575058,-1.0653107166290283,4.050907135009766,-5.355194568634033,3.3025264739990234,3.877229690551758,10.141517639160156,-2.811709403991699,-3.693126678466797,2.2087740898132324,1.7685766220092773,0.9321951866149902,-5.496412754058838,-0.21407556533813477,1.1047569513320923,3.693302869796753,-1.3649600744247437,-0.35371190309524536,-0.22362010180950165,2.3933112621307373,-0.1902391016483307,1.1033179759979248,-1.8000383377075195,1.0375491380691528,-1.3961018323898315,0.8106307983398438,-4.137979030609131,2.339907169342041,-2.7976808547973633,4.462355613708496,-0.13032963871955872,3.7174949645996094,-0.5768722295761108,-1.3251801736384368,1.2330339066076923,0.4944799606788588,-0.324801476625095,-0.7633715723401955,0.6946657677340381,0.42831474135185293,-0.8293292337068593,-0.9285208317497228,0.9481928493370513,-0.8294319782457367,-0.23039217663270845,0.4373160301560154,0.7940956782810527,1.0351378684990546,-0.5326137186294208,0.5210955082682095,0.9103668054282151,0.860730839299207,-0.03033584376851124,0.847303781002408,-1.169826069931985,-0.1927235693909412,-0.9229934903197874,0.6929325294490629,0.9089815467243192,0.045430591956145655,0.5339106012028971,-0.7050683722893872,-0.45174283815310795,0.381066107666222,-0.1539117673563798,-0.849100563055757,1.0895300594792565,0.8777219527551164,-0.7787178071473682,-0.996678652692203,0.15813007387988282,0.7773449545848479,-0.4016222150591096,-1.181631286067973,1.029410991626054,-0.8419867190406618,0.2647753099267468,0.642958737577014,0.8489368416263726,0.9570649232496967,-0.1678047160106082,0.5596210207076429,0.6136298439686658,0.8376924828950045,0.005343092592577148,0.8081280912163104,-1.0266355872344926,-0.8378685044571614,-0.549801207914759,0.5175198733270628,1.2877421615502003,0.15955410432859235,0.894887027043825,-1.2503181812881734,-0.24591488532753517,-0.3778698958460722,-0.41336838127378617
B,masked_angular_velocity,1,conv,671,2,2,671_T2_P1_R2,27,5,-1.235224723815918,4.271400451660156,-6.055438995361328,3.971569061279297,4.650158882141113,10.950592994689941,-3.3679511547088623,-3.9604573249816895,2.507686138153076,1.4842374324798584,0.8597675561904907,-5.656466484069824,-0.7976468801498413,0.790005087852478,3.5860886573791504,-1.6893295049667358,-0.5667503476142883,-0.09460759162902832,2.161630153656006,-0.07535229623317719,1.071529746055603,-1.8385655879974365,1.1968185901641846,-1.6848793029785156,0.8154493570327759,-4.740662574768066,2.1697840690612793,-3.3518290519714355,4.8572869300842285,-0.2680242657661438,4.086153030395508,-0.3820793330669403,-1.2047202587127686,4.327121257781982,-5.78519868850708,3.777863025665283,4.213265419006348,10.644892692565918,-3.282468318939209,-3.9223906993865967,2.238250970840454,1.7300806045532227,0.7067128419876099,-5.495612621307373,-0.7063872218132019,0.9093677401542664,3.538796901702881,-1.6891591548919678,-0.47418680787086487,-0.04190496355295181,2.273818016052246,-0.25399845838546753,1.016081690788269,-1.8849014043807983,1.2083513736724854,-1.6338167190551758,0.7625237703323364,-4.301637172698975,2.1110706329345703,-3.1719741821289062,4.48722505569458,-0.18798014521598816,3.9687912464141846,-0.25054892897605896,-1.5903632240744006,1.505276056396279,-0.2722486268662794,0.3941480218158443,-0.12979152952618084,1.221651579511074,-0.19148176355218618,-0.9350964058487475,-0.45760446325904214,0.5125558227846867,-1.1643305198780003,-0.17907046273556698,-0.21764948281069416,0.3388700110390187,0.6477155006290163,-1.2115224484989455,-0.217753956040601,1.1952529179081801,0.4118586696222971,0.4645271959174549,0.7243644736872071,-1.1254903418164033,0.1538026008149814,-1.6121187141493152,0.5527749347549986,0.3228596915386501,-0.43568554311418317,-0.12601241696120136,-0.20628287424236355,-1.1638559266976762,0.8641499357107987,0.08271727695323668,-1.457285082357322,1.6103391679737178,0.1715517389894801,0.054571208485592715,-0.6197936212702495,0.8198122661994933,-0.04259278099859766,-0.8591326316390457,-1.1102320773715881,0.9594349718230248,-1.845510278385514,0.2669923097241015,-0.08306642328760042,0.532301362741707,0.5112622202425432,-1.2109743869853635,0.12000939150731953,1.4328505549073582,0.6180616788832556,-0.24949292104896098,0.5782556322460828,-1.244379232999316,0.22561030825298567,-1.4242766769221054,0.16553273687094602,1.0257291088546563,-0.6411169247780458,0.20533167917334166,-1.1845723752525454,-0.6302418774829673,0.4687552072445686,0.4176901972884928
B,masked_angular_velocity,1,conv,671,3,1,671_T3_P1_R1,27,5,-1.3311359882354736,4.269518852233887,-5.888533115386963,3.626948833465576,4.362437725067139,11.046298027038574,-2.949110507965088,-4.101377010345459,2.578584671020508,1.4926306009292603,1.216905951499939,-5.914244651794434,-0.3959985375404358,1.0593374967575073,3.7450687885284424,-1.426168441772461,-0.5047277212142944,-0.12270329147577286,2.4038026332855225,0.1904047429561615,1.4702608585357666,-1.9347069263458252,1.0513060092926025,-1.7754735946655273,0.9689517021179199,-4.73832368850708,2.304063320159912,-3.0336952209472656,5.161747932434082,-0.3846239149570465,4.107396125793457,-0.7456973195075989,-1.235166311264038,4.087993621826172,-5.7616424560546875,3.3753371238708496,4.440739631652832,10.667774200439453,-2.7144367694854736,-3.783517360687256,2.5935420989990234,1.5320104360580444,1.255270004272461,-5.842365741729736,-0.17637985944747925,1.0893443822860718,3.7872989177703857,-1.2853424549102783,-0.5484558939933777,-0.3116695284843445,2.2907347679138184,0.2732015550136566,1.396878719329834,-1.849041223526001,0.9676987528800964,-1.6135221719741821,0.9223117828369141,-4.750809669494629,2.4282288551330566,-2.8984622955322266,5.09910249710083,-0.31969842314720154,3.910118818283081,-0.9561017751693726,-2.0087837359317553,1.5017281589199523,0.0018519120952781964,-0.2099886750731176,-0.4524878906755593,1.347455500904128,0.5380284856828563,-1.2163104088995085,-0.2858734469233373,0.5278123259645691,0.42513738642824317,-0.8939172661926564,0.37467211993333643,0.7753330172353853,1.1064274767768867,-0.3647537130043457,0.008565997989646945,1.0685899342930427,0.856975878775789,1.5267155645071822,1.7750426496656981,-1.3721708493107982,-0.7522128176662011,-1.9453860572757697,1.675911678020024,0.3266045618672532,0.03414130502755521,0.4600805529231506,0.5985878640324969,-1.9411673896243538,0.9357189218347678,-0.8433208955438307,-1.590108826416126,1.159456824155654,0.21023660029788424,-0.6510770622254787,-0.3646676416551612,0.8498890371875266,0.9467677027320516,-0.5820020054072249,-0.24964359286115903,0.5993946714838696,0.5958787245344934,-0.694588972059072,0.6985496105697608,0.8239603688983518,1.228276168667509,0.08837982166707456,-0.1509977334669343,0.2166793589134505,0.6491551332405553,1.8576410641457464,1.5816766993645213,-1.152368392055368,-1.2727829610991115,-1.3496192170908239,1.3346601007177632,0.30661467370933054,0.468581026618642,0.7092189441728689,0.43297866406402885,-1.508341747309713,0.2710854422862095,-1.379164868186556
B,masked_angular_velocity,1,conv,671,3,2,671_T3_P1_R2,28,5,-1.1897032260894775,3.9765236377716064,-5.57415246963501,3.4284729957580566,4.466683864593506,10.763715744018555,-2.6891932487487793,-3.9196808338165283,2.68880033493042,1.2598764896392822,1.3683183193206787,-5.858794212341309,-0.11667339503765106,1.0672410726547241,3.794346570968628,-1.1721216440200806,-0.49987348914146423,-0.26549866795539856,2.32817006111145,0.26295706629753113,1.5176702737808228,-1.733211874961853,1.0396186113357544,-1.7306228876113892,1.0245535373687744,-4.785125255584717,2.4444217681884766,-2.8527212142944336,5.356977462768555,-0.31862542033195496,4.046481609344482,-0.9549980163574219,-1.0491863489151,3.7292721271514893,-5.585768222808838,3.4646263122558594,4.507711887359619,10.221867561340332,-2.8212838172912598,-3.599254608154297,2.6206135749816895,1.2284165620803833,1.2296397686004639,-5.554068565368652,-0.3196803331375122,0.794604480266571,3.5650386810302734,-1.2084466218948364,-0.5521644353866577,-0.31222182512283325,2.096360683441162,0.13066411018371582,1.200785756111145,-1.5609711408615112,0.9938543438911438,-1.4734179973602295,0.8776282072067261,-4.707283020019531,2.3553707599639893,-2.9706084728240967,5.027787208557129,-0.24792440235614777,3.769066333770752,-0.7784250974655151,-1.3917726023447734,0.9492768609314055,0.5181405055610109,-0.557927820802124,-0.3355695057154765,0.9760027948221097,0.9907354981321737,-0.8537243747904426,-0.018909056037482497,0.10472524588529078,1.0990079574193437,-0.7401487748293374,0.7866003202407795,0.7881410044920301,1.2486104902161146,0.4526883730707003,0.02627892793655402,0.424829999870047,0.7179619308594912,1.8166955290172395,1.8999691536391328,-0.8551710206088202,-0.8249830290554645,-1.7803945222418673,2.0827360024784696,0.25167664055058797,0.5252387068842005,0.7934868843680112,1.1146930112656661,-1.5011884168232021,0.730495838901059,-1.3763540774357625,-0.7787563887722726,0.4830777447062742,0.4990653137103506,-0.49454925722224574,-0.28955406810796236,0.26374852555592077,0.7606686884399719,-0.21429491380674107,-0.18407100292885853,0.04753910176269019,0.48180970148016444,0.10488897645578214,0.48722058609982766,0.34632351542020345,0.5869795782538371,0.33580593885618676,-0.1645302256245472,0.2141894571766997,0.29189224365020217,1.2879417547393817,1.064961041280246,-0.4132320812475879,-1.10992874479503,-0.834221466826307,1.0077222475833154,0.37630025016775825,0.21366020559234022,0.5763046852017358,0.2444491995596861,-1.029860149182682,-0.20412491081542566,-0.926669827589544
B,masked_angular_velocity,1,conv,790,1,1,790_T1_P1_R1,25,5,-1.0606772899627686,3.906271457672119,-6.2184672355651855,3.9813060760498047,4.918482303619385,10.793024063110352,-3.475943088531494,-3.8211874961853027,2.7525010108947754,1.2064244747161865,1.0972673892974854,-5.794687747955322,-0.8830634355545044,0.6106868982315063,3.480067014694214,-1.5145752429962158,-0.591621994972229,-0.23214614391326904,2.076179027557373,-0.028717193752527237,0.9538079500198364,-1.6129989624023438,1.2344533205032349,-1.5241196155548096,0.8049741983413696,-5.092036247253418,2.1885852813720703,-3.4691576957702637,5.147389888763428,-0.24536654353141785,4.074282169342041,-0.41040968894958496,-1.0032049417495728,3.8121514320373535,-6.463029384613037,4.0545501708984375,5.277382850646973,10.763708114624023,-3.4993720054626465,-3.6402275562286377,2.9123668670654297,1.071008324623108,1.1550967693328857,-5.77171516418457,-0.9728049039840698,0.48079052567481995,3.446427583694458,-1.4999034404754639,-0.7431444525718689,-0.33133989572525024,1.8533384799957275,0.056654781103134155,0.9413028955459595,-1.5284407138824463,1.1550023555755615,-1.522841215133667,0.7890840768814087,-5.366664409637451,2.263981342315674,-3.5674431324005127,5.271251678466797,-0.2864852249622345,4.027477741241455,-0.5421847105026245,-0.8288864031680856,0.8168147678766419,-0.5399803435312196,0.41121740605496376,0.1711500840169065,1.014527765942926,-0.3795748539507958,-0.6571750578453444,0.13538773445055746,0.007563320939749573,-0.10732230935326023,-0.562372744401479,-0.3436155831095762,0.048278409638861965,0.34180696122800486,-0.6492188391646818,-0.30851055097443647,0.5751921487673102,0.25479800735651237,0.6509202628374304,0.41416092800298365,-0.5467263335659146,0.3881304786716842,-1.0207367718395606,0.47613178347831886,-0.23968132647475904,-0.369902465237691,-0.342165614000147,0.5606314202778393,-1.0128082570725367,0.8241562021185587,0.010567414750904253,-0.5781587100332409,0.6393492750867285,-0.9416101412209498,0.5396177253525807,0.5736788269707837,0.9759924972293575,-0.4203820661537625,-0.29605824482858284,0.5226156057419862,-0.23858849568117013,0.15005178818110015,-0.49866812738823185,-0.47595963676676434,-0.16222342113725083,0.24474492380003218,-0.6020091030650156,-0.86141410696618,0.12800000107485504,-0.15478672012773162,0.9921383317048313,0.38120934707715953,-0.329764918398903,-0.10656097144596108,-1.0160338081941698,0.3598681068084959,-0.6793542511342288,-0.10610051296938512,-0.5232354903847559,0.8880703367682562,-1.2869259224380385,0.6664713993880528,-0.32502846007017433
B,masked_angular_velocity,1,conv,790,1,2,790_T1_P1_R2,26,5,-1.1175422668457031,3.9323792457580566,-6.2398881912231445,3.9882330894470215,4.9943952560424805,10.852571487426758,-3.3952317237854004,-3.8381810188293457,2.8451616764068604,1.2002675533294678,1.1569687128067017,-5.90327262878418,-0.7828406095504761,0.6552075147628784,3.52415132522583,-1.4877139329910278,-0.6014447808265686,-0.2491285800933838,2.0835800170898438,0.04354182258248329,1.035585641860962,-1.6528561115264893,1.2047803401947021,-1.5770962238311768,0.8548296689987183,-5.20573616027832,2.2700047492980957,-3.4429688453674316,5.25839376449585,-0.27641409635543823,4.142593860626221,-0.5141561031341553,-1.161228895187378,4.3030104637146,-6.31767463684082,3.92413592338562,4.661437034606934,11.33238410949707,-3.4281914234161377,-4.175187110900879,2.6732401847839355,1.4589431285858154,1.141700267791748,-6.015692710876465,-0.8015878796577454,0.9032804369926453,3.6690590381622314,-1.5687227249145508,-0.515748143196106,-0.11690898984670639,2.350522518157959,0.0014129399787634611,1.2371524572372437,-1.8589805364608765,1.2666146755218506,-1.786440134048462,0.9223271608352661,-4.9678215980529785,2.2010250091552734,-3.3473594188690186,5.2418413162231445,-0.31349438428878784,4.251665115356445,-0.46122050285339355,-1.0769648748445415,0.8660413410277401,-0.5751587944211471,0.4233607023544468,0.2562911632871307,1.0928024197084505,-0.2389971126818174,-0.6910862228251774,0.35983085507013063,-0.003628371381806261,0.158382597397602,-0.8634896514145529,-0.19581425866885352,0.12042568562512639,0.46900428020970236,-0.5627872555555471,-0.34435342504630423,0.4986307834831553,0.2684006602496716,0.9397279562058689,0.6296498343488877,-0.6489920766936234,0.2033759173312381,-1.215620021828562,0.8409110449575007,-0.42171182624208414,-0.08502476123978671,-0.2939186111807744,0.854080296008475,-1.2197866857601063,1.0543004451060072,-0.2536470528868572,-1.267550881026827,1.5648779733446976,-0.7029030403929191,0.3109957355533144,-0.1171417323397872,1.7235116508014983,-0.29640420295193304,-1.3636024060128915,-0.05659790842843236,0.4665769273732545,0.09042952556349244,-1.175242620716968,-0.22346126556411233,0.5224367830436345,0.8871134301637162,-0.8234477954641175,-0.031647487445546976,1.0947122303994807,0.7590459086432799,0.7713455635162826,1.1607894320835712,-1.177870961017733,0.5883794636561344,-1.9857281041741786,1.3347721813652402,-0.04081650725501769,-0.3263774125796685,-0.11777794834747068,0.8103219755760055,-1.4669825136312378,1.4217629839988866,-0.1188341036912743
B,masked_angular_velocity,1,conv,790,2,1,790_T2_P1_R1,25,5,-1.0800607204437256,4.006289482116699,-6.371774196624756,3.995285749435425,4.803999900817871,10.876631736755371,-3.547710418701172,-3.847166061401367,2.6381921768188477,1.3271154165267944,1.0620973110198975,-5.787087917327881,-1.0076320171356201,0.6280933022499084,3.4675850868225098,-1.5972826480865479,-0.638946533203125,-0.23878280818462372,2.123749256134033,-0.019082512706518173,0.940843403339386,-1.66824209690094,1.2237716913223267,-1.494653344154358,0.7862502336502075,-5.048424243927002,2.0993549823760986,-3.535346269607544,5.0742387771606445,-0.279739111661911,4.059508323669434,-0.3388248085975647,-1.1122934818267822,4.096183776855469,-6.550994396209717,4.037524700164795,4.84096622467041,11.0150785446167,-3.614015579223633,-3.86983060836792,2.6109161376953125,1.4053215980529785,1.0158344507217407,-5.805816650390625,-1.10471773147583,0.6603882908821106,3.462425470352173,-1.677615761756897,-0.690269947052002,-0.23238304257392883,2.099972724914551,-0.024602781981229782,0.9431066513061523,-1.7267963886260986,1.2218029499053955,-1.5509355068206787,0.7642267942428589,-5.0872416496276855,2.0983874797821045,-3.5886316299438477,5.072607040405273,-0.3074595034122467,4.076244354248047,-0.34585803747177124,-0.9134486078100986,1.005401339039468,-0.7917479222046389,0.43572444453254777,0.04275066130885539,1.1244298080672135,-0.5045750553529702,-0.7090170925197563,-0.14149213355048812,0.226948253520665,-0.263848503724878,-0.5412970918477484,-0.5273201545784061,0.07648606916836506,0.3057916908922793,-0.9153441606712566,-0.4811971614692673,0.5452722364334482,0.3422330170128681,0.689428517405618,0.37999844800771426,-0.6884700508605794,0.32162296241393973,-0.9123393239899162,0.3391333496324803,-0.169859070018072,-0.682109727404555,-0.4641038318272349,0.36724817744301286,-1.241952985526882,0.7743816100611589,0.19287509928889643,-1.054066263160926,1.1748999650703784,-1.086069681739945,0.5097715931760494,0.08421104915504973,1.3064175876351583,-0.6200609231195993,-0.7542451949324811,-0.20756022755483228,0.3691070532202621,-0.4697446668253892,-0.5932348844904891,-0.6704951315396697,0.1288212559037926,0.2909044161843349,-1.1738315457335806,-0.668475577622287,0.5741241711523951,0.29853118283975627,0.6673648871426086,0.38596245302780463,-0.8387099512221755,0.30936504932196224,-1.1193835685747455,0.1779935536183242,-0.23200463997447177,-0.6854946264074229,-0.5622708770441049,0.3629362367408706,-1.4267508223246337,0.830767488359568,0.1749633156070934
B,masked_angular_velocity,1,conv,790,2,2,790_T2_P1_R2,26,5,-1.1394002437591553,4.024888515472412,-6.450531005859375,4.107510566711426,5.019763946533203,11.019712448120117,-3.5641982555389404,-3.8733267784118652,2.7597060203552246,1.2555344104766846,1.0827666521072388,-5.8579254150390625,-1.0154024362564087,0.5654796361923218,3.5137381553649902,-1.6360893249511719,-0.6965785026550293,-0.2412082701921463,2.080692768096924,0.038832273334264755,0.9640449285507202,-1.6956449747085571,1.1959677934646606,-1.5324783325195312,0.7888434529304504,-5.226302623748779,2.1499314308166504,-3.609074831008911,5.199101448059082,-0.3221980929374695,4.1299214363098145,-0.39060139656066895,-1.0910696983337402,3.888230800628662,-6.400181770324707,4.066539764404297,5.049914360046387,10.875170707702637,-3.5381271839141846,-3.7677788734436035,2.762491464614868,1.1893751621246338,1.1076236963272095,-5.802360534667969,-0.9845900535583496,0.5429716110229492,3.503570079803467,-1.5695321559906006,-0.7051375508308411,-0.3026197850704193,2.026585102081299,0.024444466456770897,0.9161660075187683,-1.608554482460022,1.1942389011383057,-1.4592812061309814,0.7713708877563477,-5.254329204559326,2.1775670051574707,-3.6049957275390625,5.20427942276001,-0.28696513175964355,4.077003002166748,-0.43442854285240173,-1.1723215834053076,1.040470850848718,-0.9210847834700855,0.6324612791333848,0.28474371188240993,1.3125083017420671,-0.5332922964291187,-0.7612220328358671,0.15284015252615762,0.09683243949775609,-0.17185845359655622,-0.7377369636716034,-0.5387793434039245,-0.024981665124261566,0.4389605469646848,-1.0402124080468456,-0.6914955823158657,0.5343377203738373,0.2630943419666913,0.9209046504553889,0.441136071983812,-0.758781182185316,0.1485053107394954,-1.0514860460728408,0.35810739070474196,-0.4546376918913431,-0.5051480670687085,-0.5999330166227486,0.6973353132540714,-1.5250056215693426,1.0116066436659323,0.061013868448913655,-0.9614757113215593,0.7827992517778368,-0.8383991931126401,0.5606359346193408,0.31855926497891646,1.1225100121167864,-0.48788293924257004,-0.5505942357031474,0.15958631434124287,-0.023428261311663555,-0.061230673936067515,-0.5836498579003098,-0.49333952856469293,-0.06145680829458168,0.40962130899016025,-0.8260521343411709,-0.7227274042139115,0.25747796144064977,0.16364366394026045,0.8633988812828601,0.3149724164615247,-0.5353222824097555,0.1377413584507931,-0.7822169091621307,0.23026528551618206,-0.499507985596078,-0.4084550167955399,-0.592418030739221,0.7110228158342816,-1.2901252599690223,0.8333231522853841,-0.05060217554172802
B,masked_angular_velocity,1,conv,790,3,1,790_T3_P1_R1,27,5,-0.9308522343635559,3.5419907569885254,-6.657566070556641,4.360939025878906,5.673920631408691,10.526097297668457,-3.79309344291687,-3.472966432571411,3.0517001152038574,0.8098694086074829,1.0731195211410522,-5.635689735412598,-1.3194434642791748,0.12265685945749283,3.1751348972320557,-1.6090104579925537,-0.8208053708076477,-0.3606688976287842,1.5492883920669556,0.0030407055746763945,0.6369401812553406,-1.3209803104400635,1.2073692083358765,-1.366011381149292,0.6861295700073242,-5.648667812347412,2.1397664546966553,-3.8886616230010986,5.265003204345703,-0.2699895203113556,4.003636360168457,-0.3200036883354187,-0.8182207345962524,3.4810421466827393,-6.785365104675293,4.34754753112793,5.652792930603027,10.396709442138672,-3.8865718841552734,-3.3665566444396973,2.9490628242492676,0.8950750231742859,0.9983380436897278,-5.500755310058594,-1.4524105787277222,0.08669037371873856,3.1391825675964355,-1.656506896018982,-0.8574960827827454,-0.3943456709384918,1.4773849248886108,-0.10019107908010483,0.528430163860321,-1.2854483127593994,1.1749355792999268,-1.279910683631897,0.6006799340248108,-5.593023777008057,2.126491069793701,-3.928206205368042,5.116026878356934,-0.21655014157295227,3.857032060623169,-0.2538367211818695,-0.26251484080961923,0.12995354405290604,-1.2610864309869247,1.076733464582086,1.0184201702748452,0.6636565387881463,-0.9319674122515181,0.03772092856671794,0.8601101638763395,-0.7132718291908665,-0.2147935140721032,-0.12145647251389458,-0.9871567788891144,-0.7425920208402899,-0.5380273105897638,-0.953081076468934,-1.1447981830036045,-0.004222972090373295,-0.713636000247885,0.7778514826468683,-0.4208030600070938,0.20254184292733526,0.21949454658515202,-0.4391076305305126,-0.39342302377571914,-1.1308351521453075,-0.5407137057644053,-1.1150120058247965,0.8715517933419914,-1.1769572623201232,0.5861474095703503,0.24080748313071826,0.22884899192256106,0.015033133690541522,-1.470963957882735,1.053258061509513,0.9947246468619261,0.4935770062331132,-1.094781524319624,0.25006823856019844,0.6115014852192371,-0.5583899539952496,-0.5476137579225837,0.25273162976790997,-1.1832469095042655,-0.800877025970264,-0.6417616239024462,-1.105909704284639,-1.2786817133780695,-0.1560469195728956,-0.8457957803825179,0.3652506074572487,-0.7067330707107498,0.29371063598822983,0.01755089922584189,-0.12237115625238795,-1.0186355009781436,-1.041749693302115,-0.5871628144432259,-1.1878639736713599,0.4777202506877146,-0.8207037163748894,0.09223523401650777,0.40931703649135437
B,masked_angular_velocity,1,conv,790,3,2,790_T3_P1_R2,25,5,-0.9655126333236694,3.5437119007110596,-6.646421909332275,4.319488048553467,5.651024341583252,10.487943649291992,-3.7537028789520264,-3.475088119506836,3.0110909938812256,0.7832162976264954,1.0580660104751587,-5.55671501159668,-1.368640422821045,0.12449829280376434,3.0929718017578125,-1.6092631816864014,-0.8441837430000305,-0.33952653408050537,1.4824738502502441,0.08531171828508377,0.6719779372215271,-1.3168151378631592,1.2138817310333252,-1.4317907094955444,0.690430760383606,-5.60806941986084,2.0669138431549072,-3.8512635231018066,5.261399269104004,-0.30610328912734985,3.9692115783691406,-0.33923736214637756,-0.8661484718322754,3.197690486907959,-7.727793216705322,5.285497665405273,6.742901802062988,10.465023040771484,-4.806852340698242,-3.222388744354248,3.2358314990997314,0.20499102771282196,0.8078826665878296,-5.162054538726807,-2.6959898471832275,-0.8403302431106567,2.37850284576416,-2.067356586456299,-1.2886810302734375,-0.2853061556816101,0.691604495048523,-0.03171083331108093,0.10676252841949463,-0.9791761636734009,1.3574590682983398,-1.366581678390503,0.39358699321746826,-6.340619087219238,1.610979676246643,-4.816097259521484,5.290482997894287,-0.38470354676246643,3.9768307209014893,0.3039516806602478,-0.4137237032297751,0.1331992281617564,-1.2427857008241674,1.0040683398165908,0.992740519203991,0.6135039121981527,-0.8633589134857926,0.03348720016525382,0.7617460635199371,-0.7617202532823659,-0.28179075381901086,0.09754925169424858,-1.0597087475061147,-0.7396078796052769,-0.775095961598048,-0.9538944972204684,-1.2301053640992559,0.09109245032109509,-0.8364422255792112,1.1066755062481233,-0.3284767172250348,0.21322881812641642,0.2600452309732521,-0.6810890608641268,-0.361952552453216,-1.0658380543559498,-0.7956165437927339,-1.0461134461955655,0.8620237315266136,-1.4177098050341603,0.47017068483377955,0.19182446576064505,0.01976050465564048,-0.5192332745778437,-3.0186575474195108,2.697532907041917,2.2173476511398738,0.5833743272206176,-2.6976680119778234,0.5377638163161169,1.3061135130659518,-1.812784937515297,-1.3952473716287779,1.1919844997783464,-3.0171863347682217,-2.303147472311808,-2.836583758051881,-2.4278942276932334,-2.8520710144111137,0.3355324643846777,-2.2900736468202014,0.6389551428601037,-1.8178505738989024,1.0795503621919214,1.15401070312558,-0.4412059238232457,-2.533880202578138,-2.2386319480335075,-2.3908766235323586,-2.823613595078018,0.9389092556987588,-1.9416981470576313,0.49584008806706875,1.8298557008600145
B,masked_angular_velocity,2,conv,252,1,1,252_T1_P1_R1,23,5,2.3497798442840576,-6.400561332702637,7.620541572570801,-3.622190475463867,-9.006790161132812,6.6498870849609375,-3.4273605346679688,-7.353568077087402,-9.00774097442627,2.946403980255127,-5.104859352111816,-1.9992763996124268,2.723778247833252,-3.9899864196777344,-10.721193313598633,-4.269278049468994,5.332841396331787,10.430371284484863,1.5539413690567017,4.438576698303223,-6.057875156402588,2.6292288303375244,-5.08458948135376,-1.21224045753479,3.389688491821289,2.2750444412231445,8.699145317077637,2.4691545963287354,-8.364893913269043,-5.965007781982422,5.3504815101623535,-6.796538352966309,2.418362855911255,-6.504110813140869,7.869936466217041,-3.7540059089660645,-9.027597427368164,6.76831579208374,-3.294179916381836,-7.507541656494141,-9.24122428894043,2.8578498363494873,-5.407123565673828,-1.9223397970199585,3.050696611404419,-4.19716739654541,-10.869550704956055,-4.402590751647949,5.425159454345703,10.752153396606445,1.4728410243988037,4.814695835113525,-6.0389909744262695,2.4566922187805176,-5.277270793914795,-1.4247682094573975,3.6074516773223877,2.2561163902282715,9.05250072479248,2.5687007904052734,-8.614007949829102,-5.8929338455200195,5.258622169494629,-6.7581586837768555,-0.345768279066282,-0.12387998109648299,-0.033605626654736674,-0.07720824647432804,0.038797590038646,0.2611603461903257,-0.38253383982850403,-0.21712914932971678,-0.096249138558872,-0.056434538935440405,0.16620274648175493,0.23220208226524033,-0.07590374511891113,0.12405100534862709,-0.12760615868976605,-0.027852033645397057,0.035599777637132714,0.0553456801297448,0.038806302993932756,0.004626645313553235,-0.18716359289646173,-0.04611469325923849,-0.06248347451752876,-0.01655182804582057,-0.03394660198298253,0.1443735716500231,-0.09841165414536944,-0.016477808049150344,0.07374714355204302,-0.239343960664,0.17061368000301863,-0.048055270149709346,-0.18153002574629462,-0.35257470904248944,0.2732602767856488,-0.5820106701758371,0.01419846840877284,0.4574636421119191,-0.018561701406762145,-0.4520549293139893,-0.3633473207212056,-0.8188846365613509,-0.17907721759007117,0.6601124590975326,0.25785066756920905,-0.17345502342222946,-0.3344340585302879,-0.33945241211466676,0.2741070144397272,0.3782964014795195,-0.28316926361069183,0.37977453195339494,-0.1605495741522736,-0.9987152971487238,-0.3747837121243226,-0.4272703952310156,0.2204302538168048,0.00945982043615463,0.2970472934679706,0.25343663220363155,-0.24823744199085968,-0.05228686908845226,-0.0019450120270025572,0.017552344066178095
B,masked_angular_velocity,2,conv,252,1,2,252_T1_P1_R2,25,5,2.321984052658081,-6.4372076988220215,7.629242897033691,-3.472290515899658,-9.280717849731445,6.5574951171875,-3.5461840629577637,-7.133591651916504,-8.858010292053223,2.8917365074157715,-5.09345817565918,-2.088085651397705,2.7645230293273926,-4.015746116638184,-10.503499984741211,-4.177279949188232,5.296968936920166,10.153823852539062,1.5270625352859497,4.3975067138671875,-5.7014641761779785,2.7122111320495605,-4.676051139831543,-1.0032867193222046,3.589001178741455,2.2055294513702393,8.520597457885742,2.4371867179870605,-8.13277530670166,-5.920376777648926,5.133512496948242,-6.392507553100586,2.472750186920166,-6.590367317199707,7.854358673095703,-3.4597816467285156,-9.602147102355957,6.40326452255249,-3.4257442951202393,-6.968173027038574,-8.956663131713867,2.8525230884552,-5.525608539581299,-2.1920509338378906,3.158231019973755,-4.282130241394043,-10.355053901672363,-4.181100368499756,5.326350212097168,10.165066719055176,1.4308416843414307,4.586684226989746,-5.242780685424805,2.6516525745391846,-4.45325231552124,-0.9250181317329407,4.0347418785095215,2.1927330493927,8.747859001159668,2.573629140853882,-8.19571304321289,-5.775130271911621,4.842930316925049,-5.976349830627441,-0.412331660805504,-0.2048148714688094,-0.02289910989529469,0.4968532047144777,-0.2850596635524222,0.1080140939508905,-0.7072708923828078,0.11849995948535212,0.07503786090721118,-0.5271192862658645,0.1792264253643503,-0.2617428767699953,-0.034307045061867346,0.08706050271154533,0.1758838497151352,0.18718003405331798,-0.05707793428386787,-0.22220620824599205,-0.06790475267595093,-0.03633735842454953,0.31513446327114114,0.4120431852037177,0.5996780591371543,0.3872597666044764,0.19887713520979697,-0.35111137404439885,-0.2982334066573669,-0.10315619125886843,0.3737639392837022,-0.12350993925747908,-0.23696345888001996,0.6426083870872207,-0.051286419052614864,-0.5430758233758575,0.2540935086651363,0.5447560633910479,-0.6650788645244836,-0.14763262725260828,-0.37811693262006996,0.3708875472523111,-0.037818300238152205,-0.8647479338569942,-0.31442370338939374,-0.8399829668707627,0.367633948470257,-0.29545887515952973,0.382837249157571,0.17825030477392184,0.018830500670630388,-0.2109219335209283,-0.44991097155360993,0.15235155541514617,0.9615649893443565,0.0776906513132634,0.9607926473763506,0.5385170575028604,0.7195622794676602,-0.44232214324428504,-0.04389387973791194,0.2667997296182373,0.2924148489223886,0.25345749718744043,-0.7828244348741983,1.3540034096545475
B,masked_angular_velocity,2,conv,252,2,1,252_T2_P1_R1,25,5,2.0255985260009766,-6.203861236572266,7.171760559082031,-3.573589324951172,-8.511754989624023,6.800913333892822,-3.5723297595977783,-7.510992527008057,-8.815088272094727,3.0425798892974854,-4.628900527954102,-1.9883544445037842,2.202775478363037,-3.559288740158081,-10.785356521606445,-4.198715686798096,5.270151615142822,10.346814155578613,1.6712901592254639,4.005902290344238,-6.543427467346191,2.683072805404663,-5.295307159423828,-1.098031997680664,2.870542049407959,2.414569139480591,8.384668350219727,2.2178492546081543,-8.156618118286133,-6.146393775939941,5.780405044555664,-7.139233589172363,2.26069712638855,-6.153839111328125,7.126158237457275,-3.6378655433654785,-8.4244384765625,6.312918663024902,-3.169631242752075,-7.1144280433654785,-8.775944709777832,2.958296298980713,-5.030795097351074,-1.8992462158203125,2.601943016052246,-3.767230987548828,-10.317498207092285,-4.112505912780762,5.131545066833496,10.172163963317871,1.4909746646881104,4.025753021240234,-5.936380863189697,2.5329971313476562,-5.062163352966309,-1.0898839235305786,3.1939589977264404,2.340528964996338,8.374902725219727,2.407701015472412,-8.035938262939453,-5.675852298736572,5.303501605987549,-6.663287162780762,-1.1220979905519601,0.31054293375738995,-0.5858054814412802,0.10891598097271815,0.6240669562433143,0.5114963246917484,-0.7787250504431833,-0.4573189440097266,0.12413807668541477,0.771642094309125,0.7098959909052045,0.29294867457578927,-0.6078007384920926,0.7425185687568889,-0.21705984896882075,0.13707722464878064,-0.1263620254321113,-0.028515251998289037,0.5046925829820964,-0.4269300278098581,-0.8714606516812843,0.25116717111455356,-0.404017530444729,0.20416047941723264,-0.6403790270237452,1.1388705568449082,-0.4503599174757748,-0.6978794500836829,0.34294621744992393,-0.7101049158526777,0.9782270187660356,-0.633870338301365,-0.5590980411048604,0.4210195525026756,-0.6419157615272348,-0.1372372930007002,0.7272985266797367,-0.29738697439140055,0.3218211672411434,0.14773952364413934,0.16891791539122467,0.04595936758091033,0.2508071957933643,0.7885567075073898,-0.20028662049656024,0.44392014453814976,0.4351944882638284,0.33857939443384355,-0.4844561272211263,-0.2037985323371046,-0.21117658702715505,-0.40713128038897894,-0.015938053625144798,-0.5774237213338222,-0.026135877853008437,0.219907252596318,-0.2625851406790757,0.611131318501984,-0.4612899266439473,-0.183106214538151,0.49892647940930707,0.5111192498191028,0.08236105685346562,0.1797281650263019
B,masked_angular_velocity,2,conv,252,2,2,252_T2_P1_R2,25,5,2.246695041656494,-6.589986324310303,7.799630641937256,-3.615111827850342,-9.306653022766113,6.923573970794678,-3.5714848041534424,-7.584425926208496,-9.352070808410645,2.9527182579040527,-5.270941257476807,-2.0456886291503906,2.9378366470336914,-4.077258110046387,-11.006242752075195,-4.411333084106445,5.4831085205078125,10.74897575378418,1.4889881610870361,4.679163455963135,-6.079416275024414,2.6735708713531494,-5.094764709472656,-1.206352949142456,3.6636595726013184,2.349055051803589,8.865086555480957,2.4828968048095703,-8.506390571594238,-6.172593116760254,5.468037128448486,-6.732515811920166,2.5878238677978516,-6.912298202514648,8.475258827209473,-3.7187891006469727,-9.996662139892578,6.865054607391357,-3.362889289855957,-7.592899322509766,-9.897385597229004,2.8408451080322266,-6.141371726989746,-2.070854425430298,3.873793125152588,-4.766740798950195,-11.022926330566406,-4.604572772979736,5.739065170288086,11.19277286529541,1.2366899251937866,5.3991289138793945,-5.428709506988525,2.5798044204711914,-4.9794721603393555,-1.4153673648834229,4.582036972045898,2.279393196105957,9.512276649475098,2.8295042514801025,-8.948741912841797,-5.953814506530762,5.075865268707275,-6.218751430511475,-0.5926296084172362,-0.5422359438002124,0.18675368424140634,-0.050099996518982115,-0.31572327627279495,0.7148136421119191,-0.7764149101144826,-0.5693621302901968,-0.4901511165647552,-0.002066291191113091,-0.023514197273100067,-0.025936536178243853,0.1426310054104472,-0.0012682899106342682,-0.5249997241206928,-0.3598854282713591,0.4238217524473004,0.3751068120742196,-0.21906348865856037,0.24459257648364918,-0.2175205758499524,0.19870485195526108,-0.07897688514351323,-0.005173899942048721,0.2860880788358162,0.6719028646074247,0.08730167022969527,0.020783682064662932,-0.10914077213422635,-0.778104327493703,0.3914424083878084,0.0613862817444096,0.22428530391511392,-1.2540782758307478,1.018075408321171,-0.44714416721212125,-1.131504437338489,0.6178145747707873,-0.20633938868726093,-0.5822897969565906,-1.1139738348273616,-0.965293903802827,-1.0178172231772944,-0.16590592759859232,1.0981590313539165,-0.9913434767608055,-0.5482582708948661,-0.8115556423037698,1.0850953742671958,0.8205153360668787,-1.2207118655177664,0.9626983588152994,0.6995316893037837,-0.3189923909529947,0.10789077719496462,-0.4091029253363703,1.358875943208958,0.1753693277439003,0.8116063299880355,0.9605920601013568,-0.6808869021489671,-0.210292904537725,-0.3452544145196035,0.9396330973691536
B,masked_angular_velocity,2,conv,252,3,1,252_T3_P1_R1,25,5,1.786298155784607,-6.1964497566223145,7.432555198669434,-3.4680724143981934,-8.576996803283691,7.338846683502197,-3.854762554168701,-7.967466831207275,-8.935925483703613,2.961693525314331,-4.354182243347168,-1.9471089839935303,2.09928560256958,-3.5226242542266846,-11.238561630249023,-4.356459140777588,5.450284957885742,10.726659774780273,1.7992627620697021,4.359471321105957,-6.988011360168457,2.6699790954589844,-5.551434516906738,-1.367125391960144,2.700913190841675,2.3880105018615723,8.507463455200195,2.0358781814575195,-8.330358505249023,-6.525974273681641,6.146167755126953,-7.459188938140869,1.6167579889297485,-6.129847049713135,7.3633856773376465,-3.444305419921875,-8.378072738647461,7.59359884262085,-4.0272722244262695,-8.17555046081543,-8.774019241333008,3.013319730758667,-4.08461332321167,-2.0117812156677246,1.7209727764129639,-3.32824969291687,-11.430679321289062,-4.367183685302734,5.492720603942871,10.79084587097168,1.9949182271957397,4.191088676452637,-7.435076713562012,2.6961233615875244,-5.763177394866943,-1.35801100730896,2.3466744422912598,2.468672275543213,8.514448165893555,1.8291518688201904,-8.34655475616455,-6.745898246765137,6.496307373046875,-7.792517185211182,-1.6951599311766874,0.326912775714685,-0.2649113342280829,0.513006605374121,0.5469318515826074,1.4031557935504269,-1.5505924864091185,-1.1537868482086662,-0.014095904964403317,0.07521077824436555,1.0237089253246894,0.5223496701198701,-0.7134546092227314,0.7951679860563037,-0.8488818866510535,-0.23162515836599334,0.33902126460411247,0.3527098183797427,1.0127562108221693,-0.07427462134746168,-1.4980204410268732,0.1788750547482753,-0.8191508325737548,-0.3158733076470859,-0.838528688020656,0.9495674491327645,-0.3129330378314301,-1.1912844348534968,0.11838314555364311,-1.6952538061243736,1.6653135826919545,-1.1808138475067396,-2.101164446204875,0.47400668994941064,-0.35002052056823935,0.6040254947468016,0.7821159935368487,1.825425545368321,-2.022047917223225,-1.4712715679114168,0.17112014995945338,0.5197110937636618,1.3316408345538504,0.16265159874548915,-1.099678444930157,1.0742832727596103,-1.1167171559037175,-0.25669194090746944,0.44865459685950954,0.41712862416429175,1.7895280681862418,-0.24222221086052897,-2.128079203729013,0.3232204894283964,-1.1623461195318194,-0.2982597450258477,-1.252326970843186,1.5245044607375753,-0.3051176333093901,-1.7518116184158585,0.09744971642372637,-2.2660384890415566,2.3230530705273997,-1.750616089444947
B,masked_angular_velocity,2,conv,252,3,2,252_T3_P1_R2,24,5,1.7797670364379883,-6.2662882804870605,7.421745300292969,-3.3411402702331543,-8.817496299743652,7.268512725830078,-3.897857189178467,-7.8315324783325195,-8.924406051635742,2.997572422027588,-4.467666149139404,-2.0535569190979004,2.1917967796325684,-3.562232494354248,-11.079547882080078,-4.2975172996521,5.449287414550781,10.627876281738281,1.7754367589950562,4.282837867736816,-6.680380821228027,2.7307095527648926,-5.279692649841309,-1.1891412734985352,2.9231104850769043,2.4024016857147217,8.479724884033203,2.0443339347839355,-8.208996772766113,-6.528286933898926,6.0461106300354,-7.167673587799072,1.6333553791046143,-6.219644069671631,7.395526885986328,-3.2099506855010986,-8.856278419494629,7.327927589416504,-4.003176689147949,-7.747783660888672,-8.755841255187988,2.892019748687744,-4.392372131347656,-2.104919910430908,2.1606667041778564,-3.486201047897339,-10.96155834197998,-4.220343589782715,5.410454750061035,10.469907760620117,1.7873939275741577,4.278642177581787,-6.539881706237793,2.7077438831329346,-5.074469566345215,-1.0871717929840088,2.9726879596710205,2.3430864810943604,8.348440170288086,1.9275041818618774,-8.043264389038086,-6.542393684387207,5.949280738830566,-6.903998374938965,-1.7108003047447764,0.1726692424244419,-0.2782128086091533,0.9991085565892721,0.26259392208500076,1.2865734429339235,-1.6683671503565232,-0.9463842021186508,-0.0009178922989998451,0.38412666908168136,0.8940757581441814,-0.06969795368732604,-0.6190093846681503,0.7382909265918031,-0.6271967981159549,-0.09385811637630512,0.33644238096631346,0.25356783604359817,0.9181650788970657,-0.15071029858093904,-1.0644723663088465,0.5141759183059063,-0.3787086974842212,0.028088190703780814,-0.5789724530370004,1.0521450169604363,-0.3439773200688342,-1.1683570041280489,0.27524570370145535,-1.7012565403693025,1.4773557859774658,-0.6824859259029818,-2.061418362121723,0.27568552235446203,-0.31047305850342133,1.5015160004131567,0.21674425205810524,1.3850562756876381,-1.9561977676855213,-0.8186056358739883,0.19191504388670513,-0.5246808835207449,0.9800846335633336,-0.3553726046747619,-0.6507902935556877,0.8474706037774963,-0.4627047739085982,0.08652415486144445,0.23611634936840628,0.0950250079128363,0.9656357650974178,-0.154894714557472,-0.8664641996423198,0.38737938273810013,-0.0460815939508083,0.22514839434844194,-0.5210592152874665,0.629359647810066,-0.4909040842660712,-1.4851351686593113,0.48945747095479125,-1.7378680701683824,1.2954611347493432,-0.2317511954780302
B,masked_angular_velocity,2,conv,651,1,1,651_T1_P1_R1,24,5,2.1551711559295654,-6.2537431716918945,7.343153476715088,-3.6249680519104004,-8.645569801330566,6.609022617340088,-3.433473587036133,-7.284308433532715,-8.818182945251465,2.9024367332458496,-4.894305229187012,-1.9488012790679932,2.5062918663024902,-3.7579855918884277,-10.55871868133545,-4.171640872955322,5.2486467361450195,10.222883224487305,1.5555036067962646,4.143033504486084,-6.142214775085449,2.627035140991211,-5.064393043518066,-1.0939785242080688,3.1715281009674072,2.3015472888946533,8.420178413391113,2.33534574508667,-8.130897521972656,-5.8981170654296875,5.415481090545654,-6.756619930267334,1.870687484741211,-6.037716388702393,6.960478782653809,-3.54956316947937,-8.178851127624512,6.665815830230713,-3.5112156867980957,-7.246650695800781,-8.428400039672852,2.8517065048217773,-4.480356693267822,-1.9622396230697632,2.004148244857788,-3.3898873329162598,-10.425954818725586,-4.051468849182129,5.118707180023193,9.940781593322754,1.709911584854126,3.7321650981903076,-6.405096530914307,2.591099977493286,-5.085151195526123,-0.935856819152832,2.7474350929260254,2.341482639312744,8.067693710327148,2.0634188652038574,-7.827505588531494,-5.938013553619385,5.609997749328613,-6.83254861831665,-0.8118053206629924,0.20037589389106608,-0.37491649835106944,-0.08784452975157517,0.46585962450310137,0.19342444145853094,-0.3992412976006638,-0.11145662148336113,0.12059834772858535,-0.4349913621634426,0.4067213918590539,0.512938235236753,-0.297937708469272,0.4571960535883515,0.09890244796905187,0.20036070817656948,-0.18191970195573584,-0.1528963637084752,0.04500934180475078,-0.2901532992316074,-0.30602430735518,-0.058225014225433136,-0.02975026281336942,0.2119941052715323,-0.2887874784582286,0.3332801325353709,-0.41061921986216793,-0.37929297620206825,0.37619028204985583,-0.06573789587412623,0.29271581843911976,0.02018303560329815,-1.493069611343357,0.6774826728730582,-0.8457745671098855,0.200927183382876,1.0176507111996174,0.2875640214985773,-0.6117035569774488,-0.05400017806437837,0.566496641069981,-0.8717778975092483,0.8795787808346667,0.4381957812008688,-0.8105816524302651,0.9857739409712399,0.28399108943076457,0.48124539599990895,-0.517623797138541,-0.4360227126369507,0.6580234986824689,-0.699960703073733,-0.6765079058405694,-0.256629254785303,-0.06339463256927864,0.5175707824138169,-0.784184933917061,0.6179285357945022,-0.8051024775411794,-1.1166097068345737,0.7683288236727062,-0.16928377865687855,0.6581161469297413,-0.10961317986763237
B,masked_angular_velocity,2,conv,651,1,2,651_T1_P1_R2,24,5,2.071270227432251,-6.315646171569824,7.489762306213379,-3.717379331588745,-8.538507461547852,7.004299163818359,-3.6203160285949707,-7.6909613609313965,-8.956174850463867,2.901747703552246,-4.723311901092529,-1.8693625926971436,2.3367114067077637,-3.705967426300049,-10.975371360778809,-4.3738908767700195,5.387293338775635,10.55952262878418,1.6743252277374268,4.3190765380859375,-6.702905178070068,2.6080565452575684,-5.453909873962402,-1.3346703052520752,2.9685792922973633,2.366806983947754,8.624517440795898,2.300757884979248,-8.342473983764648,-6.1531901359558105,5.745771408081055,-7.249351501464844,1.8534162044525146,-6.374326229095459,7.637611389160156,-3.794405698776245,-8.388150215148926,7.555723667144775,-3.796149492263794,-8.235329627990723,-9.148114204406738,2.881861448287964,-4.61113977432251,-1.84941828250885,2.192166805267334,-3.6581528186798096,-11.486120223999023,-4.615935325622559,5.558114528656006,11.08149242401123,1.8190809488296509,4.550897598266602,-7.345770359039307,2.515355110168457,-5.955604553222656,-1.5872831344604492,2.7768568992614746,2.494417190551758,8.914739608764648,2.163407802581787,-8.633508682250977,-6.4943037033081055,6.223807334899902,-7.724785804748535,-1.0127259421594959,0.06365995082803813,-0.19452214079139588,-0.44174512617412687,0.5924364607517999,0.8486211229543983,-0.9098675181891774,-0.7319082153178299,-0.03725992192977255,-0.4409235185056497,0.6020487925992335,0.9547648620931488,-0.4710643170787874,0.5318926307757195,-0.48196228408566394,-0.27236982066647697,0.17627819204997758,0.18496643083279443,0.5167417994985826,-0.11456511387442969,-1.0962160263740421,-0.16301058200318191,-0.6610825723344302,-0.25315266810172776,-0.5258586505697749,0.7984339698775257,-0.1819328183726537,-0.47307642694575563,0.10272391895572656,-0.7277456425515179,0.9131680939633172,-0.822109893519667,-1.5344296580185524,-0.06593799488446606,-0.012602767856488062,-0.7367281969868081,0.7702009520245126,1.7626435346190328,-1.3904078241775426,-1.5624799620735605,-0.25683165174888484,-0.6121434354505639,0.7301838125628912,1.0656917537343678,-0.6186315979777257,0.6005527596514042,-1.1940085662186786,-0.83811346875389,0.6176025771917911,0.7088316346433338,1.091436669118612,0.11665786597833827,-2.0022170458373267,-0.6748276843369733,-1.474234158862772,-0.7413371692609593,-0.7498161519734229,1.708007915330478,0.14287150576826405,-0.8454946648894411,-0.27344268791694976,-1.61305915598848,1.811160910578959,-1.6348330895439844
B,masked_angular_velocity,2,conv,651,2,1,651_T2_P1_R1,25,5,2.5880942344665527,-6.680211067199707,8.21796989440918,-3.7256767749786377,-9.438393592834473,6.756246089935303,-3.3059725761413574,-7.484972953796387,-9.434690475463867,2.853099822998047,-5.751688480377197,-1.9708582162857056,3.4250845909118652,-4.490227699279785,-10.919416427612305,-4.520867824554443,5.560735702514648,10.901618003845215,1.412348985671997,5.124948024749756,-5.8012566566467285,2.4984004497528076,-5.157177925109863,-1.4912078380584717,3.993373155593872,2.2289421558380127,9.363807678222656,2.6884498596191406,-8.81104564666748,-5.904295921325684,5.104770660400391,-6.591075897216797,2.4940879344940186,-6.659538269042969,8.148710250854492,-3.6314311027526855,-9.433076858520508,6.73538875579834,-3.407681703567505,-7.382009029388428,-9.230794906616211,2.7978789806365967,-5.663425445556641,-2.0186550617218018,3.3190758228302,-4.408879280090332,-10.756571769714355,-4.4451904296875,5.516852855682373,10.703218460083008,1.438738465309143,5.029915809631348,-5.69208288192749,2.5037295818328857,-4.960997581481934,-1.3526333570480347,4.022767543792725,2.2186741828918457,9.228922843933105,2.606513738632202,-8.624737739562988,-5.876379489898682,5.036948204040527,-6.349851131439209,0.22493277512736146,-0.7415003577789608,0.7014963800359786,-0.47352082753333524,-0.47147663120721345,0.43745763741475097,-0.050791028854772956,-0.4176206823659271,-0.5846664508816446,-0.8597832086109811,-0.5726772147576499,0.39026029037729787,0.6400677515309053,-0.5942798393635267,-0.40395262017440314,-0.6159072913688449,0.6243738388810757,0.528303950133539,-0.5233286461903917,0.6892257523739225,0.17449399344281025,-0.7684374216473862,-0.18013634584861604,-0.5556677063188561,0.6712382213079658,-0.184232752363217,0.6454461521196958,0.5781304365167067,-0.502912046352856,-0.08177605324092559,-0.29095549157298856,0.30316883961645724,-0.0001876143015938636,-0.6958442539758598,0.6162765216243372,-0.11259579504451425,-0.46519151655380914,0.4028855516914322,-0.32875320088875565,-0.2605232819174714,-0.3514155863380671,-1.3352316281135679,-0.4718532702311644,0.12442087609227262,0.5318420451007106,-0.47746519703456797,-0.17692891155309415,-0.4390225696051672,0.5110016954398674,0.3291835633863506,-0.4185600854161951,0.5944387180189308,0.3283544948166616,-0.739014220880794,0.1378340829290701,-0.28786707810430745,0.70557492943731,-0.2574197513857192,0.49449045133237346,0.35596475016959467,-0.2621061083264601,-0.00932010118639931,-0.41836049611959397,0.7155266440905095
B,masked_angular_velocity,2,conv,651,2,2,651_T2_P1_R2,26,5,2.553457736968994,-6.596436500549316,8.046257019042969,-3.6935863494873047,-9.317344665527344,6.695626258850098,-3.3216519355773926,-7.41753625869751,-9.307385444641113,2.9012203216552734,-5.613907814025879,-1.9848989248275757,3.2469398975372314,-4.360671043395996,-10.828779220581055,-4.45706844329834,5.493180751800537,10.751327514648438,1.4440909624099731,4.913891315460205,-5.8280768394470215,2.5508978366851807,-5.116929054260254,-1.4069745540618896,3.8393757343292236,2.2468316555023193,9.219282150268555,2.6327271461486816,-8.682754516601562,-5.915505886077881,5.137783050537109,-6.652726650238037,2.3676395416259766,-6.413111686706543,7.716688632965088,-3.628286361694336,-8.952667236328125,6.684693813323975,-3.392763137817383,-7.335061550140381,-8.907743453979492,2.8410489559173584,-5.266571998596191,-1.9889625310897827,2.8076870441436768,-4.058548927307129,-10.670412063598633,-4.358743667602539,5.362090587615967,10.468206405639648,1.5787041187286377,4.576710224151611,-5.993889331817627,2.544037342071533,-5.075341701507568,-1.2544077634811401,3.5152268409729004,2.2877132892608643,8.889257431030273,2.4297828674316406,-8.388339042663574,-5.908245086669922,5.251382350921631,-6.678936958312988,0.14198731990529362,-0.5564809324030014,0.490213555141824,-0.35062736045826176,-0.32836300832401066,0.3369755069780046,-0.09364025966410099,-0.31472899403201116,-0.439033008669705,-0.4454668981314892,-0.4152889903718785,0.3121681609252315,0.4581979120292209,-0.4082406083870261,-0.2775943324418776,-0.4667852658582822,0.44984383782293824,0.3774666738987531,-0.39730948788871523,0.47871382748511787,0.13669510867628218,-0.4785919664836129,-0.11489946064575807,-0.39288355012916487,0.4913480174760214,-0.05672018867955157,0.48370081446244517,0.42704099760734876,-0.33709226700269573,-0.11086877110524655,-0.228942467530708,0.1977795883832798,-0.3029990383054192,-0.15159967721849754,0.08469799268065507,-0.10055224922262025,0.10278600603314827,0.31885456844767623,-0.2879825115818418,-0.18889374822151608,0.018144161077541392,-0.9635385683128304,-0.01852370801250432,0.2895671751907732,0.009759822831024556,0.025597131832860175,-0.05681119418512896,-0.23696528555197113,0.11116689688307009,0.09331747436022678,0.13711722471196347,0.14240349988769757,-0.09698646477085537,-0.5164698635682988,-0.04749531331588277,-0.09804203893160907,0.11269866622625764,0.23467376558220493,0.11435155191864554,-0.12323215296529036,0.04344337049071815,-0.09202384014064924,-0.015543972877857937,0.1529766822178323
B,masked_angular_velocity,2,conv,651,3,1,651_T3_P1_R1,24,5,2.243896961212158,-6.327345848083496,7.433701515197754,-3.535975933074951,-8.81964111328125,6.5468316078186035,-3.4248008728027344,-7.2288665771484375,-8.839080810546875,2.958167552947998,-5.012467861175537,-2.036158323287964,2.5830721855163574,-3.8760979175567627,-10.490714073181152,-4.19020414352417,5.29095983505249,10.20869255065918,1.5742805004119873,4.1616387367248535,-5.985434532165527,2.644778251647949,-4.9799346923828125,-1.0772705078125,3.3245689868927,2.3324732780456543,8.555224418640137,2.3803606033325195,-8.155367851257324,-5.900181770324707,5.39101505279541,-6.6753950119018555,2.1231112480163574,-6.2183732986450195,7.222646236419678,-3.493698835372925,-8.567110061645508,6.497206211090088,-3.4368109703063965,-7.125804901123047,-8.592835426330566,2.9283785820007324,-4.841977119445801,-2.0479576587677,2.333867311477661,-3.700502395629883,-10.31515884399414,-4.111926078796387,5.2074480056762695,9.97350025177002,1.6328620910644531,3.8866565227508545,-6.021431922912598,2.636493444442749,-4.90938663482666,-0.9590547680854797,3.148357391357422,2.3643009662628174,8.351799011230469,2.264680862426758,-7.941478729248047,-5.855015754699707,5.430851459503174,-6.631572723388672,-0.5993306072830671,0.037820004993547436,-0.2635015804797911,0.2529617097542497,0.2600594539066151,0.09033887922858048,-0.37553881138701917,-0.026864903186664214,0.09669197469955845,0.04485109009559364,0.2717423836635748,0.02706921164646564,-0.21955179325840019,0.28759074296910153,0.1937099207749971,0.15697122046726592,-0.0726019155442013,-0.1671385909581959,0.11955570295360207,-0.2715962839494826,-0.08507085757838709,0.03973593800609845,0.10714125037173863,0.24428316275273732,-0.11001495153388645,0.5537124040654915,-0.25948148772720764,-0.2572379422811165,0.3445617159935354,-0.07109630020952232,0.2467555950875921,0.15903052943656198,-0.8885806708310362,0.27849335283361876,-0.5231934639276572,0.41486684535891866,0.5586211323960134,0.008080461587100829,-0.4083625132759508,0.13038110233127015,0.37838897775380065,-0.21163380619423683,0.46649574547862854,-0.038556798673418255,-0.4739680715890399,0.539740193891262,0.4384553151970942,0.33993433838198184,-0.28835893432133897,-0.40318427729138906,0.35212977885284225,-0.5458679549558537,-0.13580260893158796,-0.006005426794669089,0.221485740452617,0.47273986805628426,-0.3158538757364191,0.7805706273093771,-0.4871455604805872,-0.5708980496715379,0.621017016425375,0.04612429096233435,0.32158911620929576,0.23394224291363663
B,masked_angular_velocity,2,conv,651,3,2,651_T3_P1_R2,24,5,2.1396615505218506,-6.3231706619262695,7.3645806312561035,-3.5440640449523926,-8.755911827087402,6.694105625152588,-3.5072669982910156,-7.342492580413818,-8.83387279510498,2.965017795562744,-4.876295566558838,-2.0460526943206787,2.4305012226104736,-3.7623887062072754,-10.61158561706543,-4.204989910125732,5.289181232452393,10.258264541625977,1.6268718242645264,4.095131874084473,-6.171231269836426,2.660889148712158,-5.0579118728637695,-1.048971176147461,3.193612813949585,2.374516010284424,8.503011703491211,2.3109657764434814,-8.141738891601562,-6.037701606750488,5.536887168884277,-6.814583778381348,2.097717761993408,-6.357231140136719,7.4417829513549805,-3.5275402069091797,-8.820521354675293,6.742866516113281,-3.511219024658203,-7.3216142654418945,-8.81041431427002,2.8664355278015137,-4.936861991882324,-2.051131248474121,2.532517910003662,-3.8031697273254395,-10.600150108337402,-4.207632541656494,5.280113220214844,10.240036964416504,1.5813170671463013,4.229097366333008,-6.073737144470215,2.5956201553344727,-4.973019599914551,-1.0308915376663208,3.2985548973083496,2.3274829387664795,8.529050827026367,2.2938785552978516,-8.135258674621582,-6.012012958526611,5.410699367523193,-6.624114990234375,-0.8489467166486161,0.04704066669562749,-0.34855152364119074,0.22198690186173584,0.3354051826275716,0.33445533249025183,-0.6009127729307435,-0.20023058154752857,0.10264831407553152,0.10383112208951333,0.427293806486576,-0.027961191118970153,-0.37531335427866175,0.45087352920458573,0.025199883975578152,0.12241119633380124,-0.07719815395702731,-0.11738684115604921,0.3283472150031755,-0.33793120846153385,-0.346918065368613,0.12868845606202547,-0.01924479972486106,0.2989725815876626,-0.26298923267684626,0.8533818112452201,-0.3179157296595182,-0.4453981139808085,0.36217787358805714,-0.42801044350071527,0.5207772926966988,-0.07890222111184517,-0.9493915131791411,-0.02818235311927777,-0.25355689360547407,0.28526816106955133,0.2590189943329391,0.4152790072715776,-0.6117135913157363,-0.1683750570547188,0.1294851958951389,-0.7449593731619164,0.3581075912906043,-0.05620747001176377,-0.27116336266900387,0.3923131984012748,0.041142844987073615,0.11623506527675409,-0.10062529547004953,-0.13567962066720993,0.1474912601385292,-0.20431139003275378,-0.20951758538165013,-0.23167267975568318,0.11834868350185754,0.33391242386478076,-0.14040282665731632,0.5181424358005244,-0.28877288440951737,-0.49172917056394316,0.3705533053904375,-0.3613389988022692,0.2837327722411653,0.24669091110648306
B,masked_angular_velocity,2,conv,671,1,1,671_T1_P1_R1,26,5,2.3125853538513184,-6.510663032531738,7.7257280349731445,-3.6510696411132812,-9.124845504760742,6.8104119300842285,-3.430070400238037,-7.5344414710998535,-9.280327796936035,2.997140407562256,-5.265809059143066,-2.0346453189849854,2.8827664852142334,-4.057599067687988,-10.925798416137695,-4.363533020019531,5.4352898597717285,10.67909049987793,1.4905849695205688,4.59396505355835,-6.1246018409729,2.6129958629608154,-5.220586776733398,-1.2505159378051758,3.5225608348846436,2.34318208694458,8.929401397705078,2.4894626140594482,-8.557153701782227,-6.07788610458374,5.445189476013184,-6.852232933044434,2.222043752670288,-6.259923934936523,7.378307342529297,-3.5763511657714844,-8.64188289642334,6.587179183959961,-3.33701491355896,-7.304975509643555,-8.843891143798828,2.98421311378479,-5.013970851898193,-2.0204544067382812,2.533367156982422,-3.805543899536133,-10.583649635314941,-4.175877094268799,5.2680277824401855,10.308004379272461,1.5790934562683105,4.181722640991211,-6.158339023590088,2.554154396057129,-5.177954196929932,-1.1454728841781616,3.1803863048553467,2.3380231857299805,8.6353178024292,2.3357393741607666,-8.272390365600586,-5.909098148345947,5.459356784820557,-6.820311069488525,-0.43483940485557626,-0.3670445176070815,0.09582012893194769,-0.18780527528288976,-0.10077652572055733,0.5272400068500369,-0.389940191434324,-0.493097093982676,-0.40807944761761766,0.38040767475162013,-0.017651502024125843,0.035485352188457095,0.08640943356397697,0.026960836163021872,-0.4128505777843368,-0.24815946086449286,0.3002788693166448,0.3049674897232829,-0.2127242901792159,0.15961365592562574,-0.2812019868133788,-0.13573916129495284,-0.28290974468017277,-0.09052070805393905,0.12126610634272092,0.6300414541235169,0.15927886649084552,0.038586967345839863,-0.17475177812007475,-0.5323030193102664,0.3485227913275401,-0.14326223161604829,-0.6516629941471636,0.18672672965206208,-0.33166108059346827,0.09833909793701186,0.4702184683134045,0.1572186215618084,-0.1356265705802758,-0.14299012167095929,0.09118955936875767,0.2691049120316892,0.2700256095816453,0.1144134761733717,-0.2702963978363729,0.38890387195659587,0.0641455951381424,0.19045895494082743,-0.13184742375781958,-0.06746544189738819,0.13866280602628736,-0.25156409891474296,-0.32874878862233214,-0.4606121895857462,-0.21381088482889396,0.11247900547248614,-0.27844002367477055,0.5932706803905098,-0.16984404145280493,-0.3782267530067445,0.19330807553590387,-0.09423850376342195,0.3751373796119419,-0.08869354041774723
B,masked_angular_velocity,2,conv,671,1,2,671_T1_P1_R2,24,5,2.4239392280578613,-6.686099052429199,8.027905464172363,-3.732210636138916,-9.408844947814941,6.940016746520996,-3.427091598510742,-7.656362056732178,-9.53649616241455,2.951352119445801,-5.4976091384887695,-2.017228841781616,3.1658365726470947,-4.287172794342041,-11.135699272155762,-4.50861930847168,5.5480756759643555,10.935080528259277,1.4304426908493042,4.927168846130371,-6.0834221839904785,2.598489999771118,-5.275103569030762,-1.3889071941375732,3.7644600868225098,2.3271639347076416,9.183727264404297,2.629307746887207,-8.783425331115723,-6.13206672668457,5.385972023010254,-6.8625898361206055,2.3277089595794678,-6.486891746520996,7.786726951599121,-3.7133712768554688,-8.969808578491211,6.828265190124512,-3.3544585704803467,-7.550398349761963,-9.2293119430542,2.9137165546417236,-5.304045677185059,-1.9619060754776,2.899120807647705,-4.110611915588379,-10.906972885131836,-4.393944263458252,5.456330299377441,10.724821090698242,1.498361587524414,4.65054178237915,-6.166268348693848,2.518972158432007,-5.316476345062256,-1.394363284111023,3.4825186729431152,2.3307104110717773,8.976865768432617,2.5188405513763428,-8.593066215515137,-5.99375057220459,5.434746265411377,-6.868016242980957,-0.16817603828222435,-0.7545056058932635,0.4676326480920565,-0.498543360262716,-0.436542251217314,0.7420698756454842,-0.381798550885172,-0.6791191178847116,-0.7011269737573457,-0.013828975433544222,-0.2824394109807569,0.13235257030461664,0.375398580601168,-0.30269988108931534,-0.705478138725411,-0.5872787412611217,0.5916657699262948,0.5618886830178876,-0.45149489581678115,0.4919566845220961,-0.22316703921517567,-0.21582771836996292,-0.37127157939684874,-0.35796771207443695,0.4038365475348165,0.5158685622929378,0.4439095620445488,0.4177696036542211,-0.4672120826548042,-0.6729219528413007,0.2372830025417771,-0.16096697357361495,-0.3986223823262304,-0.31454525588859034,0.17087698660075837,-0.426396524460428,0.08251952119575483,0.5568348087258931,-0.18329947287144968,-0.5174440977433387,-0.3497193442362727,-0.3378726243757693,-0.06132987215090593,0.4400503965805115,0.10310524604594606,-0.04916317022920844,-0.3866072894625406,-0.31924137850806955,0.3546383446593644,0.3508648366713409,-0.18185017072708712,0.2160441561903598,-0.33992270143450076,-0.6548571589353505,-0.43832905280435436,-0.3685117507728279,0.07449141877760591,0.5411463888986544,0.21239976647309264,0.11824303571002888,-0.2211704183314353,-0.31394100605517294,0.32890517047462964,-0.17024226642990095
B,masked_angular_velocity,2,conv,671,2,1,671_T2_P1_R1,24,5,2.9006810188293457,-6.6677680015563965,8.308027267456055,-3.7820000648498535,-9.577651023864746,6.371540546417236,-3.0779664516448975,-7.140568733215332,-9.321775436401367,2.8113276958465576,-5.878018856048584,-1.905653953552246,3.6512112617492676,-4.675527095794678,-10.636242866516113,-4.393956184387207,5.423130512237549,10.617595672607422,1.303060531616211,5.19498348236084,-5.395457744598389,2.4736952781677246,-4.935622215270996,-1.4686986207962036,4.108192443847656,2.045776844024658,9.339494705200195,2.8718974590301514,-8.786920547485352,-5.58229923248291,4.630046844482422,-6.365604400634766,2.8066298961639404,-6.646336555480957,8.231277465820312,-3.7167983055114746,-9.521064758300781,6.246309757232666,-3.0516724586486816,-6.9392991065979,-9.1644926071167,2.683368682861328,-5.8973894119262695,-1.901860237121582,3.7328460216522217,-4.6417365074157715,-10.38149642944336,-4.287487030029297,5.321887016296387,10.387700080871582,1.236116647720337,5.177094459533691,-5.1299943923950195,2.3799266815185547,-4.6836724281311035,-1.3356877565383911,4.245858192443848,1.9681800603866577,9.173372268676758,2.8290610313415527,-8.571019172668457,-5.418532371520996,4.394195556640625,-5.931805610656738,0.9734965100062032,-0.7140201979779205,0.8123064365742335,-0.6892182908278223,-0.6361181592426329,-0.20021763094108974,0.5723339805698722,0.10785500660860144,-0.45549416008771226,-1.2194384554118556,-0.7169866070278589,0.7529173388779958,0.8709224753685701,-0.8603633601713312,-0.00917464666951635,-0.3192703137742813,0.26886467125251584,0.24325046335930547,-0.9572145823574557,0.7590799929657907,0.7463940389998507,-0.904838343162176,0.178962991014995,-0.5121677940348299,0.8053623420291374,-1.489789517536653,0.6182368006956,1.0755395542418058,-0.47172856593819257,0.7539234501659047,-1.1827266781791779,0.6885973533266412,0.7482687534903804,-0.6666867110644812,0.7178698506061562,-0.4395209434585682,-0.5692177801348934,-0.4077962377489725,0.644193571507692,0.4149431844585993,-0.2755688647987284,-2.321167710710406,-0.7391132383623403,0.7740180134126777,0.9542643089815444,-0.8118415287670476,0.34597259421610727,-0.07041294959508483,0.007298922525635643,0.01251897749703602,-1.2229882109038874,0.741236720046676,1.1205167798032507,-1.4225482076201041,0.5873262014262204,-0.25511880590165514,0.966174497504109,-2.0428802226879728,0.4323199959015387,0.9593898713504825,-0.19267427317834854,1.1789570344541933,-1.6257742309419627,1.430148992040743
B,masked_angular_velocity,2,conv,671,2,2,671_T2_P1_R2,27,5,2.74119234085083,-6.746548652648926,8.51606559753418,-3.8380653858184814,-9.583569526672363,6.841041564941406,-3.245232105255127,-7.552671909332275,-9.545919418334961,2.737147092819214,-5.768401622772217,-1.8401048183441162,3.6539816856384277,-4.678123950958252,-11.101245880126953,-4.580208778381348,5.5575056076049805,11.000691413879395,1.3445985317230225,5.523669242858887,-5.840426445007324,2.4109885692596436,-5.256020545959473,-1.7033580541610718,4.013186931610107,2.049098253250122,9.51843547821045,2.8122544288635254,-9.026223182678223,-5.863762378692627,4.883354187011719,-6.694979190826416,2.9261903762817383,-6.665125370025635,8.525184631347656,-3.86999249458313,-9.462470054626465,6.503253936767578,-2.9923300743103027,-7.297794342041016,-9.416316032409668,2.657557487487793,-5.963452339172363,-1.7635164260864258,3.8498787879943848,-4.8282623291015625,-10.765198707580566,-4.512106895446777,5.481092929840088,10.836893081665039,1.2623735666275024,5.574460506439209,-5.518420219421387,2.2883896827697754,-5.160400390625,-1.7677419185638428,4.153651714324951,1.951392412185669,9.553359031677246,2.907907485961914,-8.992446899414062,-5.512673377990723,4.562926292419434,-6.420932769775391,0.5915625834791933,-0.888011526406344,1.068286225990275,-0.9039279965714828,-0.6431144332787596,0.5780118321214037,0.11520911170042938,-0.5209129300657155,-0.7119087080711621,-1.8581359708869059,-0.5917690683397197,1.1174922115204355,0.8737514212517457,-0.8640927820024704,-0.6574467469841074,-0.7546078396748113,0.6160290734829201,0.6277364155398714,-0.7923040472003988,1.0869170033460054,0.1192916286207977,-1.2510510903733834,-0.3403408070709154,-0.9656568509631306,0.694383129121959,-1.46611512703944,0.8184994722163816,0.9138204595601085,-0.781032523022227,0.0234243621609894,-0.7068871712308591,0.12555381210056488,1.034584278523879,-0.7081845120167658,1.0795056875270441,-1.0261960406560064,-0.49994263104149006,0.018107018653177365,0.8063719351286546,-0.13203202648812212,-0.5636457149956248,-2.543400861155665,-0.8145775460760378,1.5434669843885633,1.0737444197328432,-1.0796866263096716,-0.18895538798934508,-0.595430157018215,0.41861355828324776,0.4633434409062323,-1.1187452413943408,1.1375771714940452,0.5731006032177774,-1.9279376098787704,-0.18535861043257576,-1.0900811375638735,0.8584647446952829,-2.162539490886334,0.8575835942011043,1.1731784846904207,-0.7373759060088216,0.9346278158952062,-1.3088131398040095,0.5940180655447602
B,masked_angular_velocity,2,conv,671,3,1,671_T3_P1_R1,27,5,2.707529067993164,-7.129556179046631,8.949440956115723,-3.7110190391540527,-10.504781723022461,7.133206844329834,-3.4662861824035645,-7.684969902038574,-10.018888473510742,2.678339719772339,-6.172183036804199,-2.0807533264160156,4.152818202972412,-4.994320869445801,-11.390887260437012,-4.724024295806885,5.717764377593994,11.28438663482666,1.1589161157608032,6.03521203994751,-5.393726348876953,2.5095813274383545,-4.896499156951904,-1.591448187828064,4.730118751525879,2.0694010257720947,9.70825481414795,2.962358236312866,-9.191865921020508,-6.158147811889648,4.752054214477539,-6.217602252960205,2.5432090759277344,-7.038002014160156,8.56763744354248,-3.630002498626709,-10.266098022460938,7.005901336669922,-3.568601608276367,-7.42571496963501,-9.658876419067383,2.680117130279541,-5.898221015930176,-2.118253707885742,3.7524566650390625,-4.634596347808838,-11.117300033569336,-4.531731128692627,5.5409088134765625,10.854573249816895,1.2507816553115845,5.5358686447143555,-5.343827247619629,2.563126802444458,-4.615047931671143,-1.271376371383667,4.532105445861816,2.0910487174987793,9.28271484375,2.827585458755493,-8.763985633850098,-6.1292266845703125,4.712355613708496,-6.0272979736328125,0.5109481755968152,-1.7339045891428142,1.6015294979239507,-0.4173888619003569,-1.7322433566112827,1.062294729235355,-0.4889155114301166,-0.7227670170258049,-1.252969410520082,-2.364465579483613,-1.053013133690175,-0.22096073886443074,1.3830185983594094,-1.3181409964940598,-1.0612440247913408,-1.0907558979390013,1.0300644610329315,0.9124624928737044,-1.5294817777549856,1.5971387176741163,0.748834007048721,-0.706706365892452,0.24237406125718852,-0.7493862733559518,1.5318555575875359,-1.3214024786715641,1.0309352161046352,1.320818639141183,-0.9951278549154126,-0.7406119535177258,-0.9535354576119278,0.9415981126902414,0.11744438318622438,-1.5317017509448467,1.1317422827848715,-0.10712550667356784,-1.4500525242024633,0.851278058804932,-0.7685357033484718,-0.32720775502197474,-0.8411261796211889,-2.349163577173479,-0.7400626441700704,-0.42953282051613567,0.9742852697255137,-0.8015886255206996,-0.6798283033555566,-0.6412985260303504,0.573150700119651,0.48108838992638947,-1.1647663401126838,1.0990847799378074,0.8191572759521828,-0.41107384667861196,0.698552806044941,-0.13083438221979354,1.3005493926296192,-1.1671024998335127,0.554692578049538,0.9553895788274757,-0.4420859269467335,-0.6655507647184173,-1.0281093157848713,1.2669105782840955
B,masked_angular_velocity,2,conv,671,3,2,671_T3_P1_R2,28,5,2.5677578449249268,-6.886794090270996,8.646142959594727,-3.3842005729675293,-10.384988784790039,6.8689470291137695,-3.5459048748016357,-7.271409034729004,-9.400300025939941,2.6725611686706543,-5.82145357131958,-2.245607852935791,3.7877190113067627,-4.754082679748535,-10.880708694458008,-4.441537380218506,5.53012228012085,10.619768142700195,1.2844587564468384,5.60013484954834,-5.150928020477295,2.589970111846924,-4.4833245277404785,-1.2575502395629883,4.510364532470703,1.982029676437378,9.306445121765137,2.683361053466797,-8.764982223510742,-6.068830490112305,4.646561622619629,-5.906594276428223,2.52234148979187,-6.6521100997924805,8.281326293945312,-3.4475646018981934,-9.789361953735352,6.6369194984436035,-3.349020481109619,-7.078049659729004,-9.044710159301758,2.641916275024414,-5.574310302734375,-2.1206164360046387,3.477792739868164,-4.488458156585693,-10.641027450561523,-4.276894569396973,5.338508605957031,10.354394912719727,1.3551123142242432,5.222644329071045,-5.271006107330322,2.502119541168213,-4.56465482711792,-1.2090559005737305,4.110491752624512,1.9790014028549194,9.005497932434082,2.5910003185272217,-8.525487899780273,-5.846482276916504,4.671555042266846,-5.98543119430542,0.1762320704029423,-1.1977520202000256,1.2283399846311682,0.8342043839394078,-1.5906153582454565,0.6242661748691468,-0.7065072213208693,-0.09177514048084068,-0.545323821367125,-2.4142184238877955,-0.6523708012504323,-1.1378585416702696,1.0102847862438389,-0.9731668578042015,-0.3499900572654533,-0.4304838469105473,0.5452842389795125,0.24543036986171374,-1.0310654266562795,1.1631845801001555,1.0910138813170493,-0.26286708658604113,0.9120514082111123,-0.10411480618890945,1.2751530937396176,-1.9441636984885455,0.5812504516786555,0.5643317841196371,-0.4433727115224976,-0.5088008122550896,-1.1517040314453864,1.4732449514864405,0.06747229195548729,-0.6794378968125985,0.779451621183563,0.5915433178437548,-0.886418834551123,0.23966566550742963,-0.16843601154600485,0.20324395465524217,-0.13854091186513742,-2.678072926045189,-0.3700562691796961,-0.4426741217272017,0.6938778088300557,-0.5917390069241744,-0.015845443770146666,-0.04565460060771581,0.050241442340415374,-0.020906374650353134,-0.7505634839849958,0.7866697216410253,0.9217859815918196,-0.7479029686283024,0.7802299554589907,-0.010397504834745528,0.808048122299286,-1.9657493611092849,0.24444226239330927,0.31390065288387686,-0.13382291694433143,0.06827373233714518,-1.1047532160741171,1.3384787626124814
B,masked_angular_velocity,2,conv,790,1,1,790_T1_P1_R1,25,5,2.595489025115967,-6.695765495300293,8.287825584411621,-3.7078185081481934,-9.554829597473145,6.906637668609619,-3.382676362991333,-7.667288780212402,-9.507957458496094,2.933232069015503,-5.662449836730957,-2.0254805088043213,3.3209457397460938,-4.502521514892578,-11.160661697387695,-4.583076477050781,5.6364030838012695,11.107061386108398,1.4891244173049927,5.175343990325928,-6.027896881103516,2.584850788116455,-5.308353424072266,-1.537648320198059,3.8846354484558105,2.279961109161377,9.436328887939453,2.6453819274902344,-8.97330379486084,-6.0776777267456055,5.378396034240723,-6.8477349281311035,2.3087215423583984,-6.751453399658203,8.233781814575195,-3.695521593093872,-9.506570816040039,7.285222053527832,-3.649143934249878,-7.8790178298950195,-9.519893646240234,2.837642192840576,-5.496492385864258,-2.0427913665771484,3.1077682971954346,-4.318096160888672,-11.354042053222656,-4.690125942230225,5.700141906738281,11.171062469482422,1.5467700958251953,5.161735534667969,-6.277667045593262,2.592113971710205,-5.325627326965332,-1.494187593460083,3.827685594558716,2.3428430557250977,9.362528800964355,2.5076825618743896,-8.8849515914917,-6.3345136642456055,5.559769630432129,-6.88162088394165,0.2426416439497227,-0.775854115699228,0.7874498333607485,-0.40513206191124845,-0.6091378225831108,0.6867410686057541,-0.2604157157471161,-0.6957897913246842,-0.6684802876641825,-0.16984266318868874,-0.4707388751087727,0.08645932859700955,0.5337513367557515,-0.6119335051441578,-0.7402789752332557,-0.7613115060204809,0.8198625635569965,0.7344943379881871,-0.21852265633373377,0.7394915669068006,-0.14491451400749994,-0.2911329058841551,-0.42516339650537976,-0.6454158503168085,0.5442180019937368,0.17941663940942337,0.7266096180578691,0.4613534485420689,-0.7126332447939112,-0.5317636779235164,0.2230504738381963,-0.13557236077966867,-0.4440916161286351,-0.898843173210715,0.7209518962090488,-0.3580387374519291,-0.5520823818526079,1.3142699968384446,-0.9886524665576355,-1.0188364284068885,-0.6821347934528906,-0.9928720287476984,-0.2811643239388412,-0.009821531725197731,0.31611596185054536,-0.3471046450828896,-1.009873288301853,-1.0115235575386903,0.9845353093446301,0.7987267676522652,0.010335889674534166,0.7259181242298902,-0.4969201368559258,-0.2510326845866674,-0.4531599674818268,-0.5614262813184328,0.4776921638338312,0.6276249112201859,0.6440151258835973,0.08798885180275383,-0.598437537797715,-1.1983457160724487,0.5637632677438176,-0.1934978548031664
B,masked_angular_velocity,2,conv,790,1,2,790_T1_P1_R2,26,5,2.477092742919922,-6.723092555999756,8.249263763427734,-3.6741912364959717,-9.61862850189209,7.0537285804748535,-3.5137619972229004,-7.738553524017334,-9.581724166870117,2.9057278633117676,-5.589828014373779,-2.04451322555542,3.2712345123291016,-4.432918071746826,-11.212104797363281,-4.619406223297119,5.647988796234131,11.080939292907715,1.4495813846588135,5.158620357513428,-6.0429182052612305,2.634420871734619,-5.243068218231201,-1.4938030242919922,3.9209418296813965,2.289158344268799,9.35632038116455,2.6220757961273193,-8.904483795166016,-6.207676887512207,5.396273612976074,-6.839114189147949,2.6628596782684326,-7.081611633300781,8.938424110412598,-3.8337275981903076,-10.175771713256836,7.343960762023926,-3.44781231880188,-8.030885696411133,-10.196200370788574,2.765829563140869,-6.267056465148926,-2.0298492908477783,4.030789375305176,-4.9724321365356445,-11.632776260375977,-4.9308671951293945,5.946089267730713,11.766794204711914,1.2699530124664307,5.96779203414917,-5.895970344543457,2.499821424484253,-5.4065351486206055,-1.813402533531189,4.589513301849365,2.2558650970458984,10.043313026428223,2.8809759616851807,-9.465861320495605,-6.234817028045654,5.290836334228516,-6.669412136077881,-0.04088687805595466,-0.8362077543911844,0.740001147458712,-0.27635199563821117,-0.684564040260572,0.9305536120771419,-0.618662927215676,-0.8045233247381478,-0.7528679846761788,-0.40665644423064135,-0.3877821386019455,-0.01939946782245301,0.4830004461510201,-0.5119850117099226,-0.8119978685593223,-0.8462258109287047,0.8497965089381821,0.7082770034614969,-0.37551288618369416,0.7228109510061687,-0.1660838999162741,-0.017448879497606748,-0.3193485368650739,-0.5606829216381641,0.5866287329773099,0.24497163256490534,0.6370674899776002,0.39816069106078433,-0.6236810870959065,-0.869158525819333,0.256633437074538,-0.12083681453422745,0.403976812276861,-1.6280161706687448,1.5879738615778396,-0.8873156159033441,-1.3432613882949707,1.4116335757192537,-0.43842760615873805,-1.2505492940493121,-1.455806438789592,-1.6111795636127895,-1.161388025299241,0.06215945137278629,1.2584379894894457,-1.2867092296106004,-1.3984645156057944,-1.5742210684895492,1.6199490906067087,1.3966219382288492,-1.08865458489104,1.5298928567224557,0.04101215591764114,-0.7605912130879525,-0.5842965819690303,-1.1783220020574952,1.3676100787012984,0.00766798436604339,1.405917580370932,1.1001546573985894,-1.3492716414019355,-0.9395958963895203,0.05856999650549037,0.169257762303143
B,masked_angular_velocity,2,conv,790,2,1,790_T2_P1_R1,25,5,2.5689749717712402,-6.773108005523682,8.376501083374023,-3.829566478729248,-9.52799129486084,7.069740295410156,-3.3196303844451904,-7.894658088684082,-9.8390531539917,2.932107925415039,-5.821608543395996,-1.9475069046020508,3.5520927906036377,-4.59359884262085,-11.37313175201416,-4.698970794677734,5.732718467712402,11.466070175170898,1.4021717309951782,5.3998308181762695,-6.1146392822265625,2.497502565383911,-5.538649559020996,-1.689589500427246,3.9970271587371826,2.3251471519470215,9.632047653198242,2.7168960571289062,-9.156905174255371,-6.101587772369385,5.4697489738464355,-6.923074245452881,2.5372748374938965,-6.913816452026367,8.530451774597168,-3.894648313522339,-9.589722633361816,7.262579441070557,-3.361168384552002,-8.07760238647461,-10.042177200317383,2.90813946723938,-6.0005903244018555,-1.9112225770950317,3.687154531478882,-4.6810407638549805,-11.538440704345703,-4.839592933654785,5.846200942993164,11.746506690979004,1.3844904899597168,5.582709789276123,-6.168060779571533,2.4507946968078613,-5.619435787200928,-1.7840514183044434,4.17874813079834,2.374927520751953,9.855552673339844,2.7602221965789795,-9.27528190612793,-6.178253173828125,5.533655166625977,-6.903622150421143,0.17914764874213765,-0.946668971998084,0.8965601241334078,-0.871381499262179,-0.577406530662695,0.9570944943769477,-0.08811586682068785,-1.0426992865641385,-1.0472431942558962,-0.17952239545508517,-0.6525480306711146,0.5201369327954586,0.7697316042984086,-0.7427177107836502,-1.0364885948835358,-1.0321973139214236,1.068699006956649,1.0948063091402638,-0.5637332318547251,0.963397888605962,-0.26716145876771824,-0.7733960612222885,-0.798429130166471,-0.9390483528526401,0.675506009627794,0.5014918413609778,0.9456495153889749,0.6552609940714452,-0.9499413499424965,-0.5938176248135296,0.3946582907204542,-0.2643603171452664,0.10323382738385174,-1.2574311489415477,1.0859877815344223,-1.1206193244428517,-0.6503893668774141,1.2767382627252606,-0.20163628130029382,-1.321827173333486,-1.2796094541113967,-0.38589001042878357,-0.8570007886522857,0.7219452708783052,0.9076176781232717,-0.8682813173622866,-1.2669487948062894,-1.3608810925092383,1.361884479102664,1.3762605577516214,-0.6339292739422274,1.1458053890175732,-0.34244961354917347,-1.0312746171844,-0.9293686151325433,-1.121599911719603,0.8877805014006706,0.8563154669810256,1.1957847752837172,0.7727371789873129,-1.102944604747416,-0.7927936596456774,0.5147066677729069,-0.2311082273912719
B,masked_angular_velocity,2,conv,790,2,2,790_T2_P1_R2,26,5,2.5541183948516846,-6.82086181640625,8.414121627807617,-3.8573670387268066,-9.599328994750977,7.177009582519531,-3.444305896759033,-7.939271450042725,-9.791543960571289,2.9003913402557373,-5.725741386413574,-1.9652019739151,3.424283504486084,-4.534581184387207,-11.483884811401367,-4.733267784118652,5.71621036529541,11.409543991088867,1.4419151544570923,5.419334411621094,-6.237639427185059,2.5380115509033203,-5.526056289672852,-1.670029878616333,3.941544771194458,2.315187931060791,9.603940963745117,2.7215044498443604,-9.159599304199219,-6.216612815856934,5.453611850738525,-7.024639129638672,2.492234706878662,-6.703820705413818,8.175897598266602,-3.7717902660369873,-9.43323802947998,7.058619499206543,-3.4538357257843018,-7.839028835296631,-9.600252151489258,2.9699559211730957,-5.546060085296631,-1.9922462701797485,3.2301716804504395,-4.394790172576904,-11.280117988586426,-4.6149115562438965,5.632480621337891,11.22704029083252,1.4943774938583374,5.146673679351807,-6.210440635681152,2.558793544769287,-5.450475215911865,-1.5447685718536377,3.775394916534424,2.332581043243408,9.422778129577637,2.6191115379333496,-8.956311225891113,-6.178133010864258,5.49623966217041,-6.9781293869018555,0.14356903379134262,-1.0521354418565465,0.9428501705158011,-0.9778450764425823,-0.6617470253726392,1.1349002529244387,-0.42884444820913126,-1.1107676148003693,-0.9928922813852143,-0.4526006930583253,-0.5430379392610417,0.4217191459765365,0.6392495802952698,-0.6579701442000678,-1.1908927587332419,-1.112360655050254,1.026048485576442,1.038073339355723,-0.4059483662224099,0.9828515300296885,-0.4405081746467089,-0.5497386866979194,-0.7780180704821259,-0.901248562880604,0.6106952317042145,0.43050557574937487,0.914193734477345,0.667755562280532,-0.953423563525045,-0.8923488184929322,0.3643446663605472,-0.4379791214698603,-0.004626182714833449,-0.7936444164197318,0.6497280694677706,-0.6501197413090112,-0.46538161421070184,0.9386618716408475,-0.4548896548578577,-0.9578222235439122,-0.7740637404044817,0.1463487101172159,-0.3377861673126199,0.2713024094849799,0.44107894465094233,-0.45723478607845436,-0.9068156813786785,-0.8357216700266505,0.8097292685893972,0.8549074929460451,-0.1976673115396934,0.7108948795926722,-0.402176187304118,-0.4349984076345347,-0.655515670503766,-0.6591759029533042,0.4166100860816774,0.5544794574104898,0.7114442059604861,0.39012264552312526,-0.6906697404571026,-0.7924806176067584,0.4444204684434361,-0.3584737822181992
B,masked_angular_velocity,2,conv,790,3,1,790_T3_P1_R1,27,5,2.1588964462280273,-6.446108818054199,7.665971279144287,-3.7421646118164062,-8.83918571472168,7.201708793640137,-3.637864351272583,-7.947052001953125,-9.305620193481445,3.023768186569214,-4.937651634216309,-1.922165870666504,2.5217013359069824,-3.8720498085021973,-11.30751895904541,-4.540135383605957,5.545096397399902,11.02260971069336,1.6811726093292236,4.549887657165527,-6.78140115737915,2.6678946018218994,-5.630606651306152,-1.454652190208435,3.127333879470825,2.45474910736084,8.938941955566406,2.361340045928955,-8.638675689697266,-6.370175838470459,5.9519243240356445,-7.459815979003906,2.1106181144714355,-6.391218185424805,7.528107643127441,-3.8183257579803467,-8.55400276184082,7.1913909912109375,-3.552988052368164,-7.968274116516113,-9.28568172454834,3.0150585174560547,-4.9843010902404785,-1.862881064414978,2.462578773498535,-3.7651736736297607,-11.298559188842773,-4.558650016784668,5.525877952575684,11.084734916687012,1.6827495098114014,4.4540605545043945,-6.876847267150879,2.5996265411376953,-5.737684726715088,-1.4479910135269165,3.059370994567871,2.5228259563446045,8.949974060058594,2.319397449493408,-8.607980728149414,-6.315352916717529,6.013168811798096,-7.48819637298584,-0.8028835431278687,-0.22447434546718553,0.02229348535927288,-0.5366629050115181,0.23695218984891636,1.1758426326975093,-0.9578262553601539,-1.1226390478731365,-0.4370143714021767,0.6096728940930382,0.357205828260451,0.661079857739004,-0.282206111676789,0.29340375631926685,-0.9450151859186475,-0.6609416343727321,0.5839701900983506,0.6497346747324921,0.5439269418926849,0.11565043414945561,-1.206840812350821,0.16736374511413382,-0.9474743174433421,-0.48502246372368213,-0.340411997822649,1.4252647729356867,0.16995745356055603,-0.30881145145866673,-0.2801198987818601,-1.290901836997492,1.3004267725691308,-1.1818848641343638,-0.9184976724850081,-0.10324542846874932,-0.14734102426824885,-0.8283330660748556,0.5741184887095337,1.1587391716724627,-0.7258650055710125,-1.1550189009244523,-0.41420447296849394,0.5346816359943336,0.303917599419517,0.9908141441275238,-0.34256503012095296,0.446874381342192,-0.9325260373560524,-0.7042177673670633,0.5343169040436472,0.7120859026247646,0.5501877293965907,0.020070468128052587,-1.3413550013482307,-0.20955203727755936,-1.1210269018808083,-0.47214950441914566,-0.41980186328112434,1.9105000060009683,0.18230403965261271,-0.4225366512337886,-0.2404483970379072,-1.1486168936115742,1.4154750232136881,-1.2304001310715877
B,masked_angular_velocity,2,conv,790,3,2,790_T3_P1_R2,25,5,2.0904688835144043,-6.369451999664307,7.578248500823975,-3.670724868774414,-8.725744247436523,7.2096266746521,-3.6280407905578613,-7.896569728851318,-9.212152481079102,2.963778018951416,-4.819337844848633,-1.9032115936279297,2.484705686569214,-3.788010835647583,-11.271309852600098,-4.498815536499023,5.465175628662109,10.943159103393555,1.6647274494171143,4.5535478591918945,-6.759701728820801,2.6200294494628906,-5.581025123596191,-1.4425644874572754,3.0505354404449463,2.3988051414489746,8.814058303833008,2.2988381385803223,-8.5309476852417,-6.368638515472412,5.92051362991333,-7.400189399719238,1.6650749444961548,-5.925406455993652,6.994780540466309,-3.8187382221221924,-7.444998264312744,7.6988654136657715,-3.604609966278076,-8.510391235351562,-9.121713638305664,2.9760994911193848,-4.114395618438721,-1.611196756362915,1.7528254985809326,-3.216200351715088,-11.700979232788086,-4.669414520263672,5.44085693359375,11.356786727905273,1.8490924835205078,4.268050193786621,-7.980889797210693,2.4348533153533936,-6.554256439208984,-1.842895746231079,2.0115413665771484,2.5876917839050293,8.653576850891113,1.9586620330810547,-8.555366516113281,-6.615171909332275,6.808000087738037,-8.503450393676758,-0.9667505064508475,-0.05517223657830548,-0.0856447394347432,-0.2630763105699492,0.37107080665575765,1.1889646643481926,-0.9309787845419064,-1.0456156351558499,-0.3300899748992516,0.09316014252392897,0.492357356327873,0.7665016694157367,-0.3199753719676084,0.4140809890776146,-0.8945361050672492,-0.5643624190854059,0.377490480025583,0.569994538133929,0.4786382108506443,0.11930150793581906,-1.176259621929765,-0.09690465160214617,-0.867112264178437,-0.46166232310371946,-0.4301229733606844,1.0265104092373702,0.030193851525413852,-0.4782819741316463,-0.1408804462029407,-1.2869120185469725,1.2414211155043473,-1.079956464343923,-1.9854580360376755,0.9255252505440026,-0.8035686720302749,-0.8299121014448506,1.8852673540747147,1.9999110022130893,-0.8669445439914512,-1.9821562032018307,-0.22663204014828758,0.19924771885995826,1.297620350837583,2.3906472274173045,-1.0671598277112768,1.2351828068827313,-1.4935478145373104,-0.9631133729732735,0.314663044800574,0.9851254948027725,1.2105858248066415,-0.1654593453976284,-2.89730264799248,-1.1192906087953367,-2.4445345558723757,-1.235318931940813,-1.6438072283989187,2.3728491121806172,-0.14941153994345405,-1.4006516151997217,-0.17244198546687967,-1.9267533916045916,2.908569766971857,-2.965907611648254
