participant,fold,delta,exercise_id,feature,level,delta_value,abs_delta,drep_max,ratio_vs_drep_max,exceeds_drep_max,reliable_fold_any_seed
252,A,D12,9,total_energy_deg2_s2,exercise,-153579.6185018469,153579.6185018469,189558.88071245234,0.8101947950136745,False,True
252,A,D12,9,active_link_count,exercise,0.0,0.0,0.0,,False,True
252,A,D12,9,active_region_count,exercise,0.0,0.0,0.4166666666666665,0.0,False,True
252,A,D12,9,participation_entropy_bits,exercise,0.026926920831164658,0.026926920831164658,0.13986408053309596,0.19252205947754367,False,True
252,A,D12,9,effective_dimensionality,exercise,0.07734331134944084,0.07734331134944084,0.18025834316241474,0.42906924579770306,False,True
252,A,D12,9,lr_symmetry,exercise,0.022965082721633556,0.022965082721633556,0.11337393254297312,0.20256051992312166,False,True
252,A,D12,9,regional_coupling,exercise,-0.2899038195270149,0.2899038195270149,0.15751981109773183,1.840427673869838,True,True
252,A,D12,9,trunk_arm_lagged_coupling,exercise,-0.02991811693817112,0.02991811693817112,0.01619693189806659,1.847147171233239,True,True
252,A,D12,9,energy_share_head_neck,exercise,0.0047799451694930835,0.0047799451694930835,0.003607493067819075,1.3250046721178648,True,True
252,A,D12,9,energy_share_left_arm,exercise,-0.06703237385325028,0.06703237385325028,0.08941939845482177,0.7496401788826358,False,True
252,A,D12,9,energy_share_left_leg,exercise,1.7363246016614473e-05,1.7363246016614473e-05,0.0021756613776217418,0.007980674839939741,False,True
252,A,D12,9,energy_share_right_arm,exercise,0.06228544795664959,0.06228544795664959,0.09252937749193202,0.6731424077945459,False,True
252,A,D12,9,energy_share_right_leg,exercise,-1.7236161637288483e-05,1.7236161637288483e-05,0.0017586137013332393,0.009800993603212241,False,True
252,A,D12,9,energy_share_trunk_spine,exercise,-3.314635727189455e-05,3.314635727189455e-05,0.00015121073378480262,0.21920637802781373,False,True
252,A,D12,10,total_energy_deg2_s2,exercise,-307038.0406415447,307038.0406415447,174355.27221414656,1.7609908593095742,True,True
252,A,D12,10,active_link_count,exercise,0.0,0.0,0.0,,False,True
252,A,D12,10,active_region_count,exercise,-0.1333333333333333,0.1333333333333333,0.3333333333333335,0.39999999999999974,False,True
252,A,D12,10,participation_entropy_bits,exercise,0.3249681079240254,0.3249681079240254,0.21872576585568826,1.4857330898017482,True,True
252,A,D12,10,effective_dimensionality,exercise,1.1860641749826302,1.1860641749826302,0.5721029965010818,2.0731654653733096,True,True
252,A,D12,10,lr_symmetry,exercise,0.034438315375524886,0.034438315375524886,0.09360291148794353,0.3679192754592969,False,True
252,A,D12,10,regional_coupling,exercise,-0.03233637661274347,0.03233637661274347,0.03193046616129548,1.0127123246305751,True,True
252,A,D12,10,trunk_arm_lagged_coupling,exercise,0.17478572177489457,0.17478572177489457,0.09138295622900111,1.9126730955922493,True,True
252,A,D12,10,energy_share_head_neck,exercise,0.011125785994388394,0.011125785994388394,0.007884421928764948,1.4111099196502779,True,True
252,A,D12,10,energy_share_left_arm,exercise,0.028563720336412246,0.028563720336412246,0.07487453436870267,0.38148778589736104,False,True
252,A,D12,10,energy_share_left_leg,exercise,9.771787760848652e-05,9.771787760848652e-05,0.03993458057211053,0.0024469488901238297,False,True
252,A,D12,10,energy_share_right_arm,exercise,-0.04092941197657851,0.04092941197657851,0.04309001115329114,0.949858467916697,False,True
252,A,D12,10,energy_share_right_leg,exercise,0.0004943427628348734,0.0004943427628348734,0.0020333378124626064,0.24311885600365019,False,True
252,A,D12,10,energy_share_trunk_spine,exercise,0.0006478450053345266,0.0006478450053345266,0.0013877007482078804,0.4668477740400253,False,True
252,A,D12,11,total_energy_deg2_s2,exercise,-192405.24455213896,192405.24455213896,194013.05378137162,0.9917128811804361,False,True
252,A,D12,11,active_link_count,exercise,0.0,0.0,0.0,,False,True
252,A,D12,11,active_region_count,exercise,0.4285714285714284,0.4285714285714284,0.5619047619047621,0.7627118644067791,False,True
252,A,D12,11,participation_entropy_bits,exercise,-0.07669396279363783,0.07669396279363783,0.1597967483637599,0.4799469549846682,False,True
252,A,D12,11,effective_dimensionality,exercise,-0.72223734419567,0.72223734419567,0.07161657879675953,10.084778641064453,True,True
252,A,D12,11,lr_symmetry,exercise,-0.10216733005765855,0.10216733005765855,0.03636410653441968,2.8095652497595176,True,True
252,A,D12,11,regional_coupling,exercise,-0.05385502343004683,0.05385502343004683,0.05920864720318719,0.9095803733740403,False,True
252,A,D12,11,trunk_arm_lagged_coupling,exercise,0.020052116124603336,0.020052116124603336,0.056112616389083325,0.3573548591204965,False,True
252,A,D12,11,energy_share_head_neck,exercise,0.013980930734354132,0.013980930734354132,0.008321802410455638,1.6800363725036633,True,True
252,A,D12,11,energy_share_left_arm,exercise,0.12879749173835797,0.12879749173835797,0.10722051542336203,1.2012392519267314,True,True
252,A,D12,11,energy_share_left_leg,exercise,-0.0009530566248467862,0.0009530566248467862,0.006308369771501619,0.15107811675090257,False,True
252,A,D12,11,energy_share_right_arm,exercise,-0.14252351897591892,0.14252351897591892,0.13402567205119503,1.0634046208809749,True,True
252,A,D12,11,energy_share_right_leg,exercise,-0.0006889032116677522,0.0006889032116677522,0.0051773726289413855,0.13306038816228916,False,True
252,A,D12,11,energy_share_trunk_spine,exercise,0.001387056339721351,0.001387056339721351,0.006997611816934302,0.1982185316945788,False,True
252,A,D12,12,total_energy_deg2_s2,exercise,-79074.70490752679,79074.70490752679,35994.9619772649,2.1968270158882754,True,True
252,A,D12,12,active_link_count,exercise,0.0,0.0,0.0,,False,True
252,A,D12,12,active_region_count,exercise,0.3333333333333335,0.3333333333333335,1.3333333333333335,0.25000000000000006,False,True
252,A,D12,12,participation_entropy_bits,exercise,-0.14776863451228595,0.14776863451228595,0.14851759099507245,0.9949571193703826,False,True
252,A,D12,12,effective_dimensionality,exercise,-1.0440439655057192,1.0440439655057192,0.5012381591169861,2.0829299336366875,True,True
252,A,D12,12,lr_symmetry,exercise,-0.10932623700566846,0.10932623700566846,0.11067120965074229,0.987847131613377,False,True
252,A,D12,12,regional_coupling,exercise,0.01780978291249686,0.01780978291249686,0.2635876209201742,0.06756684115256853,False,True
252,A,D12,12,trunk_arm_lagged_coupling,exercise,0.05577590455462764,0.05577590455462764,0.17591479175409017,0.3170620503169302,False,True
252,A,D12,12,energy_share_head_neck,exercise,-0.055225932444640205,0.055225932444640205,0.05748180611164523,0.960754996761523,False,True
252,A,D12,12,energy_share_left_arm,exercise,0.11202242696702519,0.11202242696702519,0.14866746712390422,0.7535100256578806,False,True
252,A,D12,12,energy_share_left_leg,exercise,-0.00134980771563354,0.00134980771563354,0.029073872870504933,0.04642682870787753,False,True
252,A,D12,12,energy_share_right_arm,exercise,-0.05596902751516375,0.05596902751516375,0.17541687905103542,0.31906295345090613,False,True
252,A,D12,12,energy_share_right_leg,exercise,0.0007803792842221227,0.0007803792842221227,0.01805998529702097,0.04321040529035468,False,True
252,A,D12,12,energy_share_trunk_spine,exercise,-0.0002580385758098776,0.0002580385758098776,0.005538532746424577,0.04658969940666243,False,True
252,A,D12,13,total_energy_deg2_s2,exercise,-150753.92915766942,150753.92915766942,270202.2125211894,0.5579300322933041,False,True
252,A,D12,13,active_link_count,exercise,0.0,0.0,0.0,,False,True
252,A,D12,13,active_region_count,exercise,0.125,0.125,0.08333333333333304,1.5000000000000053,True,True
252,A,D12,13,participation_entropy_bits,exercise,0.04986609075631909,0.04986609075631909,0.1913097772980321,0.2606562584547634,False,True
252,A,D12,13,effective_dimensionality,exercise,0.09311747744397181,0.09311747744397181,1.7299056972870623,0.05382806565121093,False,True
252,A,D12,13,lr_symmetry,exercise,-0.007571350351746053,0.007571350351746053,0.07022046533468063,0.10782256021317904,False,True
252,A,D12,13,regional_coupling,exercise,-0.013497609982294198,0.013497609982294198,0.030292922053674114,0.4455697591133215,False,True
252,A,D12,13,trunk_arm_lagged_coupling,exercise,-0.0129956989056364,0.0129956989056364,0.07037333091671905,0.18466795213964965,False,True
252,A,D12,13,energy_share_head_neck,exercise,-0.008191692107522859,0.008191692107522859,0.009290785844839847,0.8817006703553036,False,True
252,A,D12,13,energy_share_left_arm,exercise,0.036027531730805196,0.036027531730805196,0.12878085622467858,0.279758442263728,False,True
252,A,D12,13,energy_share_left_leg,exercise,0.03310115318152396,0.03310115318152396,0.047238771538412466,0.7007200251727032,False,True
252,A,D12,13,energy_share_right_arm,exercise,-0.10147458245166702,0.10147458245166702,0.029062722942780672,3.4915717516026423,True,True
252,A,D12,13,energy_share_right_leg,exercise,0.030613438677746324,0.030613438677746324,0.11067461151961294,0.2766076000395198,False,True
252,A,D12,13,energy_share_trunk_spine,exercise,0.009924150969114424,0.009924150969114424,0.018249089523056126,0.5438162247259585,False,True
252,B,D12,9,total_energy_deg2_s2,exercise,-66058.85740442964,66058.85740442964,189558.88071245234,0.34848727295787496,False,True
252,B,D12,9,active_link_count,exercise,0.0,0.0,0.0,,False,True
252,B,D12,9,active_region_count,exercise,-0.16666666666666652,0.16666666666666652,0.4166666666666665,0.3999999999999998,False,True
252,B,D12,9,participation_entropy_bits,exercise,-0.046543519210097806,0.046543519210097806,0.13986408053309596,0.3327767860961574,False,True
252,B,D12,9,effective_dimensionality,exercise,-0.1520510854968773,0.1520510854968773,0.18025834316241474,0.8435176027324162,False,True
252,B,D12,9,lr_symmetry,exercise,-0.061911161075374754,0.061911161075374754,0.11337393254297312,0.546079329584056,False,True
252,B,D12,9,regional_coupling,exercise,-0.07338400754920535,0.07338400754920535,0.15751981109773183,0.46587160711915065,False,True
252,B,D12,9,trunk_arm_lagged_coupling,exercise,-0.03396085474396909,0.03396085474396909,0.01619693189806659,2.0967461589452605,True,True
252,B,D12,9,energy_share_head_neck,exercise,0.0005756307837404002,0.0005756307837404002,0.003607493067819075,0.15956531943896438,False,True
252,B,D12,9,energy_share_left_arm,exercise,-0.07201142725204285,0.07201142725204285,0.08941939845482177,0.805322206326694,False,True
252,B,D12,9,energy_share_left_leg,exercise,-0.0018904462589169916,0.0018904462589169916,0.0021756613776217418,0.8689064752270759,False,True
252,B,D12,9,energy_share_right_arm,exercise,0.07505678752322587,0.07505678752322587,0.09252937749193202,0.8111671077628329,False,True
252,B,D12,9,energy_share_right_leg,exercise,-0.0016785529743323917,0.0016785529743323917,0.0017586137013332393,0.9544750919771909,False,True
252,B,D12,9,energy_share_trunk_spine,exercise,-5.1991821674183294e-05,5.1991821674183294e-05,0.00015121073378480262,0.3438368452611048,False,True
252,B,D12,10,total_energy_deg2_s2,exercise,-197850.0986343666,197850.0986343666,174355.27221414656,1.134752600950106,True,True
252,B,D12,10,active_link_count,exercise,0.0,0.0,0.0,,False,True
252,B,D12,10,active_region_count,exercise,-0.06666666666666643,0.06666666666666643,0.3333333333333335,0.1999999999999992,False,True
252,B,D12,10,participation_entropy_bits,exercise,0.11181016279634726,0.11181016279634726,0.21872576585568826,0.5111888046610741,False,True
252,B,D12,10,effective_dimensionality,exercise,0.6341578308685776,0.6341578308685776,0.5721029965010818,1.1084679415193004,True,True
252,B,D12,10,lr_symmetry,exercise,-0.11401734018774157,0.11401734018774157,0.09360291148794353,1.2180960867058874,True,True
252,B,D12,10,regional_coupling,exercise,-0.03776856204598429,0.03776856204598429,0.03193046616129548,1.1828377905664733,True,True
252,B,D12,10,trunk_arm_lagged_coupling,exercise,0.04729034809198063,0.04729034809198063,0.09138295622900111,0.5174963696017164,False,True
252,B,D12,10,energy_share_head_neck,exercise,0.0030663031473037268,0.0030663031473037268,0.007884421928764948,0.38890652669371367,False,True
252,B,D12,10,energy_share_left_arm,exercise,-0.057052339061278656,0.057052339061278656,0.07487453436870267,0.761972539025583,False,True
252,B,D12,10,energy_share_left_leg,exercise,0.035708847118323145,0.035708847118323145,0.03993458057211053,0.8941836024505901,False,True
252,B,D12,10,energy_share_right_arm,exercise,0.020821675016086894,0.020821675016086894,0.04309001115329114,0.48321349795001317,False,True
252,B,D12,10,energy_share_right_leg,exercise,-0.001141304673942793,0.001141304673942793,0.0020333378124626064,0.5612961441761325,False,True
252,B,D12,10,energy_share_trunk_spine,exercise,-0.0014031815464924803,0.0014031815464924803,0.0013877007482078804,1.0111557180498694,True,True
252,B,D12,11,total_energy_deg2_s2,exercise,-225399.3562917937,225399.3562917937,194013.05378137162,1.1617741791013223,True,True
252,B,D12,11,active_link_count,exercise,0.0,0.0,0.0,,False,True
252,B,D12,11,active_region_count,exercise,-0.13333333333333375,0.13333333333333375,0.5619047619047621,0.23728813559322098,False,True
252,B,D12,11,participation_entropy_bits,exercise,-0.2062277993396533,0.2062277993396533,0.1597967483637599,1.2905631776073325,True,True
252,B,D12,11,effective_dimensionality,exercise,-0.6277680128876835,0.6277680128876835,0.07161657879675953,8.765680006430136,True,True
252,B,D12,11,lr_symmetry,exercise,-0.048092608864251596,0.048092608864251596,0.03636410653441968,1.322529643859957,True,True
252,B,D12,11,regional_coupling,exercise,0.05064971071196031,0.05064971071196031,0.05920864720318719,0.8554444849608698,False,True
252,B,D12,11,trunk_arm_lagged_coupling,exercise,0.06603164434488185,0.06603164434488185,0.056112616389083325,1.1767700134853856,True,True
252,B,D12,11,energy_share_head_neck,exercise,0.0004835908755307407,0.0004835908755307407,0.008321802410455638,0.05811131431372966,False,True
252,B,D12,11,energy_share_left_arm,exercise,-0.020676162288705224,0.020676162288705224,0.10722051542336203,0.19283774385027946,False,True
252,B,D12,11,energy_share_left_leg,exercise,-0.00748108289110936,0.00748108289110936,0.006308369771501619,1.18589796763429,True,True
252,B,D12,11,energy_share_right_arm,exercise,0.039753890549943716,0.039753890549943716,0.13402567205119503,0.29661399895654733,False,True
252,B,D12,11,energy_share_right_leg,exercise,-0.006031781677536573,0.006031781677536573,0.0051773726289413855,1.1650275361327214,True,True
252,B,D12,11,energy_share_trunk_spine,exercise,-0.006048454568123149,0.006048454568123149,0.006997611816934302,0.8643598310906327,False,True
252,B,D12,12,total_energy_deg2_s2,exercise,-60704.54406448308,60704.54406448308,35994.9619772649,1.6864733487654526,True,True
252,B,D12,12,active_link_count,exercise,0.0,0.0,0.0,,False,True
252,B,D12,12,active_region_count,exercise,-1.0,1.0,1.3333333333333335,0.7499999999999999,False,True
252,B,D12,12,participation_entropy_bits,exercise,-0.3189207060241088,0.3189207060241088,0.14851759099507245,2.147359810291362,True,True
252,B,D12,12,effective_dimensionality,exercise,-0.791174828998205,0.791174828998205,0.5012381591169861,1.5784409359255296,True,True
252,B,D12,12,lr_symmetry,exercise,0.08295158745674613,0.08295158745674613,0.11067120965074229,0.7495317681854737,False,True
252,B,D12,12,regional_coupling,exercise,-0.05084623208226899,0.05084623208226899,0.2635876209201742,0.19290068291055082,False,True
252,B,D12,12,trunk_arm_lagged_coupling,exercise,-0.13884938360297105,0.13884938360297105,0.17591479175409017,0.7892990817797031,False,True
252,B,D12,12,energy_share_head_neck,exercise,-0.01305163038895342,0.01305163038895342,0.05748180611164523,0.2270567205839639,False,True
252,B,D12,12,energy_share_left_arm,exercise,0.0363353029732566,0.0363353029732566,0.14866746712390422,0.2444065515892162,False,True
252,B,D12,12,energy_share_left_leg,exercise,-0.032628526138179924,0.032628526138179924,0.029073872870504933,1.1222628056299009,True,True
252,B,D12,12,energy_share_right_arm,exercise,0.04165809320804137,0.04165809320804137,0.17541687905103542,0.2374805288601757,False,True
252,B,D12,12,energy_share_right_leg,exercise,-0.023399107527320374,0.023399107527320374,0.01805998529702097,1.2956327008295019,True,True
252,B,D12,12,energy_share_trunk_spine,exercise,-0.008914132126844153,0.008914132126844153,0.005538532746424577,1.6094753854436823,True,True
252,B,D12,13,total_energy_deg2_s2,exercise,-98076.15308817604,98076.15308817604,270202.2125211894,0.36297316803238555,False,True
252,B,D12,13,active_link_count,exercise,0.0,0.0,0.0,,False,True
252,B,D12,13,active_region_count,exercise,0.1999999999999993,0.1999999999999993,0.08333333333333304,2.4,True,True
252,B,D12,13,participation_entropy_bits,exercise,-0.02385875024543571,0.02385875024543571,0.1913097772980321,0.12471265495368454,False,True
252,B,D12,13,effective_dimensionality,exercise,-0.23440364958180915,0.23440364958180915,1.7299056972870623,0.13550082524695678,False,True
252,B,D12,13,lr_symmetry,exercise,0.032982940103216896,0.032982940103216896,0.07022046533468063,0.46970551884006406,False,True
252,B,D12,13,regional_coupling,exercise,-0.055770455721323095,0.055770455721323095,0.030292922053674114,1.8410391583389332,True,True
252,B,D12,13,trunk_arm_lagged_coupling,exercise,0.08584442151541855,0.08584442151541855,0.07037333091671905,1.2198430910852898,True,True
252,B,D12,13,energy_share_head_neck,exercise,0.0020184468352300033,0.0020184468352300033,0.009290785844839847,0.21725254127465007,False,True
252,B,D12,13,energy_share_left_arm,exercise,0.04192626777534489,0.04192626777534489,0.12878085622467858,0.32556289035846975,False,True
252,B,D12,13,energy_share_left_leg,exercise,0.0421292607503064,0.0421292607503064,0.047238771538412466,0.8918365016340182,False,True
252,B,D12,13,energy_share_right_arm,exercise,-0.06440910482761017,0.06440910482761017,0.029062722942780672,2.2162102620053954,True,True
252,B,D12,13,energy_share_right_leg,exercise,-0.015849279329387816,0.015849279329387816,0.11067461151961294,0.14320609859632644,False,True
252,B,D12,13,energy_share_trunk_spine,exercise,-0.005815591203883398,0.005815591203883398,0.018249089523056126,0.31867843031488824,False,True
252,A,D13,9,total_energy_deg2_s2,exercise,210959.90444733226,210959.90444733226,263518.0734167068,0.8005519382867406,False,True
252,A,D13,9,active_link_count,exercise,0.0,0.0,0.0,,False,True
252,A,D13,9,active_region_count,exercise,0.0,0.0,0.4166666666666665,0.0,False,True
252,A,D13,9,participation_entropy_bits,exercise,0.022177204088238867,0.022177204088238867,0.13986408053309596,0.15856254160260316,False,True
252,A,D13,9,effective_dimensionality,exercise,0.03241930727530251,0.03241930727530251,0.18025834316241474,0.17984913600416466,False,True
252,A,D13,9,lr_symmetry,exercise,-0.04771496860995594,0.04771496860995594,0.06281877715153461,0.7595653843253825,False,True
252,A,D13,9,regional_coupling,exercise,-0.15115900269902416,0.15115900269902416,0.15751981109773183,0.9596189942434532,False,True
252,A,D13,9,trunk_arm_lagged_coupling,exercise,0.05353565380450037,0.05353565380450037,0.01619693189806659,3.305295974658686,True,True
252,A,D13,9,energy_share_head_neck,exercise,0.004406878772470133,0.004406878772470133,0.0015957620952314752,2.761613893223155,True,True
252,A,D13,9,energy_share_left_arm,exercise,-0.039624872976372794,0.039624872976372794,0.08444034505602921,0.4692646974628096,False,True
252,A,D13,9,energy_share_left_leg,exercise,-2.401118143618452e-05,2.401118143618452e-05,0.0021756613776217418,0.011036267722154271,False,True
252,A,D13,9,energy_share_right_arm,exercise,0.035250818779713256,0.035250818779713256,0.07975803792535574,0.44197199049334596,False,True
252,A,D13,9,energy_share_right_leg,exercise,1.3215058466809791e-05,1.3215058466809791e-05,0.0017586137013332393,0.007514474871196101,False,True
252,A,D13,9,energy_share_trunk_spine,exercise,-2.2028452841291158e-05,2.2028452841291158e-05,0.00015121073378480262,0.14568048371910697,False,True
252,A,D13,10,total_energy_deg2_s2,exercise,56064.00200754311,56064.00200754311,235351.19369238394,0.23821422414717655,False,True
252,A,D13,10,active_link_count,exercise,0.0,0.0,0.0,,False,True
252,A,D13,10,active_region_count,exercise,0.2666666666666666,0.2666666666666666,0.3999999999999999,0.6666666666666666,False,True
252,A,D13,10,participation_entropy_bits,exercise,0.16298265709775528,0.16298265709775528,0.21872576585568826,0.745146126064035,False,True
252,A,D13,10,effective_dimensionality,exercise,0.4873735102740828,0.4873735102740828,0.5721029965010818,0.8518981953508459,False,True
252,A,D13,10,lr_symmetry,exercise,-0.02441501552124481,0.02441501552124481,0.05485274407532292,0.44510107803756355,False,True
252,A,D13,10,regional_coupling,exercise,0.02038278459149956,0.02038278459149956,0.04728640998286371,0.43104952562239657,False,True
252,A,D13,10,trunk_arm_lagged_coupling,exercise,0.1199896070775964,0.1199896070775964,0.040903986434142836,2.933445307850001,True,True
252,A,D13,10,energy_share_head_neck,exercise,0.0014510005787012736,0.0014510005787012736,0.0052404166824435204,0.27688648949661304,False,True
252,A,D13,10,energy_share_left_arm,exercise,-0.028920607344222637,0.028920607344222637,0.0786385253896365,0.36776639949601575,False,True
252,A,D13,10,energy_share_left_leg,exercise,0.00037567635352618654,0.00037567635352618654,0.004323451331395873,0.08689269861744814,False,True
252,A,D13,10,energy_share_right_arm,exercise,0.024293237647703636,0.024293237647703636,0.07433330004435101,0.32681500260595264,False,True
252,A,D13,10,energy_share_right_leg,exercise,0.0011959294203071533,0.0011959294203071533,0.0020333378124626064,0.5881607143570231,False,True
252,A,D13,10,energy_share_trunk_spine,exercise,0.0016047633439842267,0.0016047633439842267,0.0013877007482078804,1.1564188792552483,True,True
252,A,D13,11,total_energy_deg2_s2,exercise,-46553.64722806355,46553.64722806355,193386.45374469575,0.2407285842757248,False,True
252,A,D13,11,active_link_count,exercise,0.0,0.0,0.0,,False,True
252,A,D13,11,active_region_count,exercise,0.6285714285714286,0.6285714285714286,0.5619047619047621,1.1186440677966096,True,True
252,A,D13,11,participation_entropy_bits,exercise,-0.032007853502304506,0.032007853502304506,0.15283016832020246,0.20943413106267855,False,True
252,A,D13,11,effective_dimensionality,exercise,-0.21175827969836192,0.21175827969836192,0.47238755015177514,0.4482723552522189,False,True
252,A,D13,11,lr_symmetry,exercise,-0.09670820337044084,0.09670820337044084,0.017710614658987267,5.460465671718862,True,True
252,A,D13,11,regional_coupling,exercise,-0.028423161517384887,0.028423161517384887,0.04529608693881995,0.6274970629532566,False,True
252,A,D13,11,trunk_arm_lagged_coupling,exercise,0.037991097962769615,0.037991097962769615,0.027175112076840258,1.3980107186070148,True,True
252,A,D13,11,energy_share_head_neck,exercise,0.001589589759444194,0.001589589759444194,0.017721918474925318,0.08969625730381837,False,True
252,A,D13,11,energy_share_left_arm,exercise,0.016904441333185194,0.016904441333185194,0.04225313860370117,0.4000754001196126,False,True
252,A,D13,11,energy_share_left_leg,exercise,-0.0016623555786224459,0.0016623555786224459,0.006024922845501301,0.27591317287385614,False,True
252,A,D13,11,energy_share_right_arm,exercise,-0.015639861667369637,0.015639861667369637,0.08118984522465744,0.19263322431633106,False,True
252,A,D13,11,energy_share_right_leg,exercise,0.0030487897508866824,0.0030487897508866824,0.005040360357686879,0.6048753530562708,False,True
252,A,D13,11,energy_share_trunk_spine,exercise,-0.004240603597523989,0.004240603597523989,0.020904637905054323,0.20285467831512624,False,True
252,A,D13,12,total_energy_deg2_s2,exercise,200451.6420788073,200451.6420788073,83075.63626586978,2.4128812139012106,True,True
252,A,D13,12,active_link_count,exercise,0.0,0.0,0.0,,False,True
252,A,D13,12,active_region_count,exercise,0.08333333333333348,0.08333333333333348,1.3333333333333335,0.0625000000000001,False,True
252,A,D13,12,participation_entropy_bits,exercise,-0.18713916678832376,0.18713916678832376,0.022634480516750433,8.26787991223537,True,True
252,A,D13,12,effective_dimensionality,exercise,-1.0417911409603722,1.0417911409603722,0.5012381591169861,2.0784354144059174,True,True
252,A,D13,12,lr_symmetry,exercise,-0.07150594715543235,0.07150594715543235,0.0816066148116723,0.8762273416248207,False,True
252,A,D13,12,regional_coupling,exercise,0.1622762322086164,0.1622762322086164,0.2635876209201742,0.6156443600883696,False,True
252,A,D13,12,trunk_arm_lagged_coupling,exercise,0.12665233887814578,0.12665233887814578,0.17591479175409017,0.7199641236263522,False,True
252,A,D13,12,energy_share_head_neck,exercise,-0.11767970171393807,0.11767970171393807,0.05748180611164523,2.047251290005958,True,True
252,A,D13,12,energy_share_left_arm,exercise,0.03259139318549592,0.03259139318549592,0.10702573272509208,0.3045192250092851,False,True
252,A,D13,12,energy_share_left_leg,exercise,-0.0019603724842865416,0.0019603724842865416,0.029073872870504933,0.06742729092261093,False,True
252,A,D13,12,energy_share_right_arm,exercise,0.09094209153288924,0.09094209153288924,0.131857856027344,0.689697938923185,False,True
252,A,D13,12,energy_share_right_leg,exercise,-0.0003220298281808257,0.0003220298281808257,0.01805998529702097,0.017831123496758614,False,True
252,A,D13,12,energy_share_trunk_spine,exercise,-0.003571380691979976,0.003571380691979976,0.01021301256556275,0.3496892487944558,False,True
252,A,D13,13,total_energy_deg2_s2,exercise,-60171.44249209203,60171.44249209203,270202.2125211894,0.22269041371144713,False,True
252,A,D13,13,active_link_count,exercise,0.0,0.0,0.0,,False,True
252,A,D13,13,active_region_count,exercise,0.375,0.375,0.33333333333333304,1.125000000000001,True,True
252,A,D13,13,participation_entropy_bits,exercise,0.11151222082265555,0.11151222082265555,0.1913097772980321,0.5828882475198125,False,True
252,A,D13,13,effective_dimensionality,exercise,0.658168687529594,0.658168687529594,1.7299056972870623,0.38046506729342067,False,True
252,A,D13,13,lr_symmetry,exercise,-0.0005169938261301299,0.0005169938261301299,0.029666174879717677,0.017427047073857536,False,True
252,A,D13,13,regional_coupling,exercise,-0.04510205643747989,0.04510205643747989,0.11495394472661245,0.39234892325568466,False,True
252,A,D13,13,trunk_arm_lagged_coupling,exercise,0.03846770988941861,0.03846770988941861,0.07037333091671905,0.5466234067411407,False,True
252,A,D13,13,energy_share_head_neck,exercise,0.00201075416432292,0.00201075416432292,0.009290785844839847,0.21642455201350957,False,True
252,A,D13,13,energy_share_left_arm,exercise,-0.022808397040189055,0.022808397040189055,0.12878085622467858,0.1771101521517779,False,True
252,A,D13,13,energy_share_left_leg,exercise,0.0036036179548239178,0.0036036179548239178,0.03821066396963002,0.0943092210511727,False,True
252,A,D13,13,energy_share_right_arm,exercise,0.003434284524342246,0.003434284524342246,0.029062722942780672,0.118168023385274,False,True
252,A,D13,13,energy_share_right_leg,exercise,0.002985426421348525,0.002985426421348525,0.11067461151961294,0.026974808227083494,False,True
252,A,D13,13,energy_share_trunk_spine,exercise,0.010774313975351276,0.010774313975351276,0.018249089523056126,0.5904028232059947,False,True
252,B,D13,9,total_energy_deg2_s2,exercise,137000.7117430778,137000.7117430778,263518.0734167068,0.5198911405459299,False,True
252,B,D13,9,active_link_count,exercise,0.0,0.0,0.0,,False,True
252,B,D13,9,active_region_count,exercise,-0.4166666666666665,0.4166666666666665,0.4166666666666665,1.0,False,True
252,B,D13,9,participation_entropy_bits,exercise,-0.14067534674888016,0.14067534674888016,0.13986408053309596,1.0058003900121606,True,True
252,B,D13,9,effective_dimensionality,exercise,-0.2056072713343351,0.2056072713343351,0.18025834316241474,1.1406255473516735,True,True
252,B,D13,9,lr_symmetry,exercise,0.04360149728754348,0.04360149728754348,0.06281877715153461,0.6940838275531177,False,True
252,B,D13,9,regional_coupling,exercise,-0.05810334246796087,0.05810334246796087,0.15751981109773183,0.36886371347862484,False,True
252,B,D13,9,trunk_arm_lagged_coupling,exercise,0.03646143602278923,0.03646143602278923,0.01619693189806659,2.2511322670401293,True,True
252,B,D13,9,energy_share_head_neck,exercise,0.00221429535930505,0.00221429535930505,0.0015957620952314752,1.3876099488275242,True,True
252,B,D13,9,energy_share_left_arm,exercise,0.06441970188724122,0.06441970188724122,0.08444034505602921,0.7629019261408326,False,True
252,B,D13,9,energy_share_left_leg,exercise,-0.0022229616231596093,0.0022229616231596093,0.0021756613776217418,1.0217406284012691,True,True
252,B,D13,9,energy_share_right_arm,exercise,-0.06240748514557348,0.06240748514557348,0.07975803792535574,0.7824601352904348,False,True
252,B,D13,9,energy_share_right_leg,exercise,-0.001807221087793706,0.001807221087793706,0.0017586137013332393,1.0276396040947575,True,True
252,B,D13,9,energy_share_trunk_spine,exercise,-0.0001963293900194114,0.0001963293900194114,0.00015121073378480262,1.2983826287016103,True,True
252,B,D13,10,total_energy_deg2_s2,exercise,-4931.919470694265,4931.919470694265,235351.19369238394,0.020955574489843195,False,True
252,B,D13,10,active_link_count,exercise,0.0,0.0,0.0,,False,True
252,B,D13,10,active_region_count,exercise,-0.3999999999999999,0.3999999999999999,0.3999999999999999,1.0,False,True
252,B,D13,10,participation_entropy_bits,exercise,0.03216498581947036,0.03216498581947036,0.21872576585568826,0.14705622674876037,False,True
252,B,D13,10,effective_dimensionality,exercise,0.11634087160585871,0.11634087160585871,0.5721029965010818,0.20335651502856397,False,True
252,B,D13,10,lr_symmetry,exercise,-0.09948736956903914,0.09948736956903914,0.05485274407532292,1.8137172760659823,True,True
252,B,D13,10,regional_coupling,exercise,-0.0004053446633094926,0.0004053446633094926,0.04728640998286371,0.00857211751656315,False,True
252,B,D13,10,trunk_arm_lagged_coupling,exercise,0.1247811760578264,0.1247811760578264,0.040903986434142836,3.050587166087819,True,True
252,B,D13,10,energy_share_head_neck,exercise,0.006516356342825074,0.006516356342825074,0.0052404166824435204,1.2434805737215926,True,True
252,B,D13,10,energy_share_left_arm,exercise,-0.11830065776284737,0.11830065776284737,0.0786385253896365,1.5043600725813941,True,True
252,B,D13,10,energy_share_left_leg,exercise,-0.0036221171524250867,0.0036221171524250867,0.004323451331395873,0.8377837229534967,False,True
252,B,D13,10,energy_share_right_arm,exercise,0.11728761353142891,0.11728761353142891,0.07433330004435101,1.5778609783428044,True,True
252,B,D13,10,energy_share_right_leg,exercise,-0.0016950491217856331,0.0016950491217856331,0.0020333378124626064,0.8336288792725166,False,True
252,B,D13,10,energy_share_trunk_spine,exercise,-0.0001861458371960733,0.0001861458371960733,0.0013877007482078804,0.13413975414834053,False,True
252,B,D13,11,total_energy_deg2_s2,exercise,-78921.15893104242,78921.15893104242,193386.45374469575,0.4081007609521206,False,True
252,B,D13,11,active_link_count,exercise,0.0,0.0,0.0,,False,True
252,B,D13,11,active_region_count,exercise,0.2666666666666666,0.2666666666666666,0.5619047619047621,0.47457627118644036,False,True
252,B,D13,11,participation_entropy_bits,exercise,0.1510852266356424,0.1510852266356424,0.15283016832020246,0.9885824788146267,False,True
252,B,D13,11,effective_dimensionality,exercise,0.33224584925017275,0.33224584925017275,0.47238755015177514,0.7033332041528704,False,True
252,B,D13,11,lr_symmetry,exercise,-0.06878628646753471,0.06878628646753471,0.017710614658987267,3.8839017048247415,True,True
252,B,D13,11,regional_coupling,exercise,0.018136268789088222,0.018136268789088222,0.04529608693881995,0.40039372084357594,False,True
252,B,D13,11,trunk_arm_lagged_coupling,exercise,0.0006828977171245421,0.0006828977171245421,0.027175112076840258,0.025129527164178118,False,True
252,B,D13,11,energy_share_head_neck,exercise,0.014135970786001758,0.014135970786001758,0.017721918474925318,0.7976546560691324,False,True
252,B,D13,11,energy_share_left_arm,exercise,0.00614930837097355,0.00614930837097355,0.04225313860370117,0.14553494898092376,False,True
252,B,D13,11,energy_share_left_leg,exercise,0.0041429107721179005,0.0041429107721179005,0.006024922845501301,0.6876288507513977,False,True
252,B,D13,11,energy_share_right_arm,exercise,-0.04857796941735948,0.04857796941735948,0.08118984522465744,0.5983256807910049,False,True
252,B,D13,11,energy_share_right_leg,exercise,0.007923644271646126,0.007923644271646126,0.005040360357686879,1.5720392411153798,True,True
252,B,D13,11,energy_share_trunk_spine,exercise,0.016226135216620134,0.016226135216620134,0.020904637905054323,0.7761978605090777,False,True
252,B,D13,12,total_energy_deg2_s2,exercise,153370.9677902024,153370.9677902024,83075.63626586978,1.84616061560292,True,True
252,B,D13,12,active_link_count,exercise,0.0,0.0,0.0,,False,True
252,B,D13,12,active_region_count,exercise,-0.75,0.75,1.3333333333333335,0.5624999999999999,False,True
252,B,D13,12,participation_entropy_bits,exercise,-0.19880201743147197,0.19880201743147197,0.022634480516750433,8.783149111124969,True,True
252,B,D13,12,effective_dimensionality,exercise,-0.7478878006647554,0.7478878006647554,0.5012381591169861,1.4920807345998623,True,True
252,B,D13,12,lr_symmetry,exercise,-0.004313320844903434,0.004313320844903434,0.0816066148116723,0.05285503944573001,False,True
252,B,D13,12,regional_coupling,exercise,-0.1296489751346966,0.1296489751346966,0.2635876209201742,0.4918629132965237,False,True
252,B,D13,12,trunk_arm_lagged_coupling,exercise,-0.13698380309168534,0.13698380309168534,0.17591479175409017,0.7786940582186737,False,True
252,B,D13,12,energy_share_head_neck,exercise,-0.05517506441501004,0.05517506441501004,0.05748180611164523,0.9598700553675215,False,True
252,B,D13,12,energy_share_left_arm,exercise,0.21259746904072363,0.21259746904072363,0.10702573272509208,1.9864145157202961,True,True
252,B,D13,12,energy_share_left_leg,exercise,-0.02347804680961485,0.02347804680961485,0.029073872870504933,0.8075307653089804,False,True
252,B,D13,12,energy_share_right_arm,exercise,-0.11870552282228508,0.11870552282228508,0.131857856027344,0.900253700452012,False,True
252,B,D13,12,energy_share_right_leg,exercise,-0.016341934120971777,0.016341934120971777,0.01805998529702097,0.9048697356175263,False,True
252,B,D13,12,energy_share_trunk_spine,exercise,0.001103099127158197,0.001103099127158197,0.01021301256556275,0.1080091814317096,False,True
252,B,D13,13,total_energy_deg2_s2,exercise,61186.631535142544,61186.631535142544,270202.2125211894,0.2264475592713522,False,True
252,B,D13,13,active_link_count,exercise,0.0,0.0,0.0,,False,True
252,B,D13,13,active_region_count,exercise,0.6999999999999993,0.6999999999999993,0.33333333333333304,2.0999999999999996,True,True
252,B,D13,13,participation_entropy_bits,exercise,-0.1526455534468103,0.1526455534468103,0.1913097772980321,0.7978972930850852,False,True
252,B,D13,13,effective_dimensionality,exercise,-1.8337723704923796,1.8337723704923796,1.7299056972870623,1.06004181231856,True,True
252,B,D13,13,lr_symmetry,exercise,-0.004215105427925359,0.004215105427925359,0.029666174879717677,0.1420845607839777,False,True
252,B,D13,13,regional_coupling,exercise,0.057871964603777776,0.057871964603777776,0.11495394472661245,0.5034360912225407,False,True
252,B,D13,13,trunk_arm_lagged_coupling,exercise,0.08915085688238539,0.08915085688238539,0.07037333091671905,1.266827301209999,True,True
252,B,D13,13,energy_share_head_neck,exercise,0.010520789483671009,0.010520789483671009,0.009290785844839847,1.1323896233723127,True,True
252,B,D13,13,energy_share_left_arm,exercise,0.10408463481169852,0.10408463481169852,0.12878085622467858,0.808230647497066,False,True
252,B,D13,13,energy_share_left_leg,exercise,-0.06683918390694779,0.06683918390694779,0.03821066396963002,1.7492285389249405,True,True
252,B,D13,13,energy_share_right_arm,exercise,0.056495728743101936,0.056495728743101936,0.029062722942780672,1.9439241413934947,True,True
252,B,D13,13,energy_share_right_leg,exercise,-0.09671498233476813,0.09671498233476813,0.11067461151961294,0.8738678275606959,False,True
252,B,D13,13,energy_share_trunk_spine,exercise,-0.007546986796755549,0.007546986796755549,0.018249089523056126,0.41355415497417514,False,True
651,A,D12,9,total_energy_deg2_s2,exercise,108067.96550679259,108067.96550679259,124724.21194031562,0.8664553884574268,False,True
651,A,D12,9,active_link_count,exercise,0.0,0.0,0.0,,False,True
651,A,D12,9,active_region_count,exercise,0.20000000000000018,0.20000000000000018,0.20000000000000018,1.0,False,True
651,A,D12,9,participation_entropy_bits,exercise,0.08098303748212476,0.08098303748212476,0.12979278583432574,0.6239409760839537,False,True
651,A,D12,9,effective_dimensionality,exercise,0.2710132617934118,0.2710132617934118,0.23411136148930423,1.1576254141164075,True,True
651,A,D12,9,lr_symmetry,exercise,0.02164954083959525,0.02164954083959525,0.04581253560476084,0.4725680548741648,False,True
651,A,D12,9,regional_coupling,exercise,0.05159112227068574,0.05159112227068574,0.11791017866546594,0.43754595959912645,False,True
651,A,D12,9,trunk_arm_lagged_coupling,exercise,0.08716442115212453,0.08716442115212453,0.03596140365385553,2.4238325620190126,True,True
651,A,D12,9,energy_share_head_neck,exercise,-0.00013090592922886498,0.00013090592922886498,0.00067717572795509,0.19331160853058013,False,True
651,A,D12,9,energy_share_left_arm,exercise,-0.06722592843321162,0.06722592843321162,0.05652818908732915,1.1892461003722545,True,True
651,A,D12,9,energy_share_left_leg,exercise,0.0004408274773057275,0.0004408274773057275,0.00015443277747348953,2.854494262925508,True,True
651,A,D12,9,energy_share_right_arm,exercise,0.06639285671339873,0.06639285671339873,0.05708387039536411,1.1630755983005423,True,True
651,A,D12,9,energy_share_right_leg,exercise,0.000330378990297313,0.000330378990297313,6.475889048554879e-05,5.10167774370746,True,True
651,A,D12,9,energy_share_trunk_spine,exercise,0.00019277118143873643,0.00019277118143873643,9.769724803890934e-05,1.9731485308773746,True,True
651,A,D12,10,total_energy_deg2_s2,exercise,5022.304847594409,5022.304847594409,87982.2456199305,0.057083162770020415,False,True
651,A,D12,10,active_link_count,exercise,0.0,0.0,0.0,,False,True
651,A,D12,10,active_region_count,exercise,0.3999999999999999,0.3999999999999999,0.0,,False,True
651,A,D12,10,participation_entropy_bits,exercise,0.15830915506618526,0.15830915506618526,0.06469802004242542,2.4468933510233355,True,True
651,A,D12,10,effective_dimensionality,exercise,0.58855513139736,0.58855513139736,0.2408763938842684,2.44339066151969,True,True
651,A,D12,10,lr_symmetry,exercise,-0.04896474139477869,0.04896474139477869,0.027790912967137316,1.761897547327048,True,True
651,A,D12,10,regional_coupling,exercise,-0.0682588812455466,0.0682588812455466,0.15865219555798837,0.43024227307713214,False,True
651,A,D12,10,trunk_arm_lagged_coupling,exercise,0.07280697445749335,0.07280697445749335,0.05686117261886736,1.2804339253695751,True,True
651,A,D12,10,energy_share_head_neck,exercise,0.003446945012245319,0.003446945012245319,0.0006141901176801787,5.612179214580287,True,True
651,A,D12,10,energy_share_left_arm,exercise,-0.0014740753657087047,0.0014740753657087047,0.04326978176667279,0.03406708574721922,False,True
651,A,D12,10,energy_share_left_leg,exercise,0.0016416998594578334,0.0016416998594578334,0.0003322344648375398,4.941389389751038,True,True
651,A,D12,10,energy_share_right_arm,exercise,-0.007666274979358956,0.007666274979358956,0.04146942427867234,0.18486572005056046,False,True
651,A,D12,10,energy_share_right_leg,exercise,0.0013988085326712065,0.0013988085326712065,0.00019246532573553984,7.267846960617012,True,True
651,A,D12,10,energy_share_trunk_spine,exercise,0.00265289694069342,0.00265289694069342,0.0006614675797472999,4.010622775657281,True,True
651,A,D12,11,total_energy_deg2_s2,exercise,43524.49348809014,43524.49348809014,123689.30017318433,0.35188567990237685,False,True
651,A,D12,11,active_link_count,exercise,0.0,0.0,0.0,,False,True
651,A,D12,11,active_region_count,exercise,1.4000000000000004,1.4000000000000004,0.1999999999999993,7.000000000000027,True,True
651,A,D12,11,participation_entropy_bits,exercise,-0.0396777546903091,0.0396777546903091,0.05176348649463458,0.7665201356640032,False,True
651,A,D12,11,effective_dimensionality,exercise,0.3237364081231009,0.3237364081231009,0.25575412933906705,1.2658110700293175,True,True
651,A,D12,11,lr_symmetry,exercise,-0.01783283054483864,0.01783283054483864,0.03974353541026665,0.4486976400250497,False,True
651,A,D12,11,regional_coupling,exercise,0.09771527630496338,0.09771527630496338,0.16125479663340084,0.6059681841719773,False,True
651,A,D12,11,trunk_arm_lagged_coupling,exercise,0.059996056215354754,0.059996056215354754,0.07986828787017858,0.7511874589433415,False,True
651,A,D12,11,energy_share_head_neck,exercise,-0.0010611355162662948,0.0010611355162662948,0.0016190307858438974,0.655414044960975,False,True
651,A,D12,11,energy_share_left_arm,exercise,0.06901544174613755,0.06901544174613755,0.03860878639696241,1.7875579158729376,True,True
651,A,D12,11,energy_share_left_leg,exercise,-0.005844416536000667,0.005844416536000667,0.0031325586097060796,1.865700618622754,True,True
651,A,D12,11,energy_share_right_arm,exercise,-0.06463307386606976,0.06463307386606976,0.04835486552455959,1.3366405461978261,True,True
651,A,D12,11,energy_share_right_leg,exercise,-0.007699466754516181,0.007699466754516181,0.001714615937670947,4.490490602213095,True,True
651,A,D12,11,energy_share_trunk_spine,exercise,0.010222650926715392,0.010222650926715392,0.006339260260828052,1.612593663314918,True,True
651,A,D12,12,total_energy_deg2_s2,exercise,2059.2246074886934,2059.2246074886934,124544.55952700216,0.01653403902434003,False,True
651,A,D12,12,active_link_count,exercise,0.0,0.0,0.0,,False,True
651,A,D12,12,active_region_count,exercise,1.1388888888888888,1.1388888888888888,0.6161616161616159,1.8483606557377057,True,True
651,A,D12,12,participation_entropy_bits,exercise,0.35803865373376453,0.35803865373376453,0.0653510889772928,5.478694530372254,True,True
651,A,D12,12,effective_dimensionality,exercise,2.1322575994508632,2.1322575994508632,0.1945963031194804,10.957338681514807,True,True
651,A,D12,12,lr_symmetry,exercise,0.03490820967399011,0.03490820967399011,0.05385783752250273,0.648154684253798,False,True
651,A,D12,12,regional_coupling,exercise,0.021019124247510065,0.021019124247510065,0.05072948526521193,0.41433742403698437,False,True
651,A,D12,12,trunk_arm_lagged_coupling,exercise,-0.005123403304051755,0.005123403304051755,0.1637917580484728,0.03127998236965945,False,True
651,A,D12,12,energy_share_head_neck,exercise,-0.022091504438585395,0.022091504438585395,0.02638332197376419,0.8373283872498462,False,True
651,A,D12,12,energy_share_left_arm,exercise,0.11653050962355693,0.11653050962355693,0.08790123588903981,1.3256981934890728,True,True
651,A,D12,12,energy_share_left_leg,exercise,0.03757068795473277,0.03757068795473277,0.028472754912569502,1.3195311823566085,True,True
651,A,D12,12,energy_share_right_arm,exercise,-0.19843718328381565,0.19843718328381565,0.11411692116188138,1.7388935949500526,True,True
651,A,D12,12,energy_share_right_leg,exercise,0.046296724349182916,0.046296724349182916,0.03341262711024289,1.3856056333562083,True,True
651,A,D12,12,energy_share_trunk_spine,exercise,0.020130765794928594,0.020130765794928594,0.0046671956909805495,4.313246567704823,True,True
651,A,D12,13,total_energy_deg2_s2,exercise,32980.149316830444,32980.149316830444,99752.01400923365,0.33062138789275575,False,True
651,A,D12,13,active_link_count,exercise,0.0,0.0,0.0,,False,True
651,A,D12,13,active_region_count,exercise,0.28571428571428603,0.28571428571428603,0.3571428571428572,0.8000000000000007,False,True
651,A,D12,13,participation_entropy_bits,exercise,0.02202694883730194,0.02202694883730194,0.18285661136619025,0.12046022658262315,False,True
651,A,D12,13,effective_dimensionality,exercise,0.7566097447890803,0.7566097447890803,1.6045102646086633,0.4715518257987685,False,True
651,A,D12,13,lr_symmetry,exercise,-0.018237099248073707,0.018237099248073707,0.07914011429502699,0.23044064834285552,False,True
651,A,D12,13,regional_coupling,exercise,-0.01661091084278961,0.01661091084278961,0.056215104327838154,0.2954883930467733,False,True
651,A,D12,13,trunk_arm_lagged_coupling,exercise,0.15398336443625832,0.15398336443625832,0.06561680042300416,2.346706383785734,True,True
651,A,D12,13,energy_share_head_neck,exercise,0.00736656393867776,0.00736656393867776,0.00040642499412927094,18.125272916494623,True,True
651,A,D12,13,energy_share_left_arm,exercise,0.009503301383368912,0.009503301383368912,0.04729265770930563,0.2009466552246434,False,True
651,A,D12,13,energy_share_left_leg,exercise,-0.0007083758776605525,0.0007083758776605525,0.04274273546399833,0.01657301223168575,False,True
651,A,D12,13,energy_share_right_arm,exercise,-0.029317804238251532,0.029317804238251532,0.05924599272950154,0.49484872963657395,False,True
651,A,D12,13,energy_share_right_leg,exercise,0.004469210030939752,0.004469210030939752,0.07165071287339426,0.06237495555468903,False,True
651,A,D12,13,energy_share_trunk_spine,exercise,0.008687104762925658,0.008687104762925658,0.0025709129068820988,3.3789961300015543,True,True
651,B,D12,9,total_energy_deg2_s2,exercise,8521.718041124608,8521.718041124608,124724.21194031562,0.06832448895489925,False,True
651,B,D12,9,active_link_count,exercise,0.0,0.0,0.0,,False,True
651,B,D12,9,active_region_count,exercise,0.0,0.0,0.20000000000000018,0.0,False,True
651,B,D12,9,participation_entropy_bits,exercise,0.23269790895150733,0.23269790895150733,0.12979278583432574,1.7928416240987002,True,True
651,B,D12,9,effective_dimensionality,exercise,0.734804160427676,0.734804160427676,0.23411136148930423,3.138695002896076,True,True
651,B,D12,9,lr_symmetry,exercise,0.02948926830847487,0.02948926830847487,0.04581253560476084,0.6436943059185387,False,True
651,B,D12,9,regional_coupling,exercise,-0.06245575604877801,0.06245575604877801,0.11791017866546594,0.5296892664879859,False,True
651,B,D12,9,trunk_arm_lagged_coupling,exercise,0.09992010353834668,0.09992010353834668,0.03596140365385553,2.7785373591120646,True,True
651,B,D12,9,energy_share_head_neck,exercise,0.0005461492340503834,0.0005461492340503834,0.00067717572795509,0.8065103510127636,False,True
651,B,D12,9,energy_share_left_arm,exercise,-0.04066488360487208,0.04066488360487208,0.05652818908732915,0.719373541969473,False,True
651,B,D12,9,energy_share_left_leg,exercise,0.00026564173321089104,0.00026564173321089104,0.00015443277747348953,1.7201123851864415,True,True
651,B,D12,9,energy_share_right_arm,exercise,0.03934314289847157,0.03934314289847157,0.05708387039536411,0.6892164568726703,False,True
651,B,D12,9,energy_share_right_leg,exercise,0.00024772060050845285,0.00024772060050845285,6.475889048554879e-05,3.8252755513736405,True,True
651,B,D12,9,energy_share_trunk_spine,exercise,0.00026222913863077385,0.00026222913863077385,9.769724803890934e-05,2.684099541128705,True,True
651,B,D12,10,total_energy_deg2_s2,exercise,11977.39435936921,11977.39435936921,87982.2456199305,0.13613421975053552,False,True
651,B,D12,10,active_link_count,exercise,0.0,0.0,0.0,,False,True
651,B,D12,10,active_region_count,exercise,0.3999999999999999,0.3999999999999999,0.0,,False,True
651,B,D12,10,participation_entropy_bits,exercise,0.20104413177979508,0.20104413177979508,0.06469802004242542,3.1074232510973494,True,True
651,B,D12,10,effective_dimensionality,exercise,0.7838008863646753,0.7838008863646753,0.2408763938842684,3.2539547513371554,True,True
651,B,D12,10,lr_symmetry,exercise,-0.04462661076582286,0.04462661076582286,0.027790912967137316,1.605798658669246,True,True
651,B,D12,10,regional_coupling,exercise,0.16656514235849978,0.16656514235849978,0.15865219555798837,1.0498760623682588,True,True
651,B,D12,10,trunk_arm_lagged_coupling,exercise,0.1447491497665841,0.1447491497665841,0.05686117261886736,2.545658893403725,True,True
651,B,D12,10,energy_share_head_neck,exercise,0.003000761186098661,0.003000761186098661,0.0006141901176801787,4.885720397834891,True,True
651,B,D12,10,energy_share_left_arm,exercise,0.05735430725136098,0.05735430725136098,0.04326978176667279,1.3255048883915648,True,True
651,B,D12,10,energy_share_left_leg,exercise,0.00142786951343114,0.00142786951343114,0.0003322344648375398,4.297776614263538,True,True
651,B,D12,10,energy_share_right_arm,exercise,-0.06488358900460367,0.06488358900460367,0.04146942427867234,1.5646127269235612,True,True
651,B,D12,10,energy_share_right_leg,exercise,0.0012626249092313599,0.0012626249092313599,0.00019246532573553984,6.560272113462611,True,True
651,B,D12,10,energy_share_trunk_spine,exercise,0.0018380261444814001,0.0018380261444814001,0.0006614675797472999,2.778709343825408,True,True
651,B,D12,11,total_energy_deg2_s2,exercise,164436.12340625544,164436.12340625544,123689.30017318433,1.3294288445000433,True,True
651,B,D12,11,active_link_count,exercise,0.0,0.0,0.0,,False,True
651,B,D12,11,active_region_count,exercise,1.5999999999999996,1.5999999999999996,0.1999999999999993,8.000000000000027,True,True
651,B,D12,11,participation_entropy_bits,exercise,-0.054016855912309314,0.054016855912309314,0.05176348649463458,1.0435320255699605,True,True
651,B,D12,11,effective_dimensionality,exercise,0.3628952105356742,0.3628952105356742,0.25575412933906705,1.4189221948184634,True,True
651,B,D12,11,lr_symmetry,exercise,0.04338323018219037,0.04338323018219037,0.03974353541026665,1.0915795420400245,True,True
651,B,D12,11,regional_coupling,exercise,-0.1470467261538126,0.1470467261538126,0.16125479663340084,0.9118905559634973,False,True
651,B,D12,11,trunk_arm_lagged_coupling,exercise,0.07809160988679381,0.07809160988679381,0.07986828787017858,0.9777549008403353,False,True
651,B,D12,11,energy_share_head_neck,exercise,-0.00033738881406329344,0.00033738881406329344,0.0016190307858438974,0.20838937530606264,False,True
651,B,D12,11,energy_share_left_arm,exercise,0.017613192989952786,0.017613192989952786,0.03860878639696241,0.4561964939498467,False,True
651,B,D12,11,energy_share_left_leg,exercise,-0.003508776771751952,0.003508776771751952,0.0031325586097060796,1.1200993210087686,True,True
651,B,D12,11,energy_share_right_arm,exercise,-0.008302243505525886,0.008302243505525886,0.04835486552455959,0.17169406667689213,False,True
651,B,D12,11,energy_share_right_leg,exercise,-0.00811049984986921,0.00811049984986921,0.001714615937670947,4.7302137298957625,True,True
651,B,D12,11,energy_share_trunk_spine,exercise,0.0026457159512574806,0.0026457159512574806,0.006339260260828052,0.41735405116682966,False,True
651,B,D12,12,total_energy_deg2_s2,exercise,85596.24719872448,85596.24719872448,124544.55952700216,0.6872740770355897,False,True
651,B,D12,12,active_link_count,exercise,0.0,0.0,0.0,,False,True
651,B,D12,12,active_region_count,exercise,0.7727272727272729,0.7727272727272729,0.6161616161616159,1.2540983606557385,True,True
651,B,D12,12,participation_entropy_bits,exercise,0.26487406835767624,0.26487406835767624,0.0653510889772928,4.053093414399118,True,True
651,B,D12,12,effective_dimensionality,exercise,1.9837595809132722,1.9837595809132722,0.1945963031194804,10.194230564057847,True,True
651,B,D12,12,lr_symmetry,exercise,-0.03992815094147961,0.03992815094147961,0.05385783752250273,0.7413619405865849,False,True
651,B,D12,12,regional_coupling,exercise,0.05120798633210846,0.05120798633210846,0.05072948526521193,1.0094324053239443,True,True
651,B,D12,12,trunk_arm_lagged_coupling,exercise,0.17782312900453145,0.17782312900453145,0.1637917580484728,1.0856659158143123,True,True
651,B,D12,12,energy_share_head_neck,exercise,0.02178916887356929,0.02178916887356929,0.02638332197376419,0.8258690431491772,False,True
651,B,D12,12,energy_share_left_arm,exercise,-0.00305977939062263,0.00305977939062263,0.08790123588903981,0.03480928748811991,False,True
651,B,D12,12,energy_share_left_leg,exercise,-0.016993393788384055,0.016993393788384055,0.028472754912569502,0.596829981523221,False,True
651,B,D12,12,energy_share_right_arm,exercise,-0.01291037400335332,0.01291037400335332,0.11411692116188138,0.11313286296113104,False,True
651,B,D12,12,energy_share_right_leg,exercise,-0.01133334890579299,0.01133334890579299,0.03341262711024289,0.33919358895064755,False,True
651,B,D12,12,energy_share_trunk_spine,exercise,0.022507727214583717,0.022507727214583717,0.0046671956909805495,4.8225377089030905,True,True
651,B,D12,13,total_energy_deg2_s2,exercise,86464.4378088273,86464.4378088273,99752.01400923365,0.8667939055428356,False,True
651,B,D12,13,active_link_count,exercise,0.0,0.0,0.0,,False,True
651,B,D12,13,active_region_count,exercise,0.3571428571428572,0.3571428571428572,0.3571428571428572,1.0,False,True
651,B,D12,13,participation_entropy_bits,exercise,0.1450352497184637,0.1450352497184637,0.18285661136619025,0.793163827300807,False,True
651,B,D12,13,effective_dimensionality,exercise,1.7234690730192188,1.7234690730192188,1.6045102646086633,1.0741402601369892,True,True
651,B,D12,13,lr_symmetry,exercise,0.0847494015936785,0.0847494015936785,0.07914011429502699,1.0708779276934148,True,True
651,B,D12,13,regional_coupling,exercise,0.00393434255695,0.00393434255695,0.056215104327838154,0.06998728551681586,False,True
651,B,D12,13,trunk_arm_lagged_coupling,exercise,0.09998484165763843,0.09998484165763843,0.06561680042300416,1.5237689282787006,True,True
651,B,D12,13,energy_share_head_neck,exercise,0.00742210508450987,0.00742210508450987,0.00040642499412927094,18.26193071715745,True,True
651,B,D12,13,energy_share_left_arm,exercise,-0.027820751108001085,0.027820751108001085,0.04729265770930563,0.588267871918031,False,True
651,B,D12,13,energy_share_left_leg,exercise,0.04416853580585921,0.04416853580585921,0.04274273546399833,1.0333577232805282,True,True
651,B,D12,13,energy_share_right_arm,exercise,-0.022697204483486055,0.022697204483486055,0.05924599272950154,0.3831010915306004,False,True
651,B,D12,13,energy_share_right_leg,exercise,-0.012983525523422523,0.012983525523422523,0.07165071287339426,0.18120581083909407,False,True
651,B,D12,13,energy_share_trunk_spine,exercise,0.011910840224540531,0.011910840224540531,0.0025709129068820988,4.632922489383557,True,True
651,A,D13,9,total_energy_deg2_s2,exercise,-33707.43294925001,33707.43294925001,25177.96447464764,1.3387671979278117,True,True
651,A,D13,9,active_link_count,exercise,0.0,0.0,0.0,,False,True
651,A,D13,9,active_region_count,exercise,0.25,0.25,0.25,1.0,False,True
651,A,D13,9,participation_entropy_bits,exercise,0.34305412068205277,0.34305412068205277,0.10433882524086036,3.287885596661947,True,True
651,A,D13,9,effective_dimensionality,exercise,1.026212745666132,1.026212745666132,0.4446530096962764,2.307895647365784,True,True
651,A,D13,9,lr_symmetry,exercise,0.0513339410744601,0.0513339410744601,0.04825103873638181,1.0638929734740352,True,True
651,A,D13,9,regional_coupling,exercise,-0.14867228397088367,0.14867228397088367,0.05732671561676975,2.5934205783697934,True,True
651,A,D13,9,trunk_arm_lagged_coupling,exercise,0.0441049557863904,0.0441049557863904,0.06383446924003289,0.6909269601748423,False,True
651,A,D13,9,energy_share_head_neck,exercise,0.0009282437627674,0.0009282437627674,0.00025233147834312483,3.6786681109407904,True,True
651,A,D13,9,energy_share_left_arm,exercise,0.006982835029719747,0.006982835029719747,0.02996714425898961,0.23301636516883056,False,True
651,A,D13,9,energy_share_left_leg,exercise,0.000554670013804488,0.000554670013804488,0.00030206795514822505,1.8362424889866615,True,True
651,A,D13,9,energy_share_right_arm,exercise,-0.00971784295158662,0.00971784295158662,0.030034156580436955,0.3235597086124414,False,True
651,A,D13,9,energy_share_right_leg,exercise,0.00039906412690528926,0.00039906412690528926,0.00015421273570585,2.587750778680667,True,True
651,A,D13,9,energy_share_trunk_spine,exercise,0.0008530300183896709,0.0008530300183896709,0.0002915120773679501,2.926225308027173,True,True
651,A,D13,10,total_energy_deg2_s2,exercise,-139266.5764037043,139266.5764037043,87982.2456199305,1.5828940875789197,True,True
651,A,D13,10,active_link_count,exercise,0.0,0.0,0.0,,False,True
651,A,D13,10,active_region_count,exercise,0.0,0.0,0.7999999999999998,0.0,False,True
651,A,D13,10,participation_entropy_bits,exercise,0.26794688869192207,0.26794688869192207,0.06469802004242542,4.141500597950558,True,True
651,A,D13,10,effective_dimensionality,exercise,1.207247568220433,1.207247568220433,0.2408763938842684,5.011896553053131,True,True
651,A,D13,10,lr_symmetry,exercise,-0.06783481561698745,0.06783481561698745,0.02357372066665442,2.877560847360909,True,True
651,A,D13,10,regional_coupling,exercise,-0.11604719200731206,0.11604719200731206,0.15865219555798837,0.7314565776992105,False,True
651,A,D13,10,trunk_arm_lagged_coupling,exercise,0.03559734505077522,0.03559734505077522,0.05686117261886736,0.6260395874946044,False,True
651,A,D13,10,energy_share_head_neck,exercise,0.0015596332436888405,0.0015596332436888405,0.0030006923318097404,0.5197577996102699,False,True
651,A,D13,10,energy_share_left_arm,exercise,0.09546061778248127,0.09546061778248127,0.04356856395655917,2.1910434752373757,True,True
651,A,D13,10,energy_share_left_leg,exercise,0.0009000718592847332,0.0009000718592847332,0.0005465187511259403,1.6469185319449724,True,True
651,A,D13,10,energy_share_right_arm,exercise,-0.10071447601627304,0.10071447601627304,0.03684219923413973,2.7336716621125654,True,True
651,A,D13,10,energy_share_right_leg,exercise,0.0006840328411151066,0.0006840328411151066,0.00072505293061462,0.9434246966428491,False,True
651,A,D13,10,energy_share_trunk_spine,exercise,0.0021101202897030797,0.0021101202897030797,0.0024541007088691004,0.8598344322533797,False,True
651,A,D13,11,total_energy_deg2_s2,exercise,-26548.191196143307,26548.191196143307,123689.30017318433,0.21463611774803235,False,True
651,A,D13,11,active_link_count,exercise,0.0,0.0,0.0,,False,True
651,A,D13,11,active_region_count,exercise,1.0,1.0,0.0,,False,True
651,A,D13,11,participation_entropy_bits,exercise,0.031889208993088225,0.031889208993088225,0.05576244860634327,0.5718760526140285,False,True
651,A,D13,11,effective_dimensionality,exercise,0.9485478628281214,0.9485478628281214,0.48391911234606333,1.9601372184485861,True,True
651,A,D13,11,lr_symmetry,exercise,0.006525076744130165,0.006525076744130165,0.03974353541026665,0.16417957478550313,False,True
651,A,D13,11,regional_coupling,exercise,-0.01433493069491925,0.01433493069491925,0.19983329821701099,0.07173444477382386,False,True
651,A,D13,11,trunk_arm_lagged_coupling,exercise,0.0985755250356109,0.0985755250356109,0.07986828787017858,1.2342260947904615,True,True
651,A,D13,11,energy_share_head_neck,exercise,0.004765479132618329,0.004765479132618329,0.0020590705152615726,2.3143836489800593,True,True
651,A,D13,11,energy_share_left_arm,exercise,0.1196638508526201,0.1196638508526201,0.043105168232855984,2.7760905654326833,True,True
651,A,D13,11,energy_share_left_leg,exercise,-0.009053499311398087,0.009053499311398087,0.0007969188454573645,11.360628956141875,True,True
651,A,D13,11,energy_share_right_arm,exercise,-0.12636716590901864,0.12636716590901864,0.05405878718163781,2.3375878834355697,True,True
651,A,D13,11,energy_share_right_leg,exercise,-0.01134121257195386,0.01134121257195386,0.001714615937670947,6.614433193336128,True,True
651,A,D13,11,energy_share_trunk_spine,exercise,0.022332547807132255,0.022332547807132255,0.011911942341335042,1.8748032157305854,True,True
651,A,D13,12,total_energy_deg2_s2,exercise,-76347.38497840535,76347.38497840535,124544.55952700216,0.6130126058364892,False,True
651,A,D13,12,active_link_count,exercise,0.0,0.0,0.0,,False,True
651,A,D13,12,active_region_count,exercise,1.3888888888888888,1.3888888888888888,0.6161616161616159,2.2540983606557385,True,True
651,A,D13,12,participation_entropy_bits,exercise,0.09135637700748855,0.09135637700748855,0.07527547495920972,1.2136273740815684,True,True
651,A,D13,12,effective_dimensionality,exercise,0.7557946942632832,0.7557946942632832,0.3523495432296029,2.145013974860702,True,True
651,A,D13,12,lr_symmetry,exercise,-0.01636110315385564,0.01636110315385564,0.0655663591052017,0.2495350264547118,False,True
651,A,D13,12,regional_coupling,exercise,-0.006620067203501483,0.006620067203501483,0.02054062318061353,0.3222914487691677,False,True
651,A,D13,12,trunk_arm_lagged_coupling,exercise,-0.04149252511281837,0.04149252511281837,0.023041791269300865,1.800750845621098,True,True
651,A,D13,12,energy_share_head_neck,exercise,-0.020776150822082572,0.020776150822082572,0.02638332197376419,0.7874728907429687,False,True
651,A,D13,12,energy_share_left_arm,exercise,0.144141466443714,0.144141466443714,0.08790123588903981,1.6398116020310318,True,True
651,A,D13,12,energy_share_left_leg,exercise,0.012069701121983089,0.012069701121983089,0.02609132683054732,0.46259437859833447,False,True
651,A,D13,12,energy_share_right_arm,exercise,-0.15400370519298612,0.15400370519298612,0.11411692116188138,1.3495255885367172,True,True
651,A,D13,12,energy_share_right_leg,exercise,0.006974761802193946,0.006974761802193946,0.024217446144733014,0.2880056699831195,False,True
651,A,D13,12,energy_share_trunk_spine,exercise,0.011593926647177646,0.011593926647177646,0.002290234271325427,5.062332178125994,True,True
651,A,D13,13,total_energy_deg2_s2,exercise,-87305.13313945034,87305.13313945034,99752.01400923365,0.8752217587443282,False,True
651,A,D13,13,active_link_count,exercise,0.0,0.0,0.0,,False,True
651,A,D13,13,active_region_count,exercise,0.1428571428571428,0.1428571428571428,0.3571428571428572,0.39999999999999974,False,True
651,A,D13,13,participation_entropy_bits,exercise,0.20073626522394195,0.20073626522394195,0.09735285336106836,2.061945369792488,True,True
651,A,D13,13,effective_dimensionality,exercise,1.8690995434414175,1.8690995434414175,0.7531991240630482,2.4815476860339,True,True
651,A,D13,13,lr_symmetry,exercise,-0.049366462754476426,0.049366462754476426,0.07914011429502699,0.6237855883104091,False,True
651,A,D13,13,regional_coupling,exercise,-0.020700357786037443,0.020700357786037443,0.08599375746252033,0.24071930796906418,False,True
651,A,D13,13,trunk_arm_lagged_coupling,exercise,0.12333245778471613,0.12333245778471613,0.06561680042300416,1.8795865843753914,True,True
651,A,D13,13,energy_share_head_neck,exercise,0.007601411842914407,0.007601411842914407,0.0010803143537992804,7.036296255975444,True,True
651,A,D13,13,energy_share_left_arm,exercise,-0.07069928164026201,0.07069928164026201,0.07972800729933294,0.8867559096871287,False,True
651,A,D13,13,energy_share_left_leg,exercise,0.05753073873876097,0.05753073873876097,0.05602418349703191,1.026891159276045,True,True
651,A,D13,13,energy_share_right_arm,exercise,-0.0653219566173937,0.0653219566173937,0.05924599272950154,1.1025548498382514,True,True
651,A,D13,13,energy_share_right_leg,exercise,0.05443656623543568,0.05443656623543568,0.07165071287339426,0.7597491225471026,False,True
651,A,D13,13,energy_share_trunk_spine,exercise,0.016452521440544474,0.016452521440544474,0.005204233414523415,3.16137269989285,True,True
651,B,D13,9,total_energy_deg2_s2,exercise,-30331.14997355394,30331.14997355394,25177.96447464764,1.2046704571410123,True,True
651,B,D13,9,active_link_count,exercise,0.0,0.0,0.0,,False,True
651,B,D13,9,active_region_count,exercise,0.0,0.0,0.25,0.0,False,True
651,B,D13,9,participation_entropy_bits,exercise,0.46931503155796994,0.46931503155796994,0.10433882524086036,4.49799037390523,True,True
651,B,D13,9,effective_dimensionality,exercise,1.7005452925073685,1.7005452925073685,0.4446530096962764,3.824432209890896,True,True
651,B,D13,9,lr_symmetry,exercise,0.06161217167496069,0.06161217167496069,0.04825103873638181,1.276908710951842,True,True
651,B,D13,9,regional_coupling,exercise,-0.08748226800811174,0.08748226800811174,0.05732671561676975,1.5260296541830944,True,True
651,B,D13,9,trunk_arm_lagged_coupling,exercise,0.01623189020021304,0.01623189020021304,0.06383446924003289,0.25428096126525696,False,True
651,B,D13,9,energy_share_head_neck,exercise,0.0006757917197484334,0.0006757917197484334,0.00025233147834312483,2.6781903081845373,True,True
651,B,D13,9,energy_share_left_arm,exercise,-0.019105034392808085,0.019105034392808085,0.02996714425898961,0.6375327000695742,False,True
651,B,D13,9,energy_share_left_leg,exercise,0.00023184909203491602,0.00023184909203491602,0.00030206795514822505,0.7675395158057975,False,True
651,B,D13,9,energy_share_right_arm,exercise,0.01743716303895365,0.01743716303895365,0.030034156580436955,0.5805777496116379,False,True
651,B,D13,9,energy_share_right_leg,exercise,0.00022695189189612786,0.00022695189189612786,0.00015421273570585,1.4716806031443648,True,True
651,B,D13,9,energy_share_trunk_spine,exercise,0.0005332786501748488,0.0005332786501748488,0.0002915120773679501,1.8293535382471924,True,True
651,B,D13,10,total_energy_deg2_s2,exercise,-45713.056204109685,45713.056204109685,87982.2456199305,0.5195713735425999,False,True
651,B,D13,10,active_link_count,exercise,0.0,0.0,0.0,,False,True
651,B,D13,10,active_region_count,exercise,0.7999999999999998,0.7999999999999998,0.7999999999999998,1.0,False,True
651,B,D13,10,participation_entropy_bits,exercise,0.37610817828183585,0.37610817828183585,0.06469802004242542,5.813287300526426,True,True
651,B,D13,10,effective_dimensionality,exercise,1.5197725167650553,1.5197725167650553,0.2408763938842684,6.3093460187520325,True,True
651,B,D13,10,lr_symmetry,exercise,-0.06771387728851452,0.06771387728851452,0.02357372066665442,2.8724306292598687,True,True
651,B,D13,10,regional_coupling,exercise,0.14524631399039828,0.14524631399039828,0.15865219555798837,0.9155014431383008,False,True
651,B,D13,10,trunk_arm_lagged_coupling,exercise,0.06886680735711853,0.06886680735711853,0.05686117261886736,1.2111394152688917,True,True
651,B,D13,10,energy_share_head_neck,exercise,0.004728331867032101,0.004728331867032101,0.0030006923318097404,1.5757469757588938,True,True
651,B,D13,10,energy_share_left_arm,exercise,0.067450654676319,0.067450654676319,0.04356856395655917,1.5481495957399904,True,True
651,B,D13,10,energy_share_left_leg,exercise,0.00156499472922152,0.00156499472922152,0.0005465187511259403,2.8635700531725785,True,True
651,B,D13,10,energy_share_right_arm,exercise,-0.07962016652870568,0.07962016652870568,0.03684219923413973,2.1611132935551214,True,True
651,B,D13,10,energy_share_right_leg,exercise,0.00146536747402542,0.00146536747402542,0.00072505293061462,2.021048963671167,True,True
651,B,D13,10,energy_share_trunk_spine,exercise,0.00441081778210746,0.00441081778210746,0.0024541007088691004,1.7973254993842755,True,True
651,B,D13,11,total_energy_deg2_s2,exercise,161162.56699233223,161162.56699233223,123689.30017318433,1.3029628817260626,True,True
651,B,D13,11,active_link_count,exercise,0.0,0.0,0.0,,False,True
651,B,D13,11,active_region_count,exercise,1.0,1.0,0.0,,False,True
651,B,D13,11,participation_entropy_bits,exercise,-0.07563672610788963,0.07563672610788963,0.05576244860634327,1.3564096986100707,True,True
651,B,D13,11,effective_dimensionality,exercise,0.24803342355556435,0.24803342355556435,0.48391911234606333,0.5125514104063513,False,True
651,B,D13,11,lr_symmetry,exercise,0.058882395174440605,0.058882395174440605,0.03974353541026665,1.481559065307259,True,True
651,B,D13,11,regional_coupling,exercise,0.02424357088869089,0.02424357088869089,0.19983329821701099,0.12131897489057775,False,True
651,B,D13,11,trunk_arm_lagged_coupling,exercise,0.11154099799580092,0.11154099799580092,0.07986828787017858,1.3965617765226739,True,True
651,B,D13,11,energy_share_head_neck,exercise,0.005929265564239006,0.005929265564239006,0.0020590705152615726,2.879583540384864,True,True
651,B,D13,11,energy_share_left_arm,exercise,0.037949896222801704,0.037949896222801704,0.043105168232855984,0.880402461667583,False,True
651,B,D13,11,energy_share_left_leg,exercise,-0.010410584453839633,0.010410584453839633,0.0007969188454573645,13.06354406497293,True,True
651,B,D13,11,energy_share_right_arm,exercise,-0.02395351320282124,0.02395351320282124,0.05405878718163781,0.44310119504415274,False,True
651,B,D13,11,energy_share_right_leg,exercise,-0.013596409335348988,0.013596409335348988,0.001714615937670947,7.92971127622767,True,True
651,B,D13,11,energy_share_trunk_spine,exercise,0.00408134520496916,0.00408134520496916,0.011911942341335042,0.3426263398544741,False,True
651,B,D13,12,total_energy_deg2_s2,exercise,97334.15371398564,97334.15371398564,124544.55952700216,0.7815207190393804,False,True
651,B,D13,12,active_link_count,exercise,0.0,0.0,0.0,,False,True
651,B,D13,12,active_region_count,exercise,1.022727272727273,1.022727272727273,0.6161616161616159,1.6598360655737714,True,True
651,B,D13,12,participation_entropy_bits,exercise,0.13881835556790278,0.13881835556790278,0.07527547495920972,1.8441378901046548,True,True
651,B,D13,12,effective_dimensionality,exercise,1.1542425220747754,1.1542425220747754,0.3523495432296029,3.275845092617679,True,True
651,B,D13,12,lr_symmetry,exercise,-0.0046525815711566665,0.0046525815711566665,0.0655663591052017,0.0709598891055025,False,True
651,B,D13,12,regional_coupling,exercise,-0.03099917433527026,0.03099917433527026,0.02054062318061353,1.509164257709943,True,True
651,B,D13,12,trunk_arm_lagged_coupling,exercise,-0.045379542122008815,0.045379542122008815,0.023041791269300865,1.969445065777897,True,True
651,B,D13,12,energy_share_head_neck,exercise,0.01369407986083597,0.01369407986083597,0.02638332197376419,0.519043048273204,False,True
651,B,D13,12,energy_share_left_arm,exercise,-0.005936683323445102,0.005936683323445102,0.08790123588903981,0.06753810982747892,False,True
651,B,D13,12,energy_share_left_leg,exercise,-0.016908786823244603,0.016908786823244603,0.02609132683054732,0.6480615927683699,False,True
651,B,D13,12,energy_share_right_arm,exercise,0.015646831102255676,0.015646831102255676,0.11411692116188138,0.13711227873086193,False,True
651,B,D13,12,energy_share_right_leg,exercise,-0.018015330723346587,0.018015330723346587,0.024217446144733014,0.7438988659530762,False,True
651,B,D13,12,energy_share_trunk_spine,exercise,0.01151988990694467,0.01151988990694467,0.002290234271325427,5.030005031003997,True,True
651,B,D13,13,total_energy_deg2_s2,exercise,81968.13465408658,81968.13465408658,99752.01400923365,0.8217190947793707,False,True
651,B,D13,13,active_link_count,exercise,0.0,0.0,0.0,,False,True
651,B,D13,13,active_region_count,exercise,0.3333333333333335,0.3333333333333335,0.3571428571428572,0.9333333333333336,False,True
651,B,D13,13,participation_entropy_bits,exercise,0.04353510137784511,0.04353510137784511,0.09735285336106836,0.4471887558999365,False,True
651,B,D13,13,effective_dimensionality,exercise,0.4782494829998445,0.4782494829998445,0.7531991240630482,0.634957566625916,False,True
651,B,D13,13,lr_symmetry,exercise,0.05150570824504541,0.05150570824504541,0.07914011429502699,0.6508167028043063,False,True
651,B,D13,13,regional_coupling,exercise,0.02962354874838434,0.02962354874838434,0.08599375746252033,0.3444848745130775,False,True
651,B,D13,13,trunk_arm_lagged_coupling,exercise,0.03688877581348343,0.03688877581348343,0.06561680042300416,0.562184921783398,False,True
651,B,D13,13,energy_share_head_neck,exercise,0.0061702136408179654,0.0061702136408179654,0.0010803143537992804,5.711498342235648,True,True
651,B,D13,13,energy_share_left_arm,exercise,0.018997330877006557,0.018997330877006557,0.07972800729933294,0.23827675518945904,False,True
651,B,D13,13,energy_share_left_leg,exercise,0.0036407314612504904,0.0036407314612504904,0.05602418349703191,0.06498499815607972,False,True
651,B,D13,13,energy_share_right_arm,exercise,0.0049988705352942975,0.0049988705352942975,0.05924599272950154,0.08437482950311187,False,True
651,B,D13,13,energy_share_right_leg,exercise,-0.04570825709512319,0.04570825709512319,0.07165071287339426,0.6379316445307249,False,True
651,B,D13,13,energy_share_trunk_spine,exercise,0.011901110580753833,0.011901110580753833,0.005204233414523415,2.286813375345828,True,True
671,A,D12,9,total_energy_deg2_s2,exercise,-5760.761876213044,5760.761876213044,79208.16670893498,0.07272939288422148,False,True
671,A,D12,9,active_link_count,exercise,0.0,0.0,0.0,,False,True
671,A,D12,9,active_region_count,exercise,0.0,0.0,0.0,,False,True
671,A,D12,9,participation_entropy_bits,exercise,-0.09127538125442847,0.09127538125442847,0.2202812707889792,0.4143583379899179,False,True
671,A,D12,9,effective_dimensionality,exercise,-0.22167398010188988,0.22167398010188988,0.8586165666027052,0.25817575472482324,False,True
671,A,D12,9,lr_symmetry,exercise,0.06583722257514346,0.06583722257514346,0.08757532553441005,0.7517782226144821,False,True
671,A,D12,9,regional_coupling,exercise,0.02150202492163486,0.02150202492163486,0.1431656701723261,0.15018981083770458,False,True
671,A,D12,9,trunk_arm_lagged_coupling,exercise,0.10057045465733708,0.10057045465733708,0.17321282555130604,0.5806178286003878,False,True
671,A,D12,9,energy_share_head_neck,exercise,-0.00013689855566961675,0.00013689855566961675,0.0007821719353392749,0.17502360987963042,False,True
671,A,D12,9,energy_share_left_arm,exercise,0.03199961435452858,0.03199961435452858,0.1625917990955681,0.19680952257450496,False,True
671,A,D12,9,energy_share_left_leg,exercise,-0.00080012273629274,0.00080012273629274,0.001119543072780615,0.7146868715872369,False,True
671,A,D12,9,energy_share_right_arm,exercise,-0.0305142467094755,0.0305142467094755,0.16099261733854325,0.18953817394811734,False,True
671,A,D12,9,energy_share_right_leg,exercise,-0.0004422551918452305,0.0004422551918452305,0.0012678620602687553,0.34881964348036676,False,True
671,A,D12,9,energy_share_trunk_spine,exercise,-0.00010609116124549167,0.00010609116124549167,0.000588739572933675,0.1802004929222644,False,True
671,A,D12,10,total_energy_deg2_s2,exercise,-20208.4478662599,20208.4478662599,83298.1751596941,0.24260372844324038,False,True
671,A,D12,10,active_link_count,exercise,0.0,0.0,0.0,,False,True
671,A,D12,10,active_region_count,exercise,0.0,0.0,0.0,,False,True
671,A,D12,10,participation_entropy_bits,exercise,-0.19732717428356317,0.19732717428356317,0.2002818205984629,0.9852475561382908,False,True
671,A,D12,10,effective_dimensionality,exercise,-0.7837943121066164,0.7837943121066164,0.7116708150009776,1.1013439016823245,True,True
671,A,D12,10,lr_symmetry,exercise,0.049685013504575215,0.049685013504575215,0.0434528449217243,1.1434237181495828,True,True
671,A,D12,10,regional_coupling,exercise,-0.10595563937030278,0.10595563937030278,0.06728678958855636,1.574687097098818,True,True
671,A,D12,10,trunk_arm_lagged_coupling,exercise,0.03211042165019706,0.03211042165019706,0.02116344378096985,1.5172588158393545,True,True
671,A,D12,10,energy_share_head_neck,exercise,-0.0015297579419819266,0.0015297579419819266,0.0014881977903790596,1.0279264973188014,True,True
671,A,D12,10,energy_share_left_arm,exercise,-0.04996904143067138,0.04996904143067138,0.041531996364202795,1.2031456661144426,True,True
671,A,D12,10,energy_share_left_leg,exercise,-0.0026071102829029733,0.0026071102829029733,0.0029600017442595,0.8807799819574739,False,True
671,A,D12,10,energy_share_right_arm,exercise,0.05585698144355872,0.05585698144355872,0.03737773644512893,1.4943917624749052,True,True
671,A,D12,10,energy_share_right_leg,exercise,-0.0017097829062108797,0.0017097829062108797,0.0039032286728242003,0.4380432328023861,False,True
671,A,D12,10,energy_share_trunk_spine,exercise,-4.128888179142005e-05,4.128888179142005e-05,0.0007929517796760198,0.05206985197547529,False,True
671,A,D12,11,total_energy_deg2_s2,exercise,-168032.44507508067,168032.44507508067,95778.25671674992,1.754390305641205,True,True
671,A,D12,11,active_link_count,exercise,0.0,0.0,0.0,,False,True
671,A,D12,11,active_region_count,exercise,0.0,0.0,0.3999999999999999,0.0,False,True
671,A,D12,11,participation_entropy_bits,exercise,0.01332266070540511,0.01332266070540511,0.05323847009644078,0.25024499541912615,False,True
671,A,D12,11,effective_dimensionality,exercise,-0.0647933701020742,0.0647933701020742,0.2056425291907651,0.31507767560069433,False,True
671,A,D12,11,lr_symmetry,exercise,-0.046435918554960876,0.046435918554960876,0.07983086444347576,0.5816787639552597,False,True
671,A,D12,11,regional_coupling,exercise,-0.12325936229136979,0.12325936229136979,0.14004934626063797,0.8801137997601125,False,True
671,A,D12,11,trunk_arm_lagged_coupling,exercise,0.10662943741250558,0.10662943741250558,0.17263201666152883,0.617668955472893,False,True
671,A,D12,11,energy_share_head_neck,exercise,-0.0025950264354306606,0.0025950264354306606,0.0058496487624400476,0.44362089773544017,False,True
671,A,D12,11,energy_share_left_arm,exercise,0.04102267517559727,0.04102267517559727,0.03313783188227448,1.2379408321381584,True,True
671,A,D12,11,energy_share_left_leg,exercise,-0.0009092157127467259,0.0009092157127467259,0.0031499152545630994,0.28864767438730227,False,True
671,A,D12,11,energy_share_right_arm,exercise,-0.041783890341207885,0.041783890341207885,0.036320365704392454,1.1504259258092957,True,True
671,A,D12,11,energy_share_right_leg,exercise,0.004909901815468132,0.004909901815468132,0.0012785014506066124,3.840356859304715,True,True
671,A,D12,11,energy_share_trunk_spine,exercise,-0.0006444445016802729,0.0006444445016802729,0.005705249290729862,0.11295641414432048,False,True
671,A,D12,12,total_energy_deg2_s2,exercise,7961.31896590945,7961.31896590945,26445.168230013544,0.30105004047105555,False,True
671,A,D12,12,active_link_count,exercise,0.0,0.0,0.0,,False,True
671,A,D12,12,active_region_count,exercise,-0.1166666666666667,0.1166666666666667,0.05952380952380931,1.9600000000000075,True,True
671,A,D12,12,participation_entropy_bits,exercise,-0.003958959018547148,0.003958959018547148,0.07027652928724404,0.05633401448107288,False,True
671,A,D12,12,effective_dimensionality,exercise,0.115835524088296,0.115835524088296,0.18864124464204046,0.6140519498167103,False,True
671,A,D12,12,lr_symmetry,exercise,0.1121701092129338,0.1121701092129338,0.1383634399776077,0.8106918217058426,False,True
671,A,D12,12,regional_coupling,exercise,-0.05892824150683679,0.05892824150683679,0.08026179862291852,0.7342003607929365,False,True
671,A,D12,12,trunk_arm_lagged_coupling,exercise,0.14461213392476147,0.14461213392476147,0.09593355293069003,1.5074197661504383,True,True
671,A,D12,12,energy_share_head_neck,exercise,-0.03559245490488638,0.03559245490488638,0.05631226969559284,0.6320550582899334,False,True
671,A,D12,12,energy_share_left_arm,exercise,0.11044512677102541,0.11044512677102541,0.16781098653489046,0.6581519425610562,False,True
671,A,D12,12,energy_share_left_leg,exercise,-0.000902735658463813,0.000902735658463813,0.011817895309682504,0.07638717680331741,False,True
671,A,D12,12,energy_share_right_arm,exercise,-0.07931667907835432,0.07931667907835432,0.12129061022224824,0.6539391543419354,False,True
671,A,D12,12,energy_share_right_leg,exercise,0.001010085614201718,0.001010085614201718,0.026350560767849793,0.03833260411801631,False,True
671,A,D12,12,energy_share_trunk_spine,exercise,0.0043566572564773,0.0043566572564773,0.001555199643454951,2.8013491867827183,True,True
671,A,D12,13,total_energy_deg2_s2,exercise,-95781.73466308234,95781.73466308234,76076.57759791898,1.2590173965147242,True,True
671,A,D12,13,active_link_count,exercise,0.0,0.0,0.0,,False,True
671,A,D12,13,active_region_count,exercise,0.06944444444444464,0.06944444444444464,0.125,0.5555555555555571,False,True
671,A,D12,13,participation_entropy_bits,exercise,0.1976080129433826,0.1976080129433826,0.15045836277618374,1.3133734097408525,True,True
671,A,D12,13,effective_dimensionality,exercise,1.6664071549852384,1.6664071549852384,1.0379470948922176,1.6054837122100922,True,True
671,A,D12,13,lr_symmetry,exercise,0.01164614670432973,0.01164614670432973,0.03418574470282776,0.34067260507466407,False,True
671,A,D12,13,regional_coupling,exercise,-0.09702678517608157,0.09702678517608157,0.09700291550399595,1.0002460716975525,True,True
671,A,D12,13,trunk_arm_lagged_coupling,exercise,-0.06737540029744193,0.06737540029744193,0.11905927615594908,0.5658979499353807,False,True
671,A,D12,13,energy_share_head_neck,exercise,-0.004996655166410083,0.004996655166410083,0.006035549847043041,0.8278707479912643,False,True
671,A,D12,13,energy_share_left_arm,exercise,-0.05302903300662487,0.05302903300662487,0.06709475127015768,0.7903603784609461,False,True
671,A,D12,13,energy_share_left_leg,exercise,0.015469933217188203,0.015469933217188203,0.021320424886511216,0.725592163361414,False,True
671,A,D12,13,energy_share_right_arm,exercise,-0.010440490097382626,0.010440490097382626,0.04010938696855748,0.26030041560014683,False,True
671,A,D12,13,energy_share_right_leg,exercise,0.050439399173930824,0.050439399173930824,0.03489586528171483,1.4454262350777898,True,True
671,A,D12,13,energy_share_trunk_spine,exercise,0.0025568458792986654,0.0025568458792986654,0.006213997778114816,0.4114655284080828,False,True
671,B,D12,9,total_energy_deg2_s2,exercise,-21537.58051896948,21537.58051896948,79208.16670893498,0.27191110984948424,False,False
671,B,D12,9,active_link_count,exercise,0.0,0.0,0.0,,False,False
671,B,D12,9,active_region_count,exercise,0.0,0.0,0.0,,False,False
671,B,D12,9,participation_entropy_bits,exercise,0.3039207883199291,0.3039207883199291,0.2202812707889792,1.3796941847637754,True,False
671,B,D12,9,effective_dimensionality,exercise,0.8990569909526029,0.8990569909526029,0.8586165666027052,1.0470995155729508,True,False
671,B,D12,9,lr_symmetry,exercise,0.08015892267242464,0.08015892267242464,0.08757532553441005,0.9153140132025959,False,False
671,B,D12,9,regional_coupling,exercise,0.0562861454528743,0.0562861454528743,0.1431656701723261,0.39315392709106606,False,False
671,B,D12,9,trunk_arm_lagged_coupling,exercise,0.0627577180308696,0.0627577180308696,0.17321282555130604,0.3623156531920936,False,False
671,B,D12,9,energy_share_head_neck,exercise,0.0008543077024486249,0.0008543077024486249,0.0007821719353392749,1.0922249493368237,True,False
671,B,D12,9,energy_share_left_arm,exercise,-0.18948142453939743,0.18948142453939743,0.1625917990955681,1.1653811913848384,True,False
671,B,D12,9,energy_share_left_leg,exercise,0.0011386087247982214,0.0011386087247982214,0.001119543072780615,1.0170298512680294,True,False
671,B,D12,9,energy_share_right_arm,exercise,0.18560929378610325,0.18560929378610325,0.16099261733854325,1.1529056229690013,True,False
671,B,D12,9,energy_share_right_leg,exercise,0.0012500693784857843,0.0012500693784857843,0.0012678620602687553,0.9859663899247846,False,False
671,B,D12,9,energy_share_trunk_spine,exercise,0.000629144947561605,0.000629144947561605,0.000588739572933675,1.0686303018949295,True,False
671,B,D12,10,total_energy_deg2_s2,exercise,-127028.09384442537,127028.09384442537,83298.1751596941,1.5249805124889588,True,False
671,B,D12,10,active_link_count,exercise,0.0,0.0,0.0,,False,False
671,B,D12,10,active_region_count,exercise,0.0,0.0,0.0,,False,False
671,B,D12,10,participation_entropy_bits,exercise,0.1569398457065252,0.1569398457065252,0.2002818205984629,0.7835950623854558,False,False
671,B,D12,10,effective_dimensionality,exercise,0.6220319856915149,0.6220319856915149,0.7116708150009776,0.874044533764758,False,False
671,B,D12,10,lr_symmetry,exercise,0.017023655337804477,0.017023655337804477,0.0434528449217243,0.39177309031136603,False,False
671,B,D12,10,regional_coupling,exercise,-0.06123804929076379,0.06123804929076379,0.06728678958855636,0.9101050840026808,False,False
671,B,D12,10,trunk_arm_lagged_coupling,exercise,0.020792623001161414,0.020792623001161414,0.02116344378096985,0.9824782401368025,False,False
671,B,D12,10,energy_share_head_neck,exercise,0.00026278680709705985,0.00026278680709705985,0.0014881977903790596,0.1765805652957765,False,False
671,B,D12,10,energy_share_left_arm,exercise,-0.0632676813368841,0.0632676813368841,0.041531996364202795,1.5233479455713257,True,False
671,B,D12,10,energy_share_left_leg,exercise,0.00298892136629304,0.00298892136629304,0.0029600017442595,1.0097701368215832,True,False
671,B,D12,10,energy_share_right_arm,exercise,0.05527633554278344,0.05527633554278344,0.03737773644512893,1.4788572235755881,True,False
671,B,D12,10,energy_share_right_leg,exercise,0.0038836819900228002,0.0038836819900228002,0.0039032286728242003,0.9949921758523932,False,False
671,B,D12,10,energy_share_trunk_spine,exercise,0.0008559556306878998,0.0008559556306878998,0.0007929517796760198,1.0794548327233995,True,False
671,B,D12,11,total_energy_deg2_s2,exercise,-113002.8453780653,113002.8453780653,95778.25671674992,1.179838193466546,True,False
671,B,D12,11,active_link_count,exercise,0.0,0.0,0.0,,False,False
671,B,D12,11,active_region_count,exercise,0.3999999999999999,0.3999999999999999,0.3999999999999999,1.0,False,False
671,B,D12,11,participation_entropy_bits,exercise,-0.06804149261587833,0.06804149261587833,0.05323847009644078,1.2780512379980504,True,False
671,B,D12,11,effective_dimensionality,exercise,-0.35644319818169823,0.35644319818169823,0.2056425291907651,1.733314599778348,True,False
671,B,D12,11,lr_symmetry,exercise,-0.009596164095830195,0.009596164095830195,0.07983086444347576,0.12020619045939004,False,False
671,B,D12,11,regional_coupling,exercise,-0.05384467476367838,0.05384467476367838,0.14004934626063797,0.3844693045797663,False,False
671,B,D12,11,trunk_arm_lagged_coupling,exercise,-0.13508153446951682,0.13508153446951682,0.17263201666152883,0.7824825144362682,False,False
671,B,D12,11,energy_share_head_neck,exercise,-0.009157889612508269,0.009157889612508269,0.0058496487624400476,1.5655452121006088,True,False
671,B,D12,11,energy_share_left_arm,exercise,0.05776831897596474,0.05776831897596474,0.03313783188227448,1.7432739468650986,True,False
671,B,D12,11,energy_share_left_leg,exercise,0.002602633301872881,0.002602633301872881,0.0031499152545630994,0.8262550232431165,False,False
671,B,D12,11,energy_share_right_arm,exercise,-0.04924060221997306,0.04924060221997306,0.036320365704392454,1.355729802412702,True,False
671,B,D12,11,energy_share_right_leg,exercise,0.003334766278536681,0.003334766278536681,0.0012785014506066124,2.608339847369301,True,False
671,B,D12,11,energy_share_trunk_spine,exercise,-0.005307226723892715,0.005307226723892715,0.005705249290729862,0.9302357273881315,False,False
671,B,D12,12,total_energy_deg2_s2,exercise,-43090.83932130382,43090.83932130382,26445.168230013544,1.6294409226861535,True,False
671,B,D12,12,active_link_count,exercise,0.0,0.0,0.0,,False,False
671,B,D12,12,active_region_count,exercise,-0.1071428571428572,0.1071428571428572,0.05952380952380931,1.8000000000000074,True,False
671,B,D12,12,participation_entropy_bits,exercise,0.0920891709338858,0.0920891709338858,0.07027652928724404,1.310383023576564,True,False
671,B,D12,12,effective_dimensionality,exercise,0.1192319732911713,0.1192319732911713,0.18864124464204046,0.6320567568212457,False,False
671,B,D12,12,lr_symmetry,exercise,-0.06212649628183298,0.06212649628183298,0.1383634399776077,0.44900948033589894,False,False
671,B,D12,12,regional_coupling,exercise,-0.04765784904331592,0.04765784904331592,0.08026179862291852,0.5937799782835588,False,False
671,B,D12,12,trunk_arm_lagged_coupling,exercise,0.26179232111110173,0.26179232111110173,0.09593355293069003,2.7288921666462325,True,False
671,B,D12,12,energy_share_head_neck,exercise,0.02515151559832799,0.02515151559832799,0.05631226969559284,0.4466436130933721,False,False
671,B,D12,12,energy_share_left_arm,exercise,-0.13608755957266944,0.13608755957266944,0.16781098653489046,0.8109573895173708,False,False
671,B,D12,12,energy_share_left_leg,exercise,0.0011038817930956873,0.0011038817930956873,0.011817895309682504,0.09340764697680706,False,False
671,B,D12,12,energy_share_right_arm,exercise,0.07965067371099938,0.07965067371099938,0.12129061022224824,0.6566928269636911,False,False
671,B,D12,12,energy_share_right_leg,exercise,0.027070385742130873,0.027070385742130873,0.026350560767849793,1.0273172544836062,True,False
671,B,D12,12,energy_share_trunk_spine,exercise,0.003111102728115449,0.003111102728115449,0.001555199643454951,2.0004523156936846,True,False
671,B,D12,13,total_energy_deg2_s2,exercise,41728.48820870125,41728.48820870125,76076.57759791898,0.5485063803638126,False,False
671,B,D12,13,active_link_count,exercise,0.0,0.0,0.0,,False,False
671,B,D12,13,active_region_count,exercise,-0.1470588235294117,0.1470588235294117,0.125,1.1764705882352935,True,False
671,B,D12,13,participation_entropy_bits,exercise,0.09868499172059675,0.09868499172059675,0.15045836277618374,0.6558956903405686,False,False
671,B,D12,13,effective_dimensionality,exercise,1.3436106225206714,1.3436106225206714,1.0379470948922176,1.2944885429446618,True,False
671,B,D12,13,lr_symmetry,exercise,-0.021856457386927985,0.021856457386927985,0.03418574470282776,0.639344193813045,False,False
671,B,D12,13,regional_coupling,exercise,-0.014172823457010876,0.014172823457010876,0.09700291550399595,0.14610719052487695,False,False
671,B,D12,13,trunk_arm_lagged_coupling,exercise,0.08991413736340842,0.08991413736340842,0.11905927615594908,0.7552048044172125,False,False
671,B,D12,13,energy_share_head_neck,exercise,-0.01007193470506471,0.01007193470506471,0.006035549847043041,1.6687683741025168,True,False
671,B,D12,13,energy_share_left_arm,exercise,-0.09876315360738763,0.09876315360738763,0.06709475127015768,1.471995226716272,True,False
671,B,D12,13,energy_share_left_leg,exercise,0.010452851529793292,0.010452851529793292,0.021320424886511216,0.490274072183547,False,False
671,B,D12,13,energy_share_right_arm,exercise,0.06533464582929971,0.06533464582929971,0.04010938696855748,1.6289116031745086,True,False
671,B,D12,13,energy_share_right_leg,exercise,0.038412531687203905,0.038412531687203905,0.03489586528171483,1.1007760196544483,True,False
671,B,D12,13,energy_share_trunk_spine,exercise,-0.005364940733844572,0.005364940733844572,0.006213997778114816,0.8633637998293864,False,False
671,A,D13,9,total_energy_deg2_s2,exercise,-79673.16745114265,79673.16745114265,63431.34806617854,1.2560535110812852,True,True
671,A,D13,9,active_link_count,exercise,0.0,0.0,0.0,,False,True
671,A,D13,9,active_region_count,exercise,0.0,0.0,0.0,,False,True
671,A,D13,9,participation_entropy_bits,exercise,0.2269873780591496,0.2269873780591496,0.3165424025629755,0.7170836394153889,False,True
671,A,D13,9,effective_dimensionality,exercise,0.5918631577212348,0.5918631577212348,0.9088211164860618,0.6512427440172842,False,True
671,A,D13,9,lr_symmetry,exercise,0.03231086334303779,0.03231086334303779,0.07325362543712888,0.4410821054961862,False,True
671,A,D13,9,regional_coupling,exercise,-0.03961625410890862,0.03961625410890862,0.10838154964108665,0.3655258135734423,False,True
671,A,D13,9,trunk_arm_lagged_coupling,exercise,-0.026158807456297145,0.026158807456297145,0.17321282555130604,0.15102119241481252,False,True
671,A,D13,9,energy_share_head_neck,exercise,0.001949714772308453,0.001949714772308453,0.0014376105082899797,1.356219060076025,True,True
671,A,D13,9,energy_share_left_arm,exercise,-0.04156897170592422,0.04156897170592422,0.20229185278113648,0.2054900933202609,False,True
671,A,D13,9,energy_share_left_leg,exercise,-0.00015820962415981495,0.00015820962415981495,0.0008191883883103463,0.19312972011985827,False,True
671,A,D13,9,energy_share_right_arm,exercise,0.039083001985120935,0.039083001985120935,0.19890621941512815,0.19648959243226363,False,True
671,A,D13,9,energy_share_right_leg,exercise,0.000326520220400665,0.000326520220400665,0.0008248361276789852,0.39586071638188736,False,True
671,A,D13,9,energy_share_trunk_spine,exercise,0.0003679443522539884,0.0003679443522539884,0.00042525409351218006,0.8652341220636593,False,True
671,A,D13,10,total_energy_deg2_s2,exercise,-64303.70557215836,64303.70557215836,83298.1751596941,0.7719701595968853,False,True
671,A,D13,10,active_link_count,exercise,0.0,0.0,0.0,,False,True
671,A,D13,10,active_region_count,exercise,0.20000000000000018,0.20000000000000018,0.0,,False,True
671,A,D13,10,participation_entropy_bits,exercise,-0.08808912291065596,0.08808912291065596,0.2002818205984629,0.43982585462542984,False,True
671,A,D13,10,effective_dimensionality,exercise,-0.3047823296694734,0.3047823296694734,0.7116708150009776,0.4282630722591241,False,True
671,A,D13,10,lr_symmetry,exercise,0.03381959239215937,0.03381959239215937,0.048387159860143414,0.6989373315133676,False,True
671,A,D13,10,regional_coupling,exercise,-0.087714252670367,0.087714252670367,0.022569199509017368,3.8864582961979393,True,True
671,A,D13,10,trunk_arm_lagged_coupling,exercise,0.11714090378634529,0.11714090378634529,0.06722281483618825,1.7425765950414276,True,True
671,A,D13,10,energy_share_head_neck,exercise,0.0007077425692363134,0.0007077425692363134,0.00100268867685114,0.7058447807139099,False,True
671,A,D13,10,energy_share_left_arm,exercise,-0.047707390865515786,0.047707390865515786,0.041531996364202795,1.148690047238752,True,True
671,A,D13,10,energy_share_left_leg,exercise,6.414257946968632e-05,6.414257946968632e-05,0.0026360299049365135,0.02433302420035752,False,True
671,A,D13,10,energy_share_right_arm,exercise,0.04339608431155856,0.04339608431155856,0.03679709054435365,1.1793346612349898,True,True
671,A,D13,10,energy_share_right_leg,exercise,0.0006960658947283804,0.0006960658947283804,0.0016902362234094796,0.4118157480522474,False,True
671,A,D13,10,energy_share_trunk_spine,exercise,0.0028433555105228806,0.0028433555105228806,0.00040663361143588065,6.992426180616479,True,True
671,A,D13,11,total_energy_deg2_s2,exercise,-172526.52956965755,172526.52956965755,95778.25671674992,1.801312066890916,True,True
671,A,D13,11,active_link_count,exercise,0.0,0.0,0.0,,False,True
671,A,D13,11,active_region_count,exercise,0.6000000000000001,0.6000000000000001,0.19999999999999973,3.0000000000000044,True,True
671,A,D13,11,participation_entropy_bits,exercise,-0.18784792484601098,0.18784792484601098,0.17796308374358816,1.055544334782741,True,True
671,A,D13,11,effective_dimensionality,exercise,-0.9552125746448068,0.9552125746448068,0.647763528333491,1.4746316099368755,True,True
671,A,D13,11,lr_symmetry,exercise,-0.0029270966371722773,0.0029270966371722773,0.0732546469859634,0.03995782871949611,False,True
671,A,D13,11,regional_coupling,exercise,-0.17452449451736074,0.17452449451736074,0.07063465873294655,2.4708053758311177,True,True
671,A,D13,11,trunk_arm_lagged_coupling,exercise,0.09475229347738073,0.09475229347738073,0.06907895522049357,1.3716520925213804,True,True
671,A,D13,11,energy_share_head_neck,exercise,-0.005362519145610861,0.005362519145610861,0.0058496487624400476,0.9167249801463307,False,True
671,A,D13,11,energy_share_left_arm,exercise,0.14035962347263614,0.14035962347263614,0.01639218808190701,8.562592301363296,True,True
671,A,D13,11,energy_share_left_leg,exercise,-0.0018758282428299466,0.0018758282428299466,0.008875054184764017,0.2113596383501769,False,True
671,A,D13,11,energy_share_right_arm,exercise,-0.13815972478930777,0.13815972478930777,0.030888392229679207,4.472868764485468,True,True
671,A,D13,11,energy_share_right_leg,exercise,-0.0003369866458775468,0.0003369866458775468,0.011011440332273878,0.030603321246709114,False,True
671,A,D13,11,energy_share_trunk_spine,exercise,0.0053754353509899875,0.0053754353509899875,0.005705249290729862,0.9421911431152061,False,True
671,A,D13,12,total_energy_deg2_s2,exercise,-55543.66165705744,55543.66165705744,34939.18154862794,1.5897241777044042,True,True
671,A,D13,12,active_link_count,exercise,0.0,0.0,0.0,,False,True
671,A,D13,12,active_region_count,exercise,0.8333333333333335,0.8333333333333335,0.05952380952380931,14.000000000000052,True,True
671,A,D13,12,participation_entropy_bits,exercise,-0.06070344343456835,0.06070344343456835,0.22741854670182926,0.2669238912785651,False,True
671,A,D13,12,effective_dimensionality,exercise,-0.1639633719342326,0.1639633719342326,1.4346487222868838,0.11428816642506666,False,True
671,A,D13,12,lr_symmetry,exercise,0.10253155765420885,0.10253155765420885,0.1383634399776077,0.741030706310874,False,True
671,A,D13,12,regional_coupling,exercise,-0.14323536328482817,0.14323536328482817,0.08026179862291852,1.784601961859446,True,True
671,A,D13,12,trunk_arm_lagged_coupling,exercise,0.08409748575275944,0.08409748575275944,0.09593355293069003,0.876622236784226,False,True
671,A,D13,12,energy_share_head_neck,exercise,-0.012549615722694099,0.012549615722694099,0.05631226969559284,0.22285757243551965,False,True
671,A,D13,12,energy_share_left_arm,exercise,0.06137137435848189,0.06137137435848189,0.16781098653489046,0.36571726098351637,False,True
671,A,D13,12,energy_share_left_leg,exercise,-0.0024395987964741794,0.0024395987964741794,0.03488194889378643,0.06993871827238267,False,True
671,A,D13,12,energy_share_right_arm,exercise,-0.0639929288041462,0.0639929288041462,0.1301529664335448,0.4916747620717546,False,True
671,A,D13,12,energy_share_right_leg,exercise,-0.005090613588456756,0.005090613588456756,0.03863334722919683,0.13176734488617045,False,True
671,A,D13,12,energy_share_trunk_spine,exercise,0.022701382553289323,0.022701382553289323,0.006465417390780062,3.5112013936891966,True,True
671,A,D13,13,total_energy_deg2_s2,exercise,-100470.53908345709,100470.53908345709,84179.87909431467,1.1935220169524174,True,True
671,A,D13,13,active_link_count,exercise,0.0,0.0,0.0,,False,True
671,A,D13,13,active_region_count,exercise,0.7777777777777777,0.7777777777777777,0.23809523809523814,3.2666666666666657,True,True
671,A,D13,13,participation_entropy_bits,exercise,0.22001315852504932,0.22001315852504932,0.15045836277618374,1.4622860070086812,True,True
671,A,D13,13,effective_dimensionality,exercise,1.727701105043261,1.727701105043261,1.0379470948922176,1.664536770270231,True,True
671,A,D13,13,lr_symmetry,exercise,0.038548998748065166,0.038548998748065166,0.06623152610260108,0.5820339801373118,False,True
671,A,D13,13,regional_coupling,exercise,-0.08076802797113869,0.08076802797113869,0.09700291550399595,0.8326350558794444,False,True
671,A,D13,13,trunk_arm_lagged_coupling,exercise,0.07019507121977525,0.07019507121977525,0.1286877164629679,0.545468310023009,False,True
671,A,D13,13,energy_share_head_neck,exercise,-0.0005707326924734926,0.0005707326924734926,0.01791448054862163,0.03185873522396974,False,True
671,A,D13,13,energy_share_left_arm,exercise,-0.05323926859975425,0.05323926859975425,0.02136063066939492,2.4924015317597528,True,True
671,A,D13,13,energy_share_left_leg,exercise,0.036177347797479,0.036177347797479,0.021320424886511216,1.696839907743457,True,True
671,A,D13,13,energy_share_right_arm,exercise,-0.047345618324465544,0.047345618324465544,0.04010938696855748,1.1804124147192947,True,True
671,A,D13,13,energy_share_right_leg,exercise,0.04101418762132708,0.04101418762132708,0.03489586528171483,1.1753308677179644,True,True
671,A,D13,13,energy_share_trunk_spine,exercise,0.023964084197887186,0.023964084197887186,0.006213997778114816,3.856468098892262,True,True
671,B,D13,9,total_energy_deg2_s2,exercise,-6649.9902280502865,6649.9902280502865,63431.34806617854,0.10483759892840819,False,False
671,B,D13,9,active_link_count,exercise,0.0,0.0,0.0,,False,False
671,B,D13,9,active_region_count,exercise,0.0,0.0,0.0,,False,False
671,B,D13,9,participation_entropy_bits,exercise,0.13072624628515328,0.13072624628515328,0.3165424025629755,0.41298178451509526,False,False
671,B,D13,9,effective_dimensionality,exercise,0.5416586078378782,0.5416586078378782,0.9088211164860618,0.5960013450525777,False,False
671,B,D13,9,lr_symmetry,exercise,-0.01346154063733318,0.01346154063733318,0.07325362543712888,0.18376620347462214,False,False
671,B,D13,9,regional_coupling,exercise,-0.04009030340088979,0.04009030340088979,0.10838154964108665,0.3698997064874209,False,False
671,B,D13,9,trunk_arm_lagged_coupling,exercise,-0.052883410992041524,0.052883410992041524,0.17321282555130604,0.30530886395809836,False,False
671,B,D13,9,energy_share_head_neck,exercise,0.00072113858679744,0.00072113858679744,0.0014376105082899797,0.5016230631586198,False,False
671,B,D13,9,energy_share_left_arm,exercise,-0.0018689180203558253,0.0018689180203558253,0.20229185278113648,0.009238721157879968,False,False
671,B,D13,9,energy_share_left_leg,exercise,-3.6953872376690414e-05,3.6953872376690414e-05,0.0008191883883103463,0.04511034690434428,False,False
671,B,D13,9,energy_share_right_arm,exercise,0.0011693999085360396,0.0011693999085360396,0.19890621941512815,0.005879152054544047,False,False
671,B,D13,9,energy_share_right_leg,exercise,-7.385339721606063e-05,7.385339721606063e-05,0.0008248361276789852,0.08953705437694329,False,False
671,B,D13,9,energy_share_trunk_spine,exercise,8.918679461523006e-05,8.918679461523006e-05,0.00042525409351218006,0.20972589323863988,False,False
671,B,D13,10,total_energy_deg2_s2,exercise,-126802.95533626206,126802.95533626206,83298.1751596941,1.5222777100838438,True,False
671,B,D13,10,active_link_count,exercise,0.0,0.0,0.0,,False,False
671,B,D13,10,active_region_count,exercise,0.20000000000000018,0.20000000000000018,0.0,,False,False
671,B,D13,10,participation_entropy_bits,exercise,0.15358978454304273,0.15358978454304273,0.2002818205984629,0.7668683262619668,False,False
671,B,D13,10,effective_dimensionality,exercise,0.5963753865774608,0.5963753865774608,0.7116708150009776,0.8379933165822482,False,False
671,B,D13,10,lr_symmetry,exercise,-0.05802041238970834,0.05802041238970834,0.048387159860143414,1.199086959379483,True,False
671,B,D13,10,regional_coupling,exercise,-0.12069522547915296,0.12069522547915296,0.022569199509017368,5.347784950499906,True,False
671,B,D13,10,trunk_arm_lagged_coupling,exercise,0.059763734082091235,0.059763734082091235,0.06722281483618825,0.8890394463208116,False,False
671,B,D13,10,energy_share_head_neck,exercise,0.0020147782047873803,0.0020147782047873803,0.00100268867685114,2.0093756430107725,True,False
671,B,D13,10,energy_share_left_arm,exercise,-0.06795680412159055,0.06795680412159055,0.041531996364202795,1.6362518075380503,True,False
671,B,D13,10,energy_share_left_leg,exercise,0.0020170022327515003,0.0020170022327515003,0.0026360299049365135,0.7651666731755374,False,False
671,B,D13,10,energy_share_right_arm,exercise,0.05894930724798347,0.05894930724798347,0.03679709054435365,1.602010006115252,True,False
671,B,D13,10,energy_share_right_leg,exercise,0.0024347018041778797,0.0024347018041778797,0.0016902362234094796,1.4404506130312913,True,False
671,B,D13,10,energy_share_trunk_spine,exercise,0.0025410146318903,0.0025410146318903,0.00040663361143588065,6.248904567720358,True,False
671,B,D13,11,total_energy_deg2_s2,exercise,-37315.58183932747,37315.58183932747,95778.25671674992,0.38960389464680695,False,False
671,B,D13,11,active_link_count,exercise,0.0,0.0,0.0,,False,False
671,B,D13,11,active_region_count,exercise,0.7999999999999998,0.7999999999999998,0.19999999999999973,4.000000000000004,True,False
671,B,D13,11,participation_entropy_bits,exercise,-0.06312331119886361,0.06312331119886361,0.17796308374358816,0.3546989064867667,False,False
671,B,D13,11,effective_dimensionality,exercise,-0.3934563452001747,0.3934563452001747,0.647763528333491,0.6074073762881101,False,False
671,B,D13,11,lr_symmetry,exercise,-0.11917285360748076,0.11917285360748076,0.0732546469859634,1.6268299488265354,True,False
671,B,D13,11,regional_coupling,exercise,-0.2030166063488075,0.2030166063488075,0.07063465873294655,2.8741783423399374,True,False
671,B,D13,11,trunk_arm_lagged_coupling,exercise,0.07850973618345158,0.07850973618345158,0.06907895522049357,1.136521766040842,True,False
671,B,D13,11,energy_share_head_neck,exercise,-0.005860375402729908,0.005860375402729908,0.0058496487624400476,1.0018337238226567,True,False
671,B,D13,11,energy_share_left_arm,exercise,0.12724354925254405,0.12724354925254405,0.01639218808190701,7.762450541486282,True,False
671,B,D13,11,energy_share_left_leg,exercise,0.007361159701990578,0.007361159701990578,0.008875054184764017,0.8294213814071837,False,False
671,B,D13,11,energy_share_right_arm,exercise,-0.1401844631933597,0.1401844631933597,0.030888392229679207,4.538418903482553,True,False
671,B,D13,11,energy_share_right_leg,exercise,0.009395952235789718,0.009395952235789718,0.011011440332273878,0.8532900285760747,False,False
671,B,D13,11,energy_share_trunk_spine,exercise,0.002044177405765525,0.002044177405765525,0.005705249290729862,0.3582976486385956,False,False
671,B,D13,12,total_energy_deg2_s2,exercise,-47049.64833844305,47049.64833844305,34939.18154862794,1.3466156404654157,True,False
671,B,D13,12,active_link_count,exercise,0.0,0.0,0.0,,False,False
671,B,D13,12,active_region_count,exercise,0.9428571428571426,0.9428571428571426,0.05952380952380931,15.840000000000051,True,False
671,B,D13,12,participation_entropy_bits,exercise,0.19248670393244982,0.19248670393244982,0.22741854670182926,0.8463984434164074,False,False
671,B,D13,12,effective_dimensionality,exercise,1.085440554913486,1.085440554913486,1.4346487222868838,0.7565897756373791,False,False
671,B,D13,12,lr_symmetry,exercise,-0.03821949692265081,0.03821949692265081,0.1383634399776077,0.276225402670215,False,False
671,B,D13,12,regional_coupling,exercise,-0.05445461705952165,0.05445461705952165,0.08026179862291852,0.67846245653374,False,False
671,B,D13,12,trunk_arm_lagged_coupling,exercise,0.11381241192980315,0.11381241192980315,0.09593355293069003,1.186367109868538,True,False
671,B,D13,12,energy_share_head_neck,exercise,0.0197758055834407,0.0197758055834407,0.05631226969559284,0.35118111364259946,False,False
671,B,D13,12,energy_share_left_arm,exercise,-0.019349676085609002,0.019349676085609002,0.16781098653489046,0.11530637227727583,False,False
671,B,D13,12,energy_share_left_leg,exercise,0.022631072239189247,0.022631072239189247,0.03488194889378643,0.6487903616882069,False,False
671,B,D13,12,energy_share_right_arm,exercise,-0.07285528501544275,0.07285528501544275,0.1301529664335448,0.5597666116403283,False,False
671,B,D13,12,energy_share_right_leg,exercise,0.03325247300081943,0.03325247300081943,0.03863334722919683,0.8607194402169004,False,False
671,B,D13,12,energy_share_trunk_spine,exercise,0.01654561027760236,0.01654561027760236,0.006465417390780062,2.559093911121198,True,False
671,B,D13,13,total_energy_deg2_s2,exercise,-108573.84057985278,108573.84057985278,84179.87909431467,1.2897837553105445,True,False
671,B,D13,13,active_link_count,exercise,0.0,0.0,0.0,,False,False
671,B,D13,13,active_region_count,exercise,0.9243697478991595,0.9243697478991595,0.23809523809523814,3.8823529411764692,True,False
671,B,D13,13,participation_entropy_bits,exercise,0.032188590017284024,0.032188590017284024,0.15045836277618374,0.21393686215479144,False,False
671,B,D13,13,effective_dimensionality,exercise,0.5344568701421792,0.5344568701421792,1.0379470948922176,0.5149172561609976,False,False
671,B,D13,13,lr_symmetry,exercise,0.07059478014783849,0.07059478014783849,0.06623152610260108,1.0658788088089375,True,False
671,B,D13,13,regional_coupling,exercise,0.0011577883949449932,0.0011577883949449932,0.09700291550399595,0.011935604089109045,False,False
671,B,D13,13,trunk_arm_lagged_coupling,exercise,-0.020262383738291367,0.020262383738291367,0.1286877164629679,0.15745390698670308,False,False
671,B,D13,13,energy_share_head_neck,exercise,0.018304018164536553,0.018304018164536553,0.01791448054862163,1.021744287525261,True,False
671,B,D13,13,energy_share_left_arm,exercise,-0.047385429529888,0.047385429529888,0.02136063066939492,2.2183534869960972,True,False
671,B,D13,13,energy_share_left_leg,exercise,-0.00543420452091431,0.00543420452091431,0.021320424886511216,0.25488256213657196,False,False
671,B,D13,13,energy_share_right_arm,exercise,0.027607635845806167,0.027607635845806167,0.04010938696855748,0.6883085963754151,False,False
671,B,D13,13,energy_share_right_leg,exercise,-0.005445537594192057,0.005445537594192057,0.03489586528171483,0.15605108370949258,False,False
671,B,D13,13,energy_share_trunk_spine,exercise,0.012353517634651685,0.012353517634651685,0.006213997778114816,1.9880144917591935,True,False
790,A,D12,9,total_energy_deg2_s2,exercise,-120329.67037837366,120329.67037837366,19089.460900812075,6.303460899372741,True,True
790,A,D12,9,active_link_count,exercise,0.0,0.0,0.0,,False,True
790,A,D12,9,active_region_count,exercise,1.0,1.0,0.7999999999999998,1.2500000000000002,True,True
790,A,D12,9,participation_entropy_bits,exercise,0.5301940163797476,0.5301940163797476,0.2668397660714392,1.9869377948630127,True,True
790,A,D12,9,effective_dimensionality,exercise,0.8332843989792842,0.8332843989792842,0.46166127214174146,1.8049692475037091,True,True
790,A,D12,9,lr_symmetry,exercise,-0.09495160755183596,0.09495160755183596,0.04551715119605926,2.0860621778117037,True,True
790,A,D12,9,regional_coupling,exercise,0.013321541297799569,0.013321541297799569,0.23638495043663738,0.056355285195579266,False,True
790,A,D12,9,trunk_arm_lagged_coupling,exercise,0.2781442825561566,0.2781442825561566,0.33584764062141664,0.8281859060897616,False,True
790,A,D12,9,energy_share_head_neck,exercise,0.011863862066372875,0.011863862066372875,0.0064568244656221345,1.8374143713429503,True,True
790,A,D12,9,energy_share_left_arm,exercise,0.059901462962794194,0.059901462962794194,0.09882662681215082,0.6061267584965194,False,True
790,A,D12,9,energy_share_left_leg,exercise,0.02401713976148383,0.02401713976148383,0.021331673732657253,1.1258910136392777,True,True
790,A,D12,9,energy_share_right_arm,exercise,-0.1257709233175749,0.1257709233175749,0.1000889345070502,1.256591689551013,True,True
790,A,D12,9,energy_share_right_leg,exercise,0.022012448704058708,0.022012448704058708,0.01851518247077744,1.1888864038364737,True,True
790,A,D12,9,energy_share_trunk_spine,exercise,0.007976009822865088,0.007976009822865088,0.005910213743184621,1.3495298426495397,True,True
790,A,D12,10,total_energy_deg2_s2,exercise,-122700.15023004028,122700.15023004028,15659.474492500594,7.835521574418224,True,True
790,A,D12,10,active_link_count,exercise,0.0,0.0,0.0,,False,True
790,A,D12,10,active_region_count,exercise,1.1333333333333333,1.1333333333333333,0.8000000000000003,1.416666666666666,True,True
790,A,D12,10,participation_entropy_bits,exercise,0.3391923934581027,0.3391923934581027,0.010331361338774325,32.83133580713026,True,True
790,A,D12,10,effective_dimensionality,exercise,0.6879555169712601,0.6879555169712601,0.2689634234830214,2.557803243513102,True,True
790,A,D12,10,lr_symmetry,exercise,0.11088417786996152,0.11088417786996152,0.0928176261675413,1.194645698757788,True,True
790,A,D12,10,regional_coupling,exercise,-0.060932372586919664,0.060932372586919664,0.04644340624896723,1.3119703636783666,True,True
790,A,D12,10,trunk_arm_lagged_coupling,exercise,-0.05756194512527679,0.05756194512527679,0.06677988773959481,0.8619652873592274,False,True
790,A,D12,10,energy_share_head_neck,exercise,0.01994206298747274,0.01994206298747274,0.0031633559424463983,6.3040844439561985,True,True
790,A,D12,10,energy_share_left_arm,exercise,-0.024330523511898794,0.024330523511898794,0.039223199811142084,0.6203095012403158,False,True
790,A,D12,10,energy_share_left_leg,exercise,0.009755560804147755,0.009755560804147755,0.0065340886354160015,1.4930254773819203,True,True
790,A,D12,10,energy_share_right_arm,exercise,-0.024532325940813504,0.024532325940813504,0.03822961086201304,0.6417100615897222,False,True
790,A,D12,10,energy_share_right_leg,exercise,0.012520665038515106,0.012520665038515106,0.006107505918564037,2.0500455022823614,True,True
790,A,D12,10,energy_share_trunk_spine,exercise,0.006644560622576705,0.006644560622576705,0.0007584013714901895,8.761271896859508,True,True
790,A,D12,11,total_energy_deg2_s2,exercise,-20586.596824377804,20586.596824377804,29821.912896444526,0.6903177839685868,False,True
790,A,D12,11,active_link_count,exercise,0.0,0.0,0.0,,False,True
790,A,D12,11,active_region_count,exercise,0.39999999999999947,0.39999999999999947,0.5999999999999996,0.6666666666666662,False,True
790,A,D12,11,participation_entropy_bits,exercise,0.09566606246815157,0.09566606246815157,0.1673258531477142,0.571735094538548,False,True
790,A,D12,11,effective_dimensionality,exercise,0.2592029543031842,0.2592029543031842,0.3936126788168224,0.6585228785879909,False,True
790,A,D12,11,lr_symmetry,exercise,-0.12264277677216551,0.12264277677216551,0.08845274429691152,1.3865344455621122,True,True
790,A,D12,11,regional_coupling,exercise,0.004717774764783106,0.004717774764783106,0.12039718997311903,0.03918509033172983,False,True
790,A,D12,11,trunk_arm_lagged_coupling,exercise,-0.018205199288671203,0.018205199288671203,0.12120952117685121,0.15019611588192677,False,True
790,A,D12,11,energy_share_head_neck,exercise,0.008232981064852533,0.008232981064852533,0.01947661401105797,0.4227111067754491,False,True
790,A,D12,11,energy_share_left_arm,exercise,0.08813708758639027,0.08813708758639027,0.028885742651468427,3.0512314898682296,True,True
790,A,D12,11,energy_share_left_leg,exercise,0.009428292127445035,0.009428292127445035,0.012185981076561464,0.7736998825297232,False,True
790,A,D12,11,energy_share_right_arm,exercise,-0.11780381195824524,0.11780381195824524,0.07881868019547439,1.4946179213618613,True,True
790,A,D12,11,energy_share_right_leg,exercise,0.014763442602329436,0.014763442602329436,0.01597011226115027,0.9244420052227034,False,True
790,A,D12,11,energy_share_trunk_spine,exercise,-0.0027579914227721138,0.0027579914227721138,0.012278242773345254,0.22462427838284943,False,True
790,A,D12,12,total_energy_deg2_s2,exercise,5006.370197070937,5006.370197070937,45502.97354901032,0.11002292392339323,False,True
790,A,D12,12,active_link_count,exercise,0.0,0.0,0.0,,False,True
790,A,D12,12,active_region_count,exercise,0.7000000000000002,0.7000000000000002,0.20000000000000018,3.499999999999998,True,True
790,A,D12,12,participation_entropy_bits,exercise,0.28490113185039423,0.28490113185039423,0.17446486179837573,1.6330000718405215,True,True
790,A,D12,12,effective_dimensionality,exercise,2.118236737286977,2.118236737286977,1.184367317117859,1.788496445884437,True,True
790,A,D12,12,lr_symmetry,exercise,0.01998816204160614,0.01998816204160614,0.018295904226975357,1.0924938059161748,True,True
790,A,D12,12,regional_coupling,exercise,0.01642139772524341,0.01642139772524341,0.09496961559023408,0.1729121216631739,False,True
790,A,D12,12,trunk_arm_lagged_coupling,exercise,-0.06074813597066597,0.06074813597066597,0.2245899004073046,0.27048471841563804,False,True
790,A,D12,12,energy_share_head_neck,exercise,0.04860012779379199,0.04860012779379199,0.030919705087208114,1.5718173138041507,True,True
790,A,D12,12,energy_share_left_arm,exercise,-0.026011973543412503,0.026011973543412503,0.14094281303564743,0.18455693471105564,False,True
790,A,D12,12,energy_share_left_leg,exercise,0.031888732068003946,0.031888732068003946,0.030293255251368376,1.0526677243299398,True,True
790,A,D12,12,energy_share_right_arm,exercise,-0.07190902353718948,0.07190902353718948,0.08683323857283876,0.8281278542532958,False,True
790,A,D12,12,energy_share_right_leg,exercise,0.02434356715579951,0.02434356715579951,0.023914483258386382,1.0179424281418523,True,True
790,A,D12,12,energy_share_trunk_spine,exercise,-0.006911429936993396,0.006911429936993396,0.007179223153294723,0.9626988588342696,False,True
790,A,D12,13,total_energy_deg2_s2,exercise,45361.858884607034,45361.858884607034,114015.15228702873,0.3978581616100491,False,True
790,A,D12,13,active_link_count,exercise,0.0,0.0,0.0,,False,True
790,A,D12,13,active_region_count,exercise,-0.13095238095238138,0.13095238095238138,0.3214285714285712,0.40740740740740905,False,True
790,A,D12,13,participation_entropy_bits,exercise,0.29239427638635007,0.29239427638635007,0.061304078639106585,4.769572969323257,True,True
790,A,D12,13,effective_dimensionality,exercise,1.9875193848813755,1.9875193848813755,0.537762652002213,3.6959044617200316,True,True
790,A,D12,13,lr_symmetry,exercise,-0.0028341334799363294,0.0028341334799363294,0.01513728539421244,0.18722864807846765,False,True
790,A,D12,13,regional_coupling,exercise,-0.12869452353775382,0.12869452353775382,0.11947241343996565,1.0771902888060618,True,True
790,A,D12,13,trunk_arm_lagged_coupling,exercise,0.1001065487734924,0.1001065487734924,0.023682894504505336,4.226955820558528,True,True
790,A,D12,13,energy_share_head_neck,exercise,0.014872484602053475,0.014872484602053475,0.008883248161590113,1.6742169453691453,True,True
790,A,D12,13,energy_share_left_arm,exercise,-0.10585005435200362,0.10585005435200362,0.0409498710684309,2.5848690506282352,True,True
790,A,D12,13,energy_share_left_leg,exercise,0.08149680555566548,0.08149680555566548,0.023745643278033413,3.4320740272829937,True,True
790,A,D12,13,energy_share_right_arm,exercise,-0.0443940826531595,0.0443940826531595,0.026395460357559603,1.6818832500659582,True,True
790,A,D12,13,energy_share_right_leg,exercise,0.07051760525862637,0.07051760525862637,0.014191817376913302,4.968891818840741,True,True
790,A,D12,13,energy_share_trunk_spine,exercise,-0.016642758411182398,0.016642758411182398,0.006945878026794024,2.396062577975346,True,True
790,B,D12,9,total_energy_deg2_s2,exercise,-120755.03324025811,120755.03324025811,19089.460900812075,6.3257435014899315,True,True
790,B,D12,9,active_link_count,exercise,0.0,0.0,0.0,,False,True
790,B,D12,9,active_region_count,exercise,0.20000000000000018,0.20000000000000018,0.7999999999999998,0.2500000000000003,False,True
790,B,D12,9,participation_entropy_bits,exercise,0.19068786597418796,0.19068786597418796,0.2668397660714392,0.7146156241312863,False,True
790,B,D12,9,effective_dimensionality,exercise,0.5624526476060838,0.5624526476060838,0.46166127214174146,1.2183232199589766,True,True
790,B,D12,9,lr_symmetry,exercise,-0.042917396263310814,0.042917396263310814,0.04551715119605926,0.9428840587683017,False,True
790,B,D12,9,regional_coupling,exercise,-0.028627635684411623,0.028627635684411623,0.23638495043663738,0.12110599947895252,False,True
790,B,D12,9,trunk_arm_lagged_coupling,exercise,-0.271415721648439,0.271415721648439,0.33584764062141664,0.8081513425142435,False,True
790,B,D12,9,energy_share_head_neck,exercise,0.0047172019063380765,0.0047172019063380765,0.0064568244656221345,0.7305761417944262,False,True
790,B,D12,9,energy_share_left_arm,exercise,-0.012695097203450856,0.012695097203450856,0.09882662681215082,0.12845826689584008,False,True
790,B,D12,9,energy_share_left_leg,exercise,0.00255833406747933,0.00255833406747933,0.021331673732657253,0.11993123931774305,False,True
790,B,D12,9,energy_share_right_arm,exercise,0.0003018389558109291,0.0003018389558109291,0.1000889345070502,0.003015707553462544,False,True
790,B,D12,9,energy_share_right_leg,exercise,0.0034253356780459933,0.0034253356780459933,0.01851518247077744,0.18500145399334894,False,True
790,B,D12,9,energy_share_trunk_spine,exercise,0.0016923865957764249,0.0016923865957764249,0.005910213743184621,0.2863494738626002,False,True
790,B,D12,10,total_energy_deg2_s2,exercise,-126634.69447599424,126634.69447599424,15659.474492500594,8.086778042049895,True,True
790,B,D12,10,active_link_count,exercise,0.0,0.0,0.0,,False,True
790,B,D12,10,active_region_count,exercise,0.1857142857142855,0.1857142857142855,0.8000000000000003,0.2321428571428568,False,True
790,B,D12,10,participation_entropy_bits,exercise,0.3412157276687413,0.3412157276687413,0.010331361338774325,33.02717971813983,True,True
790,B,D12,10,effective_dimensionality,exercise,1.014984613953625,1.014984613953625,0.2689634234830214,3.7736901204252296,True,True
790,B,D12,10,lr_symmetry,exercise,-0.0021139530444945764,0.0021139530444945764,0.0928176261675413,0.02277534054446476,False,True
790,B,D12,10,regional_coupling,exercise,-0.10724562611349336,0.10724562611349336,0.04644340624896723,2.3091679696916763,True,True
790,B,D12,10,trunk_arm_lagged_coupling,exercise,0.04101254275940058,0.04101254275940058,0.06677988773959481,0.6141451288347048,False,True
790,B,D12,10,energy_share_head_neck,exercise,0.016354271059043527,0.016354271059043527,0.0031633559424463983,5.169911750871723,True,True
790,B,D12,10,energy_share_left_arm,exercise,-0.04829017002714042,0.04829017002714042,0.039223199811142084,1.2311634507040574,True,True
790,B,D12,10,energy_share_left_leg,exercise,0.0055355809927893265,0.0055355809927893265,0.0065340886354160015,0.8471848641270989,False,True
790,B,D12,10,energy_share_right_arm,exercise,0.014023240648177504,0.014023240648177504,0.03822961086201304,0.3668162016818156,False,True
790,B,D12,10,energy_share_right_leg,exercise,0.006275476602495536,0.006275476602495536,0.006107505918564037,1.0275023366610165,True,True
790,B,D12,10,energy_share_trunk_spine,exercise,0.006101600724634457,0.006101600724634457,0.0007584013714901895,8.045345056068884,True,True
790,B,D12,11,total_energy_deg2_s2,exercise,-40740.06215457636,40740.06215457636,29821.912896444526,1.3661116339533514,True,True
790,B,D12,11,active_link_count,exercise,0.0,0.0,0.0,,False,True
790,B,D12,11,active_region_count,exercise,0.0,0.0,0.5999999999999996,0.0,False,True
790,B,D12,11,participation_entropy_bits,exercise,0.13229464043853056,0.13229464043853056,0.1673258531477142,0.7906407644115921,False,True
790,B,D12,11,effective_dimensionality,exercise,0.4432104419919458,0.4432104419919458,0.3936126788168224,1.1260065181950223,True,True
790,B,D12,11,lr_symmetry,exercise,-0.018512410955067282,0.018512410955067282,0.08845274429691152,0.20929153868789208,False,True
790,B,D12,11,regional_coupling,exercise,-0.1353810809281462,0.1353810809281462,0.12039718997311903,1.1244538261928922,True,True
790,B,D12,11,trunk_arm_lagged_coupling,exercise,0.08632132835774178,0.08632132835774178,0.12120952117685121,0.7121662351243374,False,True
790,B,D12,11,energy_share_head_neck,exercise,0.018868517251409894,0.018868517251409894,0.01947661401105797,0.9687781069490402,False,True
790,B,D12,11,energy_share_left_arm,exercise,0.09343992213559166,0.09343992213559166,0.028885742651468427,3.234811140673289,True,True
790,B,D12,11,energy_share_left_leg,exercise,0.008429253688695341,0.008429253688695341,0.012185981076561464,0.6917172803516151,False,True
790,B,D12,11,energy_share_right_arm,exercise,-0.128403072814521,0.128403072814521,0.07881868019547439,1.6290944290880636,True,True
790,B,D12,11,energy_share_right_leg,exercise,0.005784468462970194,0.005784468462970194,0.01597011226115027,0.36220587359562867,False,True
790,B,D12,11,energy_share_trunk_spine,exercise,0.0018809112758538735,0.0018809112758538735,0.012278242773345254,0.15319059173004215,False,True
790,B,D12,12,total_energy_deg2_s2,exercise,42172.93156171744,42172.93156171744,45502.97354901032,0.9268170467209982,False,True
790,B,D12,12,active_link_count,exercise,0.0,0.0,0.0,,False,True
790,B,D12,12,active_region_count,exercise,0.5,0.5,0.20000000000000018,2.499999999999998,True,True
790,B,D12,12,participation_entropy_bits,exercise,0.2928027098195174,0.2928027098195174,0.17446486179837573,1.6782904408447672,True,True
790,B,D12,12,effective_dimensionality,exercise,1.4933732148071002,1.4933732148071002,1.184367317117859,1.2609037696524779,True,True
790,B,D12,12,lr_symmetry,exercise,0.03868139566919215,0.03868139566919215,0.018295904226975357,2.114210655528059,True,True
790,B,D12,12,regional_coupling,exercise,-0.09566290926101202,0.09566290926101202,0.09496961559023408,1.0073001629675886,True,True
790,B,D12,12,trunk_arm_lagged_coupling,exercise,0.24724162143161582,0.24724162143161582,0.2245899004073046,1.1008581462622817,True,True
790,B,D12,12,energy_share_head_neck,exercise,0.056097053692945334,0.056097053692945334,0.030919705087208114,1.8142816541983584,True,True
790,B,D12,12,energy_share_left_arm,exercise,-0.1208680710971235,0.1208680710971235,0.14094281303564743,0.8575681760130146,False,True
790,B,D12,12,energy_share_left_leg,exercise,0.018771135855960002,0.018771135855960002,0.030293255251368376,0.6196473670525089,False,True
790,B,D12,12,energy_share_right_arm,exercise,0.039288794098227664,0.039288794098227664,0.08683323857283876,0.45246261390182807,False,True
790,B,D12,12,energy_share_right_leg,exercise,0.0064439227358362855,0.0064439227358362855,0.023914483258386382,0.26945690886197665,False,True
790,B,D12,12,energy_share_trunk_spine,exercise,0.0002671647141541597,0.0002671647141541597,0.007179223153294723,0.03721359657577314,False,True
790,B,D12,13,total_energy_deg2_s2,exercise,-91092.51923939848,91092.51923939848,114015.15228702873,0.7989509939001492,False,True
790,B,D12,13,active_link_count,exercise,0.0,0.0,0.0,,False,True
790,B,D12,13,active_region_count,exercise,0.2857142857142856,0.2857142857142856,0.3214285714285712,0.8888888888888892,False,True
790,B,D12,13,participation_entropy_bits,exercise,0.21734942841586946,0.21734942841586946,0.061304078639106585,3.5454317761692895,True,True
790,B,D12,13,effective_dimensionality,exercise,1.1724759997964576,1.1724759997964576,0.537762652002213,2.1802852902317817,True,True
790,B,D12,13,lr_symmetry,exercise,-0.030002118534906863,0.030002118534906863,0.01513728539421244,1.9820012474877307,True,True
790,B,D12,13,regional_coupling,exercise,-0.020653668825087387,0.020653668825087387,0.11947241343996565,0.17287395667675,False,True
790,B,D12,13,trunk_arm_lagged_coupling,exercise,0.08945187237103897,0.08945187237103897,0.023682894504505336,3.777066707535348,True,True
790,B,D12,13,energy_share_head_neck,exercise,0.025087753938569414,0.025087753938569414,0.008883248161590113,2.8241644815288685,True,True
790,B,D12,13,energy_share_left_arm,exercise,-0.07599537750784524,0.07599537750784524,0.0409498710684309,1.8558148176059008,True,True
790,B,D12,13,energy_share_left_leg,exercise,0.043784038512798204,0.043784038512798204,0.023745643278033413,1.8438767061451597,True,True
790,B,D12,13,energy_share_right_arm,exercise,-0.03684015889746811,0.03684015889746811,0.026395460357559603,1.395700563597754,True,True
790,B,D12,13,energy_share_right_leg,exercise,0.04699796615715575,0.04699796615715575,0.014191817376913302,3.311624220419452,True,True
790,B,D12,13,energy_share_trunk_spine,exercise,-0.0030342222032099554,0.0030342222032099554,0.006945878026794024,0.43683781827226337,False,True
790,A,D13,9,total_energy_deg2_s2,exercise,35220.76567286524,35220.76567286524,54740.807239567104,0.6434096873786578,False,True
790,A,D13,9,active_link_count,exercise,0.0,0.0,0.0,,False,True
790,A,D13,9,active_region_count,exercise,0.0,0.0,0.0,,False,True
790,A,D13,9,participation_entropy_bits,exercise,0.11525403762821096,0.11525403762821096,0.2668397660714392,0.4319222705260308,False,True
790,A,D13,9,effective_dimensionality,exercise,0.24923008284143222,0.24923008284143222,0.46166127214174146,0.539854863036708,False,True
790,A,D13,9,lr_symmetry,exercise,0.093926938678498,0.093926938678498,0.035459488658666216,2.648852034575024,True,True
790,A,D13,9,regional_coupling,exercise,0.08134227488202307,0.08134227488202307,0.23638495043663738,0.3441093636958362,False,True
790,A,D13,9,trunk_arm_lagged_coupling,exercise,0.09685886172454433,0.09685886172454433,0.33584764062141664,0.28840119747551907,False,True
790,A,D13,9,energy_share_head_neck,exercise,0.0005614728304787001,0.0005614728304787001,0.0006898356944126636,0.8139225543507811,False,True
790,A,D13,9,energy_share_left_arm,exercise,0.0068714654874757475,0.0068714654874757475,0.09882662681215082,0.06953050720366077,False,True
790,A,D13,9,energy_share_left_leg,exercise,-1.130797527238613e-05,1.130797527238613e-05,0.00012713196134724503,0.0889467538497248,False,True
790,A,D13,9,energy_share_right_arm,exercise,-0.007477396583027596,0.007477396583027596,0.1000889345070502,0.07470752506113343,False,True
790,A,D13,9,energy_share_right_leg,exercise,-1.315869520397811e-05,1.315869520397811e-05,7.193055523527557e-05,0.1829360994216952,False,True
790,A,D13,9,energy_share_trunk_spine,exercise,6.89249355494085e-05,6.89249355494085e-05,0.0003734094839040415,0.18458271286735925,False,True
790,A,D13,10,total_energy_deg2_s2,exercise,209367.0306398032,209367.0306398032,252849.75675446997,0.8280293931352652,False,True
790,A,D13,10,active_link_count,exercise,0.0,0.0,0.0,,False,True
790,A,D13,10,active_region_count,exercise,0.33333333333333304,0.33333333333333304,0.3999999999999999,0.8333333333333328,False,True
790,A,D13,10,participation_entropy_bits,exercise,0.004081071938205838,0.004081071938205838,0.04336088593122511,0.09411873974804952,False,True
790,A,D13,10,effective_dimensionality,exercise,-0.01191116590439556,0.01191116590439556,0.2604761803092961,0.04572842664635183,False,True
790,A,D13,10,lr_symmetry,exercise,0.09400160434484539,0.09400160434484539,0.0928176261675413,1.0127559627000904,True,True
790,A,D13,10,regional_coupling,exercise,-0.06450122543789052,0.06450122543789052,0.014712976422744911,4.3839685176262195,True,True
790,A,D13,10,trunk_arm_lagged_coupling,exercise,-0.14316521303906465,0.14316521303906465,0.14324210823647676,0.9994631802173342,False,True
790,A,D13,10,energy_share_head_neck,exercise,-1.4376636090500123e-05,1.4376636090500123e-05,0.0004244359859828127,0.03387233072900255,False,True
790,A,D13,10,energy_share_left_arm,exercise,-0.0005488221293075135,0.0005488221293075135,0.039223199811142084,0.013992283443218987,False,True
790,A,D13,10,energy_share_left_leg,exercise,-0.0016580626535727062,0.0016580626535727062,0.0023141088240575735,0.7165015907356718,False,True
790,A,D13,10,energy_share_right_arm,exercise,0.001128078291235901,0.001128078291235901,0.03822961086201304,0.02950797211375278,False,True
790,A,D13,10,energy_share_right_leg,exercise,0.0008457521269918489,0.0008457521269918489,0.00076707163934406,1.1025725416143273,True,True
790,A,D13,10,energy_share_trunk_spine,exercise,0.0002474310007429066,0.0002474310007429066,0.0007584013714901895,0.3262533666793445,False,True
790,A,D13,11,total_energy_deg2_s2,exercise,8771.227994634683,8771.227994634683,62440.05626808037,0.14047437684835293,False,True
790,A,D13,11,active_link_count,exercise,0.0,0.0,0.0,,False,True
790,A,D13,11,active_region_count,exercise,0.0,0.0,0.20000000000000018,0.0,False,True
790,A,D13,11,participation_entropy_bits,exercise,0.11141241676186642,0.11141241676186642,0.1673258531477142,0.665841020177033,False,True
790,A,D13,11,effective_dimensionality,exercise,0.8289681533396562,0.8289681533396562,0.44099590384923903,1.8797638393100613,True,True
790,A,D13,11,lr_symmetry,exercise,-0.007304562781486612,0.007304562781486612,0.15694846091996928,0.046541155858873536,False,True
790,A,D13,11,regional_coupling,exercise,0.03506974527292887,0.03506974527292887,0.12039718997311903,0.2912837523928828,False,True
790,A,D13,11,trunk_arm_lagged_coupling,exercise,-0.033357742083029274,0.033357742083029274,0.12120952117685121,0.2752072754611293,False,True
790,A,D13,11,energy_share_head_neck,exercise,-0.0022965861885219027,0.0022965861885219027,0.02078829058002936,0.11047498973908702,False,True
790,A,D13,11,energy_share_left_arm,exercise,-0.01323046721656318,0.01323046721656318,0.12156656072644179,0.10883311280258534,False,True
790,A,D13,11,energy_share_left_leg,exercise,0.0003718388565040337,0.0003718388565040337,0.01118694263781177,0.03323864871240347,False,True
790,A,D13,11,energy_share_right_arm,exercise,0.018461701537966557,0.018461701537966557,0.15970879349770878,0.11559602407384921,False,True
790,A,D13,11,energy_share_right_leg,exercise,0.0018544667782628716,0.0018544667782628716,0.009309843174996283,0.19919420159981502,False,True
790,A,D13,11,energy_share_trunk_spine,exercise,-0.005160953767648493,0.005160953767648493,0.012278242773345254,0.4203332563884768,False,True
790,A,D13,12,total_energy_deg2_s2,exercise,23620.04030549107,23620.04030549107,45502.97354901032,0.5190878411506539,False,True
790,A,D13,12,active_link_count,exercise,0.0,0.0,0.0,,False,True
790,A,D13,12,active_region_count,exercise,0.0,0.0,0.2999999999999998,0.0,False,True
790,A,D13,12,participation_entropy_bits,exercise,-0.24666156023767494,0.24666156023767494,0.17446486179837573,1.413817990024461,True,True
790,A,D13,12,effective_dimensionality,exercise,-0.7428745613767731,0.7428745613767731,0.841094804106608,0.8832233390929549,False,True
790,A,D13,12,lr_symmetry,exercise,-0.057300152604340515,0.057300152604340515,0.022838172235066234,2.508964028056527,True,True
790,A,D13,12,regional_coupling,exercise,0.054253687985978655,0.054253687985978655,0.09496961559023408,0.5712741664667502,False,True
790,A,D13,12,trunk_arm_lagged_coupling,exercise,0.008340822186548191,0.008340822186548191,0.2245899004073046,0.037138010976547516,False,True
790,A,D13,12,energy_share_head_neck,exercise,-0.014335876951281336,0.014335876951281336,0.030919705087208114,0.4636485668555835,False,True
790,A,D13,12,energy_share_left_arm,exercise,-0.03682043806314156,0.03682043806314156,0.1962154360274031,0.18765311643472984,False,True
790,A,D13,12,energy_share_left_leg,exercise,-0.007142341244741578,0.007142341244741578,0.017175659039324432,0.4158408843811391,False,True
790,A,D13,12,energy_share_right_arm,exercise,0.06993674449783366,0.06993674449783366,0.19093482156860764,0.3662859604302385,False,True
790,A,D13,12,energy_share_right_leg,exercise,0.0009438967357921213,0.0009438967357921213,0.016237603725766887,0.058130297532405256,False,True
790,A,D13,12,energy_share_trunk_spine,exercise,-0.012581984974461238,0.012581984974461238,0.00585916544350654,2.147402235996819,True,True
790,A,D13,13,total_energy_deg2_s2,exercise,3397.683496636455,3397.683496636455,50391.086952588346,0.06742627917181557,False,True
790,A,D13,13,active_link_count,exercise,0.0,0.0,0.0,,False,True
790,A,D13,13,active_region_count,exercise,-0.04761904761904834,0.04761904761904834,0.11111111111111072,0.42857142857143654,False,True
790,A,D13,13,participation_entropy_bits,exercise,0.3591403906205368,0.3591403906205368,0.109486712129927,3.28021897483183,True,True
790,A,D13,13,effective_dimensionality,exercise,2.9815262532161153,2.9815262532161153,1.126415994816341,2.646913988204016,True,True
790,A,D13,13,lr_symmetry,exercise,0.046115522742011805,0.046115522742011805,0.07627710450062486,0.6045788319302816,False,True
790,A,D13,13,regional_coupling,exercise,0.011378454661425424,0.011378454661425424,0.05445435130042764,0.20895400256721205,False,True
790,A,D13,13,trunk_arm_lagged_coupling,exercise,0.0223714915069968,0.0223714915069968,0.09966386895317675,0.22446942650307092,False,True
790,A,D13,13,energy_share_head_neck,exercise,0.002533731774555792,0.002533731774555792,0.008883248161590113,0.2852258237601966,False,True
790,A,D13,13,energy_share_left_arm,exercise,-0.15968968649076937,0.15968968649076937,0.0854371920313759,1.8690886567541338,True,True
790,A,D13,13,energy_share_left_leg,exercise,0.1464138410584746,0.1464138410584746,0.09688375403999419,1.5112321204856916,True,True
790,A,D13,13,energy_share_right_arm,exercise,-0.05726655560099689,0.05726655560099689,0.018841536601868214,3.039378199935067,True,True
790,A,D13,13,energy_share_right_leg,exercise,0.07726050140090258,0.07726050140090258,0.019253173701792747,4.012870947801636,True,True
790,A,D13,13,energy_share_trunk_spine,exercise,-0.009251832142166735,0.009251832142166735,0.006945878026794024,1.331988858208767,True,True
790,B,D13,9,total_energy_deg2_s2,exercise,-855.943527774245,855.943527774245,54740.807239567104,0.015636297141697283,False,True
790,B,D13,9,active_link_count,exercise,0.0,0.0,0.0,,False,True
790,B,D13,9,active_region_count,exercise,0.0,0.0,0.0,,False,True
790,B,D13,9,participation_entropy_bits,exercise,-0.16417030973387714,0.16417030973387714,0.2668397660714392,0.6152392956675166,False,True
790,B,D13,9,effective_dimensionality,exercise,-0.2879506251370634,0.2879506251370634,0.46166127214174146,0.6237270538228197,False,True
790,B,D13,9,lr_symmetry,exercise,0.06498451011229767,0.06498451011229767,0.035459488658666216,1.8326409254752636,True,True
790,B,D13,9,regional_coupling,exercise,-0.15535767997398262,0.15535767997398262,0.23638495043663738,0.6572232271429056,False,True
790,B,D13,9,trunk_arm_lagged_coupling,exercise,-0.36203699337841533,0.36203699337841533,0.33584764062141664,1.0779798622629615,True,True
790,B,D13,9,energy_share_head_neck,exercise,-0.0006125860174543887,0.0006125860174543887,0.0006898356944126636,0.8880172806597859,False,True
790,B,D13,9,energy_share_left_arm,exercise,-0.059417861796960625,0.059417861796960625,0.09882662681215082,0.601233328644332,False,True
790,B,D13,9,energy_share_left_leg,exercise,-0.00011389199832299149,0.00011389199832299149,0.00012713196134724503,0.895856534549245,False,True
790,B,D13,9,energy_share_right_arm,exercise,0.06050398929938211,0.06050398929938211,0.1000889345070502,0.6045022818693334,False,True
790,B,D13,9,energy_share_right_leg,exercise,-3.787271018533032e-05,3.787271018533032e-05,7.193055523527557e-05,0.5265176955947799,False,True
790,B,D13,9,energy_share_trunk_spine,exercise,-0.00032177677645877923,0.00032177677645877923,0.0003734094839040415,0.861726309397833,False,True
790,B,D13,10,total_energy_deg2_s2,exercise,-31757.795868120127,31757.795868120127,252849.75675446997,0.12559947170112792,False,True
790,B,D13,10,active_link_count,exercise,0.0,0.0,0.0,,False,True
790,B,D13,10,active_region_count,exercise,-0.2142857142857144,0.2142857142857144,0.3999999999999999,0.5357142857142861,False,True
790,B,D13,10,participation_entropy_bits,exercise,0.03913393074129523,0.03913393074129523,0.04336088593122511,0.9025168628557481,False,True
790,B,D13,10,effective_dimensionality,exercise,0.30663068790424397,0.30663068790424397,0.2604761803092961,1.1771928148675355,True,True
790,B,D13,10,lr_symmetry,exercise,0.08858465928554116,0.08858465928554116,0.0928176261675413,0.9543947948597674,False,True
790,B,D13,10,regional_coupling,exercise,-0.049658096292752085,0.049658096292752085,0.014712976422744911,3.3751223998418993,True,True
790,B,D13,10,trunk_arm_lagged_coupling,exercise,0.03187149534249467,0.03187149534249467,0.14324210823647676,0.2225008814438725,False,True
790,B,D13,10,energy_share_head_neck,exercise,-0.0007910031081380729,0.0007910031081380729,0.0004244359859828127,1.8636570278235178,True,True
790,B,D13,10,energy_share_left_arm,exercise,-0.05892667198086654,0.05892667198086654,0.039223199811142084,1.5023422939636688,True,True
790,B,D13,10,energy_share_left_leg,exercise,-0.00014433433588193287,0.00014433433588193287,0.0023141088240575735,0.06237145564695445,False,True
790,B,D13,10,energy_share_right_arm,exercise,0.06060783845997347,0.06060783845997347,0.03822961086201304,1.5853637296684235,True,True
790,B,D13,10,energy_share_right_leg,exercise,-5.9002029807744e-05,5.9002029807744e-05,0.00076707163934406,0.07691853900138708,False,True
790,B,D13,10,energy_share_trunk_spine,exercise,-0.000686827005279183,0.000686827005279183,0.0007584013714901895,0.9056246877951059,False,True
790,B,D13,11,total_energy_deg2_s2,exercise,-83490.74116989021,83490.74116989021,62440.05626808037,1.3371343038422443,True,True
790,B,D13,11,active_link_count,exercise,0.0,0.0,0.0,,False,True
790,B,D13,11,active_region_count,exercise,0.40000000000000036,0.40000000000000036,0.20000000000000018,2.0,True,True
790,B,D13,11,participation_entropy_bits,exercise,0.21741953397856184,0.21741953397856184,0.1673258531477142,1.2993780093661036,True,True
790,B,D13,11,effective_dimensionality,exercise,0.7815849283072396,0.7815849283072396,0.44099590384923903,1.7723178865952367,True,True
790,B,D13,11,lr_symmetry,exercise,-0.1485754021812692,0.1485754021812692,0.15694846091996928,0.9466509025343698,False,True
790,B,D13,11,regional_coupling,exercise,-0.16550827095828272,0.16550827095828272,0.12039718997311903,1.3746854971883944,True,True
790,B,D13,11,trunk_arm_lagged_coupling,exercise,0.017345437875510544,0.017345437875510544,0.12120952117685121,0.14310293207249467,False,True
790,B,D13,11,energy_share_head_neck,exercise,0.037968318402565426,0.037968318402565426,0.02078829058002936,1.8264281161742257,True,True
790,B,D13,11,energy_share_left_arm,exercise,0.13722183616134703,0.13722183616134703,0.12156656072644179,1.12877945498626,True,True
790,B,D13,11,energy_share_left_leg,exercise,0.012156377154744366,0.012156377154744366,0.01118694263781177,1.0866576819350011,True,True
790,B,D13,11,energy_share_right_arm,exercise,-0.2200657721552166,0.2200657721552166,0.15970879349770878,1.377918944446686,True,True
790,B,D13,11,energy_share_right_leg,exercise,0.01815544807505018,0.01815544807505018,0.009309843174996283,1.950134683665864,True,True
790,B,D13,11,energy_share_trunk_spine,exercise,0.014563792361509703,0.014563792361509703,0.012278242773345254,1.1861463102135537,True,True
790,B,D13,12,total_energy_deg2_s2,exercise,34862.551951245405,34862.551951245405,45502.97354901032,0.7661598623592295,False,True
790,B,D13,12,active_link_count,exercise,0.0,0.0,0.0,,False,True
790,B,D13,12,active_region_count,exercise,-0.5,0.5,0.2999999999999998,1.6666666666666676,True,True
790,B,D13,12,participation_entropy_bits,exercise,0.08411979026707828,0.08411979026707828,0.17446486179837573,0.4821589252986267,False,True
790,B,D13,12,effective_dimensionality,exercise,0.6577240373678173,0.6577240373678173,0.841094804106608,0.7819856146495127,False,True
790,B,D13,12,lr_symmetry,exercise,-0.016166076142298924,0.016166076142298924,0.022838172235066234,0.707853324508919,False,True
790,B,D13,12,regional_coupling,exercise,-0.11657420686273612,0.11657420686273612,0.09496961559023408,1.2274895095471323,True,True
790,B,D13,12,trunk_arm_lagged_coupling,exercise,0.009846121819543197,0.009846121819543197,0.2245899004073046,0.04384044786380323,False,True
790,B,D13,12,energy_share_head_neck,exercise,0.03470093191712618,0.03470093191712618,0.030919705087208114,1.1222918142088751,True,True
790,B,D13,12,energy_share_left_arm,exercise,0.018452184928614113,0.018452184928614113,0.1962154360274031,0.0940404348516042,False,True
790,B,D13,12,energy_share_left_leg,exercise,-0.00298596216315182,0.00298596216315182,0.017175659039324432,0.17384847686573934,False,True
790,B,D13,12,energy_share_right_arm,exercise,-0.034164838497935224,0.034164838497935224,0.19093482156860764,0.17893456110968708,False,True
790,B,D13,12,energy_share_right_leg,exercise,-0.009278868151551607,0.009278868151551607,0.016237603725766887,0.5714431949603065,False,True
790,B,D13,12,energy_share_trunk_spine,exercise,-0.006723448033101865,0.006723448033101865,0.00585916544350654,1.147509504199642,True,True
790,B,D13,13,total_energy_deg2_s2,exercise,31349.54461224802,31349.54461224802,50391.086952588346,0.6221247944451761,False,True
790,B,D13,13,active_link_count,exercise,0.0,0.0,0.0,,False,True
790,B,D13,13,active_region_count,exercise,-0.06349206349206327,0.06349206349206327,0.11111111111111072,0.5714285714285714,False,True
790,B,D13,13,participation_entropy_bits,exercise,0.2359129091592358,0.2359129091592358,0.109486712129927,2.154717267235862,True,True
790,B,D13,13,effective_dimensionality,exercise,1.5778295253170693,1.5778295253170693,1.126415994816341,1.400752060143047,True,True
790,B,D13,13,lr_symmetry,exercise,-0.04219228141937115,0.04219228141937115,0.07627710450062486,0.5531447699227428,False,True
790,B,D13,13,regional_coupling,exercise,-0.054507455366301444,0.054507455366301444,0.05445435130042764,1.000975203351167,True,True
790,B,D13,13,trunk_arm_lagged_coupling,exercise,0.13506357856222545,0.13506357856222545,0.09966386895317675,1.3551910033281962,True,True
790,B,D13,13,energy_share_head_neck,exercise,0.008531153773505867,0.008531153773505867,0.008883248161590113,0.9603642292009075,False,True
790,B,D13,13,energy_share_left_arm,exercise,-0.03330262339096257,0.03330262339096257,0.0854371920313759,0.3897907058875781,False,True
790,B,D13,13,energy_share_left_leg,exercise,0.025784443740447013,0.025784443740447013,0.09688375403999419,0.2661379505360934,False,True
790,B,D13,13,energy_share_right_arm,exercise,-0.08065658572966067,0.08065658572966067,0.018841536601868214,4.2807859801447,True,True
790,B,D13,13,energy_share_right_leg,exercise,0.08232185772578203,0.08232185772578203,0.019253173701792747,4.27575520799029,True,True
790,B,D13,13,energy_share_trunk_spine,exercise,-0.002678246119111577,0.002678246119111577,0.006945878026794024,0.38558784199493956,False,True
