fold,seed,participant,timepoint,repetition,exercise_id,n_windows,e0,e1,e2,e3,e4,e5,e6,e7,e8,e9,e10,e11,e12,e13,e14,e15,e16,e17,e18,e19,e20,e21,e22,e23,e24,e25,e26,e27,e28,e29,e30,e31
A,0,252,1,1,9,4,1.7535858154296875,1.6104642152786255,-8.571081161499023,14.541521072387695,2.0312914848327637,2.0162854194641113,0.9146698713302612,-3.3790078163146973,-1.0428035259246826,-0.3843649625778198,-0.6028249859809875,0.6638725399971008,2.8632969856262207,2.8178117275238037,2.5133118629455566,0.221736341714859,-1.3028860092163086,6.177058219909668,-2.39833402633667,0.8317346572875977,1.4233392477035522,2.3690414428710938,1.2576318979263306,-4.343183994293213,9.102189064025879,-4.655531406402588,-4.981833457946777,-0.4165031313896179,4.98707389831543,1.733756184577942,-2.6528589725494385,6.145488739013672
A,0,252,1,1,10,5,1.4940779209136963,0.9962490797042847,-8.027889251708984,13.408906936645508,1.9852855205535889,1.6372098922729492,0.6456066370010376,-2.8770833015441895,-1.1174440383911133,-0.5823399424552917,-0.5077072381973267,0.5505090951919556,2.8311398029327393,2.4256255626678467,2.37872576713562,0.07776788622140884,-1.2520840167999268,5.689570426940918,-2.3183460235595703,0.7508231997489929,1.3420734405517578,2.2805256843566895,1.1394168138504028,-3.6743111610412598,8.279967308044434,-4.055779933929443,-4.305879592895508,-0.4508857727050781,4.275753498077393,1.4986941814422607,-2.2250304222106934,5.36621618270874
A,0,252,1,1,11,5,1.5971753597259521,1.1546542644500732,-8.194101333618164,13.960522651672363,1.935957670211792,2.14097261428833,0.6973613500595093,-3.339911937713623,-1.0733792781829834,-0.6569611430168152,-0.4813101887702942,0.8463312387466431,2.707303524017334,2.7147300243377686,2.868006944656372,-0.09579883515834808,-1.0023151636123657,5.8170671463012695,-2.5831634998321533,0.8295409083366394,1.3905893564224243,2.2750356197357178,1.138680100440979,-4.192540168762207,8.875846862792969,-4.5877861976623535,-4.660055637359619,-0.012873521074652672,4.598027229309082,1.7647819519042969,-2.214169979095459,5.617615222930908
A,0,252,1,1,12,4,1.4271310567855835,1.1614657640457153,-8.592986106872559,14.878976821899414,2.149651050567627,2.5113296508789062,0.47623565793037415,-3.4253196716308594,-1.0294840335845947,-0.8213711977005005,-0.5400439500808716,0.8233866095542908,2.881096839904785,2.81278395652771,2.835435390472412,-0.26036980748176575,-0.8686093091964722,5.54050350189209,-2.985694408416748,1.2269123792648315,1.524906873703003,2.598672389984131,1.4435001611709595,-4.842443466186523,9.451606750488281,-5.155750274658203,-4.8130035400390625,-0.05398697778582573,5.102931499481201,1.4566419124603271,-2.313948392868042,5.918903350830078
A,0,252,1,1,13,5,1.2643698453903198,1.1561890840530396,-8.443523406982422,14.599278450012207,1.9665638208389282,2.04479718208313,0.2918322682380676,-2.923764228820801,-1.013519525527954,-0.6143530011177063,-0.2584802508354187,0.8505715131759644,2.70935320854187,2.7919163703918457,2.6228325366973877,-0.2816092371940613,-1.323746919631958,5.4785614013671875,-2.6418848037719727,0.999031662940979,1.3554662466049194,2.1256072521209717,1.1578330993652344,-4.710105895996094,9.022305488586426,-5.023552417755127,-4.964690208435059,-0.3415137231349945,4.791971683502197,1.8399343490600586,-2.4966249465942383,5.802002906799316
A,0,252,1,2,9,4,1.8300457000732422,1.7983901500701904,-8.983675956726074,15.509257316589355,2.2126762866973877,2.3964107036590576,0.8182597160339355,-3.786827564239502,-1.0153324604034424,-0.3986406922340393,-0.6076054573059082,0.928106427192688,3.0506269931793213,3.13248348236084,2.8840291500091553,0.06240984424948692,-1.3171430826187134,6.307435989379883,-2.7290825843811035,1.1134567260742188,1.4681050777435303,2.5207443237304688,1.4767130613327026,-4.819377422332764,9.761014938354492,-5.373264789581299,-5.3540239334106445,-0.32438045740127563,5.596477031707764,1.6607789993286133,-2.8459744453430176,6.547503471374512
A,0,252,1,2,10,5,1.183236837387085,0.8981855511665344,-8.414112091064453,14.34034538269043,2.2517685890197754,1.9492120742797852,0.3412575423717499,-2.715846538543701,-0.9009555578231812,-0.7692445516586304,-0.3240406811237335,0.5704920291900635,3.04602313041687,2.6828207969665527,2.2880139350891113,-0.21157915890216827,-1.3114235401153564,5.40378999710083,-2.6191909313201904,1.3060855865478516,1.4853923320770264,2.5986380577087402,1.452387809753418,-4.4278154373168945,8.850533485412598,-4.710646629333496,-4.5723137855529785,-0.5975872278213501,4.6853203773498535,1.2985470294952393,-2.4207489490509033,5.614354133605957
A,0,252,1,2,11,5,1.0832479000091553,0.9736608266830444,-8.300504684448242,14.265902519226074,2.0591647624969482,2.275602102279663,0.2586972713470459,-2.940276622772217,-0.6210305690765381,-0.774139404296875,-0.20624668896198273,0.8319656252861023,2.6871142387390137,2.715914011001587,2.480699062347412,-0.5979141592979431,-1.0989668369293213,5.131308078765869,-2.712615489959717,1.2623851299285889,1.5769641399383545,2.3656458854675293,1.3026009798049927,-4.903103828430176,8.990506172180176,-4.95894718170166,-4.582612037658691,-0.13544781506061554,4.693763256072998,1.6354258060455322,-2.352785110473633,5.484061241149902
A,0,252,1,2,12,3,1.2174150943756104,1.0356749296188354,-7.765516757965088,13.233428955078125,1.887794852256775,1.8479989767074585,0.5820584893226624,-2.690077781677246,-0.6369995474815369,-0.5932376980781555,-0.261636883020401,0.8005581498146057,2.2929515838623047,2.537019729614258,2.2715370655059814,-0.36277851462364197,-1.1705573797225952,5.075420379638672,-2.250148296356201,1.070216178894043,1.4731696844100952,2.112217664718628,1.105364203453064,-4.456861972808838,8.166391372680664,-4.294464588165283,-4.379868507385254,-0.11211084574460983,4.145256996154785,2.0084550380706787,-2.369307279586792,5.1516337394714355
A,0,252,1,2,13,8,1.2192786931991577,1.1367576122283936,-8.760146141052246,15.349864959716797,2.1808059215545654,2.531686305999756,0.27425694465637207,-3.108062982559204,-0.7501494288444519,-0.9097024202346802,-0.23504731059074402,0.9433872699737549,2.8829879760742188,3.030214309692383,2.703648805618286,-0.5949026346206665,-1.070786952972412,5.318061351776123,-3.004581928253174,1.4652652740478516,1.5412909984588623,2.445951461791992,1.5186235904693604,-5.4561004638671875,9.701000213623047,-5.5463666915893555,-5.171525001525879,-0.1326083242893219,5.243691921234131,1.6545679569244385,-2.5013890266418457,6.0337629318237305
A,0,252,2,1,9,4,2.474095344543457,2.4315028190612793,-8.989120483398438,14.963278770446777,1.6508904695510864,1.6840293407440186,1.4476970434188843,-3.635711669921875,-1.1968660354614258,0.2933841049671173,-0.8313938975334167,0.722368597984314,2.77081298828125,3.0422306060791016,2.580951452255249,0.792891263961792,-1.7811235189437866,7.252838611602783,-1.8025286197662354,-0.028167158365249634,1.2403444051742554,1.8034735918045044,0.8463136553764343,-4.0959858894348145,9.351770401000977,-4.65571403503418,-5.69581937789917,-0.568946123123169,5.180170059204102,2.6242873668670654,-3.075605630874634,6.767991065979004
A,0,252,2,1,10,6,2.043010950088501,1.6302598714828491,-8.39100456237793,13.861933708190918,1.7429178953170776,1.4837201833724976,1.1271215677261353,-3.0775699615478516,-1.2478348016738892,-0.09028920531272888,-0.7259413599967957,0.5609484314918518,2.74121356010437,2.6275370121002197,2.4273297786712646,0.5785051584243774,-1.557692527770996,6.489376544952393,-1.8944405317306519,0.20936740934848785,1.2381389141082764,1.9682750701904297,0.882093608379364,-3.6476166248321533,8.534510612487793,-4.121756076812744,-4.918763637542725,-0.5478606820106506,4.534411430358887,2.18434739112854,-2.5656747817993164,5.937439441680908
A,0,252,2,1,11,5,1.3947672843933105,1.028577208518982,-7.745574951171875,13.062225341796875,1.7912664413452148,1.8034775257110596,0.6082334518432617,-2.9161529541015625,-1.0695940256118774,-0.41814327239990234,-0.5841482281684875,0.6459844708442688,2.3250317573547363,2.26314115524292,2.4231691360473633,-0.04759844392538071,-1.032975196838379,5.243926048278809,-2.343151092529297,0.6736456155776978,1.3979167938232422,2.1683261394500732,0.9127848744392395,-3.9056859016418457,8.01780891418457,-4.069043159484863,-4.093991279602051,-0.12927952408790588,4.0686821937561035,1.8853414058685303,-2.1599972248077393,5.162120342254639
A,0,252,2,1,12,4,1.4134701490402222,0.9380744099617004,-8.044733047485352,13.63790225982666,2.0200462341308594,2.139406204223633,0.5643190145492554,-3.176255702972412,-1.0089032649993896,-0.6819957494735718,-0.6458339095115662,0.692578136920929,2.578247547149658,2.392200231552124,2.5790576934814453,-0.18707600235939026,-0.7817623019218445,5.192869186401367,-2.6546125411987305,1.0132050514221191,1.4695799350738525,2.4995133876800537,1.247262954711914,-4.239626884460449,8.529319763183594,-4.400524616241455,-4.168118953704834,0.014985524117946625,4.437993049621582,1.4887521266937256,-2.076462507247925,5.334399700164795
A,0,252,2,1,13,6,1.3057254552841187,1.137697696685791,-8.269227981567383,14.249430656433105,1.902675986289978,2.2350990772247314,0.45072996616363525,-3.0450875759124756,-0.9034020304679871,-0.6394535899162292,-0.3540627956390381,0.8246849179267883,2.5429253578186035,2.6705799102783203,2.5971460342407227,-0.33813178539276123,-1.037449598312378,5.355709075927734,-2.6686880588531494,0.9770289063453674,1.4832558631896973,2.2449872493743896,1.1326886415481567,-4.747317790985107,8.948200225830078,-4.9233269691467285,-4.723532199859619,-0.056975316256284714,4.698252201080322,1.8350472450256348,-2.3434994220733643,5.655894756317139
A,0,252,2,2,9,4,2.0486440658569336,1.9441691637039185,-9.25866985321045,16.02597427368164,2.212240219116211,2.6555261611938477,0.9956810474395752,-3.993180274963379,-1.1583938598632812,-0.39796924591064453,-0.9058828353881836,0.7311421036720276,3.1397950649261475,3.1635279655456543,2.898651361465454,0.2934546172618866,-1.0821110010147095,6.511244773864746,-2.8628721237182617,1.0422515869140625,1.5730085372924805,2.7463974952697754,1.552101731300354,-5.057050704956055,10.241740226745605,-5.508285999298096,-5.462608337402344,-0.24384813010692596,5.875057220458984,1.652247667312622,-2.7839202880859375,6.8270416259765625
A,0,252,2,2,10,5,2.062141180038452,1.491558313369751,-8.641621589660645,14.593507766723633,1.9877898693084717,2.099865436553955,1.0743907690048218,-3.417329788208008,-1.2645426988601685,-0.4564751982688904,-0.9651134610176086,0.5207517743110657,2.844120502471924,2.6887965202331543,2.6285996437072754,0.43693646788597107,-0.9941235780715942,6.16452693939209,-2.4777464866638184,0.6951233148574829,1.4489471912384033,2.4568800926208496,1.2845596075057983,-4.398558139801025,9.20197868347168,-4.519598484039307,-4.877623081207275,-0.21459157764911652,4.990981101989746,1.8768326044082642,-2.330228567123413,6.112280368804932
A,0,252,2,2,11,4,1.421054482460022,1.0706590414047241,-8.51536750793457,14.789607048034668,2.1863934993743896,2.8359053134918213,0.5011289715766907,-3.6932573318481445,-0.9833988547325134,-0.9478647112846375,-0.6876593828201294,0.8541924953460693,2.7109715938568115,2.69521164894104,3.005535840988159,-0.38862693309783936,-0.4392768442630768,5.243255615234375,-3.243922710418701,1.3735206127166748,1.6591383218765259,2.8217005729675293,1.5278164148330688,-5.134943008422852,9.54581356048584,-5.223631858825684,-4.534070014953613,0.3372984826564789,5.1884446144104,1.4137415885925293,-2.1327052116394043,5.775192737579346
A,0,252,2,2,12,4,1.5377057790756226,1.133365273475647,-8.61068058013916,14.899192810058594,2.174105644226074,2.825526714324951,0.6036968231201172,-3.74957275390625,-1.1421390771865845,-0.9140641689300537,-0.7459468841552734,0.7576814293861389,2.854461669921875,2.7326412200927734,3.0173981189727783,-0.20413871109485626,-0.4788118302822113,5.545182228088379,-3.2057859897613525,1.2448128461837769,1.6378092765808105,2.866837739944458,1.5052374601364136,-4.909178733825684,9.6524076461792,-5.196558475494385,-4.633646488189697,0.24265509843826294,5.2278947830200195,1.2949142456054688,-2.120279550552368,5.947390556335449
A,0,252,2,2,13,8,1.3278765678405762,1.3011398315429688,-8.833823204040527,15.415270805358887,2.0981528759002686,2.488241195678711,0.3672075867652893,-3.1762425899505615,-0.7271786332130432,-0.7556030750274658,-0.21040448546409607,0.969336986541748,2.856184244155884,3.1181440353393555,2.712611675262451,-0.5211455225944519,-1.219178557395935,5.583520412445068,-2.864391803741455,1.2901651859283447,1.5344030857086182,2.3198301792144775,1.3944432735443115,-5.369470119476318,9.76884651184082,-5.551104545593262,-5.313684463500977,-0.18308131396770477,5.22867488861084,1.8601499795913696,-2.596977710723877,6.160558223724365
A,0,252,3,1,9,5,1.8546550273895264,1.7034499645233154,-8.901092529296875,15.805035591125488,2.18695068359375,3.044992446899414,0.8553165197372437,-4.003788948059082,-0.7308666110038757,-0.7343224883079529,-0.640740692615509,0.9603582620620728,2.9027276039123535,3.3431811332702637,2.9511122703552246,-0.15007725358009338,-0.6841745376586914,5.889578819274902,-3.032332181930542,1.3905580043792725,1.6107890605926514,2.7006826400756836,1.7835779190063477,-5.671333312988281,10.32940673828125,-5.944815635681152,-5.469560146331787,0.25553637742996216,5.9060163497924805,1.574858546257019,-2.6424574851989746,6.662821292877197
A,0,252,3,1,10,5,1.8914190530776978,1.475725769996643,-8.428114891052246,15.118341445922852,2.141003131866455,2.9099342823028564,0.9627750515937805,-3.893228054046631,-0.8115141987800598,-0.8146286010742188,-0.7952872514724731,1.0647928714752197,2.586413621902466,3.156956434249878,3.0184130668640137,-0.12860094010829926,-0.4576437473297119,5.5717291831970215,-3.0006308555603027,1.4110772609710693,1.5352123975753784,2.6250052452087402,1.7220805883407593,-5.419573783874512,9.754446983337402,-5.534883499145508,-5.166219234466553,0.4975035786628723,5.505555152893066,1.7447292804718018,-2.3951125144958496,6.272217273712158
A,0,252,3,1,11,5,2.0143258571624756,1.7320419549942017,-8.349762916564941,14.488369941711426,1.7949517965316772,2.1031041145324707,1.1585099697113037,-3.3542563915252686,-0.6414082646369934,-0.34327271580696106,-0.49025577306747437,1.0980740785598755,2.3793530464172363,3.1467602252960205,2.6481871604919434,0.002812552498653531,-1.2429554462432861,5.980937957763672,-2.1436803340911865,0.8623803853988647,1.332802176475525,1.9088599681854248,1.2655097246170044,-4.95167875289917,9.091495513916016,-4.973479270935059,-5.429947376251221,0.10674414783716202,4.959280014038086,2.5031991004943848,-2.7300660610198975,6.138714790344238
A,0,252,3,1,12,4,1.6747316122055054,1.7243667840957642,-8.28817081451416,14.134688377380371,1.700615406036377,1.8387846946716309,0.7548012137413025,-3.1981592178344727,-0.7130216956138611,-0.07287882268428802,-0.29227373003959656,1.0032055377960205,2.370492935180664,3.0033864974975586,2.5525963306427,-0.07672090083360672,-1.6169061660766602,6.018309593200684,-2.051278829574585,0.5421024560928345,1.336059331893921,1.7340481281280518,0.8880439400672913,-4.386586666107178,8.789847373962402,-4.782281875610352,-5.13156270980835,-0.2657541334629059,4.567353248596191,2.519252061843872,-2.8290562629699707,5.92278528213501
A,0,252,3,1,13,6,1.8169111013412476,1.4655948877334595,-8.329621315002441,14.649331092834473,1.8516942262649536,2.4056434631347656,0.9374814033508301,-3.5291574001312256,-0.9978358745574951,-0.6030922532081604,-0.5222938656806946,1.0774980783462524,2.555434226989746,3.122346878051758,3.0506465435028076,-0.10711819678544998,-0.9347384572029114,5.934718608856201,-2.553300142288208,0.9005134105682373,1.3223787546157837,2.1339898109436035,1.2215043306350708,-4.874311923980713,9.329753875732422,-5.2136945724487305,-5.328920841217041,0.31325778365135193,5.110908031463623,2.108157157897949,-2.4327640533447266,6.101857662200928
A,0,252,3,2,9,4,1.839585542678833,1.8249163627624512,-9.153346061706543,16.046472549438477,2.110656499862671,2.955238103866577,0.7743327021598816,-4.051626205444336,-0.6736247539520264,-0.5899982452392578,-0.5652114152908325,0.9121021032333374,2.839740514755249,3.3772194385528564,2.8942761421203613,-0.15430767834186554,-0.8423299789428711,6.08012580871582,-2.9293477535247803,1.18271005153656,1.666271448135376,2.5920143127441406,1.6455416679382324,-5.776400566101074,10.514742851257324,-5.934933662414551,-5.536068916320801,0.17658953368663788,5.867762565612793,1.8130128383636475,-2.7781240940093994,6.738986492156982
A,0,252,3,2,10,5,1.4315762519836426,1.2557626962661743,-8.32237434387207,14.895365715026855,2.1331207752227783,2.7549118995666504,0.5633516311645508,-3.523561477661133,-0.618096649646759,-0.767436683177948,-0.50726318359375,0.9683065414428711,2.470813035964966,2.924269199371338,2.6958682537078857,-0.48511385917663574,-0.6011697053909302,5.043295383453369,-2.9985809326171875,1.4796417951583862,1.5692987442016602,2.5773942470550537,1.6329237222671509,-5.53068733215332,9.453585624694824,-5.540234565734863,-4.852229118347168,0.34964674711227417,5.3025994300842285,1.5980547666549683,-2.4573378562927246,5.958183765411377
A,0,252,3,2,11,5,1.445225715637207,1.565580129623413,-8.193567276000977,14.539998054504395,1.8754886388778687,2.4310905933380127,0.732117772102356,-3.105628490447998,-0.23522980511188507,-0.44049111008644104,-0.1886724978685379,1.1260550022125244,2.225778818130493,3.104562997817993,2.373922109603882,-0.5493806600570679,-1.1386680603027344,5.193356513977051,-2.3887691497802734,1.3010118007659912,1.5283600091934204,2.0404980182647705,1.330217957496643,-5.594047546386719,9.158016204833984,-5.381832122802734,-5.19413423538208,0.16743972897529602,4.937623023986816,2.3733935356140137,-2.83575701713562,5.94264554977417
A,0,252,3,2,12,4,1.8997032642364502,1.8686473369598389,-8.356245040893555,14.436325073242188,1.65834641456604,2.0908896923065186,1.002076268196106,-3.400432586669922,-0.6088570356369019,-0.12381254881620407,-0.45710739493370056,1.0826869010925293,2.2300803661346436,3.064344882965088,2.572096824645996,-0.11881118267774582,-1.336601972579956,5.969405174255371,-2.0953779220581055,0.607437014579773,1.3831977844238281,1.732225775718689,1.016677737236023,-4.892223358154297,9.07302474975586,-4.967263221740723,-5.310691833496094,0.07521791011095047,4.835655689239502,2.6448700428009033,-2.8057291507720947,6.101686477661133
A,0,252,3,2,13,6,1.5858148336410522,1.5740299224853516,-8.439887046813965,14.759474754333496,1.731141209602356,2.088822841644287,0.6761482357978821,-3.1424877643585205,-0.863193690776825,-0.38020822405815125,-0.23578085005283356,1.0588880777359009,2.5136401653289795,3.1453781127929688,2.7829692363739014,-0.22215163707733154,-1.4179600477218628,5.935672760009766,-2.3460237979888916,0.7540549635887146,1.2988604307174683,1.7971258163452148,0.9902533888816833,-4.985767364501953,9.2542085647583,-5.235652446746826,-5.48145055770874,-0.02197464555501938,5.0068488121032715,2.4337594509124756,-2.756941795349121,6.10160493850708
A,0,651,1,1,9,4,1.5768184661865234,1.283903956413269,-8.86391544342041,15.132028579711914,2.239168882369995,2.796192169189453,0.737558126449585,-3.8678231239318848,-1.1737021207809448,-0.8311002254486084,-0.7732880115509033,0.6167286038398743,3.2090201377868652,2.739417791366577,2.895836353302002,-0.041047800332307816,-0.5973528027534485,6.006653785705566,-3.202625274658203,1.0861740112304688,1.6305274963378906,3.0216786861419678,1.5301448106765747,-4.608582496643066,9.892913818359375,-5.123354434967041,-4.692859172821045,-0.048389945179224014,5.381904125213623,1.0193142890930176,-2.258880138397217,6.216549873352051
A,0,651,1,1,10,5,1.3539727926254272,1.1972976922988892,-8.717846870422363,14.994044303894043,2.263422966003418,2.6745944023132324,0.4523305296897888,-3.7876880168914795,-1.1787469387054443,-0.7918835282325745,-0.5695172548294067,0.7337921857833862,3.3442821502685547,2.6981499195098877,2.907163143157959,-0.21991240978240967,-0.828865647315979,5.954056262969971,-3.1815695762634277,1.1137819290161133,1.5605390071868896,2.930387020111084,1.5087220668792725,-4.299389839172363,9.714332580566406,-5.267746925354004,-4.567867279052734,-0.20142678916454315,5.361504554748535,0.7704415917396545,-2.423818826675415,6.065000057220459
A,0,651,1,1,11,5,1.4765642881393433,1.242578387260437,-7.6255645751953125,12.661140441894531,1.686806082725525,1.4610058069229126,0.8485434651374817,-2.6501729488372803,-0.7000982761383057,-0.28781789541244507,-0.381680965423584,0.742652416229248,2.187222480773926,2.4177680015563965,2.108142375946045,-0.022908754646778107,-1.3942196369171143,5.466814994812012,-1.7842079401016235,0.595565676689148,1.3652962446212769,1.8293302059173584,0.8325897455215454,-3.8467438220977783,7.741143703460693,-3.7857329845428467,-4.3271613121032715,-0.2845652103424072,3.858905792236328,2.265702724456787,-2.414736270904541,5.109609127044678
A,0,651,1,1,12,4,1.5239651203155518,1.2571824789047241,-7.910495758056641,13.365825653076172,1.7611626386642456,1.9077961444854736,0.8074678182601929,-3.0139541625976562,-0.8206775188446045,-0.478066623210907,-0.5073588490486145,0.7835446000099182,2.310056447982788,2.488691568374634,2.4223790168762207,-0.10211388766765594,-1.0553507804870605,5.414859294891357,-2.2329537868499756,0.7317941188812256,1.4277409315109253,2.057999610900879,1.0401477813720703,-4.322033405303955,8.304152488708496,-4.280731201171875,-4.520794868469238,-0.010178521275520325,4.3628950119018555,2.051107883453369,-2.307316541671753,5.404270648956299
A,0,651,1,1,13,6,1.5192407369613647,1.3010796308517456,-8.035572052001953,13.569647789001465,1.7460781335830688,1.649870753288269,0.7217443585395813,-2.7832090854644775,-0.8408377170562744,-0.40826404094696045,-0.400842547416687,0.7861701846122742,2.391972541809082,2.590237617492676,2.3259007930755615,-0.09939858317375183,-1.3565882444381714,5.533313274383545,-2.0899364948272705,0.6700639724731445,1.3131349086761475,1.861045241355896,0.9807010293006897,-4.311174392700195,8.310320854187012,-4.310303211212158,-4.766722202301025,-0.25801315903663635,4.390190601348877,2.1457810401916504,-2.4239718914031982,5.489063262939453
A,0,651,1,2,9,4,1.783350944519043,1.2541412115097046,-9.054306030273438,15.372928619384766,2.3600330352783203,2.791841983795166,0.8397024869918823,-3.9505324363708496,-1.3109967708587646,-0.9708526134490967,-0.8438753485679626,0.5393730998039246,3.4931960105895996,2.8234386444091797,3.013770580291748,0.14823906123638153,-0.5705660581588745,6.28843355178833,-3.272059917449951,1.1434251070022583,1.5932167768478394,3.1761536598205566,1.7029500007629395,-4.543600082397461,10.123353004455566,-5.146268844604492,-4.835299015045166,-0.1346535086631775,5.609165191650391,0.8009722828865051,-2.165717601776123,6.369598388671875
A,0,651,1,2,10,5,1.6648492813110352,1.45369553565979,-8.619982719421387,14.627836227416992,2.0756137371063232,2.0961713790893555,0.7446086406707764,-3.4061598777770996,-1.0485652685165405,-0.526658833026886,-0.4731844961643219,0.730808436870575,3.2055160999298096,2.8298707008361816,2.633233070373535,0.05141883343458176,-1.3369711637496948,6.325559139251709,-2.502457618713379,0.8231667280197144,1.4288736581802368,2.4167490005493164,1.3537229299545288,-4.121960163116455,9.313410758972168,-4.887143611907959,-4.925734519958496,-0.4487246870994568,5.115851879119873,1.3761829137802124,-2.652333974838257,6.086318016052246
A,0,651,1,2,11,5,2.230497121810913,1.7985079288482666,-8.271326065063477,13.95313835144043,1.672865629196167,1.8002374172210693,1.4158921241760254,-3.372892379760742,-1.0398385524749756,-0.28324446082115173,-0.7185018062591553,0.8753352165222168,2.5042736530303955,2.941805124282837,2.699694871902466,0.41104060411453247,-1.3015567064285278,6.516938209533691,-1.9129031896591187,0.39073216915130615,1.2860956192016602,1.8260955810546875,0.9828937649726868,-4.1990203857421875,8.79744815826416,-4.325319290161133,-5.3154191970825195,-0.04926968738436699,4.7335381507873535,2.5155673027038574,-2.5194272994995117,6.064192771911621
A,0,651,1,2,12,3,1.8856538534164429,1.5613069534301758,-8.421555519104004,14.224007606506348,1.7779978513717651,1.9794353246688843,1.0415021181106567,-3.2762489318847656,-0.9800222516059875,-0.42451873421669006,-0.5996149182319641,0.8051503300666809,2.6110708713531494,2.8354175090789795,2.625530958175659,0.11255934089422226,-1.217373251914978,6.122818470001221,-2.2242209911346436,0.6152434945106506,1.399161458015442,2.061779022216797,1.0824804306030273,-4.47648811340332,8.971506118774414,-4.611259937286377,-5.118683815002441,-0.07693097740411758,4.846791744232178,2.1444573402404785,-2.4620821475982666,5.958442687988281
A,0,651,1,2,13,7,1.785663366317749,1.4430452585220337,-8.24868106842041,13.919209480285645,1.7435263395309448,1.8378932476043701,0.88045734167099,-3.2072548866271973,-1.0773910284042358,-0.39916011691093445,-0.5770238041877747,0.8039783239364624,2.5539157390594482,2.652665376663208,2.6522133350372314,0.09335555881261826,-1.2137919664382935,5.942753314971924,-2.2345492839813232,0.5274986028671265,1.3012504577636719,1.9722185134887695,1.013702630996704,-4.223673343658447,8.691650390625,-4.477555751800537,-4.899087429046631,-0.10397624969482422,4.684040069580078,2.0745747089385986,-2.4051506519317627,5.75287389755249
A,0,651,2,1,9,4,1.8842039108276367,1.1806213855743408,-8.731600761413574,15.261837005615234,2.259495258331299,3.075899124145508,1.0368449687957764,-4.048070907592773,-1.30818772315979,-1.1185637712478638,-0.9252303242683411,0.8045884370803833,3.191866397857666,2.956204652786255,3.307033061981201,-0.0034444183111190796,-0.21856936812400818,6.053854942321777,-3.356417179107666,1.2660982608795166,1.5394519567489624,3.0516433715820312,1.6828348636627197,-4.9011030197143555,10.104530334472656,-5.328874111175537,-5.019322872161865,0.42513418197631836,5.655407905578613,1.0934780836105347,-1.9620070457458496,6.359409332275391
A,0,651,2,1,10,5,1.1737892627716064,0.7636231184005737,-8.662158966064453,15.362218856811523,2.4726574420928955,3.2069103717803955,0.38163191080093384,-3.6459949016571045,-0.9157527089118958,-1.3226426839828491,-0.43345022201538086,0.9380326271057129,3.291968822479248,2.954616069793701,3.1160740852355957,-0.7328156232833862,-0.3847097158432007,5.3610405921936035,-3.6140365600585938,1.7721951007843018,1.6659021377563477,3.1650376319885254,1.8042157888412476,-5.173281192779541,10.077160835266113,-5.758599758148193,-4.736184120178223,0.27069607377052307,5.535092353820801,0.7679017186164856,-2.1055214405059814,6.0562615394592285
A,0,651,2,1,11,5,1.330593228340149,1.0690151453018188,-8.362874031066895,14.595138549804688,2.091343879699707,2.750944137573242,0.6507852077484131,-3.3569297790527344,-0.7346636652946472,-0.9833126068115234,-0.3061825633049011,0.9705232381820679,2.8570330142974854,2.8874049186706543,2.8421452045440674,-0.5373122096061707,-0.7100385427474976,5.498797416687012,-2.988330125808716,1.3540745973587036,1.6004998683929443,2.6031177043914795,1.4383447170257568,-5.059013366699219,9.517179489135742,-5.2649970054626465,-4.861123085021973,0.23709341883659363,5.0923871994018555,1.5328937768936157,-2.296405076980591,5.869162559509277
A,0,651,2,1,12,4,1.524155855178833,1.1004999876022339,-8.389724731445312,14.678110122680664,1.992701530456543,2.5967752933502197,0.7674710750579834,-3.374579906463623,-0.9347909688949585,-0.970894455909729,-0.3673800528049469,0.9966986179351807,2.799839973449707,3.021751642227173,3.0574586391448975,-0.42262354493141174,-0.7508816719055176,5.803814888000488,-2.8613715171813965,1.0963661670684814,1.4740307331085205,2.405158519744873,1.2923758029937744,-4.939906120300293,9.525408744812012,-5.2412848472595215,-5.163816928863525,0.3208597004413605,5.131196022033691,1.741689682006836,-2.1783699989318848,5.943628787994385
A,0,651,2,1,13,7,1.2807613611221313,1.069321870803833,-8.46245288848877,14.53425121307373,1.8564493656158447,2.2511284351348877,0.3883782923221588,-3.104869842529297,-1.036085844039917,-0.7392286658287048,-0.22206400334835052,0.8256005048751831,2.7848916053771973,2.754990816116333,2.8035216331481934,-0.4213080406188965,-1.0930713415145874,5.688077449798584,-2.7765941619873047,0.7845501899719238,1.4242037534713745,2.1706204414367676,1.0421870946884155,-4.656290531158447,9.271757125854492,-5.088306427001953,-4.920559406280518,-0.054292671382427216,4.856361389160156,1.7732112407684326,-2.310699224472046,5.797741413116455
A,0,651,2,2,9,5,1.7491753101348877,1.2139012813568115,-8.755464553833008,15.269787788391113,2.2584104537963867,2.9915192127227783,0.8505072593688965,-4.031469821929932,-1.2835991382598877,-1.0113675594329834,-0.8456829786300659,0.7994487285614014,3.175778865814209,2.894986391067505,3.2207961082458496,-0.07659300416707993,-0.38655370473861694,5.971320152282715,-3.3382067680358887,1.2481842041015625,1.5590715408325195,2.99005389213562,1.6438547372817993,-4.846865177154541,10.013444900512695,-5.3581109046936035,-4.915505409240723,0.29040655493736267,5.6080145835876465,1.049720048904419,-2.0894551277160645,6.309450149536133
A,0,651,2,2,10,5,1.2047935724258423,0.897794246673584,-8.69654369354248,15.358915328979492,2.374666452407837,3.1229708194732666,0.38364288210868835,-3.6896471977233887,-0.904556155204773,-1.177733302116394,-0.43482130765914917,0.9511446952819824,3.216576337814331,2.922384023666382,3.0656394958496094,-0.7315678000450134,-0.4919057786464691,5.431479454040527,-3.5201964378356934,1.6179182529449463,1.6770213842391968,3.0357866287231445,1.7101268768310547,-5.159571170806885,10.039119720458984,-5.7169294357299805,-4.755204200744629,0.24910394847393036,5.49431848526001,0.9099439382553101,-2.202385425567627,6.075442314147949
A,0,651,2,2,11,5,1.273856282234192,1.018900990486145,-8.056846618652344,13.909123420715332,1.9522384405136108,2.183133602142334,0.5728193521499634,-3.0015807151794434,-0.8197323679924011,-0.748357892036438,-0.2846434712409973,0.8822194337844849,2.642840623855591,2.6874451637268066,2.630558967590332,-0.4393743872642517,-1.0228662490844727,5.442418098449707,-2.5977578163146973,1.037337064743042,1.4562488794326782,2.2773377895355225,1.1522316932678223,-4.504289627075195,8.789445877075195,-4.758097171783447,-4.648941993713379,0.004986500833183527,4.621943950653076,1.73797607421875,-2.3012027740478516,5.511586666107178
A,0,651,2,2,12,4,1.3065595626831055,0.9465470910072327,-8.483695030212402,14.674158096313477,1.979549765586853,2.5385494232177734,0.3722512125968933,-3.361107110977173,-1.1627466678619385,-0.9303901195526123,-0.3770105540752411,0.8288335800170898,2.908137559890747,2.7185890674591064,3.042670249938965,-0.4501689672470093,-0.738143801689148,5.6354241371154785,-3.1016299724578857,0.9236767292022705,1.4537348747253418,2.456308126449585,1.2078783512115479,-4.6964802742004395,9.482110977172852,-5.189168930053711,-4.792328834533691,0.13890601694583893,5.0558390617370605,1.421565055847168,-2.0849084854125977,5.81194543838501
A,0,651,2,2,13,7,1.4617952108383179,1.1793714761734009,-9.00440502166748,15.77495288848877,2.128263473510742,2.8353915214538574,0.5509809255599976,-3.397900342941284,-0.9177629351615906,-1.066009283065796,-0.2881510555744171,0.9368833899497986,3.204869508743286,3.217608690261841,3.0289762020111084,-0.5356556177139282,-0.8868462443351746,5.948078632354736,-3.122112989425659,1.2637814283370972,1.5467368364334106,2.5414865016937256,1.4900166988372803,-5.43416690826416,10.313234329223633,-5.806089878082275,-5.52269983291626,0.09458954632282257,5.634260654449463,1.5380791425704956,-2.3489928245544434,6.391902446746826
A,0,651,3,1,9,4,1.6136014461517334,1.4189037084579468,-8.773067474365234,14.983678817749023,2.1116526126861572,2.5657153129577637,0.8440426588058472,-3.6201531887054443,-1.060450792312622,-0.6970150470733643,-0.6546632051467896,0.6316186189651489,2.938291549682617,2.8229119777679443,2.7200448513031006,-0.003736250102519989,-0.8393760919570923,6.008018970489502,-2.9024782180786133,0.9914292097091675,1.6139322519302368,2.7059402465820312,1.388306736946106,-4.758795261383057,9.6544189453125,-5.017240524291992,-4.895059108734131,-0.0843166932463646,5.219407081604004,1.4784414768218994,-2.4059150218963623,6.237280368804932
A,0,651,3,1,10,5,1.4316908121109009,1.1571050882339478,-8.212003707885742,13.718093872070312,1.8738806247711182,1.942305326461792,0.6796087026596069,-3.0975215435028076,-1.0745536088943481,-0.5330724120140076,-0.470228374004364,0.52940833568573,2.760294198989868,2.422273635864258,2.4232990741729736,-0.006675527896732092,-1.1076514720916748,5.811079978942871,-2.4716193675994873,0.5862756371498108,1.4589036703109741,2.3103110790252686,1.0424010753631592,-3.930548906326294,8.668107986450195,-4.349684238433838,-4.391211032867432,-0.2844111919403076,4.48940896987915,1.5472192764282227,-2.309706211090088,5.607555866241455
A,0,651,3,1,11,5,1.5186874866485596,1.3541550636291504,-8.129328727722168,13.484234809875488,1.689260482788086,1.552571415901184,0.7191869020462036,-2.826765537261963,-0.8849760293960571,-0.3306761682033539,-0.37818869948387146,0.6178614497184753,2.5264925956726074,2.484210968017578,2.2274861335754395,0.0024742602836340666,-1.4545135498046875,5.822941303253174,-2.064037799835205,0.3843710422515869,1.3800970315933228,1.8415054082870483,0.8788536190986633,-4.014123439788818,8.36998176574707,-4.1669511795043945,-4.5964035987854,-0.41455668210983276,4.335209846496582,2.0998430252075195,-2.5052225589752197,5.517280101776123
A,0,651,3,1,12,4,1.4707750082015991,1.2008881568908691,-8.328962326049805,14.102373123168945,1.9007607698440552,1.9216097593307495,0.6195831894874573,-2.9741134643554688,-0.9709453582763672,-0.6155819296836853,-0.39241737127304077,0.6796175241470337,2.786102771759033,2.614189863204956,2.477391004562378,-0.12203685939311981,-1.2116296291351318,5.7305989265441895,-2.461801052093506,0.7430214881896973,1.3895584344863892,2.16371488571167,1.1672461032867432,-4.350485324859619,8.836694717407227,-4.648863792419434,-4.779232025146484,-0.2963387072086334,4.759256362915039,1.7033833265304565,-2.3997035026550293,5.713578224182129
A,0,651,3,1,13,6,1.5604723691940308,1.5134862661361694,-8.623276710510254,14.640911102294922,1.8323699235916138,1.7758102416992188,0.6513137817382812,-2.872317314147949,-0.9193392395973206,-0.41333460807800293,-0.27824196219444275,0.7557082772254944,2.792221784591675,2.880674123764038,2.406963348388672,-0.05875582993030548,-1.6152127981185913,6.06631326675415,-2.257758855819702,0.6222459077835083,1.3327386379241943,1.8692811727523804,1.0565513372421265,-4.553922176361084,9.085341453552246,-4.855179309844971,-5.285746097564697,-0.5532378554344177,4.909552097320557,2.1166269779205322,-2.7363202571868896,6.066634654998779
A,0,651,3,2,9,4,1.6513359546661377,1.5028421878814697,-8.93359661102295,15.071273803710938,2.0645194053649902,2.382380962371826,0.7843926548957825,-3.5563650131225586,-1.1290318965911865,-0.5878968238830566,-0.5732065439224243,0.5883853435516357,3.0790677070617676,2.862370729446411,2.6984939575195312,0.08350203931331635,-1.1007282733917236,6.263809680938721,-2.766892433166504,0.821459949016571,1.5403488874435425,2.5843911170959473,1.2987611293792725,-4.577375411987305,9.683577537536621,-5.03533935546875,-5.032204627990723,-0.3151981830596924,5.261748313903809,1.4762449264526367,-2.5057969093322754,6.320940017700195
A,0,651,3,2,10,5,1.380359172821045,1.1600927114486694,-8.402436256408691,14.047159194946289,1.9251148700714111,2.004702091217041,0.560642421245575,-3.124737024307251,-1.0658314228057861,-0.556025505065918,-0.39453795552253723,0.5550402998924255,2.9066789150238037,2.529752731323242,2.4818224906921387,-0.0733129009604454,-1.199666142463684,5.895569801330566,-2.5277621746063232,0.6434673070907593,1.4685678482055664,2.354243755340576,1.090198278427124,-4.023262977600098,8.902042388916016,-4.5830841064453125,-4.514411449432373,-0.3583691120147705,4.650656223297119,1.4513357877731323,-2.378352642059326,5.70895528793335
A,0,651,3,2,11,5,1.512136697769165,1.3625015020370483,-8.30472469329834,13.987065315246582,1.8087180852890015,1.938388466835022,0.7564077377319336,-3.0150959491729736,-0.8391968607902527,-0.478436142206192,-0.3393705487251282,0.7247933149337769,2.6769063472747803,2.7159156799316406,2.418738842010498,-0.09214244037866592,-1.324754238128662,5.915955543518066,-2.260101795196533,0.6439740061759949,1.4398713111877441,2.05493426322937,1.0154058933258057,-4.307392120361328,8.844696044921875,-4.573483943939209,-4.82571268081665,-0.2903532385826111,4.610142230987549,1.9843240976333618,-2.5096752643585205,5.761786460876465
A,0,651,3,2,12,4,1.7431782484054565,1.393538475036621,-7.916521072387695,13.175249099731445,1.6243854761123657,1.4242032766342163,0.9754392504692078,-2.852818489074707,-1.0795220136642456,-0.2634361684322357,-0.5209845900535583,0.6600193977355957,2.3370227813720703,2.471665143966675,2.3873019218444824,0.25101709365844727,-1.381994366645813,5.936922073364258,-1.9334702491760254,0.2574380040168762,1.2309104204177856,1.7329628467559814,0.7837757468223572,-3.78114914894104,8.070507049560547,-3.939500331878662,-4.683180332183838,-0.30118733644485474,4.2037129402160645,2.329793930053711,-2.407188653945923,5.499361515045166
A,0,651,3,2,13,6,1.4629979133605957,1.608913779258728,-8.298855781555176,14.027117729187012,1.6304486989974976,1.3048721551895142,0.663669764995575,-2.361368179321289,-0.6029673218727112,-0.1129741296172142,-0.11845432966947556,0.7882049083709717,2.3355648517608643,2.772491455078125,1.9267104864120483,-0.10655790567398071,-1.9762729406356812,5.740779399871826,-1.7250419855117798,0.5154011249542236,1.2762459516525269,1.4189190864562988,0.839030921459198,-4.61155891418457,8.399009704589844,-4.5001654624938965,-5.250508785247803,-0.7006457448005676,4.46425199508667,2.6827590465545654,-2.9705467224121094,5.79889440536499
A,0,671,1,1,9,4,1.8696000576019287,1.4132609367370605,-9.628493309020996,16.37710189819336,2.444655179977417,3.4682154655456543,0.7892487645149231,-4.704641819000244,-1.3679211139678955,-1.0261348485946655,-1.076545238494873,0.6037980318069458,3.5677871704101562,2.9451565742492676,3.45621919631958,-0.035487934947013855,-0.10692897439002991,6.4118781089782715,-3.8398633003234863,1.2022521495819092,1.7862861156463623,3.581237316131592,1.7934329509735107,-5.138232231140137,11.09315299987793,-5.763367652893066,-4.917113304138184,0.3117072880268097,6.2630510330200195,0.5653933882713318,-2.049363136291504,6.752044677734375
A,0,671,1,1,10,5,1.5600954294204712,1.1259633302688599,-8.417525291442871,14.189593315124512,2.048391819000244,2.4897327423095703,0.6714190244674683,-3.81208872795105,-1.1392236948013306,-0.7548043727874756,-0.6763666272163391,0.7600715756416321,2.947812557220459,2.5338032245635986,2.9687225818634033,-0.134743332862854,-0.6050182580947876,5.844126224517822,-2.968928337097168,0.8517395853996277,1.5022399425506592,2.7087321281433105,1.315786600112915,-4.151235103607178,9.284215927124023,-4.729912757873535,-4.307939529418945,0.1489609181880951,4.939091682434082,1.1460187435150146,-2.1457622051239014,5.70679235458374
A,0,671,1,1,11,6,1.6893037557601929,1.3353132009506226,-8.054060935974121,13.320551872253418,1.6988567113876343,1.6808539628982544,0.779449999332428,-3.250168561935425,-1.0603489875793457,-0.3086763322353363,-0.5643647313117981,0.6785235404968262,2.4761040210723877,2.446185827255249,2.5423953533172607,0.12754710018634796,-1.2083032131195068,5.927475452423096,-2.16525936126709,0.3396083116531372,1.3524214029312134,1.9648199081420898,0.8591943383216858,-3.75927996635437,8.396800994873047,-4.0495781898498535,-4.35317850112915,-0.1746317595243454,4.278225898742676,2.00146222114563,-2.3462977409362793,5.414633274078369
A,0,671,1,1,12,5,1.8888599872589111,1.7209889888763428,-8.893239974975586,14.929216384887695,1.780405044555664,2.128807306289673,0.730501651763916,-3.71661114692688,-1.2546343803405762,-0.33521419763565063,-0.6590476632118225,0.7890502214431763,2.777932643890381,2.8725404739379883,2.9674360752105713,0.1201215535402298,-1.241803765296936,6.437984466552734,-2.5442357063293457,0.3403032422065735,1.3967463970184326,2.0210742950439453,0.9474754333496094,-4.430301666259766,9.561980247497559,-4.889256954193115,-5.133423805236816,-0.1730646789073944,5.125207901000977,2.104741096496582,-2.526185989379883,6.248246192932129
A,0,671,1,1,13,6,2.021475076675415,1.8635908365249634,-9.036362648010254,15.286811828613281,1.7862383127212524,2.072049140930176,0.8451494574546814,-3.673022985458374,-1.25528883934021,-0.2880631387233734,-0.6763677597045898,0.8100802302360535,2.8552639484405518,3.008977174758911,2.9067392349243164,0.22613155841827393,-1.372843623161316,6.593015193939209,-2.4772789478302,0.35072898864746094,1.3263386487960815,1.9431309700012207,1.0262947082519531,-4.598855018615723,9.713141441345215,-5.044345855712891,-5.4566216468811035,-0.280726820230484,5.335174560546875,2.1969621181488037,-2.6772563457489014,6.492634296417236
A,0,671,1,2,9,4,1.8960676193237305,1.6228867769241333,-9.61921215057373,16.356990814208984,2.3062169551849365,3.207885265350342,0.7945381999015808,-4.507483005523682,-1.3356618881225586,-0.8178834915161133,-0.9313770532608032,0.6320869326591492,3.531947612762451,3.0450382232666016,3.3052029609680176,0.07012474536895752,-0.5066922903060913,6.636867046356201,-3.524346351623535,1.0109262466430664,1.7169607877731323,3.230546474456787,1.6419665813446045,-5.056244373321533,10.977466583251953,-5.7330217361450195,-5.177898406982422,0.07160229980945587,6.170319080352783,0.9083619713783264,-2.3233044147491455,6.873971462249756
A,0,671,1,2,10,5,1.7920128107070923,1.4722791910171509,-9.159868240356445,15.637043952941895,2.1943411827087402,3.0468106269836426,0.7984117269515991,-4.220476150512695,-1.1764580011367798,-0.8413996696472168,-0.7922000288963318,0.7775706648826599,3.2531535625457764,2.9536144733428955,3.215428113937378,-0.08336005359888077,-0.5411285758018494,6.310125827789307,-3.3107376098632812,1.0264710187911987,1.6896419525146484,2.966304302215576,1.5335052013397217,-4.907849311828613,10.436357498168945,-5.493767738342285,-4.980860233306885,0.19602914154529572,5.710030555725098,1.212275743484497,-2.315349578857422,6.495800971984863
A,0,671,1,2,11,5,1.7108933925628662,1.3364592790603638,-8.156489372253418,13.76771354675293,1.8206793069839478,1.9634414911270142,0.8251748085021973,-3.4017319679260254,-1.1071460247039795,-0.4608538746833801,-0.5935062170028687,0.7892974615097046,2.5867252349853516,2.642881155014038,2.7615463733673096,0.0915769562125206,-1.0710886716842651,5.947909355163574,-2.414280891418457,0.5937498807907104,1.3621786832809448,2.131354808807373,1.0245616436004639,-4.049866676330566,8.724937438964844,-4.359245300292969,-4.593476295471191,-0.059729188680648804,4.554461479187012,1.9226913452148438,-2.330047130584717,5.634035110473633
A,0,671,1,2,12,4,1.84343421459198,1.454831838607788,-9.041178703308105,15.5001220703125,2.0961833000183105,2.4403276443481445,0.8185282349586487,-3.723731517791748,-1.3021446466445923,-0.7797582745552063,-0.6126208305358887,0.7787396311759949,3.1498847007751465,3.1070775985717773,3.1227729320526123,0.06263740360736847,-0.9781391620635986,6.428549766540527,-2.914478063583374,0.8468767404556274,1.3585889339447021,2.4707274436950684,1.3575623035430908,-4.762543201446533,9.992962837219238,-5.272530555725098,-5.436199188232422,-0.12597864866256714,5.577552318572998,1.5608752965927124,-2.3620693683624268,6.503767967224121
A,0,671,1,2,13,6,1.7757495641708374,1.4493852853775024,-8.88791561126709,15.12005615234375,1.9001832008361816,2.3522448539733887,0.6408711075782776,-3.779285192489624,-1.4539955854415894,-0.6021648049354553,-0.7018886208534241,0.7985823750495911,2.9812004566192627,2.823423147201538,3.203730821609497,0.04720145836472511,-0.943673849105835,6.278975009918213,-2.9323880672454834,0.5196086764335632,1.332306981086731,2.2993643283843994,1.11299467086792,-4.475339412689209,9.716617584228516,-5.147132873535156,-5.125196933746338,-0.017320740967988968,5.370510101318359,1.661383032798767,-2.3099682331085205,6.262197494506836
A,0,671,2,1,9,4,1.0493111610412598,0.288327693939209,-8.950393676757812,15.797142028808594,2.917893171310425,3.5253610610961914,0.2347916066646576,-3.7981860637664795,-1.0772552490234375,-1.7555338144302368,-0.6320279240608215,0.7101696729660034,3.7486014366149902,2.852555513381958,3.2049102783203125,-0.7151823043823242,0.10110656172037125,5.109155654907227,-4.127117156982422,2.299685478210449,1.7069367170333862,3.9872961044311523,2.278425931930542,-5.228301048278809,10.44660472869873,-5.883677005767822,-4.413852691650391,0.23906400799751282,5.8679656982421875,-0.22793890535831451,-1.7481889724731445,6.035107612609863
A,0,671,2,1,10,5,1.1309778690338135,0.5748178362846375,-8.330476760864258,14.421318054199219,2.397413730621338,2.7557971477508545,0.3083028197288513,-3.6024441719055176,-1.2295608520507812,-1.1598037481307983,-0.49001550674438477,0.8040415644645691,3.324585437774658,2.613356113433838,3.1359944343566895,-0.4757756292819977,-0.48456859588623047,5.517602920532227,-3.366565227508545,1.389521598815918,1.4741934537887573,3.1232826709747314,1.5256909132003784,-4.071767807006836,9.365537643432617,-5.147869110107422,-4.2180376052856445,0.06336391717195511,5.08420467376709,0.44852572679519653,-1.9481624364852905,5.6163434982299805
A,0,671,2,1,11,5,1.1732184886932373,0.5841971635818481,-8.462746620178223,14.94550895690918,2.4807941913604736,3.170264720916748,0.4899609088897705,-3.5133659839630127,-0.9512754678726196,-1.4353119134902954,-0.5097365379333496,0.8473043441772461,3.2818920612335205,2.8514180183410645,3.0397329330444336,-0.6143350005149841,-0.21636536717414856,5.261349678039551,-3.5253117084503174,1.8300049304962158,1.6619350910186768,3.310102939605713,1.8142210245132446,-4.99538516998291,9.850190162658691,-5.469318389892578,-4.539333343505859,0.3176533281803131,5.332976341247559,0.6416245102882385,-1.91500985622406,5.818606376647949
A,0,671,2,1,12,4,1.450786828994751,0.7000712156295776,-8.668848037719727,15.118367195129395,2.3516011238098145,2.7986764907836914,0.5071165561676025,-3.583085060119629,-1.297642707824707,-1.3323290348052979,-0.5273458957672119,0.8156083822250366,3.446566581726074,2.9076764583587646,3.269012689590454,-0.3492761254310608,-0.49847671389579773,5.8462419509887695,-3.377194404602051,1.3641489744186401,1.4305957555770874,2.963563919067383,1.6451046466827393,-4.583759784698486,9.887784957885742,-5.3925461769104,-4.8660054206848145,0.13333368301391602,5.474452972412109,0.7407044768333435,-1.9197840690612793,5.995787143707275
A,0,671,2,1,13,6,1.538350224494934,1.0574275255203247,-9.41116714477539,16.65660858154297,2.4307212829589844,3.165144920349121,0.35980501770973206,-4.034159183502197,-1.4419485330581665,-1.3228545188903809,-0.56418776512146,0.9787518382072449,3.691720962524414,3.292492151260376,3.6671154499053955,-0.4501897394657135,-0.5392659902572632,6.198385238647461,-3.7932262420654297,1.358028531074524,1.4072595834732056,2.9539806842803955,1.721364974975586,-5.282167434692383,10.959304809570312,-6.256093502044678,-5.566646575927734,0.1342640519142151,6.312906265258789,0.8563094139099121,-2.1836631298065186,6.768976211547852
A,0,671,2,2,9,4,1.5918678045272827,0.8694978952407837,-9.348188400268555,16.493831634521484,2.796313762664795,3.6464481353759766,0.5843544006347656,-4.320356845855713,-1.327559471130371,-1.5168427228927612,-0.8714617490768433,0.7777521014213562,3.9363391399383545,3.1002955436706543,3.5420174598693848,-0.3715595602989197,-0.022699326276779175,5.935909271240234,-4.100783824920654,1.9210610389709473,1.6637448072433472,3.825357675552368,2.2315292358398438,-5.211266994476318,11.004199981689453,-6.179834842681885,-5.0017828941345215,0.2609899044036865,6.412382125854492,-0.018985511735081673,-1.9139339923858643,6.652385234832764
A,0,671,2,2,10,5,1.5079867839813232,1.0618177652359009,-9.280350685119629,16.65456199645996,2.693293809890747,3.767791271209717,0.7393156290054321,-4.123894691467285,-0.9926729202270508,-1.5073401927947998,-0.5730627179145813,1.0189443826675415,3.8674302101135254,3.4448390007019043,3.411839723587036,-0.5599929094314575,-0.2694832682609558,6.041430473327637,-3.871694564819336,2.0631966590881348,1.716895341873169,3.560534715652466,2.175201416015625,-5.606492042541504,11.179644584655762,-6.463061332702637,-5.460668087005615,0.29882311820983887,6.408402442932129,0.44536542892456055,-2.259631395339966,6.858837127685547
A,0,671,2,2,11,5,1.2062774896621704,0.5033057928085327,-8.489133834838867,15.175885200500488,2.573072910308838,3.2983546257019043,0.484539270401001,-3.6815097332000732,-1.1067492961883545,-1.5963317155838013,-0.4323233664035797,0.9868963956832886,3.5256218910217285,3.0166587829589844,3.4058403968811035,-0.6421240568161011,-0.17506884038448334,5.507773399353027,-3.6860523223876953,1.9027318954467773,1.5401138067245483,3.370039701461792,1.9043108224868774,-4.8500189781188965,10.062912940979004,-5.744313716888428,-4.765833854675293,0.3870489001274109,5.587742805480957,0.3979690968990326,-1.8621625900268555,5.954667568206787
A,0,671,2,2,12,5,1.5031362771987915,0.9184842109680176,-8.867238998413086,15.777093887329102,2.39345121383667,3.1086173057556152,0.5791897773742676,-3.808767795562744,-1.1738249063491821,-1.353610873222351,-0.46730154752731323,1.039350986480713,3.446629285812378,3.2679851055145264,3.4907073974609375,-0.5078916549682617,-0.49283188581466675,5.995042324066162,-3.499303102493286,1.5253636837005615,1.4692847728729248,2.954838991165161,1.7133163213729858,-5.0536394119262695,10.398297309875488,-5.890460014343262,-5.32476282119751,0.2942737936973572,5.813595294952393,0.9651213884353638,-2.0966434478759766,6.3542680740356445
A,0,671,2,2,13,8,1.7935833930969238,1.2484939098358154,-9.349016189575195,16.79833221435547,2.390437126159668,3.290891647338867,0.7686981558799744,-4.089630126953125,-1.29774808883667,-1.3165324926376343,-0.511043906211853,1.1964035034179688,3.7238738536834717,3.6374924182891846,3.784047842025757,-0.37060779333114624,-0.602496862411499,6.56191349029541,-3.5898826122283936,1.4673086404800415,1.358710765838623,2.888810157775879,1.8029766082763672,-5.401907444000244,11.118265151977539,-6.4307708740234375,-6.062819480895996,0.28473103046417236,6.459091663360596,1.0854432582855225,-2.312244415283203,6.998595237731934
A,0,671,3,1,9,5,1.4967941045761108,1.0763256549835205,-10.304718017578125,18.885845184326172,3.167762517929077,5.034432411193848,0.4129536747932434,-4.997884273529053,-0.8721269369125366,-1.9898662567138672,-0.8128194808959961,1.0928966999053955,4.141146659851074,3.9159350395202637,3.8949341773986816,-0.9224971532821655,0.44083651900291443,5.69584846496582,-5.048310279846191,2.945796251296997,2.133425235748291,4.454009056091309,2.9013383388519287,-7.285526275634766,12.978281021118164,-7.816613674163818,-5.817021369934082,0.7172074317932129,7.553178310394287,-0.03966319561004639,-2.104928731918335,7.6144280433654785
A,0,671,3,1,10,5,1.6218559741973877,1.1952440738677979,-9.380525588989258,16.779672622680664,2.580894947052002,3.9126014709472656,0.5856999158859253,-4.615693092346191,-1.1593263149261475,-1.4070717096328735,-0.7821434140205383,1.0694235563278198,3.567638397216797,3.386186122894287,3.7338039875030518,-0.5059618949890137,-0.038623642176389694,5.956148624420166,-4.147248268127441,1.8495575189590454,1.7630584239959717,3.488213300704956,2.060168981552124,-5.751105785369873,11.323129653930664,-6.474958896636963,-5.308881759643555,0.5439368486404419,6.430555820465088,0.6516246795654297,-2.0951216220855713,6.8830695152282715
A,0,671,3,1,11,5,1.2974169254302979,1.1654367446899414,-9.639124870300293,17.40454864501953,2.721865653991699,3.9769325256347656,0.43534183502197266,-4.09464168548584,-0.7833714485168457,-1.59491765499115,-0.2621695101261139,1.038175344467163,3.8034706115722656,3.7843692302703857,3.413654327392578,-0.6957058310508728,-0.45658817887306213,5.99228572845459,-4.0569586753845215,2.2962183952331543,1.8991625308990479,3.5048859119415283,2.243330717086792,-6.394778251647949,11.766655921936035,-6.908719062805176,-5.831903457641602,0.16975095868110657,6.545623779296875,0.8082850575447083,-2.475590467453003,7.108355522155762
A,0,671,3,1,12,5,2.023890256881714,1.4512970447540283,-9.704093933105469,17.499977111816406,2.4740684032440186,3.7983765602111816,0.8372675180435181,-4.537817478179932,-1.3835384845733643,-1.4791319370269775,-0.8764361143112183,1.0693247318267822,3.6669750213623047,3.6858901977539062,3.891181230545044,-0.2496042549610138,-0.16201624274253845,6.501375675201416,-4.048975467681885,1.5993348360061646,1.6115913391113281,3.1398608684539795,2.0323569774627686,-6.069109916687012,11.801322937011719,-6.702703952789307,-6.115566253662109,0.4886992573738098,6.867608070373535,1.088960886001587,-2.1471009254455566,7.38104248046875
A,0,671,3,1,13,7,2.0625884532928467,1.6644423007965088,-9.838960647583008,17.719432830810547,2.432250499725342,3.72636342048645,0.8643398880958557,-4.570085048675537,-1.2668038606643677,-1.3374502658843994,-0.744720458984375,1.1851942539215088,3.7048051357269287,3.862682819366455,3.880668878555298,-0.26574471592903137,-0.4273068606853485,6.734137535095215,-3.914257764816284,1.5319606065750122,1.5742719173431396,2.9666340351104736,1.9852536916732788,-6.113682746887207,11.91893482208252,-6.82765531539917,-6.398898124694824,0.3695106506347656,6.945537090301514,1.2928171157836914,-2.393486499786377,7.591869831085205
A,0,671,3,2,9,5,1.206769585609436,1.2598302364349365,-9.817660331726074,17.8155574798584,2.705688238143921,4.340936183929443,0.3263261318206787,-4.142992973327637,-0.21891649067401886,-1.4975643157958984,-0.25959715247154236,1.1856766939163208,3.556765079498291,3.839017152786255,3.159083604812622,-1.2573914527893066,-0.27753886580467224,5.403919219970703,-4.172509670257568,2.5122110843658447,2.069352388381958,3.5489840507507324,2.3424901962280273,-7.2454047203063965,12.061018943786621,-7.389156341552734,-5.841152191162109,0.44155675172805786,6.7809038162231445,0.866138756275177,-2.4716885089874268,7.192965507507324
A,0,671,3,2,10,5,1.254051923751831,0.9149298667907715,-9.78233814239502,17.628662109375,2.9719529151916504,4.038547039031982,0.3285147249698639,-4.100913047790527,-0.7125279903411865,-1.733066201210022,-0.44583868980407715,1.0514570474624634,4.060325622558594,3.6421782970428467,3.398787021636963,-0.9174481630325317,-0.23265060782432556,5.6130266189575195,-4.29286527633667,2.5593514442443848,1.8009113073349,3.829115390777588,2.540931463241577,-6.419538974761963,11.769166946411133,-7.094611167907715,-5.638942718505859,0.20839659869670868,6.926245212554932,0.13499923050403595,-2.291447877883911,7.049445152282715
A,0,671,3,2,11,5,1.3735182285308838,1.211775779724121,-8.84032917022705,15.697000503540039,2.3258280754089355,2.958193063735962,0.6105683445930481,-3.411229372024536,-0.5263633131980896,-1.0394065380096436,-0.2529032826423645,1.1023547649383545,3.196162700653076,3.334444522857666,2.8516666889190674,-0.6310957670211792,-0.8727672696113586,5.6419243812561035,-3.1203742027282715,1.7082170248031616,1.553534746170044,2.714641809463501,1.7495410442352295,-5.5797014236450195,10.192983627319336,-5.881152153015137,-5.413834095001221,0.03023330494761467,5.688608169555664,1.4108152389526367,-2.5632827281951904,6.391385078430176
A,0,671,3,2,12,4,1.4928737878799438,1.462479591369629,-9.411907196044922,16.931533813476562,2.351167678833008,3.5674471855163574,0.5929610729217529,-3.94675874710083,-0.4998584985733032,-1.2099334001541138,-0.37413763999938965,1.247266411781311,3.208127498626709,3.585564613342285,3.1797902584075928,-0.886745810508728,-0.5023013949394226,5.66396427154541,-3.6285624504089355,1.8088675737380981,1.7100036144256592,2.8375155925750732,1.9552204608917236,-6.585422515869141,11.22100830078125,-6.645915508270264,-5.896290302276611,0.42525336146354675,6.406010627746582,1.4959533214569092,-2.578608274459839,6.968109130859375
A,0,671,3,2,13,9,1.8641268014907837,1.7987221479415894,-9.814006805419922,17.529409408569336,2.2782812118530273,3.032970428466797,0.7429332137107849,-3.7002851963043213,-0.6615877151489258,-0.9532756805419922,-0.3414079248905182,1.2324062585830688,3.5148777961730957,3.9043262004852295,3.108999490737915,-0.47731298208236694,-1.1661839485168457,6.441421031951904,-3.158646821975708,1.4807411432266235,1.423102855682373,2.4012465476989746,1.8535287380218506,-6.414988994598389,11.402738571166992,-6.686826705932617,-6.670011043548584,-0.08961264789104462,6.69364595413208,1.824616551399231,-2.9120712280273438,7.427943706512451
A,0,790,1,1,9,4,1.6741726398468018,1.4981517791748047,-8.809696197509766,15.441049575805664,2.241175889968872,2.767423629760742,0.6566675305366516,-4.057687759399414,-1.2231990098953247,-0.6469881534576416,-0.7233655452728271,1.005602240562439,3.122979164123535,2.990560293197632,3.2445616722106934,-0.10631253570318222,-0.8773791193962097,6.117234230041504,-3.164614200592041,1.1395056247711182,1.4842755794525146,2.7233567237854004,1.4798109531402588,-4.637221336364746,9.87212085723877,-5.530516147613525,-5.033420562744141,0.00934763066470623,5.648332595825195,1.3115003108978271,-2.544337272644043,6.392689228057861
A,0,790,1,1,10,5,1.4954993724822998,1.1161632537841797,-9.30528450012207,16.414409637451172,2.5510611534118652,3.3434009552001953,0.4193596839904785,-4.030378818511963,-1.0888274908065796,-1.1782094240188599,-0.700810432434082,0.8423765301704407,3.5207295417785645,3.1041340827941895,3.225168228149414,-0.42863941192626953,-0.46332088112831116,5.769587516784668,-3.7536635398864746,1.6968730688095093,1.7338815927505493,3.3019309043884277,1.962057113647461,-5.504561424255371,10.739507675170898,-6.1304144859313965,-5.100323677062988,0.11036084592342377,6.129123687744141,0.772070586681366,-2.2875428199768066,6.605191707611084
A,0,790,1,1,11,5,1.4844682216644287,1.1963045597076416,-8.702343940734863,15.218542098999023,2.1477627754211426,2.6772828102111816,0.6083046197891235,-3.4145073890686035,-0.9483030438423157,-0.9152507781982422,-0.4136818051338196,0.9278313517570496,2.9790689945220947,3.096198558807373,2.9483718872070312,-0.3210905194282532,-0.8907972574234009,5.828451156616211,-2.983579397201538,1.3011462688446045,1.5641721487045288,2.612031936645508,1.4425629377365112,-5.13394832611084,9.837291717529297,-5.452927112579346,-5.1821184158325195,0.044197313487529755,5.337904453277588,1.6597545146942139,-2.4212982654571533,6.1699113845825195
A,0,790,1,1,12,4,1.6681596040725708,0.8967791795730591,-7.944474220275879,13.642687797546387,1.7768559455871582,2.0169553756713867,0.8237120509147644,-3.224337577819824,-1.3905242681503296,-0.7705896496772766,-0.5809684991836548,0.8431403636932373,2.635982036590576,2.6304101943969727,3.093783378601074,-0.0030803829431533813,-0.7805344462394714,5.838119029998779,-2.546902656555176,0.5534155964851379,1.152580976486206,2.148805618286133,0.9417434334754944,-3.9117579460144043,8.636630058288574,-4.539435863494873,-4.6977314949035645,0.25093501806259155,4.6225690841674805,1.7392228841781616,-1.9244744777679443,5.495224952697754
A,0,790,1,1,13,7,1.2576532363891602,0.8782697319984436,-8.527825355529785,14.787002563476562,2.073543071746826,2.206545114517212,0.34356966614723206,-2.982173442840576,-1.2112979888916016,-0.9847803711891174,-0.26623520255088806,0.8181385397911072,3.135089874267578,2.828143835067749,2.8981361389160156,-0.3589053750038147,-1.069137454032898,5.709364891052246,-2.927710771560669,1.0262151956558228,1.294376015663147,2.374915599822998,1.2602254152297974,-4.556598663330078,9.351045608520508,-5.199523448944092,-5.055329322814941,-0.20254521071910858,5.1222662925720215,1.3649152517318726,-2.2363533973693848,5.8767290115356445
A,0,790,1,2,9,4,1.9172577857971191,1.8167381286621094,-9.551436424255371,16.79145050048828,2.4062538146972656,3.113326072692871,0.9030141830444336,-4.062122821807861,-0.8610802888870239,-0.7659768462181091,-0.7133938074111938,0.8882080316543579,3.258726119995117,3.5448124408721924,3.0184080600738525,-0.0494818277657032,-0.9232329726219177,6.33629846572876,-3.205838203430176,1.5487557649612427,1.7413501739501953,2.9793853759765625,1.889348030090332,-5.883749961853027,10.893847465515137,-6.083584785461426,-5.824938774108887,-0.07740267366170883,6.210282325744629,1.5911412239074707,-2.7429885864257812,7.06221342086792
A,0,790,1,2,10,5,1.6083110570907593,1.429490327835083,-9.090352058410645,15.610818862915039,2.201564311981201,2.605034589767456,0.5963186025619507,-3.7512714862823486,-1.256504774093628,-0.6604859828948975,-0.6177395582199097,0.7215071320533752,3.2807304859161377,2.9888482093811035,3.020606517791748,0.0036944628227502108,-1.0408861637115479,6.273301124572754,-3.058533191680908,0.9597998857498169,1.5307049751281738,2.7533316612243652,1.4349976778030396,-4.655461311340332,10.007509231567383,-5.481701374053955,-5.138553619384766,-0.26193737983703613,5.576718807220459,1.322746992111206,-2.546696662902832,6.475034236907959
A,0,790,1,2,11,5,1.4487273693084717,1.1279003620147705,-9.238906860351562,16.35177230834961,2.372971773147583,3.374455213546753,0.4081761837005615,-4.082177639007568,-1.233633279800415,-1.2608120441436768,-0.5582494735717773,0.9532364010810852,3.362969160079956,3.248976230621338,3.4990756511688232,-0.4596098065376282,-0.4489103853702545,5.934189796447754,-3.7675132751464844,1.531002163887024,1.6790212392807007,3.075165271759033,1.732609510421753,-5.543099880218506,10.829172134399414,-6.195054531097412,-5.312191963195801,0.286704957485199,6.057433128356934,1.061133623123169,-2.2420036792755127,6.609957695007324
A,0,790,1,2,12,5,1.3365325927734375,0.8912766575813293,-8.761335372924805,15.235201835632324,2.177993059158325,2.6740527153015137,0.37922704219818115,-3.438225269317627,-1.325556993484497,-1.1146843433380127,-0.4325686991214752,0.7812769412994385,3.271573543548584,2.87241530418396,3.1507890224456787,-0.3348460793495178,-0.7170473337173462,5.799163341522217,-3.280959367752075,1.1376746892929077,1.4075905084609985,2.727865219116211,1.4251502752304077,-4.741870403289795,9.860095024108887,-5.519981384277344,-5.027104377746582,0.010489428415894508,5.459567070007324,1.0604665279388428,-2.116011619567871,6.120832920074463
A,0,790,1,2,13,7,1.4170538187026978,1.1848268508911133,-9.26397705078125,16.206178665161133,2.254525661468506,2.8126699924468994,0.35372644662857056,-3.526503086090088,-1.1405109167099,-1.0673253536224365,-0.3123374283313751,0.9204340577125549,3.421786069869995,3.235532760620117,3.1671407222747803,-0.419993132352829,-0.9800799489021301,6.058045387268066,-3.3565192222595215,1.2883999347686768,1.4792331457138062,2.6576857566833496,1.5617114305496216,-5.316307067871094,10.509081840515137,-5.986842155456543,-5.566983699798584,-0.15450116991996765,5.839797019958496,1.329804539680481,-2.4552648067474365,6.594799518585205
A,0,790,2,1,9,5,1.5863230228424072,1.2600462436676025,-8.801319122314453,15.181530952453613,2.293196678161621,2.7772042751312256,0.579308032989502,-3.9445488452911377,-1.2511099576950073,-0.7785388827323914,-0.7530509233474731,0.7952933311462402,3.2368969917297363,2.8208816051483154,3.120553493499756,-0.0915430560708046,-0.7134131789207458,5.934640407562256,-3.2071914672851562,1.1967536211013794,1.5360653400421143,2.9742558002471924,1.5523779392242432,-4.486414432525635,9.78514289855957,-5.367976188659668,-4.719747543334961,-0.015609346330165863,5.4877119064331055,0.9617468118667603,-2.3305134773254395,6.177539348602295
A,0,790,2,1,10,5,1.5438086986541748,1.0396382808685303,-8.719098091125488,15.283740043640137,2.2551419734954834,3.1172146797180176,0.5065971612930298,-4.111867427825928,-1.3722730875015259,-1.0558664798736572,-0.7899904251098633,0.9188345670700073,3.1456480026245117,2.7928707599639893,3.4853298664093018,-0.306402325630188,-0.2746656537055969,5.730099201202393,-3.5677196979522705,1.2177324295043945,1.5351955890655518,2.9981741905212402,1.5446107387542725,-4.763320446014404,10.033729553222656,-5.639992713928223,-4.702681064605713,0.40087419748306274,5.637967109680176,0.9869783520698547,-2.068232774734497,6.145634651184082
A,0,790,2,1,11,4,1.5643305778503418,1.2345542907714844,-8.683300018310547,15.090106964111328,2.0401220321655273,2.8392956256866455,0.581193745136261,-3.9705734252929688,-1.3299793004989624,-0.8087698817253113,-0.6523482799530029,0.9263036847114563,2.9463634490966797,2.8684301376342773,3.3601901531219482,-0.20370659232139587,-0.5834083557128906,5.970823764801025,-3.196971893310547,0.9428282976150513,1.4859819412231445,2.6801834106445312,1.2612303495407104,-4.699416637420654,9.857150077819824,-5.416965484619141,-4.88250732421875,0.29524046182632446,5.389491081237793,1.4525550603866577,-2.2573156356811523,6.142139911651611
A,0,790,2,1,12,4,1.5042468309402466,1.1310904026031494,-8.78883171081543,15.517608642578125,2.13527512550354,3.086635112762451,0.4630768895149231,-4.075592041015625,-1.3708112239837646,-0.9566964507102966,-0.671488344669342,1.0576469898223877,3.0478475093841553,2.951937675476074,3.580005168914795,-0.378009557723999,-0.41026070713996887,5.857398986816406,-3.468503475189209,1.110542893409729,1.4536218643188477,2.7880008220672607,1.3611453771591187,-4.949889183044434,10.154074668884277,-5.803261756896973,-5.004546642303467,0.4458138942718506,5.703917026519775,1.271920084953308,-2.187978744506836,6.2487969398498535
A,0,790,2,1,13,7,1.5579633712768555,1.2738174200057983,-8.534796714782715,14.785309791564941,1.8846327066421509,2.2957077026367188,0.5350040793418884,-3.5007684230804443,-1.3417174816131592,-0.5862773060798645,-0.5134127736091614,0.9602819681167603,2.8807737827301025,2.8256824016571045,3.1495299339294434,-0.10531050711870193,-1.031337857246399,6.035284519195557,-2.806018829345703,0.6527262330055237,1.2432917356491089,2.212709665298462,1.0361785888671875,-4.352908611297607,9.37793254852295,-5.202162742614746,-5.069095134735107,-0.036837007850408554,5.164202690124512,1.7309045791625977,-2.3977558612823486,6.045788764953613
A,0,790,2,2,9,4,1.7678850889205933,1.5619443655014038,-9.350624084472656,16.184450149536133,2.2804036140441895,3.071796417236328,0.5642395615577698,-4.369930267333984,-1.4198437929153442,-0.7643377780914307,-0.8392377495765686,0.8438432216644287,3.50443172454834,3.068084239959717,3.4268054962158203,-0.06328818947076797,-0.7213422060012817,6.4456963539123535,-3.441037893295288,1.0315133333206177,1.5584371089935303,2.9763238430023193,1.5564727783203125,-4.761302947998047,10.612995147705078,-5.9117536544799805,-5.181572437286377,0.019031744450330734,6.096376895904541,0.9118501543998718,-2.4304943084716797,6.719119071960449
A,0,790,2,2,10,5,1.5849056243896484,1.2230606079101562,-8.959650039672852,15.481512069702148,2.226008415222168,2.8891139030456543,0.6469005346298218,-3.69425892829895,-1.0986053943634033,-0.9984496831893921,-0.5552417039871216,0.8209290504455566,3.3237273693084717,3.01932954788208,3.08518648147583,-0.21691767871379852,-0.739739716053009,6.060577392578125,-3.1998400688171387,1.2211753129959106,1.6028211116790771,2.852287769317627,1.5703662633895874,-4.9311323165893555,10.167402267456055,-5.583704948425293,-5.125993251800537,0.02836018241941929,5.593249320983887,1.2264726161956787,-2.3081820011138916,6.350001335144043
A,0,790,2,2,11,5,1.4445003271102905,1.1596453189849854,-8.707385063171387,15.130910873413086,2.112537145614624,2.6616668701171875,0.4384370446205139,-3.7438998222351074,-1.279423475265503,-0.7938382029533386,-0.5395343899726868,0.8908451795578003,3.143157482147217,2.856581449508667,3.178171157836914,-0.2458861768245697,-0.801722526550293,6.001889228820801,-3.1161506175994873,0.9624161720275879,1.4304091930389404,2.6561501026153564,1.3135883808135986,-4.502422332763672,9.777085304260254,-5.434002876281738,-4.903499603271484,0.02146627940237522,5.385048866271973,1.1968493461608887,-2.3291094303131104,6.117464065551758
A,0,790,2,2,12,4,1.5967975854873657,1.126909852027893,-8.828889846801758,15.607462882995605,2.1320347785949707,3.078683376312256,0.4968678653240204,-4.169022560119629,-1.5422916412353516,-1.0322473049163818,-0.7240386009216309,1.0588855743408203,3.19077730178833,2.952414035797119,3.753131628036499,-0.27776986360549927,-0.36916762590408325,6.039699554443359,-3.5851969718933105,0.9897682070732117,1.378002643585205,2.7740657329559326,1.3699313402175903,-4.748884201049805,10.248196601867676,-5.820391654968262,-5.099383354187012,0.43849173188209534,5.788364410400391,1.2123119831085205,-2.110405445098877,6.349605083465576
A,0,790,2,2,13,8,1.5683202743530273,1.2098093032836914,-8.766022682189941,15.337023735046387,2.0995430946350098,2.5735950469970703,0.5364192724227905,-3.6744205951690674,-1.3044798374176025,-0.8388098478317261,-0.47463589906692505,1.0559555292129517,3.2024435997009277,3.0127527713775635,3.330437183380127,-0.24615386128425598,-0.9087288975715637,6.141160011291504,-3.106095314025879,0.9638417959213257,1.2748651504516602,2.4780285358428955,1.3385825157165527,-4.562183380126953,9.854801177978516,-5.542698860168457,-5.264067649841309,0.017469793558120728,5.495597839355469,1.4000647068023682,-2.3880350589752197,6.262639045715332
A,0,790,3,1,9,4,2.1801321506500244,2.0808608531951904,-8.861007690429688,15.194208145141602,1.971893548965454,2.2097320556640625,1.1674425601959229,-3.791687250137329,-1.1279462575912476,-0.1567324697971344,-0.9188103675842285,0.8063915967941284,2.7753403186798096,3.034356117248535,2.7402701377868652,0.46223393082618713,-1.3007737398147583,6.495137691497803,-2.367039918899536,0.7304789423942566,1.4323983192443848,2.255380630493164,1.2801969051361084,-4.709303379058838,9.525115013122559,-4.95805025100708,-5.4106764793396,-0.2745535969734192,5.433570861816406,2.1352202892303467,-2.8213329315185547,6.590228080749512
A,0,790,3,1,10,5,1.642179250717163,1.382243037223816,-8.512066841125488,14.580825805664062,1.9966427087783813,2.2469398975372314,0.6334336996078491,-3.541226625442505,-1.206536054611206,-0.48387184739112854,-0.7214201092720032,0.7542124390602112,2.7857251167297363,2.6256346702575684,2.7847683429718018,0.012372779659926891,-1.0019246339797974,5.825780391693115,-2.755099058151245,0.8029068112373352,1.4468895196914673,2.409546375274658,1.23409104347229,-4.387301445007324,9.144842147827148,-4.862046718597412,-4.709132194519043,-0.1462002694606781,5.014239311218262,1.6172583103179932,-2.419175624847412,5.977618217468262
A,0,790,3,1,11,5,1.491804838180542,1.2465816736221313,-8.096400260925293,13.710810661315918,1.7948198318481445,1.9139738082885742,0.6410807371139526,-3.2210235595703125,-1.1834933757781982,-0.3770664632320404,-0.5417822003364563,0.7877635359764099,2.561342716217041,2.5347037315368652,2.7273054122924805,-0.014265915378928185,-1.1623291969299316,5.811565399169922,-2.374512195587158,0.5554637908935547,1.3283354043960571,2.143691062927246,0.8697566986083984,-3.923145294189453,8.554295539855957,-4.459752082824707,-4.540075302124023,-0.13484357297420502,4.5106706619262695,1.875609040260315,-2.3645472526550293,5.549445629119873
A,0,790,3,1,12,4,1.550480604171753,1.0607616901397705,-8.698813438415527,15.227840423583984,2.1761345863342285,2.746556282043457,0.5531111359596252,-3.7828621864318848,-1.5285248756408691,-0.9866428971290588,-0.6399576663970947,0.9042284488677979,3.2763400077819824,2.9146101474761963,3.46781587600708,-0.12907537817955017,-0.6581598520278931,6.126002311706543,-3.287543773651123,1.0120165348052979,1.3716206550598145,2.772128105163574,1.3561122417449951,-4.419959545135498,9.85051155090332,-5.482123851776123,-5.063783645629883,0.13631698489189148,5.515580177307129,1.173244833946228,-2.159965991973877,6.216635227203369
A,0,790,3,1,13,9,1.2719931602478027,1.2488232851028442,-8.73116683959961,15.237189292907715,2.0487775802612305,2.0950677394866943,0.32081693410873413,-2.902317523956299,-1.0117404460906982,-0.6597384810447693,-0.16119439899921417,0.9129772186279297,3.0571038722991943,3.0350587368011475,2.7097229957580566,-0.336066871881485,-1.482473373413086,5.874715328216553,-2.694309711456299,0.9961063861846924,1.2910010814666748,2.148137092590332,1.2172881364822388,-4.811659336090088,9.473441123962402,-5.434304714202881,-5.433805465698242,-0.49161481857299805,5.262955188751221,1.7439019680023193,-2.6952664852142334,6.177860736846924
A,0,790,3,2,9,4,1.8689429759979248,2.0217905044555664,-9.735297203063965,17.290306091308594,2.4567604064941406,3.44527530670166,0.866557776927948,-4.3111572265625,-0.7394694089889526,-0.6957207918167114,-0.7192126512527466,1.0699565410614014,3.3760762214660645,3.6885836124420166,3.090339422225952,-0.18891441822052002,-0.9331841468811035,6.391989707946777,-3.3129167556762695,1.7033324241638184,1.7966828346252441,3.032870054244995,1.9172543287277222,-6.166784286499023,11.305870056152344,-6.482264518737793,-5.9889678955078125,-0.02897869423031807,6.543524742126465,1.5873702764511108,-2.988344430923462,7.349037170410156
A,0,790,3,2,10,5,1.396174669265747,1.235718011856079,-8.915302276611328,15.496011734008789,2.266449451446533,2.6906893253326416,0.3247062563896179,-3.6222431659698486,-1.116186499595642,-0.7929890751838684,-0.545859694480896,0.8385986089706421,3.2163569927215576,2.8709628582000732,2.964357376098633,-0.2937493920326233,-0.9424926042556763,5.747593879699707,-3.2254586219787598,1.2570894956588745,1.5515143871307373,2.763467311859131,1.5496975183486938,-4.887845039367676,9.869584083557129,-5.593257904052734,-4.956150054931641,-0.18972139060497284,5.55342960357666,1.1552495956420898,-2.459036350250244,6.242130279541016
A,0,790,3,2,11,5,2.2021868228912354,1.9300193786621094,-7.766884803771973,13.356435775756836,1.375402569770813,1.3514230251312256,1.191282033920288,-3.252699375152588,-1.5754072666168213,0.21298913657665253,-0.855535626411438,0.8813892602920532,2.21787691116333,2.6837236881256104,2.8346753120422363,0.7228934168815613,-1.559156894683838,6.486504554748535,-1.683537483215332,-0.21208052337169647,0.9129853248596191,1.3159523010253906,0.49831247329711914,-3.375164747238159,8.040044784545898,-4.163762092590332,-5.191951751708984,-0.2172144651412964,4.4297003746032715,2.7399954795837402,-2.5954790115356445,5.910871982574463
A,0,790,3,2,12,5,1.548293948173523,1.217913031578064,-7.932054042816162,13.940088272094727,1.8542613983154297,2.1512694358825684,0.5885360836982727,-3.467949628829956,-1.4276854991912842,-0.45272427797317505,-0.6646871566772461,0.9666053652763367,2.567101001739502,2.61039662361145,3.1088993549346924,-0.01702786609530449,-0.9100260734558105,5.743798732757568,-2.6728262901306152,0.6244803071022034,1.1752771139144897,2.1751887798309326,0.9610546231269836,-3.9086620807647705,8.649015426635742,-4.831060409545898,-4.703568935394287,0.0655197873711586,4.780471324920654,1.6975269317626953,-2.2606422901153564,5.716285228729248
A,0,790,3,2,13,6,1.2513800859451294,1.1169902086257935,-8.569921493530273,14.931195259094238,2.0855202674865723,2.086078405380249,0.34414446353912354,-2.797356367111206,-0.8810687065124512,-0.7478673458099365,-0.16097071766853333,0.904506504535675,3.0010223388671875,3.001549005508423,2.594219207763672,-0.3588540852069855,-1.4008430242538452,5.656313419342041,-2.641298294067383,1.1716309785842896,1.3198070526123047,2.204284429550171,1.3183156251907349,-4.833076000213623,9.298762321472168,-5.248382091522217,-5.239886283874512,-0.44588637351989746,5.068117141723633,1.703593373298645,-2.6103687286376953,5.96660041809082
A,1,252,1,1,9,4,-2.323019504547119,3.4855997562408447,-3.171682357788086,5.890719890594482,4.222017288208008,8.86924934387207,-3.2916011810302734,-3.4203453063964844,3.5256705284118652,-0.1881704330444336,0.9230177402496338,-6.275184154510498,-0.7841746211051941,-1.44853937625885,2.0665283203125,-1.4781107902526855,0.06036250293254852,-0.16632652282714844,2.006098985671997,-0.5332809090614319,-0.4918644428253174,-0.5047446489334106,1.1614065170288086,-0.5275630950927734,2.259061336517334,-5.0378923416137695,1.5901000499725342,-3.3441755771636963,5.078497409820557,-0.9835829138755798,4.5124335289001465,-0.27834033966064453
A,1,252,1,1,10,5,-2.1899852752685547,3.176905632019043,-2.9411747455596924,5.362216472625732,3.786994457244873,8.314988136291504,-3.0024330615997314,-3.0847039222717285,3.2607955932617188,0.027379130944609642,0.8208036422729492,-6.004314422607422,-0.8441528081893921,-1.6686416864395142,1.7990329265594482,-1.4356011152267456,-0.1276475489139557,-0.15461531281471252,1.8433170318603516,-0.5981476306915283,-0.5407718420028687,-0.42067259550094604,1.1325595378875732,-0.45098263025283813,2.0260238647460938,-4.445102691650391,1.4707599878311157,-2.988100051879883,4.845494747161865,-0.7914222478866577,4.233216285705566,-0.1417207419872284
A,1,252,1,1,11,5,-2.052579402923584,2.8051557540893555,-3.3110687732696533,4.773756504058838,3.8465919494628906,8.294347763061523,-2.6782443523406982,-2.899287700653076,2.9648633003234863,0.2518515884876251,1.3682968616485596,-6.28639030456543,-0.4472202658653259,-1.031694769859314,2.242454767227173,-1.1529172658920288,-0.45527857542037964,-0.709526538848877,2.0484349727630615,-0.04206458851695061,-0.02971976064145565,-0.5009018778800964,0.6884362697601318,-0.10489858686923981,1.8100236654281616,-4.822229385375977,1.6787183284759521,-2.866835594177246,5.219769477844238,-0.7621731758117676,4.021495342254639,-0.6282682418823242
A,1,252,1,1,12,4,-2.2054741382598877,3.0039916038513184,-3.341582775115967,5.242466926574707,4.158181667327881,8.599609375,-2.8427882194519043,-3.0503334999084473,3.2221693992614746,0.06108425185084343,1.3858022689819336,-6.578146457672119,-0.5304862260818481,-1.1952483654022217,2.218968391418457,-1.2004706859588623,-0.3339051902294159,-0.6161888837814331,2.1230437755584717,-0.025321122258901596,-0.047700151801109314,-0.48670125007629395,0.6785813570022583,-0.20197898149490356,1.9759812355041504,-5.035131931304932,1.7065517902374268,-3.02384352684021,5.470231056213379,-0.8808838129043579,4.170801162719727,-0.604773998260498
A,1,252,1,1,13,5,-2.09651255607605,2.8090014457702637,-3.4088616371154785,5.0639424324035645,4.200867176055908,8.542298316955566,-2.7039737701416016,-3.0675384998321533,3.2793853282928467,-0.062231939285993576,1.5519332885742188,-6.7502923011779785,-0.4527971148490906,-1.0417470932006836,2.158263921737671,-0.9769209027290344,-0.38883861899375916,-0.8292254209518433,2.101288318634033,0.19172656536102295,0.04538874700665474,-0.3635750710964203,0.7946179509162903,-0.2218456268310547,2.1395039558410645,-5.287060737609863,1.6584720611572266,-2.896629810333252,5.9143452644348145,-0.8787522315979004,4.3229522705078125,-0.7567819952964783
A,1,252,1,2,9,4,-2.318250894546509,3.6681928634643555,-3.2614147663116455,6.076146125793457,4.361873149871826,9.056305885314941,-3.4332282543182373,-3.6298418045043945,3.636584520339966,-0.23174525797367096,0.8042401671409607,-6.226530075073242,-0.8123881816864014,-1.2853610515594482,2.0497348308563232,-1.5525084733963013,0.19880390167236328,-0.08825071901082993,1.9637205600738525,-0.5911613702774048,-0.5511417388916016,-0.535889744758606,1.344778299331665,-0.6593462824821472,2.3692219257354736,-5.206465244293213,1.5661942958831787,-3.4768378734588623,5.055915355682373,-1.0497899055480957,4.701102256774902,-0.2406962811946869
A,1,252,1,2,10,5,-2.2189114093780518,3.1331582069396973,-2.7892823219299316,5.381689548492432,4.162412166595459,8.23137378692627,-2.79469895362854,-2.9395928382873535,3.3364334106445312,-0.26598164439201355,0.7999448180198669,-6.100870609283447,-0.8083760142326355,-1.6417287588119507,1.6959874629974365,-1.3242799043655396,-0.2945522367954254,-0.3093993663787842,1.7217109203338623,-0.25279927253723145,-0.38084283471107483,-0.3317548930644989,1.099421739578247,-0.6431432962417603,2.19584584236145,-4.63304328918457,1.4416940212249756,-2.8326873779296875,5.337129592895508,-0.8316327333450317,4.347126007080078,-0.3809887766838074
A,1,252,1,2,11,5,-1.9574127197265625,2.6559247970581055,-3.0792996883392334,4.682462215423584,4.369919300079346,8.060482025146484,-2.3799350261688232,-2.5453081130981445,3.030273675918579,-0.07591699808835983,1.4971883296966553,-6.429818153381348,-0.284222811460495,-1.0408891439437866,2.2180542945861816,-0.9236778020858765,-0.709668755531311,-0.9688827395439148,1.9693896770477295,0.3531075119972229,0.2164946347475052,-0.3216990828514099,0.47247305512428284,-0.22469429671764374,1.8843376636505127,-4.987191200256348,1.7250362634658813,-2.6879541873931885,5.728744983673096,-0.7502614259719849,4.001957416534424,-0.93495112657547
A,1,252,1,2,12,3,-1.9033721685409546,2.793592691421509,-2.9025700092315674,4.645963191986084,4.048664569854736,7.9071364402771,-2.4884421825408936,-2.6132540702819824,2.97548508644104,-0.02729696035385132,1.2759848833084106,-6.092523097991943,-0.30706629157066345,-1.0437871217727661,2.117229700088501,-0.945768415927887,-0.5280746817588806,-0.808168888092041,1.8973678350448608,0.025690486654639244,-0.0157485194504261,-0.3336438238620758,0.7439577579498291,-0.2566970884799957,1.870292067527771,-4.666212558746338,1.6332236528396606,-2.680668830871582,5.299915790557861,-0.6764681935310364,4.06843376159668,-0.7408267855644226
A,1,252,1,2,13,8,-2.082014560699463,2.7213988304138184,-3.4549560546875,4.897733688354492,4.524314880371094,8.516670227050781,-2.44826602935791,-2.828848123550415,3.1978046894073486,-0.06127731874585152,1.7653472423553467,-6.929630279541016,-0.2113240361213684,-0.8478739857673645,2.375518321990967,-0.8630871772766113,-0.6438318490982056,-1.1361966133117676,2.1442556381225586,0.5793399810791016,0.34641557931900024,-0.38355275988578796,0.4622187316417694,-0.17112575471401215,2.035491943359375,-5.483065605163574,1.807402491569519,-2.8154022693634033,6.212388038635254,-0.9046537280082703,4.220571517944336,-1.0609581470489502
A,1,252,2,1,9,4,-2.815387725830078,4.066570281982422,-3.3798248767852783,6.922623157501221,4.478120803833008,9.766488075256348,-3.943539619445801,-4.064601898193359,4.019772052764893,-0.39356255531311035,0.6405813694000244,-6.603588581085205,-1.1986541748046875,-1.7794723510742188,1.8066349029541016,-1.910236120223999,0.37039607763290405,0.28534600138664246,1.9563578367233276,-0.9324938058853149,-0.8668215274810791,-0.6723505258560181,1.6122130155563354,-0.8816399574279785,2.580085277557373,-5.443371772766113,1.5143396854400635,-3.816908836364746,5.285721302032471,-1.2242270708084106,5.189908981323242,-0.0950302928686142
A,1,252,2,1,10,6,-2.5096845626831055,3.657766580581665,-3.1439402103424072,6.092552661895752,3.913250207901001,8.95040225982666,-3.5452308654785156,-3.5859251022338867,3.5866854190826416,-0.05722751095890999,0.5573305487632751,-6.173984050750732,-1.1558440923690796,-1.8551188707351685,1.6500211954116821,-1.7836074829101562,0.14358438551425934,0.22688649594783783,1.8321791887283325,-0.9495399594306946,-0.8510709404945374,-0.5880383253097534,1.4820035696029663,-0.6989728808403015,2.2329442501068115,-4.684715747833252,1.4046493768692017,-3.337437391281128,4.830226421356201,-0.9339672923088074,4.680654048919678,0.04411778971552849
A,1,252,2,1,11,5,-2.027801513671875,2.9231455326080322,-3.1349141597747803,4.930127143859863,3.615879535675049,8.155740737915039,-2.859224796295166,-2.9635398387908936,3.0185952186584473,0.23612484335899353,1.1533128023147583,-6.083268165588379,-0.6175967454910278,-1.281669020652771,2.0686416625976562,-1.1833311319351196,-0.25770801305770874,-0.4351121783256531,2.0228512287139893,-0.37392130494117737,-0.25919315218925476,-0.4471607208251953,0.8787809610366821,-0.1682416945695877,1.920897126197815,-4.532064914703369,1.5926570892333984,-2.8928065299987793,4.877352237701416,-0.7009350061416626,3.9869866371154785,-0.38833218812942505
A,1,252,2,1,12,4,-2.1194679737091064,3.04707407951355,-3.086879253387451,5.082757472991943,3.8509881496429443,8.279285430908203,-2.8503732681274414,-2.9258463382720947,3.093090534210205,0.1639741063117981,1.1329591274261475,-6.208180904388428,-0.5736784934997559,-1.3711496591567993,2.116748571395874,-1.2567732334136963,-0.3054194152355194,-0.44618117809295654,2.0449588298797607,-0.301828533411026,-0.26103517413139343,-0.47076594829559326,0.8076527714729309,-0.22467949986457825,1.8786894083023071,-4.581045150756836,1.6051459312438965,-2.946995258331299,4.967513084411621,-0.7449948787689209,4.063538074493408,-0.39276736974716187
A,1,252,2,1,13,6,-2.091135025024414,2.6956756114959717,-3.3402814865112305,4.817132472991943,4.150425910949707,8.395934104919434,-2.5701701641082764,-2.8422515392303467,3.082705497741699,0.04429827257990837,1.6391440629959106,-6.665380477905273,-0.3102968633174896,-0.961993396282196,2.348285436630249,-0.9513087272644043,-0.5421699285507202,-0.9339656233787537,2.1746394634246826,0.2895427644252777,0.1701909899711609,-0.4429626166820526,0.5383574366569519,-0.05553775653243065,1.9389386177062988,-5.162643909454346,1.7352099418640137,-2.834589719772339,5.752349853515625,-0.8066390156745911,4.106828212738037,-0.8972143530845642
A,1,252,2,2,9,4,-2.5195794105529785,3.841172695159912,-3.4013030529022217,6.366276264190674,4.362091541290283,9.396788597106934,-3.637118101119995,-3.8083488941192627,3.714287281036377,-0.1705971658229828,0.7727275490760803,-6.404900550842285,-0.9482758641242981,-1.40803861618042,2.1397154331207275,-1.7059433460235596,0.24054977297782898,0.06578205525875092,2.083613395690918,-0.640741229057312,-0.5803457498550415,-0.6808876991271973,1.328834056854248,-0.6696374416351318,2.4237539768218994,-5.296243667602539,1.5486743450164795,-3.6016898155212402,5.0742363929748535,-1.109087347984314,4.767240047454834,-0.19151489436626434
A,1,252,2,2,10,5,-2.4311580657958984,3.5264999866485596,-3.311957836151123,5.78605318069458,3.8193297386169434,8.8632230758667,-3.343881130218506,-3.432825803756714,3.341127872467041,0.249730184674263,0.8074495196342468,-6.308109760284424,-0.9123703241348267,-1.5946158170700073,2.0166454315185547,-1.6604541540145874,-0.017154347151517868,-0.01396002434194088,2.062656879425049,-0.668724536895752,-0.5544915199279785,-0.6879488229751587,1.1150178909301758,-0.4353761076927185,2.0602364540100098,-4.66715145111084,1.5589960813522339,-3.244609832763672,4.817671775817871,-0.8914043307304382,4.344799995422363,-0.08109821379184723
A,1,252,2,2,11,4,-2.1079177856445312,2.851846933364868,-3.5136208534240723,4.8896164894104,3.9806528091430664,8.4530668258667,-2.7091219425201416,-2.864546060562134,2.9492440223693848,0.4796573221683502,1.5934748649597168,-6.669166088104248,-0.37437430024147034,-1.0554919242858887,2.5124452114105225,-1.1870126724243164,-0.49977412819862366,-0.745544970035553,2.3355698585510254,0.07967507094144821,0.1772196888923645,-0.6455012559890747,0.2523338794708252,0.10198619961738586,1.653550386428833,-4.856369972229004,1.9274487495422363,-2.934399127960205,5.250041961669922,-0.7875002026557922,3.723706007003784,-0.6887516975402832
A,1,252,2,2,12,4,-2.2273201942443848,3.0329737663269043,-3.5028650760650635,5.148988246917725,3.9539499282836914,8.638341903686523,-2.890031099319458,-3.047452449798584,3.0520269870758057,0.4029476046562195,1.4696784019470215,-6.6186628341674805,-0.46081244945526123,-1.1208956241607666,2.5210819244384766,-1.270719289779663,-0.3529006838798523,-0.607911229133606,2.36765718460083,-0.053982533514499664,0.019271530210971832,-0.6881603002548218,0.4427439868450165,0.045262228697538376,1.793492317199707,-4.936715126037598,1.8401203155517578,-3.0997166633605957,5.126895904541016,-0.8485269546508789,3.9010066986083984,-0.5682170391082764
A,1,252,2,2,13,8,-2.168884515762329,2.836456775665283,-3.435281276702881,5.110801696777344,4.645353317260742,8.723920822143555,-2.6082534790039062,-2.9576849937438965,3.326796531677246,-0.23785540461540222,1.670699119567871,-6.923366546630859,-0.24200081825256348,-0.8490365743637085,2.3251688480377197,-0.9144281148910522,-0.5686390399932861,-1.068864107131958,2.1070172786712646,0.4965151846408844,0.1992264986038208,-0.3202255964279175,0.6733523011207581,-0.28704017400741577,2.193732261657715,-5.668404579162598,1.7093853950500488,-2.9456522464752197,6.281976699829102,-0.9325524568557739,4.472136497497559,-1.0721521377563477
A,1,252,3,1,9,5,-2.4926869869232178,3.440999984741211,-3.3584976196289062,5.8437089920043945,4.509828567504883,8.854211807250977,-3.146855592727661,-3.2941181659698486,3.438877820968628,-0.07541822642087936,1.1259441375732422,-6.478588104248047,-0.6091219782829285,-1.2151672840118408,2.2302236557006836,-1.4943650960922241,-0.12643134593963623,-0.32651287317276,2.1647257804870605,-0.14765700697898865,-0.19237643480300903,-0.7432721853256226,0.7458475828170776,-0.4694971442222595,2.015477418899536,-5.263606071472168,1.804619550704956,-3.3728363513946533,5.215906143188477,-1.1173419952392578,4.308436393737793,-0.5196801424026489
A,1,252,3,1,10,5,-2.3227715492248535,3.1224372386932373,-3.387373685836792,5.117024898529053,4.098142623901367,8.379596710205078,-2.8066036701202393,-3.0662319660186768,3.0509746074676514,0.2840275168418884,1.2505141496658325,-6.312501430511475,-0.4317498207092285,-0.9496297836303711,2.264164924621582,-1.3777320384979248,-0.31454652547836304,-0.5370166897773743,2.1587538719177246,0.020099859684705734,-0.031007414683699608,-0.7953088879585266,0.5426167845726013,-0.18284285068511963,1.6482845544815063,-4.918560981750488,1.8035461902618408,-3.0484137535095215,4.994380474090576,-1.0069319009780884,3.9424819946289062,-0.6081827282905579
A,1,252,3,1,11,5,-2.4585299491882324,3.2967922687530518,-3.2336716651916504,5.567269325256348,4.35488224029541,8.75256633758545,-2.9768855571746826,-3.1889076232910156,3.4138717651367188,-0.2189348191022873,1.0570621490478516,-6.392253875732422,-0.5637201070785522,-1.1711273193359375,1.8402599096298218,-1.3873990774154663,-0.21679046750068665,-0.4499344229698181,1.8466367721557617,-0.16303905844688416,-0.3592328429222107,-0.48481208086013794,1.1723177433013916,-0.5885682106018066,2.1316332817077637,-5.166502952575684,1.5413316488265991,-3.1442840099334717,5.5109663009643555,-1.0332037210464478,4.642695426940918,-0.6274216771125793
A,1,252,3,1,12,4,-2.296055555343628,3.1387572288513184,-3.24049973487854,5.3934712409973145,4.195629119873047,8.605852127075195,-2.9009857177734375,-3.2013580799102783,3.348193407058716,-0.2753528356552124,1.1021406650543213,-6.295783996582031,-0.5639423131942749,-1.0576801300048828,1.86043381690979,-1.2244789600372314,-0.19047176837921143,-0.5661945939064026,1.8129324913024902,-0.09460391849279404,-0.3263739049434662,-0.3364689350128174,1.219436764717102,-0.5707289576530457,2.2994325160980225,-5.25437068939209,1.4369696378707886,-3.0327038764953613,5.598846435546875,-0.9760504961013794,4.637319087982178,-0.6678298115730286
A,1,252,3,1,13,6,-2.2805726528167725,2.969273805618286,-3.5507943630218506,4.985959053039551,4.058688640594482,8.529682159423828,-2.7343289852142334,-3.0316288471221924,3.065574884414673,0.28055617213249207,1.369448184967041,-6.511181354522705,-0.43542933464050293,-0.9083215594291687,2.1362016201019287,-1.2775061130523682,-0.4524361789226532,-0.7241429686546326,2.036402463912964,0.11767923086881638,-0.023301221430301666,-0.6515699028968811,0.7400043606758118,-0.18140067160129547,1.8202155828475952,-5.068271160125732,1.735294222831726,-2.961411476135254,5.441396236419678,-0.9283694624900818,4.154862880706787,-0.7462510466575623
A,1,252,3,2,9,4,-2.5792689323425293,3.410832405090332,-3.4522900581359863,6.068248748779297,4.831865310668945,9.12402057647705,-3.1324093341827393,-3.2749311923980713,3.5997819900512695,-0.22367650270462036,1.3572869300842285,-6.917579650878906,-0.5036782622337341,-1.299127459526062,2.3138303756713867,-1.4209678173065186,-0.21288196742534637,-0.5235059857368469,2.2545166015625,0.04391798749566078,-0.09609588980674744,-0.631172239780426,0.627607524394989,-0.4487012028694153,2.1716763973236084,-5.638803005218506,1.9154176712036133,-3.4529638290405273,5.758464813232422,-1.1549060344696045,4.4501261711120605,-0.6930854320526123
A,1,252,3,2,10,5,-2.2300477027893066,2.9592487812042236,-3.2321877479553223,5.179720878601074,4.45123815536499,8.304491996765137,-2.6759016513824463,-2.8814244270324707,3.1919398307800293,-0.05393127351999283,1.4743527173995972,-6.560727119445801,-0.3010021150112152,-1.047954797744751,2.2343292236328125,-1.1452903747558594,-0.38229602575302124,-0.7492257356643677,2.167591094970703,0.259794145822525,0.10585983097553253,-0.5659601092338562,0.4122287631034851,-0.20960214734077454,1.7817951440811157,-5.085958957672119,1.9053208827972412,-2.9823389053344727,5.529996395111084,-0.9765488505363464,3.9438846111297607,-0.8202217221260071
A,1,252,3,2,11,5,-2.1107606887817383,2.7523019313812256,-3.156304121017456,4.732946872711182,4.6572442054748535,8.234369277954102,-2.403761148452759,-2.6584739685058594,3.0952606201171875,-0.3138566315174103,1.5998306274414062,-6.458239555358887,-0.018619487062096596,-0.5469683408737183,2.321632146835327,-0.8354042768478394,-0.6647583842277527,-1.142871618270874,1.9942152500152588,0.6415275931358337,0.2943115234375,-0.3948840796947479,0.5745147466659546,-0.3210550546646118,1.9743350744247437,-5.510336399078369,1.6761277914047241,-2.8067500591278076,5.961698532104492,-0.9004818797111511,4.331086158752441,-1.2535978555679321
A,1,252,3,2,12,4,-2.392045736312866,3.211650848388672,-3.3504505157470703,5.493140697479248,4.409529209136963,8.764411926269531,-2.8899123668670654,-3.1402337551116943,3.368605852127075,-0.22201545536518097,1.274268627166748,-6.548577308654785,-0.4065636098384857,-1.006913423538208,2.019094705581665,-1.2228927612304688,-0.30076873302459717,-0.6823470592498779,1.9201292991638184,0.04181789979338646,-0.17587557435035706,-0.4114621877670288,1.0134856700897217,-0.5064697265625,2.1892080307006836,-5.38051700592041,1.6229161024093628,-3.1349573135375977,5.750085353851318,-1.0347057580947876,4.610304832458496,-0.7923719882965088
A,1,252,3,2,13,6,-2.2222957611083984,2.811474561691284,-3.5674164295196533,5.031216144561768,4.41142463684082,8.586221694946289,-2.6690025329589844,-2.98687481880188,3.238121271133423,-0.06682010740041733,1.5469255447387695,-6.774373531341553,-0.3824251890182495,-0.8475725650787354,2.0640299320220947,-1.084594488143921,-0.5404830574989319,-0.9434338212013245,1.9631887674331665,0.38345399498939514,0.0998128354549408,-0.4317408502101898,0.7437817454338074,-0.3175172805786133,2.020068407058716,-5.476258754730225,1.701966643333435,-2.8804969787597656,6.097903728485107,-0.9435824751853943,4.378815174102783,-0.9794938564300537
A,1,651,1,1,9,4,-2.3075931072235107,3.2474498748779297,-3.3070032596588135,5.473851680755615,4.030006408691406,8.695158958435059,-3.008206844329834,-3.1115126609802246,3.160998821258545,0.26907917857170105,1.19577956199646,-6.5102691650390625,-0.6901941895484924,-1.4714328050613403,2.4106409549713135,-1.4365739822387695,-0.2914586067199707,-0.39762601256370544,2.286839246749878,-0.2214362919330597,-0.1394793689250946,-0.671602189540863,0.5095434188842773,-0.18794220685958862,1.910961389541626,-4.81234073638916,1.842011570930481,-3.1654837131500244,5.036015510559082,-0.8913004994392395,3.91190242767334,-0.44960451126098633
A,1,651,1,1,10,5,-2.273353099822998,3.4366297721862793,-3.2046902179718018,5.737429618835449,4.111968517303467,8.645861625671387,-3.182783842086792,-3.180626392364502,3.3200957775115967,0.11796806752681732,0.8469349145889282,-6.270026206970215,-0.8563880920410156,-1.6619113683700562,2.0327584743499756,-1.5782849788665771,-0.13285920023918152,-0.17890538275241852,2.0033602714538574,-0.5176242589950562,-0.4564615786075592,-0.5514230728149414,0.889992356300354,-0.45116153359413147,2.029287815093994,-4.6668829917907715,1.715611457824707,-3.2050464153289795,4.920283794403076,-0.8655979037284851,4.1242876052856445,-0.237542062997818
A,1,651,1,1,11,5,-2.0735397338867188,3.110354423522949,-2.888178586959839,5.131977081298828,3.9930922985076904,8.217318534851074,-2.8000435829162598,-2.8884832859039307,3.1634631156921387,-0.1688338965177536,0.9833589792251587,-6.010847568511963,-0.5044757127761841,-1.2566077709197998,1.9099490642547607,-1.165663480758667,-0.2765769362449646,-0.5358237028121948,1.7962948083877563,-0.35518577694892883,-0.38175368309020996,-0.275247186422348,1.1386396884918213,-0.4656045436859131,2.0799174308776855,-4.651930332183838,1.512921690940857,-2.8990273475646973,5.169785022735596,-0.7496628761291504,4.381913185119629,-0.5470229387283325
A,1,651,1,1,12,4,-2.1154346466064453,3.0516796112060547,-3.1293046474456787,5.213504791259766,4.023019313812256,8.387977600097656,-2.843973159790039,-2.9342575073242188,3.1822195053100586,0.020247608423233032,1.2546966075897217,-6.339181900024414,-0.48491716384887695,-1.2870771884918213,2.1041347980499268,-1.1516468524932861,-0.2826894223690033,-0.5657644271850586,2.031970500946045,-0.26229456067085266,-0.211124449968338,-0.3798854947090149,0.8432545065879822,-0.26118969917297363,2.0056467056274414,-4.767720699310303,1.70028817653656,-2.98964786529541,5.238741397857666,-0.7950505018234253,4.162574768066406,-0.5473331212997437
A,1,651,1,1,13,6,-2.2161169052124023,3.0887012481689453,-3.148841142654419,5.428212642669678,4.229320049285889,8.530580520629883,-2.8497397899627686,-3.0208215713500977,3.3836281299591064,-0.22353315353393555,1.1983228921890259,-6.542940616607666,-0.5595434308052063,-1.377066969871521,1.8153539896011353,-1.1777011156082153,-0.2580294907093048,-0.5894684195518494,1.8763937950134277,-0.18792371451854706,-0.2949077785015106,-0.23161716759204865,1.04743230342865,-0.49411866068840027,2.1938161849975586,-4.9782633781433105,1.6094881296157837,-2.938127279281616,5.72202730178833,-0.8785490393638611,4.463344097137451,-0.5852974653244019
A,1,651,1,2,9,4,-2.39321231842041,3.4328272342681885,-3.282555103302002,5.695267200469971,3.9787769317626953,8.797270774841309,-3.2023723125457764,-3.266387939453125,3.2323076725006104,0.3057519197463989,0.9193719029426575,-6.340888977050781,-0.9060488939285278,-1.6635648012161255,2.275106430053711,-1.6691405773162842,-0.17819693684577942,-0.12373930215835571,2.186217784881592,-0.48923659324645996,-0.3569055199623108,-0.7776592373847961,0.7171106338500977,-0.3067150115966797,1.9039080142974854,-4.664331436157227,1.7533038854599,-3.249570369720459,4.7673492431640625,-0.9062093496322632,4.007862091064453,-0.2006218135356903
A,1,651,1,2,10,5,-2.3676040172576904,3.6521899700164795,-3.092071056365967,6.072201728820801,4.298836708068848,8.79063892364502,-3.3465495109558105,-3.315356731414795,3.5417652130126953,-0.15939147770404816,0.5741833448410034,-6.155499458312988,-0.9408630132675171,-1.7537809610366821,1.7680995464324951,-1.661657691001892,-0.029552707448601723,-0.044303495436906815,1.7653834819793701,-0.6988339424133301,-0.7118781805038452,-0.47720369696617126,1.3389774560928345,-0.7434478998184204,2.2466650009155273,-4.765692710876465,1.543347716331482,-3.2866764068603516,5.0511345863342285,-0.9074350595474243,4.580721855163574,-0.13443538546562195
A,1,651,1,2,11,5,-2.3528051376342773,3.294940233230591,-3.3613414764404297,5.354072093963623,3.9513001441955566,8.715423583984375,-3.055060863494873,-3.1932780742645264,3.1864023208618164,0.13978245854377747,0.9585033655166626,-6.217635154724121,-0.6163693070411682,-1.159143328666687,2.008396625518799,-1.463585615158081,-0.25696367025375366,-0.41972988843917847,1.907963514328003,-0.3931872248649597,-0.4424726366996765,-0.5819998979568481,1.1889393329620361,-0.4287963807582855,2.000986099243164,-4.902838230133057,1.528564453125,-3.1043715476989746,5.101017951965332,-0.8728388547897339,4.502551078796387,-0.4487232565879822
A,1,651,1,2,12,3,-2.336442232131958,3.169956922531128,-3.3697879314422607,5.409769535064697,4.180717945098877,8.716004371643066,-2.9309017658233643,-3.073749542236328,3.263094663619995,0.05016634985804558,1.1929391622543335,-6.556880950927734,-0.5343397855758667,-1.2603956460952759,2.077080488204956,-1.3306522369384766,-0.34221920371055603,-0.601940929889679,2.0032739639282227,-0.1583123803138733,-0.2737840712070465,-0.49848178029060364,0.9365469813346863,-0.3452458083629608,2.0529494285583496,-5.061086177825928,1.6718062162399292,-3.0447213649749756,5.506686687469482,-0.8916098475456238,4.396207332611084,-0.6021154522895813
A,1,651,1,2,13,7,-2.2969672679901123,3.1930384635925293,-3.2998886108398438,5.54567813873291,4.102584362030029,8.70246696472168,-3.036752700805664,-3.169955015182495,3.3839821815490723,-0.045655105262994766,1.1245025396347046,-6.530121326446533,-0.6530218124389648,-1.4337692260742188,1.8922630548477173,-1.3515264987945557,-0.18939898908138275,-0.44489267468452454,1.9479082822799683,-0.3511333763599396,-0.4041908383369446,-0.39690953493118286,1.0873173475265503,-0.42349210381507874,2.1113059520721436,-4.942000389099121,1.6242507696151733,-3.069150924682617,5.478516101837158,-0.883844256401062,4.458127498626709,-0.43152907490730286
A,1,651,2,1,9,4,-2.190609931945801,3.0158166885375977,-3.5189871788024902,4.803091049194336,3.692608594894409,8.360923767089844,-2.791645050048828,-2.966770648956299,2.769473075866699,0.6894344091415405,1.3031408786773682,-6.342320919036865,-0.5055766701698303,-1.0310500860214233,2.5178377628326416,-1.4070885181427002,-0.4919206202030182,-0.5786186456680298,2.3177602291107178,-0.04933764785528183,0.06811867654323578,-0.8901040554046631,0.3357169032096863,0.013207404874265194,1.5218967199325562,-4.636504173278809,1.880575180053711,-2.9109156131744385,4.7731523513793945,-0.8079075813293457,3.639977216720581,-0.5180544853210449
A,1,651,2,1,10,5,-2.0345780849456787,2.8032004833221436,-3.216466188430786,4.660816192626953,4.1506195068359375,8.03376293182373,-2.4617815017700195,-2.6189281940460205,2.8712775707244873,0.20765332877635956,1.362971544265747,-6.36033296585083,-0.3489423394203186,-1.024315595626831,2.277946710586548,-1.1505775451660156,-0.6836131811141968,-0.867237389087677,2.0721216201782227,0.2876603603363037,0.18619361519813538,-0.5553258657455444,0.33753442764282227,-0.1659122258424759,1.643540620803833,-4.761125564575195,1.8282476663589478,-2.7051572799682617,5.359152793884277,-0.7780793309211731,3.778808116912842,-0.7998231053352356
A,1,651,2,1,11,5,-1.9945831298828125,2.6333696842193604,-3.220761775970459,4.407000541687012,4.144968032836914,8.031275749206543,-2.3623461723327637,-2.5146608352661133,2.785127878189087,0.16665858030319214,1.5226290225982666,-6.334447383880615,-0.20546908676624298,-0.7963700294494629,2.409902572631836,-0.9600974321365356,-0.8139398694038391,-1.0710339546203613,2.0738015174865723,0.4131661355495453,0.27904611825942993,-0.5359551906585693,0.3673538267612457,-0.10161907970905304,1.6982427835464478,-4.973904132843018,1.7390931844711304,-2.6376540660858154,5.509768486022949,-0.7038317322731018,3.924844264984131,-1.010496973991394
A,1,651,2,1,12,4,-2.043344497680664,2.57393741607666,-3.437340497970581,4.40263557434082,4.10929012298584,8.182730674743652,-2.358628511428833,-2.613767147064209,2.8091793060302734,0.2523908317089081,1.6509990692138672,-6.541231155395508,-0.17472440004348755,-0.7286102771759033,2.386809825897217,-0.9882688522338867,-0.7887296676635742,-1.126380443572998,2.1087570190429688,0.4752886891365051,0.3051445484161377,-0.553961992263794,0.3792016804218292,-0.021975819021463394,1.6725717782974243,-5.086103439331055,1.7648581266403198,-2.6275596618652344,5.691588401794434,-0.7580084204673767,3.9489378929138184,-1.0227699279785156
A,1,651,2,1,13,7,-2.1258628368377686,2.5746066570281982,-3.3536670207977295,4.8939995765686035,4.430418968200684,8.354362487792969,-2.412830114364624,-2.683734893798828,3.1756436824798584,-0.1682490110397339,1.7636280059814453,-7.021008014678955,-0.2535380721092224,-1.1012660264968872,2.130911350250244,-0.8747106790542603,-0.7044755220413208,-1.1923843622207642,2.0990116596221924,0.5377281308174133,0.2440926730632782,-0.2569182813167572,0.45591574907302856,-0.19566480815410614,2.012223958969116,-5.349098205566406,1.8404771089553833,-2.6636102199554443,6.436115264892578,-0.8407770991325378,4.1856794357299805,-1.0583317279815674
A,1,651,2,2,9,5,-2.182979106903076,3.134216785430908,-3.474721908569336,5.102531909942627,3.8327746391296387,8.505849838256836,-2.944035053253174,-3.073131561279297,2.9678990840911865,0.5137896537780762,1.2350952625274658,-6.375848770141602,-0.5866369009017944,-1.1695631742477417,2.4212963581085205,-1.4275273084640503,-0.33336085081100464,-0.46231579780578613,2.274407148361206,-0.1933528482913971,-0.0725475326180458,-0.7669157981872559,0.4954081177711487,-0.1023934930562973,1.7199103832244873,-4.730093479156494,1.8550958633422852,-3.041712999343872,4.827704429626465,-0.8340574502944946,3.7824172973632812,-0.43828025460243225
A,1,651,2,2,10,5,-2.040092945098877,2.7965691089630127,-3.2914905548095703,4.721997261047363,4.220999240875244,8.129742622375488,-2.485959529876709,-2.6195504665374756,2.898420572280884,0.21012768149375916,1.444981336593628,-6.487175941467285,-0.30467280745506287,-1.0121256113052368,2.338587522506714,-1.1175974607467651,-0.6924434304237366,-0.9358523488044739,2.110792875289917,0.33927416801452637,0.19836822152137756,-0.516915500164032,0.2962808609008789,-0.12840990722179413,1.699406385421753,-4.8924736976623535,1.8570327758789062,-2.7406978607177734,5.4875288009643555,-0.7751238942146301,3.788097858428955,-0.8645542860031128
A,1,651,2,2,11,5,-2.001452922821045,2.6742491722106934,-3.0648441314697266,4.550932884216309,4.0795793533325195,7.9874267578125,-2.4471778869628906,-2.60296368598938,2.9045817852020264,-0.008034706115722656,1.3359453678131104,-6.200647830963135,-0.34990063309669495,-0.9790655374526978,2.0984995365142822,-0.9965237379074097,-0.6666054129600525,-0.9115692377090454,1.8914690017700195,0.2121078073978424,0.05738406255841255,-0.3944716155529022,0.6675311923027039,-0.25893816351890564,1.8344379663467407,-4.848937511444092,1.608328104019165,-2.6111562252044678,5.524240016937256,-0.7035518884658813,4.077712059020996,-0.8923221826553345
A,1,651,2,2,12,4,-2.1708130836486816,2.6599907875061035,-3.41210675239563,4.98494815826416,4.3079729080200195,8.361101150512695,-2.507810354232788,-2.733285427093506,3.151859760284424,-0.02910703793168068,1.6736479997634888,-6.930932998657227,-0.38460156321525574,-1.2326173782348633,2.0855698585510254,-1.0230484008789062,-0.6447180509567261,-1.0220624208450317,2.086906909942627,0.3798469603061676,0.18358945846557617,-0.3477379083633423,0.438973993062973,-0.1792253702878952,1.9082365036010742,-5.155971050262451,1.8577818870544434,-2.7190403938293457,6.1573920249938965,-0.8738998174667358,4.053342819213867,-0.8728479743003845
A,1,651,2,2,13,7,-2.199380397796631,2.686166524887085,-3.5356452465057373,4.889496326446533,4.6240105628967285,8.522099494934082,-2.3854403495788574,-2.680035352706909,3.1120798587799072,-0.05823010578751564,1.7862217426300049,-7.106724739074707,-0.15610136091709137,-0.88276606798172,2.3356621265411377,-0.9307990670204163,-0.8448454141616821,-1.313543677330017,2.1474735736846924,0.7391184568405151,0.3888515532016754,-0.4128151535987854,0.3429085314273834,-0.20947933197021484,1.9485992193222046,-5.541500568389893,1.917333722114563,-2.707017660140991,6.510402202606201,-0.8969630599021912,4.198208332061768,-1.2024915218353271
A,1,651,3,1,9,4,-2.3470606803894043,3.2441649436950684,-3.400576114654541,5.577828407287598,4.123647689819336,8.810508728027344,-3.050629138946533,-3.181241035461426,3.262937545776367,0.19011026620864868,1.3102445602416992,-6.650886535644531,-0.6039859652519226,-1.3721363544464111,2.384373903274536,-1.4034552574157715,-0.22781458497047424,-0.4430285096168518,2.306159019470215,-0.21247442066669464,-0.12755264341831207,-0.6405211091041565,0.5578277111053467,-0.1820438951253891,1.9609748125076294,-5.005468368530273,1.8782447576522827,-3.2275941371917725,5.203537940979004,-0.9475667476654053,4.047102928161621,-0.4989098608493805
A,1,651,3,1,10,5,-2.299575090408325,3.2559585571289062,-3.133094310760498,5.67048978805542,4.013728141784668,8.587738990783691,-3.094785213470459,-3.117975950241089,3.3524527549743652,0.035600997507572174,1.047335147857666,-6.438429832458496,-0.7817404866218567,-1.735455870628357,1.9801006317138672,-1.4589624404907227,-0.1344536989927292,-0.24050751328468323,2.069352626800537,-0.48986902832984924,-0.4041702151298523,-0.4745017886161804,0.8344632387161255,-0.3793414235115051,2.0202627182006836,-4.653604984283447,1.7419286966323853,-3.1298868656158447,5.1314873695373535,-0.8572421073913574,4.1274824142456055,-0.27708736062049866
A,1,651,3,1,11,5,-2.3073995113372803,3.2245655059814453,-3.1015877723693848,5.667096138000488,4.159237861633301,8.568891525268555,-3.0031895637512207,-3.064042568206787,3.4042487144470215,-0.12273933738470078,1.0278863906860352,-6.44342565536499,-0.7614811658859253,-1.6700035333633423,1.798710584640503,-1.3800544738769531,-0.20243212580680847,-0.32934877276420593,1.882192850112915,-0.409976065158844,-0.3962956964969635,-0.35209593176841736,0.9896093606948853,-0.5265359282493591,2.1543681621551514,-4.779065132141113,1.6406723260879517,-3.0381932258605957,5.420025825500488,-0.8754147291183472,4.33545446395874,-0.39561787247657776
A,1,651,3,1,12,4,-2.3082966804504395,3.1261954307556152,-3.2081117630004883,5.472901344299316,4.184292316436768,8.507591247558594,-2.885922908782959,-3.0017802715301514,3.3317043781280518,-0.029597345739603043,1.15778648853302,-6.550507545471191,-0.6477630138397217,-1.5278723239898682,1.9008229970932007,-1.3246140480041504,-0.3138114809989929,-0.47100237011909485,1.9586753845214844,-0.19236654043197632,-0.2500818967819214,-0.45168226957321167,0.8506277799606323,-0.41753578186035156,2.0013487339019775,-4.820987701416016,1.6948996782302856,-2.9608941078186035,5.517161846160889,-0.8891904354095459,4.25219202041626,-0.4708431363105774
A,1,651,3,1,13,6,-2.420492172241211,3.2639687061309814,-3.3200464248657227,5.855937480926514,4.485464096069336,8.889947891235352,-3.0015861988067627,-3.246492385864258,3.634014844894409,-0.35316646099090576,1.1878291368484497,-6.840345859527588,-0.6796643733978271,-1.5071347951889038,1.7755212783813477,-1.2913438081741333,-0.20173120498657227,-0.5254455804824829,1.8956645727157593,-0.12846890091896057,-0.31847918033599854,-0.31601980328559875,1.1300188302993774,-0.6334051489830017,2.348999261856079,-5.284463405609131,1.6480025053024292,-3.0750608444213867,6.0657782554626465,-1.0350879430770874,4.68888521194458,-0.5850008726119995
A,1,651,3,2,9,4,-2.4575748443603516,3.393005132675171,-3.391878128051758,5.9125823974609375,4.263303279876709,9.021391868591309,-3.168790340423584,-3.317211866378784,3.456573724746704,-0.02278982661664486,1.2075374126434326,-6.749258995056152,-0.7080111503601074,-1.5219058990478516,2.2202234268188477,-1.4803568124771118,-0.1319098174571991,-0.3712058663368225,2.214205026626587,-0.2830744683742523,-0.26650530099868774,-0.5563211441040039,0.7607108354568481,-0.3665468096733093,2.1548168659210205,-5.139372825622559,1.8311913013458252,-3.3068089485168457,5.4414472579956055,-1.0184710025787354,4.297860145568848,-0.46321895718574524
A,1,651,3,2,10,5,-2.3647124767303467,3.3191745281219482,-3.147611379623413,5.838910102844238,4.17056941986084,8.716394424438477,-3.1271820068359375,-3.1515398025512695,3.4418632984161377,-0.08349933475255966,1.033445119857788,-6.552914619445801,-0.7965953946113586,-1.7810823917388916,1.909576416015625,-1.4893079996109009,-0.12853959202766418,-0.2635292708873749,2.0296356678009033,-0.44997912645339966,-0.4240809381008148,-0.42908209562301636,0.8816459774971008,-0.46793633699417114,2.101250410079956,-4.7665019035339355,1.7540664672851562,-3.1568820476531982,5.351121425628662,-0.8902481198310852,4.2488627433776855,-0.32226842641830444
A,1,651,3,2,11,5,-2.2696945667266846,3.136319875717163,-3.1554737091064453,5.386953353881836,4.194603443145752,8.531932830810547,-2.8572497367858887,-3.003451108932495,3.2625815868377686,-0.10955007374286652,1.1575461626052856,-6.406643867492676,-0.5692437887191772,-1.3405441045761108,2.0093600749969482,-1.273657202720642,-0.3347051739692688,-0.5497952103614807,1.945163369178772,-0.15945538878440857,-0.20781290531158447,-0.43449729681015015,0.8901454210281372,-0.44631677865982056,2.0627002716064453,-4.924690246582031,1.665077567100525,-2.9890241622924805,5.4916672706604,-0.8810461163520813,4.33394718170166,-0.6122898459434509
A,1,651,3,2,12,4,-2.2972488403320312,3.043186664581299,-3.186347007751465,5.262383460998535,3.757887363433838,8.408132553100586,-2.9208226203918457,-3.090289354324341,3.1987948417663574,0.09942663460969925,1.0921478271484375,-6.313070774078369,-0.707796037197113,-1.488703966140747,1.8496792316436768,-1.3505659103393555,-0.24393418431282043,-0.37095165252685547,1.9372320175170898,-0.38998135924339294,-0.3847619593143463,-0.4891149401664734,1.0252405405044556,-0.31658217310905457,1.9445308446884155,-4.632578372955322,1.5543057918548584,-2.9256668090820312,5.190916061401367,-0.8442076444625854,4.254415988922119,-0.3493480384349823
A,1,651,3,2,13,6,-2.3552677631378174,3.0626766681671143,-3.146777868270874,5.5576958656311035,4.518425464630127,8.649699211120605,-2.772017478942871,-3.056039571762085,3.5388755798339844,-0.5132919549942017,1.242169737815857,-6.7508392333984375,-0.5592195987701416,-1.348990797996521,1.7174091339111328,-1.1011584997177124,-0.3506518304347992,-0.7134514451026917,1.812740445137024,0.07297348231077194,-0.22381901741027832,-0.20737922191619873,1.1498550176620483,-0.668430745601654,2.385310411453247,-5.3377156257629395,1.54051673412323,-2.882117986679077,6.273660182952881,-0.98653644323349,4.757741928100586,-0.7967941761016846
A,1,671,1,1,9,4,-2.5634353160858154,3.5115575790405273,-3.6653764247894287,6.030773639678955,4.360646724700928,9.262630462646484,-3.2903690338134766,-3.3471765518188477,3.3733692169189453,0.3242611885070801,1.3062827587127686,-6.972329139709473,-0.7711063027381897,-1.60116708278656,2.609203338623047,-1.7330538034439087,-0.19949297606945038,-0.31137406826019287,2.4977381229400635,-0.25674837827682495,-0.11641877889633179,-0.8506839871406555,0.26064908504486084,-0.15689145028591156,1.8185467720031738,-5.14774227142334,2.0706675052642822,-3.4803130626678467,5.1732940673828125,-1.0903129577636719,3.9353654384613037,-0.39036107063293457
A,1,671,1,1,10,5,-2.3383874893188477,3.2158424854278564,-3.3066773414611816,5.567751884460449,4.087064266204834,8.6293363571167,-3.016737222671509,-2.9808449745178223,3.21563982963562,0.2598174214363098,1.191219449043274,-6.569340705871582,-0.6946749091148376,-1.680767297744751,2.214686870574951,-1.5293210744857788,-0.28392893075942993,-0.37713822722435,2.2012572288513184,-0.36420196294784546,-0.24706725776195526,-0.5631653070449829,0.46690136194229126,-0.1765206754207611,1.7829616069793701,-4.689364433288574,1.944056749343872,-3.1759305000305176,5.053033351898193,-0.8773363828659058,3.8425872325897217,-0.3778235614299774
A,1,671,1,1,11,6,-2.3086273670196533,3.269651174545288,-3.1467859745025635,5.773134231567383,4.221956253051758,8.64535903930664,-3.1005403995513916,-3.1008074283599854,3.470445394515991,-0.15425051748752594,1.072563886642456,-6.491672515869141,-0.7112689018249512,-1.6971796751022339,1.8752707242965698,-1.39993155002594,-0.1422840654850006,-0.34730324149131775,1.9473708868026733,-0.49409985542297363,-0.4627107083797455,-0.3138391673564911,0.9754552245140076,-0.4612940549850464,2.1346592903137207,-4.882307529449463,1.7168922424316406,-3.1649856567382812,5.366879940032959,-0.904578685760498,4.3484416007995605,-0.35643449425697327
A,1,671,1,1,12,5,-2.4670019149780273,3.4499263763427734,-3.596369981765747,6.300079345703125,4.581670761108398,9.281746864318848,-3.2680115699768066,-3.480276584625244,3.777034044265747,-0.2820930778980255,1.3289798498153687,-7.131854057312012,-0.6770519018173218,-1.563963532447815,1.9491256475448608,-1.411517858505249,0.0007729217177256942,-0.4850378930568695,2.0767016410827637,-0.2706429958343506,-0.35663822293281555,-0.29451826214790344,1.0052077770233154,-0.5187188982963562,2.416764736175537,-5.508734226226807,1.825190782546997,-3.3789877891540527,6.084860324859619,-1.1269009113311768,4.660481929779053,-0.4917398989200592
A,1,671,1,1,13,6,-2.5467216968536377,3.569422721862793,-3.617347002029419,6.502233505249023,4.74110746383667,9.460837364196777,-3.409339189529419,-3.584820032119751,3.9292335510253906,-0.3781198263168335,1.223655104637146,-7.172730922698975,-0.7789648175239563,-1.6173267364501953,1.8531522750854492,-1.4811798334121704,0.026200182735919952,-0.3712857961654663,2.012427568435669,-0.3290713131427765,-0.4421249330043793,-0.30502578616142273,1.1670993566513062,-0.6729281544685364,2.5220489501953125,-5.638182163238525,1.7693591117858887,-3.464076042175293,6.167654037475586,-1.1613398790359497,4.861276149749756,-0.4568963050842285
A,1,671,1,2,9,4,-2.5408804416656494,3.543433904647827,-3.6193952560424805,6.13665771484375,4.443718910217285,9.30685043334961,-3.312091827392578,-3.426596164703369,3.471539258956909,0.1186804324388504,1.2799797058105469,-6.932319641113281,-0.7379269003868103,-1.5005481243133545,2.550691604614258,-1.6044437885284424,-0.14648465812206268,-0.35474860668182373,2.4236598014831543,-0.2354680299758911,-0.13529762625694275,-0.7470274567604065,0.4914364218711853,-0.2978650629520416,2.0900607109069824,-5.350320339202881,1.999343991279602,-3.5046546459198,5.377762794494629,-1.1086350679397583,4.181319713592529,-0.4567508101463318
A,1,671,1,2,10,5,-2.4595961570739746,3.347808837890625,-3.5878472328186035,5.757036209106445,4.324352264404297,9.02872371673584,-3.117400646209717,-3.1596884727478027,3.283672332763672,0.2670458257198334,1.3590686321258545,-6.8700103759765625,-0.5909873247146606,-1.4216222763061523,2.5289788246154785,-1.5029287338256836,-0.3302673101425171,-0.519079327583313,2.3940207958221436,-0.13413313031196594,-0.07004700601100922,-0.7178239226341248,0.38059157133102417,-0.14294679462909698,1.881005048751831,-5.150048732757568,2.0069737434387207,-3.345238447189331,5.332157135009766,-0.9825693368911743,4.028907299041748,-0.5420466661453247
A,1,671,1,2,11,5,-2.222486972808838,3.0821797847747803,-3.2857940196990967,5.303112983703613,3.9663352966308594,8.490880966186523,-2.9451282024383545,-3.041315793991089,3.219865322113037,0.12242789566516876,1.185728669166565,-6.385148048400879,-0.6206789016723633,-1.3934966325759888,2.0592398643493652,-1.3334095478057861,-0.26807424426078796,-0.45423364639282227,2.028364658355713,-0.3290972113609314,-0.2849282920360565,-0.46081671118736267,0.8236411809921265,-0.2572060823440552,1.936038613319397,-4.815638542175293,1.6857328414916992,-3.0470211505889893,5.162400722503662,-0.8487199544906616,4.16019868850708,-0.42107710242271423
A,1,671,1,2,12,4,-2.3866183757781982,3.28950572013855,-3.583932876586914,5.790618896484375,4.504095554351807,9.038799285888672,-3.0371129512786865,-3.2993202209472656,3.477778911590576,-0.043907832354307175,1.3649121522903442,-6.942765235900879,-0.5611099600791931,-1.2880804538726807,2.1813151836395264,-1.3774021863937378,-0.23160183429718018,-0.5931867361068726,2.1630196571350098,-0.03283129259943962,-0.1264324188232422,-0.525422990322113,0.7620881795883179,-0.3869134187698364,2.1049671173095703,-5.3470072746276855,1.8427903652191162,-3.2135093212127686,5.834139347076416,-1.0534783601760864,4.390758037567139,-0.5937128663063049
A,1,671,1,2,13,6,-2.418273687362671,3.1769015789031982,-3.6976702213287354,5.799023151397705,4.233824253082275,9.045332908630371,-3.0881831645965576,-3.3268659114837646,3.480433464050293,0.1312914788722992,1.4401437044143677,-7.084873676300049,-0.6963507533073425,-1.5142250061035156,2.0794992446899414,-1.415632724761963,-0.1954609751701355,-0.5170795917510986,2.2090132236480713,-0.15178632736206055,-0.1793859601020813,-0.501825749874115,0.7188964486122131,-0.24685311317443848,2.085866689682007,-5.215217113494873,1.890697956085205,-3.2023890018463135,5.8095622062683105,-1.0239439010620117,4.246676921844482,-0.46742650866508484
A,1,671,2,1,9,4,-2.2253427505493164,3.0072295665740967,-2.9069406986236572,4.93486213684082,4.239845275878906,8.096576690673828,-2.525995969772339,-2.5659451484680176,2.9295082092285156,0.13474254310131073,1.127450942993164,-6.285442352294922,-0.5566097497940063,-1.4685397148132324,2.278895378112793,-1.350993275642395,-0.6767095923423767,-0.5962773561477661,2.1098315715789795,0.16888025403022766,0.10816226899623871,-0.6491883397102356,0.22100016474723816,-0.24056485295295715,1.6030503511428833,-4.47543478012085,1.8634729385375977,-2.7790966033935547,5.1210198402404785,-0.7875233888626099,3.648780107498169,-0.6619822978973389
A,1,671,2,1,10,5,-2.09390926361084,2.95377254486084,-2.9928901195526123,4.838171482086182,3.929217576980591,8.007847785949707,-2.5923705101013184,-2.6980271339416504,2.901700973510742,0.18282239139080048,1.0528085231781006,-6.0648884773254395,-0.5853110551834106,-1.367719054222107,2.1104938983917236,-1.3159939050674438,-0.5198081731796265,-0.5667757987976074,1.966798186302185,-0.05932048708200455,-0.07440569251775742,-0.5498925447463989,0.5520617365837097,-0.24556870758533478,1.6899032592773438,-4.4021759033203125,1.7309297323226929,-2.7648868560791016,4.979663372039795,-0.7472548484802246,3.779066562652588,-0.5292564630508423
A,1,671,2,1,11,5,-2.023510456085205,2.731462240219116,-3.0867953300476074,4.434326648712158,4.102513313293457,7.870449066162109,-2.3093161582946777,-2.425384521484375,2.6855170726776123,0.28414270281791687,1.3849860429763794,-6.227118492126465,-0.27611276507377625,-1.0119179487228394,2.464271306991577,-1.0784962177276611,-0.8525330424308777,-0.9751588702201843,2.114828109741211,0.3883231282234192,0.31867772340774536,-0.6322008371353149,0.1494927704334259,-0.03927848860621452,1.5147243738174438,-4.617796421051025,1.878350019454956,-2.618234395980835,5.232671737670898,-0.7100472450256348,3.5950934886932373,-0.8989437222480774
A,1,671,2,1,12,4,-2.1809558868408203,2.819751501083374,-3.276045322418213,4.7862324714660645,4.15830659866333,8.245943069458008,-2.513943672180176,-2.692521572113037,2.9320871829986572,0.22481508553028107,1.3426923751831055,-6.454541206359863,-0.45287221670150757,-1.174131155014038,2.2212321758270264,-1.2271265983581543,-0.710616946220398,-0.8203654289245605,2.032883644104004,0.24367380142211914,0.12376473098993301,-0.6080658435821533,0.44308218359947205,-0.16182446479797363,1.661415457725525,-4.795602798461914,1.762577772140503,-2.7260448932647705,5.487296104431152,-0.7950080633163452,3.9211606979370117,-0.7425998449325562
A,1,671,2,1,13,6,-2.3527252674102783,2.8694398403167725,-3.744420051574707,5.213764667510986,4.518777370452881,8.801850318908691,-2.6368749141693115,-2.9827544689178467,3.2239019870758057,0.15070287883281708,1.6455650329589844,-7.155589580535889,-0.4726521074771881,-1.125925898551941,2.2680585384368896,-1.218445897102356,-0.6758120656013489,-0.9772526621818542,2.1828253269195557,0.541773796081543,0.29988232254981995,-0.5912202000617981,0.35502877831459045,-0.18567855656147003,1.9151792526245117,-5.442375183105469,1.9637598991394043,-2.9005095958709717,6.258636474609375,-0.9893591403961182,4.091658115386963,-0.923655092716217
A,1,671,2,2,9,4,-2.3544721603393555,3.4342610836029053,-3.2525599002838135,5.509903907775879,4.15423583984375,8.600683212280273,-3.0179052352905273,-3.117485284805298,3.1448235511779785,0.2703964114189148,0.89861661195755,-6.301922798156738,-0.794314980506897,-1.4904766082763672,2.217169761657715,-1.66808021068573,-0.28844717144966125,-0.2466137409210205,2.119560718536377,-0.23378068208694458,-0.194573312997818,-0.804212212562561,0.5782418251037598,-0.39753222465515137,1.7535568475723267,-4.6051926612854,1.8398334980010986,-3.109464168548584,4.8576483726501465,-0.9354585409164429,3.8859479427337646,-0.3399287462234497
A,1,671,2,2,10,5,-2.1871681213378906,3.098402261734009,-3.3313605785369873,4.759915828704834,4.276177883148193,8.327943801879883,-2.5756962299346924,-2.7500977516174316,2.8111462593078613,0.3588249087333679,1.2000367641448975,-6.267098426818848,-0.3632073700428009,-0.845299243927002,2.5428578853607178,-1.3325979709625244,-0.7310019135475159,-0.8007820248603821,2.1566250324249268,0.3429645895957947,0.23632042109966278,-0.8341541290283203,0.30980557203292847,-0.23686620593070984,1.6097204685211182,-4.89155912399292,1.8418395519256592,-2.86643648147583,5.11489200592041,-0.8372478485107422,3.845010280609131,-0.835034966468811
A,1,671,2,2,11,5,-2.015180826187134,2.7344629764556885,-3.200129985809326,4.276003837585449,3.882838487625122,7.839875221252441,-2.350449562072754,-2.5323739051818848,2.599848508834839,0.4562450051307678,1.2570717334747314,-6.063530921936035,-0.34092703461647034,-0.9047985076904297,2.3419454097747803,-1.2004215717315674,-0.8150285482406616,-0.8677849769592285,2.0380139350891113,0.29768821597099304,0.22795610129833221,-0.7350343465805054,0.31495529413223267,-0.061851780861616135,1.3996155261993408,-4.475072383880615,1.7763512134552002,-2.5820069313049316,5.001275539398193,-0.6834741830825806,3.6284775733947754,-0.762039065361023
A,1,671,2,2,12,5,-2.122554302215576,2.75273060798645,-3.499124050140381,4.615823268890381,4.241663932800293,8.349306106567383,-2.4375221729278564,-2.7587645053863525,2.8648433685302734,0.2297859638929367,1.5814659595489502,-6.5661301612854,-0.22918668389320374,-0.742145299911499,2.4545464515686035,-1.0668023824691772,-0.7484560012817383,-1.0889856815338135,2.123112201690674,0.5307851433753967,0.34211355447769165,-0.6291742324829102,0.3651798367500305,-0.07958744466304779,1.6943371295928955,-5.143904685974121,1.8350117206573486,-2.7416889667510986,5.710559844970703,-0.8485462069511414,3.950406551361084,-1.001948595046997
A,1,671,2,2,13,8,-2.2983627319335938,2.827559471130371,-3.757596015930176,4.7298431396484375,4.327844142913818,8.640901565551758,-2.503673553466797,-2.922081470489502,2.9204444885253906,0.33150753378868103,1.5604593753814697,-6.763672828674316,-0.3389769494533539,-0.6838374137878418,2.413691282272339,-1.2111057043075562,-0.811643123626709,-1.063119888305664,2.129864454269409,0.6385852098464966,0.37911027669906616,-0.7729061245918274,0.4032820165157318,-0.16150644421577454,1.716475248336792,-5.363258361816406,1.8405719995498657,-2.7911651134490967,5.911336898803711,-0.939245879650116,4.074671745300293,-1.0384089946746826
A,1,671,3,1,9,5,-2.3150386810302734,2.859959125518799,-3.7808876037597656,4.838951110839844,4.669140338897705,8.731404304504395,-2.4392287731170654,-2.8083572387695312,2.8256492614746094,0.3491009771823883,1.8939149379730225,-7.032845973968506,-0.14691780507564545,-0.48748940229415894,3.1206047534942627,-1.1249364614486694,-0.8591113090515137,-1.202571153640747,2.6328861713409424,1.0238693952560425,0.8374980688095093,-0.9281894564628601,-0.40482789278030396,0.12302888929843903,1.6534265279769897,-5.6315155029296875,2.1824135780334473,-2.974195957183838,5.8175272941589355,-1.0483219623565674,3.5398590564727783,-1.3396517038345337
A,1,671,3,1,10,5,-2.2041847705841064,2.834230422973633,-3.7309467792510986,4.717588424682617,4.090328216552734,8.420854568481445,-2.5285801887512207,-2.860159397125244,2.736149311065674,0.5547510385513306,1.6287683248519897,-6.629157066345215,-0.3578678071498871,-0.7139471769332886,2.7484378814697266,-1.2274646759033203,-0.690177321434021,-0.9493182897567749,2.4074063301086426,0.5308504104614258,0.48380246758461,-0.8400028347969055,-0.07266069203615189,0.0865962952375412,1.5901514291763306,-5.137860298156738,2.0290253162384033,-2.8940389156341553,5.302660942077637,-0.9447075724601746,3.4872546195983887,-0.9794620275497437
A,1,671,3,1,11,5,-2.1039376258850098,2.572124719619751,-3.637272596359253,4.367400169372559,4.450045108795166,8.326199531555176,-2.2082502841949463,-2.5615670680999756,2.722126007080078,0.25950902700424194,1.8742742538452148,-6.749337196350098,-0.04579217731952667,-0.39010509848594666,2.8903844356536865,-0.8692939877510071,-1.0359289646148682,-1.41070556640625,2.331451892852783,1.0234384536743164,0.7483921051025391,-0.7067930698394775,-0.07245758175849915,0.06972189247608185,1.7308580875396729,-5.573601245880127,1.9045305252075195,-2.7019219398498535,5.941861152648926,-0.8712817430496216,3.8058314323425293,-1.3822822570800781
A,1,671,3,1,12,5,-2.3244190216064453,2.8893399238586426,-4.062005519866943,4.988026142120361,4.324531078338623,8.804325103759766,-2.628253698348999,-3.09075927734375,2.9526171684265137,0.5126142501831055,1.7626272439956665,-7.0495171546936035,-0.39216500520706177,-0.6767494082450867,2.6605818271636963,-1.2397797107696533,-0.702605128288269,-1.0115119218826294,2.3764700889587402,0.6394869089126587,0.5483523607254028,-0.8892143964767456,0.0676591694355011,-0.027956971898674965,1.7009074687957764,-5.502093315124512,2.0559768676757812,-2.9228572845458984,5.880308628082275,-1.0668296813964844,3.794238328933716,-1.0087531805038452
A,1,671,3,1,13,7,-2.3537652492523193,2.89886212348938,-4.07920503616333,5.0214619636535645,4.463079929351807,8.895089149475098,-2.6135847568511963,-3.11157488822937,3.015301465988159,0.39349523186683655,1.778993844985962,-7.058819770812988,-0.35965147614479065,-0.5778874754905701,2.668031930923462,-1.2136638164520264,-0.6963360905647278,-1.0577951669692993,2.344883680343628,0.7303707003593445,0.5542701482772827,-0.8510511517524719,0.1375390589237213,-0.09330432116985321,1.8155978918075562,-5.719446659088135,1.9903371334075928,-2.969804286956787,5.996082305908203,-1.11031973361969,3.9338018894195557,-1.0934398174285889
A,1,671,3,2,9,5,-2.175041913986206,2.5994837284088135,-3.6383278369903564,4.692296028137207,5.179566383361816,8.50225830078125,-2.11320161819458,-2.4828081130981445,2.884068250656128,-0.141561359167099,2.1355602741241455,-7.171088218688965,0.19158945977687836,-0.23496286571025848,3.0504190921783447,-0.7312375903129578,-1.1052031517028809,-1.7214313745498657,2.4501891136169434,1.470413327217102,1.051755428314209,-0.560846745967865,-0.4418618083000183,-0.06845660507678986,1.8793280124664307,-6.120037078857422,2.2306628227233887,-2.7758028507232666,6.651940822601318,-1.0544811487197876,3.74847412109375,-1.824724793434143
A,1,671,3,2,10,5,-2.3382058143615723,3.0665130615234375,-3.4522159099578857,5.140007495880127,4.698948860168457,8.55405330657959,-2.5549702644348145,-2.8153417110443115,3.067657232284546,0.11436488479375839,1.4075944423675537,-6.71059513092041,-0.416329562664032,-1.0200217962265015,2.5030665397644043,-1.3568556308746338,-0.6922302842140198,-0.8227187395095825,2.234621524810791,0.5610853433609009,0.38211363554000854,-0.7554203867912292,0.06354069709777832,-0.2951472997665405,1.6913611888885498,-5.220555305480957,1.9876912832260132,-2.9399049282073975,5.6196417808532715,-1.0449191331863403,3.7901039123535156,-0.9533438682556152
A,1,671,3,2,11,5,-2.1788582801818848,2.7483878135681152,-3.337179660797119,4.605973243713379,4.407887935638428,8.142822265625,-2.2847683429718018,-2.578662395477295,2.829718589782715,0.09564326703548431,1.4845987558364868,-6.4603986740112305,-0.24928781390190125,-0.784580409526825,2.393770694732666,-1.078179121017456,-0.8602514266967773,-1.0996253490447998,2.059838056564331,0.6603711247444153,0.40024346113204956,-0.6077878475189209,0.2268647700548172,-0.23559267818927765,1.7004554271697998,-5.145878314971924,1.8300098180770874,-2.6642773151397705,5.714634895324707,-0.911747932434082,3.8483920097351074,-1.127602458000183
A,1,671,3,2,12,4,-2.2634708881378174,2.7956972122192383,-3.8200809955596924,4.919984340667725,4.842738628387451,8.56699275970459,-2.331510066986084,-2.7073638439178467,2.965170383453369,0.17566901445388794,1.9072264432907104,-7.17525577545166,-0.06445406377315521,-0.5948256254196167,2.6501336097717285,-1.0019850730895996,-0.9204210042953491,-1.4088566303253174,2.304737091064453,1.0217461585998535,0.7020739316940308,-0.6608853340148926,-0.1251668632030487,-0.15306824445724487,1.7456402778625488,-5.729055404663086,2.154961585998535,-2.790916681289673,6.386447429656982,-1.0573768615722656,3.8355889320373535,-1.3562445640563965
A,1,671,3,2,13,9,-2.574934482574463,3.1008613109588623,-3.8100481033325195,5.635117053985596,5.155600070953369,9.080352783203125,-2.6554038524627686,-3.0639402866363525,3.485340118408203,-0.27267077565193176,1.585064172744751,-7.38465690612793,-0.4845743775367737,-1.037472128868103,2.11291241645813,-1.2680937051773071,-0.7283688187599182,-1.0407121181488037,2.03389048576355,0.8091506958007812,0.36419710516929626,-0.5638988018035889,0.4303840398788452,-0.6561997532844543,2.1184921264648438,-5.96626091003418,1.926289677619934,-2.9359018802642822,6.853093147277832,-1.2331758737564087,4.480055809020996,-1.166420817375183
A,1,790,1,1,9,4,-2.2763524055480957,3.3257415294647217,-3.5246849060058594,5.5101704597473145,3.917872667312622,8.828126907348633,-3.2026360034942627,-3.405364990234375,3.2484490871429443,0.3322553336620331,1.0978938341140747,-6.273056983947754,-0.7437384128570557,-1.201363444328308,2.2513628005981445,-1.5320019721984863,-0.02207554318010807,-0.21631452441215515,2.1606245040893555,-0.4471310079097748,-0.3169934153556824,-0.7082509994506836,0.877768874168396,-0.20692113041877747,1.9405418634414673,-4.910723686218262,1.6674447059631348,-3.3312625885009766,4.736886978149414,-0.9672623872756958,4.130954265594482,-0.2720717489719391
A,1,790,1,1,10,5,-2.372994899749756,3.2715961933135986,-3.528639554977417,5.554095268249512,4.195470333099365,8.838522911071777,-3.0030007362365723,-3.16035795211792,3.2339553833007812,0.3541605472564697,1.2643964290618896,-6.676146030426025,-0.6789458394050598,-1.361432671546936,2.3452439308166504,-1.5149739980697632,-0.2736630141735077,-0.3902342915534973,2.269158124923706,-0.10573913902044296,-0.05246391147375107,-0.7360221743583679,0.4472425580024719,-0.19305431842803955,1.8685951232910156,-4.951043128967285,1.9002444744110107,-3.2020976543426514,5.176390171051025,-0.9726648330688477,3.902128219604492,-0.48409000039100647
A,1,790,1,1,11,5,-2.1882612705230713,2.803978443145752,-3.518481492996216,4.765011787414551,4.061774730682373,8.423711776733398,-2.5805845260620117,-2.8448097705841064,2.928410768508911,0.3343959450721741,1.4568146467208862,-6.543453216552734,-0.4309564232826233,-0.9173644781112671,2.3196609020233154,-1.2096102237701416,-0.6206932663917542,-0.8494932055473328,2.1082911491394043,0.26973456144332886,0.1474556177854538,-0.6367506980895996,0.4715275168418884,-0.0947326198220253,1.7783781290054321,-5.052129745483398,1.757664680480957,-2.8070266246795654,5.495769500732422,-0.8455179929733276,3.9457919597625732,-0.8525622487068176
A,1,790,1,1,12,4,-2.2845797538757324,2.680759906768799,-3.447554588317871,4.6826276779174805,3.644303321838379,8.292608261108398,-2.639568328857422,-2.8896138668060303,2.8718981742858887,0.4869360625743866,1.3959739208221436,-6.456057071685791,-0.5723275542259216,-1.195784091949463,1.9925217628479004,-1.3537580966949463,-0.5430456399917603,-0.6302288770675659,2.066293478012085,-0.054108887910842896,-0.0399194210767746,-0.6786441802978516,0.5829827189445496,-0.013293944299221039,1.5233919620513916,-4.610191345214844,1.7383177280426025,-2.7389206886291504,5.248741149902344,-0.8010304570198059,3.87166166305542,-0.5692755579948425
A,1,790,1,1,13,7,-2.3035826683044434,2.624342679977417,-3.3333613872528076,4.818337440490723,4.160193920135498,8.3703031539917,-2.4791901111602783,-2.832679271697998,3.0962841510772705,0.0306409765034914,1.4382054805755615,-6.731308460235596,-0.6127740144729614,-1.2444437742233276,1.9313024282455444,-1.1689809560775757,-0.7081276178359985,-0.850796639919281,1.9684017896652222,0.37047579884529114,0.12665210664272308,-0.5165694952011108,0.610423743724823,-0.2907054126262665,1.8735264539718628,-5.0714006423950195,1.6776621341705322,-2.6100127696990967,6.0450592041015625,-0.867173969745636,4.158263683319092,-0.8514546155929565
A,1,790,1,2,9,4,-2.5393712520599365,3.5055558681488037,-3.614224910736084,6.057309627532959,4.656721115112305,9.423029899597168,-3.297274589538574,-3.4695420265197754,3.5680973529815674,-0.08560410141944885,1.252963900566101,-6.84636926651001,-0.6446342468261719,-1.1733222007751465,2.393054246902466,-1.526512622833252,-0.06992487609386444,-0.35889962315559387,2.2689669132232666,-0.08779886364936829,-0.18996170163154602,-0.641067624092102,0.796083390712738,-0.42111295461654663,2.2465643882751465,-5.564420223236084,1.7582082748413086,-3.4927430152893066,5.540586471557617,-1.1162073612213135,4.448179721832275,-0.6142556667327881
A,1,790,1,2,10,5,-2.449559450149536,3.458555221557617,-3.571685791015625,5.926072120666504,4.058764457702637,9.07612133026123,-3.3368782997131348,-3.440394878387451,3.461503505706787,0.2752496004104614,1.0559269189834595,-6.6501145362854,-0.9140701293945312,-1.6317927837371826,2.1078577041625977,-1.6575559377670288,-3.058314177906141e-05,-0.09388811886310577,2.1827239990234375,-0.4829320013523102,-0.429582417011261,-0.6753794550895691,0.8641142845153809,-0.32785487174987793,2.0853676795959473,-4.938414573669434,1.7196159362792969,-3.3538658618927,5.056873321533203,-0.978455662727356,4.186406135559082,-0.20465049147605896
A,1,790,1,2,11,5,-2.248288631439209,2.772581100463867,-3.928008556365967,4.788327217102051,3.9309754371643066,8.626184463500977,-2.6043307781219482,-2.9681217670440674,2.8534226417541504,0.664284348487854,1.7324270009994507,-6.915158271789551,-0.42463788390159607,-0.8559060096740723,2.5519533157348633,-1.257375955581665,-0.6291683316230774,-0.917752742767334,2.373889207839966,0.38894492387771606,0.3428923189640045,-0.805677056312561,0.139312282204628,0.13436546921730042,1.6439259052276611,-5.147566318511963,1.9680942296981812,-2.864912509918213,5.54130744934082,-0.9266424179077148,3.673768997192383,-0.8575485944747925
A,1,790,1,2,12,5,-2.278231143951416,2.6828670501708984,-3.4905858039855957,4.779271125793457,3.9980876445770264,8.384366989135742,-2.5314412117004395,-2.8334414958953857,2.955045223236084,0.28518104553222656,1.5078182220458984,-6.73696231842041,-0.5481854677200317,-1.1388204097747803,2.131432056427002,-1.2053334712982178,-0.6820352673530579,-0.844343364238739,2.1214568614959717,0.34338587522506714,0.18206724524497986,-0.6333257555961609,0.4305501878261566,-0.13531723618507385,1.7462241649627686,-4.966506481170654,1.7767837047576904,-2.6686220169067383,5.783596038818359,-0.8469693064689636,3.927992582321167,-0.813836932182312
A,1,790,1,2,13,7,-2.2999930381774902,2.7630505561828613,-3.6431772708892822,4.9974684715271,4.311635494232178,8.678594589233398,-2.5819599628448486,-2.9768331050872803,3.14204740524292,0.11744744330644608,1.6267614364624023,-6.982702732086182,-0.4681623876094818,-0.9979271292686462,2.2190167903900146,-1.1339871883392334,-0.6536127328872681,-0.961698591709137,2.1361734867095947,0.502280592918396,0.25877732038497925,-0.5520397424697876,0.4854167401790619,-0.23412664234638214,1.950762152671814,-5.4001007080078125,1.7746524810791016,-2.799527883529663,6.171776294708252,-0.9393742680549622,4.187410831451416,-0.9387634992599487
A,1,790,2,1,9,5,-2.358996868133545,3.5396816730499268,-3.274718761444092,5.7868804931640625,3.9000720977783203,8.843103408813477,-3.3705883026123047,-3.484931468963623,3.3526408672332764,0.14549508690834045,0.7726534605026245,-6.113850116729736,-0.9670213460922241,-1.5164819955825806,2.0493850708007812,-1.684814214706421,0.06194546818733215,0.04318594932556152,2.0445990562438965,-0.6913566589355469,-0.533292829990387,-0.7012214660644531,1.1065514087677002,-0.4557618200778961,2.023158311843872,-4.672314643859863,1.5762580633163452,-3.3492941856384277,4.640071868896484,-0.943980872631073,4.287354469299316,-0.09232859313488007
A,1,790,2,1,10,5,-2.2152018547058105,3.0058321952819824,-3.6742196083068848,4.967083930969238,3.5030479431152344,8.512060165405273,-2.959486961364746,-3.1573023796081543,2.87689471244812,0.7484248876571655,1.3177366256713867,-6.401246547698975,-0.7083057165145874,-1.1718528270721436,2.3757004737854004,-1.4620463848114014,-0.33476290106773376,-0.403309166431427,2.29465913772583,-0.24058866500854492,-0.021810084581375122,-0.8853095769882202,0.47562092542648315,0.07138969749212265,1.5917778015136719,-4.584125518798828,1.8271023035049438,-3.0173606872558594,4.741444110870361,-0.819104790687561,3.695100784301758,-0.3486769199371338
A,1,790,2,1,11,4,-2.2497591972351074,2.865858554840088,-3.7253730297088623,4.800882816314697,3.596750497817993,8.50993824005127,-2.789041519165039,-3.024350643157959,2.8463432788848877,0.6707783937454224,1.4167606830596924,-6.511157989501953,-0.6198517084121704,-1.0406781435012817,2.3469064235687256,-1.3765100240707397,-0.4944986402988434,-0.6308039426803589,2.226703643798828,-0.01620516926050186,0.04723591357469559,-0.8132166862487793,0.4670868515968323,0.059537917375564575,1.6504857540130615,-4.808781147003174,1.791619062423706,-2.9002127647399902,5.080575942993164,-0.8205276131629944,3.8067643642425537,-0.59246426820755
A,1,790,2,1,12,4,-2.249101161956787,2.7594504356384277,-3.7899065017700195,4.724484443664551,3.638948440551758,8.478734970092773,-2.681878089904785,-2.9978628158569336,2.82539701461792,0.6947125196456909,1.5818922519683838,-6.68964147567749,-0.5446927547454834,-1.0046675205230713,2.334714412689209,-1.3066574335098267,-0.5781267881393433,-0.7528308629989624,2.272470474243164,0.14213483035564423,0.1947941929101944,-0.8245686292648315,0.35349544882774353,0.11887739598751068,1.5555340051651,-4.820078372955322,1.8712774515151978,-2.8358817100524902,5.31620979309082,-0.8501787781715393,3.755261182785034,-0.6445882320404053
A,1,790,2,1,13,7,-2.3128695487976074,2.9269793033599854,-3.520737409591675,5.059027671813965,3.766052722930908,8.571948051452637,-2.8442578315734863,-3.185692310333252,3.119541645050049,0.23454652726650238,1.2497994899749756,-6.504742622375488,-0.7261235117912292,-1.206716775894165,1.945136308670044,-1.3397208452224731,-0.3711525499820709,-0.5426217913627625,1.9969358444213867,-0.06949671357870102,-0.15567728877067566,-0.5989709496498108,0.9113855361938477,-0.26434949040412903,1.9232547283172607,-4.911242485046387,1.5856915712356567,-2.872213363647461,5.474102020263672,-0.8846275210380554,4.244167804718018,-0.5403951406478882
A,1,790,2,2,9,4,-2.509798526763916,3.6494953632354736,-3.63301420211792,6.133460521697998,4.1250715255737305,9.279922485351562,-3.5224111080169678,-3.7054014205932617,3.507380247116089,0.169259712100029,0.9434908628463745,-6.478044509887695,-1.0204432010650635,-1.4798346757888794,2.1871144771575928,-1.7675423622131348,0.11458616703748703,0.003483954817056656,2.165972948074341,-0.5806532502174377,-0.43514126539230347,-0.7889848947525024,0.9812906980514526,-0.4373495280742645,2.117413282394409,-5.094636917114258,1.7087619304656982,-3.5407440662384033,4.940929412841797,-1.1005346775054932,4.345593452453613,-0.1864563226699829
A,1,790,2,2,10,5,-2.3368008136749268,3.1477162837982178,-3.5407633781433105,5.2680158615112305,3.984048843383789,8.726422309875488,-2.923936128616333,-3.091435194015503,3.086182117462158,0.3751377463340759,1.2550525665283203,-6.548104763031006,-0.6656087040901184,-1.2453968524932861,2.317051410675049,-1.4444465637207031,-0.3928932547569275,-0.49428874254226685,2.1940126419067383,-0.08267015218734741,-0.05055022984743118,-0.7482293844223022,0.5585843324661255,-0.20035091042518616,1.8346002101898193,-4.9015212059021,1.7867422103881836,-3.0559632778167725,5.199082374572754,-0.885278046131134,4.002351760864258,-0.554109513759613
A,1,790,2,2,11,5,-2.391207456588745,3.0473275184631348,-3.4049949645996094,5.222231388092041,3.870093822479248,8.561800003051758,-2.886643886566162,-3.0892796516418457,3.1300244331359863,0.19600698351860046,1.1361217498779297,-6.457894802093506,-0.7969193458557129,-1.3954670429229736,1.9572505950927734,-1.4638328552246094,-0.4015933871269226,-0.4546002745628357,1.9896824359893799,-0.13308604061603546,-0.19013388454914093,-0.6398712396621704,0.7974228858947754,-0.3065747618675232,1.87346613407135,-4.801003456115723,1.644640564918518,-2.924041509628296,5.3513383865356445,-0.8970006108283997,4.158088684082031,-0.5001477599143982
A,1,790,2,2,12,4,-2.279677629470825,2.71525502204895,-3.859560489654541,4.613231658935547,3.5421297550201416,8.536897659301758,-2.7058935165405273,-3.0904974937438965,2.7579894065856934,0.7654174566268921,1.5687966346740723,-6.618795871734619,-0.5776306390762329,-0.9215874075889587,2.4057843685150146,-1.3566808700561523,-0.5717288255691528,-0.7249437570571899,2.302467107772827,0.17384259402751923,0.20248687267303467,-0.9139720797538757,0.3660619854927063,0.16458791494369507,1.4905719757080078,-4.850727558135986,1.8056195974349976,-2.832571268081665,5.207612991333008,-0.8486093282699585,3.743743419647217,-0.6212356686592102
A,1,790,2,2,13,8,-2.283064842224121,2.832589626312256,-3.524506092071533,4.814453601837158,3.8104758262634277,8.476400375366211,-2.703526496887207,-3.0787081718444824,2.991344928741455,0.28328046202659607,1.2790472507476807,-6.4549384117126465,-0.6386595964431763,-1.0712921619415283,2.053847551345825,-1.3213132619857788,-0.5295835733413696,-0.6816880702972412,2.000454902648926,0.12284551560878754,-0.04234585538506508,-0.674647867679596,0.8154893517494202,-0.22369389235973358,1.7868165969848633,-4.921786785125732,1.577049732208252,-2.7845911979675293,5.492403984069824,-0.8649579286575317,4.192829132080078,-0.6144570112228394
A,1,790,3,1,9,4,-2.5273966789245605,3.937894582748413,-3.374845266342163,6.440905570983887,4.231276512145996,9.372072219848633,-3.774644613265991,-3.86918568611145,3.7623226642608643,-0.20576432347297668,0.5871250629425049,-6.187324047088623,-1.0084068775177002,-1.4525624513626099,1.8877865076065063,-1.7747539281845093,0.3854318857192993,0.21194076538085938,1.9233893156051636,-0.8995896577835083,-0.8619096875190735,-0.5762844085693359,1.6548001766204834,-0.7550556659698486,2.454627752304077,-5.1452412605285645,1.4176807403564453,-3.674011707305908,4.840681076049805,-1.0917158126831055,4.896754264831543,-0.025423265993595123
A,1,790,3,1,10,5,-2.320986270904541,3.433079957962036,-3.37896728515625,5.814968585968018,3.856154203414917,8.800029754638672,-3.363245725631714,-3.4442455768585205,3.4424312114715576,0.10874970257282257,0.9058119058609009,-6.320267677307129,-0.9542967081069946,-1.5908724069595337,1.865888237953186,-1.5604002475738525,0.09136460721492767,-0.022911489009857178,1.9852683544158936,-0.6717846393585205,-0.5505000352859497,-0.520440936088562,1.1389068365097046,-0.45753711462020874,2.145263195037842,-4.730674743652344,1.6184955835342407,-3.2517571449279785,4.934412479400635,-0.9231340289115906,4.266783714294434,-0.13022126257419586
A,1,790,3,1,11,5,-2.242821455001831,3.0610814094543457,-3.226921558380127,5.070600509643555,3.666224956512451,8.370162963867188,-2.915426254272461,-3.068239212036133,3.0757203102111816,0.17797352373600006,0.954879105091095,-6.138941764831543,-0.7752010822296143,-1.3434605598449707,1.7964794635772705,-1.4353456497192383,-0.26827138662338257,-0.36183100938796997,1.8476707935333252,-0.3697493076324463,-0.4038558602333069,-0.5044444799423218,1.0643268823623657,-0.37151527404785156,1.919481873512268,-4.571386337280273,1.492856502532959,-2.855097532272339,5.0641255378723145,-0.7709539532661438,4.222843170166016,-0.4117075502872467
A,1,790,3,1,12,4,-2.288458824157715,2.795673370361328,-3.636824131011963,4.663413047790527,3.5734477043151855,8.518121719360352,-2.772858142852783,-3.065725326538086,2.836726427078247,0.592593252658844,1.337289810180664,-6.408207416534424,-0.6493092775344849,-1.026911735534668,2.2500693798065186,-1.390723705291748,-0.5282682180404663,-0.6076871156692505,2.1605072021484375,0.03132617473602295,-0.01936063915491104,-0.8303924798965454,0.6511955857276917,0.023941371589899063,1.6324955224990845,-4.79702091217041,1.6282732486724854,-2.832972288131714,5.114877223968506,-0.7923314571380615,3.9524636268615723,-0.5571012496948242
A,1,790,3,1,13,9,-2.325407028198242,2.863473653793335,-3.2784152030944824,5.134551048278809,4.31318473815918,8.570335388183594,-2.661635398864746,-3.052175760269165,3.3184497356414795,-0.2560257315635681,1.238304615020752,-6.627554893493652,-0.6546194553375244,-1.1843762397766113,1.7982678413391113,-1.1531052589416504,-0.5187512636184692,-0.7487329244613647,1.8233503103256226,0.2709145247936249,-0.0720892995595932,-0.4014572203159332,1.0462082624435425,-0.5453711152076721,2.2175683975219727,-5.2824811935424805,1.4882844686508179,-2.7507355213165283,6.149731636047363,-0.9191328883171082,4.587266445159912,-0.814107358455658
A,1,790,3,2,9,4,-2.5385231971740723,3.536623954772949,-3.4864916801452637,5.917506217956543,4.817890644073486,9.352486610412598,-3.213744878768921,-3.4128472805023193,3.5212485790252686,-0.27799373865127563,1.156503438949585,-6.602287292480469,-0.5308587551116943,-0.8819735050201416,2.3926572799682617,-1.450541377067566,-0.1836123764514923,-0.49052727222442627,2.133474588394165,0.09935148060321808,-0.12915104627609253,-0.5993344187736511,0.9211574792861938,-0.5314701199531555,2.342682123184204,-5.746759414672852,1.6356370449066162,-3.505082130432129,5.586724758148193,-1.128908634185791,4.672479629516602,-0.8119666576385498
A,1,790,3,2,10,5,-2.2992682456970215,3.2361903190612793,-3.389934539794922,5.564723968505859,4.105967044830322,8.694189071655273,-3.09191632270813,-3.2309279441833496,3.3775343894958496,0.07814603298902512,1.089275598526001,-6.48949670791626,-0.8044731020927429,-1.4393218755722046,1.9967892169952393,-1.4185757637023926,-0.16845054924488068,-0.2950023114681244,2.0303053855895996,-0.2643665671348572,-0.28087180852890015,-0.5312367677688599,0.8839935064315796,-0.3831140697002411,2.0897960662841797,-4.932202339172363,1.6518234014511108,-3.123248338699341,5.260424613952637,-0.9264522790908813,4.214331150054932,-0.3690071702003479
A,1,790,3,2,11,5,-2.298513889312744,3.0828230381011963,-3.4637770652770996,4.952043533325195,3.051560640335083,8.190147399902344,-3.0801939964294434,-3.373633861541748,2.969832181930542,0.4469122886657715,0.6988271474838257,-5.780750274658203,-1.0091625452041626,-1.140211820602417,1.42258882522583,-1.5749047994613647,0.0069994316436350346,-0.048569660633802414,1.7090448141098022,-0.6114263534545898,-0.6438758969306946,-0.6502452492713928,1.4620988368988037,-0.4172940254211426,1.9030992984771729,-4.352673530578613,1.2738752365112305,-2.815696954727173,4.598884582519531,-0.8408865928649902,4.21066951751709,-0.13742557168006897
A,1,790,3,2,12,5,-2.115427017211914,2.7166333198547363,-3.432252883911133,4.462071895599365,3.223336696624756,7.919337272644043,-2.6916675567626953,-2.9933571815490723,2.7487800121307373,0.5072101354598999,1.096407175064087,-5.964244842529297,-0.7333658933639526,-1.0112895965576172,1.7951593399047852,-1.3219387531280518,-0.35449695587158203,-0.4711786210536957,1.8788297176361084,-0.138107031583786,-0.21108779311180115,-0.649590790271759,0.8920419812202454,-0.1095695048570633,1.6333051919937134,-4.387855052947998,1.4620405435562134,-2.609774112701416,4.843751430511475,-0.7598729729652405,3.834606647491455,-0.42749834060668945
A,1,790,3,2,13,6,-2.216196298599243,2.769462823867798,-3.230271100997925,4.861705303192139,4.182051181793213,8.288562774658203,-2.5212838649749756,-2.8738794326782227,3.160118818283081,-0.14205379784107208,1.2297359704971313,-6.45869779586792,-0.5875170826911926,-1.1349066495895386,1.811202883720398,-1.1323522329330444,-0.5836004614830017,-0.7883723378181458,1.7850103378295898,0.29085537791252136,-0.032926056534051895,-0.4015972316265106,0.924222469329834,-0.47300103306770325,2.04042387008667,-5.06229305267334,1.4812711477279663,-2.617037057876587,5.933481216430664,-0.863196849822998,4.3813796043396,-0.7987911105155945
A,2,252,1,1,9,4,1.7375003099441528,-5.93812894821167,6.6823859214782715,-3.3475468158721924,-6.9405131340026855,5.0456719398498535,-4.470910549163818,-6.042033672332764,-6.426273822784424,1.5252960920333862,-2.965789794921875,-0.8798694014549255,1.343883991241455,-3.7240848541259766,-6.839192867279053,-4.958041191101074,4.588806629180908,6.558138847351074,2.5914273262023926,2.752776622772217,-5.9277753829956055,2.261211633682251,-3.635023593902588,-1.6826872825622559,3.0701565742492676,2.1362099647521973,7.1870574951171875,1.7751359939575195,-4.751804828643799,-4.268798828125,3.682343006134033,-6.719649791717529
A,2,252,1,1,10,5,1.9725669622421265,-5.696133613586426,6.480008125305176,-3.307547092437744,-6.559088706970215,4.855329990386963,-4.180700778961182,-5.853817939758301,-6.170738697052002,1.4079102277755737,-2.982478380203247,-0.6699751615524292,1.3346185684204102,-3.6214637756347656,-6.745977878570557,-4.925553321838379,4.537179470062256,6.510880470275879,2.3370895385742188,2.8389506340026855,-5.801086902618408,2.1151809692382812,-3.634537935256958,-1.7553783655166626,2.935276985168457,2.1737899780273438,7.0563201904296875,1.9237415790557861,-4.750805377960205,-3.922747850418091,3.4814553260803223,-6.580377101898193
A,2,252,1,1,11,5,1.8417444229125977,-6.058084964752197,6.964627742767334,-3.3968238830566406,-7.131290435791016,5.207090854644775,-4.21398401260376,-6.450705051422119,-6.962577819824219,1.6798747777938843,-3.635702610015869,-0.7913640737533569,1.841461420059204,-3.8366000652313232,-7.383576393127441,-5.249560356140137,4.912583827972412,7.46682596206665,2.419036388397217,3.324420928955078,-5.835601806640625,2.2143845558166504,-3.982593536376953,-1.87935471534729,3.4273102283477783,2.5894477367401123,7.792806148529053,1.9596388339996338,-5.181685924530029,-4.35338020324707,3.9319005012512207,-6.7988691329956055
A,2,252,1,1,12,4,1.9244210720062256,-6.298853397369385,7.096481800079346,-3.3433897495269775,-7.505447864532471,5.257086277008057,-4.433228969573975,-6.41261625289917,-7.057284355163574,1.745680809020996,-3.6385719776153564,-0.919148325920105,1.8706867694854736,-3.9625205993652344,-7.367828369140625,-5.299304008483887,4.958942413330078,7.445131301879883,2.6492958068847656,3.12052583694458,-5.877054691314697,2.4060251712799072,-3.819157600402832,-1.6221768856048584,3.5722029209136963,2.5321826934814453,7.84610652923584,1.9455041885375977,-5.14235258102417,-4.578725814819336,4.071597099304199,-6.858993053436279
A,2,252,1,1,13,5,1.9797041416168213,-6.604052543640137,7.263251304626465,-3.4589695930480957,-7.871762275695801,5.566603660583496,-4.88928747177124,-6.592848300933838,-7.18579626083374,1.6859104633331299,-3.5268635749816895,-1.0374442338943481,1.7829097509384155,-4.035088539123535,-7.665515899658203,-5.556640148162842,5.112835884094238,7.625852108001709,2.871509075164795,3.046360492706299,-6.2414774894714355,2.588010549545288,-3.7994141578674316,-1.506523847579956,3.6527252197265625,2.4838991165161133,7.936973571777344,1.9908231496810913,-5.088540077209473,-4.923977851867676,4.333247661590576,-7.1211395263671875
A,2,252,1,2,9,4,1.6428464651107788,-6.082483291625977,6.864604949951172,-3.385558843612671,-7.121980667114258,5.15149450302124,-4.6807661056518555,-6.181528568267822,-6.579986572265625,1.5421526432037354,-2.8927173614501953,-0.9392784833908081,1.3864587545394897,-3.799790859222412,-6.840710639953613,-4.936688423156738,4.617959499359131,6.608757019042969,2.7116191387176514,2.7768986225128174,-5.969217300415039,2.257713794708252,-3.68576979637146,-1.7577061653137207,3.174961566925049,2.0926342010498047,7.287165641784668,1.7891396284103394,-4.713306427001953,-4.392171859741211,3.7142086029052734,-6.712466716766357
A,2,252,1,2,10,5,2.1084609031677246,-6.011133670806885,6.4396653175354,-3.1668381690979004,-7.0260138511657715,4.93267822265625,-4.6053266525268555,-5.721848487854004,-6.156050682067871,1.5434043407440186,-2.815596103668213,-0.7792917490005493,1.2500578165054321,-3.6490750312805176,-6.658076286315918,-4.983926296234131,4.5921454429626465,6.397019386291504,2.6794567108154297,2.3937320709228516,-5.850945472717285,2.4566900730133057,-3.25604510307312,-1.1360362768173218,3.033238649368286,2.0755362510681152,6.999087333679199,1.815091848373413,-4.497165679931641,-4.2764081954956055,3.637248992919922,-6.548318386077881
A,2,252,1,2,11,5,1.8989261388778687,-6.210650444030762,6.608392238616943,-3.032318115234375,-7.623702049255371,5.111581802368164,-4.439774513244629,-6.142441749572754,-6.849862098693848,1.948280930519104,-3.6264853477478027,-0.916027843952179,1.8110342025756836,-3.735846757888794,-7.121653079986572,-5.136495113372803,4.902949333190918,7.313371181488037,2.702777862548828,2.679631471633911,-5.5787153244018555,2.677654266357422,-3.3814384937286377,-0.8850328326225281,3.5895347595214844,2.608706474304199,7.536801338195801,1.6534032821655273,-4.874172210693359,-4.6735758781433105,4.112826347351074,-6.463738441467285
A,2,252,1,2,12,3,1.7410677671432495,-5.9036865234375,6.331802845001221,-3.057729959487915,-7.07061767578125,4.93657922744751,-4.26139497756958,-5.977009296417236,-6.472668170928955,1.7767633199691772,-3.3133456707000732,-0.8745880126953125,1.5511900186538696,-3.637225389480591,-6.767032623291016,-4.9151153564453125,4.756753444671631,6.910337924957275,2.5361545085906982,2.5179860591888428,-5.517248153686523,2.4401981830596924,-3.441836357116699,-1.1205778121948242,3.2689120769500732,2.5049493312835693,7.216736316680908,1.606369972229004,-4.6891632080078125,-4.327302932739258,3.945852518081665,-6.29067850112915
A,2,252,1,2,13,8,1.9463244676589966,-6.730132579803467,7.283238410949707,-3.2912826538085938,-8.229236602783203,5.5878400802612305,-4.87579345703125,-6.649358749389648,-7.4100661277771,1.9414597749710083,-3.817587375640869,-1.0787792205810547,1.999861240386963,-4.051068305969238,-7.7149338722229,-5.55251407623291,5.21157693862915,7.872287750244141,2.9712777137756348,3.0204195976257324,-6.036665916442871,2.7823867797851562,-3.6759049892425537,-1.1514631509780884,3.8856472969055176,2.6443235874176025,8.130518913269043,1.843808889389038,-5.17686653137207,-5.153003692626953,4.464653968811035,-6.9716386795043945
A,2,252,2,1,9,4,1.3948086500167847,-6.14064884185791,7.034031391143799,-3.6285815238952637,-7.042670249938965,5.365443229675293,-4.804403781890869,-6.338850498199463,-6.489453315734863,1.4002821445465088,-2.6074376106262207,-1.2256710529327393,1.0161466598510742,-3.888890266418457,-7.115099906921387,-4.934942722320557,4.630253791809082,6.273987293243408,2.7017059326171875,2.776146650314331,-6.463893413543701,2.0874505043029785,-3.990936279296875,-2.135140895843506,2.7755630016326904,1.9751782417297363,7.3026838302612305,1.8279626369476318,-4.873002052307129,-4.521483421325684,3.829926013946533,-7.226629257202148
A,2,252,2,1,10,6,1.6952733993530273,-5.821465015411377,6.7211594581604,-3.482523202896118,-6.60601282119751,5.050665378570557,-4.330750942230225,-6.069013595581055,-6.234346866607666,1.3582266569137573,-2.7357637882232666,-0.9306779503822327,1.152496337890625,-3.7812728881835938,-6.915551662445068,-4.86480188369751,4.566169261932373,6.344111919403076,2.4413881301879883,2.831012725830078,-6.139993667602539,1.9559110403060913,-3.930100440979004,-2.0936481952667236,2.7097299098968506,2.0702664852142334,7.15010404586792,1.9120417833328247,-4.829121112823486,-4.083715915679932,3.625309705734253,-6.934667110443115
A,2,252,2,1,11,5,1.741415023803711,-5.7489776611328125,6.453263759613037,-3.260153293609619,-6.8161468505859375,4.9179463386535645,-4.07045841217041,-6.075661659240723,-6.605690956115723,1.6278316974639893,-3.3364474773406982,-0.8212741017341614,1.6543323993682861,-3.685999631881714,-6.946072578430176,-4.99194860458374,4.660869598388672,6.99547815322876,2.3098971843719482,2.8974671363830566,-5.62827205657959,2.1817095279693604,-3.720733165740967,-1.6686391830444336,3.188138961791992,2.4672038555145264,7.204245090484619,1.822711706161499,-4.827115535736084,-4.081038475036621,3.829880475997925,-6.523280143737793
A,2,252,2,1,12,4,1.8257391452789307,-5.7837815284729,6.532808780670166,-3.203869342803955,-6.909582138061523,4.908603668212891,-4.093848705291748,-6.074023246765137,-6.602872848510742,1.6842190027236938,-3.344268798828125,-0.777557909488678,1.6890350580215454,-3.7126710414886475,-6.90553617477417,-4.95867919921875,4.690140724182129,6.974944591522217,2.3607184886932373,2.918565273284912,-5.603455543518066,2.2241244316101074,-3.698091983795166,-1.6276720762252808,3.21824312210083,2.441498279571533,7.297897815704346,1.8340380191802979,-4.8921027183532715,-4.1221604347229,3.766753673553467,-6.533242225646973
A,2,252,2,1,13,6,1.8586457967758179,-6.424584865570068,7.031982421875,-3.3104248046875,-7.790420055389404,5.371012210845947,-4.563931941986084,-6.504676818847656,-7.184988498687744,1.8477007150650024,-3.742002248764038,-1.015895962715149,1.8963418006896973,-3.9636800289154053,-7.499650955200195,-5.402365207672119,5.057695388793945,7.633520126342773,2.736219644546509,3.0115785598754883,-5.898356914520264,2.600830316543579,-3.737661361694336,-1.3699342012405396,3.6931896209716797,2.6513004302978516,7.870482921600342,1.8491209745407104,-5.133171558380127,-4.819173812866211,4.29740571975708,-6.869162082672119
A,2,252,2,2,9,4,1.5509496927261353,-6.210148334503174,7.049201965332031,-3.4476170539855957,-7.226876258850098,5.271515846252441,-4.662041664123535,-6.357131481170654,-6.82412576675415,1.6091179847717285,-3.024013042449951,-1.0237724781036377,1.4573285579681396,-3.916414260864258,-7.064254283905029,-5.060511589050293,4.703735828399658,6.759088516235352,2.7285754680633545,2.8866817951202393,-6.121814727783203,2.2403411865234375,-3.8404083251953125,-1.9279059171676636,3.192750930786133,2.148559093475342,7.494838714599609,1.813730001449585,-4.88065242767334,-4.533701419830322,3.8743629455566406,-6.957321643829346
A,2,252,2,2,10,5,1.7304556369781494,-5.915109157562256,6.847580909729004,-3.4329800605773926,-6.823234558105469,5.093303680419922,-4.218654155731201,-6.270659923553467,-6.701391696929932,1.595782995223999,-3.1558961868286133,-0.8523839116096497,1.583791971206665,-3.832883834838867,-7.133308410644531,-5.015489101409912,4.703726768493652,6.912605285644531,2.4299368858337402,3.0709025859832764,-5.995121002197266,2.0700855255126953,-4.016772747039795,-2.068046808242798,3.0312023162841797,2.287566900253296,7.479130744934082,1.9114065170288086,-4.99470329284668,-4.188410758972168,3.800058364868164,-6.945452690124512
A,2,252,2,2,11,4,1.8262689113616943,-6.14628791809082,7.040005683898926,-3.19704008102417,-7.50184440612793,5.121806621551514,-4.012927055358887,-6.519454479217529,-7.393496990203857,2.0119919776916504,-4.128069877624512,-0.8118762373924255,2.30609130859375,-3.9628443717956543,-7.452271461486816,-5.241798400878906,5.039060115814209,7.905695915222168,2.4518752098083496,3.382593870162964,-5.523767471313477,2.3951148986816406,-3.934399127960205,-1.6792285442352295,3.802521228790283,2.8152308464050293,8.019271850585938,1.8707733154296875,-5.361074447631836,-4.457172870635986,4.156070709228516,-6.681756973266602
A,2,252,2,2,12,4,1.8871870040893555,-6.132462501525879,7.121831893920898,-3.322845935821533,-7.437478065490723,5.123992919921875,-4.065794467926025,-6.488080978393555,-7.282800674438477,1.8825619220733643,-3.967456340789795,-0.7956064939498901,2.196772336959839,-3.991941213607788,-7.4452104568481445,-5.262975692749023,4.943080425262451,7.734118461608887,2.4839272499084473,3.4492666721343994,-5.666540145874023,2.3075995445251465,-3.9664878845214844,-1.8347766399383545,3.6814284324645996,2.651031494140625,7.980241775512695,1.9375410079956055,-5.355685710906982,-4.406351566314697,4.008452415466309,-6.827408313751221
A,2,252,2,2,13,8,1.8633993864059448,-6.8320417404174805,7.320344924926758,-3.389906167984009,-8.358938217163086,5.717004299163818,-5.064892768859863,-6.746024131774902,-7.4460649490356445,1.9036632776260376,-3.6750550270080566,-1.2070698738098145,1.8544626235961914,-4.068423271179199,-7.77865743637085,-5.629117965698242,5.182503700256348,7.785262107849121,3.0566787719726562,2.9076550006866455,-6.2173309326171875,2.81215238571167,-3.671454429626465,-1.115408182144165,3.840664863586426,2.648372173309326,8.0794038772583,1.8437492847442627,-5.122795104980469,-5.3200531005859375,4.52958869934082,-7.166910171508789
A,2,252,3,1,9,5,1.5250980854034424,-6.255577087402344,7.117840766906738,-3.173884391784668,-7.386724948883057,5.219327926635742,-4.355987548828125,-6.3402419090271,-6.896310329437256,1.7896560430526733,-3.375476121902466,-1.0814650058746338,1.744398832321167,-3.9152188301086426,-7.251979827880859,-4.9459733963012695,4.745377063751221,7.0102667808532715,2.7411768436431885,3.043212890625,-5.849011421203613,2.2587616443634033,-3.8074822425842285,-1.7176053524017334,3.3135287761688232,2.3006234169006348,7.6868743896484375,1.7504653930664062,-5.0070037841796875,-4.720150470733643,4.0182085037231445,-6.83141565322876
A,2,252,3,1,10,5,1.4526996612548828,-6.111207008361816,7.090126991271973,-3.1674046516418457,-7.154898166656494,5.191289901733398,-4.1645917892456055,-6.453404903411865,-6.9609575271606445,1.7854559421539307,-3.5186336040496826,-1.0801595449447632,1.8845126628875732,-3.903467893600464,-7.250548362731934,-4.920801639556885,4.840233325958252,7.271537780761719,2.591020345687866,3.185298442840576,-5.686392307281494,2.1214394569396973,-4.0249528884887695,-1.9226233959197998,3.3560516834259033,2.4899725914001465,7.8285956382751465,1.7786957025527954,-5.058417320251465,-4.585588455200195,4.135308742523193,-6.686041355133057
A,2,252,3,1,11,5,1.2874618768692017,-6.228508472442627,6.896584987640381,-3.322819471359253,-7.242031097412109,5.437801361083984,-4.65905237197876,-6.477448463439941,-6.686646461486816,1.6970916986465454,-2.929887533187866,-1.337357997894287,1.3105919361114502,-3.8264031410217285,-7.190602779388428,-4.912102222442627,4.8249688148498535,6.818861484527588,2.7739970684051514,2.6823325157165527,-6.0755181312561035,2.2419729232788086,-3.97263765335083,-1.6776635646820068,3.011300563812256,2.375582218170166,7.568644046783447,1.6357418298721313,-4.813261985778809,-4.831942081451416,4.2448835372924805,-6.881360054016113
A,2,252,3,1,12,4,1.3971786499023438,-6.240069389343262,6.770493984222412,-3.4452576637268066,-7.246912956237793,5.43301248550415,-4.794589042663574,-6.4061503410339355,-6.697564601898193,1.5351307392120361,-2.843064785003662,-1.2598845958709717,1.2078490257263184,-3.779719591140747,-7.090243339538574,-5.1148786544799805,4.6991119384765625,6.719489097595215,2.708338975906372,2.5586671829223633,-6.136375427246094,2.246739625930786,-3.748659133911133,-1.6148581504821777,3.0507235527038574,2.3481831550598145,7.289195537567139,1.790730357170105,-4.631009101867676,-4.7697343826293945,4.081453800201416,-6.905603408813477
A,2,252,3,1,13,6,1.5179342031478882,-6.259744167327881,7.112057209014893,-3.392742872238159,-7.231025218963623,5.43364953994751,-4.384884357452393,-6.71980619430542,-7.15302848815918,1.7796963453292847,-3.4691314697265625,-1.1181704998016357,1.7910557985305786,-3.903407335281372,-7.5516133308410645,-5.186474323272705,4.9878973960876465,7.547122955322266,2.5730950832366943,3.262439727783203,-5.947131633758545,2.171623468399048,-4.237190246582031,-1.9807672500610352,3.372511625289917,2.665804862976074,7.958217144012451,1.8858603239059448,-5.112136363983154,-4.71832799911499,4.282116413116455,-6.9412760734558105
A,2,252,3,2,9,4,1.4647765159606934,-6.469290733337402,7.177541255950928,-3.2587223052978516,-7.774272918701172,5.465612411499023,-4.621409893035889,-6.561011791229248,-7.185699939727783,1.9069230556488037,-3.433582305908203,-1.1465550661087036,1.7783255577087402,-3.9433350563049316,-7.525909900665283,-5.0949320793151855,4.8648529052734375,7.234798431396484,2.8135762214660645,3.0204124450683594,-6.025778770446777,2.4821128845214844,-3.785126209259033,-1.564166784286499,3.432539939880371,2.3522515296936035,7.7461018562316895,1.7576169967651367,-5.075839519500732,-5.019804954528809,4.20974588394165,-7.0098772048950195
A,2,252,3,2,10,5,1.531089425086975,-6.1619415283203125,6.83907413482666,-2.994670867919922,-7.4918646812438965,5.157374382019043,-4.345017910003662,-6.311673641204834,-6.9834747314453125,1.967031717300415,-3.5485644340515137,-1.0617135763168335,1.9057464599609375,-3.8039069175720215,-7.197733402252197,-4.921214580535889,4.872317790985107,7.290955543518066,2.6875271797180176,2.8925395011901855,-5.586695671081543,2.5113258361816406,-3.658175230026245,-1.3714449405670166,3.502859592437744,2.485203742980957,7.6166582107543945,1.6374530792236328,-4.934399604797363,-4.7437825202941895,4.263672828674316,-6.557534694671631
A,2,252,3,2,11,5,1.2506965398788452,-6.325659275054932,6.622811794281006,-3.006394147872925,-7.716620445251465,5.3843841552734375,-4.714005947113037,-6.399033546447754,-6.923182487487793,1.9844974279403687,-3.272860288619995,-1.3408457040786743,1.5721561908721924,-3.679842710494995,-7.142401695251465,-4.935305118560791,4.870187282562256,7.099923133850098,2.865323543548584,2.457828998565674,-5.7088117599487305,2.615299701690674,-3.5178191661834717,-0.9288728833198547,3.412240982055664,2.5754265785217285,7.4930219650268555,1.4150679111480713,-4.696559429168701,-5.13446569442749,4.4176836013793945,-6.507470607757568
A,2,252,3,2,12,4,1.2500700950622559,-6.268608093261719,6.825893402099609,-3.361955404281616,-7.450715065002441,5.470289707183838,-4.696918487548828,-6.579414367675781,-6.960303783416748,1.793424367904663,-3.1047611236572266,-1.331599235534668,1.4298268556594849,-3.795649766921997,-7.295953273773193,-5.0526604652404785,4.829071521759033,7.024261474609375,2.72127103805542,2.7120518684387207,-6.0339460372924805,2.362111806869507,-3.8992419242858887,-1.5564510822296143,3.187202215194702,2.5096397399902344,7.552242279052734,1.6476078033447266,-4.845690727233887,-4.928374290466309,4.299719333648682,-6.905595302581787
A,2,252,3,2,13,6,1.5728269815444946,-6.604057312011719,7.2835211753845215,-3.460906744003296,-7.767074108123779,5.733412265777588,-4.816970348358154,-6.896796703338623,-7.368452072143555,1.8293949365615845,-3.487393379211426,-1.2027090787887573,1.7749418020248413,-3.9720211029052734,-7.880569934844971,-5.423778533935547,5.174178123474121,7.764396667480469,2.782316207885742,3.1839590072631836,-6.259134292602539,2.4576570987701416,-4.128946781158447,-1.7411729097366333,3.516303062438965,2.636596918106079,8.089433670043945,1.9050706624984741,-5.166746616363525,-5.126016616821289,4.53358793258667,-7.191002368927002
A,2,651,1,1,9,4,1.9805744886398315,-5.800368785858154,6.746590614318848,-3.2606594562530518,-7.019443035125732,4.852994918823242,-3.9836039543151855,-6.097933769226074,-6.78493595123291,1.748480200767517,-3.7039389610290527,-0.6576213836669922,1.8963614702224731,-3.740194320678711,-7.136994361877441,-5.103569030761719,4.7195634841918945,7.195889949798584,2.335954189300537,3.3027760982513428,-5.613532543182373,2.2743003368377686,-3.7320289611816406,-1.741552472114563,3.4109628200531006,2.447280168533325,7.563141345977783,1.8365721702575684,-5.169977188110352,-4.092867374420166,3.627666711807251,-6.644556999206543
A,2,651,1,1,10,5,1.963477373123169,-5.752203941345215,6.6062493324279785,-3.271528720855713,-6.829716682434082,4.806078910827637,-4.040936470031738,-5.962049961090088,-6.505318641662598,1.6171728372573853,-3.3576736450195312,-0.6404598951339722,1.6511911153793335,-3.710444688796997,-6.914740562438965,-4.969429969787598,4.589116096496582,6.8279709815979,2.3455281257629395,3.0834577083587646,-5.656270503997803,2.1600334644317627,-3.6481120586395264,-1.7309043407440186,3.1818528175354004,2.302891731262207,7.2672438621521,1.8739864826202393,-4.952935695648193,-3.991352081298828,3.476490020751953,-6.564139366149902
A,2,651,1,1,11,5,1.5279759168624878,-5.759117603302002,6.166421413421631,-3.1741716861724854,-6.778351783752441,4.900683403015137,-4.208614349365234,-5.9036688804626465,-6.178375244140625,1.601839303970337,-2.997648239135742,-1.0176780223846436,1.2032504081726074,-3.6180362701416016,-6.560858726501465,-4.809020519256592,4.556799411773682,6.448258399963379,2.473724842071533,2.3356993198394775,-5.609371662139893,2.228612184524536,-3.502307891845703,-1.2922683954238892,2.9539682865142822,2.444162607192993,6.938883304595947,1.544586420059204,-4.545683860778809,-4.182138442993164,3.7929396629333496,-6.323428153991699
A,2,651,1,1,12,4,1.6252706050872803,-5.88337516784668,6.469875812530518,-3.1799259185791016,-7.036884307861328,5.00316858291626,-4.136473655700684,-6.125924110412598,-6.606422424316406,1.7558212280273438,-3.423104763031006,-0.9768989086151123,1.6004588603973389,-3.7199032306671143,-6.969539165496826,-4.943757057189941,4.752390384674072,7.013190746307373,2.460930824279785,2.728214979171753,-5.618613243103027,2.3159050941467285,-3.6942522525787354,-1.4182872772216797,3.235506534576416,2.5693469047546387,7.33223295211792,1.6280148029327393,-4.8751654624938965,-4.308070659637451,3.992903709411621,-6.47606897354126
A,2,651,1,1,13,6,1.6461447477340698,-6.150667667388916,6.63486909866333,-3.296215057373047,-7.298289775848389,5.289292335510254,-4.572916507720947,-6.277848720550537,-6.672415256500244,1.681053638458252,-3.2131168842315674,-1.0988719463348389,1.458396315574646,-3.7954466342926025,-7.132823467254639,-5.143204212188721,4.852505207061768,7.033803939819336,2.6415772438049316,2.616664171218872,-5.943018436431885,2.4490766525268555,-3.681241273880005,-1.3654810190200806,3.2421610355377197,2.4818105697631836,7.401564121246338,1.6957951784133911,-4.7948150634765625,-4.6071953773498535,4.171737194061279,-6.715743541717529
A,2,651,1,2,9,4,2.0933642387390137,-5.75045919418335,6.933250427246094,-3.363640069961548,-6.7847771644592285,4.8379225730896,-3.944000720977783,-6.08721923828125,-6.628385543823242,1.5963057279586792,-3.5413427352905273,-0.5616345405578613,1.8199937343597412,-3.789332866668701,-7.135112762451172,-5.056300163269043,4.691662311553955,7.052582740783691,2.3199915885925293,3.465907335281372,-5.757911682128906,2.085174083709717,-3.899012804031372,-2.0767874717712402,3.23250675201416,2.2826056480407715,7.6216020584106445,1.9751113653182983,-5.237979412078857,-3.946476459503174,3.4565834999084473,-6.790194988250732
A,2,651,1,2,10,5,1.7814710140228271,-5.838738918304443,6.5549726486206055,-3.351219892501831,-6.72415828704834,4.969689846038818,-4.302830219268799,-5.953630447387695,-6.193412780761719,1.481007695198059,-2.843541145324707,-0.8051090240478516,1.2299842834472656,-3.6926932334899902,-6.802693843841553,-4.845008850097656,4.517359733581543,6.389238357543945,2.5046393871307373,2.7199552059173584,-5.935736656188965,2.102858781814575,-3.6586861610412598,-1.6842749118804932,2.815357208251953,2.1146035194396973,7.085649013519287,1.7874271869659424,-4.723781585693359,-4.145709991455078,3.515550136566162,-6.6811203956604
A,2,651,1,2,11,5,1.3817901611328125,-6.0404815673828125,6.879299163818359,-3.5145962238311768,-6.880479335784912,5.357184410095215,-4.278409004211426,-6.5617995262146,-6.7496442794799805,1.5744956731796265,-3.2149009704589844,-1.1190450191497803,1.4487764835357666,-3.855872392654419,-7.298067569732666,-5.0685505867004395,4.791811943054199,7.0507493019104,2.4609408378601074,3.0544791221618652,-6.0603437423706055,1.9921455383300781,-4.207492828369141,-2.0555596351623535,3.0352001190185547,2.539585828781128,7.654609680175781,1.7720973491668701,-5.026564598083496,-4.473270416259766,4.026708126068115,-6.913960933685303
A,2,651,1,2,12,3,1.54123055934906,-6.147579193115234,6.855386257171631,-3.401275396347046,-7.224393367767334,5.35066556930542,-4.3999176025390625,-6.513765811920166,-6.8918328285217285,1.7292366027832031,-3.384428024291992,-1.0722086429595947,1.592814564704895,-3.8590404987335205,-7.348695278167725,-5.146176815032959,4.892781734466553,7.238449573516846,2.559957265853882,2.9650485515594482,-6.001290798187256,2.2671005725860596,-3.994755983352661,-1.7299461364746094,3.239046096801758,2.562459707260132,7.678293228149414,1.7398253679275513,-5.042842388153076,-4.6064066886901855,4.135858535766602,-6.877715587615967
A,2,651,1,2,13,7,1.604146957397461,-6.130372047424316,6.825989246368408,-3.4182956218719482,-7.176791191101074,5.337610721588135,-4.422779083251953,-6.465439319610596,-6.830185890197754,1.662582278251648,-3.296983480453491,-1.0345901250839233,1.5585851669311523,-3.877122402191162,-7.313948631286621,-5.161557674407959,4.877027988433838,7.180418491363525,2.524282217025757,2.9434924125671387,-6.023902893066406,2.2603158950805664,-3.9644808769226074,-1.7794405221939087,3.207435131072998,2.5052037239074707,7.57793664932251,1.821757197380066,-4.992413520812988,-4.524810314178467,4.112398624420166,-6.88491153717041
A,2,651,2,1,9,4,1.8320980072021484,-5.80277156829834,6.932303428649902,-3.2454659938812256,-6.8207244873046875,4.98294734954834,-3.7531707286834717,-6.394048690795898,-7.039214134216309,1.8206837177276611,-3.924126148223877,-0.6386929750442505,2.155224323272705,-3.7589364051818848,-7.431349754333496,-5.131248950958252,4.864572525024414,7.665633678436279,2.237050771713257,3.6723995208740234,-5.573625087738037,2.0999109745025635,-4.125070095062256,-2.091716766357422,3.474182367324829,2.6567163467407227,7.9375810623168945,1.8801002502441406,-5.328097343444824,-4.141122817993164,3.8540377616882324,-6.709936141967773
A,2,651,2,1,10,5,1.973230004310608,-5.966587066650391,6.638043403625488,-3.0226612091064453,-7.166354179382324,4.926094055175781,-4.046023845672607,-6.123816013336182,-6.802630424499512,1.9174768924713135,-3.753438949584961,-0.709635853767395,1.9615398645401,-3.676119565963745,-7.132887363433838,-5.082386016845703,4.828575134277344,7.39267110824585,2.4757444858551025,3.063689947128296,-5.4337005615234375,2.427396059036255,-3.57505464553833,-1.276977300643921,3.533296585083008,2.6609268188476562,7.620327949523926,1.743596076965332,-4.978115558624268,-4.362139701843262,3.874974012374878,-6.431041717529297
A,2,651,2,1,11,5,1.7465194463729858,-6.075222969055176,6.704434394836426,-3.134030342102051,-7.350578308105469,5.138041973114014,-4.165289878845215,-6.334102153778076,-6.918511867523193,1.945627212524414,-3.7823987007141113,-0.9054208993911743,1.873399019241333,-3.7247166633605957,-7.3061370849609375,-5.125204563140869,4.933283805847168,7.48523473739624,2.539721965789795,3.0208511352539062,-5.58493185043335,2.4695816040039062,-3.7311534881591797,-1.30635404586792,3.497478485107422,2.747957944869995,7.763845920562744,1.6464014053344727,-5.084022521972656,-4.605843544006348,4.095276832580566,-6.582139492034912
A,2,651,2,1,12,4,1.6862995624542236,-6.253521919250488,6.958707809448242,-3.2552216053009033,-7.421760082244873,5.375638484954834,-4.276241302490234,-6.6678924560546875,-7.2467145919799805,1.9382331371307373,-3.9241621494293213,-0.9910390973091125,1.9833674430847168,-3.8206467628479004,-7.576599597930908,-5.360851764678955,5.092090606689453,7.882089614868164,2.5609188079833984,3.218205451965332,-5.732514381408691,2.4409053325653076,-4.005185127258301,-1.5423839092254639,3.6658358573913574,2.931694984436035,8.0949068069458,1.7497944831848145,-5.185311317443848,-4.780549049377441,4.341109752655029,-6.763261795043945
A,2,651,2,1,13,7,1.9474490880966187,-6.515106201171875,7.044651508331299,-3.3473517894744873,-7.872799396514893,5.556464672088623,-4.726151943206787,-6.647204399108887,-7.282078742980957,1.9023053646087646,-3.774583578109741,-0.9932383894920349,1.8703974485397339,-3.901700735092163,-7.807139873504639,-5.5834832191467285,5.188000679016113,7.857346057891846,2.742020845413208,3.054785966873169,-6.120150089263916,2.752253293991089,-3.7714056968688965,-1.2772715091705322,3.6958329677581787,2.729820728302002,7.979900360107422,1.8614412546157837,-5.1762213706970215,-5.00482702255249,4.46099328994751,-7.092658519744873
A,2,651,2,2,9,5,1.8124611377716064,-5.8034162521362305,6.8461503982543945,-3.2537429332733154,-6.887162208557129,4.988889694213867,-3.911792755126953,-6.3155107498168945,-6.956472873687744,1.7819862365722656,-3.761488437652588,-0.6653192639350891,2.036958932876587,-3.7296459674835205,-7.330251216888428,-5.101934432983398,4.7974982261657715,7.481484413146973,2.2815170288085938,3.515535831451416,-5.619871139526367,2.1662635803222656,-3.982607364654541,-1.9733712673187256,3.432084560394287,2.5459811687469482,7.741245269775391,1.8460619449615479,-5.205182075500488,-4.1535420417785645,3.8044273853302,-6.678356170654297
A,2,651,2,2,10,5,1.8931947946548462,-5.992768287658691,6.6161789894104,-3.0491650104522705,-7.290093898773193,4.983048915863037,-4.119528293609619,-6.193721771240234,-6.924740791320801,1.9701359272003174,-3.797222137451172,-0.7616803646087646,1.9982115030288696,-3.666785478591919,-7.179581642150879,-5.110542297363281,4.838792324066162,7.465582370758057,2.4684860706329346,3.050065279006958,-5.429770469665527,2.4831619262695312,-3.5601181983947754,-1.2202599048614502,3.5923476219177246,2.7107553482055664,7.6184492111206055,1.711485505104065,-4.977442741394043,-4.4401960372924805,3.925610303878784,-6.4279327392578125
A,2,651,2,2,11,5,1.7219429016113281,-6.005837917327881,6.504946708679199,-3.1653122901916504,-7.155168056488037,5.109970569610596,-4.3146653175354,-6.200036525726318,-6.652996063232422,1.783827781677246,-3.4260826110839844,-0.958696186542511,1.5854195356369019,-3.655545711517334,-7.0463361740112305,-5.100462436676025,4.831078052520752,7.148120880126953,2.543161153793335,2.7420156002044678,-5.636272430419922,2.4356842041015625,-3.6397171020507812,-1.2796962261199951,3.331324815750122,2.652665615081787,7.474173069000244,1.66059148311615,-4.811053276062012,-4.507090091705322,4.04782247543335,-6.51589822769165
A,2,651,2,2,12,4,1.9932715892791748,-6.360117435455322,7.052735328674316,-3.309945583343506,-7.66025447845459,5.424411296844482,-4.489158630371094,-6.596641540527344,-7.267133712768555,1.9329991340637207,-3.862548828125,-0.9111061096191406,2.006948947906494,-3.8743889331817627,-7.750288963317871,-5.48995304107666,5.150443077087402,7.907384872436523,2.6167705059051514,3.2398159503936768,-5.9353790283203125,2.653486490249634,-3.8829920291900635,-1.4618195295333862,3.690441608428955,2.757866144180298,8.039322853088379,1.907518744468689,-5.2423295974731445,-4.813816547393799,4.360373497009277,-7.019558906555176
A,2,651,2,2,13,7,1.8555514812469482,-6.6605658531188965,7.215228080749512,-3.3129847049713135,-8.032049179077148,5.665592670440674,-4.7344818115234375,-6.798902988433838,-7.441131591796875,2.027225971221924,-3.891862154006958,-1.0718170404434204,2.000328779220581,-3.9584522247314453,-7.924330234527588,-5.591760158538818,5.2494072914123535,8.031679153442383,2.8532142639160156,3.124934434890747,-6.101093769073486,2.7530357837677,-3.8503787517547607,-1.2143123149871826,3.772486448287964,2.820096731185913,8.245503425598145,1.7842470407485962,-5.2450175285339355,-5.222718715667725,4.554574489593506,-7.119991302490234
A,2,651,3,1,9,4,1.8203699588775635,-5.969628810882568,6.8413801193237305,-3.263474464416504,-7.245261192321777,4.999905109405518,-4.1177239418029785,-6.246136665344238,-6.918652534484863,1.8378984928131104,-3.709437847137451,-0.8038206100463867,1.8904041051864624,-3.800481081008911,-7.262504577636719,-5.090385913848877,4.779536247253418,7.275162696838379,2.459653854370117,3.221167802810669,-5.685549259185791,2.3600990772247314,-3.7530441284179688,-1.6565923690795898,3.463306188583374,2.4924614429473877,7.637633323669434,1.7744632959365845,-5.181983470916748,-4.328638076782227,3.8339476585388184,-6.724599838256836
A,2,651,3,1,10,5,1.8776724338531494,-5.765318870544434,6.510855197906494,-3.2193405628204346,-6.9009246826171875,4.855659484863281,-4.008628845214844,-5.988838195800781,-6.5109453201293945,1.7035983800888062,-3.4050185680389404,-0.7204846739768982,1.6323938369750977,-3.686896562576294,-7.015978813171387,-4.954766273498535,4.637211799621582,6.894242286682129,2.3364930152893066,2.975492000579834,-5.663221836090088,2.280317783355713,-3.6305136680603027,-1.6032606363296509,3.1485705375671387,2.3804447650909424,7.2444562911987305,1.791205644607544,-4.969834327697754,-4.096386909484863,3.6781222820281982,-6.6166253089904785
A,2,651,3,1,11,5,1.7273948192596436,-5.985311031341553,6.59707498550415,-3.272230625152588,-7.134249687194824,5.071678161621094,-4.2965006828308105,-6.096297264099121,-6.527531623840332,1.6987930536270142,-3.2325267791748047,-0.9550986289978027,1.4707331657409668,-3.7772934436798096,-7.053139686584473,-4.963238716125488,4.74407434463501,6.831917762756348,2.530500888824463,2.6892826557159424,-5.851567268371582,2.3625307083129883,-3.6491951942443848,-1.463391661643982,3.077714443206787,2.360769510269165,7.284244537353516,1.717184066772461,-4.895750045776367,-4.37708044052124,3.929694414138794,-6.711199760437012
A,2,651,3,1,12,4,1.7989500761032104,-6.117410182952881,6.799613952636719,-3.281580924987793,-7.231994152069092,5.198840618133545,-4.362150192260742,-6.26712703704834,-6.715610027313232,1.7344868183135986,-3.329575538635254,-0.9505651593208313,1.5963391065597534,-3.8441245555877686,-7.240991592407227,-5.090756893157959,4.87896728515625,7.113894462585449,2.594733953475952,2.858008623123169,-5.920853614807129,2.391507148742676,-3.8007848262786865,-1.574020266532898,3.2002100944519043,2.4346485137939453,7.556695938110352,1.7904988527297974,-4.989105224609375,-4.517573356628418,4.0767974853515625,-6.844604969024658
A,2,651,3,1,13,6,1.7029577493667603,-6.5157952308654785,7.013410568237305,-3.4376561641693115,-7.687816619873047,5.550820827484131,-4.897485256195068,-6.490901947021484,-6.8675150871276855,1.679378867149353,-3.1183712482452393,-1.1962906122207642,1.4098113775253296,-3.9821712970733643,-7.4291090965271,-5.292395114898682,4.991918087005615,7.114156723022461,2.872236490249634,2.6468944549560547,-6.300390243530273,2.533460855484009,-3.7644739151000977,-1.4416122436523438,3.2545602321624756,2.380802631378174,7.615523815155029,1.8174519538879395,-4.904974937438965,-4.940413951873779,4.323331356048584,-7.102062225341797
A,2,651,3,2,9,4,1.8463127613067627,-6.088568210601807,6.910679340362549,-3.3750154972076416,-7.324999809265137,5.122739791870117,-4.365291118621826,-6.279315948486328,-6.869972229003906,1.754148244857788,-3.469301700592041,-0.8481410145759583,1.70807945728302,-3.840087652206421,-7.268681526184082,-5.163114070892334,4.7787580490112305,7.112751483917236,2.559159994125366,3.114492177963257,-5.913926124572754,2.3887970447540283,-3.747861385345459,-1.6820567846298218,3.3723392486572266,2.3788352012634277,7.585117340087891,1.8234761953353882,-5.109293460845947,-4.4136762619018555,3.8204593658447266,-6.903096675872803
A,2,651,3,2,10,5,1.8918569087982178,-5.8697052001953125,6.54137659072876,-3.2318127155303955,-7.0467047691345215,4.9203619956970215,-4.169931888580322,-6.015410423278809,-6.5496368408203125,1.738690733909607,-3.3148436546325684,-0.7567449808120728,1.5862313508987427,-3.7152881622314453,-7.005399227142334,-4.991961479187012,4.662858486175537,6.859034538269043,2.436432123184204,2.8772237300872803,-5.724198341369629,2.365086078643799,-3.587371826171875,-1.5132423639297485,3.1630048751831055,2.3615047931671143,7.250540256500244,1.7814849615097046,-4.910793304443359,-4.197222709655762,3.7121219635009766,-6.6740241050720215
A,2,651,3,2,11,5,1.6503093242645264,-6.054063320159912,6.599404811859131,-3.234370470046997,-7.2322587966918945,5.109823226928711,-4.313815593719482,-6.1807756423950195,-6.632803440093994,1.7701351642608643,-3.3273379802703857,-1.004966378211975,1.5095518827438354,-3.761107921600342,-7.055124759674072,-5.022308349609375,4.768433570861816,6.941734313964844,2.5863046646118164,2.6997978687286377,-5.7702412605285645,2.3940672874450684,-3.6515488624572754,-1.3825689554214478,3.202751636505127,2.505220413208008,7.401148796081543,1.6511809825897217,-4.877444267272949,-4.495869159698486,3.9859089851379395,-6.660545349121094
A,2,651,3,2,12,4,1.6255158185958862,-5.942268371582031,6.726730823516846,-3.4341423511505127,-6.869096755981445,5.203716278076172,-4.2596611976623535,-6.344820499420166,-6.647372245788574,1.5542144775390625,-3.217468500137329,-0.977631688117981,1.4729970693588257,-3.7968366146087646,-7.195084571838379,-5.0592474937438965,4.827035903930664,7.031580924987793,2.3908028602600098,2.9589312076568604,-5.961031913757324,2.154053211212158,-4.027767181396484,-1.962277889251709,3.0681352615356445,2.4628450870513916,7.452014923095703,1.8633031845092773,-4.986454010009766,-4.314671516418457,4.014259338378906,-6.831637382507324
A,2,651,3,2,13,6,1.562589168548584,-6.562498092651367,6.793704986572266,-3.3603737354278564,-7.8013081550598145,5.587835788726807,-5.096869468688965,-6.40121603012085,-6.713363170623779,1.696442723274231,-2.9475419521331787,-1.370524287223816,1.1891952753067017,-3.9000320434570312,-7.275623798370361,-5.239162445068359,4.969546794891357,6.914361476898193,3.007361650466919,2.2435429096221924,-6.303064823150635,2.69500994682312,-3.5724494457244873,-1.0831314325332642,3.2072837352752686,2.3800675868988037,7.43070650100708,1.630438208580017,-4.68474006652832,-5.113081455230713,4.475627422332764,-6.998378276824951
A,2,671,1,1,9,4,2.0169692039489746,-6.086394309997559,7.325847625732422,-3.358525276184082,-7.402390480041504,5.025612831115723,-3.8826167583465576,-6.507043838500977,-7.345109939575195,1.9177331924438477,-4.141190528869629,-0.5779200792312622,2.328667640686035,-4.033162593841553,-7.5817365646362305,-5.261136054992676,4.875211715698242,7.71672248840332,2.374499797821045,3.8494269847869873,-5.709470748901367,2.2273194789886475,-4.017106056213379,-2.0983216762542725,3.704481840133667,2.5561013221740723,8.104292869567871,2.049978494644165,-5.62469482421875,-4.279862880706787,3.695535659790039,-6.998087406158447
A,2,671,1,1,10,5,2.0097522735595703,-5.778462886810303,6.768712043762207,-3.24192476272583,-6.9452104568481445,4.79995584487915,-3.7413978576660156,-6.139800071716309,-6.766217231750488,1.7779293060302734,-3.7997679710388184,-0.5715025067329407,1.9712283611297607,-3.7829971313476562,-7.228171348571777,-5.0007195472717285,4.708672523498535,7.266380310058594,2.2422261238098145,3.4212806224823,-5.552081108093262,2.1503357887268066,-3.8111541271209717,-1.8204132318496704,3.352509021759033,2.5241684913635254,7.555848598480225,1.9487005472183228,-5.280905246734619,-4.013667583465576,3.5747458934783936,-6.662668704986572
A,2,671,1,1,11,6,1.7371898889541626,-5.923512935638428,6.663553714752197,-3.3275210857391357,-7.020320415496826,5.059343338012695,-4.181031703948975,-6.179959774017334,-6.572760105133057,1.63467276096344,-3.283339738845825,-0.8587328791618347,1.5261667966842651,-3.778991937637329,-7.117300510406494,-4.981627464294434,4.700810432434082,6.883031368255615,2.4238429069519043,2.9147884845733643,-5.875619888305664,2.2040443420410156,-3.751704454421997,-1.696736216545105,3.0867583751678467,2.3755524158477783,7.300886631011963,1.8539419174194336,-4.987115383148193,-4.269616603851318,3.800041913986206,-6.7800774574279785
A,2,671,1,1,12,5,1.7260841131210327,-6.461294651031494,7.264284610748291,-3.5424704551696777,-7.757390022277832,5.542435646057129,-4.668520927429199,-6.677864074707031,-7.266392707824707,1.7663707733154297,-3.4937667846679688,-1.1052939891815186,1.7736217975616455,-4.074489593505859,-7.643490791320801,-5.378813743591309,4.980525016784668,7.452879905700684,2.7105445861816406,3.123788356781006,-6.218711853027344,2.4340031147003174,-3.9665474891662598,-1.7712675333023071,3.473912000656128,2.4873690605163574,7.859574317932129,1.9544360637664795,-5.232126235961914,-4.80751895904541,4.215330600738525,-7.245403289794922
A,2,671,1,1,13,6,1.6833515167236328,-6.651994228363037,7.434818267822266,-3.6238791942596436,-7.893827438354492,5.7534918785095215,-4.911733627319336,-6.823648452758789,-7.298656940460205,1.7173324823379517,-3.356281042098999,-1.2065036296844482,1.6563835144042969,-4.140946388244629,-7.850759983062744,-5.449934482574463,5.080794811248779,7.471782684326172,2.830561876296997,3.0817878246307373,-6.518151760101318,2.46308970451355,-4.056442737579346,-1.8236408233642578,3.3900625705718994,2.4168710708618164,7.953172206878662,1.9946593046188354,-5.2493109703063965,-5.040711879730225,4.386136531829834,-7.4700164794921875
A,2,671,1,2,9,4,1.9099209308624268,-6.229066848754883,7.271292209625244,-3.412879705429077,-7.552798271179199,5.189027786254883,-4.192621231079102,-6.507778644561768,-7.284624099731445,1.8777735233306885,-3.8803112506866455,-0.7115746736526489,2.117757797241211,-4.006633758544922,-7.609372138977051,-5.292488098144531,4.8635125160217285,7.5494384765625,2.531931161880493,3.5789804458618164,-5.928302764892578,2.3384976387023926,-3.9154105186462402,-1.9131007194519043,3.593095064163208,2.443535089492798,7.968257904052734,1.9538273811340332,-5.437845230102539,-4.489943504333496,3.8074851036071777,-7.103259086608887
A,2,671,1,2,10,5,1.8895080089569092,-6.150326251983643,7.187522888183594,-3.362213134765625,-7.465334892272949,5.131680965423584,-3.9784493446350098,-6.529609680175781,-7.27044677734375,1.918642282485962,-4.0319318771362305,-0.7328494787216187,2.172978162765503,-3.990421772003174,-7.625752925872803,-5.229459762573242,4.893847942352295,7.678860664367676,2.4457297325134277,3.609722852706909,-5.780158042907715,2.258723735809326,-3.9944701194763184,-1.887669324874878,3.591217041015625,2.622056245803833,8.019281387329102,1.9339078664779663,-5.51192569732666,-4.446179389953613,3.8458023071289062,-6.975014686584473
A,2,671,1,2,11,5,1.772741675376892,-5.998472690582275,6.865383148193359,-3.3888134956359863,-7.044642448425293,5.15387487411499,-4.146605491638184,-6.357016563415527,-6.813312530517578,1.6297674179077148,-3.4824211597442627,-0.8302051424980164,1.7289950847625732,-3.8496341705322266,-7.3083038330078125,-5.109012603759766,4.814211845397949,7.220349311828613,2.389589309692383,3.2005512714385986,-5.873808860778809,2.1372110843658447,-3.9423961639404297,-1.8959338665008545,3.2517833709716797,2.4681954383850098,7.579672336578369,1.9401382207870483,-5.135688304901123,-4.302863121032715,3.8632454872131348,-6.808540344238281
A,2,671,1,2,12,4,1.906249761581421,-6.50844144821167,7.434484481811523,-3.496410846710205,-7.701089859008789,5.546949863433838,-4.599057674407959,-6.700628280639648,-7.266343593597412,1.7397360801696777,-3.6275475025177,-1.0028040409088135,1.8913180828094482,-4.114658832550049,-7.72072696685791,-5.480963706970215,5.082113265991211,7.649862289428711,2.7659878730773926,3.3239097595214844,-6.212705612182617,2.422579526901245,-4.062103748321533,-1.852083683013916,3.569854497909546,2.504823684692383,8.134602546691895,1.9788613319396973,-5.333649635314941,-4.824275016784668,4.227927207946777,-7.25830602645874
A,2,671,1,2,13,6,1.9604759216308594,-6.4370341300964355,7.484757900238037,-3.568056106567383,-7.681550979614258,5.527975082397461,-4.443299770355225,-6.818548679351807,-7.478972911834717,1.7899996042251587,-3.8560893535614014,-0.919429361820221,2.090728521347046,-4.120684623718262,-8.023037910461426,-5.533730983734131,5.151550769805908,7.967915058135986,2.581312417984009,3.6298797130584717,-6.242997646331787,2.374016761779785,-4.228760242462158,-2.0654637813568115,3.610550880432129,2.5932209491729736,8.213905334472656,2.111356258392334,-5.5371317863464355,-4.725078582763672,4.269716262817383,-7.376807689666748
A,2,671,2,1,9,4,2.3440423011779785,-5.780577659606934,6.497116565704346,-2.940539598464966,-6.983160018920898,4.583836555480957,-4.014162540435791,-5.76725959777832,-6.496021747589111,1.8692107200622559,-3.5652081966400146,-0.4614178538322449,1.8944170475006104,-3.635427474975586,-6.708950042724609,-5.021114349365234,4.719914436340332,7.026228904724121,2.4732820987701416,3.019834518432617,-5.292279243469238,2.4647417068481445,-3.387538194656372,-1.2531803846359253,3.501997947692871,2.4511303901672363,7.428680896759033,1.825724482536316,-4.870968818664551,-3.993833303451538,3.5025157928466797,-6.309826850891113
A,2,671,2,1,10,5,2.1592342853546143,-5.628899574279785,6.4301438331604,-3.10054349899292,-6.649493217468262,4.60685920715332,-3.867368698120117,-5.81622838973999,-6.371471405029297,1.6488580703735352,-3.4553120136260986,-0.4907020032405853,1.7395074367523193,-3.5984580516815186,-6.67705774307251,-4.966406345367432,4.58743953704834,6.903380393981934,2.2866015434265137,3.081942081451416,-5.319430351257324,2.175992965698242,-3.538757801055908,-1.5719120502471924,3.317754030227661,2.4639878273010254,7.276379585266113,1.8995563983917236,-4.836385250091553,-3.814286708831787,3.383841037750244,-6.278345584869385
A,2,671,2,1,11,5,2.0539252758026123,-5.828221797943115,6.489210605621338,-2.962275266647339,-7.0049285888671875,4.71978235244751,-3.8472023010253906,-5.97572660446167,-6.6620588302612305,1.9193309545516968,-3.818007707595825,-0.6235958337783813,1.9696232080459595,-3.6430256366729736,-6.895625114440918,-5.028602123260498,4.781233310699463,7.308465003967285,2.4235286712646484,3.024304151535034,-5.236384391784668,2.3692169189453125,-3.5391101837158203,-1.2290798425674438,3.5331382751464844,2.718710422515869,7.605093955993652,1.7142302989959717,-4.9623541831970215,-4.166055202484131,3.7452235221862793,-6.253011226654053
A,2,671,2,1,12,4,2.077427387237549,-6.173452377319336,7.024228572845459,-3.281402111053467,-7.178834915161133,5.171710014343262,-4.162435531616211,-6.3836669921875,-6.921167850494385,1.7454599142074585,-3.708493709564209,-0.7603954076766968,1.916496753692627,-3.8985424041748047,-7.351566314697266,-5.308609962463379,4.978860855102539,7.5323004722595215,2.5134477615356445,3.291229724884033,-5.7472357749938965,2.292142152786255,-3.9462318420410156,-1.7202978134155273,3.509547710418701,2.6542654037475586,7.972461700439453,1.991623044013977,-5.186747074127197,-4.4179487228393555,3.9523372650146484,-6.787336826324463
A,2,671,2,1,13,6,2.1796324253082275,-6.677619457244873,7.665534496307373,-3.4938106536865234,-7.961145877838135,5.637200832366943,-4.642199993133545,-6.9076972007751465,-7.633176326751709,1.8755780458450317,-4.053004741668701,-0.8997347354888916,2.2570505142211914,-4.125133991241455,-8.14473819732666,-5.752277374267578,5.313216209411621,8.290083885192871,2.7475507259368896,3.7272584438323975,-6.1774373054504395,2.5650155544281006,-4.143513202667236,-1.7880100011825562,3.921273946762085,2.73386287689209,8.55439281463623,2.1479299068450928,-5.551059246063232,-4.9976911544799805,4.369736194610596,-7.3256072998046875
A,2,671,2,2,9,4,2.1428089141845703,-5.78977108001709,6.8553080558776855,-3.142477512359619,-6.847896575927734,4.762044429779053,-4.004324913024902,-6.039630889892578,-6.680047512054443,1.74966561794281,-3.5549540519714355,-0.5336363911628723,1.9507367610931396,-3.7491509914398193,-6.943673610687256,-5.045382022857666,4.720296382904053,7.122704029083252,2.417414665222168,3.3955190181732178,-5.510500431060791,2.1806013584136963,-3.767711877822876,-1.8414075374603271,3.439750909805298,2.3837645053863525,7.677144527435303,1.9108326435089111,-5.050866603851318,-3.989201545715332,3.4882988929748535,-6.561415672302246
A,2,671,2,2,10,5,1.9936199188232422,-6.001523017883301,6.8850884437561035,-3.0823237895965576,-7.157919883728027,4.935910224914551,-4.012754917144775,-6.2128005027771,-6.835073947906494,1.8932050466537476,-3.830531597137451,-0.682402491569519,2.0167758464813232,-3.7232422828674316,-7.220117092132568,-5.108428955078125,4.816427707672119,7.420699119567871,2.5570216178894043,3.3424956798553467,-5.505553722381592,2.2843308448791504,-3.728579044342041,-1.4574085474014282,3.5615241527557373,2.6255807876586914,7.914975166320801,1.7184861898422241,-5.133640289306641,-4.3980207443237305,3.7170498371124268,-6.529844760894775
A,2,671,2,2,11,5,2.043971300125122,-5.863271713256836,6.724948883056641,-3.088970422744751,-6.8504133224487305,4.862734317779541,-3.8432374000549316,-6.180725574493408,-6.737035274505615,1.8087193965911865,-3.7733333110809326,-0.59905606508255,2.00846791267395,-3.7113521099090576,-7.069404602050781,-5.111732006072998,4.831945896148682,7.469000816345215,2.396977663040161,3.328512668609619,-5.371711254119873,2.1621804237365723,-3.8359272480010986,-1.6347033977508545,3.4999492168426514,2.7257258892059326,7.811464786529541,1.853533387184143,-5.0401411056518555,-4.149047374725342,3.7289376258850098,-6.405247688293457
A,2,671,2,2,12,5,1.9310178756713867,-6.375548362731934,7.1967034339904785,-3.306529998779297,-7.509552955627441,5.37982177734375,-4.344520568847656,-6.649343967437744,-7.253289699554443,1.8552882671356201,-3.886679172515869,-0.8993656039237976,2.0553195476531982,-3.931556224822998,-7.566893100738525,-5.456540107727051,5.087384223937988,7.8665900230407715,2.6409800052642822,3.3812472820281982,-5.771603107452393,2.3868112564086914,-4.003256320953369,-1.6452773809432983,3.7387211322784424,2.8199689388275146,8.23719310760498,1.9253771305084229,-5.226674556732178,-4.749510765075684,4.161125183105469,-6.845344543457031
A,2,671,2,2,13,8,1.9601967334747314,-6.706183433532715,7.67651891708374,-3.496816635131836,-7.787111759185791,5.717295169830322,-4.590612888336182,-7.037012100219727,-7.605743408203125,1.8649084568023682,-3.9908828735351562,-0.9985791444778442,2.1638283729553223,-4.103878974914551,-8.088807106018066,-5.711164951324463,5.309350967407227,8.278059959411621,2.7885098457336426,3.7058496475219727,-6.140312194824219,2.3998618125915527,-4.315030097961426,-1.890511393547058,3.8598673343658447,2.8661820888519287,8.70290756225586,2.0583958625793457,-5.475329399108887,-5.085613250732422,4.4195685386657715,-7.270162582397461
A,2,671,3,1,9,5,2.1488020420074463,-6.628499507904053,7.5705366134643555,-3.0514278411865234,-8.345837593078613,5.230320453643799,-4.375624656677246,-6.5814080238342285,-7.760588645935059,2.2764906883239746,-4.562598705291748,-0.8893598318099976,2.6833486557006836,-4.068774223327637,-7.7381086349487305,-5.539059638977051,5.179834842681885,8.280324935913086,2.945047378540039,3.5942330360412598,-5.49346399307251,2.8105335235595703,-3.6365303993225098,-1.10552179813385,4.345681667327881,2.8193728923797607,8.644546508789062,1.7559257745742798,-5.503297805786133,-5.069544315338135,4.227993011474609,-6.803942680358887
A,2,671,3,1,10,5,2.1221437454223633,-6.226999282836914,7.3703131675720215,-3.2177257537841797,-7.6300048828125,5.063990592956543,-4.0109710693359375,-6.463953971862793,-7.410391807556152,1.954608678817749,-4.321832180023193,-0.7395730018615723,2.497098445892334,-3.9928576946258545,-7.608298301696777,-5.369163990020752,4.970572471618652,7.986865997314453,2.563598155975342,3.779453754425049,-5.50421667098999,2.3474044799804688,-3.871899366378784,-1.6665871143341064,3.9770522117614746,2.7159128189086914,8.301621437072754,1.9643590450286865,-5.483977317810059,-4.519411563873291,3.8989181518554688,-6.770002841949463
A,2,671,3,1,11,5,2.0561163425445557,-6.704322814941406,7.432262420654297,-3.2753520011901855,-8.243696212768555,5.470066070556641,-4.586394309997559,-6.692072868347168,-7.597816467285156,2.0714738368988037,-4.199524402618408,-0.9436147809028625,2.3038628101348877,-4.023292064666748,-7.849428653717041,-5.600520610809326,5.158372402191162,8.134622573852539,2.9334583282470703,3.3958725929260254,-5.8540263175964355,2.7063918113708496,-3.7226874828338623,-1.1676383018493652,4.068535804748535,2.7786357402801514,8.42640209197998,1.825501799583435,-5.38169002532959,-5.138210296630859,4.263781547546387,-6.988507270812988
A,2,671,3,1,12,5,2.005354642868042,-6.825697898864746,8.07256031036377,-3.4706854820251465,-8.125941276550293,5.7100934982299805,-4.411660194396973,-7.125504493713379,-7.991068363189697,1.977545142173767,-4.447211265563965,-1.049714207649231,2.608184337615967,-4.3353729248046875,-8.334053039550781,-5.747176647186279,5.402098178863525,8.637051582336426,2.81872820854187,3.9951858520507812,-6.067188262939453,2.4073474407196045,-4.378422737121582,-1.9912621974945068,4.121088981628418,2.8613827228546143,9.035011291503906,2.1190643310546875,-5.8091278076171875,-5.160600662231445,4.557145118713379,-7.381796836853027
A,2,671,3,1,13,7,1.9999767541885376,-6.9371442794799805,8.134093284606934,-3.513659715652466,-8.273194313049316,5.804355621337891,-4.599822521209717,-7.1409149169921875,-7.9718732833862305,1.9531116485595703,-4.331167221069336,-1.1333194971084595,2.485034227371216,-4.331055164337158,-8.359975814819336,-5.786978244781494,5.378220081329346,8.542004585266113,2.9535090923309326,3.89231276512146,-6.187594413757324,2.470707416534424,-4.3132710456848145,-1.8856326341629028,4.096498012542725,2.8089661598205566,9.015141487121582,2.094881772994995,-5.75637149810791,-5.324859142303467,4.57009744644165,-7.484165668487549
A,2,671,3,2,9,5,1.864635705947876,-6.705697059631348,7.127875328063965,-2.8392558097839355,-8.593405723571777,5.317235946655273,-4.661892414093018,-6.463537693023682,-7.567744255065918,2.4161627292633057,-4.371552467346191,-1.1576992273330688,2.3665292263031006,-3.846602201461792,-7.530398368835449,-5.435391426086426,5.126647472381592,8.030688285827637,3.1209206581115723,2.881728172302246,-5.399205207824707,3.161496162414551,-3.193866491317749,-0.3124130368232727,4.321952819824219,2.9409260749816895,8.281448364257812,1.4172369241714478,-5.122345924377441,-5.463970184326172,4.526070594787598,-6.586679935455322
A,2,671,3,2,10,5,2.190016269683838,-6.404772758483887,7.233382225036621,-2.9684112071990967,-7.821230411529541,5.0597124099731445,-4.312324523925781,-6.226401329040527,-7.0234222412109375,2.0169966220855713,-3.9482779502868652,-0.8289373517036438,2.152745246887207,-3.954364776611328,-7.292681694030762,-5.21875524520874,4.9572553634643555,7.512302398681641,2.8977513313293457,3.229785203933716,-5.526963233947754,2.5929408073425293,-3.5253138542175293,-1.126371145248413,3.8683600425720215,2.56562876701355,8.135355949401855,1.7725889682769775,-5.204543590545654,-4.768689155578613,3.9240195751190186,-6.657571315765381
A,2,671,3,2,11,5,1.9029690027236938,-6.249792098999023,6.897751808166504,-3.0393624305725098,-7.5771636962890625,5.118223190307617,-4.322821140289307,-6.2282257080078125,-6.8498215675354,1.9291841983795166,-3.710343599319458,-0.9911548495292664,1.877382516860962,-3.783590793609619,-7.238210201263428,-5.129261016845703,4.897729873657227,7.360759735107422,2.7791407108306885,2.949958324432373,-5.577945709228516,2.5375771522521973,-3.569817066192627,-1.0859489440917969,3.5976569652557373,2.6384482383728027,7.853421211242676,1.652069330215454,-5.0264153480529785,-4.775503635406494,4.0741376876831055,-6.599610805511475
A,2,671,3,2,12,4,1.7748087644577026,-6.691108703613281,7.426969528198242,-3.10072660446167,-8.299654006958008,5.539280891418457,-4.474557876586914,-6.788163661956787,-7.694591045379639,2.2643375396728516,-4.293216228485107,-1.1943198442459106,2.400485038757324,-4.037125587463379,-7.929966449737549,-5.426559925079346,5.267010688781738,8.259706497192383,2.9363625049591064,3.26474928855896,-5.725330352783203,2.7989017963409424,-3.8428452014923096,-1.0923570394515991,4.033447265625,2.9325480461120605,8.528265953063965,1.6611344814300537,-5.432954788208008,-5.3605546951293945,4.666074752807617,-6.9677252769470215
A,2,671,3,2,13,9,1.8702962398529053,-7.146817684173584,7.8181328773498535,-3.3193235397338867,-8.61788558959961,5.977710247039795,-5.165912628173828,-7.004781723022461,-7.6395745277404785,2.0772905349731445,-3.773115873336792,-1.381952166557312,1.9988212585449219,-4.206878662109375,-8.245569229125977,-5.650096893310547,5.445068359375,8.069473266601562,3.280442953109741,3.1429948806762695,-6.453862190246582,2.8741819858551025,-3.978877544403076,-1.2026838064193726,3.824681520462036,2.6458849906921387,8.700145721435547,1.810163974761963,-5.406588077545166,-5.7923150062561035,4.863219261169434,-7.525204181671143
A,2,790,1,1,9,4,1.8005871772766113,-5.995822906494141,7.119441986083984,-3.423950672149658,-7.060213088989258,5.069732666015625,-4.18310546875,-6.348433494567871,-6.926858901977539,1.5940228700637817,-3.546424150466919,-0.8595846891403198,1.8340098857879639,-3.906233549118042,-7.1615986824035645,-5.1139984130859375,4.71781587600708,7.186685562133789,2.477919816970825,3.406665563583374,-5.746092796325684,2.063660144805908,-4.000686168670654,-2.1147356033325195,3.4475574493408203,2.425494909286499,7.736544609069824,1.9706841707229614,-5.162732124328613,-4.213764667510986,3.695858955383301,-6.743827819824219
A,2,790,1,1,10,5,2.035900115966797,-6.155712127685547,7.169283866882324,-3.2401013374328613,-7.416632652282715,5.062664031982422,-4.1984052658081055,-6.326165199279785,-7.106497287750244,1.874646544456482,-3.787764072418213,-0.8070400357246399,2.0739736557006836,-3.938490390777588,-7.362351894378662,-5.187429428100586,4.88201904296875,7.4661712646484375,2.5928919315338135,3.3708553314208984,-5.715794563293457,2.356001853942871,-3.85528302192688,-1.7185189723968506,3.5967514514923096,2.502075672149658,7.935250759124756,1.9139461517333984,-5.267291069030762,-4.429481506347656,3.8728184700012207,-6.841041564941406
A,2,790,1,1,11,5,1.8090534210205078,-6.382905006408691,7.207669258117676,-3.3642818927764893,-7.561099052429199,5.411528587341309,-4.325362205505371,-6.641117095947266,-7.257950782775879,1.8618834018707275,-3.833644151687622,-1.027035117149353,1.9694433212280273,-3.987736225128174,-7.665637016296387,-5.376351833343506,5.079018592834473,7.768612861633301,2.6644866466522217,3.286562442779541,-5.916402339935303,2.3657655715942383,-4.060518264770508,-1.6941455602645874,3.5663719177246094,2.731811285018921,8.146379470825195,1.8679174184799194,-5.297930717468262,-4.7871503829956055,4.26275634765625,-6.985384941101074
A,2,790,1,1,12,4,1.8938287496566772,-6.159938812255859,7.261676788330078,-3.470226287841797,-7.027834415435791,5.337668418884277,-4.054567337036133,-6.748882293701172,-7.158493518829346,1.7006829977035522,-3.8651270866394043,-0.8888072967529297,1.9610226154327393,-3.974423885345459,-7.754650592803955,-5.399650573730469,5.143683910369873,7.881457805633545,2.3625354766845703,3.660167932510376,-5.932548999786377,2.140920639038086,-4.444448947906494,-2.2749345302581787,3.490943431854248,2.829115867614746,8.258394241333008,2.1113438606262207,-5.459469318389893,-4.4421305656433105,4.237708568572998,-7.091764450073242
A,2,790,1,1,13,7,2.19903826713562,-6.61484432220459,7.402842044830322,-3.486295223236084,-7.731385707855225,5.5720086097717285,-4.759785175323486,-6.668941020965576,-7.151368141174316,1.700669288635254,-3.6166937351226807,-0.961592972278595,1.7762460708618164,-4.0456061363220215,-7.857528209686279,-5.656462669372559,5.240429401397705,7.764173984527588,2.814903736114502,3.2999789714813232,-6.313506126403809,2.5718703269958496,-4.0436506271362305,-1.6996134519577026,3.5863990783691406,2.5783252716064453,8.230714797973633,2.113868236541748,-5.302977085113525,-4.929644584655762,4.344945430755615,-7.3216705322265625
A,2,790,1,2,9,4,1.6086384057998657,-6.5177083015441895,7.329197406768799,-3.3325541019439697,-7.85630989074707,5.448390960693359,-4.693354606628418,-6.596996307373047,-7.314598083496094,1.9029005765914917,-3.5679121017456055,-1.1645185947418213,1.8705828189849854,-4.06082010269165,-7.419021129608154,-5.284799575805664,4.952811241149902,7.400187015533447,2.915771961212158,3.0397469997406006,-5.994483470916748,2.547642707824707,-3.847158908843994,-1.5941007137298584,3.623924732208252,2.443934917449951,7.991413593292236,1.7301902770996094,-5.141179084777832,-4.965510845184326,4.258278846740723,-7.012062072753906
A,2,790,1,2,10,5,1.8949928283691406,-6.159226417541504,7.152224540710449,-3.4133059978485107,-7.292422294616699,5.1958160400390625,-4.267022609710693,-6.42290735244751,-7.068319797515869,1.7221304178237915,-3.5271964073181152,-0.8688112497329712,1.8687769174575806,-3.977694034576416,-7.414895534515381,-5.208343982696533,4.8280839920043945,7.329623222351074,2.5402817726135254,3.3407886028289795,-5.9560089111328125,2.210736036300659,-4.023828983306885,-2.021406888961792,3.3805642127990723,2.410151958465576,7.793032169342041,1.988671064376831,-5.216126918792725,-4.3998517990112305,3.871992588043213,-7.02544641494751
A,2,790,1,2,11,5,2.034398317337036,-6.524439334869385,7.744543552398682,-3.4498519897460938,-7.8416547775268555,5.4972968101501465,-4.16904878616333,-6.939703941345215,-7.816037178039551,1.9705889225006104,-4.390347957611084,-0.9175955653190613,2.520852565765381,-4.212250709533691,-8.16224193572998,-5.622612953186035,5.258818626403809,8.452163696289062,2.6220946311950684,3.9640698432922363,-5.943958759307861,2.3492884635925293,-4.35330867767334,-2.0457282066345215,3.9590275287628174,2.8538050651550293,8.711835861206055,2.085622787475586,-5.768502235412598,-4.812797546386719,4.344967842102051,-7.272067070007324
A,2,790,1,2,12,5,2.114470958709717,-6.428475856781006,7.3749895095825195,-3.4334094524383545,-7.567840576171875,5.456290245056152,-4.426905632019043,-6.714077949523926,-7.3334197998046875,1.8163217306137085,-3.838242292404175,-0.9010833501815796,2.0413460731506348,-4.033987045288086,-7.868385314941406,-5.568060398101807,5.190542697906494,7.954977989196777,2.633686065673828,3.5287299156188965,-6.086342811584473,2.4430465698242188,-4.178494453430176,-1.8859649896621704,3.6494059562683105,2.6975440979003906,8.295663833618164,2.08758282661438,-5.410674095153809,-4.753830432891846,4.2935051918029785,-7.256485939025879
A,2,790,1,2,13,7,2.1154472827911377,-6.810305595397949,7.705265522003174,-3.5225844383239746,-8.166489601135254,5.7661967277526855,-4.813705921173096,-6.941585540771484,-7.622677326202393,1.8830405473709106,-3.9220526218414307,-1.0413423776626587,2.106194496154785,-4.1694817543029785,-8.213448524475098,-5.772931098937988,5.341885089874268,8.205763816833496,2.917999267578125,3.538999319076538,-6.367659091949463,2.650266170501709,-4.137869834899902,-1.694301724433899,3.8255534172058105,2.668243646621704,8.566152572631836,2.0698459148406982,-5.5232086181640625,-5.203830718994141,4.518954277038574,-7.515285015106201
A,2,790,2,1,9,5,1.8603219985961914,-5.873926639556885,6.897385597229004,-3.343925952911377,-6.845190525054932,4.898814678192139,-4.123990535736084,-6.126737594604492,-6.620386600494385,1.5524935722351074,-3.313565731048584,-0.7870095372200012,1.635019063949585,-3.847118854522705,-6.914669990539551,-5.019890785217285,4.614869117736816,6.814016819000244,2.4366190433502197,3.193742275238037,-5.733328819274902,2.030522108078003,-3.859687328338623,-2.046818971633911,3.238929033279419,2.3247594833374023,7.484567165374756,1.9557406902313232,-4.9931111335754395,-4.050286293029785,3.5382065773010254,-6.705848693847656
A,2,790,2,1,10,5,1.9016023874282837,-5.940119743347168,7.172198295593262,-3.3506274223327637,-7.0004706382751465,4.996410369873047,-3.7652862071990967,-6.530364036560059,-7.290190696716309,1.8211519718170166,-4.0457658767700195,-0.7427588105201721,2.2694039344787598,-3.9545929431915283,-7.478102207183838,-5.2295145988464355,4.926786422729492,7.813324928283691,2.255047559738159,3.7756638526916504,-5.552964210510254,2.032135248184204,-4.279810905456543,-2.28767991065979,3.6212830543518066,2.788421392440796,8.096308708190918,2.071251392364502,-5.431083679199219,-4.131999492645264,3.906122922897339,-6.813000679016113
A,2,790,2,1,11,4,1.8438830375671387,-6.165944576263428,7.286401748657227,-3.4760193824768066,-7.237277030944824,5.246081829071045,-3.9760124683380127,-6.751631259918213,-7.452784538269043,1.8338576555252075,-4.063736915588379,-0.844903290271759,2.2019007205963135,-4.029803276062012,-7.737760543823242,-5.4096198081970215,5.052717208862305,7.985709190368652,2.3522861003875732,3.7648494243621826,-5.8024492263793945,2.1152143478393555,-4.359928131103516,-2.2520666122436523,3.6495542526245117,2.8396778106689453,8.246732711791992,2.0714807510375977,-5.502603530883789,-4.400086879730225,4.093396186828613,-7.022467136383057
A,2,790,2,1,12,4,1.9106402397155762,-6.305751800537109,7.489715576171875,-3.4585790634155273,-7.462254524230957,5.358857154846191,-4.019057750701904,-6.93630838394165,-7.711513042449951,1.9554933309555054,-4.2698140144348145,-0.8826667070388794,2.3899450302124023,-4.093740463256836,-8.004697799682617,-5.512465476989746,5.225244998931885,8.350436210632324,2.406672954559326,3.9456987380981445,-5.829126358032227,2.236555337905884,-4.497978210449219,-2.2730417251586914,3.8299365043640137,2.9748241901397705,8.547286987304688,2.121853828430176,-5.683260917663574,-4.583709239959717,4.32578706741333,-7.1685967445373535
A,2,790,2,1,13,7,1.8650866746902466,-6.427529811859131,7.356368064880371,-3.5920002460479736,-7.4266533851623535,5.524867057800293,-4.508954048156738,-6.801496982574463,-7.290629863739014,1.6634855270385742,-3.6138575077056885,-1.0084161758422852,1.827628493309021,-4.049691677093506,-7.81277322769165,-5.526615142822266,5.10923433303833,7.752341270446777,2.591630697250366,3.4609477519989014,-6.2209625244140625,2.2501657009124756,-4.297642230987549,-2.144888401031494,3.502534866333008,2.6679584980010986,8.13694953918457,2.1348061561584473,-5.309875011444092,-4.703250885009766,4.263492107391357,-7.281861782073975
A,2,790,2,2,9,4,1.875307559967041,-6.173270225524902,7.382072448730469,-3.4852771759033203,-7.260490894317627,5.131125450134277,-4.225275993347168,-6.449883937835693,-7.050363063812256,1.63057541847229,-3.6409568786621094,-0.8825159072875977,1.871703863143921,-4.0741190910339355,-7.300258636474609,-5.233640193939209,4.780543804168701,7.222572326660156,2.556215286254883,3.512910842895508,-5.877721786499023,2.069467544555664,-4.051353931427002,-2.2238426208496094,3.498227119445801,2.4262351989746094,7.940982341766357,2.0724029541015625,-5.301533222198486,-4.320587635040283,3.698328733444214,-6.993227958679199
A,2,790,2,2,10,5,1.9063810110092163,-6.162668704986572,7.113343238830566,-3.3183860778808594,-7.337001800537109,5.126555442810059,-4.078723907470703,-6.419192314147949,-7.076355934143066,1.841771125793457,-3.7942473888397217,-0.8696948289871216,1.974485158920288,-3.9761409759521484,-7.429481506347656,-5.2214155197143555,4.889674186706543,7.480764865875244,2.546142578125,3.351947069168091,-5.77095365524292,2.2389414310455322,-3.985701084136963,-1.8085044622421265,3.475149154663086,2.620255947113037,7.960017204284668,1.8936758041381836,-5.297597885131836,-4.453110694885254,3.926586866378784,-6.910298824310303
A,2,790,2,2,11,5,1.9119064807891846,-6.2016425132751465,7.109254360198975,-3.4364418983459473,-7.238900661468506,5.223172187805176,-4.2993364334106445,-6.514559745788574,-7.056873321533203,1.7202179431915283,-3.587259292602539,-0.9165571331977844,1.7932208776474,-3.944622755050659,-7.4326581954956055,-5.327964782714844,4.933468818664551,7.427046775817871,2.5071322917938232,3.331056594848633,-5.909104824066162,2.2458720207214355,-4.0863752365112305,-1.968614935874939,3.454728364944458,2.6266939640045166,7.92529821395874,2.042680263519287,-5.20068883895874,-4.4582624435424805,3.9992287158966064,-7.010490417480469
A,2,790,2,2,12,4,2.0114431381225586,-6.378119468688965,7.7127299308776855,-3.60193133354187,-7.446906566619873,5.439427375793457,-4.071328639984131,-7.042015552520752,-7.779417037963867,1.8261876106262207,-4.320624828338623,-0.8435640931129456,2.430914878845215,-4.154460906982422,-8.130542755126953,-5.664077281951904,5.246855735778809,8.464421272277832,2.405895471572876,4.1691107749938965,-5.933509826660156,2.144805431365967,-4.618278503417969,-2.502492666244507,3.8978519439697266,2.972231864929199,8.711102485656738,2.286482095718384,-5.760756492614746,-4.591069221496582,4.254637241363525,-7.291047096252441
A,2,790,2,2,13,8,1.924818515777588,-6.405813694000244,7.398202896118164,-3.5944385528564453,-7.367397785186768,5.520350933074951,-4.510646343231201,-6.803420543670654,-7.249216556549072,1.6237088441848755,-3.625321388244629,-0.9510151147842407,1.831024169921875,-4.0253472328186035,-7.768770217895508,-5.5596818923950195,5.096971035003662,7.747900009155273,2.5871260166168213,3.5573582649230957,-6.181072235107422,2.2283380031585693,-4.303025245666504,-2.1762678623199463,3.544833183288574,2.669802188873291,8.203509330749512,2.1624417304992676,-5.319529056549072,-4.682748794555664,4.169283866882324,-7.244030952453613
A,2,790,3,1,9,4,1.3374077081680298,-6.120986461639404,6.964887619018555,-3.5552148818969727,-6.983814716339111,5.339839935302734,-4.640934944152832,-6.399622917175293,-6.6715087890625,1.4684380292892456,-2.803257942199707,-1.156364917755127,1.269675850868225,-3.912569522857666,-6.986420631408691,-4.967973709106445,4.64006233215332,6.578298091888428,2.657543897628784,2.7819597721099854,-6.197187423706055,2.069363832473755,-4.0042033195495605,-2.1001362800598145,2.986530303955078,2.150780439376831,7.355840682983398,1.791968822479248,-4.794871807098389,-4.4523820877075195,3.9066057205200195,-6.954891681671143
A,2,790,3,1,10,5,1.7171646356582642,-5.934418678283691,6.78708553314209,-3.3673369884490967,-6.960471153259277,5.067352771759033,-4.27485466003418,-6.250489711761475,-6.7876482009887695,1.625165581703186,-3.252232313156128,-0.9229874610900879,1.661105751991272,-3.829785108566284,-7.059454917907715,-5.039135456085205,4.715580463409424,6.9969024658203125,2.4048845767974854,3.026827335357666,-5.798632621765137,2.156506299972534,-3.895723342895508,-1.916764497756958,3.22724986076355,2.3924918174743652,7.4189863204956055,1.9249902963638306,-4.913679122924805,-4.2090349197387695,3.8645942211151123,-6.740176200866699
A,2,790,3,1,11,5,1.6657898426055908,-5.944142818450928,6.696822166442871,-3.4346892833709717,-6.8448357582092285,5.146890640258789,-4.2306132316589355,-6.379208087921143,-6.764325141906738,1.600919485092163,-3.268158435821533,-0.9278643727302551,1.5434890985488892,-3.803554058074951,-7.141554832458496,-5.1514129638671875,4.791528224945068,7.110925197601318,2.3634800910949707,3.0276901721954346,-5.873658180236816,2.1103923320770264,-4.033975124359131,-1.9913647174835205,3.16723370552063,2.5611395835876465,7.4859724044799805,1.9167978763580322,-4.922495365142822,-4.252720355987549,3.945923328399658,-6.802482604980469
A,2,790,3,1,12,4,1.9605475664138794,-6.235729217529297,7.4283552169799805,-3.618344783782959,-7.1186347007751465,5.4261040687561035,-4.207467555999756,-6.8454909324646,-7.353654861450195,1.6337800025939941,-3.814497947692871,-0.8311203718185425,2.0401663780212402,-4.017446517944336,-7.808943271636963,-5.5411601066589355,5.0879974365234375,7.952813148498535,2.394911289215088,3.856191873550415,-6.039058208465576,2.0628554821014404,-4.517478942871094,-2.478816509246826,3.570967197418213,2.758951187133789,8.331873893737793,2.2243659496307373,-5.462341785430908,-4.454892158508301,4.060581207275391,-7.203125953674316
A,2,790,3,1,13,9,1.9017367362976074,-6.740537166595459,7.245938777923584,-3.5204455852508545,-7.803094863891602,5.750795364379883,-5.14471960067749,-6.6646223068237305,-7.023055553436279,1.606773018836975,-3.14768648147583,-1.1725916862487793,1.4285489320755005,-4.004669666290283,-7.6915411949157715,-5.587602138519287,5.137130260467529,7.38594913482666,2.987277030944824,2.864819049835205,-6.515042781829834,2.5823206901550293,-3.9058303833007812,-1.5502467155456543,3.4083759784698486,2.418429374694824,7.917185306549072,1.9802250862121582,-4.957566261291504,-5.133839130401611,4.414876937866211,-7.312646865844727
A,2,790,3,2,9,4,1.4833941459655762,-6.542238235473633,7.155296802520752,-3.3733787536621094,-7.848191261291504,5.487177848815918,-4.842715263366699,-6.559057712554932,-7.189610481262207,1.8759087324142456,-3.423846483230591,-1.2340126037597656,1.6586804389953613,-3.9268102645874023,-7.350609302520752,-5.231661319732666,4.83805513381958,7.172582626342773,2.9525485038757324,2.84877610206604,-6.033025741577148,2.5617220401763916,-3.6946756839752197,-1.338719129562378,3.574772596359253,2.4508392810821533,7.805161476135254,1.6132632493972778,-4.987205505371094,-5.05908727645874,4.141840934753418,-6.9256672859191895
A,2,790,3,2,10,5,1.9194501638412476,-6.162334442138672,6.990948677062988,-3.3387303352355957,-7.27020263671875,5.185084342956543,-4.468456268310547,-6.287862777709961,-6.8952789306640625,1.667132019996643,-3.356447696685791,-0.8930533528327942,1.7420661449432373,-3.8870887756347656,-7.227555274963379,-5.161029815673828,4.821299076080322,7.160353183746338,2.590796709060669,3.0636725425720215,-5.909193992614746,2.3061752319335938,-3.8075852394104004,-1.724969506263733,3.3812155723571777,2.352055311203003,7.608729362487793,1.9546455144882202,-4.986674785614014,-4.436102867126465,3.9028587341308594,-6.834649085998535
A,2,790,3,2,11,5,1.2947285175323486,-5.872939109802246,6.858652591705322,-3.613748073577881,-6.403561592102051,5.319788932800293,-4.314639091491699,-6.553986549377441,-6.779635429382324,1.3282654285430908,-2.83257794380188,-1.1532968282699585,1.429621934890747,-3.818962812423706,-7.2097649574279785,-5.055081367492676,4.67512321472168,6.976639747619629,2.283297538757324,3.191387176513672,-6.079867362976074,1.6929528713226318,-4.443323135375977,-2.65852689743042,2.880629301071167,2.365166425704956,7.414201259613037,2.050272226333618,-4.734894752502441,-4.206244468688965,4.055747032165527,-6.95916748046875
A,2,790,3,2,12,5,1.6851608753204346,-5.909280776977539,6.868882179260254,-3.4503703117370605,-6.664206027984619,5.167544364929199,-4.170345783233643,-6.502020359039307,-6.979482173919678,1.5302873849868774,-3.369436740875244,-0.9016603231430054,1.7976140975952148,-3.79594349861145,-7.239102363586426,-5.2245402336120605,4.819808006286621,7.43311071395874,2.2710680961608887,3.368908643722534,-5.758842468261719,1.9581695795059204,-4.2536516189575195,-2.3264410495758057,3.334423780441284,2.618321180343628,7.679770469665527,2.097630023956299,-4.920186519622803,-4.182607650756836,4.018317222595215,-6.762457847595215
A,2,790,3,2,13,6,1.8952277898788452,-6.569657802581787,7.064018726348877,-3.390345335006714,-7.606136322021484,5.561371326446533,-4.883187770843506,-6.4892897605896,-6.875665664672852,1.6309280395507812,-3.2194507122039795,-1.106745719909668,1.4917391538619995,-3.9356765747070312,-7.474346160888672,-5.443653583526611,5.039299488067627,7.298485279083252,2.8835296630859375,2.79563045501709,-6.241641521453857,2.5073468685150146,-3.791562080383301,-1.434372901916504,3.3782236576080322,2.4624812602996826,7.79547119140625,1.9232279062271118,-4.883560657501221,-4.950782775878906,4.296631336212158,-7.050571441650391
B,0,252,1,1,9,4,2.9394373893737793,1.38904869556427,-8.46607780456543,13.185772895812988,3.026959180831909,0.36206531524658203,-0.6622104048728943,-3.717205286026001,-0.5674150586128235,-1.8934262990951538,-0.1739126443862915,0.7794427275657654,3.2602779865264893,3.733949661254883,4.354561805725098,-0.08101053535938263,-1.0567212104797363,5.506699562072754,-2.39697265625,1.5221220254898071,0.749846875667572,1.2310206890106201,1.8682363033294678,-5.482970714569092,9.4368896484375,-3.611677646636963,-5.735736846923828,-0.049358680844306946,5.636394023895264,2.627256155014038,-1.261595606803894,5.208890914916992
B,0,252,1,1,10,5,2.3702456951141357,0.7469843029975891,-7.620872497558594,11.798446655273438,2.8793246746063232,0.3929575979709625,-0.7918122410774231,-3.3178539276123047,-0.7707222700119019,-1.7808367013931274,-0.20571362972259521,0.826750636100769,3.028968334197998,3.0022802352905273,3.9902138710021973,-0.2703539729118347,-0.8238140940666199,4.68763542175293,-2.7083017826080322,1.510898232460022,0.6653382778167725,1.3985668420791626,1.531052827835083,-4.480033874511719,8.245638847351074,-3.010166883468628,-4.513174533843994,-0.13044217228889465,4.742239952087402,1.999633550643921,-0.8771951794624329,4.431191444396973
B,0,252,1,1,11,5,2.56199049949646,0.9435701370239258,-7.673605918884277,12.071257591247559,2.876004695892334,0.5042088627815247,-0.793960452079773,-3.6150593757629395,-0.7679049372673035,-1.8151025772094727,-0.3061424493789673,0.9195526242256165,2.9040989875793457,3.1238925457000732,4.281702518463135,-0.17200572788715363,-0.5740049481391907,4.949808597564697,-2.7185211181640625,1.263622522354126,0.6357420682907104,1.2999253273010254,1.5491821765899658,-4.741628170013428,8.619832992553711,-3.131054639816284,-4.836050510406494,0.12271847575902939,4.96956205368042,2.281524181365967,-0.8003567457199097,4.558468818664551
B,0,252,1,1,12,4,2.274231195449829,0.92043137550354,-8.049440383911133,12.805161476135254,3.1280031204223633,0.9898252487182617,-1.1778253316879272,-3.812004327774048,-0.7250844836235046,-1.8467363119125366,-0.24897852540016174,1.0255005359649658,3.1647469997406006,3.156609058380127,4.710660934448242,-0.5930517911911011,-0.5451635122299194,4.650088787078857,-3.30777645111084,1.687669038772583,0.8180214762687683,1.6965279579162598,1.6636180877685547,-5.1027021408081055,9.110060691833496,-3.8757405281066895,-4.829686641693115,0.20939594507217407,5.467358589172363,2.105853319168091,-0.9194740056991577,4.687045574188232
B,0,252,1,1,13,5,2.3880505561828613,0.8102567791938782,-7.74798583984375,12.197117805480957,2.9960968494415283,0.5527154207229614,-1.1333106756210327,-3.439965009689331,-0.683355450630188,-1.8748366832733154,-0.3252978026866913,0.7761216163635254,2.899404525756836,3.08516263961792,4.370887756347656,-0.38185060024261475,-0.6307234168052673,4.55302095413208,-2.934868335723877,1.385378122329712,0.7291937470436096,1.272473692893982,1.5720198154449463,-5.046093940734863,8.606609344482422,-3.296215772628784,-4.684435844421387,0.019732309505343437,5.208687782287598,2.3353075981140137,-0.6173436045646667,4.410541534423828
B,0,252,1,2,9,4,2.963205337524414,1.6011379957199097,-8.927490234375,14.083274841308594,3.1985316276550293,0.5658360719680786,-0.8068981766700745,-4.0325775146484375,-0.5831888914108276,-1.8369410037994385,-0.08934956789016724,1.0010747909545898,3.4670026302337646,3.9565303325653076,4.715968132019043,-0.3018355369567871,-1.2436507940292358,5.578461170196533,-2.6451966762542725,1.8201309442520142,0.8349548578262329,1.4023698568344116,2.0142970085144043,-5.858705520629883,9.930788040161133,-4.318868637084961,-6.115596294403076,0.03289716690778732,6.109832763671875,2.6709859371185303,-1.5857876539230347,5.626493453979492
B,0,252,1,2,10,5,2.048840284347534,0.6965466141700745,-8.085053443908691,12.584136962890625,3.156801700592041,0.7007055878639221,-1.18312668800354,-3.4236576557159424,-0.7077280282974243,-1.8062458038330078,-0.042530227452516556,0.9368050694465637,3.3156895637512207,3.1669578552246094,4.3498854637146,-0.7393298745155334,-1.002003788948059,4.48971700668335,-3.2055068016052246,1.9455363750457764,0.8182098269462585,1.733272910118103,1.6272375583648682,-4.795659065246582,8.680994033813477,-3.6585946083068848,-4.532357692718506,-0.185766339302063,5.154532432556152,1.830849051475525,-1.0473617315292358,4.566793441772461
B,0,252,1,2,11,5,1.9766833782196045,0.7983532547950745,-7.7474775314331055,12.23005199432373,2.9948630332946777,0.6433727145195007,-1.1963201761245728,-3.503103733062744,-0.5734080076217651,-1.7410444021224976,-0.11360801756381989,1.0067596435546875,2.869344711303711,3.0749526023864746,4.340304374694824,-0.7065593600273132,-0.7751368880271912,4.497439384460449,-3.0211033821105957,1.552552342414856,0.8636455535888672,1.499756097793579,1.5072393417358398,-4.9199347496032715,8.479196548461914,-3.462550401687622,-4.527588844299316,0.07760880887508392,5.032222270965576,2.1741116046905518,-1.0028049945831299,4.362946510314941
B,0,252,1,2,12,3,2.10697078704834,0.778941810131073,-7.324417591094971,11.408256530761719,2.8187522888183594,0.34437310695648193,-0.8301202654838562,-3.2928435802459717,-0.5669445395469666,-1.8005571365356445,-0.10258340835571289,0.8413600921630859,2.679227113723755,2.968294858932495,4.044407844543457,-0.3822859823703766,-0.700428307056427,4.642175674438477,-2.659269332885742,1.346469521522522,0.7552628517150879,1.3138134479522705,1.4583288431167603,-4.540704250335693,8.00732707977295,-2.824192762374878,-4.423372745513916,0.012882832437753677,4.5982584953308105,2.226968288421631,-0.9096996188163757,4.133156776428223
B,0,252,1,2,13,8,2.1385860443115234,0.8789649605751038,-8.225364685058594,13.2072114944458,3.235217332839966,1.0523879528045654,-1.43086838722229,-3.8119280338287354,-0.6282157301902771,-1.8591783046722412,-0.20219090580940247,1.0781738758087158,3.1878020763397217,3.2457780838012695,4.873484134674072,-0.8594290018081665,-0.6314849853515625,4.532831192016602,-3.5014259815216064,1.7398279905319214,0.8986029624938965,1.6805671453475952,1.6864935159683228,-5.407619476318359,9.281319618225098,-4.091819763183594,-4.842694282531738,0.2132088989019394,5.676823616027832,2.222473382949829,-0.8961367607116699,4.695141792297363
B,0,252,2,1,9,4,4.617181777954102,2.4173059463500977,-9.013620376586914,13.69605541229248,2.705778121948242,-1.1916483640670776,0.27930670976638794,-3.524984836578369,-0.2712731957435608,-1.7887147665023804,-0.5489996671676636,0.3111459016799927,2.7953243255615234,4.976075649261475,3.6706113815307617,1.2995951175689697,-1.8541898727416992,7.27250862121582,-0.12795400619506836,0.5568305850028992,0.4905664622783661,-0.25124451518058777,2.016472101211548,-6.539153575897217,9.899664878845215,-2.669081687927246,-7.724170684814453,-0.373363733291626,5.908354759216309,4.508843421936035,-1.519579291343689,5.9755539894104
B,0,252,2,1,10,6,3.5444209575653076,1.4777578115463257,-8.17993450164795,12.478501319885254,2.7470858097076416,-0.5687633156776428,-0.19438157975673676,-3.2979118824005127,-0.6234510540962219,-1.7826515436172485,-0.4588499367237091,0.5412179231643677,2.840289354324341,3.886871576309204,3.640460729598999,0.6695110201835632,-1.3461494445800781,6.015940189361572,-1.2626577615737915,0.9228606224060059,0.5015307664871216,0.4772290885448456,1.7064136266708374,-5.288299083709717,8.809622764587402,-2.4889423847198486,-5.995326519012451,-0.3773721754550934,5.115452289581299,3.2277915477752686,-1.090726613998413,5.108013153076172
B,0,252,2,1,11,5,2.2224173545837402,0.7044568061828613,-7.076082706451416,11.014358520507812,2.7031707763671875,0.41652733087539673,-0.763016402721405,-3.3185501098632812,-0.7777549028396606,-1.7297359704971313,-0.31907278299331665,0.8302658200263977,2.578721761703491,2.684464931488037,3.864492893218994,-0.14239144325256348,-0.48830145597457886,4.428156852722168,-2.6213700771331787,1.2232271432876587,0.6320220828056335,1.2709002494812012,1.3613797426223755,-4.268558502197266,7.7445220947265625,-2.691551446914673,-4.204935550689697,0.017575744539499283,4.443277835845947,2.0561225414276123,-0.7031539678573608,4.128159046173096
B,0,252,2,1,12,4,2.0337729454040527,0.6811947822570801,-7.60805606842041,11.914515495300293,2.9928104877471924,0.9398180246353149,-1.0367870330810547,-3.6428897380828857,-0.7961872816085815,-1.7882176637649536,-0.21145746111869812,1.0523972511291504,3.020249843597412,2.802868604660034,4.385459899902344,-0.5244243741035461,-0.4381577670574188,4.423600196838379,-3.2379584312438965,1.664984107017517,0.7343795299530029,1.7947118282318115,1.513811707496643,-4.46956729888916,8.444089889526367,-3.3776001930236816,-4.285126686096191,0.13954538106918335,4.886143207550049,1.7232943773269653,-0.8295929431915283,4.3550801277160645
B,0,252,2,1,13,6,2.277109146118164,0.8577460646629333,-7.725239276885986,12.255035400390625,2.9810068607330322,0.6817048192024231,-1.0820070505142212,-3.618811845779419,-0.6500356197357178,-1.8457828760147095,-0.2768206000328064,0.9132180213928223,2.8377864360809326,3.0707991123199463,4.437083721160889,-0.44188106060028076,-0.5205613970756531,4.645802974700928,-2.963106393814087,1.353589653968811,0.7826762199401855,1.3909400701522827,1.5212141275405884,-4.98921012878418,8.691328048706055,-3.4078547954559326,-4.690274715423584,0.17287588119506836,5.1695966720581055,2.3573625087738037,-0.8026025891304016,4.502143383026123
B,0,252,2,2,9,4,3.194643497467041,1.7941069602966309,-9.282621383666992,14.693435668945312,3.270613431930542,0.7209122776985168,-0.8198273181915283,-4.285338401794434,-0.5927742719650269,-1.8561227321624756,-0.22753798961639404,0.9840794801712036,3.6003267765045166,4.189334869384766,4.92208194732666,-0.13045760989189148,-1.1366009712219238,5.907729148864746,-2.631903886795044,1.746514081954956,0.8203316330909729,1.4465203285217285,2.0903537273406982,-6.220483303070068,10.568965911865234,-4.542255401611328,-6.510195255279541,0.10271455347537994,6.522585391998291,2.8375258445739746,-1.596222162246704,5.895087718963623
B,0,252,2,2,10,5,2.912703037261963,1.2300808429718018,-8.413313865661621,13.215252876281738,3.079420328140259,0.6243125796318054,-0.7623212933540344,-3.8956615924835205,-0.7957136034965515,-1.8369108438491821,-0.38573122024536133,0.9359201192855835,3.2485358715057373,3.514359951019287,4.447779655456543,-0.019942615181207657,-0.787946343421936,5.405311584472656,-2.6700210571289062,1.4805469512939453,0.6990562677383423,1.431497573852539,1.7894843816757202,-5.272198677062988,9.447569847106934,-3.615626811981201,-5.4831719398498535,-0.006737834308296442,5.606152534484863,2.4419045448303223,-1.0726737976074219,5.2014007568359375
B,0,252,2,2,11,4,1.8317567110061646,0.7526372671127319,-7.972223281860352,12.863143920898438,3.2345402240753174,1.5397822856903076,-1.4177260398864746,-4.148099899291992,-0.7966945171356201,-1.831049919128418,-0.18742713332176208,1.3710178136825562,3.1553397178649902,2.755861520767212,4.9669928550720215,-0.9497676491737366,-0.17063722014427185,4.260989665985107,-3.9592604637145996,1.8738155364990234,0.9254153966903687,2.1924283504486084,1.6641345024108887,-4.920817852020264,9.127389907836914,-4.2734785079956055,-4.403153419494629,0.4346110224723816,5.469535827636719,1.6997636556625366,-0.9937163591384888,4.683557987213135
B,0,252,2,2,12,4,2.1302638053894043,0.8830829858779907,-8.152780532836914,13.099215507507324,3.250467300415039,1.4332062005996704,-1.2652655839920044,-4.163807392120361,-0.7949077486991882,-1.9062763452529907,-0.22649267315864563,1.2196693420410156,3.271226167678833,3.0433149337768555,5.0193376541137695,-0.7237297892570496,-0.2387453317642212,4.610910892486572,-3.739260196685791,1.8252489566802979,0.8959583044052124,2.1062004566192627,1.7402280569076538,-5.059439659118652,9.43867015838623,-4.266389846801758,-4.730297088623047,0.42164552211761475,5.616094589233398,1.8875051736831665,-0.9948930740356445,4.8595991134643555
B,0,252,2,2,13,8,2.4165611267089844,1.0848183631896973,-8.359594345092773,13.353582382202148,3.185029983520508,0.7681778073310852,-1.300384759902954,-3.8615517616271973,-0.6205250024795532,-1.8212027549743652,-0.24971622228622437,1.0021635293960571,3.1490936279296875,3.521181344985962,4.816112041473389,-0.5975702404975891,-0.7969658374786377,4.92432975769043,-3.097395420074463,1.5477540493011475,0.8095892667770386,1.4203906059265137,1.6730637550354004,-5.5390849113464355,9.41602897644043,-3.9548144340515137,-5.2285614013671875,0.14263375103473663,5.766800880432129,2.463294506072998,-0.9410138130187988,4.862407684326172
B,0,252,3,1,9,5,2.8548226356506348,1.6250721216201782,-9.027159690856934,14.607035636901855,3.348165512084961,1.139043927192688,-1.0559555292129517,-4.321918964385986,-0.4654065668582916,-1.8175569772720337,-0.14984139800071716,1.0831600427627563,3.485705852508545,3.9946999549865723,5.0268120765686035,-0.5161963701248169,-0.9535080194473267,5.388194561004639,-3.0546200275421143,1.8924564123153687,0.9480296969413757,1.5759165287017822,2.1432788372039795,-6.292773246765137,10.412534713745117,-4.9205498695373535,-6.199260711669922,0.28931885957717896,6.500155448913574,2.6161880493164062,-1.4668700695037842,5.767195224761963
B,0,252,3,1,10,5,2.6760172843933105,1.3921200037002563,-8.462398529052734,13.911077499389648,3.2534759044647217,1.280205488204956,-0.9584192037582397,-4.282666206359863,-0.7568175196647644,-1.7509444952011108,-0.24607911705970764,1.1853594779968262,3.352634906768799,3.493394374847412,4.9425153732299805,-0.3864024579524994,-0.657075047492981,5.040822505950928,-3.3150501251220703,1.8948211669921875,0.8144503831863403,1.7246366739273071,2.0110630989074707,-5.705082893371582,9.789581298828125,-4.65946102142334,-5.676185131072998,0.34775856137275696,6.156101226806641,2.173912763595581,-1.2581915855407715,5.514925956726074
B,0,252,3,1,11,5,3.4220027923583984,1.703650712966919,-8.48733901977539,13.514951705932617,2.9170966148376465,-0.0372808463871479,-0.40053805708885193,-3.7876975536346436,-0.5776063203811646,-1.6914459466934204,-0.31837743520736694,0.8295429944992065,2.9724972248077393,4.078151226043701,4.180812358856201,0.34658899903297424,-1.3162808418273926,6.078023910522461,-1.7535730600357056,1.1323474645614624,0.5919803380966187,0.6531355977058411,1.880955457687378,-5.82521390914917,9.430458068847656,-3.4071526527404785,-6.39300012588501,-0.10117223113775253,5.749236583709717,3.104144334793091,-1.291820764541626,5.502139091491699
B,0,252,3,1,12,4,3.373993158340454,1.5900957584381104,-8.103890419006348,12.693839073181152,2.794795513153076,-0.23026181757450104,-0.4181484282016754,-3.5854015350341797,-0.5400409698486328,-1.7291576862335205,-0.34878891706466675,0.5896416306495667,2.8879270553588867,4.002243995666504,4.054070472717285,0.47846248745918274,-1.2097697257995605,5.931797027587891,-1.5699329376220703,0.9281437397003174,0.45798593759536743,0.4503485858440399,1.6980217695236206,-5.465439796447754,9.081938743591309,-3.003237009048462,-6.076022624969482,-0.1972654163837433,5.529919624328613,3.048748731613159,-1.0479769706726074,5.128710746765137
B,0,252,3,1,13,6,3.1663811206817627,1.414751648902893,-8.411900520324707,13.778732299804688,3.065973997116089,0.5124426484107971,-0.729539692401886,-4.007964611053467,-0.8806107044219971,-1.7455178499221802,-0.37399038672447205,0.9678554534912109,3.133733034133911,3.8040430545806885,4.599832057952881,0.05415874719619751,-0.9254339337348938,5.740058898925781,-2.4969542026519775,1.230555534362793,0.6201125383377075,1.0678986310958862,1.8366566896438599,-5.573289394378662,9.626435279846191,-3.8591744899749756,-5.966738224029541,0.1116778627038002,5.810779094696045,2.693143606185913,-1.0581177473068237,5.489067554473877
B,0,252,3,2,9,4,3.0650174617767334,1.7084161043167114,-9.166380882263184,14.726480484008789,3.3167991638183594,0.9369717240333557,-1.0065090656280518,-4.311899185180664,-0.2727717161178589,-1.8969507217407227,-0.1784689724445343,0.9678404927253723,3.402047872543335,4.155406951904297,4.994560241699219,-0.45385852456092834,-0.9832901954650879,5.655816078186035,-2.7955682277679443,1.6350479125976562,1.0024621486663818,1.3400217294692993,2.1823625564575195,-6.533641338348389,10.599569320678711,-4.746298313140869,-6.373414039611816,0.28219500184059143,6.6101226806640625,3.012030601501465,-1.4408329725265503,5.765923500061035
B,0,252,3,2,10,5,2.1316637992858887,1.0169408321380615,-8.107294082641602,13.189117431640625,3.2104315757751465,1.3338696956634521,-1.248436689376831,-3.930264949798584,-0.5693046450614929,-1.7156883478164673,-0.1491907835006714,1.1119129657745361,3.1491494178771973,3.056854009628296,4.700821876525879,-0.8049098253250122,-0.5802192687988281,4.261552333831787,-3.485764980316162,2.0097498893737793,0.9621464014053345,1.869005799293518,1.8885033130645752,-5.5117950439453125,9.133163452148438,-4.486708641052246,-4.896330833435059,0.3406111001968384,5.757913112640381,1.9181715250015259,-1.1155401468276978,4.9207048416137695
B,0,252,3,2,11,5,2.8005378246307373,1.4856812953948975,-8.271893501281738,13.308141708374023,2.9866766929626465,0.4026023745536804,-0.806472897529602,-3.7852542400360107,-0.3565741181373596,-1.6622483730316162,-0.15014289319515228,0.8436600565910339,2.9253740310668945,3.8254826068878174,4.419600486755371,-0.2050202190876007,-1.1123034954071045,5.4725728034973145,-2.260366916656494,1.2701759338378906,0.806287944316864,0.9415949583053589,1.7869075536727905,-5.810623645782471,9.315450668334961,-3.8070971965789795,-5.838079929351807,0.1119895726442337,5.781014919281006,2.8839526176452637,-1.2707164287567139,5.136975288391113
B,0,252,3,2,12,4,3.5243101119995117,1.765085220336914,-8.40468978881836,13.336969375610352,2.8408617973327637,-0.11316043883562088,-0.39065200090408325,-3.8485443592071533,-0.5170156955718994,-1.6639466285705566,-0.3767947852611542,0.723264753818512,2.854518175125122,4.155114650726318,4.213898658752441,0.44617027044296265,-1.242127537727356,6.202592372894287,-1.566115379333496,0.8830438852310181,0.5695786476135254,0.4875653386116028,1.7970718145370483,-5.824101448059082,9.45728874206543,-3.303959846496582,-6.416629314422607,-0.03599128872156143,5.764340400695801,3.2695889472961426,-1.2004592418670654,5.437368869781494
B,0,252,3,2,13,6,3.298473596572876,1.4340494871139526,-8.377388954162598,13.514933586120605,2.9503719806671143,0.1114543005824089,-0.7343766689300537,-3.7583675384521484,-0.6551753878593445,-1.7083185911178589,-0.4494882822036743,0.752479076385498,2.8921377658843994,3.905851125717163,4.365467548370361,0.15577109158039093,-1.0575824975967407,5.745659351348877,-2.033632516860962,0.9376497268676758,0.6208339333534241,0.6873094439506531,1.7446950674057007,-5.821359634399414,9.442363739013672,-3.4746761322021484,-6.0061821937561035,0.04142260551452637,5.732929706573486,3.142071485519409,-0.9244385361671448,5.258800983428955
B,0,651,1,1,9,4,2.357085704803467,1.0659847259521484,-8.674163818359375,13.90351676940918,3.333127498626709,1.4443556070327759,-1.2014787197113037,-4.225541591644287,-0.8057271242141724,-1.993504285812378,-0.07943781465291977,1.179502248764038,3.737917184829712,3.372931957244873,5.066168308258057,-0.7483341097831726,-0.5411223769187927,5.047177314758301,-3.7581324577331543,1.9734382629394531,0.8885313272476196,2.097769260406494,1.9521827697753906,-5.287632942199707,10.06468391418457,-4.617059707641602,-5.21536111831665,0.23190927505493164,6.013806343078613,1.7747961282730103,-1.220415711402893,5.284473896026611
B,0,651,1,1,10,5,2.317537784576416,0.9599142074584961,-8.705827713012695,13.856439590454102,3.3935024738311768,1.2515068054199219,-1.1810978651046753,-4.129849910736084,-0.8978861570358276,-2.007051944732666,-0.029332470148801804,1.1281523704528809,3.7805893421173096,3.363534450531006,4.958436489105225,-0.7292860746383667,-0.7337301969528198,5.011130332946777,-3.7590649127960205,2.100700855255127,0.8803082704544067,2.1391282081604004,2.006253957748413,-5.101765155792236,9.844107627868652,-4.548707485198975,-5.104931354522705,0.05244915559887886,5.899354457855225,1.5955173969268799,-1.2552211284637451,5.292943000793457
B,0,651,1,1,11,5,2.5773608684539795,0.969226062297821,-7.170560359954834,10.977876663208008,2.6364212036132812,-0.3808431029319763,-0.3608219027519226,-2.9938931465148926,-0.6088998317718506,-1.7707641124725342,-0.21396997570991516,0.6298598051071167,2.514988422393799,3.2204456329345703,3.5024094581604004,0.2353946715593338,-1.0282739400863647,5.207949638366699,-1.7682161331176758,1.036675214767456,0.5672147274017334,0.7907888889312744,1.4253705739974976,-4.377081871032715,7.654088497161865,-2.1021273136138916,-4.820519924163818,-0.30726560950279236,4.3287529945373535,2.552834987640381,-0.9791610836982727,4.236841678619385
B,0,651,1,1,12,4,2.4123353958129883,0.8720667362213135,-7.4014105796813965,11.657506942749023,2.7990078926086426,0.28386008739471436,-0.7418380975723267,-3.366619110107422,-0.7039157152175903,-1.7903857231140137,-0.2985904812812805,0.8590067625045776,2.6889054775238037,2.995605945587158,3.9260458946228027,-0.12356214225292206,-0.7044401168823242,4.838460445404053,-2.4680287837982178,1.2278966903686523,0.7007017135620117,1.1612430810928345,1.5125378370285034,-4.650698661804199,8.116599082946777,-2.810032844543457,-4.669379234313965,-0.04591614007949829,4.756767749786377,2.3154807090759277,-0.8792934417724609,4.409303188323975
B,0,651,1,1,13,6,2.6017677783966064,0.9417920112609863,-7.578019618988037,11.935572624206543,2.8235714435577393,0.10389537364244461,-0.8127829432487488,-3.319009780883789,-0.7351440787315369,-1.7275980710983276,-0.3990711271762848,0.7982169985771179,2.728304624557495,3.1848907470703125,3.9410297870635986,-0.043850112706422806,-0.8530943989753723,4.9445061683654785,-2.3003175258636475,1.1559028625488281,0.6119063496589661,0.9866519570350647,1.4911590814590454,-4.834479331970215,8.260194778442383,-2.8149359226226807,-4.8857421875,-0.14215533435344696,4.916380405426025,2.464672803878784,-0.8047828078269958,4.479228496551514
B,0,651,1,2,9,4,2.4682021141052246,1.0552451610565186,-9.019673347473145,14.39465618133545,3.4747495651245117,1.5046082735061646,-1.221376895904541,-4.333136558532715,-0.8823950290679932,-2.0747108459472656,-0.0423036590218544,1.2395720481872559,3.992372512817383,3.457235336303711,5.191620349884033,-0.7605961561203003,-0.6140942573547363,5.208493232727051,-3.949286937713623,2.1298227310180664,0.898347020149231,2.2535018920898438,2.0928871631622314,-5.39337158203125,10.400742530822754,-4.816766738891602,-5.389046669006348,0.15706907212734222,6.2294111251831055,1.679378867149353,-1.253559947013855,5.550871849060059
B,0,651,1,2,10,5,2.870704412460327,1.2323353290557861,-8.810025215148926,13.774388313293457,3.273024320602417,0.4086405634880066,-0.821437656879425,-3.8351032733917236,-0.7961612939834595,-1.9360347986221313,-0.13319170475006104,0.9044888615608215,3.57952618598938,3.861814022064209,4.559817790985107,-0.22490182518959045,-1.2379556894302368,5.665317535400391,-2.7598330974578857,1.7713022232055664,0.7487906813621521,1.5091553926467896,1.9773151874542236,-5.302127838134766,9.677489280700684,-3.864063262939453,-5.712130546569824,-0.24343065917491913,5.7568769454956055,2.2818665504455566,-1.3147717714309692,5.4011125564575195
B,0,651,1,2,11,5,3.52058482170105,1.5699994564056396,-8.279329299926758,13.160502433776855,2.8808536529541016,-0.23373034596443176,-0.2869434952735901,-3.7043304443359375,-0.8384615778923035,-1.7928860187530518,-0.42879390716552734,0.825508713722229,2.9890401363372803,3.9796295166015625,4.068554878234863,0.5489853620529175,-1.233223795890808,6.352664947509766,-1.7130457162857056,0.9192497134208679,0.5236100554466248,0.642520546913147,1.7661060094833374,-5.320267677307129,9.237382888793945,-2.9737801551818848,-6.2469329833984375,-0.23865839838981628,5.447042942047119,3.0675156116485596,-1.174362063407898,5.471922874450684
B,0,651,1,2,12,3,3.009136915206909,1.2636215686798096,-8.15915584564209,12.986420631408691,2.9532268047332764,0.17411237955093384,-0.6420478820800781,-3.6798954010009766,-0.7869279980659485,-1.8087600469589233,-0.3853624761104584,0.9036949276924133,3.0100631713867188,3.6064043045043945,4.19243049621582,0.095114566385746,-0.9862771034240723,5.645973205566406,-2.280534505844116,1.1774019002914429,0.6490684151649475,1.009525179862976,1.7146639823913574,-5.217391014099121,9.092597007751465,-3.242525339126587,-5.618834018707275,-0.10843580216169357,5.398787975311279,2.6924026012420654,-1.0776991844177246,5.135058879852295
B,0,651,1,2,13,7,2.8800466060638428,1.0827052593231201,-7.8959479331970215,12.515596389770508,2.9068758487701416,0.2101740539073944,-0.7323555946350098,-3.5558102130889893,-0.8437079191207886,-1.809159278869629,-0.43033793568611145,0.8619422316551208,2.9055919647216797,3.353364944458008,4.139927387237549,0.05374455824494362,-0.8322973847389221,5.288991451263428,-2.390979528427124,1.1580371856689453,0.600224494934082,1.023908019065857,1.6314626932144165,-4.9961323738098145,8.75279712677002,-3.0826914310455322,-5.2524518966674805,-0.09151206165552139,5.194058895111084,2.536043882369995,-0.8637293577194214,4.863739013671875
B,0,651,2,1,9,4,2.476994276046753,1.0066990852355957,-8.927209854125977,14.655961990356445,3.5048391819000244,1.8882513046264648,-1.4175667762756348,-4.624780654907227,-1.2404848337173462,-1.9504213333129883,-0.2614283859729767,1.4718173742294312,4.002523899078369,3.236879348754883,5.417781829833984,-0.7468717098236084,-0.2955490052700043,5.052186965942383,-4.27250862121582,2.0619008541107178,0.7282728552818298,2.3403971195220947,1.9754838943481445,-5.32365608215332,10.540474891662598,-5.083305358886719,-5.3665452003479,0.32960188388824463,6.35748291015625,1.4043641090393066,-0.9975025057792664,5.718772888183594
B,0,651,2,1,10,5,1.7936099767684937,0.6598049402236938,-8.68828010559082,14.240442276000977,3.5675320625305176,1.8764314651489258,-1.7128217220306396,-4.322257041931152,-1.0659801959991455,-1.8436750173568726,0.004384134896099567,1.5276130437850952,3.904921770095825,3.028433322906494,5.339676380157471,-1.3184878826141357,-0.47853270173072815,4.382870674133301,-4.54743766784668,2.3718888759613037,0.8467813730239868,2.5866432189941406,1.890868902206421,-5.047291278839111,9.904424667358398,-5.121655464172363,-4.658022880554199,0.2657737135887146,5.995439052581787,1.0696827173233032,-1.1209267377853394,5.203115940093994
B,0,651,2,1,11,5,2.2998054027557373,0.9244362711906433,-8.2680082321167,13.403921127319336,3.222224473953247,0.978775143623352,-1.1556521654129028,-3.9036002159118652,-0.8415930867195129,-1.8976415395736694,-0.10906048119068146,1.1930814981460571,3.3368887901306152,3.2702713012695312,4.697980880737305,-0.6452285051345825,-0.6964109539985657,5.088736534118652,-3.3945934772491455,1.6317188739776611,0.8269959688186646,1.7191489934921265,1.7812488079071045,-5.120981693267822,9.38072681427002,-4.02492618560791,-5.070706844329834,0.10131947696208954,5.586262226104736,1.9816091060638428,-1.086974024772644,5.079424858093262
B,0,651,2,1,12,4,2.5484237670898438,0.9236999750137329,-8.177197456359863,13.423494338989258,3.178213357925415,0.8793126344680786,-1.1579065322875977,-3.967228412628174,-1.038390040397644,-1.8111162185668945,-0.3189564645290375,1.1984506845474243,3.251878499984741,3.241032123565674,4.721116542816162,-0.45854082703590393,-0.5722405910491943,5.14469051361084,-3.250798225402832,1.3816802501678467,0.651742696762085,1.5530153512954712,1.658578872680664,-5.026185989379883,9.358652114868164,-3.9391512870788574,-5.140501499176025,0.13785354793071747,5.576937675476074,2.0706229209899902,-0.8812960982322693,5.146080017089844
B,0,651,2,1,13,7,2.4042136669158936,0.6970305442810059,-7.958674907684326,12.725459098815918,3.095005750656128,0.7145964503288269,-1.3069093227386475,-3.6394946575164795,-0.852334201335907,-1.820927619934082,-0.3792059123516083,0.9898282885551453,3.03886079788208,3.0266010761260986,4.473043918609619,-0.5377696752548218,-0.5608373880386353,4.625029563903809,-3.1680071353912354,1.324959397315979,0.6956303715705872,1.40569269657135,1.5433018207550049,-4.995638370513916,8.892621994018555,-3.5435352325439453,-4.662448883056641,0.04272473603487015,5.30488920211792,2.1752238273620605,-0.5849390029907227,4.636923789978027
B,0,651,2,2,9,5,2.381657838821411,0.9823991060256958,-8.868230819702148,14.407504081726074,3.44453763961792,1.7956876754760742,-1.4421701431274414,-4.5321574211120605,-1.1550824642181396,-1.9427210092544556,-0.23002073168754578,1.4146027565002441,3.905728816986084,3.1738638877868652,5.30161190032959,-0.8103283047676086,-0.3525887131690979,4.881182670593262,-4.168135166168213,2.0799965858459473,0.7690555453300476,2.296794891357422,1.9540945291519165,-5.286226272583008,10.319048881530762,-4.967493534088135,-5.216326713562012,0.31379935145378113,6.209415435791016,1.4057062864303589,-1.0199999809265137,5.55275821685791
B,0,651,2,2,10,5,1.82961905002594,0.7101070284843445,-8.655157089233398,14.14770793914795,3.509852647781372,1.804640769958496,-1.691735863685608,-4.33939266204834,-1.0643221139907837,-1.8113654851913452,-0.04922614246606827,1.491078495979309,3.8197503089904785,3.0604565143585205,5.285671710968018,-1.239473819732666,-0.5005926489830017,4.433267116546631,-4.412808418273926,2.2787559032440186,0.8401800394058228,2.4872729778289795,1.8302253484725952,-5.029688835144043,9.859851837158203,-5.017707347869873,-4.671637535095215,0.2517046332359314,5.947493553161621,1.1506918668746948,-1.1079655885696411,5.170507431030273
B,0,651,2,2,11,5,2.3464853763580322,0.8298593759536743,-7.802207946777344,12.450092315673828,3.023751974105835,0.4802474081516266,-1.0005357265472412,-3.551123857498169,-0.8740873336791992,-1.7748922109603882,-0.24338261783123016,0.9984041452407837,3.010136127471924,3.1464180946350098,4.27349853515625,-0.35783231258392334,-0.7715128660202026,4.9301533699035645,-2.862515926361084,1.3963016271591187,0.6605421304702759,1.4014298915863037,1.551680326461792,-4.735289573669434,8.612181663513184,-3.3225109577178955,-4.806589603424072,-0.06350063532590866,5.073421478271484,2.0722098350524902,-0.9086154103279114,4.6878767013549805
B,0,651,2,2,12,4,2.2866458892822266,0.6027872562408447,-8.079440116882324,13.015478134155273,3.2086448669433594,1.0743392705917358,-1.4670685529708862,-3.834547281265259,-1.0228677988052368,-1.8268871307373047,-0.3953535556793213,1.1271899938583374,3.205843448638916,2.8871545791625977,4.6971940994262695,-0.6794920563697815,-0.35475456714630127,4.478119850158691,-3.559265613555908,1.5158534049987793,0.6843641400337219,1.7684687376022339,1.6095367670059204,-4.932784080505371,9.095242500305176,-3.870651960372925,-4.520891189575195,0.13785390555858612,5.449339389801025,1.7652699947357178,-0.5412072539329529,4.713719367980957
B,0,651,2,2,13,7,2.468980073928833,0.9443188309669495,-8.764604568481445,14.32636547088623,3.433476209640503,1.0986549854278564,-1.5463533401489258,-4.1267266273498535,-0.9651452302932739,-1.7996177673339844,-0.3045458197593689,1.2739267349243164,3.561584711074829,3.4844870567321777,5.066786766052246,-0.7806732058525085,-0.7362624406814575,5.080650806427002,-3.5989601612091064,1.6620713472366333,0.7339439392089844,1.758942723274231,1.7807108163833618,-5.491128444671631,9.97026538848877,-4.465423583984375,-5.308688640594482,0.0780261904001236,6.0968194007873535,2.038419008255005,-0.9143951535224915,5.316159725189209
B,0,651,3,1,9,4,2.4955549240112305,1.1075690984725952,-8.48885440826416,13.55138111114502,3.1653151512145996,1.1570863723754883,-1.062111735343933,-4.016819000244141,-0.6206666827201843,-1.980173945426941,-0.12074221670627594,1.0612835884094238,3.4517569541931152,3.342468738555908,4.751960277557373,-0.5862237215042114,-0.5656998157501221,4.9846625328063965,-3.2730064392089844,1.7665047645568848,0.8591634035110474,1.741865634918213,1.9064366817474365,-5.453115463256836,9.7896728515625,-4.230940818786621,-5.269285678863525,0.24704650044441223,5.831605911254883,2.173570394515991,-1.2082734107971191,5.155109882354736
B,0,651,3,1,10,5,2.38550066947937,0.7741875052452087,-7.791904449462891,12.194574356079102,2.9301931858062744,0.5818626880645752,-0.8784518241882324,-3.4272148609161377,-0.6495338678359985,-1.9134485721588135,-0.16258251667022705,0.8662082552909851,3.050463914871216,3.0068225860595703,4.082220077514648,-0.40495413541793823,-0.6498396992683411,4.683363437652588,-2.8251760005950928,1.4957749843597412,0.7348215579986572,1.429148554801941,1.6686155796051025,-4.785340309143066,8.63579273223877,-3.2786622047424316,-4.643286228179932,-0.01092738937586546,4.982334613800049,2.11130952835083,-0.9527319073677063,4.5908098220825195
B,0,651,3,1,11,5,2.6754555702209473,0.9883666038513184,-7.547244071960449,11.669946670532227,2.728132963180542,-0.22244200110435486,-0.6198177337646484,-3.099095106124878,-0.5218872427940369,-1.791485071182251,-0.29028886556625366,0.6600123643875122,2.5929789543151855,3.2875466346740723,3.616152286529541,0.055242300033569336,-1.0032169818878174,5.101833343505859,-1.8820797204971313,1.038395881652832,0.6564478278160095,0.7830685377120972,1.513623833656311,-4.867627143859863,8.133045196533203,-2.5121731758117676,-4.951059818267822,-0.25645607709884644,4.724595546722412,2.7595198154449463,-0.9864633679389954,4.448866844177246
B,0,651,3,1,12,4,2.601011276245117,0.8297009468078613,-7.859577178955078,12.367361068725586,3.0027947425842285,0.2519323527812958,-0.8796349763870239,-3.311551094055176,-0.6633729338645935,-1.877293586730957,-0.3065817654132843,0.7850328087806702,2.925699472427368,3.2239158153533936,4.049927711486816,-0.22206002473831177,-0.8340494632720947,4.905078411102295,-2.555271863937378,1.363473653793335,0.7231830954551697,1.2064504623413086,1.6743478775024414,-5.014902114868164,8.59563159942627,-3.1247005462646484,-4.895791053771973,-0.13511283695697784,5.104152679443359,2.4491353034973145,-0.8674061298370361,4.65501594543457
B,0,651,3,1,13,6,2.9344615936279297,1.0865418910980225,-8.040410041809082,12.686509132385254,2.9699547290802,-0.1173386201262474,-0.8341503143310547,-3.2858264446258545,-0.5472030639648438,-1.8299027681350708,-0.3840589225292206,0.6140696406364441,2.8371009826660156,3.658367872238159,4.059534549713135,0.007542937994003296,-1.0888712406158447,5.284582614898682,-2.064720630645752,1.1168006658554077,0.6582751870155334,0.7573437690734863,1.6537784337997437,-5.420652866363525,8.827214241027832,-3.0504367351531982,-5.408911228179932,-0.2380702644586563,5.383800983428955,2.982804298400879,-0.9005866050720215,4.802920341491699
B,0,651,3,2,9,4,2.715165138244629,1.202921986579895,-8.622841835021973,13.591939926147461,3.1526970863342285,0.8363475203514099,-0.9892447590827942,-3.9063451290130615,-0.5583866238594055,-1.9824707508087158,-0.17698119580745697,0.9315709471702576,3.4087889194488525,3.5683372020721436,4.629698276519775,-0.42417454719543457,-0.765325129032135,5.209132194519043,-2.9244682788848877,1.6509690284729004,0.8365079760551453,1.5190024375915527,1.9064210653305054,-5.602718830108643,9.83165454864502,-4.044864654541016,-5.499548435211182,0.11134347319602966,5.853756904602051,2.4752657413482666,-1.2126930952072144,5.215085983276367
B,0,651,3,2,10,5,2.4108071327209473,0.8154605627059937,-8.041646003723145,12.538541793823242,3.0342555046081543,0.5746561884880066,-0.971238911151886,-3.485288143157959,-0.6485087275505066,-1.9173557758331299,-0.17481794953346252,0.8897852897644043,3.147916555404663,3.1713624000549316,4.205564975738525,-0.4701120853424072,-0.7507208585739136,4.761508464813232,-2.861963987350464,1.5936540365219116,0.7573121190071106,1.4931178092956543,1.7058112621307373,-4.94337272644043,8.870997428894043,-3.436830520629883,-4.7922186851501465,-0.04839354753494263,5.139455318450928,2.1754701137542725,-1.0053774118423462,4.704383850097656
B,0,651,3,2,11,5,2.768542766571045,1.1505705118179321,-7.939223289489746,12.494085311889648,2.890672206878662,0.00037151575088500977,-0.6762555241584778,-3.3900375366210938,-0.5524690747261047,-1.8200470209121704,-0.22305803000926971,0.7753928899765015,2.839625835418701,3.5758285522460938,4.017271995544434,-0.05335745960474014,-1.0437366962432861,5.4082441329956055,-2.113982677459717,1.1603938341140747,0.6990593075752258,0.9298287630081177,1.6438204050064087,-5.167177677154541,8.763086318969727,-3.052428960800171,-5.375553607940674,-0.13001257181167603,5.148340702056885,2.808115005493164,-1.1446192264556885,4.834296226501465
B,0,651,3,2,12,4,2.970353603363037,0.9783562421798706,-7.415502071380615,11.603858947753906,2.701244831085205,-0.18558603525161743,-0.48783618211746216,-3.192049026489258,-0.6713950634002686,-1.8416717052459717,-0.4230429530143738,0.6280131340026855,2.6021270751953125,3.2129054069519043,3.7089908123016357,0.30274638533592224,-0.7923619747161865,5.254580020904541,-1.8718928098678589,0.8403201103210449,0.5428922176361084,0.6703214049339294,1.5134251117706299,-4.779656887054443,8.177511215209961,-2.4262633323669434,-5.050339698791504,-0.16461053490638733,4.779165744781494,2.8219032287597656,-0.753504753112793,4.569494247436523
B,0,651,3,2,13,6,2.9634621143341064,1.1820604801177979,-7.751452922821045,12.048602104187012,2.7752034664154053,-0.6644729375839233,-0.6713714003562927,-2.957979917526245,-0.36726894974708557,-1.7273082733154297,-0.385928750038147,0.46035680174827576,2.4621782302856445,3.737262487411499,3.6429603099823,0.21870283782482147,-1.3459724187850952,5.369121551513672,-1.3838939666748047,0.834148645401001,0.6102588772773743,0.2784195840358734,1.4827684164047241,-5.411771297454834,8.262309074401855,-2.4416491985321045,-5.483867645263672,-0.4018454849720001,5.0610151290893555,3.3813886642456055,-0.9369388222694397,4.574033260345459
B,0,671,1,1,9,4,2.4193878173828125,1.2155815362930298,-9.431904792785645,15.31376838684082,3.660417318344116,2.059152126312256,-1.476238489151001,-4.793092727661133,-0.8479184508323669,-2.0373165607452393,-0.14929597079753876,1.4427791833877563,4.139922142028809,3.5436019897460938,5.7189741134643555,-1.0267765522003174,-0.3782292306423187,5.074952125549316,-4.354799747467041,2.3707082271575928,1.043299913406372,2.6159868240356445,2.19211745262146,-5.89506196975708,11.141847610473633,-5.616713523864746,-5.581901550292969,0.5705393552780151,6.785743713378906,1.7567698955535889,-1.4216850996017456,5.82098388671875
B,0,671,1,1,10,5,2.3690404891967773,0.8250213861465454,-8.168867111206055,13.074285507202148,3.1918890476226807,1.0829156637191772,-1.0508661270141602,-3.9462478160858154,-0.8263465762138367,-1.914695382118225,-0.19615881145000458,1.1165781021118164,3.352015256881714,3.1042020320892334,4.681031227111816,-0.5858376026153564,-0.46878084540367126,4.76848030090332,-3.4405453205108643,1.7675421237945557,0.7927514314651489,1.8938573598861694,1.809836745262146,-4.927735328674316,9.288591384887695,-4.016531467437744,-4.7702789306640625,0.23538927733898163,5.457745552062988,1.8593018054962158,-1.0434476137161255,4.929863929748535
B,0,671,1,1,11,6,2.8012704849243164,0.9666282534599304,-7.6217803955078125,11.782391548156738,2.7711994647979736,0.02133416198194027,-0.6167786121368408,-3.3353004455566406,-0.6254358291625977,-1.8128670454025269,-0.38283082842826843,0.7116982936859131,2.706199884414673,3.19181752204895,3.822542428970337,0.10251086950302124,-0.7472765445709229,5.04654598236084,-2.1158225536346436,1.082763671875,0.59660804271698,0.9601046442985535,1.5742264986038208,-4.841299057006836,8.356234550476074,-2.6799285411834717,-4.918137073516846,-0.08040887862443924,4.829426288604736,2.577192544937134,-0.8346715569496155,4.502206802368164
B,0,671,1,1,12,5,3.0693085193634033,1.263749361038208,-8.114806175231934,12.705811500549316,2.89705228805542,0.14339089393615723,-0.770024299621582,-3.628812313079834,-0.5974994897842407,-1.805285096168518,-0.4743348956108093,0.78395676612854,2.838674306869507,3.557044267654419,4.187521934509277,0.06502482295036316,-0.7987314462661743,5.2983503341674805,-2.1592724323272705,1.0948827266693115,0.6119542121887207,0.9075721502304077,1.6827281713485718,-5.431398391723633,9.087363243103027,-3.2068958282470703,-5.502462387084961,-0.006993107497692108,5.433218479156494,2.9026522636413574,-0.9217219352722168,4.901101589202881
B,0,671,1,1,13,6,3.37792706489563,1.4381366968154907,-8.472214698791504,13.32702350616455,2.9558017253875732,0.014218355529010296,-0.7560999393463135,-3.7158968448638916,-0.5978096127510071,-1.8091822862625122,-0.5404297113418579,0.7423157095909119,2.925699234008789,3.844181776046753,4.249583721160889,0.20246703922748566,-1.0005618333816528,5.6552815437316895,-1.9806904792785645,1.00650155544281,0.6118376851081848,0.7137346863746643,1.7894920110702515,-5.801772594451904,9.464248657226562,-3.339374303817749,-5.951416015625,-0.07637202739715576,5.771015644073486,3.167147397994995,-0.9558458924293518,5.213008403778076
B,0,671,1,2,9,4,2.731217861175537,1.4159656763076782,-9.43507194519043,15.185184478759766,3.537721633911133,1.5711764097213745,-1.333297848701477,-4.631893157958984,-0.7501935958862305,-1.9814043045043945,-0.21705608069896698,1.2333226203918457,3.9728217124938965,3.834683895111084,5.463771820068359,-0.7307862639427185,-0.6395618915557861,5.396331787109375,-3.74714994430542,2.072949171066284,0.9430698156356812,2.134976625442505,2.136476993560791,-6.074882984161377,11.069125175476074,-5.243735313415527,-5.928743362426758,0.3769768476486206,6.765999794006348,2.1833183765411377,-1.4023847579956055,5.851497650146484
B,0,671,1,2,10,5,2.643981695175171,1.185325026512146,-8.916733741760254,14.4103364944458,3.4098446369171143,1.376602292060852,-1.1536152362823486,-4.37487268447876,-0.7533514499664307,-2.0268797874450684,-0.1849537044763565,1.2024024724960327,3.7094340324401855,3.5983262062072754,5.199593544006348,-0.6773534417152405,-0.5548076629638672,5.270636081695557,-3.6526107788085938,1.9008207321166992,0.9380982518196106,2.0150513648986816,2.057642698287964,-5.634305000305176,10.416398048400879,-4.786885738372803,-5.527486801147461,0.3647058606147766,6.248323917388916,2.1787750720977783,-1.2847095727920532,5.537163734436035
B,0,671,1,2,11,5,2.759944200515747,1.0408172607421875,-7.838499546051025,12.425619125366211,2.877207040786743,0.4355558753013611,-0.7406506538391113,-3.6554863452911377,-0.7697250843048096,-1.831719160079956,-0.34828391671180725,0.8930058479309082,2.953953981399536,3.2316946983337402,4.21060848236084,-0.07102526724338531,-0.6641690731048584,5.115942478179932,-2.573051929473877,1.2380415201187134,0.6360507011413574,1.1791152954101562,1.6433684825897217,-4.957269191741943,8.815165519714355,-3.210108518600464,-5.05531644821167,0.06477980315685272,5.180855751037598,2.3957080841064453,-0.9049021601676941,4.772018909454346
B,0,671,1,2,12,4,2.9591660499572754,1.2017415761947632,-8.74327278137207,14.128488540649414,3.2864205837249756,0.8150489330291748,-1.1540452241897583,-4.053704261779785,-0.830211341381073,-1.9058890342712402,-0.3674464821815491,1.0716934204101562,3.4780030250549316,3.652456045150757,4.860334873199463,-0.3852161765098572,-0.7590166330337524,5.373110771179199,-3.094855308532715,1.5495457649230957,0.7265815138816833,1.484923243522644,1.9174094200134277,-5.706181526184082,10.020903587341309,-4.228113651275635,-5.700109004974365,0.09167779237031937,6.13216495513916,2.4632413387298584,-1.0041865110397339,5.434586524963379
B,0,671,1,2,13,6,2.8915321826934814,1.038746953010559,-8.336906433105469,13.367793083190918,3.1192328929901123,0.7559449672698975,-1.115788459777832,-3.9297597408294678,-0.8747264742851257,-1.8597854375839233,-0.5298873782157898,1.0053024291992188,3.1237728595733643,3.2832748889923096,4.613131046295166,-0.2634642720222473,-0.5123341083526611,4.975244522094727,-2.979020833969116,1.3270751237869263,0.6684648394584656,1.356845736503601,1.7461284399032593,-5.437137126922607,9.479920387268066,-3.8428032398223877,-5.261455059051514,0.16231878101825714,5.744338512420654,2.4792168140411377,-0.7531453967094421,5.108400344848633
B,0,671,2,1,9,4,1.2293227910995483,0.3364863991737366,-9.074580192565918,14.908042907714844,3.9075913429260254,2.625922203063965,-2.195638418197632,-4.56192684173584,-1.2142179012298584,-1.9309306144714355,0.24263548851013184,1.7551463842391968,4.465687274932861,2.8878273963928223,5.903773307800293,-1.9736106395721436,-0.35024863481521606,4.06777286529541,-5.594170093536377,2.951000928878784,1.026069164276123,3.4016671180725098,1.9438047409057617,-4.8536553382873535,10.409902572631836,-5.976053714752197,-4.2549238204956055,0.32708847522735596,6.284770488739014,0.27452149987220764,-1.185227632522583,5.29145622253418
B,0,671,2,1,10,5,1.7956806421279907,0.4754137098789215,-8.18725299835205,13.244783401489258,3.396557331085205,1.4470117092132568,-1.441943645477295,-3.973450183868408,-1.1695661544799805,-1.8527472019195557,0.034818265587091446,1.3063852787017822,3.7017929553985596,2.9168429374694824,4.9672417640686035,-1.04546058177948,-0.5231001973152161,4.442785739898682,-4.165560722351074,2.1438257694244385,0.7428705096244812,2.4079670906066895,1.6889736652374268,-4.370813846588135,9.20036792755127,-4.493396282196045,-4.312845706939697,0.09472902864217758,5.396302223205566,0.9855766296386719,-1.0193904638290405,4.897886753082275
B,0,671,2,1,11,5,1.689398169517517,0.5528746843338013,-8.398958206176758,13.847155570983887,3.5131869316101074,1.7820680141448975,-1.5535151958465576,-4.184547424316406,-1.1084800958633423,-1.8522249460220337,0.04770108312368393,1.4836885929107666,3.8082275390625,2.973708152770996,5.233658790588379,-1.238338828086853,-0.45500126481056213,4.50137186050415,-4.495399475097656,2.2661876678466797,0.880125880241394,2.6030755043029785,1.7761621475219727,-4.713399410247803,9.608981132507324,-4.870809078216553,-4.477871417999268,0.24970130622386932,5.721174716949463,1.0529248714447021,-1.1423746347427368,5.08060884475708
B,0,671,2,1,12,4,2.148134469985962,0.6169611215591431,-8.53902816772461,14.0083589553833,3.4947009086608887,1.480464220046997,-1.5503695011138916,-4.145688056945801,-1.201744556427002,-1.8578965663909912,-0.19308540225028992,1.3639894723892212,3.7638096809387207,3.1174092292785645,5.174269676208496,-0.9553915858268738,-0.47837749123573303,4.7317705154418945,-4.14715576171875,1.988698124885559,0.7341536283493042,2.2658679485321045,1.7695465087890625,-4.909760475158691,9.751850128173828,-4.6371870040893555,-4.76399040222168,0.1559114307165146,5.835796356201172,1.3609414100646973,-0.8860156536102295,5.185626983642578
B,0,671,2,1,13,6,2.4285151958465576,0.8376125693321228,-9.131224632263184,15.236312866210938,3.6551895141601562,1.7638546228408813,-1.8727186918258667,-4.539403438568115,-1.1882716417312622,-1.8522800207138062,-0.3145018219947815,1.4687176942825317,3.9543755054473877,3.357417345046997,5.607582092285156,-1.116579532623291,-0.4557439982891083,4.76233434677124,-4.381734848022461,1.9865766763687134,0.7509717345237732,2.210313081741333,1.930554747581482,-5.640510082244873,10.61832332611084,-5.4530792236328125,-5.255321025848389,0.30903053283691406,6.641360759735107,1.6201499700546265,-0.8974775671958923,5.6825408935546875
B,0,671,2,2,9,4,1.9286315441131592,0.8558895587921143,-9.580968856811523,15.803447723388672,3.975142478942871,2.4553823471069336,-1.9324414730072021,-4.885771751403809,-1.3019417524337769,-1.9034268856048584,0.04415689408779144,1.733445405960083,4.624444484710693,3.4094510078430176,6.044285774230957,-1.4851479530334473,-0.549342930316925,4.791938304901123,-5.202852725982666,2.883638858795166,0.9263594746589661,3.1861207485198975,2.1767001152038574,-5.393770217895508,11.116870880126953,-6.20300817489624,-5.220837116241455,0.28228747844696045,6.857208728790283,0.6976068019866943,-1.353236198425293,5.947951316833496
B,0,671,2,2,10,5,2.217430353164673,1.1160588264465332,-9.685812950134277,16.133399963378906,3.897789478302002,2.0578689575195312,-1.6544452905654907,-4.811254024505615,-1.1982580423355103,-1.9229062795639038,0.10827847570180893,1.6233516931533813,4.553805351257324,3.8359179496765137,5.913020133972168,-1.2726500034332275,-0.8430468440055847,5.416567802429199,-4.704339027404785,2.5971837043762207,0.8998600840568542,2.757361650466919,2.2059619426727295,-5.644906044006348,11.295392990112305,-6.037009239196777,-5.7602715492248535,0.20225700736045837,6.9372406005859375,1.1722419261932373,-1.5637307167053223,6.161428928375244
B,0,671,2,2,11,5,1.8485853672027588,0.514962911605835,-8.635098457336426,14.408215522766113,3.66838002204895,1.9550445079803467,-1.6684234142303467,-4.370520114898682,-1.3837511539459229,-1.9030532836914062,-0.00923378486186266,1.555785894393921,4.10922908782959,3.02443790435791,5.505171775817871,-1.2446115016937256,-0.39496156573295593,4.640374183654785,-4.768433570861816,2.3550021648406982,0.7675492167472839,2.747995138168335,1.8790019750595093,-4.661169052124023,9.978724479675293,-5.163906097412109,-4.603333473205566,0.24813759326934814,5.954791069030762,0.7683693766593933,-1.0229763984680176,5.333427429199219
B,0,671,2,2,12,5,2.441504716873169,0.8668090105056763,-8.836519241333008,14.772293090820312,3.5767219066619873,1.5370235443115234,-1.6044282913208008,-4.451024055480957,-1.250981330871582,-1.7982361316680908,-0.2670833468437195,1.422767162322998,3.9027373790740967,3.4629287719726562,5.494046211242676,-0.8758543133735657,-0.5181289315223694,5.078963279724121,-4.07648229598999,1.9024759531021118,0.634215235710144,2.1471309661865234,1.8310909271240234,-5.235180854797363,10.31784725189209,-5.0484299659729,-5.2795000076293945,0.2560359239578247,6.319254398345947,1.534202218055725,-0.9583738446235657,5.556359767913818
B,0,671,2,2,13,8,2.8891568183898926,1.2283923625946045,-9.510126113891602,16.120784759521484,3.7400522232055664,1.5739284753799438,-1.6456334590911865,-4.767151832580566,-1.348438024520874,-1.7781851291656494,-0.3499065339565277,1.5240105390548706,4.164045810699463,3.9350762367248535,5.8070454597473145,-0.8021907806396484,-0.7659404277801514,5.616833209991455,-4.076377868652344,1.9042820930480957,0.6305487751960754,2.0141820907592773,2.02056884765625,-5.910492897033691,11.190778732299805,-5.644453048706055,-6.112804889678955,0.24206599593162537,7.034787178039551,1.869818925857544,-1.1243085861206055,6.262927532196045
B,0,671,3,1,9,5,1.6276018619537354,1.262581467628479,-10.4364595413208,17.73493003845215,4.328375816345215,3.5328917503356934,-2.5218567848205566,-5.68631649017334,-1.026721715927124,-1.9032272100448608,0.20750780403614044,2.0531060695648193,5.028411865234375,3.8198184967041016,7.131449222564697,-2.1775918006896973,-0.34730345010757446,4.7248992919921875,-6.082099437713623,3.3650975227355957,1.2439601421356201,3.7135581970214844,2.3959529399871826,-6.607097625732422,12.690345764160156,-7.892021179199219,-5.842471122741699,0.8498772382736206,8.169882774353027,0.8067067861557007,-1.7653281688690186,6.477895259857178
B,0,671,3,1,10,5,2.143986701965332,1.1488510370254517,-9.285065650939941,15.548173904418945,3.7399890422821045,2.3399593830108643,-1.8014671802520752,-4.987673282623291,-1.1099718809127808,-1.8846123218536377,-0.04609489068388939,1.633785605430603,4.236795425415039,3.531193256378174,6.037233829498291,-1.2466188669204712,-0.3879053592681885,4.907841205596924,-4.775004863739014,2.45358943939209,0.9021599888801575,2.6895763874053955,2.059840679168701,-5.743397235870361,11.114781379699707,-6.097428798675537,-5.497251033782959,0.5397997498512268,6.999104976654053,1.2927305698394775,-1.345557451248169,5.910853862762451
B,0,671,3,1,11,5,2.2187435626983643,1.2055097818374634,-9.59144115447998,15.921682357788086,3.8384814262390137,2.0873196125030518,-1.8835878372192383,-4.834796905517578,-0.8187834024429321,-2.071864128112793,0.08655048906803131,1.433003544807434,4.339137077331543,3.94206166267395,6.09397029876709,-1.3588382005691528,-0.6621654629707336,5.3191819190979,-4.601351261138916,2.3344204425811768,1.0595117807388306,2.477328300476074,2.164306640625,-6.111075401306152,11.483926773071289,-5.988393783569336,-5.77974796295166,0.3724561631679535,7.187138557434082,1.742203950881958,-1.3795982599258423,5.910252094268799
B,0,671,3,1,12,5,2.7508835792541504,1.3132562637329102,-9.477282524108887,16.163728713989258,3.786159038543701,1.9653018712997437,-1.8028805255889893,-4.979323863983154,-1.1661752462387085,-1.817591667175293,-0.37389516830444336,1.5443333387374878,4.038470268249512,3.864694118499756,6.048450469970703,-0.9000751376152039,-0.46438902616500854,5.341603755950928,-4.317460060119629,1.988403081893921,0.7953945994377136,2.1750288009643555,2.068692684173584,-6.2602739334106445,11.43408489227295,-6.040234565734863,-6.099354267120361,0.4808642864227295,7.361016750335693,2.023190975189209,-1.161906361579895,6.264665126800537
B,0,671,3,1,13,7,3.0324883460998535,1.5833715200424194,-9.686843872070312,16.45468521118164,3.7400174140930176,1.6765289306640625,-1.6699192523956299,-4.977488994598389,-1.0478545427322388,-1.795406460762024,-0.3476921021938324,1.4657868146896362,4.048717975616455,4.232138156890869,5.994098663330078,-0.7376004457473755,-0.7522029280662537,5.74267578125,-3.9129867553710938,1.8753644227981567,0.7691155672073364,1.8667938709259033,2.1252729892730713,-6.570896148681641,11.651751518249512,-6.000529766082764,-6.58396053314209,0.3989308774471283,7.533120155334473,2.38600754737854,-1.3161472082138062,6.463735103607178
B,0,671,3,2,9,5,1.7481483221054077,1.4051823616027832,-9.616096496582031,16.177799224853516,3.8262839317321777,2.2692465782165527,-2.089216470718384,-4.853487014770508,-0.597856879234314,-1.5814437866210938,0.2128245085477829,1.7280662059783936,4.097984313964844,3.9596009254455566,6.018073081970215,-1.7262598276138306,-0.9004426002502441,4.8691864013671875,-4.51315450668335,2.610445737838745,1.1126996278762817,2.590904712677002,2.015460729598999,-6.5059099197387695,11.289833068847656,-6.532223701477051,-5.889350891113281,0.5016734004020691,7.291831970214844,1.6734111309051514,-1.8203918933868408,5.95768928527832
B,0,671,3,2,10,5,1.7597166299819946,1.0089137554168701,-9.8632230758667,16.57330894470215,4.082145690917969,2.3989455699920654,-2.116607666015625,-4.785195350646973,-0.9585202932357788,-1.793055772781372,0.17814652621746063,1.7766005992889404,4.585422039031982,3.756101608276367,6.099867343902588,-1.8007177114486694,-0.900529682636261,4.726941108703613,-5.055210113525391,3.0550570487976074,1.0822818279266357,3.038705587387085,2.2227039337158203,-6.1509809494018555,11.358461380004883,-6.640408515930176,-5.566220283508301,0.33267468214035034,7.286154747009277,1.1096117496490479,-1.7122218608856201,6.079843997955322
B,0,671,3,2,11,5,2.4487152099609375,1.2021900415420532,-8.849703788757324,14.60046100616455,3.4325222969055176,1.0033881664276123,-1.3019559383392334,-4.0875701904296875,-0.7453387975692749,-1.6958162784576416,-0.03865068405866623,1.2461838722229004,3.6629512310028076,3.7973663806915283,4.98769998550415,-0.761351466178894,-1.0872293710708618,5.275599956512451,-3.3014087677001953,1.9095617532730103,0.7569634914398193,1.7041785717010498,1.8817001581192017,-5.742241382598877,10.030359268188477,-4.768104553222656,-5.704975605010986,0.043867990374565125,6.321268558502197,2.0978102684020996,-1.4344971179962158,5.57135534286499
B,0,671,3,2,12,4,2.372775077819824,1.2948857545852661,-9.1854887008667,15.43038558959961,3.6195480823516846,1.6200077533721924,-1.6980167627334595,-4.559262752532959,-0.742691695690155,-1.6703053712844849,-0.14367207884788513,1.5043003559112549,3.7449092864990234,3.770315647125244,5.5042219161987305,-1.127310037612915,-0.797863245010376,5.0699262619018555,-3.8880739212036133,2.0339009761810303,0.9120136499404907,2.011500358581543,2.011256456375122,-6.2368245124816895,10.673563003540039,-5.55333948135376,-5.816806316375732,0.34481942653656006,6.861204624176025,2.081892967224121,-1.3978520631790161,5.829103469848633
B,0,671,3,2,13,9,3.3100101947784424,1.741414189338684,-9.970846176147461,16.617416381835938,3.6536762714385986,0.8125342726707458,-1.5180920362472534,-4.476474285125732,-0.6877952218055725,-1.6111836433410645,-0.3672107458114624,1.3036247491836548,3.813624143600464,4.644460201263428,5.402109146118164,-0.6159898042678833,-1.459267497062683,6.034519195556641,-2.9282283782958984,1.6816449165344238,0.7679843902587891,1.2671146392822266,2.1364176273345947,-7.075527667999268,11.360640525817871,-5.441396713256836,-7.023269176483154,0.05806994438171387,7.393522262573242,3.060096263885498,-1.4972068071365356,6.428071975708008
B,0,790,1,1,9,4,2.6765060424804688,1.2606956958770752,-8.47263240814209,13.59037971496582,3.1714630126953125,0.9708482623100281,-0.9191722869873047,-4.129677772521973,-0.852992832660675,-1.869257926940918,-0.1966075301170349,1.1167923212051392,3.4060521125793457,3.4381229877471924,4.792636871337891,-0.36900559067726135,-0.7411514520645142,5.107682228088379,-3.175455331802368,1.815946102142334,0.7921689748764038,1.70778226852417,1.9245712757110596,-5.361747741699219,9.60658073425293,-4.370936393737793,-5.4847846031188965,0.2201187014579773,5.870393753051758,2.1270971298217773,-1.2941874265670776,5.381616592407227
B,0,790,1,1,10,5,2.1104018688201904,0.940573513507843,-8.96728801727295,14.584131240844727,3.5628859996795654,1.804925560951233,-1.5311801433563232,-4.418511867523193,-0.8797833323478699,-1.8911182880401611,-0.07136493921279907,1.4225138425827026,3.832850694656372,3.300417423248291,5.3554606437683105,-1.1105178594589233,-0.5763965845108032,4.640746116638184,-4.268337249755859,2.371464729309082,1.0311932563781738,2.497850179672241,2.034118413925171,-5.566351890563965,10.225044250488281,-5.288766860961914,-5.113118648529053,0.3466433584690094,6.294713020324707,1.5848448276519775,-1.2987391948699951,5.474251747131348
B,0,790,1,1,11,5,2.6928558349609375,1.1379344463348389,-8.470759391784668,13.661537170410156,3.235013961791992,0.8438258171081543,-1.012000322341919,-4.024975299835205,-0.8045488595962524,-1.9557640552520752,-0.2583586275577545,1.068331003189087,3.3198440074920654,3.531930923461914,4.786233901977539,-0.36698558926582336,-0.7014986276626587,5.364470481872559,-3.1261367797851562,1.5264976024627686,0.8085289001464844,1.5497701168060303,1.8685858249664307,-5.440235137939453,9.696452140808105,-4.036671161651611,-5.495939254760742,0.13984735310077667,5.823214530944824,2.3891994953155518,-1.0687283277511597,5.295778274536133
B,0,790,1,1,12,4,2.7653818130493164,0.7257980704307556,-7.514869213104248,12.18490982055664,2.8944170475006104,0.41659289598464966,-0.7795877456665039,-3.555178165435791,-1.0792572498321533,-1.7119022607803345,-0.5176420211791992,1.015135645866394,2.7398345470428467,2.8708813190460205,4.101733207702637,0.021059691905975342,-0.4496888518333435,4.868340015411377,-2.6640214920043945,1.0571537017822266,0.5120460391044617,1.2249146699905396,1.496819019317627,-4.677061557769775,8.37818431854248,-3.0976219177246094,-4.796105861663818,0.10939578711986542,4.893557071685791,2.2878191471099854,-0.5934072732925415,4.797056198120117
B,0,790,1,1,13,7,2.4905800819396973,0.6865665316581726,-8.193102836608887,13.235040664672852,3.2532756328582764,0.7214884161949158,-1.3245958089828491,-3.651406764984131,-0.9281507134437561,-1.8713289499282837,-0.3709225654602051,0.9951574206352234,3.2077012062072754,3.21431565284729,4.641013145446777,-0.5539745688438416,-0.6607336401939392,4.76731014251709,-3.23895263671875,1.4795606136322021,0.7165905833244324,1.5036948919296265,1.6425999402999878,-5.1702656745910645,9.152776718139648,-3.8084869384765625,-4.8935546875,0.04320141673088074,5.522907733917236,2.2268741130828857,-0.6677345037460327,4.903176307678223
B,0,790,1,2,9,4,2.8438987731933594,1.6387004852294922,-9.408663749694824,15.189909934997559,3.4334800243377686,1.3303889036178589,-1.1992775201797485,-4.538544178009033,-0.5684477090835571,-1.8730427026748657,-0.15533208847045898,1.2332336902618408,3.7850451469421387,3.9674696922302246,5.296454429626465,-0.6510978937149048,-0.9105022549629211,5.491245269775391,-3.3173880577087402,2.041419744491577,0.9689024090766907,1.8312835693359375,2.16630220413208,-6.374125003814697,10.847224235534668,-5.139126777648926,-6.2575459480285645,0.34932947158813477,6.767577648162842,2.493988275527954,-1.5720055103302002,5.90181303024292
B,0,790,1,2,10,5,2.667250156402588,1.0417616367340088,-8.707011222839355,13.863548278808594,3.3097777366638184,1.0972580909729004,-1.1042845249176025,-4.073399543762207,-0.7588770985603333,-1.9840494394302368,-0.22898206114768982,1.0732136964797974,3.554572582244873,3.4101741313934326,4.812171459197998,-0.5449644923210144,-0.6810553669929504,4.987610340118408,-3.3613967895507812,1.9001553058624268,0.8676162958145142,1.8445667028427124,2.022477626800537,-5.483767986297607,9.843069076538086,-4.3976664543151855,-5.3160624504089355,0.14260908961296082,5.93775749206543,2.1176719665527344,-1.1306736469268799,5.344686031341553
B,0,790,1,2,11,5,2.3014633655548096,0.9006732106208801,-8.865817070007324,14.609594345092773,3.5772671699523926,1.8560113906860352,-1.5926214456558228,-4.567317008972168,-0.9815194010734558,-2.0316555500030518,-0.2141760140657425,1.4525140523910522,3.7294769287109375,3.2081120014190674,5.505914211273193,-1.0326621532440186,-0.2752019464969635,4.793112754821777,-4.360174655914307,2.0556023120880127,0.9915482401847839,2.365435838699341,2.0506248474121094,-5.573521614074707,10.37817668914795,-5.158232688903809,-5.140973091125488,0.46346646547317505,6.326467990875244,1.7664989233016968,-1.0161244869232178,5.513493537902832
B,0,790,1,2,12,5,2.3867616653442383,0.6812328100204468,-8.484583854675293,13.779256820678711,3.4332199096679688,1.3030085563659668,-1.486681342124939,-4.0416693687438965,-1.0484856367111206,-1.9628770351409912,-0.30971843004226685,1.1949256658554077,3.5476367473602295,3.112492799758911,5.019559383392334,-0.7835694551467896,-0.4291751980781555,4.743139743804932,-3.8647003173828125,1.7582414150238037,0.7905193567276001,1.98483145236969,1.8233846426010132,-5.16607141494751,9.69296932220459,-4.396787166595459,-4.876226902008057,0.1605955809354782,5.843476295471191,1.7852041721343994,-0.7071143388748169,5.165599346160889
B,0,790,1,2,13,7,2.6149742603302,0.9414191842079163,-8.971537590026855,14.595669746398926,3.534473419189453,1.2553300857543945,-1.5650694370269775,-4.2157697677612305,-0.8673930764198303,-1.9726969003677368,-0.29868826270103455,1.1879545450210571,3.6692123413085938,3.5639593601226807,5.274028301239014,-0.8198818564414978,-0.640230119228363,5.038768291473389,-3.75844144821167,1.7948962450027466,0.8435587286949158,1.8469536304473877,1.9537490606307983,-5.777958869934082,10.302861213684082,-4.7422895431518555,-5.414443492889404,0.18944932520389557,6.3458380699157715,2.189819812774658,-0.8670160174369812,5.435249328613281
B,0,790,2,1,9,5,2.426114082336426,1.063767910003662,-8.612813949584961,13.657783508300781,3.3362247943878174,1.1466795206069946,-1.084552526473999,-4.0867414474487305,-0.8214184045791626,-1.926965355873108,-0.09598620980978012,1.160764455795288,3.597254514694214,3.406193971633911,4.902246952056885,-0.6120396852493286,-0.7029291987419128,4.999337673187256,-3.510589122772217,2.0249955654144287,0.8347375988960266,2.0377707481384277,1.9430429935455322,-5.22855806350708,9.730280876159668,-4.436397552490234,-5.261713027954102,0.15482676029205322,5.802573204040527,1.8728793859481812,-1.2453620433807373,5.285683631896973
B,0,790,2,1,10,5,2.276108503341675,0.7738041281700134,-8.311410903930664,13.561330795288086,3.4158291816711426,1.53960382938385,-1.3450628519058228,-4.284331321716309,-1.0571295022964478,-1.9856481552124023,-0.23386690020561218,1.3201249837875366,3.5087265968322754,2.9678192138671875,5.139189720153809,-0.767285168170929,-0.17300687730312347,4.686534404754639,-4.060178279876709,1.8592355251312256,0.8230883479118347,2.243051052093506,1.8928512334823608,-4.957010746002197,9.676103591918945,-4.607700824737549,-4.812213897705078,0.34974807500839233,5.798504829406738,1.610734224319458,-0.9285867810249329,5.233373165130615
B,0,790,2,1,11,4,2.658876657485962,1.0307645797729492,-8.359479904174805,13.565473556518555,3.2357499599456787,1.14761221408844,-1.0842392444610596,-4.244729518890381,-0.9302390813827515,-1.990004301071167,-0.2865278124809265,1.1970670223236084,3.3041348457336426,3.2542872428894043,4.943541049957275,-0.44503164291381836,-0.3464771807193756,5.191622257232666,-3.4551234245300293,1.4793250560760498,0.7875410318374634,1.7612050771713257,1.8764183521270752,-5.208734512329102,9.749249458312988,-4.197903156280518,-5.256337642669678,0.3245585560798645,5.747446060180664,2.1805505752563477,-0.9483417272567749,5.312427520751953
B,0,790,2,1,12,4,2.6404781341552734,0.9182243943214417,-8.47016716003418,13.9125394821167,3.376986503601074,1.3489924669265747,-1.2661505937576294,-4.327901840209961,-1.0366641283035278,-1.9978455305099487,-0.3668491840362549,1.2955524921417236,3.3796262741088867,3.163132905960083,5.138396739959717,-0.6002557873725891,-0.23973441123962402,4.971546173095703,-3.781363010406494,1.6141905784606934,0.8299200534820557,1.9575693607330322,1.9411085844039917,-5.343294143676758,9.87932300567627,-4.533419609069824,-5.183943271636963,0.41892898082733154,5.952322483062744,2.076212167739868,-0.8434337377548218,5.413339614868164
B,0,790,2,1,13,7,2.9922568798065186,1.0455901622772217,-8.191012382507324,13.186295509338379,3.1044743061065674,0.4646686613559723,-0.9665015935897827,-3.849677324295044,-0.9606768488883972,-1.880792260169983,-0.4851011633872986,0.943897545337677,3.056095600128174,3.421436071395874,4.565975666046143,-0.06185966730117798,-0.6545442938804626,5.300593852996826,-2.7673869132995605,1.1532580852508545,0.5946599841117859,1.1605780124664307,1.7118271589279175,-5.239068508148193,9.288667678833008,-3.615581750869751,-5.405465126037598,0.060097187757492065,5.600448131561279,2.569010019302368,-0.7302583456039429,5.182712554931641
B,0,790,2,2,9,4,2.754481315612793,1.3927146196365356,-9.005697250366211,14.44306468963623,3.395076274871826,1.078899621963501,-1.0591349601745605,-4.320547580718994,-0.8031893968582153,-1.9050614833831787,-0.21064212918281555,1.1858490705490112,3.5839271545410156,3.822154998779297,5.099489688873291,-0.4703204333782196,-0.8103972673416138,5.429322719573975,-3.293889045715332,1.912278652191162,0.8756624460220337,1.8881809711456299,2.030217170715332,-5.766396522521973,10.314269065856934,-4.768117427825928,-5.893959045410156,0.2567525804042816,6.2483649253845215,2.345468521118164,-1.4272475242614746,5.716782093048096
B,0,790,2,2,10,5,2.5705173015594482,1.0782816410064697,-8.679167747497559,13.962855339050293,3.3707072734832764,0.9950281977653503,-1.1166951656341553,-4.064528465270996,-0.8347691297531128,-1.9791259765625,-0.17396198213100433,1.1653071641921997,3.5257842540740967,3.5779318809509277,4.931168556213379,-0.5424709916114807,-0.728320300579071,5.3333330154418945,-3.385039806365967,1.765414834022522,0.8469762802124023,1.8293397426605225,1.9243476390838623,-5.396667957305908,9.925861358642578,-4.317728519439697,-5.465283393859863,0.12025630474090576,5.915781497955322,2.2194406986236572,-1.2088596820831299,5.401110649108887
B,0,790,2,2,11,5,2.7186739444732666,1.0757043361663818,-8.588346481323242,13.798307418823242,3.3217880725860596,0.8941631317138672,-1.0878254175186157,-4.059547424316406,-0.8956656455993652,-1.9403009414672852,-0.26971331238746643,1.0739753246307373,3.3819313049316406,3.5475082397460938,4.898477077484131,-0.42931023240089417,-0.7013810873031616,5.291581630706787,-3.264463424682617,1.6283378601074219,0.8029354214668274,1.6923065185546875,1.8917900323867798,-5.382926940917969,9.781235694885254,-4.229657173156738,-5.462420463562012,0.14764055609703064,5.84329891204834,2.277977705001831,-1.0161914825439453,5.360348701477051
B,0,790,2,2,12,4,2.7544236183166504,0.9761930704116821,-8.640829086303711,14.298819541931152,3.442018508911133,1.4919475317001343,-1.3662364482879639,-4.544722080230713,-1.2153525352478027,-1.9752024412155151,-0.4637937545776367,1.361069679260254,3.5561916828155518,3.2534871101379395,5.433928966522217,-0.5647611021995544,-0.17001263797283173,5.100444793701172,-3.9488086700439453,1.5957887172698975,0.7173181772232056,1.9846577644348145,1.8849800825119019,-5.3506693840026855,10.220707893371582,-4.753238201141357,-5.346437454223633,0.49425259232521057,6.18916130065918,2.0277321338653564,-0.7604092955589294,5.580484390258789
B,0,790,2,2,13,8,2.9347567558288574,1.0914690494537354,-8.703171730041504,14.190027236938477,3.367729663848877,0.9198356866836548,-1.1678197383880615,-4.202500343322754,-1.10923171043396,-1.9313740730285645,-0.4219509959220886,1.1416321992874146,3.5315723419189453,3.5682883262634277,5.080158233642578,-0.3478724956512451,-0.6579272747039795,5.412726402282715,-3.3755130767822266,1.5169733762741089,0.6464702486991882,1.5728349685668945,1.884656548500061,-5.414074420928955,9.996464729309082,-4.289223670959473,-5.602825164794922,0.1625022441148758,6.053662300109863,2.2560153007507324,-0.8369114398956299,5.544973373413086
B,0,790,3,1,9,4,3.3391966819763184,1.8201743364334106,-8.707387924194336,13.646696090698242,2.9965994358062744,0.19825947284698486,-0.48240119218826294,-3.9604156017303467,-0.6031110286712646,-1.7961190938949585,-0.32788288593292236,0.8281204700469971,3.1659436225891113,4.07551383972168,4.384217739105225,0.2612965703010559,-1.2411699295043945,5.981486797332764,-2.0042481422424316,1.3896501064300537,0.7091944217681885,0.9433605670928955,1.9514003992080688,-5.86521053314209,9.714616775512695,-3.729600191116333,-6.434210777282715,-0.07720466703176498,5.9597625732421875,3.009692668914795,-1.4564132690429688,5.624851703643799
B,0,790,3,1,10,5,2.5656635761260986,1.0378988981246948,-8.018549919128418,12.685625076293945,3.024050712585449,0.7019785642623901,-0.9240907430648804,-3.7713749408721924,-0.7865061163902283,-1.7825329303741455,-0.3244848847389221,0.9665554761886597,3.0223565101623535,3.2443652153015137,4.410756587982178,-0.24215702712535858,-0.6811281442642212,4.863495826721191,-2.8559296131134033,1.5314289331436157,0.7101671695709229,1.4430501461029053,1.682329535484314,-5.058314323425293,8.946725845336914,-3.6809608936309814,-5.061412811279297,0.06051793694496155,5.376903057098389,2.2377781867980957,-0.987113356590271,4.907466888427734
B,0,790,3,1,11,5,2.826746702194214,1.0421628952026367,-7.8711371421813965,12.358223915100098,2.9544858932495117,0.23958119750022888,-0.698448657989502,-3.6447272300720215,-0.8769277334213257,-1.8573071956634521,-0.3918111324310303,0.8659862279891968,2.9070239067077637,3.307830810546875,4.200288772583008,0.10555803775787354,-0.7227224707603455,5.339885711669922,-2.4446308612823486,1.1626951694488525,0.5739582777023315,1.1516021490097046,1.6198867559432983,-4.819388389587402,8.758088111877441,-3.039599895477295,-5.195616722106934,-0.08221262693405151,5.110429286956787,2.4328243732452393,-0.841241717338562,4.883902072906494
B,0,790,3,1,12,4,2.792067527770996,0.8909195065498352,-8.567961692810059,13.959892272949219,3.4071199893951416,1.2114320993423462,-1.2503563165664673,-4.286318302154541,-1.2565394639968872,-2.003251552581787,-0.4627411663532257,1.1999717950820923,3.615630626678467,3.266813278198242,5.135908126831055,-0.3950619697570801,-0.342382550239563,5.232994079589844,-3.6685585975646973,1.575963020324707,0.6437058448791504,1.8839659690856934,1.8557071685791016,-5.080129623413086,9.941963195800781,-4.31678581237793,-5.260055065155029,0.2191113978624344,5.945871353149414,1.867553949356079,-0.6866999864578247,5.44399881362915
B,0,790,3,1,13,9,2.836012840270996,1.0178853273391724,-8.476799964904785,13.546886444091797,3.2330660820007324,0.3451176881790161,-1.194845199584961,-3.632341146469116,-0.8049073815345764,-1.8615728616714478,-0.3988737165927887,0.8045880794525146,3.214895486831665,3.6484014987945557,4.577044486999512,-0.28036925196647644,-1.018568515777588,5.20749044418335,-2.740666627883911,1.3508477210998535,0.667238175868988,1.0963948965072632,1.717340350151062,-5.52388334274292,9.381332397460938,-3.7333788871765137,-5.4613189697265625,-0.17545312643051147,5.8201751708984375,2.6195032596588135,-0.7827675342559814,5.119917869567871
B,0,790,3,2,9,4,3.0448408126831055,2.0648305416107178,-9.74246883392334,15.713655471801758,3.390576124191284,0.981594443321228,-1.0139979124069214,-4.615275859832764,-0.5006592273712158,-1.8233190774917603,-0.042729951441287994,1.2411549091339111,3.7970314025878906,4.560683250427246,5.28023099899292,-0.4765823483467102,-1.3570125102996826,6.226468086242676,-2.843757390975952,1.8761281967163086,0.9554742574691772,1.4942415952682495,2.166674852371216,-6.677681922912598,11.214555740356445,-5.254890441894531,-7.019344806671143,0.17810960114002228,7.023129463195801,2.907824993133545,-1.9972386360168457,6.2967000007629395
B,0,790,3,2,10,5,2.378889322280884,0.9600313305854797,-8.450750350952148,13.4667329788208,3.2905220985412598,1.0531527996063232,-1.257609248161316,-3.9663803577423096,-0.8048335909843445,-1.9098812341690063,-0.2052130252122879,1.0513548851013184,3.4102673530578613,3.340932846069336,4.84856653213501,-0.6012171506881714,-0.7143794298171997,4.820448875427246,-3.456221103668213,1.8531707525253296,0.8664001226425171,1.8060951232910156,1.848117470741272,-5.29801082611084,9.496501922607422,-4.305171012878418,-5.074574947357178,0.07507948577404022,5.861083030700684,1.9940645694732666,-1.035374641418457,5.077416896820068
B,0,790,3,2,11,5,3.980611801147461,1.6233046054840088,-7.7625532150268555,12.232093811035156,2.637625217437744,-0.46393948793411255,-0.21350900828838348,-3.588031768798828,-1.0631067752838135,-1.7081115245819092,-0.8048393130302429,0.5245528817176819,2.6688103675842285,3.8305411338806152,3.9077205657958984,1.1416276693344116,-0.9315617680549622,6.052271842956543,-1.2266104221343994,0.5161148905754089,0.14279499650001526,0.18860730528831482,1.6114461421966553,-5.082435607910156,8.829830169677734,-2.5795845985412598,-6.20356559753418,-0.2095273733139038,5.238136291503906,3.2034995555877686,-0.6079061031341553,5.260457992553711
B,0,790,3,2,12,5,2.8905646800994873,1.0000258684158325,-7.866170406341553,12.670495986938477,3.0500264167785645,0.7624132037162781,-0.9226077795028687,-3.946110248565674,-1.2073973417282104,-1.8665740489959717,-0.5037370324134827,0.9221780896186829,3.134305715560913,3.180577278137207,4.6637163162231445,0.05625230073928833,-0.3980804681777954,5.064969062805176,-3.0012004375457764,1.2891756296157837,0.47031909227371216,1.4036681652069092,1.6735795736312866,-4.753022193908691,9.080801010131836,-3.6830108165740967,-5.1506476402282715,0.1270342916250229,5.437958240509033,2.0239338874816895,-0.5576027631759644,5.056637287139893
B,0,790,3,2,13,6,2.6641790866851807,0.9136946797370911,-8.379714965820312,13.381633758544922,3.2241270542144775,0.4622023105621338,-1.2119518518447876,-3.626312017440796,-0.8145835995674133,-1.854183554649353,-0.3284468650817871,0.8913542628288269,3.263087511062622,3.5207550525665283,4.588964939117432,-0.39121338725090027,-0.9361140131950378,5.068653106689453,-2.899615526199341,1.4468187093734741,0.6380700469017029,1.2518539428710938,1.695926308631897,-5.33489990234375,9.27619457244873,-3.688309907913208,-5.251950263977051,-0.14360104501247406,5.668978214263916,2.4063000679016113,-0.7879233956336975,4.990111827850342
B,1,252,1,1,9,4,-0.7694284319877625,3.1517555713653564,-6.010411262512207,3.9379215240478516,5.517423152923584,9.554718971252441,-3.2763869762420654,-2.959639549255371,3.0181808471679688,0.6605342030525208,1.132014274597168,-5.31620979309082,-0.9301006197929382,0.08088220655918121,3.1090400218963623,-1.3131489753723145,-0.7528530359268188,-0.5551203489303589,1.4131100177764893,0.10954196006059647,0.5412757396697998,-1.0785911083221436,1.0311193466186523,-1.0916613340377808,0.6779452562332153,-5.399005889892578,2.2709577083587646,-3.557394027709961,4.995162487030029,-0.2266848236322403,3.579859972000122,-0.5942192673683167
B,1,252,1,1,10,5,-0.7924405336380005,3.2328720092773438,-5.677541255950928,3.7697951793670654,4.770933628082275,9.463337898254395,-3.2255654335021973,-3.1677708625793457,2.6258299350738525,1.1470214128494263,0.9524222612380981,-5.253019332885742,-0.7395526170730591,0.31948789954185486,3.2409985065460205,-1.3510719537734985,-0.5673950910568237,-0.40736714005470276,1.745327353477478,-0.28843918442726135,0.5115861892700195,-1.266319990158081,1.0761643648147583,-1.0069406032562256,0.6876826882362366,-4.855870246887207,2.269737720489502,-3.3047337532043457,4.602457523345947,-0.05199043080210686,3.5436434745788574,-0.33182621002197266
B,1,252,1,1,11,5,-0.9475237131118774,3.6754908561706543,-6.190526008605957,3.9260196685791016,4.932651042938232,10.210983276367188,-3.3969242572784424,-3.4643707275390625,2.68491792678833,1.321408987045288,1.0245351791381836,-5.595106601715088,-0.8538216352462769,0.4841715693473816,3.3184242248535156,-1.5124847888946533,-0.6553990244865417,-0.3664870858192444,1.8430454730987549,-0.1768215000629425,0.7443768978118896,-1.4784959554672241,1.1199883222579956,-1.2843537330627441,0.6768192052841187,-5.024635314941406,2.2688021659851074,-3.4601409435272217,4.855593681335449,-0.17983844876289368,3.837068557739258,-0.3624590337276459
B,1,252,1,1,12,4,-0.9614322781562805,3.6959619522094727,-5.902088165283203,3.727262020111084,4.766570091247559,10.298913955688477,-3.138644218444824,-3.619570016860962,2.792037010192871,1.225829005241394,1.2594877481460571,-5.798254013061523,-0.5002620220184326,0.6642425656318665,3.488004684448242,-1.286338210105896,-0.5091692209243774,-0.36870986223220825,2.070643424987793,-0.018942873924970627,0.9798255562782288,-1.5001052618026733,1.1066944599151611,-1.3313939571380615,0.8281693458557129,-4.990164756774902,2.3479042053222656,-3.2254490852355957,5.096936225891113,-0.21362972259521484,3.9190897941589355,-0.5674049854278564
B,1,252,1,1,13,5,-1.0156452655792236,3.696460247039795,-6.119108200073242,3.7836966514587402,4.9249372482299805,10.56670093536377,-3.2384300231933594,-3.760500431060791,2.8843610286712646,1.2797273397445679,1.308410882949829,-6.0389275550842285,-0.49411648511886597,0.740906834602356,3.5015556812286377,-1.3003613948822021,-0.5211888551712036,-0.37404319643974304,2.089904308319092,-0.0069163949228823185,1.0031064748764038,-1.5492876768112183,1.2013930082321167,-1.382761001586914,0.812262237071991,-5.19912576675415,2.373645067214966,-3.3142096996307373,5.344671726226807,-0.16667483747005463,4.1100263595581055,-0.5645526051521301
B,1,252,1,2,9,4,-0.7514751553535461,3.1908435821533203,-6.041532039642334,3.961317539215088,5.767848968505859,9.677960395812988,-3.2417993545532227,-2.9684879779815674,3.201183319091797,0.4306569993495941,1.1926082372665405,-5.352453231811523,-0.971216082572937,0.06177716329693794,3.065995216369629,-1.288973093032837,-0.7973002791404724,-0.5785589218139648,1.2943737506866455,0.30356264114379883,0.6124845743179321,-1.0066977739334106,1.060356616973877,-1.2257091999053955,0.7692457437515259,-5.595434665679932,2.2454206943511963,-3.566969633102417,5.2101054191589355,-0.30527207255363464,3.688645601272583,-0.7413985729217529
B,1,252,1,2,10,5,-0.8509541749954224,3.2374682426452637,-5.249792098999023,3.4902119636535645,4.590610504150391,9.392471313476562,-2.7730581760406494,-3.20867657661438,2.6915364265441895,1.1210627555847168,1.0944058895111084,-5.372241973876953,-0.27590182423591614,0.5366314053535461,3.401702880859375,-1.1281216144561768,-0.4608972668647766,-0.45249223709106445,1.8500683307647705,-0.12667866051197052,0.7453257441520691,-1.2989346981048584,1.0302550792694092,-1.0957838296890259,0.8633990287780762,-4.7373366355896,2.467029094696045,-2.916755199432373,4.801961898803711,-0.07671207189559937,3.540113925933838,-0.6703552007675171
B,1,252,1,2,11,5,-0.8773280382156372,3.5987448692321777,-5.385432243347168,3.2063937187194824,4.283638000488281,9.940176963806152,-2.6709766387939453,-3.512253522872925,2.5714685916900635,1.4374383687973022,1.2684504985809326,-5.696135997772217,-0.028720449656248093,1.040837049484253,3.6305992603302,-1.0677778720855713,-0.3937195837497711,-0.4366229176521301,2.1869466304779053,-0.07216959446668625,1.1169837713241577,-1.5007655620574951,1.0379524230957031,-1.3278335332870483,0.8833470344543457,-4.591913223266602,2.5147030353546143,-2.756084442138672,4.95391321182251,-0.09128023684024811,3.766195297241211,-0.8317661285400391
B,1,252,1,2,12,3,-0.7723875045776367,3.487128496170044,-5.688541412353516,3.5033645629882812,4.708911895751953,9.791590690612793,-3.0019750595092773,-3.2887096405029297,2.6639811992645264,1.2500420808792114,1.1607834100723267,-5.5209808349609375,-0.4338146150112152,0.6746731400489807,3.412752389907837,-1.1908942461013794,-0.535952091217041,-0.47827279567718506,1.9097484350204468,-0.11509502679109573,0.8547577857971191,-1.3367868661880493,1.0766528844833374,-1.2080403566360474,0.7629849314689636,-4.787771701812744,2.406721353530884,-3.088391065597534,4.858824253082275,-0.09137243777513504,3.670250177383423,-0.6355108618736267
B,1,252,1,2,13,8,-1.103426456451416,3.9562392234802246,-5.803244590759277,3.463787794113159,4.543356895446777,10.817708015441895,-2.8378849029541016,-3.945350170135498,2.7829556465148926,1.490813970565796,1.4267913103103638,-6.20547342300415,-0.06299043446779251,1.1225391626358032,3.8012871742248535,-1.1671323776245117,-0.4348072409629822,-0.3822714686393738,2.384709358215332,0.11067630350589752,1.337113857269287,-1.738853096961975,1.1583447456359863,-1.5381970405578613,0.9682505130767822,-4.938146591186523,2.50860595703125,-2.955702304840088,5.440371036529541,-0.20494459569454193,4.1909685134887695,-0.8422439694404602
B,1,252,2,1,9,4,-0.6233253479003906,2.72831392288208,-7.2004594802856445,4.89409875869751,7.274592399597168,9.937817573547363,-4.125548839569092,-2.5837652683258057,3.842926502227783,-0.35743772983551025,1.3188000917434692,-5.437323570251465,-1.8934825658798218,-0.8707456588745117,2.750035285949707,-1.4805517196655273,-1.2861607074737549,-0.8407981991767883,0.6690341830253601,0.38242101669311523,0.13037005066871643,-0.5761041641235352,1.1482326984405518,-1.0294896364212036,0.5452367067337036,-6.875130653381348,2.2280335426330566,-4.603921890258789,5.805272102355957,-0.3991613984107971,3.8456692695617676,-0.5222412943840027
B,1,252,2,1,10,6,-0.624975860118866,2.932877540588379,-6.608680725097656,4.537588119506836,6.172077178955078,9.642853736877441,-3.9289791584014893,-2.838090658187866,3.2709081172943115,0.3210245668888092,1.0399363040924072,-5.2566423416137695,-1.5694366693496704,-0.46510839462280273,2.869255781173706,-1.513473391532898,-0.9620702862739563,-0.5863712430000305,1.0983220338821411,-0.07836633175611496,0.1667546033859253,-0.8619415760040283,1.1652055978775024,-0.9773416519165039,0.5692923069000244,-5.938425064086914,2.1733450889587402,-4.134210109710693,5.131748676300049,-0.18267953395843506,3.7062578201293945,-0.22071139514446259
B,1,252,2,1,11,5,-0.7331530451774597,3.252793788909912,-5.875740051269531,3.6492838859558105,4.643113136291504,9.425294876098633,-3.2515323162078857,-3.172145366668701,2.590534210205078,1.258793592453003,1.0302889347076416,-5.333600997924805,-0.7365432977676392,0.4433526396751404,3.176270008087158,-1.3301664590835571,-0.5523521304130554,-0.43963176012039185,1.7722256183624268,-0.2899685800075531,0.5479831695556641,-1.287082314491272,1.0317142009735107,-0.9938942193984985,0.628139853477478,-4.858422756195068,2.256092071533203,-3.28271222114563,4.596597194671631,-0.06079063564538956,3.5439200401306152,-0.35277777910232544
B,1,252,2,1,12,4,-0.7949853539466858,3.414841651916504,-5.776614665985107,3.654568672180176,4.642919540405273,9.61133098602295,-3.197357654571533,-3.2525827884674072,2.630042552947998,1.2927922010421753,1.0503467321395874,-5.430542945861816,-0.5976253151893616,0.5201101303100586,3.3242645263671875,-1.3162577152252197,-0.5236539840698242,-0.41519099473953247,1.9062628746032715,-0.2566382586956024,0.6486805081367493,-1.3781160116195679,1.0473275184631348,-1.0585557222366333,0.677051842212677,-4.824455261230469,2.3159615993499756,-3.2457773685455322,4.622251510620117,-0.06484021246433258,3.6511571407318115,-0.4028465747833252
B,1,252,2,1,13,6,-1.0225239992141724,3.8024654388427734,-5.9691691398620605,3.5621633529663086,4.628688812255859,10.514927864074707,-3.104546308517456,-3.745030164718628,2.7642204761505127,1.4447263479232788,1.3215970993041992,-6.041421413421631,-0.33202484250068665,0.9142160415649414,3.632173538208008,-1.2670031785964966,-0.4679494798183441,-0.3825419843196869,2.271890878677368,-0.0004547449352685362,1.074402093887329,-1.6733587980270386,1.0983431339263916,-1.3388381004333496,0.7935050129890442,-5.003986835479736,2.434842824935913,-3.172358751296997,5.190824031829834,-0.15940797328948975,4.037198543548584,-0.6759501099586487
B,1,252,2,2,9,4,-0.7973883152008057,3.1858978271484375,-6.276590347290039,4.114663600921631,5.935568809509277,9.788199424743652,-3.374423027038574,-2.9468462467193604,3.3132529258728027,0.3564802408218384,1.210795283317566,-5.402698993682861,-1.1365530490875244,-0.09168130159378052,3.0886588096618652,-1.3311651945114136,-0.901098370552063,-0.5809617638587952,1.274056315422058,0.36995476484298706,0.5613234639167786,-1.0500826835632324,1.0226107835769653,-1.1904487609863281,0.7842786312103271,-5.81607723236084,2.239716053009033,-3.703894853591919,5.307954788208008,-0.3700054883956909,3.67521333694458,-0.7516375780105591
B,1,252,2,2,10,5,-0.748681902885437,3.2141005992889404,-6.321237564086914,4.200634002685547,5.49307107925415,9.767677307128906,-3.6039631366729736,-3.1041157245635986,2.955493450164795,0.7363764643669128,1.0206981897354126,-5.2936110496521,-1.265380620956421,-0.051554661244153976,3.0878958702087402,-1.487623691558838,-0.8272325396537781,-0.46099549531936646,1.4451802968978882,-0.054308392107486725,0.4389279782772064,-1.154231309890747,1.0838278532028198,-1.0756514072418213,0.6947991251945496,-5.456019401550293,2.1602540016174316,-3.725395917892456,4.957837104797363,-0.2166667878627777,3.6226742267608643,-0.3232470750808716
B,1,252,2,2,11,4,-0.9498055577278137,4.02762508392334,-5.742586135864258,3.384805679321289,4.1764116287231445,10.528759002685547,-2.9584579467773438,-3.857168197631836,2.532386302947998,1.5994818210601807,1.2347068786621094,-5.888121604919434,-0.31962859630584717,1.0962128639221191,3.6994872093200684,-1.2746387720108032,-0.3667210042476654,-0.28424614667892456,2.4428985118865967,-0.05604954808950424,1.2086409330368042,-1.7374706268310547,1.1040955781936646,-1.4827642440795898,0.911060094833374,-4.576504230499268,2.3758351802825928,-2.906601667404175,4.974174499511719,-0.2003737837076187,3.9211180210113525,-0.661284327507019
B,1,252,2,2,12,4,-0.968501627445221,3.86177921295166,-5.809079647064209,3.470564126968384,4.35919189453125,10.267915725708008,-3.0254783630371094,-3.660320281982422,2.5848584175109863,1.5150561332702637,1.1994878053665161,-5.7964253425598145,-0.41091230511665344,0.9047800302505493,3.593235969543457,-1.3098833560943604,-0.43202489614486694,-0.3406561315059662,2.304650068283081,-0.017677314579486847,1.0216765403747559,-1.6710638999938965,1.0388761758804321,-1.3045495748519897,0.8109190464019775,-4.728243827819824,2.341367483139038,-3.077235221862793,4.863619804382324,-0.2050030380487442,3.8160903453826904,-0.6104339957237244
B,1,252,2,2,13,8,-1.0581127405166626,3.8170080184936523,-6.12786865234375,3.612973213195801,4.933376312255859,10.835020065307617,-3.008197069168091,-3.8112621307373047,2.9179515838623047,1.392459511756897,1.427464485168457,-6.180904388427734,-0.24464133381843567,0.9512197971343994,3.765634536743164,-1.2401390075683594,-0.5537916421890259,-0.442924439907074,2.1772332191467285,0.1376112848520279,1.2073700428009033,-1.6803178787231445,1.097366452217102,-1.467181921005249,0.8723839521408081,-5.268337726593018,2.5443718433380127,-3.1750283241271973,5.509089469909668,-0.19379445910453796,4.1381025314331055,-0.8601434826850891
B,1,252,3,1,9,5,-0.8791095614433289,3.345029354095459,-6.033147811889648,3.9423489570617676,5.566467761993408,9.95745849609375,-3.2398781776428223,-3.245363712310791,3.2054405212402344,0.42288875579833984,1.3656624555587769,-5.499157905578613,-0.9157205820083618,0.13851366937160492,3.1502342224121094,-1.220811128616333,-0.7816382646560669,-0.4554154872894287,1.5491987466812134,0.4112241268157959,0.9135039448738098,-1.1959275007247925,1.0286011695861816,-1.3490369319915771,0.8453370332717896,-5.536076545715332,2.223707437515259,-3.5042998790740967,5.3655242919921875,-0.3655549883842468,3.824084520339966,-0.7604354619979858
B,1,252,3,1,10,5,-0.8298436999320984,3.491466999053955,-6.302799224853516,4.165009021759033,5.548934459686279,10.270988464355469,-3.606107234954834,-3.457848072052002,3.1256346702575684,0.48616570234298706,1.256296157836914,-5.432166576385498,-1.27163827419281,0.02433631382882595,3.074202060699463,-1.3824573755264282,-0.7896496057510376,-0.2821839451789856,1.547235131263733,0.22722426056861877,0.8752557635307312,-1.2271778583526611,1.1133487224578857,-1.4438762664794922,0.8105379939079285,-5.470573425292969,2.0652120113372803,-3.6738219261169434,5.318637847900391,-0.33476102352142334,3.8627700805664062,-0.48052898049354553
B,1,252,3,1,11,5,-0.7674380540847778,3.202610492706299,-6.997921943664551,4.711022853851318,6.7060346603393555,10.387901306152344,-4.016617774963379,-3.0847604274749756,3.5249621868133545,0.1285979002714157,1.239840030670166,-5.4943013191223145,-1.6421188116073608,-0.4320925772190094,2.952603816986084,-1.5222434997558594,-1.1264837980270386,-0.5505571365356445,1.0023694038391113,0.2545546293258667,0.5110833644866943,-0.9487845301628113,1.1874058246612549,-1.3330636024475098,0.6317440867424011,-6.293822765350342,2.1803596019744873,-4.2689714431762695,5.639888286590576,-0.3337983191013336,3.953857898712158,-0.45241492986679077
B,1,252,3,1,12,4,-0.6637005805969238,2.831186294555664,-6.99904727935791,4.563375473022461,6.714877128601074,9.761407852172852,-3.84587025642395,-2.781463861465454,3.4600939750671387,0.21296587586402893,1.205660343170166,-5.292367935180664,-1.6076557636260986,-0.511469841003418,2.8000802993774414,-1.502458095550537,-1.187915563583374,-0.6803241968154907,0.7440227270126343,0.2171834260225296,0.34425094723701477,-0.8490900993347168,1.022547960281372,-1.0875968933105469,0.5334436893463135,-6.349142074584961,2.1881446838378906,-4.190866470336914,5.457076072692871,-0.27987977862358093,3.689790964126587,-0.4485958218574524
B,1,252,3,1,13,6,-0.933671236038208,3.6341331005096436,-7.012170314788818,4.647586345672607,6.171420574188232,10.901740074157715,-4.075015544891357,-3.540734052658081,3.2240660190582275,0.5977621674537659,1.0876896381378174,-5.681308746337891,-1.5908130407333374,-0.03454839065670967,3.107584238052368,-1.7012170553207397,-0.9644696712493896,-0.3583780527114868,1.3692394495010376,0.11847726255655289,0.6604363918304443,-1.2766964435577393,1.2856028079986572,-1.5195752382278442,0.6791941523551941,-5.961996078491211,2.1197926998138428,-4.147908687591553,5.5409255027771,-0.3001316487789154,4.129205226898193,-0.3271382749080658
B,1,252,3,2,9,4,-0.8622382283210754,3.1661391258239746,-6.089663028717041,3.9340319633483887,5.712677478790283,9.95042610168457,-3.171051025390625,-3.1923463344573975,3.292571783065796,0.4142964482307434,1.488321304321289,-5.628215312957764,-0.7712574601173401,0.17303691804409027,3.2359066009521484,-1.1549856662750244,-0.8222885131835938,-0.5831385254859924,1.5189825296401978,0.4099200665950775,0.929868221282959,-1.1510531902313232,0.9712691903114319,-1.245637059211731,0.8557872772216797,-5.771432399749756,2.3727335929870605,-3.5293169021606445,5.543581962585449,-0.318528950214386,3.8712048530578613,-0.8770320415496826
B,1,252,3,2,10,5,-0.7870116829872131,3.3779120445251465,-5.614200592041016,3.5763766765594482,4.929085731506348,9.907712936401367,-3.043694496154785,-3.4787700176239014,2.9492454528808594,0.6974732279777527,1.4199275970458984,-5.5722479820251465,-0.5240815877914429,0.5494645237922668,3.282968044281006,-1.0610822439193726,-0.4911395013332367,-0.38390687108039856,1.897536039352417,0.2023354023694992,1.0834696292877197,-1.2468714714050293,1.1129472255706787,-1.3814773559570312,0.8751696348190308,-5.066322326660156,2.269744873046875,-3.1346282958984375,5.280130386352539,-0.214492529630661,3.859923839569092,-0.7121296525001526
B,1,252,3,2,11,5,-0.7731848955154419,3.279609203338623,-6.270066261291504,3.913078784942627,5.862740516662598,10.043856620788574,-3.331559658050537,-3.139157772064209,3.2776598930358887,0.465745210647583,1.384398102760315,-5.5748090744018555,-0.8419361114501953,0.22721800208091736,3.187248706817627,-1.1859041452407837,-0.8403790593147278,-0.5865693092346191,1.4040493965148926,0.3586382269859314,0.8536542057991028,-1.1073496341705322,1.0929954051971436,-1.3749408721923828,0.7386323809623718,-5.749541282653809,2.332597494125366,-3.5701003074645996,5.5121660232543945,-0.2592550814151764,3.8997905254364014,-0.8293986320495605
B,1,252,3,2,12,4,-0.743952751159668,3.152431011199951,-7.093213081359863,4.665679931640625,6.710598468780518,10.287994384765625,-3.9756298065185547,-3.0236549377441406,3.476649761199951,0.2254444658756256,1.207822322845459,-5.486954689025879,-1.627002239227295,-0.37863048911094666,2.933473587036133,-1.5665065050125122,-1.1517900228500366,-0.6088892221450806,0.9436993598937988,0.2428421974182129,0.4575074017047882,-0.9462260007858276,1.1247432231903076,-1.3036824464797974,0.5961204767227173,-6.362277984619141,2.201547622680664,-4.253056526184082,5.611717224121094,-0.33628976345062256,3.8959009647369385,-0.47481217980384827
B,1,252,3,2,13,6,-0.9450299739837646,3.565305709838867,-7.005453586578369,4.552722454071045,6.265766143798828,10.951237678527832,-3.9590237140655518,-3.567157030105591,3.33609676361084,0.5925046801567078,1.2209473848342896,-5.884058475494385,-1.3493436574935913,0.10681598633527756,3.1742992401123047,-1.5840624570846558,-0.9204495549201965,-0.43775996565818787,1.394648551940918,0.16739080846309662,0.7523880004882812,-1.2724257707595825,1.3253446817398071,-1.5568910837173462,0.6817348599433899,-6.093097686767578,2.2476677894592285,-4.0581865310668945,5.766659259796143,-0.26093676686286926,4.263247966766357,-0.4577547013759613
B,1,651,1,1,9,4,-0.8904193639755249,3.5181286334991455,-5.566713333129883,3.506887435913086,4.476378440856934,9.624040603637695,-2.9743971824645996,-3.2543251514434814,2.554124116897583,1.325399398803711,1.046721339225769,-5.415782928466797,-0.4628649652004242,0.6501418352127075,3.4593725204467773,-1.3090882301330566,-0.4851955771446228,-0.4279664158821106,2.017627239227295,-0.09836214035749435,0.7359261512756348,-1.4612398147583008,0.9429081678390503,-1.0587323904037476,0.7376670241355896,-4.728128433227539,2.348371982574463,-3.135338306427002,4.571162700653076,-0.1415131390094757,3.555586814880371,-0.6172751188278198
B,1,651,1,1,10,5,-0.7877150774002075,3.424140214920044,-5.740392208099365,3.7836756706237793,4.929873466491699,9.608868598937988,-3.17203426361084,-3.16991925239563,2.731224775314331,1.0890817642211914,0.9544755220413208,-5.264248847961426,-0.7530587315559387,0.38807234168052673,3.315997362136841,-1.3975906372070312,-0.5652490854263306,-0.4146128296852112,1.68392813205719,-0.13775722682476044,0.6041196584701538,-1.309545874595642,0.9906489253044128,-1.1111980676651,0.7526745796203613,-4.964289665222168,2.3290929794311523,-3.3327972888946533,4.627995014190674,-0.1359691172838211,3.551158905029297,-0.5410184264183044
B,1,651,1,1,11,5,-0.586743950843811,3.0411975383758545,-6.158430099487305,4.0032877922058105,5.550390720367432,9.440296173095703,-3.4362518787384033,-2.8271470069885254,2.9473769664764404,0.737479031085968,1.0914874076843262,-5.201140403747559,-1.0366461277008057,-0.02328597567975521,3.0750679969787598,-1.3258380889892578,-0.8236037492752075,-0.6061547994613647,1.309850811958313,-0.1684701144695282,0.4037473797798157,-0.9630888104438782,1.0274465084075928,-0.9855130910873413,0.5934725999832153,-5.37130069732666,2.289879560470581,-3.6350021362304688,4.868169784545898,-0.12324938923120499,3.5158791542053223,-0.4352231025695801
B,1,651,1,1,12,4,-0.7387067675590515,3.376847982406616,-5.998772144317627,3.850883722305298,5.0147504806518555,9.866257667541504,-3.396073818206787,-3.2586257457733154,2.7822346687316895,1.0240378379821777,1.1063705682754517,-5.459695339202881,-0.8465879559516907,0.35127565264701843,3.249298334121704,-1.3274050951004028,-0.6330904960632324,-0.42948856949806213,1.7635611295700073,-0.21100640296936035,0.6335659027099609,-1.2246167659759521,1.1342778205871582,-1.1743632555007935,0.7071386575698853,-5.080796241760254,2.2472658157348633,-3.4428951740264893,4.887458801269531,-0.10849842429161072,3.740558624267578,-0.3896356225013733
B,1,651,1,1,13,6,-0.8170201182365417,3.402557373046875,-6.352414608001709,4.170176982879639,5.4533209800720215,10.305859565734863,-3.600963592529297,-3.417762517929077,2.974938154220581,0.9080961346626282,1.1427593231201172,-5.622415065765381,-1.0075438022613525,0.24442125856876373,3.273300886154175,-1.4284721612930298,-0.7239692807197571,-0.4107964336872101,1.629951000213623,-0.17637354135513306,0.6631781458854675,-1.243173360824585,1.2140132188796997,-1.3048452138900757,0.7233788967132568,-5.461381912231445,2.2539925575256348,-3.671612501144409,5.2134690284729,-0.1397169977426529,3.9689176082611084,-0.3484092652797699
B,1,651,1,2,9,4,-0.8980399370193481,3.550906181335449,-5.738192558288574,3.7925920486450195,4.74848747253418,9.798307418823242,-3.1869120597839355,-3.3112058639526367,2.6455376148223877,1.2094841003417969,0.9709522724151611,-5.35372257232666,-0.7505133152008057,0.4284328818321228,3.411015510559082,-1.4434547424316406,-0.5581679344177246,-0.34793826937675476,1.8936783075332642,-0.12212809920310974,0.6961040496826172,-1.4591492414474487,0.9815862774848938,-1.1112768650054932,0.7551450133323669,-4.859649658203125,2.3010480403900146,-3.3272030353546143,4.601457595825195,-0.17437563836574554,3.5824739933013916,-0.4745354652404785
B,1,651,1,2,10,5,-0.70918869972229,3.1876296997070312,-6.236408233642578,4.330689907073975,5.9342041015625,9.728703498840332,-3.5629448890686035,-2.9350409507751465,3.1094040870666504,0.556466281414032,0.9519580006599426,-5.180785179138184,-1.2544058561325073,-0.16329579055309296,3.086394786834717,-1.5188277959823608,-0.868017315864563,-0.5134992599487305,1.1700541973114014,-0.03829101473093033,0.39710673689842224,-1.0214722156524658,1.051018476486206,-1.1444079875946045,0.6913489103317261,-5.599052429199219,2.3052382469177246,-3.81933331489563,4.982168197631836,-0.18991544842720032,3.599933624267578,-0.4692142605781555
B,1,651,1,2,11,5,-0.803673267364502,3.3736412525177,-7.169170379638672,4.880430698394775,6.4681878089904785,10.523157119750977,-4.273125171661377,-3.146393299102783,3.2604432106018066,0.41465839743614197,0.929599940776825,-5.339385986328125,-1.9593702554702759,-0.4670465588569641,2.9330549240112305,-1.8120990991592407,-1.160469889640808,-0.40609708428382874,1.043156623840332,-0.05955077335238457,0.3011605739593506,-1.0581128597259521,1.2185585498809814,-1.3429737091064453,0.5745419263839722,-6.114470481872559,1.9922924041748047,-4.413840293884277,5.259099006652832,-0.31393304467201233,3.950679063796997,-0.1258525550365448
B,1,651,1,2,12,3,-0.8415647149085999,3.4594898223876953,-6.674593448638916,4.430015563964844,5.830250263214111,10.4588041305542,-3.8638317584991455,-3.3134353160858154,3.0949831008911133,0.7537553906440735,1.0714572668075562,-5.554483890533447,-1.3658078908920288,-0.007410718128085136,3.198453187942505,-1.5897010564804077,-0.8999064564704895,-0.418378621339798,1.450060486793518,-0.09657180309295654,0.5366990566253662,-1.2245793342590332,1.1821651458740234,-1.3018091917037964,0.6803992390632629,-5.739765644073486,2.1798102855682373,-3.9807193279266357,5.219140529632568,-0.21398907899856567,3.970088243484497,-0.3201051652431488
B,1,651,1,2,13,7,-0.823163628578186,3.437497854232788,-6.600473880767822,4.378137588500977,5.668709754943848,10.41694450378418,-3.832392930984497,-3.3991425037384033,3.0347981452941895,0.8173409700393677,1.0634703636169434,-5.582675457000732,-1.3203822374343872,0.06286821514368057,3.1853585243225098,-1.5705918073654175,-0.8254622220993042,-0.3873668313026428,1.5200440883636475,-0.14817383885383606,0.5496980547904968,-1.2455484867095947,1.2432032823562622,-1.2959476709365845,0.6973400712013245,-5.6315460205078125,2.128650426864624,-3.9001259803771973,5.2132792472839355,-0.1830969899892807,4.014089107513428,-0.23195724189281464
B,1,651,2,1,9,4,-1.0895564556121826,3.9786720275878906,-6.0805463790893555,3.924649238586426,4.5852861404418945,10.482149124145508,-3.5055477619171143,-3.734070062637329,2.4772539138793945,1.3849645853042603,0.8470181226730347,-5.437600612640381,-1.0537452697753906,0.579126238822937,3.39677357673645,-1.6676408052444458,-0.5848143100738525,-0.10513950884342194,2.0669169425964355,-0.1280163824558258,0.8693341016769409,-1.7346482276916504,1.1414101123809814,-1.434132695198059,0.7136435508728027,-4.735572814941406,2.0497217178344727,-3.449831962585449,4.633595943450928,-0.23414146900177002,3.865176200866699,-0.2589606046676636
B,1,651,2,1,10,5,-1.0374730825424194,3.967568874359131,-5.473976135253906,3.4076855182647705,4.120086193084717,10.273195266723633,-2.9240386486053467,-3.770872116088867,2.34477162361145,1.562234878540039,0.9724618792533875,-5.512303352355957,-0.36437612771987915,1.0605405569076538,3.6053104400634766,-1.3578596115112305,-0.36841267347335815,-0.20196230709552765,2.262108564376831,-0.11964131891727448,1.1431586742401123,-1.721186876296997,1.1374199390411377,-1.5141360759735107,0.865115761756897,-4.359844207763672,2.2829833030700684,-2.889103412628174,4.690980434417725,-0.12953731417655945,3.8507580757141113,-0.5700780153274536
B,1,651,2,1,11,5,-1.0172512531280518,3.824349880218506,-5.896759033203125,3.5824360847473145,4.602723598480225,10.309975624084473,-3.1321017742156982,-3.5347836017608643,2.5817418098449707,1.4182673692703247,1.0634872913360596,-5.635272026062012,-0.5728916525840759,0.7854546308517456,3.538754940032959,-1.3710057735443115,-0.6226329207420349,-0.3384163975715637,2.090923309326172,-0.0584975890815258,0.9866405725479126,-1.6394208669662476,1.0852926969528198,-1.4077047109603882,0.7649552226066589,-4.822531223297119,2.2991325855255127,-3.1861958503723145,4.869379997253418,-0.16299763321876526,3.9092509746551514,-0.6037381887435913
B,1,651,2,1,12,4,-1.1866998672485352,4.096338272094727,-6.458637237548828,4.080998420715332,4.956180095672607,11.052936553955078,-3.6230006217956543,-3.87630295753479,2.6247594356536865,1.4095587730407715,0.9634827375411987,-5.7772722244262695,-1.0139940977096558,0.6553047895431519,3.489762306213379,-1.681540846824646,-0.741567850112915,-0.17447635531425476,2.040041208267212,-0.09740202128887177,0.9878259897232056,-1.7640438079833984,1.2137558460235596,-1.6337182521820068,0.734404981136322,-5.11016845703125,2.110154867172241,-3.5802700519561768,5.066329002380371,-0.2259828895330429,4.205089569091797,-0.33551937341690063
B,1,651,2,1,13,7,-1.1173843145370483,3.913252353668213,-6.209209442138672,3.8165156841278076,4.710112571716309,10.947744369506836,-3.3365530967712402,-4.002094268798828,2.661090850830078,1.5606600046157837,1.157248854637146,-6.074875354766846,-0.5097425580024719,0.981361985206604,3.6813464164733887,-1.4593098163604736,-0.5014866590499878,-0.2812781035900116,2.2739474773406982,-0.16102950274944305,1.0984175205230713,-1.7797462940216064,1.2772482633590698,-1.530518889427185,0.7958425879478455,-5.067980766296387,2.358480453491211,-3.3024117946624756,5.277359962463379,-0.09466490894556046,4.288095951080322,-0.435746967792511
B,1,651,2,2,9,5,-1.0231961011886597,3.84403920173645,-5.971223831176758,3.840724229812622,4.637876987457275,10.230632781982422,-3.3916916847229004,-3.5976593494415283,2.5465760231018066,1.3540399074554443,0.8781547546386719,-5.447058200836182,-0.9198905229568481,0.6047821044921875,3.3737120628356934,-1.5761159658432007,-0.5525347590446472,-0.18965069949626923,1.999863862991333,-0.12676098942756653,0.8128589391708374,-1.6394126415252686,1.1085319519042969,-1.3596735000610352,0.7266170978546143,-4.794550895690918,2.164985418319702,-3.3918163776397705,4.635728359222412,-0.19555918872356415,3.7985496520996094,-0.37343695759773254
B,1,651,2,2,10,5,-1.0152021646499634,3.913800001144409,-5.5522050857543945,3.432203769683838,4.1993303298950195,10.238187789916992,-2.9643049240112305,-3.718742847442627,2.3713085651397705,1.5696486234664917,0.9553728103637695,-5.526010990142822,-0.3890426754951477,1.045734167098999,3.604382038116455,-1.3855692148208618,-0.3879537880420685,-0.2276417464017868,2.2186830043792725,-0.15300530195236206,1.0780850648880005,-1.698584794998169,1.1076499223709106,-1.4926248788833618,0.8331470489501953,-4.471169948577881,2.3095555305480957,-2.929649591445923,4.68734073638916,-0.11745312064886093,3.8454442024230957,-0.5850709676742554
B,1,651,2,2,11,5,-0.9507952928543091,3.6046981811523438,-6.083093643188477,3.8423359394073486,4.959460258483887,10.215165138244629,-3.340770721435547,-3.4236226081848145,2.6694703102111816,1.2173727750778198,1.0260279178619385,-5.5116143226623535,-0.813046932220459,0.5162395238876343,3.380795955657959,-1.4426581859588623,-0.7038607597351074,-0.35432881116867065,1.8148109912872314,-0.14645662903785706,0.8215972185134888,-1.4700499773025513,1.1033445596694946,-1.3436667919158936,0.6891891956329346,-5.031117916107178,2.2607758045196533,-3.403170347213745,4.907371997833252,-0.14319416880607605,3.8641903400421143,-0.46817684173583984
B,1,651,2,2,12,4,-1.186472773551941,4.07706880569458,-6.16373348236084,3.8569998741149902,4.535991668701172,11.053613662719727,-3.374026298522949,-4.09942102432251,2.5084123611450195,1.633101463317871,1.0576492547988892,-6.010162353515625,-0.6083747148513794,1.0046257972717285,3.652034044265747,-1.5479202270507812,-0.4687636196613312,-0.18921825289726257,2.3421905040740967,-0.20630276203155518,1.116806149482727,-1.8364232778549194,1.3256783485412598,-1.6295086145401,0.7988572716712952,-4.85739803314209,2.268869161605835,-3.2833034992218018,5.141429424285889,-0.14390981197357178,4.271121501922607,-0.3350447714328766
B,1,651,2,2,13,7,-1.2089192867279053,4.132082939147949,-6.404088020324707,4.014773368835449,4.996248722076416,11.343451499938965,-3.4430487155914307,-4.085630893707275,2.73384165763855,1.4792076349258423,1.1059942245483398,-6.0768866539001465,-0.688610851764679,0.8994643092155457,3.735616445541382,-1.5894545316696167,-0.6197686195373535,-0.2252865582704544,2.1991050243377686,-0.050196774303913116,1.1798286437988281,-1.8445513248443604,1.2800190448760986,-1.7250994443893433,0.8169909119606018,-5.201111793518066,2.332806348800659,-3.447270154953003,5.381192207336426,-0.1915290355682373,4.370481491088867,-0.4842320382595062
B,1,651,3,1,9,4,-0.8573611974716187,3.5217628479003906,-5.645992279052734,3.4740703105926514,4.604300498962402,9.688365936279297,-2.982913017272949,-3.278984785079956,2.6364991664886475,1.2051584720611572,1.130224585533142,-5.489407539367676,-0.481183797121048,0.6887471079826355,3.3655126094818115,-1.247294306755066,-0.48182958364486694,-0.4647926688194275,1.9848378896713257,0.020379172638058662,0.809839129447937,-1.3976893424987793,1.0425525903701782,-1.1694508790969849,0.7285748720169067,-4.791202545166016,2.3103678226470947,-3.1467442512512207,4.7523980140686035,-0.17678861320018768,3.6506905555725098,-0.6228014826774597
B,1,651,3,1,10,5,-0.760055661201477,3.3029491901397705,-5.547211647033691,3.5358352661132812,4.496079444885254,9.396415710449219,-3.0719618797302246,-3.198737382888794,2.552398204803467,1.2141828536987305,1.0119907855987549,-5.308314800262451,-0.5572768449783325,0.578874945640564,3.2908833026885986,-1.2578150033950806,-0.4415251314640045,-0.4339025020599365,1.8964662551879883,-0.24157170951366425,0.6380264163017273,-1.3029863834381104,1.0790421962738037,-1.0507699251174927,0.7084319591522217,-4.705292701721191,2.2930564880371094,-3.14514422416687,4.579100608825684,-0.05778839439153671,3.5788140296936035,-0.4281640946865082
B,1,651,3,1,11,5,-0.7019007802009583,3.1671245098114014,-5.938270568847656,3.8699615001678467,5.157839298248291,9.663744926452637,-3.2676849365234375,-3.119875431060791,2.8754591941833496,0.8549335598945618,1.1612136363983154,-5.390687465667725,-0.804509162902832,0.2599773406982422,3.227682113647461,-1.2619006633758545,-0.6466480493545532,-0.5151532292366028,1.6077054738998413,-0.16174885630607605,0.6245441436767578,-1.12701416015625,1.091123342514038,-1.1173814535140991,0.7376133799552917,-5.200430870056152,2.350208282470703,-3.4128880500793457,4.989568710327148,-0.12718136608600616,3.664424419403076,-0.4910602569580078
B,1,651,3,1,12,4,-0.8528892397880554,3.434035062789917,-6.061981201171875,3.993882179260254,5.165363311767578,10.130197525024414,-3.407834053039551,-3.39164400100708,2.864642858505249,0.939444899559021,1.1470487117767334,-5.5553364753723145,-0.8815833926200867,0.32352638244628906,3.2997186183929443,-1.3504787683486938,-0.660852313041687,-0.391547292470932,1.7621150016784668,-0.10793425142765045,0.767310619354248,-1.308013916015625,1.1841905117034912,-1.2793413400650024,0.7684332728385925,-5.193726539611816,2.2649176120758057,-3.495163917541504,5.097385883331299,-0.1441957652568817,3.881523847579956,-0.40951573848724365
B,1,651,3,1,13,6,-0.8367218971252441,3.2699320316314697,-6.434511661529541,4.26886510848999,5.772912979125977,10.392741203308105,-3.560408353805542,-3.4089479446411133,3.2064368724823,0.6383132338523865,1.3217065334320068,-5.737911701202393,-0.9844949841499329,0.1349116712808609,3.2656242847442627,-1.3523036241531372,-0.775994598865509,-0.48290643095970154,1.5245968103408813,-0.0025095778983086348,0.7652280926704407,-1.175768256187439,1.192604899406433,-1.3085194826126099,0.7700756192207336,-5.751974582672119,2.33422589302063,-3.751771926879883,5.552251815795898,-0.19007231295108795,4.0588531494140625,-0.4798387289047241
B,1,651,3,2,9,4,-0.8550136685371399,3.3579392433166504,-5.860707759857178,3.7058937549591064,5.0460524559021,9.692473411560059,-3.090581178665161,-3.1658177375793457,2.8368749618530273,1.0011160373687744,1.1672351360321045,-5.500601768493652,-0.6100820302963257,0.47424766421318054,3.3160150051116943,-1.2959458827972412,-0.5932778716087341,-0.5285423994064331,1.765118956565857,0.05131594091653824,0.7363854050636292,-1.295621633529663,0.9838083982467651,-1.1187773942947388,0.683302104473114,-5.139379978179932,2.394993305206299,-3.3509557247161865,4.9069132804870605,-0.20340591669082642,3.656907796859741,-0.6559882760047913
B,1,651,3,2,10,5,-0.7812498807907104,3.3049373626708984,-5.611102104187012,3.5935873985290527,4.67746639251709,9.500303268432617,-3.040724992752075,-3.2019691467285156,2.6510133743286133,1.141557216644287,1.0624172687530518,-5.375349998474121,-0.517020583152771,0.5793449282646179,3.337822437286377,-1.2593777179718018,-0.47113853693008423,-0.4732319414615631,1.8499386310577393,-0.17239847779273987,0.6935436725616455,-1.300358533859253,1.0509624481201172,-1.0851439237594604,0.7130593061447144,-4.8446197509765625,2.3775291442871094,-3.1751770973205566,4.714044570922852,-0.08845864236354828,3.629309892654419,-0.522773027420044
B,1,651,3,2,11,5,-0.7981081008911133,3.2901737689971924,-6.060325622558594,3.8604576587677,5.236512184143066,9.85194206237793,-3.2460219860076904,-3.1502444744110107,2.8884260654449463,0.8795010447502136,1.1902590990066528,-5.457594871520996,-0.7886182069778442,0.3154776096343994,3.2828567028045654,-1.292142629623413,-0.739161491394043,-0.5345907211303711,1.6280664205551147,-0.024836450815200806,0.7268177270889282,-1.2143348455429077,1.0438601970672607,-1.171647310256958,0.7150920629501343,-5.283514499664307,2.337266206741333,-3.4570300579071045,5.061193466186523,-0.1866869479417801,3.744581937789917,-0.5813176035881042
B,1,651,3,2,12,4,-0.7936313152313232,3.2731781005859375,-6.501543045043945,4.2861151695251465,5.500154972076416,10.062895774841309,-3.8044867515563965,-3.2673332691192627,2.930177927017212,0.8128482103347778,1.0702550411224365,-5.445908069610596,-1.305849313735962,0.009103348478674889,3.0629634857177734,-1.5245099067687988,-0.8040026426315308,-0.4077366292476654,1.5103837251663208,-0.1906082183122635,0.4941365420818329,-1.1890541315078735,1.1798055171966553,-1.1457127332687378,0.605594277381897,-5.4860639572143555,2.1021981239318848,-3.8763155937194824,5.049190998077393,-0.14360862970352173,3.862611770629883,-0.16942207515239716
B,1,651,3,2,13,6,-0.758270263671875,3.0850846767425537,-6.414304256439209,4.14058256149292,5.924596786499023,10.251564025878906,-3.4515552520751953,-3.268688917160034,3.335181474685669,0.48880937695503235,1.4629931449890137,-5.790988445281982,-0.8866649270057678,0.11534029990434647,3.2567451000213623,-1.196808934211731,-0.8184712529182434,-0.596964955329895,1.457808494567871,0.11324547976255417,0.7758739590644836,-1.0570874214172363,1.1718440055847168,-1.2643088102340698,0.7685452103614807,-5.911951065063477,2.382415771484375,-3.706589460372925,5.732924938201904,-0.19340874254703522,4.032318115234375,-0.6338254809379578
B,1,671,1,1,9,4,-1.0159741640090942,3.8385438919067383,-5.666285514831543,3.5094170570373535,4.372107982635498,10.169269561767578,-2.9406251907348633,-3.596766471862793,2.6260886192321777,1.3941271305084229,1.1957026720046997,-5.762452602386475,-0.3724554479122162,0.8584484457969666,3.636165142059326,-1.3503978252410889,-0.4008912742137909,-0.3658110499382019,2.3239846229553223,0.0552351213991642,1.023819923400879,-1.6970058679580688,0.9751447439193726,-1.2385294437408447,0.8046427965164185,-4.738054275512695,2.3934755325317383,-3.1137850284576416,4.8091535568237305,-0.24263328313827515,3.8319108486175537,-0.6458115577697754
B,1,671,1,1,10,5,-0.8793364763259888,3.6971004009246826,-5.6287922859191895,3.5215320587158203,4.302077293395996,9.883260726928711,-3.078397274017334,-3.4685211181640625,2.499448537826538,1.4676086902618408,1.0174232721328735,-5.530386924743652,-0.4809068739414215,0.7834030985832214,3.4810585975646973,-1.3643280267715454,-0.37614089250564575,-0.34800535440444946,2.1569104194641113,-0.21928150951862335,0.7984434366226196,-1.5407460927963257,1.0624498128890991,-1.1865394115447998,0.743169367313385,-4.579712867736816,2.3544487953186035,-3.111024856567383,4.5853776931762695,-0.09781184792518616,3.6972713470458984,-0.4710853099822998
B,1,671,1,1,11,6,-0.7083973288536072,3.2047224044799805,-6.128820419311523,3.945286512374878,5.21664571762085,9.757981300354004,-3.409558057785034,-3.161106824874878,2.8471291065216064,0.951911449432373,1.1310392618179321,-5.4130401611328125,-0.8816666603088379,0.2603386342525482,3.240471839904785,-1.3443713188171387,-0.6695435643196106,-0.5083105564117432,1.6247687339782715,-0.20296679437160492,0.5881836414337158,-1.1735553741455078,1.09784996509552,-1.089600682258606,0.647546112537384,-5.254400253295898,2.315537929534912,-3.5384042263031006,4.928091526031494,-0.10128854960203171,3.706819772720337,-0.3726630210876465
B,1,671,1,1,12,5,-0.768671989440918,3.284895420074463,-6.590152740478516,4.2422637939453125,5.750266075134277,10.387918472290039,-3.528111696243286,-3.393341541290283,3.108522415161133,0.7187383770942688,1.3236768245697021,-5.696385860443115,-1.0255740880966187,0.21605949103832245,3.286254405975342,-1.4142100811004639,-0.771673858165741,-0.5568258762359619,1.5124763250350952,0.01944669708609581,0.7526372075080872,-1.1559183597564697,1.1622326374053955,-1.3041419982910156,0.7333230972290039,-5.766922950744629,2.291987180709839,-3.7474493980407715,5.493028163909912,-0.2541448175907135,3.980400800704956,-0.4437641203403473
B,1,671,1,1,13,6,-0.7985401749610901,3.260777473449707,-6.878208637237549,4.520081996917725,6.197489261627197,10.665263175964355,-3.783451795578003,-3.439568281173706,3.3760783672332764,0.5031061768531799,1.3623746633529663,-5.844122409820557,-1.237609624862671,0.018417460843920708,3.2475173473358154,-1.466330647468567,-0.8862763047218323,-0.5367728471755981,1.401412010192871,0.08743565529584885,0.7047279477119446,-1.1322239637374878,1.2237547636032104,-1.359182357788086,0.760127604007721,-6.163278579711914,2.2995316982269287,-4.003451824188232,5.781463146209717,-0.2583068907260895,4.153968811035156,-0.43764594197273254
B,1,671,1,2,9,4,-0.9834309220314026,3.5792534351348877,-5.834600448608398,3.6903176307678223,4.846308708190918,9.999235153198242,-3.0195088386535645,-3.382906913757324,2.864720582962036,1.0838514566421509,1.2232403755187988,-5.680589199066162,-0.5400972366333008,0.5839148163795471,3.487414836883545,-1.3368723392486572,-0.5438523888587952,-0.4374338984489441,1.9911353588104248,0.12694914638996124,0.900590181350708,-1.517143964767456,0.9331542253494263,-1.2015527486801147,0.791195809841156,-5.114091396331787,2.436145782470703,-3.273169994354248,4.975969314575195,-0.27452853322029114,3.7762041091918945,-0.7356526255607605
B,1,671,1,2,10,5,-0.9231433868408203,3.7213287353515625,-5.893669128417969,3.621367931365967,4.682272434234619,10.145700454711914,-3.1006433963775635,-3.4574718475341797,2.711452007293701,1.290461778640747,1.1579394340515137,-5.6768975257873535,-0.5388370156288147,0.7159335017204285,3.5396568775177,-1.3583431243896484,-0.516936719417572,-0.42892947793006897,2.0815696716308594,0.02231258526444435,0.8831729888916016,-1.5531363487243652,1.0284688472747803,-1.2425508499145508,0.7784130573272705,-4.9605889320373535,2.3554344177246094,-3.259730815887451,4.878169059753418,-0.19060547649860382,3.831808567047119,-0.6255090832710266
B,1,671,1,2,11,5,-0.8118667602539062,3.4187941551208496,-6.2249040603637695,3.9816174507141113,5.122690677642822,10.012360572814941,-3.464517593383789,-3.3420662879943848,2.794591188430786,1.0566015243530273,1.0809787511825562,-5.466433525085449,-0.9504512548446655,0.3343416750431061,3.229426145553589,-1.440111517906189,-0.6727724671363831,-0.41414743661880493,1.6830437183380127,-0.16873833537101746,0.6590749025344849,-1.3116551637649536,1.1360737085342407,-1.2087904214859009,0.6732685565948486,-5.1874847412109375,2.216531753540039,-3.5493578910827637,4.9267377853393555,-0.14557944238185883,3.8158326148986816,-0.3266032040119171
B,1,671,1,2,12,4,-1.011472225189209,3.6929426193237305,-6.529414176940918,4.318692207336426,5.553696632385254,10.926302909851074,-3.5707926750183105,-3.759830951690674,3.0380687713623047,0.8736878633499146,1.26671302318573,-5.85541296005249,-0.9956768751144409,0.34699341654777527,3.433993339538574,-1.5226470232009888,-0.7424353361129761,-0.3293308615684509,1.792961835861206,0.048757731914520264,0.9844574928283691,-1.4562715291976929,1.2108454704284668,-1.5321887731552124,0.8144643306732178,-5.58178186416626,2.224226951599121,-3.729828119277954,5.514980316162109,-0.2802734971046448,4.218931674957275,-0.40904149413108826
B,1,671,1,2,13,6,-0.9959003925323486,3.8031651973724365,-6.56150484085083,4.168646335601807,5.1354265213012695,10.963353157043457,-3.6495769023895264,-3.9082043170928955,2.845879316329956,1.1872504949569702,1.1837373971939087,-5.953043460845947,-0.9826447367668152,0.599224865436554,3.4561455249786377,-1.5707834959030151,-0.595312237739563,-0.306527704000473,2.0055172443389893,-0.08653371781110764,0.9124935269355774,-1.574769377708435,1.3185096979141235,-1.486477255821228,0.7787910103797913,-5.380739212036133,2.1834347248077393,-3.6556131839752197,5.366639614105225,-0.21298032999038696,4.2526535987854,-0.2736572325229645
B,1,671,2,1,9,4,-1.2192816734313965,4.083652019500732,-4.798965930938721,3.038229465484619,3.3577945232391357,10.00334358215332,-2.4607200622558594,-3.820641279220581,2.094233512878418,1.9184857606887817,0.94823157787323,-5.582623481750488,0.2090170681476593,1.377107858657837,3.88551664352417,-1.246586799621582,-0.12629850208759308,-0.15458855032920837,2.703488349914551,-0.20138370990753174,1.2367331981658936,-1.9489107131958008,1.004311442375183,-1.3377550840377808,0.9060577750205994,-3.8133840560913086,2.462876081466675,-2.4838056564331055,4.333691120147705,-0.11196036636829376,3.713446855545044,-0.7069028615951538
B,1,671,2,1,10,5,-1.024759292602539,3.879946231842041,-5.397556304931641,3.433985471725464,3.9850471019744873,9.899129867553711,-2.938704490661621,-3.571946620941162,2.2136051654815674,1.7060563564300537,0.8097313642501831,-5.34554386138916,-0.378344863653183,0.9529175758361816,3.549839496612549,-1.4461266994476318,-0.34526288509368896,-0.23192128539085388,2.206913948059082,-0.30643579363822937,0.8688084483146667,-1.6764920949935913,1.0647337436676025,-1.2853959798812866,0.751306414604187,-4.231662273406982,2.2740912437438965,-2.938929557800293,4.31032657623291,-0.10342009365558624,3.6515510082244873,-0.4253426492214203
B,1,671,2,1,11,5,-1.0653107166290283,4.050907135009766,-5.355194568634033,3.3025264739990234,3.877229690551758,10.141517639160156,-2.811709403991699,-3.693126678466797,2.2087740898132324,1.7685766220092773,0.9321951866149902,-5.496412754058838,-0.21407556533813477,1.1047569513320923,3.693302869796753,-1.3649600744247437,-0.35371190309524536,-0.22362010180950165,2.3933112621307373,-0.1902391016483307,1.1033179759979248,-1.8000383377075195,1.0375491380691528,-1.3961018323898315,0.8106307983398438,-4.137979030609131,2.339907169342041,-2.7976808547973633,4.462355613708496,-0.13032963871955872,3.7174949645996094,-0.5768722295761108
B,1,671,2,1,12,4,-1.2069573402404785,4.18912410736084,-6.021565914154053,3.9706506729125977,4.5490007400512695,10.94894027709961,-3.387169122695923,-4.000099182128906,2.4629483222961426,1.5620765686035156,0.9087782502174377,-5.747138023376465,-0.7141484022140503,0.8286223411560059,3.6317429542541504,-1.636627435684204,-0.517055869102478,-0.11489342153072357,2.2614645957946777,-0.22674709558486938,1.0535964965820312,-1.8183908462524414,1.2539682388305664,-1.6145607233047485,0.8024413585662842,-4.687185287475586,2.2024405002593994,-3.3291990756988525,4.870847225189209,-0.20844429731369019,4.130906105041504,-0.2839421033859253
B,1,671,2,1,13,6,-1.3558850288391113,4.431447505950928,-6.369515895843506,4.061887264251709,4.657174587249756,11.755508422851562,-3.4622042179107666,-4.4514665603637695,2.5867884159088135,1.6642837524414062,1.0761439800262451,-6.203148365020752,-0.6700491905212402,1.0911732912063599,3.8414041996002197,-1.6973813772201538,-0.47901955246925354,-0.06397413462400436,2.464050054550171,-0.07102371007204056,1.3284693956375122,-2.035393476486206,1.34525728225708,-1.8539336919784546,0.9025886654853821,-5.002588748931885,2.257134437561035,-3.4184858798980713,5.365825176239014,-0.2518686056137085,4.500418186187744,-0.3819104731082916
B,1,671,2,2,9,4,-1.1055325269699097,3.9929556846618652,-5.487842559814453,3.694565534591675,4.313414573669434,10.229265213012695,-3.0530261993408203,-3.708540201187134,2.4413583278656006,1.3763657808303833,0.8582214713096619,-5.388891696929932,-0.5947051048278809,0.7638277411460876,3.541126251220703,-1.5181431770324707,-0.4013240337371826,-0.12618890404701233,2.1581101417541504,-0.08872617036104202,0.9856835007667542,-1.707995891571045,1.0803216695785522,-1.4498541355133057,0.8529541492462158,-4.4426069259643555,2.2293131351470947,-3.0765652656555176,4.56728458404541,-0.23903411626815796,3.7621665000915527,-0.48552602529525757
B,1,671,2,2,10,5,-1.1209930181503296,4.141871929168701,-5.678498268127441,3.670449733734131,4.510441303253174,10.445460319519043,-3.0649142265319824,-3.6676032543182373,2.489959716796875,1.4228870868682861,0.8742274045944214,-5.436420917510986,-0.5631033778190613,0.810836911201477,3.6165261268615723,-1.5237873792648315,-0.5218161344528198,-0.1974928379058838,2.108720064163208,0.01708923652768135,1.0235083103179932,-1.7345330715179443,1.0593328475952148,-1.5464208126068115,0.8445158004760742,-4.585379600524902,2.2541375160217285,-3.134342670440674,4.651444435119629,-0.24527008831501007,3.8135993480682373,-0.6162914037704468
B,1,671,2,2,11,5,-1.2047202587127686,4.327121257781982,-5.78519868850708,3.777863025665283,4.213265419006348,10.644892692565918,-3.282468318939209,-3.9223906993865967,2.238250970840454,1.7300806045532227,0.7067128419876099,-5.495612621307373,-0.7063872218132019,0.9093677401542664,3.538796901702881,-1.6891591548919678,-0.47418680787086487,-0.04190496355295181,2.273818016052246,-0.25399845838546753,1.016081690788269,-1.8849014043807983,1.2083513736724854,-1.6338167190551758,0.7625237703323364,-4.301637172698975,2.1110706329345703,-3.1719741821289062,4.48722505569458,-0.18798014521598816,3.9687912464141846,-0.25054892897605896
B,1,671,2,2,12,5,-1.2895668745040894,4.326747417449951,-6.470832824707031,4.219168663024902,4.959280014038086,11.370933532714844,-3.578817844390869,-4.101280212402344,2.601351737976074,1.4881956577301025,0.9221477508544922,-5.864262580871582,-0.9221817851066589,0.7690255641937256,3.5963752269744873,-1.7814991474151611,-0.6595256924629211,-0.10899065434932709,2.1160006523132324,-0.1121319904923439,1.1247621774673462,-1.8582350015640259,1.2725898027420044,-1.8001649379730225,0.7799044251441956,-5.032232761383057,2.1789495944976807,-3.5597615242004395,5.113638877868652,-0.28865474462509155,4.3136982917785645,-0.2797607481479645
B,1,671,2,2,13,8,-1.455310583114624,4.568306922912598,-6.854824066162109,4.495798110961914,5.254391193389893,12.062413215637207,-3.860529899597168,-4.402472019195557,2.767509937286377,1.4036588668823242,0.937528133392334,-6.097143173217773,-1.2018569707870483,0.6969677209854126,3.6376190185546875,-1.9340587854385376,-0.776898980140686,0.001539386808872223,2.1515023708343506,0.061005882918834686,1.207613229751587,-2.0071632862091064,1.363497018814087,-1.9941394329071045,0.837348222732544,-5.341456890106201,2.0754501819610596,-3.8165009021759033,5.466839790344238,-0.37918221950531006,4.572509765625,-0.27826961874961853
B,1,671,3,1,9,5,-1.4195665121078491,4.375302314758301,-5.0953497886657715,2.9704627990722656,3.626723527908325,10.659597396850586,-2.2478225231170654,-4.0589799880981445,2.3849802017211914,1.7497848272323608,1.3468106985092163,-5.971590995788574,0.36571648716926575,1.5508002042770386,4.026057243347168,-1.1322760581970215,-0.2656579613685608,-0.1727052479982376,2.8132236003875732,0.3408084809780121,1.7631633281707764,-2.1104025840759277,0.8542207479476929,-1.708847999572754,1.0666611194610596,-4.213408470153809,2.543396472930908,-2.4281692504882812,4.939114093780518,-0.39259064197540283,3.9417052268981934,-1.1724579334259033
B,1,671,3,1,10,5,-1.220251202583313,4.134543418884277,-5.498255729675293,3.3622756004333496,3.8825392723083496,10.428387641906738,-2.7697386741638184,-3.9131951332092285,2.3428239822387695,1.6480621099472046,1.084646463394165,-5.6272969245910645,-0.3015408217906952,1.0751264095306396,3.647581100463867,-1.3830853700637817,-0.37264108657836914,-0.10289440304040909,2.440472364425659,0.03637467697262764,1.3110311031341553,-1.8701746463775635,0.9611232876777649,-1.5807908773422241,0.9157236814498901,-4.299445152282715,2.2793869972229004,-2.8119938373565674,4.700802326202393,-0.32879844307899475,3.7713725566864014,-0.6663312911987305
B,1,671,3,1,11,5,-1.235166311264038,4.087993621826172,-5.7616424560546875,3.3753371238708496,4.440739631652832,10.667774200439453,-2.7144367694854736,-3.783517360687256,2.5935420989990234,1.5320104360580444,1.255270004272461,-5.842365741729736,-0.17637985944747925,1.0893443822860718,3.7872989177703857,-1.2853424549102783,-0.5484558939933777,-0.3116695284843445,2.2907347679138184,0.2732015550136566,1.396878719329834,-1.849041223526001,0.9676987528800964,-1.6135221719741821,0.9223117828369141,-4.750809669494629,2.4282288551330566,-2.8984622955322266,5.09910249710083,-0.31969842314720154,3.910118818283081,-0.9561017751693726
B,1,671,3,1,12,5,-1.3994359970092773,4.452460289001465,-6.496535301208496,4.201892852783203,4.798458099365234,11.776680946350098,-3.5269877910614014,-4.44272518157959,2.7184581756591797,1.345001220703125,1.167696237564087,-6.080721378326416,-0.9079608917236328,0.8586176037788391,3.650418519973755,-1.68106210231781,-0.6148713827133179,0.026013648137450218,2.3276195526123047,0.08708056062459946,1.4544434547424316,-1.9625194072723389,1.2675907611846924,-2.008162021636963,0.9698082804679871,-5.096923828125,2.1247775554656982,-3.481799602508545,5.469297409057617,-0.42506974935531616,4.4834675788879395,-0.41022905707359314
B,1,671,3,1,13,7,-1.3812596797943115,4.297296047210693,-6.590880393981934,4.224776744842529,5.063728332519531,11.699051856994629,-3.4865660667419434,-4.308467864990234,2.853119134902954,1.188294529914856,1.2301064729690552,-6.04925012588501,-0.9598275423049927,0.7227988839149475,3.6139883995056152,-1.6490765810012817,-0.7220121622085571,-0.05226096138358116,2.146963357925415,0.21455849707126617,1.425787329673767,-1.881395936012268,1.2058966159820557,-1.9660452604293823,0.970253586769104,-5.33103084564209,2.1445271968841553,-3.5480523109436035,5.600424289703369,-0.45696234703063965,4.430317401885986,-0.5233668088912964
B,1,671,3,2,9,5,-1.2493617534637451,3.9964637756347656,-4.950554847717285,2.665823221206665,3.752197742462158,10.364188194274902,-1.938990592956543,-3.8253893852233887,2.445136308670044,1.6145511865615845,1.529144287109375,-5.9034552574157715,0.6393090486526489,1.650505781173706,4.073978424072266,-0.8759841918945312,-0.32082757353782654,-0.3802649676799774,2.6518404483795166,0.41966909170150757,1.8325344324111938,-1.8998597860336304,0.7863181829452515,-1.6818453073501587,1.089057445526123,-4.3667378425598145,2.710055351257324,-2.204826831817627,5.175540924072266,-0.32774412631988525,3.8138344287872314,-1.4733158349990845
B,1,671,3,2,10,5,-1.2125065326690674,4.134726047515869,-5.015200614929199,3.18066143989563,3.9318203926086426,10.460591316223145,-2.445966958999634,-3.961353302001953,2.499382495880127,1.4206527471542358,1.228224515914917,-5.72762393951416,0.13798269629478455,1.2322280406951904,3.8428757190704346,-1.1303865909576416,-0.27544647455215454,-0.13303261995315552,2.5809555053710938,0.2034154236316681,1.546991229057312,-1.833444595336914,1.013113260269165,-1.706728219985962,1.0504114627838135,-4.227169990539551,2.4356627464294434,-2.5640811920166016,4.9751458168029785,-0.2930503189563751,3.908198833465576,-0.9271823167800903
B,1,671,3,2,11,5,-1.0491863489151,3.7292721271514893,-5.585768222808838,3.4646263122558594,4.507711887359619,10.221867561340332,-2.8212838172912598,-3.599254608154297,2.6206135749816895,1.2284165620803833,1.2296397686004639,-5.554068565368652,-0.3196803331375122,0.794604480266571,3.5650386810302734,-1.2084466218948364,-0.5521644353866577,-0.31222182512283325,2.096360683441162,0.13066411018371582,1.200785756111145,-1.5609711408615112,0.9938543438911438,-1.4734179973602295,0.8776282072067261,-4.707283020019531,2.3553707599639893,-2.9706084728240967,5.027787208557129,-0.24792440235614777,3.769066333770752,-0.7784250974655151
B,1,671,3,2,12,4,-1.1578047275543213,4.046657562255859,-5.83247184753418,3.561415195465088,4.541093349456787,11.081064224243164,-2.8615832328796387,-4.066519260406494,2.6801416873931885,1.2569403648376465,1.3999701738357544,-5.916563034057617,-0.3021760582923889,1.0413341522216797,3.7956595420837402,-1.2417478561401367,-0.5397927761077881,-0.23023638129234314,2.3294053077697754,0.23017701506614685,1.5501965284347534,-1.7335023880004883,1.11135733127594,-1.8308955430984497,1.0612170696258545,-4.882959365844727,2.3398029804229736,-2.954129695892334,5.49203634262085,-0.339691162109375,4.140716075897217,-0.8403364419937134
B,1,671,3,2,13,9,-1.279657006263733,3.975497007369995,-6.4867658615112305,4.269838333129883,5.600595951080322,11.69086742401123,-3.3781416416168213,-4.14588737487793,3.1987264156341553,0.7788218259811401,1.454613208770752,-6.192263126373291,-0.7388023734092712,0.6175328493118286,3.6941800117492676,-1.4040427207946777,-0.8111361861228943,-0.27173754572868347,1.9822888374328613,0.3308596909046173,1.4578430652618408,-1.6382814645767212,1.2934499979019165,-1.960227131843567,1.0444536209106445,-5.741475582122803,2.3812170028686523,-3.569959878921509,6.114376068115234,-0.3847171366214752,4.600593090057373,-0.7557304501533508
B,1,790,1,1,9,4,-0.8351233601570129,3.5679755210876465,-6.047873020172119,3.85943341255188,5.099922180175781,10.072829246520996,-3.3323378562927246,-3.376088857650757,2.8182332515716553,0.9212994575500488,1.0822566747665405,-5.421436309814453,-0.9814932346343994,0.34560757875442505,3.236389398574829,-1.4296321868896484,-0.6401422619819641,-0.3722067177295685,1.7347381114959717,0.09091542661190033,0.7192641496658325,-1.2975794076919556,1.0974595546722412,-1.3264150619506836,0.760979950428009,-5.126840591430664,2.1221790313720703,-3.4484167098999023,4.948074817657471,-0.29058265686035156,3.688434362411499,-0.49376675486564636
B,1,790,1,1,10,5,-0.9854755401611328,3.8396897315979004,-5.5868377685546875,3.5954043865203857,4.477046012878418,10.280473709106445,-3.004577875137329,-3.6878089904785156,2.6412954330444336,1.2416388988494873,1.1157619953155518,-5.611971855163574,-0.4920949935913086,0.7746023535728455,3.5566763877868652,-1.314761757850647,-0.41094422340393066,-0.2494770735502243,2.178018569946289,0.010305908508598804,1.046714186668396,-1.573534607887268,1.1181296110153198,-1.4709628820419312,0.9306471943855286,-4.695176601409912,2.3176777362823486,-3.0312561988830566,4.916483402252197,-0.23964126408100128,3.8025684356689453,-0.626410722732544
B,1,790,1,1,11,5,-1.0032049417495728,3.8121514320373535,-6.463029384613037,4.0545501708984375,5.277382850646973,10.763708114624023,-3.4993720054626465,-3.6402275562286377,2.9123668670654297,1.071008324623108,1.1550967693328857,-5.77171516418457,-0.9728049039840698,0.48079052567481995,3.446427583694458,-1.4999034404754639,-0.7431444525718689,-0.33133989572525024,1.8533384799957275,0.056654781103134155,0.9413028955459595,-1.5284407138824463,1.1550023555755615,-1.522841215133667,0.7890840768814087,-5.366664409637451,2.263981342315674,-3.5674431324005127,5.271251678466797,-0.2864852249622345,4.027477741241455,-0.5421847105026245
B,1,790,1,1,12,4,-1.1626771688461304,4.184786796569824,-6.713979721069336,4.3349609375,4.922865390777588,11.447518348693848,-4.032262325286865,-4.189324855804443,2.6210241317749023,1.3604522943496704,0.9643321633338928,-5.934379577636719,-1.32110595703125,0.5934247374534607,3.4307804107666016,-1.7823634147644043,-0.6259821653366089,-0.05115829035639763,2.2265727519989014,-0.20768466591835022,0.9095618724822998,-1.7715728282928467,1.459921956062317,-1.661710500717163,0.7080082297325134,-5.111660003662109,1.9351162910461426,-3.8175301551818848,5.175412654876709,-0.2167365998029709,4.369274139404297,0.015948999673128128
B,1,790,1,1,13,7,-1.31690514087677,4.126753330230713,-6.280616283416748,4.062180995941162,4.8151960372924805,11.400588989257812,-3.511165142059326,-4.21248722076416,2.7695858478546143,1.437723994255066,1.1688889265060425,-6.233933925628662,-0.6478182673454285,0.8590094447135925,3.7300617694854736,-1.5462161302566528,-0.5378971695899963,-0.15654873847961426,2.3882272243499756,-0.09377740323543549,1.1521967649459839,-1.8938676118850708,1.3417531251907349,-1.6386686563491821,0.8361515402793884,-5.1598405838012695,2.3039724826812744,-3.481142282485962,5.425729274749756,-0.19338694214820862,4.4836554527282715,-0.4056352972984314
B,1,790,1,2,9,4,-1.004854679107666,3.578345775604248,-6.092031478881836,3.8838605880737305,5.458499431610107,10.261096954345703,-3.145750045776367,-3.345303535461426,3.1736843585968018,0.7340791821479797,1.3100351095199585,-5.747973918914795,-0.716488242149353,0.4052298963069916,3.3667197227478027,-1.2785724401474,-0.716414749622345,-0.45140230655670166,1.7292048931121826,0.35266727209091187,0.9574577212333679,-1.378227949142456,1.0298234224319458,-1.4531868696212769,0.8653906583786011,-5.526252746582031,2.398689031600952,-3.41780161857605,5.3750457763671875,-0.3749862313270569,3.901607036590576,-0.8832359313964844
B,1,790,1,2,10,5,-0.8832467198371887,3.4825031757354736,-6.015347957611084,3.964836835861206,5.083767414093018,9.981496810913086,-3.3598484992980957,-3.369802951812744,2.876256227493286,0.9603222608566284,1.045081615447998,-5.496121406555176,-0.8990402221679688,0.32435446977615356,3.252399444580078,-1.418887734413147,-0.608955442905426,-0.3539141118526459,1.7543445825576782,-0.04508943110704422,0.67327880859375,-1.3308765888214111,1.1186434030532837,-1.2718565464019775,0.7963038682937622,-5.182254791259766,2.2477059364318848,-3.464517116546631,4.955394744873047,-0.2080642431974411,3.774540662765503,-0.4403199553489685
B,1,790,1,2,11,5,-1.161228895187378,4.3030104637146,-6.31767463684082,3.92413592338562,4.661437034606934,11.33238410949707,-3.4281914234161377,-4.175187110900879,2.6732401847839355,1.4589431285858154,1.141700267791748,-6.015692710876465,-0.8015878796577454,0.9032804369926453,3.6690590381622314,-1.5687227249145508,-0.515748143196106,-0.11690898984670639,2.350522518157959,0.0014129399787634611,1.2371524572372437,-1.8589805364608765,1.2666146755218506,-1.786440134048462,0.9223271608352661,-4.9678215980529785,2.2010250091552734,-3.3473594188690186,5.2418413162231445,-0.31349438428878784,4.251665115356445,-0.46122050285339355
B,1,790,1,2,12,5,-1.2438563108444214,4.097945213317871,-6.344606399536133,4.0998711585998535,4.789881229400635,11.192784309387207,-3.606299638748169,-4.110696315765381,2.6635258197784424,1.417211651802063,1.0652587413787842,-6.005866050720215,-0.8610264658927917,0.759294867515564,3.5746121406555176,-1.6224676370620728,-0.5735726952552795,-0.12128658592700958,2.2800517082214355,-0.1175973191857338,1.0689674615859985,-1.817291259765625,1.3106175661087036,-1.6288731098175049,0.7971988320350647,-5.067208290100098,2.1678223609924316,-3.5180201530456543,5.212261199951172,-0.2213786393404007,4.318045139312744,-0.2767143249511719
B,1,790,1,2,13,7,-1.294525146484375,4.200089454650879,-6.429780006408691,4.068459510803223,4.978392124176025,11.495092391967773,-3.4360692501068115,-4.189914226531982,2.839101791381836,1.4307819604873657,1.22276771068573,-6.250708103179932,-0.6360602974891663,0.8838780522346497,3.757965326309204,-1.5499190092086792,-0.5925325751304626,-0.20213088393211365,2.3037750720977783,0.02631564252078533,1.2410722970962524,-1.8789033889770508,1.2982027530670166,-1.7451245784759521,0.8929279446601868,-5.2851433753967285,2.334782838821411,-3.467146396636963,5.507428169250488,-0.2641468942165375,4.467112064361572,-0.5092898011207581
B,1,790,2,1,9,5,-0.8829941749572754,3.5486137866973877,-5.8623127937316895,3.812260389328003,4.944255828857422,9.841630935668945,-3.2180633544921875,-3.2813796997070312,2.7919375896453857,1.032004475593567,1.0684258937835693,-5.431726932525635,-0.7834453582763672,0.3555649518966675,3.3186638355255127,-1.38771653175354,-0.6135362386703491,-0.40549248456954956,1.827402114868164,0.0341743640601635,0.6946520209312439,-1.3615728616714478,1.0131648778915405,-1.1538515090942383,0.7442605495452881,-5.024128437042236,2.2544028759002686,-3.3925979137420654,4.795283794403076,-0.24780488014221191,3.6354408264160156,-0.5291274785995483
B,1,790,2,1,10,5,-1.0937739610671997,4.07350492477417,-6.10006856918335,3.8358142375946045,4.3643479347229,10.680292129516602,-3.412909984588623,-3.861119508743286,2.3997631072998047,1.5095086097717285,0.9941784143447876,-5.662107944488525,-0.8819776773452759,0.7486188411712646,3.4834818840026855,-1.5858570337295532,-0.5546461343765259,-0.18200187385082245,2.2794790267944336,-0.12750081717967987,0.9852250218391418,-1.7235233783721924,1.1788673400878906,-1.4703646898269653,0.7971062660217285,-4.68065881729126,2.0616455078125,-3.352475643157959,4.792271614074707,-0.2610153257846832,3.964210033416748,-0.267098993062973
B,1,790,2,1,11,4,-1.1122934818267822,4.096183776855469,-6.550994396209717,4.037524700164795,4.84096622467041,11.0150785446167,-3.614015579223633,-3.86983060836792,2.6109161376953125,1.4053215980529785,1.0158344507217407,-5.805816650390625,-1.10471773147583,0.6603882908821106,3.462425470352173,-1.677615761756897,-0.690269947052002,-0.23238304257392883,2.099972724914551,-0.024602781981229782,0.9431066513061523,-1.7267963886260986,1.2218029499053955,-1.5509355068206787,0.7642267942428589,-5.0872416496276855,2.0983874797821045,-3.5886316299438477,5.072607040405273,-0.3074595034122467,4.076244354248047,-0.34585803747177124
B,1,790,2,1,12,4,-1.1901174783706665,4.35899019241333,-6.524322032928467,3.961146831512451,4.5596723556518555,11.561239242553711,-3.6200318336486816,-4.258544921875,2.506399154663086,1.5334736108779907,1.1241289377212524,-6.058733940124512,-0.9966707229614258,0.9239771962165833,3.6576931476593018,-1.6442598104476929,-0.5813047289848328,-0.145466148853302,2.448801040649414,0.01993093639612198,1.1886779069900513,-1.8863036632537842,1.3708605766296387,-1.7268099784851074,0.8621259331703186,-4.939235210418701,2.009878635406494,-3.5038914680480957,5.267899513244629,-0.301265150308609,4.330450057983398,-0.2975212037563324
B,1,790,2,1,13,7,-1.1211247444152832,3.9541537761688232,-6.8211750984191895,4.329681873321533,5.310755729675293,11.284917831420898,-3.8735320568084717,-3.964956283569336,2.881944179534912,1.1552687883377075,1.1079193353652954,-5.977053642272949,-1.2713488340377808,0.45191726088523865,3.415661096572876,-1.6909631490707397,-0.7549757361412048,-0.22857056558132172,1.9630917310714722,0.0025857326108962297,0.8925550580024719,-1.6430140733718872,1.3341625928878784,-1.5713045597076416,0.7635316252708435,-5.510857105255127,2.0724596977233887,-3.8391337394714355,5.4431304931640625,-0.281150758266449,4.291194438934326,-0.2545182704925537
B,1,790,2,2,9,4,-0.9464185833930969,3.6656696796417236,-6.127665996551514,4.005688667297363,5.206422805786133,10.30218505859375,-3.3287103176116943,-3.480475902557373,2.9325859546661377,0.8811882734298706,1.1617158651351929,-5.600471496582031,-0.9334471225738525,0.3253951668739319,3.361158609390259,-1.467466115951538,-0.6762340068817139,-0.3699527382850647,1.8419760465621948,0.157821923494339,0.8329340219497681,-1.3934807777404785,1.026274561882019,-1.3440837860107422,0.782431960105896,-5.28389835357666,2.2288401126861572,-3.5263235569000244,5.103808403015137,-0.3839415907859802,3.806001663208008,-0.5469316244125366
B,1,790,2,2,10,5,-1.0133734941482544,3.794438123703003,-6.030706405639648,3.822957992553711,4.797597408294678,10.35041332244873,-3.22770619392395,-3.5493030548095703,2.706202507019043,1.2399711608886719,1.0907288789749146,-5.6442670822143555,-0.7281211018562317,0.5770543217658997,3.492276430130005,-1.4465054273605347,-0.6363124847412109,-0.3399556279182434,2.040102243423462,-0.00023953468189574778,0.9161262512207031,-1.5799188613891602,1.0679128170013428,-1.3629438877105713,0.7918967008590698,-4.985680103302002,2.2848544120788574,-3.3368732929229736,4.955357551574707,-0.25960469245910645,3.8693203926086426,-0.5265220403671265
B,1,790,2,2,11,5,-1.0910696983337402,3.888230800628662,-6.400181770324707,4.066539764404297,5.049914360046387,10.875170707702637,-3.5381271839141846,-3.7677788734436035,2.762491464614868,1.1893751621246338,1.1076236963272095,-5.802360534667969,-0.9845900535583496,0.5429716110229492,3.503570079803467,-1.5695321559906006,-0.7051375508308411,-0.3026197850704193,2.026585102081299,0.024444466456770897,0.9161660075187683,-1.608554482460022,1.1942389011383057,-1.4592812061309814,0.7713708877563477,-5.254329204559326,2.1775670051574707,-3.6049957275390625,5.20427942276001,-0.28696513175964355,4.077003002166748,-0.43442854285240173
B,1,790,2,2,12,4,-1.392570972442627,4.587054252624512,-6.74825382232666,4.191495895385742,4.657797813415527,11.938482284545898,-3.785940170288086,-4.4563798904418945,2.532911777496338,1.6693456172943115,1.0186816453933716,-6.168588638305664,-1.1302697658538818,0.8832504749298096,3.6840553283691406,-1.855614185333252,-0.650097131729126,-0.016009774059057236,2.469247579574585,0.0006805099546909332,1.2061253786087036,-2.086824655532837,1.3540035486221313,-1.827338457107544,0.8428778052330017,-5.0485358238220215,1.985162615776062,-3.646557569503784,5.286159515380859,-0.36742737889289856,4.466127395629883,-0.21478860080242157
B,1,790,2,2,13,8,-1.253568410873413,4.18904972076416,-6.945847034454346,4.450872421264648,5.387087821960449,11.632308959960938,-3.9405081272125244,-4.112696170806885,2.8643393516540527,1.2977919578552246,1.035083293914795,-6.073937892913818,-1.300584077835083,0.49872663617134094,3.527632713317871,-1.8413288593292236,-0.8151113986968994,-0.17750334739685059,2.025552749633789,0.011454012244939804,0.9488732814788818,-1.8094463348388672,1.3374089002609253,-1.6687452793121338,0.7556399703025818,-5.559067726135254,2.073233127593994,-3.93062424659729,5.445903301239014,-0.31305164098739624,4.431154251098633,-0.2303362339735031
B,1,790,3,1,9,4,-0.6299111247062683,2.9562439918518066,-6.737305164337158,4.539417743682861,6.575081825256348,9.799291610717773,-3.8018031120300293,-2.8064262866973877,3.5253257751464844,0.04299246519804001,1.2024143934249878,-5.307134628295898,-1.6081454753875732,-0.5002460479736328,2.8363165855407715,-1.4620078802108765,-1.0522325038909912,-0.6246852278709412,0.9025812149047852,0.27658146619796753,0.3179343342781067,-0.7768973112106323,1.0757473707199097,-1.1315786838531494,0.6740121245384216,-6.2329840660095215,2.158770799636841,-4.148287296295166,5.422970771789551,-0.3761182129383087,3.668466091156006,-0.505811333656311
B,1,790,3,1,10,5,-0.7881439924240112,3.35547137260437,-6.146056175231934,4.009127616882324,5.163514137268066,9.919668197631836,-3.4562199115753174,-3.320172071456909,2.8518643379211426,0.8716570138931274,1.070164680480957,-5.406188011169434,-1.0453542470932007,0.2648993134498596,3.129695415496826,-1.4191410541534424,-0.6564719676971436,-0.39756089448928833,1.6113765239715576,-0.10510995239019394,0.636461615562439,-1.2074824571609497,1.154314637184143,-1.2526788711547852,0.7391571998596191,-5.2337822914123535,2.191098690032959,-3.521127223968506,4.997574806213379,-0.20828843116760254,3.760305881500244,-0.3677295744419098
B,1,790,3,1,11,5,-0.8182207345962524,3.4810421466827393,-6.785365104675293,4.34754753112793,5.652792930603027,10.396709442138672,-3.8865718841552734,-3.3665566444396973,2.9490628242492676,0.8950750231742859,0.9983380436897278,-5.500755310058594,-1.4524105787277222,0.08669037371873856,3.1391825675964355,-1.656506896018982,-0.8574960827827454,-0.3943456709384918,1.4773849248886108,-0.10019107908010483,0.528430163860321,-1.2854483127593994,1.1749355792999268,-1.279910683631897,0.6006799340248108,-5.593023777008057,2.126491069793701,-3.928206205368042,5.116026878356934,-0.21655014157295227,3.857032060623169,-0.2538367211818695
B,1,790,3,1,12,4,-1.2840285301208496,4.220495223999023,-6.9545440673828125,4.578563690185547,5.285476207733154,11.422344207763672,-4.117413520812988,-4.053180694580078,2.760497570037842,1.334376335144043,0.8607277274131775,-5.895205974578857,-1.47674560546875,0.3848595917224884,3.361967086791992,-1.9726159572601318,-0.7708538174629211,-0.056060709059238434,1.981574296951294,-0.1526843011379242,0.8041412830352783,-1.8174585103988647,1.317083477973938,-1.630500078201294,0.6445223093032837,-5.387287139892578,1.9744231700897217,-4.025397777557373,5.090945243835449,-0.3119349479675293,4.348060607910156,-0.008613094687461853
B,1,790,3,1,13,9,-1.133956789970398,3.6967005729675293,-6.664558410644531,4.330038070678711,5.692738056182861,11.092473983764648,-3.7034597396850586,-3.8184971809387207,3.1717512607574463,0.9052461981773376,1.2339529991149902,-6.069166660308838,-1.014561414718628,0.37708112597465515,3.408513069152832,-1.5347803831100464,-0.7669728398323059,-0.3306920528411865,1.7735247611999512,0.09660741686820984,0.8977336883544922,-1.5176149606704712,1.3147648572921753,-1.535388469696045,0.7722763419151306,-5.796264171600342,2.248049020767212,-3.8202900886535645,5.697497844696045,-0.23705588281154633,4.384314060211182,-0.46402761340141296
B,1,790,3,2,9,4,-0.8888924717903137,3.416149854660034,-6.191877365112305,3.78100848197937,5.783798694610596,10.09019660949707,-3.033372163772583,-3.07285737991333,3.2958571910858154,0.5484565496444702,1.3483316898345947,-5.617015838623047,-0.7382266521453857,0.3485203981399536,3.33335280418396,-1.2286951541900635,-0.8336094617843628,-0.6399761438369751,1.4491281509399414,0.5894113779067993,0.8553780317306519,-1.191713809967041,0.9459748864173889,-1.3691504001617432,0.8563452959060669,-5.763900279998779,2.4277265071868896,-3.4551191329956055,5.472610950469971,-0.42765918374061584,3.7058486938476562,-1.1239778995513916
B,1,790,3,2,10,5,-0.9016014933586121,3.5313003063201904,-5.941773414611816,3.8728041648864746,5.001234531402588,10.11133098602295,-3.260690212249756,-3.4811999797821045,2.842994451522827,1.0186409950256348,1.109107255935669,-5.552120208740234,-0.7730422019958496,0.4583989679813385,3.3023910522460938,-1.3572256565093994,-0.582207441329956,-0.3410184383392334,1.7912555932998657,-0.037687987089157104,0.8116381764411926,-1.3471534252166748,1.139371395111084,-1.3603429794311523,0.8334783315658569,-5.102639198303223,2.2707364559173584,-3.3449645042419434,5.050422668457031,-0.20176593959331512,3.829148530960083,-0.5148063898086548
B,1,790,3,2,11,5,-0.8661484718322754,3.197690486907959,-7.727793216705322,5.285497665405273,6.742901802062988,10.465023040771484,-4.806852340698242,-3.222388744354248,3.2358314990997314,0.20499102771282196,0.8078826665878296,-5.162054538726807,-2.6959898471832275,-0.8403302431106567,2.37850284576416,-2.067356586456299,-1.2886810302734375,-0.2853061556816101,0.691604495048523,-0.03171083331108093,0.10676252841949463,-0.9791761636734009,1.3574590682983398,-1.366581678390503,0.39358699321746826,-6.340619087219238,1.610979676246643,-4.816097259521484,5.290482997894287,-0.38470354676246643,3.9768307209014893,0.3039516806602478
B,1,790,3,2,12,5,-1.0451700687408447,3.7886574268341064,-6.908402919769287,4.481727600097656,5.366041660308838,10.754292488098145,-4.124898910522461,-3.733064651489258,2.7028121948242188,1.0377249717712402,0.8406726717948914,-5.473700523376465,-1.7565454244613647,0.13965657353401184,2.9548847675323486,-1.873897910118103,-0.8272334337234497,-0.1360139548778534,1.5845277309417725,-0.11279477179050446,0.6205307841300964,-1.4698505401611328,1.3356659412384033,-1.524462103843689,0.5731256008148193,-5.3549699783325195,1.7619450092315674,-4.008698463439941,4.995704650878906,-0.29626691341400146,4.0539093017578125,0.07851705700159073
B,1,790,3,2,13,6,-1.12575101852417,3.784761667251587,-6.462264537811279,4.176403045654297,5.361145496368408,11.018876075744629,-3.5426998138427734,-3.865928888320923,2.977959632873535,1.106268048286438,1.1843351125717163,-5.9786858558654785,-0.8793976902961731,0.5162459015846252,3.495727300643921,-1.519140601158142,-0.6891873478889465,-0.29531797766685486,1.895853042602539,0.019340792670845985,0.9655801653862,-1.596181869506836,1.2909380197525024,-1.5384169816970825,0.795617401599884,-5.478219985961914,2.263181686401367,-3.631437063217163,5.49777364730835,-0.22012092173099518,4.280319690704346,-0.4398711621761322
B,2,252,1,1,9,4,1.967003583908081,-6.076872825622559,7.010176181793213,-3.404123544692993,-8.458745002746582,6.596001148223877,-3.600860595703125,-7.2735395431518555,-8.561877250671387,3.0399560928344727,-4.406475067138672,-1.9483399391174316,2.08137583732605,-3.424088954925537,-10.49351692199707,-3.9975433349609375,5.122043132781982,10.023767471313477,1.6756521463394165,3.8681535720825195,-6.308800220489502,2.700360059738159,-4.97088098526001,-0.9758090972900391,2.8145341873168945,2.2939395904541016,8.03586196899414,2.1229147911071777,-7.861263275146484,-6.023720741271973,5.590134143829346,-6.8427414894104
B,2,252,1,1,10,5,2.3904831409454346,-6.045493125915527,7.104801177978516,-3.5993690490722656,-8.295299530029297,6.076631546020508,-3.1765317916870117,-6.863766670227051,-8.403393745422363,2.9343953132629395,-4.779427528381348,-1.8636837005615234,2.3450140953063965,-3.6828815937042236,-10.069637298583984,-3.9726920127868652,5.0075201988220215,9.741355895996094,1.5812559127807617,3.8540477752685547,-5.945384979248047,2.5542359352111816,-4.940465450286865,-1.0663586854934692,2.966627597808838,2.197803020477295,8.216670036315918,2.4013328552246094,-7.912986755371094,-5.519906044006348,5.107780933380127,-6.702729225158691
B,2,252,1,1,11,5,2.418362855911255,-6.504110813140869,7.869936466217041,-3.7540059089660645,-9.027597427368164,6.76831579208374,-3.294179916381836,-7.507541656494141,-9.24122428894043,2.8578498363494873,-5.407123565673828,-1.9223397970199585,3.050696611404419,-4.19716739654541,-10.869550704956055,-4.402590751647949,5.425159454345703,10.752153396606445,1.4728410243988037,4.814695835113525,-6.0389909744262695,2.4566922187805176,-5.277270793914795,-1.4247682094573975,3.6074516773223877,2.2561163902282715,9.05250072479248,2.5687007904052734,-8.614007949829102,-5.8929338455200195,5.258622169494629,-6.7581586837768555
B,2,252,1,1,12,4,2.4982666969299316,-6.656065940856934,8.05230712890625,-3.6690783500671387,-9.550288200378418,6.789884567260742,-3.4708333015441895,-7.481574535369873,-9.375898361206055,2.9154698848724365,-5.4950690269470215,-2.099611520767212,3.145462989807129,-4.348365783691406,-10.92979621887207,-4.43687629699707,5.515974044799805,10.736117362976074,1.458830714225769,4.857425689697266,-5.8558244705200195,2.659989595413208,-5.055137634277344,-1.302453875541687,3.8510220050811768,2.276850700378418,9.07419490814209,2.6403355598449707,-8.670278549194336,-6.054863929748535,5.266760349273682,-6.65963888168335
B,2,252,1,1,13,5,2.474782943725586,-6.720264434814453,8.065485954284668,-3.684375762939453,-9.702021598815918,7.018601894378662,-3.5943961143493652,-7.641417026519775,-9.456306457519531,2.9843480587005615,-5.436201572418213,-2.1624069213867188,2.9963412284851074,-4.297426700592041,-11.243462562561035,-4.536686897277832,5.593509197235107,10.898463249206543,1.581126093864441,4.798561096191406,-6.140377044677734,2.7748661041259766,-5.179190635681152,-1.2918123006820679,3.7088074684143066,2.3505122661590576,9.11650276184082,2.612488269805908,-8.765928268432617,-6.333614349365234,5.529110908508301,-7.019423484802246
B,2,252,1,2,9,4,1.8448171615600586,-6.1233320236206055,7.127412796020508,-3.3505654335021973,-8.707756042480469,6.840449333190918,-3.855424404144287,-7.469862937927246,-8.660393714904785,3.0018529891967773,-4.25729513168335,-1.9423584938049316,2.0907397270202637,-3.4511425495147705,-10.661598205566406,-4.048273086547852,5.230586051940918,10.162433624267578,1.664111852645874,4.044954299926758,-6.3530449867248535,2.799098014831543,-4.917228698730469,-1.023584008216858,2.8921961784362793,2.2877402305603027,7.958545684814453,2.0815865993499756,-7.8363037109375,-6.184205055236816,5.690449237823486,-6.8253889083862305
B,2,252,1,2,10,5,2.4558091163635254,-6.077853679656982,7.064568996429443,-3.4229016304016113,-8.655313491821289,5.924273490905762,-3.3361639976501465,-6.529402732849121,-8.14643383026123,2.915619373321533,-4.6509108543396,-1.9867489337921143,2.2496280670166016,-3.6615662574768066,-9.8676118850708,-3.8705215454101562,4.914900779724121,9.29649829864502,1.593948483467102,3.719961643218994,-5.61309289932251,2.745638608932495,-4.447643280029297,-0.7869623303413391,3.051309108734131,2.08854341506958,7.943566799163818,2.3720288276672363,-7.634274482727051,-5.530770778656006,4.853673934936523,-6.406742095947266
B,2,252,1,2,11,5,2.472750186920166,-6.590367317199707,7.854358673095703,-3.4597816467285156,-9.602147102355957,6.40326452255249,-3.4257442951202393,-6.968173027038574,-8.956663131713867,2.8525230884552,-5.525608539581299,-2.1920509338378906,3.158231019973755,-4.282130241394043,-10.355053901672363,-4.181100368499756,5.326350212097168,10.165066719055176,1.4308416843414307,4.586684226989746,-5.242780685424805,2.6516525745391846,-4.45325231552124,-0.9250181317329407,4.0347418785095215,2.1927330493927,8.747859001159668,2.573629140853882,-8.19571304321289,-5.775130271911621,4.842930316925049,-5.976349830627441
B,2,252,1,2,12,3,2.285121440887451,-6.425498962402344,7.637776851654053,-3.506929636001587,-9.155936241149902,6.549947261810303,-3.435175895690918,-7.139581203460693,-8.892544746398926,2.8263957500457764,-5.233150482177734,-2.0579187870025635,2.8854382038116455,-4.073896884918213,-10.425381660461426,-4.188101291656494,5.315816402435303,10.221147537231445,1.5002082586288452,4.439117431640625,-5.636415004730225,2.5952765941619873,-4.725208759307861,-1.0405904054641724,3.678318977355957,2.2092573642730713,8.600887298583984,2.429701089859009,-8.150402069091797,-5.808360576629639,5.106786727905273,-6.262979984283447
B,2,252,1,2,13,8,2.5514230728149414,-6.9689860343933105,8.462096214294434,-3.6212732791900635,-10.282431602478027,7.069539546966553,-3.678412437438965,-7.560938835144043,-9.634013175964355,2.8622922897338867,-5.800325393676758,-2.2613513469696045,3.438577175140381,-4.609994888305664,-11.207857131958008,-4.598402976989746,5.697190284729004,10.923972129821777,1.4462023973464966,5.196815490722656,-5.661984443664551,2.7693891525268555,-4.836923599243164,-1.240278720855713,4.2884392738342285,2.2493739128112793,9.352132797241211,2.7289891242980957,-8.847180366516113,-6.3034162521362305,5.1737236976623535,-6.491077899932861
B,2,252,2,1,9,4,1.2410491704940796,-5.880039691925049,6.481174945831299,-3.3365848064422607,-7.832242965698242,7.553049087524414,-4.266136646270752,-8.175379753112793,-8.46920108795166,3.2972278594970703,-3.2997164726257324,-2.0436058044433594,0.8883644938468933,-2.611969470977783,-11.383237838745117,-4.1337056159973145,5.258195877075195,10.394783973693848,2.079327344894409,3.377652168273926,-7.945804595947266,2.9085230827331543,-5.807211875915527,-0.9603893160820007,1.6329362392425537,2.6418075561523438,7.778746604919434,1.5512973070144653,-7.886080741882324,-6.939429759979248,6.9474687576293945,-8.155171394348145
B,2,252,2,1,10,6,1.7735413312911987,-5.894482135772705,6.67063570022583,-3.559997320175171,-7.770381927490234,6.8300557136535645,-3.65356707572937,-7.55267858505249,-8.392059326171875,3.095842123031616,-3.9529764652252197,-1.8807464838027954,1.4893730878829956,-3.053744077682495,-10.747206687927246,-4.069882869720459,5.126220703125,10.059185981750488,1.8553638458251953,3.4626235961914062,-7.164497375488281,2.712265968322754,-5.564838409423828,-1.0556954145431519,2.0998809337615967,2.4601449966430664,7.958096981048584,1.9514285326004028,-7.898490905761719,-6.196252346038818,6.161886692047119,-7.635961055755615
B,2,252,2,1,11,5,2.26069712638855,-6.153839111328125,7.126158237457275,-3.6378655433654785,-8.4244384765625,6.312918663024902,-3.169631242752075,-7.1144280433654785,-8.775944709777832,2.958296298980713,-5.030795097351074,-1.8992462158203125,2.601943016052246,-3.767230987548828,-10.317498207092285,-4.112505912780762,5.131545066833496,10.172163963317871,1.4909746646881104,4.025753021240234,-5.936380863189697,2.5329971313476562,-5.062163352966309,-1.0898839235305786,3.1939589977264404,2.340528964996338,8.374902725219727,2.407701015472412,-8.035938262939453,-5.675852298736572,5.303501605987549,-6.663287162780762
B,2,252,2,1,12,4,2.342846632003784,-6.245447635650635,7.381319046020508,-3.63511061668396,-8.677125930786133,6.3606462478637695,-3.228188991546631,-7.133685111999512,-8.876163482666016,2.9233458042144775,-5.108288764953613,-1.9429419040679932,2.758924722671509,-3.9311153888702393,-10.339422225952148,-4.12362003326416,5.206788539886475,10.1614408493042,1.4579927921295166,4.211814880371094,-5.844771862030029,2.5392367839813232,-5.0294108390808105,-1.1403172016143799,3.345327615737915,2.2493889331817627,8.550990104675293,2.4734420776367188,-8.181463241577148,-5.692682266235352,5.1720147132873535,-6.602621555328369
B,2,252,2,1,13,6,2.5098581314086914,-6.845497131347656,8.199511528015137,-3.6983890533447266,-9.854582786560059,6.947897434234619,-3.54412579536438,-7.578787326812744,-9.562073707580566,2.938187599182129,-5.752725124359131,-2.175231695175171,3.275273323059082,-4.432384014129639,-11.139424324035645,-4.553864002227783,5.6280059814453125,10.946494102478027,1.4727916717529297,4.951669692993164,-5.825682163238525,2.722341537475586,-5.012912273406982,-1.2438745498657227,4.080607891082764,2.380974531173706,9.260605812072754,2.705376625061035,-8.781116485595703,-6.227750301361084,5.3171539306640625,-6.639126300811768
B,2,252,2,2,9,4,1.736794352531433,-6.199099540710449,7.0719828605651855,-3.375702381134033,-8.594136238098145,7.026604652404785,-3.904974937438965,-7.6371870040893555,-8.781209945678711,3.057528018951416,-4.231053352355957,-1.9664409160614014,1.9694828987121582,-3.3237195014953613,-10.927351951599121,-4.173967361450195,5.268517017364502,10.322375297546387,1.7166414260864258,3.9885692596435547,-6.700296878814697,2.805551290512085,-5.109971523284912,-0.9976496696472168,2.767831563949585,2.4036049842834473,8.041849136352539,2.022101879119873,-7.93256139755249,-6.382065296173096,5.952032089233398,-7.07794189453125
B,2,252,2,2,10,5,2.009277582168579,-6.173931121826172,7.094180107116699,-3.6050314903259277,-8.272971153259277,6.74204158782959,-3.4784679412841797,-7.497739315032959,-8.86380672454834,3.0358633995056152,-4.588997840881348,-1.8868831396102905,2.21602201461792,-3.522491931915283,-10.728652954101562,-4.221756458282471,5.238348960876465,10.340700149536133,1.6546014547348022,3.9543678760528564,-6.616021633148193,2.6098875999450684,-5.381760120391846,-1.1421444416046143,2.815901279449463,2.4146437644958496,8.360807418823242,2.211677074432373,-8.121566772460938,-6.049355506896973,5.793434143066406,-7.180605888366699
B,2,252,2,2,11,4,2.5878238677978516,-6.912298202514648,8.475258827209473,-3.7187891006469727,-9.996662139892578,6.865054607391357,-3.362889289855957,-7.592899322509766,-9.897385597229004,2.8408451080322266,-6.141371726989746,-2.070854425430298,3.873793125152588,-4.766740798950195,-11.022926330566406,-4.604572772979736,5.739065170288086,11.19277286529541,1.2366899251937866,5.3991289138793945,-5.428709506988525,2.5798044204711914,-4.9794721603393555,-1.4153673648834229,4.582036972045898,2.279393196105957,9.512276649475098,2.8295042514801025,-8.948741912841797,-5.953814506530762,5.075865268707275,-6.218751430511475
B,2,252,2,2,12,4,2.5096073150634766,-6.763705253601074,8.158082008361816,-3.7498655319213867,-9.621509552001953,6.7909722328186035,-3.348738193511963,-7.523565292358398,-9.671655654907227,2.8694517612457275,-5.810662269592285,-2.0209670066833496,3.5297460556030273,-4.477389335632324,-10.97001838684082,-4.498100280761719,5.557600498199463,10.948505401611328,1.2886543273925781,5.102446556091309,-5.651602745056152,2.5783185958862305,-5.045612335205078,-1.345731496810913,4.1823649406433105,2.284728765487671,9.219451904296875,2.758392095565796,-8.765525817871094,-5.96216344833374,5.1257476806640625,-6.430871963500977
B,2,252,2,2,13,8,2.3899714946746826,-6.9008989334106445,8.198652267456055,-3.626171112060547,-10.04798698425293,7.193194389343262,-3.762352466583252,-7.670741081237793,-9.546293258666992,2.9599032402038574,-5.582619667053223,-2.2832977771759033,3.100139617919922,-4.295948028564453,-11.38226318359375,-4.558267593383789,5.612011909484863,10.940524101257324,1.5483537912368774,4.951306343078613,-6.0004472732543945,2.794292449951172,-4.957009315490723,-1.1308714151382446,3.9701626300811768,2.3629045486450195,9.191047668457031,2.592808723449707,-8.763557434082031,-6.515569686889648,5.393106460571289,-6.754409313201904
B,2,252,3,1,9,5,1.9057137966156006,-6.213351249694824,7.490946292877197,-3.2535576820373535,-8.968904495239258,6.931042671203613,-3.770794630050659,-7.56878662109375,-8.902067184448242,2.9282491207122803,-4.486245155334473,-1.991652250289917,2.4463050365448,-3.70164155960083,-10.79723834991455,-4.182943820953369,5.354548454284668,10.373983383178711,1.6200287342071533,4.446588039398193,-6.276993751525879,2.7141647338867188,-5.020514965057373,-1.1886014938354492,3.123504638671875,2.25052809715271,8.300832748413086,2.155395030975342,-8.124943733215332,-6.255369663238525,5.70673942565918,-6.821829319000244
B,2,252,3,1,10,5,2.0120718479156494,-6.282622814178467,7.814778804779053,-3.421466112136841,-9.007246017456055,7.150370121002197,-3.6894137859344482,-7.883199214935303,-9.201211929321289,2.8826122283935547,-4.7797980308532715,-1.959661841392517,2.7334647178649902,-3.9608397483825684,-11.154878616333008,-4.382680416107178,5.544852256774902,10.909181594848633,1.6009067296981812,4.870491027832031,-6.5027265548706055,2.6025588512420654,-5.4170732498168945,-1.5037192106246948,3.2375271320343018,2.26536226272583,8.750109672546387,2.2144651412963867,-8.570276260375977,-6.307313442230225,5.8575263023376465,-7.041278839111328
B,2,252,3,1,11,5,1.6167579889297485,-6.129847049713135,7.3633856773376465,-3.444305419921875,-8.378072738647461,7.59359884262085,-4.0272722244262695,-8.17555046081543,-8.774019241333008,3.013319730758667,-4.08461332321167,-2.0117812156677246,1.7209727764129639,-3.32824969291687,-11.430679321289062,-4.367183685302734,5.492720603942871,10.79084587097168,1.9949182271957397,4.191088676452637,-7.435076713562012,2.6961233615875244,-5.763177394866943,-1.35801100730896,2.3466744422912598,2.468672275543213,8.514448165893555,1.8291518688201904,-8.34655475616455,-6.745898246765137,6.496307373046875,-7.792517185211182
B,2,252,3,1,12,4,1.3668041229248047,-5.851761817932129,6.595271110534668,-3.4927332401275635,-7.669757843017578,7.417346954345703,-3.9831228256225586,-7.902008533477783,-8.417109489440918,2.978107452392578,-3.6181936264038086,-1.8755121231079102,1.1275428533554077,-2.7291858196258545,-11.113574981689453,-4.188602447509766,5.157569885253906,10.194197654724121,1.971205472946167,3.478757858276367,-7.544722080230713,2.7256789207458496,-5.639383792877197,-1.116639494895935,1.8382012844085693,2.5037128925323486,7.809263229370117,1.7254921197891235,-7.782994747161865,-6.693633556365967,6.4375319480896,-7.890711307525635
B,2,252,3,1,13,6,2.0301430225372314,-6.504662990570068,7.898396968841553,-3.728299379348755,-8.861003875732422,7.601873397827148,-3.8032093048095703,-8.307787895202637,-9.385220527648926,3.0061795711517334,-4.802063465118408,-1.8969374895095825,2.4681437015533447,-3.893202781677246,-11.696438789367676,-4.660884380340576,5.701735019683838,11.365089416503906,1.8092540502548218,4.81043004989624,-7.180534362792969,2.611370325088501,-5.917022228240967,-1.6686553955078125,2.958658218383789,2.4517767429351807,9.162667274475098,2.2548859119415283,-8.827027320861816,-6.6276535987854,6.23273229598999,-7.749610900878906
B,2,252,3,2,9,4,1.7123198509216309,-6.242232322692871,7.222787857055664,-3.2390456199645996,-8.814003944396973,7.052667140960693,-3.945034980773926,-7.63525390625,-8.84206771850586,3.039196729660034,-4.298488616943359,-2.036465883255005,2.0954158306121826,-3.4267449378967285,-10.808187484741211,-4.166449546813965,5.360287666320801,10.303537368774414,1.7065565586090088,4.026155948638916,-6.463002681732178,2.840712070465088,-5.008233070373535,-1.0041841268539429,2.937793493270874,2.420610189437866,8.142351150512695,2.0673322677612305,-7.913522720336914,-6.446409702301025,5.957343101501465,-6.946623802185059
B,2,252,3,2,10,5,2.1168739795684814,-6.214053153991699,7.592197418212891,-3.2025885581970215,-9.238686561584473,6.656290531158447,-3.604473114013672,-7.36956787109375,-8.932791709899902,2.9767556190490723,-4.90192985534668,-2.1084601879119873,2.7906582355499268,-3.985750198364258,-10.562360763549805,-4.142978668212891,5.4076666831970215,10.392385482788086,1.5399456024169922,4.517634391784668,-5.7926106452941895,2.7544920444488525,-4.829617500305176,-1.1391770839691162,3.486649751663208,2.2447006702423096,8.473394393920898,2.2352590560913086,-8.192888259887695,-6.071070671081543,5.513256072998047,-6.501904487609863
B,2,252,3,2,11,5,1.6333553791046143,-6.219644069671631,7.395526885986328,-3.2099506855010986,-8.856278419494629,7.327927589416504,-4.003176689147949,-7.747783660888672,-8.755841255187988,2.892019748687744,-4.392372131347656,-2.104919910430908,2.1606667041778564,-3.486201047897339,-10.96155834197998,-4.220343589782715,5.410454750061035,10.469907760620117,1.7873939275741577,4.278642177581787,-6.539881706237793,2.7077438831329346,-5.074469566345215,-1.0871717929840088,2.9726879596710205,2.3430864810943604,8.348440170288086,1.9275041818618774,-8.043264389038086,-6.542393684387207,5.949280738830566,-6.903998374938965
B,2,252,3,2,12,4,1.4021497964859009,-6.090429306030273,7.041090965270996,-3.446214199066162,-8.113183975219727,7.663045883178711,-4.036470890045166,-8.171279907226562,-8.791237831115723,3.0143587589263916,-3.9549264907836914,-1.9682068824768066,1.5818698406219482,-3.0778207778930664,-11.359872817993164,-4.3160624504089355,5.383747100830078,10.700207710266113,1.9534344673156738,3.9315476417541504,-7.469923496246338,2.657726287841797,-5.729587078094482,-1.2194550037384033,2.2457711696624756,2.5204458236694336,8.293243408203125,1.7683991193771362,-8.127510070800781,-6.799602508544922,6.536141872406006,-7.746206283569336
B,2,252,3,2,13,6,2.0341365337371826,-6.565083026885986,7.857124328613281,-3.607902765274048,-9.06533432006836,7.642634868621826,-3.900130271911621,-8.23377513885498,-9.300093650817871,3.065530776977539,-4.790612697601318,-2.0497312545776367,2.3303730487823486,-3.8346478939056396,-11.70576000213623,-4.64175271987915,5.6842803955078125,11.27334213256836,1.8898534774780273,4.6602067947387695,-7.13648796081543,2.692873239517212,-5.756555080413818,-1.4957184791564941,2.9726498126983643,2.483165979385376,9.141194343566895,2.223174571990967,-8.767799377441406,-6.781957149505615,6.274529933929443,-7.739633083343506
B,2,651,1,1,9,4,2.3112857341766357,-6.344595909118652,7.395009994506836,-3.632941961288452,-8.834339141845703,6.344825744628906,-3.267552137374878,-7.082381248474121,-8.963537216186523,2.9240121841430664,-5.095019817352295,-1.8958055973052979,2.868051528930664,-3.916090965270996,-10.39037036895752,-4.093288421630859,5.159849166870117,10.133753776550293,1.3745808601379395,4.276690483093262,-5.736926078796387,2.5871176719665527,-4.847228050231934,-1.0393357276916504,3.4392549991607666,2.205397605895996,8.408141136169434,2.513469696044922,-8.105207443237305,-5.696548938751221,5.054637432098389,-6.438899517059326
B,2,651,1,1,10,5,2.1998496055603027,-6.149481773376465,7.1501312255859375,-3.664883852005005,-8.427328109741211,6.363986492156982,-3.392361879348755,-7.068711280822754,-8.638479232788086,2.856339454650879,-4.703470230102539,-1.7719672918319702,2.423020839691162,-3.6077723503112793,-10.336992263793945,-4.0348052978515625,5.091808319091797,9.924727439880371,1.4697660207748413,4.000613689422607,-6.026699066162109,2.640767812728882,-4.89229679107666,-1.0423927307128906,3.059100389480591,2.2019150257110596,8.093026161193848,2.4027764797210693,-7.863984107971191,-5.690062522888184,5.18116569519043,-6.64080810546875
B,2,651,1,1,11,5,1.870687484741211,-6.037716388702393,6.960478782653809,-3.54956316947937,-8.178851127624512,6.665815830230713,-3.5112156867980957,-7.246650695800781,-8.428400039672852,2.8517065048217773,-4.480356693267822,-1.9622396230697632,2.004148244857788,-3.3898873329162598,-10.425954818725586,-4.051468849182129,5.118707180023193,9.940781593322754,1.709911584854126,3.7321650981903076,-6.405096530914307,2.591099977493286,-5.085151195526123,-0.935856819152832,2.7474350929260254,2.341482639312744,8.067693710327148,2.0634188652038574,-7.827505588531494,-5.938013553619385,5.609997749328613,-6.83254861831665
B,2,651,1,1,12,4,2.22522234916687,-6.362690448760986,7.619485378265381,-3.6287293434143066,-8.902756690979004,6.69300651550293,-3.4059624671936035,-7.4112935066223145,-9.02790641784668,2.921245574951172,-5.190033912658691,-2.039581298828125,2.76590895652771,-4.009728908538818,-10.665548324584961,-4.270857334136963,5.411242485046387,10.516435623168945,1.5487780570983887,4.381730079650879,-6.055183410644531,2.6149990558624268,-5.149761199951172,-1.2076348066329956,3.4336392879486084,2.3525443077087402,8.735815048217773,2.3879427909851074,-8.38382625579834,-5.933943271636963,5.491039276123047,-6.707390785217285
B,2,651,1,1,13,6,2.1688103675842285,-6.374231338500977,7.590658664703369,-3.64872145652771,-8.884573936462402,6.977476596832275,-3.5902769565582275,-7.612506866455078,-9.032591819763184,2.9588797092437744,-5.002643585205078,-2.0744121074676514,2.4703304767608643,-3.8664493560791016,-10.97472858428955,-4.4077839851379395,5.46162748336792,10.598715782165527,1.6744818687438965,4.323967456817627,-6.48716926574707,2.7011919021606445,-5.34752893447876,-1.244672417640686,3.1782100200653076,2.4063971042633057,8.796213150024414,2.309121608734131,-8.473963737487793,-6.2320170402526855,5.740566253662109,-7.163450717926025
B,2,651,1,2,9,4,2.4334444999694824,-6.363905906677246,7.588820457458496,-3.7083001136779785,-8.818163871765137,6.4024128913879395,-3.290292501449585,-7.179436683654785,-8.974830627441406,2.8765554428100586,-5.050878524780273,-1.804107427597046,2.8498566150665283,-3.983891010284424,-10.536287307739258,-4.181439399719238,5.226192474365234,10.218530654907227,1.4273463487625122,4.460200309753418,-5.949019908905029,2.5640296936035156,-5.017520427703857,-1.2403168678283691,3.3748161792755127,2.150362730026245,8.551506042480469,2.5810153484344482,-8.262968063354492,-5.689067840576172,5.074229717254639,-6.676934719085693
B,2,651,1,2,10,5,1.8517265319824219,-5.990220069885254,6.876532554626465,-3.5844924449920654,-8.000550270080566,6.706892490386963,-3.6895804405212402,-7.278916358947754,-8.310223579406738,2.8476791381835938,-4.0527472496032715,-1.7811880111694336,1.7315561771392822,-3.183710813522339,-10.491798400878906,-4.021203517913818,5.046639442443848,9.780726432800293,1.7458858489990234,3.6327641010284424,-6.684805393218994,2.6760852336883545,-5.1027655601501465,-0.9935455322265625,2.4381961822509766,2.2513575553894043,7.813039302825928,2.090729236602783,-7.654582977294922,-5.984646797180176,5.638217449188232,-7.103426456451416
B,2,651,1,2,11,5,1.8534162044525146,-6.374326229095459,7.637611389160156,-3.794405698776245,-8.388150215148926,7.555723667144775,-3.796149492263794,-8.235329627990723,-9.148114204406738,2.881861448287964,-4.61113977432251,-1.84941828250885,2.192166805267334,-3.6581528186798096,-11.486120223999023,-4.615935325622559,5.558114528656006,11.08149242401123,1.8190809488296509,4.550897598266602,-7.345770359039307,2.515355110168457,-5.955604553222656,-1.5872831344604492,2.7768568992614746,2.494417190551758,8.914739608764648,2.163407802581787,-8.633508682250977,-6.4943037033081055,6.223807334899902,-7.724785804748535
B,2,651,1,2,12,3,2.0666182041168213,-6.437439441680908,7.69967794418335,-3.748948812484741,-8.729336738586426,7.22831916809082,-3.7078869342803955,-7.908710479736328,-9.15460205078125,2.9155986309051514,-4.926685810089111,-1.9495797157287598,2.4427595138549805,-3.8330466747283936,-11.188621520996094,-4.5292649269104,5.547997951507568,10.85696029663086,1.6868451833724976,4.513499736785889,-6.778247356414795,2.6291024684906006,-5.579647064208984,-1.430451512336731,3.142106771469116,2.4626970291137695,8.91434097290039,2.321655511856079,-8.561881065368652,-6.320096969604492,5.882741451263428,-7.329858779907227
B,2,651,1,2,13,7,2.151146173477173,-6.412339687347412,7.6461687088012695,-3.750748872756958,-8.756340026855469,7.128146648406982,-3.6176705360412598,-7.852413177490234,-9.19310474395752,2.987043619155884,-4.975106716156006,-1.9625195264816284,2.4672183990478516,-3.8710362911224365,-11.174032211303711,-4.52161169052124,5.557521343231201,10.859907150268555,1.6924669742584229,4.4380202293396,-6.75668478012085,2.6557090282440186,-5.614012241363525,-1.4217545986175537,3.1109206676483154,2.4752004146575928,8.928958892822266,2.346982479095459,-8.599431991577148,-6.277836799621582,5.909862041473389,-7.411751747131348
B,2,651,2,1,9,4,2.6043219566345215,-6.5892863273620605,8.170402526855469,-3.8190441131591797,-9.135468482971191,6.678711414337158,-3.1407766342163086,-7.574326992034912,-9.592158317565918,2.8898072242736816,-5.706381797790527,-1.7920730113983154,3.550184488296509,-4.478426933288574,-10.966034889221191,-4.495553493499756,5.5416388511657715,11.071304321289062,1.338491678237915,5.219631671905518,-5.9466376304626465,2.383875608444214,-5.419270992279053,-1.6760563850402832,3.8682994842529297,2.2000603675842285,9.370930671691895,2.7262041568756104,-8.914862632751465,-5.769381523132324,5.165787220001221,-6.735339164733887
B,2,651,2,1,10,5,2.680502414703369,-6.570858001708984,8.112196922302246,-3.593039035797119,-9.476941108703613,6.298604965209961,-3.1508333683013916,-7.023831367492676,-9.158461570739746,2.8008134365081787,-5.7076029777526855,-1.9630746841430664,3.548893690109253,-4.536951541900635,-10.405632019042969,-4.243380546569824,5.364152431488037,10.40818977355957,1.3051143884658813,4.9867658615112305,-5.235352993011475,2.4759795665740967,-4.709155082702637,-1.3138595819473267,4.088772773742676,2.0523383617401123,9.025997161865234,2.728402614593506,-8.48870849609375,-5.558422088623047,4.664542198181152,-6.06021785736084
B,2,651,2,1,11,5,2.4940879344940186,-6.659538269042969,8.148710250854492,-3.6314311027526855,-9.433076858520508,6.73538875579834,-3.407681703567505,-7.382009029388428,-9.230794906616211,2.7978789806365967,-5.663425445556641,-2.0186550617218018,3.3190758228302,-4.408879280090332,-10.756571769714355,-4.4451904296875,5.516852855682373,10.703218460083008,1.438738465309143,5.029915809631348,-5.69208288192749,2.5037295818328857,-4.960997581481934,-1.3526333570480347,4.022767543792725,2.2186741828918457,9.228922843933105,2.606513738632202,-8.624737739562988,-5.876379489898682,5.036948204040527,-6.349851131439209
B,2,651,2,1,12,4,2.5400710105895996,-6.788943290710449,8.464773178100586,-3.8339338302612305,-9.517265319824219,7.143686294555664,-3.3964028358459473,-7.863067626953125,-9.678667068481445,2.8143486976623535,-5.870748519897461,-1.9579286575317383,3.478998899459839,-4.581698894500732,-11.332229614257812,-4.764730453491211,5.738245964050293,11.34669017791748,1.4698892831802368,5.4384613037109375,-6.129848480224609,2.469663143157959,-5.466705322265625,-1.7098232507705688,4.034653663635254,2.306568145751953,9.699324607849121,2.6779322624206543,-9.123355865478516,-6.142143249511719,5.333806037902832,-6.894700050354004
B,2,651,2,1,13,7,2.621487855911255,-6.792427062988281,8.193766593933105,-3.750934600830078,-9.6292142868042,6.924839496612549,-3.4341704845428467,-7.581629276275635,-9.513374328613281,2.9626498222351074,-5.810283184051514,-2.1225597858428955,3.228271007537842,-4.4451823234558105,-11.13661003112793,-4.655484676361084,5.642787456512451,10.97868824005127,1.509511113166809,4.9499664306640625,-6.002361297607422,2.6587541103363037,-5.22976016998291,-1.4036662578582764,3.9523732662200928,2.3670692443847656,9.49385929107666,2.7031970024108887,-8.903565406799316,-6.175157070159912,5.322769641876221,-6.915271282196045
B,2,651,2,2,9,5,2.450873851776123,-6.439085483551025,7.830725193023682,-3.7275071144104004,-8.935221672058105,6.591055870056152,-3.2270874977111816,-7.466571807861328,-9.354391098022461,2.958024263381958,-5.402077674865723,-1.8033374547958374,3.2121741771698,-4.206197261810303,-10.780973434448242,-4.335140705108643,5.43120002746582,10.791234016418457,1.387540578842163,4.807510852813721,-5.962621212005615,2.497558832168579,-5.272718906402588,-1.4797718524932861,3.619570255279541,2.243699073791504,8.979991912841797,2.599308490753174,-8.593899726867676,-5.789890766143799,5.256173133850098,-6.735329627990723
B,2,651,2,2,10,5,2.5854973793029785,-6.533808708190918,7.924939155578613,-3.6167075634002686,-9.305334091186523,6.315278053283691,-3.211723804473877,-7.042962551116943,-9.117881774902344,2.8504974842071533,-5.603390693664551,-1.9483411312103271,3.379570722579956,-4.370723247528076,-10.363122940063477,-4.218554496765137,5.326552391052246,10.348994255065918,1.3256982564926147,4.7634406089782715,-5.315291404724121,2.5200276374816895,-4.715327262878418,-1.2318204641342163,3.977351427078247,2.1323180198669434,8.904884338378906,2.697838306427002,-8.344572067260742,-5.606623649597168,4.75120210647583,-6.13339900970459
B,2,651,2,2,11,5,2.3676395416259766,-6.413111686706543,7.716688632965088,-3.628286361694336,-8.952667236328125,6.684693813323975,-3.392763137817383,-7.335061550140381,-8.907743453979492,2.8410489559173584,-5.266571998596191,-1.9889625310897827,2.8076870441436768,-4.058548927307129,-10.670412063598633,-4.358743667602539,5.362090587615967,10.468206405639648,1.5787041187286377,4.576710224151611,-5.993889331817627,2.544037342071533,-5.075341701507568,-1.2544077634811401,3.5152268409729004,2.2877132892608643,8.889257431030273,2.4297828674316406,-8.388339042663574,-5.908245086669922,5.251382350921631,-6.678936958312988
B,2,651,2,2,12,4,2.7770233154296875,-6.730421543121338,8.309477806091309,-3.746642827987671,-9.63768482208252,6.760004043579102,-3.2543885707855225,-7.525540351867676,-9.572912216186523,2.9948086738586426,-5.975204944610596,-2.0913467407226562,3.4814226627349854,-4.636516571044922,-11.030770301818848,-4.641024112701416,5.650941848754883,11.046913146972656,1.4272575378417969,5.155834674835205,-5.807450771331787,2.596050262451172,-5.260200500488281,-1.5424220561981201,4.052781105041504,2.2892658710479736,9.668512344360352,2.743762969970703,-9.054866790771484,-6.008219242095947,5.17905330657959,-6.815014839172363
B,2,651,2,2,13,7,2.586254596710205,-6.8657546043396,8.449457168579102,-3.748788356781006,-9.75581169128418,7.1270976066589355,-3.522296190261841,-7.7175445556640625,-9.583998680114746,2.861720323562622,-5.822292804718018,-2.092506170272827,3.3538458347320557,-4.531369209289551,-11.298616409301758,-4.731880187988281,5.695120811462402,11.101285934448242,1.501254677772522,5.265960216522217,-6.061135292053223,2.5968148708343506,-5.261054039001465,-1.526450753211975,4.031948566436768,2.2811620235443115,9.653764724731445,2.692943572998047,-9.03209114074707,-6.264551639556885,5.251101970672607,-6.900956630706787
B,2,651,3,1,9,4,2.2744646072387695,-6.437552452087402,7.536725997924805,-3.507995843887329,-9.04520034790039,6.422874927520752,-3.339528799057007,-7.197288990020752,-9.101161003112793,3.0109667778015137,-5.2203264236450195,-2.0188894271850586,2.978018283843994,-4.024833679199219,-10.454717636108398,-4.110654830932617,5.27557373046875,10.338706970214844,1.4177579879760742,4.378373146057129,-5.6630659103393555,2.597966194152832,-4.839778423309326,-1.0467430353164673,3.645841121673584,2.2797436714172363,8.584031105041504,2.479896306991577,-8.195693016052246,-5.804160118103027,5.205500602722168,-6.322506904602051
B,2,651,3,1,10,5,2.3780126571655273,-6.174944877624512,7.175951957702637,-3.5217337608337402,-8.529436111450195,6.012829303741455,-3.1400742530822754,-6.825000762939453,-8.616848945617676,2.992692470550537,-5.056078910827637,-1.9439582824707031,2.64998197555542,-3.830432176589966,-9.995294570922852,-3.965423583984375,5.0847954750061035,9.840970039367676,1.4721016883850098,3.910902738571167,-5.617943286895752,2.5640811920166016,-4.77773380279541,-0.9750609397888184,3.3164076805114746,2.2655110359191895,8.330174446105957,2.4536991119384766,-7.90524959564209,-5.490882873535156,5.058732032775879,-6.359860897064209
B,2,651,3,1,11,5,2.1231112480163574,-6.2183732986450195,7.222646236419678,-3.493698835372925,-8.567110061645508,6.497206211090088,-3.4368109703063965,-7.125804901123047,-8.592835426330566,2.9283785820007324,-4.841977119445801,-2.0479576587677,2.333867311477661,-3.700502395629883,-10.31515884399414,-4.111926078796387,5.2074480056762695,9.97350025177002,1.6328620910644531,3.8866565227508545,-6.021431922912598,2.636493444442749,-4.90938663482666,-0.9590547680854797,3.148357391357422,2.3643009662628174,8.351799011230469,2.264680862426758,-7.941478729248047,-5.855015754699707,5.430851459503174,-6.631572723388672
B,2,651,3,1,12,4,2.355590343475342,-6.359906196594238,7.673456192016602,-3.562788963317871,-8.945423126220703,6.673547744750977,-3.43990421295166,-7.339531898498535,-8.902960777282715,2.9023964405059814,-5.132381916046143,-2.0419840812683105,2.6709868907928467,-4.030524253845215,-10.648529052734375,-4.344521522521973,5.413454055786133,10.390575408935547,1.6141469478607178,4.412217140197754,-6.083497524261475,2.6430132389068604,-5.119032859802246,-1.2464840412139893,3.3983898162841797,2.316279172897339,8.831169128417969,2.402813196182251,-8.379972457885742,-5.9489521980285645,5.443129062652588,-6.839059829711914
B,2,651,3,1,13,6,2.0883052349090576,-6.445953845977783,7.559727191925049,-3.5936622619628906,-9.01103687286377,7.127700328826904,-3.7676851749420166,-7.656703472137451,-8.981597900390625,2.9564037322998047,-4.811574935913086,-2.128002405166626,2.2825071811676025,-3.7941970825195312,-11.039871215820312,-4.418495178222656,5.47352933883667,10.499707221984863,1.7345342636108398,4.220043182373047,-6.541233539581299,2.782336950302124,-5.25374174118042,-1.1590094566345215,3.113848924636841,2.4365320205688477,8.678948402404785,2.3007137775421143,-8.354446411132812,-6.401896953582764,5.816861629486084,-7.223976135253906
B,2,651,3,2,9,4,2.1570003032684326,-6.360681056976318,7.313440322875977,-3.4930872917175293,-8.835855484008789,6.519006252288818,-3.4677042961120605,-7.240131378173828,-8.926580429077148,3.030916690826416,-4.8843183517456055,-2.003371238708496,2.59028959274292,-3.7842917442321777,-10.454291343688965,-4.087813854217529,5.203969955444336,10.178215980529785,1.5281667709350586,4.107032775878906,-5.913638114929199,2.645794630050659,-4.872708320617676,-0.9675304889678955,3.3412132263183594,2.319326400756836,8.380046844482422,2.375683546066284,-8.024563789367676,-5.933018684387207,5.351903915405273,-6.555573463439941
B,2,651,3,2,10,5,2.3215854167938232,-6.17380428314209,7.12045431137085,-3.5072154998779297,-8.550291061401367,6.072628974914551,-3.2337238788604736,-6.845271110534668,-8.57358455657959,3.0031235218048096,-4.916981220245361,-1.9622323513031006,2.5315346717834473,-3.7560043334960938,-10.017716407775879,-3.9461669921875,5.063831806182861,9.773297309875488,1.5130409002304077,3.8312153816223145,-5.673793315887451,2.6174190044403076,-4.740548133850098,-0.9020530581474304,3.236295700073242,2.2634570598602295,8.241628646850586,2.409080982208252,-7.828182220458984,-5.576128959655762,5.100489139556885,-6.410270690917969
B,2,651,3,2,11,5,2.097717761993408,-6.357231140136719,7.4417829513549805,-3.5275402069091797,-8.820521354675293,6.742866516113281,-3.511219024658203,-7.3216142654418945,-8.81041431427002,2.8664355278015137,-4.936861991882324,-2.051131248474121,2.532517910003662,-3.8031697273254395,-10.600150108337402,-4.207632541656494,5.280113220214844,10.240036964416504,1.5813170671463013,4.229097366333008,-6.073737144470215,2.5956201553344727,-4.973019599914551,-1.0308915376663208,3.2985548973083496,2.3274829387664795,8.529050827026367,2.2938785552978516,-8.135258674621582,-6.012012958526611,5.410699367523193,-6.624114990234375
B,2,651,3,2,12,4,2.1995229721069336,-6.332029819488525,7.561794281005859,-3.7339277267456055,-8.555644989013672,6.935157775878906,-3.412957191467285,-7.686428070068359,-9.068758010864258,2.9407060146331787,-5.008731365203857,-1.9385690689086914,2.5046277046203613,-3.888833999633789,-10.940583229064941,-4.426300525665283,5.464990139007568,10.731217384338379,1.6618659496307373,4.349757671356201,-6.577316761016846,2.5536041259765625,-5.5772857666015625,-1.426404595375061,3.1076724529266357,2.4478232860565186,8.877201080322266,2.3682589530944824,-8.52710247039795,-6.087451934814453,5.815584182739258,-7.264089584350586
B,2,651,3,2,13,6,1.9224814176559448,-6.392109394073486,7.385427951812744,-3.458550453186035,-9.017247200012207,7.200868606567383,-3.9107296466827393,-7.619017124176025,-8.790031433105469,2.9839065074920654,-4.634583950042725,-2.2749595642089844,1.993536114692688,-3.579643964767456,-11.045187950134277,-4.35703706741333,5.433000087738037,10.368552207946777,1.8499675989151,3.9585561752319336,-6.617671966552734,2.8920090198516846,-5.125996112823486,-0.9179765582084656,2.984328508377075,2.5144898891448975,8.487130165100098,2.1079275608062744,-8.193586349487305,-6.579895496368408,6.005758285522461,-7.21886682510376
B,2,671,1,1,9,4,2.7039105892181396,-6.809992790222168,8.269262313842773,-3.7261621952056885,-9.806010246276855,6.569536209106445,-3.2686357498168945,-7.439174652099609,-9.709543228149414,2.969184637069702,-5.854969024658203,-1.9734489917755127,3.7107205390930176,-4.616177558898926,-10.89499282836914,-4.427097320556641,5.516719341278076,10.875574111938477,1.2138323783874512,5.29720401763916,-5.490031719207764,2.5532078742980957,-4.982594013214111,-1.3951947689056396,4.275789260864258,2.1730237007141113,9.323050498962402,2.86912202835083,-8.8553466796875,-5.829658508300781,4.84944486618042,-6.359878063201904
B,2,671,1,1,10,5,2.69463849067688,-6.6031317710876465,7.997475624084473,-3.7265563011169434,-9.344012260437012,6.32049036026001,-3.0556514263153076,-7.119499206542969,-9.271421432495117,2.8881447315216064,-5.764128684997559,-1.9492700099945068,3.4802932739257812,-4.437221050262451,-10.565092086791992,-4.261532783508301,5.3494367599487305,10.551706314086914,1.306375503540039,4.901291847229004,-5.432490348815918,2.463930606842041,-4.938363075256348,-1.2836896181106567,4.000823020935059,2.166903018951416,9.116511344909668,2.764011859893799,-8.596343994140625,-5.5819807052612305,4.80826473236084,-6.280028343200684
B,2,671,1,1,11,6,2.222043752670288,-6.259923934936523,7.378307342529297,-3.5763511657714844,-8.64188289642334,6.587179183959961,-3.33701491355896,-7.304975509643555,-8.843891143798828,2.98421311378479,-5.013970851898193,-2.0204544067382812,2.533367156982422,-3.805543899536133,-10.583649635314941,-4.175877094268799,5.2680277824401855,10.308004379272461,1.5790934562683105,4.181722640991211,-6.158339023590088,2.554154396057129,-5.177954196929932,-1.1454728841781616,3.1803863048553467,2.3380231857299805,8.6353178024292,2.3357393741607666,-8.272390365600586,-5.909098148345947,5.459356784820557,-6.820311069488525
B,2,671,1,1,12,5,1.9995219707489014,-6.42974853515625,7.471158027648926,-3.6255364418029785,-8.890471458435059,7.163899898529053,-3.652935743331909,-7.775880336761475,-9.270432472229004,3.0187623500823975,-4.936110496520996,-2.0863876342773438,2.463869571685791,-3.7481017112731934,-11.139963150024414,-4.427828311920166,5.463715553283691,10.729771614074707,1.6015008687973022,4.316409111022949,-6.56207799911499,2.6963748931884766,-5.392974376678467,-1.183465600013733,3.1918880939483643,2.4684712886810303,8.749542236328125,2.2802906036376953,-8.46485710144043,-6.394829750061035,5.86889123916626,-7.188568115234375
B,2,671,1,1,13,6,1.9428116083145142,-6.450517177581787,7.512437343597412,-3.600743293762207,-8.941848754882812,7.410950183868408,-3.8361141681671143,-8.032676696777344,-9.306347846984863,3.1253976821899414,-4.75986385345459,-2.143665075302124,2.22558331489563,-3.6809513568878174,-11.445293426513672,-4.525330066680908,5.578547954559326,10.93039321899414,1.7521222829818726,4.273197174072266,-6.980069637298584,2.797311782836914,-5.611047267913818,-1.2447564601898193,2.9639170169830322,2.569489002227783,8.822580337524414,2.1981499195098877,-8.59682846069336,-6.673862457275391,6.239988803863525,-7.612380504608154
B,2,671,1,2,9,4,2.4098711013793945,-6.654145240783691,7.835470199584961,-3.649493455886841,-9.441595077514648,6.688908576965332,-3.4390974044799805,-7.430446147918701,-9.405839920043945,2.9984679222106934,-5.360381603240967,-1.9965174198150635,3.1585662364959717,-4.181294918060303,-10.880921363830566,-4.313710689544678,5.37506103515625,10.608606338500977,1.3427754640579224,4.794980525970459,-5.803521156311035,2.639188289642334,-4.956040382385254,-1.174034833908081,3.7934422492980957,2.2585368156433105,8.865622520446777,2.6447625160217285,-8.501151084899902,-6.021907329559326,5.123199462890625,-6.567752838134766
B,2,671,1,2,10,5,2.5073208808898926,-6.759603977203369,8.094606399536133,-3.7338626384735107,-9.551939964294434,6.725504398345947,-3.3325066566467285,-7.4480390548706055,-9.543972969055176,2.8945021629333496,-5.680699825286865,-1.9994980096817017,3.449523448944092,-4.383742809295654,-10.953975677490234,-4.411396503448486,5.468343257904053,10.8197660446167,1.3032448291778564,5.045622825622559,-5.716399192810059,2.5382614135742188,-5.041107177734375,-1.2939198017120361,4.038053035736084,2.237867832183838,9.177360534667969,2.7283942699432373,-8.70368480682373,-5.9326982498168945,5.049353122711182,-6.449285984039307
B,2,671,1,2,11,5,2.3277089595794678,-6.486891746520996,7.786726951599121,-3.7133712768554688,-8.969808578491211,6.828265190124512,-3.3544585704803467,-7.550398349761963,-9.2293119430542,2.9137165546417236,-5.304045677185059,-1.9619060754776,2.899120807647705,-4.110611915588379,-10.906972885131836,-4.393944263458252,5.456330299377441,10.724821090698242,1.498361587524414,4.65054178237915,-6.166268348693848,2.518972158432007,-5.316476345062256,-1.394363284111023,3.4825186729431152,2.3307104110717773,8.976865768432617,2.5188405513763428,-8.593066215515137,-5.99375057220459,5.434746265411377,-6.868016242980957
B,2,671,1,2,12,4,2.360196113586426,-6.726504325866699,8.187094688415527,-3.7240710258483887,-9.535457611083984,7.272440433502197,-3.6012637615203857,-7.903687477111816,-9.632587432861328,2.920182228088379,-5.399634838104248,-2.072054624557495,3.022136926651001,-4.311647891998291,-11.42329216003418,-4.682375907897949,5.685248374938965,11.102859497070312,1.5437188148498535,5.029884338378906,-6.392158508300781,2.665754795074463,-5.441173553466797,-1.5065109729766846,3.6780054569244385,2.3645987510681152,9.297725677490234,2.5657477378845215,-8.958438873291016,-6.395462512969971,5.639025688171387,-7.193853378295898
B,2,671,1,2,13,6,2.5145986080169678,-6.803350925445557,8.235627174377441,-3.840254068374634,-9.545421600341797,7.18496561050415,-3.408129930496216,-7.949241638183594,-9.870765686035156,3.0298919677734375,-5.743282318115234,-2.056168794631958,3.2998363971710205,-4.448568820953369,-11.513331413269043,-4.741671085357666,5.755393981933594,11.419354438781738,1.4641127586364746,5.114811897277832,-6.338764190673828,2.6302731037139893,-5.620720386505127,-1.5757074356079102,3.830279588699341,2.444105863571167,9.60106372833252,2.6887941360473633,-9.160784721374512,-6.316514492034912,5.683536529541016,-7.234043598175049
B,2,671,2,1,9,4,3.103837013244629,-6.510706424713135,8.071364402770996,-3.621065139770508,-9.597074508666992,5.690469741821289,-2.900972366333008,-6.532349586486816,-8.927896499633789,2.888138771057129,-5.789427757263184,-1.9137802124023438,3.6783642768859863,-4.658619403839111,-9.991509437561035,-4.036287307739258,5.168675899505615,9.959449768066406,1.2373106479644775,4.868364334106445,-4.795950889587402,2.53692364692688,-4.410948753356934,-1.1663923263549805,4.125033378601074,1.8904646635055542,8.928962707519531,2.908121347427368,-8.389949798583984,-5.173214912414551,4.150973320007324,-5.87277364730835
B,2,671,2,1,10,5,2.790999174118042,-6.333242893218994,7.738047122955322,-3.7583565711975098,-8.910938262939453,5.983980178833008,-2.900385618209839,-6.8034257888793945,-8.847248077392578,2.7943246364593506,-5.496090412139893,-1.7639659643173218,3.274400234222412,-4.29184103012085,-10.163068771362305,-4.094244956970215,5.114582061767578,10.098278045654297,1.2987290620803833,4.655844211578369,-5.3366241455078125,2.4089627265930176,-4.807858467102051,-1.292845606803894,3.6806273460388184,2.010143756866455,8.760747909545898,2.7503764629364014,-8.30938720703125,-5.278566837310791,4.502915859222412,-6.253118991851807
B,2,671,2,1,11,5,2.8066298961639404,-6.646336555480957,8.231277465820312,-3.7167983055114746,-9.521064758300781,6.246309757232666,-3.0516724586486816,-6.9392991065979,-9.1644926071167,2.683368682861328,-5.8973894119262695,-1.901860237121582,3.7328460216522217,-4.6417365074157715,-10.38149642944336,-4.287487030029297,5.321887016296387,10.387700080871582,1.236116647720337,5.177094459533691,-5.1299943923950195,2.3799266815185547,-4.6836724281311035,-1.3356877565383911,4.245858192443848,1.9681800603866577,9.173372268676758,2.8290610313415527,-8.571019172668457,-5.418532371520996,4.394195556640625,-5.931805610656738
B,2,671,2,1,12,4,2.8602278232574463,-6.751418113708496,8.518929481506348,-3.8762192726135254,-9.572715759277344,6.732551574707031,-3.1922357082366943,-7.503465175628662,-9.519346237182617,2.7955522537231445,-5.9127397537231445,-1.913262128829956,3.5835983753204346,-4.758196830749512,-10.964627265930176,-4.626295566558838,5.619588851928711,10.971315383911133,1.3919403553009033,5.381376266479492,-5.776128768920898,2.462217330932617,-5.287850856781006,-1.7127068042755127,4.076709747314453,2.136807441711426,9.653301239013672,2.868687152862549,-9.080243110656738,-5.791468620300293,4.937994003295898,-6.736906051635742
B,2,671,2,1,13,6,2.9417104721069336,-7.097137451171875,8.980518341064453,-3.937560796737671,-10.28646183013916,7.204391002655029,-3.3445661067962646,-7.924304962158203,-10.14989185333252,2.8952550888061523,-6.294449329376221,-2.0354013442993164,3.9868462085723877,-5.027239799499512,-11.680510520935059,-4.9254679679870605,5.89091682434082,11.671238899230957,1.3512057065963745,5.892238140106201,-5.938591003417969,2.5804460048675537,-5.487781524658203,-1.8358606100082397,4.412734508514404,2.2232885360717773,10.181087493896484,3.0032427310943604,-9.583998680114746,-6.24971342086792,5.164154529571533,-7.033419132232666
B,2,671,2,2,9,4,2.681046724319458,-6.3792314529418945,7.882566928863525,-3.676783323287964,-9.076105117797852,6.2365007400512695,-3.127143383026123,-7.051537990570068,-9.044812202453613,2.8397276401519775,-5.292806625366211,-1.7450878620147705,3.2905659675598145,-4.309565544128418,-10.441965103149414,-4.179976463317871,5.243297100067139,10.266817092895508,1.3288006782531738,4.838072299957275,-5.613823890686035,2.488534450531006,-4.923379898071289,-1.3858346939086914,3.6240930557250977,1.9856231212615967,8.779211044311523,2.693910598754883,-8.42149829864502,-5.4981584548950195,4.7362895011901855,-6.4927544593811035
B,2,671,2,2,10,5,2.593994379043579,-6.651924133300781,8.26784610748291,-3.70611572265625,-9.44472599029541,6.593454837799072,-3.2761528491973877,-7.23681116104126,-9.224727630615234,2.676351547241211,-5.541287422180176,-1.8335227966308594,3.544951915740967,-4.463408946990967,-10.738337516784668,-4.30997371673584,5.352050304412842,10.542943954467773,1.3070919513702393,5.2447333335876465,-5.588881015777588,2.3942713737487793,-4.883914470672607,-1.4243443012237549,3.9498977661132812,1.9613134860992432,9.071822166442871,2.719810962677002,-8.604911804199219,-5.696898460388184,4.651869297027588,-6.257750511169434
B,2,671,2,2,11,5,2.9261903762817383,-6.665125370025635,8.525184631347656,-3.86999249458313,-9.462470054626465,6.503253936767578,-2.9923300743103027,-7.297794342041016,-9.416316032409668,2.657557487487793,-5.963452339172363,-1.7635164260864258,3.8498787879943848,-4.8282623291015625,-10.765198707580566,-4.512106895446777,5.481092929840088,10.836893081665039,1.2623735666275024,5.574460506439209,-5.518420219421387,2.2883896827697754,-5.160400390625,-1.7677419185638428,4.153651714324951,1.951392412185669,9.553359031677246,2.907907485961914,-8.992446899414062,-5.512673377990723,4.562926292419434,-6.420932769775391
B,2,671,2,2,12,5,2.7018423080444336,-6.861666202545166,8.692166328430176,-3.9256300926208496,-9.714658737182617,7.221798896789551,-3.3343169689178467,-7.867255210876465,-9.788155555725098,2.7208054065704346,-5.911195278167725,-1.9051668643951416,3.6553642749786377,-4.741918563842773,-11.468979835510254,-4.8020782470703125,5.711141586303711,11.350918769836426,1.3727039098739624,5.720818519592285,-6.0906805992126465,2.424027919769287,-5.501963138580322,-1.8450521230697632,4.069418907165527,2.141357898712158,9.829106330871582,2.813906192779541,-9.311643600463867,-6.138584136962891,5.090487957000732,-6.978293418884277
B,2,671,2,2,13,8,2.8028879165649414,-7.174795627593994,9.212566375732422,-4.011805534362793,-10.219884872436523,7.650200843811035,-3.4962172508239746,-8.309962272644043,-10.255590438842773,2.791292428970337,-6.133265972137451,-1.9532305002212524,3.929149627685547,-5.047464370727539,-12.091750144958496,-5.096908092498779,5.999946594238281,12.005884170532227,1.4520227909088135,6.240261077880859,-6.39032506942749,2.45971941947937,-5.810443878173828,-2.093817710876465,4.268873691558838,2.2058048248291016,10.358680725097656,2.9257373809814453,-9.800618171691895,-6.472497940063477,5.3751983642578125,-7.3251633644104
B,2,671,3,1,9,5,2.804847240447998,-7.112491607666016,8.970601081848145,-3.5023226737976074,-10.916278839111328,6.677713871002197,-3.4631881713867188,-7.2540740966796875,-9.869791984558105,2.68984055519104,-6.256709098815918,-2.1721832752227783,4.438139915466309,-5.1277360916137695,-10.888528823852539,-4.454593658447266,5.580231666564941,10.812117576599121,0.9937025904655457,6.039294719696045,-4.6295881271362305,2.6067991256713867,-4.25183629989624,-1.3125886917114258,5.089451313018799,1.905334711074829,9.442506790161133,3.001803398132324,-8.898482322692871,-5.920104503631592,4.204715728759766,-5.495566368103027
B,2,671,3,1,10,5,2.789060592651367,-6.920856475830078,8.679105758666992,-3.7107861042022705,-10.137151718139648,6.661497592926025,-3.1832454204559326,-7.2915849685668945,-9.740592002868652,2.6420373916625977,-6.131824493408203,-1.9702637195587158,4.1894211769104,-4.9109907150268555,-10.925936698913574,-4.467863082885742,5.4935126304626465,10.898054122924805,1.050855040550232,5.80482816696167,-5.067837238311768,2.4102275371551514,-4.716689109802246,-1.4923350811004639,4.648707389831543,1.9697357416152954,9.399947166442871,2.9924912452697754,-8.923985481262207,-5.740978240966797,4.448711395263672,-5.906287670135498
B,2,671,3,1,11,5,2.5432090759277344,-7.038002014160156,8.56763744354248,-3.630002498626709,-10.266098022460938,7.005901336669922,-3.568601608276367,-7.42571496963501,-9.658876419067383,2.680117130279541,-5.898221015930176,-2.118253707885742,3.7524566650390625,-4.634596347808838,-11.117300033569336,-4.531731128692627,5.5409088134765625,10.854573249816895,1.2507816553115845,5.5358686447143555,-5.343827247619629,2.563126802444458,-4.615047931671143,-1.271376371383667,4.532105445861816,2.0910487174987793,9.28271484375,2.827585458755493,-8.763985633850098,-6.1292266845703125,4.712355613708496,-6.0272979736328125
B,2,671,3,1,12,5,2.7696573734283447,-7.311314582824707,9.34955883026123,-3.873781681060791,-10.64364242553711,7.617672920227051,-3.4810595512390137,-8.227768898010254,-10.496858596801758,2.6882500648498535,-6.4088263511657715,-2.0613646507263184,4.3412861824035645,-5.2724127769470215,-11.982309341430664,-5.10485315322876,6.022578239440918,12.00126838684082,1.2111625671386719,6.487062931060791,-5.885256767272949,2.4467034339904785,-5.485594272613525,-2.0053467750549316,4.791946887969971,2.172410726547241,10.325458526611328,3.050304412841797,-9.768895149230957,-6.428032875061035,5.157371520996094,-6.790600776672363
B,2,671,3,1,13,7,2.630871295928955,-7.265117168426514,9.18030071258545,-3.838202953338623,-10.560738563537598,7.703248500823975,-3.6353366374969482,-8.225707054138184,-10.328329086303711,2.691453695297241,-6.165335655212402,-2.0817010402679443,4.042786121368408,-5.025867462158203,-12.040369033813477,-5.061079502105713,5.951591491699219,11.855921745300293,1.2880781888961792,6.309005260467529,-6.042122840881348,2.5210494995117188,-5.413329124450684,-1.8755940198898315,4.588383197784424,2.208475112915039,10.090642929077148,2.939606189727783,-9.603981971740723,-6.572396755218506,5.23711633682251,-6.86825704574585
B,2,671,3,2,9,5,2.4800939559936523,-6.898941993713379,8.491251945495605,-3.166996479034424,-10.685747146606445,6.554075717926025,-3.5578525066375732,-6.884637355804443,-9.282076835632324,2.6530685424804688,-5.939493656158447,-2.3475584983825684,4.007065296173096,-4.7244391441345215,-10.4314546585083,-4.205530643463135,5.319518566131592,10.196878433227539,1.116174340248108,5.537378787994385,-4.408339500427246,2.6104774475097656,-3.8068008422851562,-0.8985614776611328,4.8935465812683105,1.8995285034179688,8.958636283874512,2.67531156539917,-8.343954086303711,-5.934789180755615,4.125934600830078,-5.113986968994141
B,2,671,3,2,10,5,2.862118721008301,-6.836432456970215,8.733907699584961,-3.389845609664917,-10.43885326385498,6.389651298522949,-3.332822322845459,-6.891396999359131,-9.228960990905762,2.63029146194458,-5.8956403732299805,-2.1341359615325928,3.9794623851776123,-4.925779342651367,-10.509625434875488,-4.26837682723999,5.423715114593506,10.296720504760742,1.1972817182540894,5.609755516052246,-4.748363971710205,2.5863311290740967,-4.230067253112793,-1.2568010091781616,4.635972499847412,1.807033896446228,9.182687759399414,2.850363254547119,-8.678060531616211,-5.669980525970459,4.234457969665527,-5.617625713348389
B,2,671,3,2,11,5,2.52234148979187,-6.6521100997924805,8.281326293945312,-3.4475646018981934,-9.789361953735352,6.6369194984436035,-3.349020481109619,-7.078049659729004,-9.044710159301758,2.641916275024414,-5.574310302734375,-2.1206164360046387,3.477792739868164,-4.488458156585693,-10.641027450561523,-4.276894569396973,5.338508605957031,10.354394912719727,1.3551123142242432,5.222644329071045,-5.271006107330322,2.502119541168213,-4.56465482711792,-1.2090559005737305,4.110491752624512,1.9790014028549194,9.005497932434082,2.5910003185272217,-8.525487899780273,-5.846482276916504,4.671555042266846,-5.98543119430542
B,2,671,3,2,12,4,2.52494215965271,-7.01157283782959,8.853403091430664,-3.4603114128112793,-10.513986587524414,7.134034156799316,-3.547567367553711,-7.533623695373535,-9.780471801757812,2.6361122131347656,-6.0974531173706055,-2.263981342315674,4.082172393798828,-4.931649684906006,-11.151979446411133,-4.644165992736816,5.7018585205078125,11.037930488586426,1.2082405090332031,5.923768043518066,-5.23789644241333,2.527219295501709,-4.708151340484619,-1.425191044807434,4.759071350097656,2.0336084365844727,9.63896369934082,2.7310867309570312,-9.055826187133789,-6.176311016082764,4.7939066886901855,-5.956295967102051
B,2,671,3,2,13,9,2.449291944503784,-7.034915924072266,8.870830535888672,-3.456284761428833,-10.496997833251953,7.630053997039795,-3.9422619342803955,-7.969338417053223,-9.665278434753418,2.801417827606201,-5.600369930267334,-2.3617465496063232,3.392101764678955,-4.7000861167907715,-11.669454574584961,-4.812718868255615,5.867012977600098,11.212915420532227,1.5454843044281006,5.707124710083008,-6.089035511016846,2.723703384399414,-5.106947898864746,-1.4981417655944824,4.15273904800415,2.190976142883301,9.746447563171387,2.5690431594848633,-9.221575736999512,-6.716588973999023,5.406952381134033,-6.85963249206543
B,2,790,1,1,9,4,2.215947151184082,-6.353026866912842,7.643245220184326,-3.588660478591919,-8.957263946533203,6.723642349243164,-3.437037944793701,-7.495874881744385,-9.148548126220703,2.9206368923187256,-5.0204057693481445,-1.9093577861785889,2.868889093399048,-3.9924683570861816,-10.806339263916016,-4.2318549156188965,5.341414928436279,10.644533157348633,1.4829535484313965,4.627476692199707,-6.06564998626709,2.5854272842407227,-5.129164695739746,-1.289518117904663,3.437227725982666,2.2526004314422607,8.588077545166016,2.417422294616699,-8.375739097595215,-5.944957256317139,5.460115432739258,-6.678623676300049
B,2,790,1,1,10,5,2.552598476409912,-6.557272434234619,8.009941101074219,-3.5324161052703857,-9.479693412780762,6.4680962562561035,-3.320481538772583,-7.184426784515381,-9.219451904296875,2.8868865966796875,-5.493424892425537,-2.0120110511779785,3.35060453414917,-4.368858337402344,-10.611456871032715,-4.25610876083374,5.38623046875,10.499911308288574,1.3448374271392822,4.9000773429870605,-5.515563488006592,2.590427875518799,-4.807274341583252,-1.2448816299438477,3.943129301071167,2.11844539642334,8.93531608581543,2.6287357807159424,-8.50671100616455,-5.766515731811523,4.9697394371032715,-6.274158477783203
B,2,790,1,1,11,5,2.3087215423583984,-6.751453399658203,8.233781814575195,-3.695521593093872,-9.506570816040039,7.285222053527832,-3.649143934249878,-7.8790178298950195,-9.519893646240234,2.837642192840576,-5.496492385864258,-2.0427913665771484,3.1077682971954346,-4.318096160888672,-11.354042053222656,-4.690125942230225,5.700141906738281,11.171062469482422,1.5467700958251953,5.161735534667969,-6.277667045593262,2.592113971710205,-5.325627326965332,-1.494187593460083,3.827685594558716,2.3428430557250977,9.362528800964355,2.5076825618743896,-8.8849515914917,-6.3345136642456055,5.559769630432129,-6.88162088394165
B,2,790,1,1,12,4,2.95226788520813,-6.884520053863525,8.844501495361328,-3.9093050956726074,-9.745111465454102,7.026121616363525,-3.073089599609375,-8.044309616088867,-10.012807846069336,3.0598437786102295,-6.314754486083984,-2.0249342918395996,3.8387045860290527,-5.01894998550415,-11.597352027893066,-4.905522346496582,5.945521354675293,11.938827514648438,1.5139060020446777,5.74263858795166,-6.223469257354736,2.441427707672119,-5.906489372253418,-1.9938230514526367,4.143421173095703,2.3985867500305176,10.368755340576172,2.825521469116211,-9.74355697631836,-6.090268135070801,5.592572212219238,-7.2592997550964355
B,2,790,1,1,13,7,2.947910785675049,-6.932555675506592,8.707659721374512,-3.813190460205078,-10.085512161254883,7.030105113983154,-3.4336280822753906,-7.732814311981201,-9.639084815979004,2.961151123046875,-5.987171173095703,-2.1383073329925537,3.438763380050659,-4.814235210418701,-11.434118270874023,-4.8317718505859375,5.808704853057861,11.280977249145508,1.5571552515029907,5.444793224334717,-6.057136535644531,2.7148568630218506,-5.373213291168213,-1.665831208229065,4.071714878082275,2.2873289585113525,9.926969528198242,2.8475472927093506,-9.355562210083008,-6.252133846282959,5.309781074523926,-7.144970893859863
B,2,790,1,2,9,4,1.9769190549850464,-6.448257923126221,7.630463600158691,-3.357130765914917,-9.31711196899414,7.012972354888916,-3.837979555130005,-7.61553955078125,-9.138985633850098,2.986936569213867,-4.857628345489502,-2.1087560653686523,2.6279349327087402,-3.860926389694214,-10.90350341796875,-4.296358108520508,5.409611225128174,10.505746841430664,1.541124939918518,4.55706787109375,-6.0835089683532715,2.788332939147949,-4.8643903732299805,-1.0932645797729492,3.5092356204986572,2.3249709606170654,8.513971328735352,2.2387897968292236,-8.243339538574219,-6.351738452911377,5.538149833679199,-6.630842685699463
B,2,790,1,2,10,5,2.239788770675659,-6.300723075866699,7.40941858291626,-3.5983409881591797,-8.762357711791992,6.573326110839844,-3.3828186988830566,-7.347052574157715,-9.01490592956543,2.9870638847351074,-4.958070278167725,-1.9136196374893188,2.674448013305664,-3.8612847328186035,-10.612802505493164,-4.1998090744018555,5.278558731079102,10.381141662597656,1.4928538799285889,4.2808661460876465,-6.065759658813477,2.6504647731781006,-5.101682662963867,-1.1738706827163696,3.2917494773864746,2.294858455657959,8.520695686340332,2.4076690673828125,-8.226988792419434,-5.913059711456299,5.426296710968018,-6.773626804351807
B,2,790,1,2,11,5,2.6628596782684326,-7.081611633300781,8.938424110412598,-3.8337275981903076,-10.175771713256836,7.343960762023926,-3.44781231880188,-8.030885696411133,-10.196200370788574,2.765829563140869,-6.267056465148926,-2.0298492908477783,4.030789375305176,-4.9724321365356445,-11.632776260375977,-4.9308671951293945,5.946089267730713,11.766794204711914,1.2699530124664307,5.96779203414917,-5.895970344543457,2.499821424484253,-5.4065351486206055,-1.813402533531189,4.589513301849365,2.2558650970458984,10.043313026428223,2.8809759616851807,-9.465861320495605,-6.234817028045654,5.290836334228516,-6.669412136077881
B,2,790,1,2,12,5,2.7974305152893066,-6.784046173095703,8.539705276489258,-3.8054866790771484,-9.699357986450195,7.016467094421387,-3.3316452503204346,-7.794339179992676,-9.720139503479004,2.928373098373413,-5.909609317779541,-2.0165417194366455,3.491304397583008,-4.731381893157959,-11.309896469116211,-4.802666664123535,5.784179210662842,11.33642578125,1.4719486236572266,5.403468132019043,-6.074974060058594,2.596402168273926,-5.491377353668213,-1.7537689208984375,4.020303726196289,2.294154405593872,9.81695556640625,2.7898929119110107,-9.268892288208008,-6.128328800201416,5.38447904586792,-7.1034650802612305
B,2,790,1,2,13,7,2.708465576171875,-7.000824928283691,8.728304862976074,-3.7762718200683594,-10.138541221618652,7.3219146728515625,-3.5685534477233887,-7.904953956604004,-9.838394165039062,2.8604352474212646,-5.956774711608887,-2.1538000106811523,3.531696319580078,-4.738565921783447,-11.601547241210938,-4.867328643798828,5.821506977081299,11.414591789245605,1.4720258712768555,5.5839080810546875,-6.094377040863037,2.63708233833313,-5.3513569831848145,-1.634708285331726,4.193907737731934,2.2759413719177246,9.886667251586914,2.7930519580841064,-9.31733512878418,-6.4104413986206055,5.341603755950928,-7.01822566986084
B,2,790,2,1,9,5,2.2924091815948486,-6.276063442230225,7.523800849914551,-3.6049818992614746,-8.821632385253906,6.5267014503479,-3.3551909923553467,-7.315176963806152,-8.98040771484375,2.9352169036865234,-4.943209648132324,-1.8713420629501343,2.772984504699707,-3.91882586479187,-10.63257884979248,-4.1494669914245605,5.25603723526001,10.365659713745117,1.4746911525726318,4.46242618560791,-6.041604042053223,2.58785343170166,-5.091400146484375,-1.2416651248931885,3.280012845993042,2.1992783546447754,8.50782585144043,2.4318861961364746,-8.288814544677734,-5.8233962059021,5.302276611328125,-6.719651699066162
B,2,790,2,1,10,5,2.6545748710632324,-6.68667459487915,8.393898963928223,-3.8476028442382812,-9.434679985046387,6.817497253417969,-3.090672731399536,-7.688326835632324,-9.832206726074219,2.8208534717559814,-5.978063583374023,-1.8671019077301025,3.838017225265503,-4.733370304107666,-11.076105117797852,-4.622241497039795,5.659835338592529,11.312517166137695,1.2285619974136353,5.513112545013428,-5.749253273010254,2.3842897415161133,-5.430078983306885,-1.7468740940093994,4.175196170806885,2.2204132080078125,9.589888572692871,2.812221050262451,-9.116743087768555,-5.788430213928223,5.1551666259765625,-6.616616249084473
B,2,790,2,1,11,4,2.5372748374938965,-6.913816452026367,8.530451774597168,-3.894648313522339,-9.589722633361816,7.262579441070557,-3.361168384552002,-8.07760238647461,-10.042177200317383,2.90813946723938,-6.0005903244018555,-1.9112225770950317,3.687154531478882,-4.6810407638549805,-11.538440704345703,-4.839592933654785,5.846200942993164,11.746506690979004,1.3844904899597168,5.582709789276123,-6.168060779571533,2.4507946968078613,-5.619435787200928,-1.7840514183044434,4.17874813079834,2.374927520751953,9.855552673339844,2.7602221965789795,-9.27528190612793,-6.178253173828125,5.533655166625977,-6.903622150421143
B,2,790,2,1,12,4,2.796440601348877,-7.11133337020874,8.996975898742676,-3.88637375831604,-10.193737030029297,7.311511516571045,-3.2769346237182617,-8.198468208312988,-10.431318283081055,2.9707634449005127,-6.4594340324401855,-2.057349681854248,4.226429462432861,-5.137156009674072,-11.78635025024414,-4.9905571937561035,6.042913436889648,12.172144889831543,1.319378137588501,6.0989766120910645,-5.976767063140869,2.448852300643921,-5.71852445602417,-1.9312973022460938,4.5924787521362305,2.354494333267212,10.391815185546875,2.8995025157928467,-9.744729995727539,-6.232754707336426,5.497350692749023,-6.871710777282715
B,2,790,2,1,13,7,2.564176321029663,-6.877652168273926,8.437378883361816,-3.914226770401001,-9.600184440612793,7.4304118156433105,-3.5141849517822266,-8.193716049194336,-9.909157752990723,3.0255658626556396,-5.726745128631592,-2.0305187702178955,3.2358779907226562,-4.497601509094238,-11.832183837890625,-4.892996311187744,5.858606815338135,11.733528137207031,1.6037366390228271,5.341925144195557,-6.637511730194092,2.6157212257385254,-5.833807945251465,-1.7440595626831055,3.7586987018585205,2.476621150970459,9.815160751342773,2.6806488037109375,-9.35895824432373,-6.48510217666626,5.860295295715332,-7.503769874572754
B,2,790,2,2,9,4,2.2559220790863037,-6.555887222290039,7.879076957702637,-3.6334049701690674,-9.230192184448242,6.897334575653076,-3.528472900390625,-7.6424031257629395,-9.36152458190918,2.9186439514160156,-5.1554274559021,-1.935897946357727,2.9967234134674072,-4.125871181488037,-10.99699592590332,-4.371062755584717,5.44522762298584,10.780033111572266,1.449934959411621,4.841946125030518,-6.101773262023926,2.606933116912842,-5.160290241241455,-1.3471245765686035,3.610069990158081,2.2664783000946045,8.830101013183594,2.527454376220703,-8.552497863769531,-6.08544921875,5.4330267906188965,-6.740204811096191
B,2,790,2,2,10,5,2.4207541942596436,-6.638597011566162,8.03011703491211,-3.70267915725708,-9.302207946777344,6.808746337890625,-3.385709285736084,-7.465235710144043,-9.326810836791992,2.7908148765563965,-5.491385459899902,-1.9691133499145508,3.2188727855682373,-4.301842212677002,-10.89079761505127,-4.461348533630371,5.457961082458496,10.705144882202148,1.3908708095550537,4.980116844177246,-5.8806986808776855,2.508620262145996,-5.084836959838867,-1.3482030630111694,3.8618552684783936,2.2213830947875977,9.09101676940918,2.604653835296631,-8.634061813354492,-5.931038856506348,5.138731956481934,-6.540956020355225
B,2,790,2,2,11,5,2.492234706878662,-6.703820705413818,8.175897598266602,-3.7717902660369873,-9.43323802947998,7.058619499206543,-3.4538357257843018,-7.839028835296631,-9.600252151489258,2.9699559211730957,-5.546060085296631,-1.9922462701797485,3.2301716804504395,-4.394790172576904,-11.280117988586426,-4.6149115562438965,5.632480621337891,11.22704029083252,1.4943774938583374,5.146673679351807,-6.210440635681152,2.558793544769287,-5.450475215911865,-1.5447685718536377,3.775394916534424,2.332581043243408,9.422778129577637,2.6191115379333496,-8.956311225891113,-6.178133010864258,5.49623966217041,-6.9781293869018555
B,2,790,2,2,12,4,2.9755663871765137,-7.272041320800781,9.326744079589844,-4.150967597961426,-10.36138916015625,7.546506881713867,-3.2947540283203125,-8.427833557128906,-10.667882919311523,2.896775007247925,-6.658931255340576,-1.9857938289642334,4.342723846435547,-5.2697601318359375,-12.240531921386719,-5.218885898590088,6.136817932128906,12.482820510864258,1.293928623199463,6.493161201477051,-6.2332258224487305,2.4486169815063477,-5.976287841796875,-2.1791749000549316,4.660146236419678,2.3527846336364746,10.69308853149414,3.0918564796447754,-10.115520477294922,-6.367758750915527,5.444735050201416,-7.2281107902526855
B,2,790,2,2,13,8,2.6261136531829834,-6.933961868286133,8.658775329589844,-4.027992248535156,-9.66961669921875,7.57383918762207,-3.5587563514709473,-8.321854591369629,-10.001240730285645,2.925767421722412,-5.7769036293029785,-1.9429588317871094,3.3329248428344727,-4.5806427001953125,-12.010984420776367,-5.000127792358398,5.908564567565918,11.852676391601562,1.580463171005249,5.634774208068848,-6.762058734893799,2.567093849182129,-5.9583916664123535,-1.930877923965454,3.8002560138702393,2.402712345123291,9.9827241897583,2.7644455432891846,-9.539606094360352,-6.520682334899902,5.755326271057129,-7.635795593261719
B,2,790,3,1,9,4,1.4572322368621826,-6.033360004425049,6.810641288757324,-3.4433579444885254,-8.1207275390625,7.27827787399292,-4.0041069984436035,-7.94283390045166,-8.760354042053223,3.092881441116333,-3.8549036979675293,-1.8996597528457642,1.5744367837905884,-3.0436758995056152,-11.06686019897461,-4.17827033996582,5.282235622406006,10.464709281921387,1.8772966861724854,3.678833484649658,-7.256128311157227,2.790015935897827,-5.498019218444824,-1.056228756904602,2.319929599761963,2.527144432067871,7.891932010650635,1.8420357704162598,-7.8770751953125,-6.554396152496338,6.454315662384033,-7.554590702056885
B,2,790,3,1,10,5,2.1028707027435303,-6.23559045791626,7.281625270843506,-3.581998109817505,-8.598257064819336,6.706011772155762,-3.4317421913146973,-7.486403465270996,-9.031990051269531,3.0324344635009766,-4.823949813842773,-1.9378488063812256,2.550466537475586,-3.770984649658203,-10.678422927856445,-4.210515022277832,5.3037309646606445,10.473586082458496,1.5484812259674072,4.174689769744873,-6.272719383239746,2.609822988510132,-5.273074150085449,-1.1918491125106812,3.1173367500305176,2.377164363861084,8.485395431518555,2.319112777709961,-8.20919418334961,-5.990488529205322,5.656625270843506,-6.9465460777282715
B,2,790,3,1,11,5,2.1106181144714355,-6.391218185424805,7.528107643127441,-3.8183257579803467,-8.55400276184082,7.1913909912109375,-3.552988052368164,-7.968274116516113,-9.28568172454834,3.0150585174560547,-4.9843010902404785,-1.862881064414978,2.462578773498535,-3.7651736736297607,-11.298559188842773,-4.558650016784668,5.525877952575684,11.084734916687012,1.6827495098114014,4.4540605545043945,-6.876847267150879,2.5996265411376953,-5.737684726715088,-1.4479910135269165,3.059370994567871,2.5228259563446045,8.949974060058594,2.319397449493408,-8.607980728149414,-6.315352916717529,6.013168811798096,-7.48819637298584
B,2,790,3,1,12,4,2.7231431007385254,-6.860440731048584,8.661598205566406,-4.136322975158691,-9.447220802307129,7.436263084411621,-3.3626456260681152,-8.36125373840332,-10.09257698059082,2.940403461456299,-5.901804447174072,-1.8014490604400635,3.5004539489746094,-4.684834957122803,-11.912331581115723,-5.010593414306641,5.905386924743652,11.993457794189453,1.4901657104492188,5.718048095703125,-6.71889591217041,2.482114315032959,-6.11708927154541,-2.1236770153045654,3.826691150665283,2.3842337131500244,10.099193572998047,2.8450212478637695,-9.62946891784668,-6.3372907638549805,5.696335792541504,-7.6639018058776855
B,2,790,3,1,13,9,2.4006187915802,-6.709936141967773,8.04788589477539,-3.7308168411254883,-9.475722312927246,7.396604537963867,-3.8378398418426514,-7.976494789123535,-9.357501983642578,3.0380635261535645,-5.123300075531006,-2.1089909076690674,2.5205702781677246,-4.095579147338867,-11.581417083740234,-4.742647171020508,5.708252906799316,11.096561431884766,1.8071695566177368,4.723807334899902,-6.782412528991699,2.857891798019409,-5.527166366577148,-1.4535149335861206,3.313340902328491,2.4623773097991943,9.268217086791992,2.4811325073242188,-8.869654655456543,-6.653351783752441,5.939176082611084,-7.645843505859375
B,2,790,3,2,9,4,1.7299976348876953,-6.511775016784668,7.430384635925293,-3.3259940147399902,-9.21960735321045,7.164331912994385,-4.026663780212402,-7.677084922790527,-9.03642463684082,3.0566632747650146,-4.563809394836426,-2.1140801906585693,2.364861488342285,-3.530130386352539,-11.084835052490234,-4.182796478271484,5.328595161437988,10.528264045715332,1.6904469728469849,4.291313171386719,-6.36204719543457,2.8359525203704834,-4.835618495941162,-0.8527745008468628,3.2563061714172363,2.3939781188964844,8.265213012695312,2.0932633876800537,-8.009684562683105,-6.551575183868408,5.783318042755127,-6.679767608642578
B,2,790,3,2,10,5,2.3057079315185547,-6.373775482177734,7.5759687423706055,-3.583303928375244,-8.945756912231445,6.676916599273682,-3.508789539337158,-7.359068393707275,-9.010063171386719,2.9315390586853027,-4.98262882232666,-1.954921007156372,2.6996569633483887,-3.948944091796875,-10.673174858093262,-4.261302947998047,5.3346452713012695,10.384401321411133,1.5225104093551636,4.399328231811523,-6.051631450653076,2.672520160675049,-5.037775039672852,-1.209886908531189,3.3821277618408203,2.2536768913269043,8.59247875213623,2.4648001194000244,-8.261361122131348,-5.9759745597839355,5.384318828582764,-6.783352851867676
B,2,790,3,2,11,5,1.6650749444961548,-5.925406455993652,6.994780540466309,-3.8187382221221924,-7.444998264312744,7.6988654136657715,-3.604609966278076,-8.510391235351562,-9.121713638305664,2.9760994911193848,-4.114395618438721,-1.611196756362915,1.7528254985809326,-3.216200351715088,-11.700979232788086,-4.669414520263672,5.44085693359375,11.356786727905273,1.8490924835205078,4.268050193786621,-7.980889797210693,2.4348533153533936,-6.554256439208984,-1.842895746231079,2.0115413665771484,2.5876917839050293,8.653576850891113,1.9586620330810547,-8.555366516113281,-6.615171909332275,6.808000087738037,-8.503450393676758
B,2,790,3,2,12,5,2.300431489944458,-6.352097511291504,7.799685478210449,-3.8949649333953857,-8.576072692871094,7.26775598526001,-3.345186948776245,-8.147663116455078,-9.575751304626465,2.9281983375549316,-5.1631059646606445,-1.7369625568389893,2.869417905807495,-4.065139293670654,-11.492259979248047,-4.714770317077637,5.598912715911865,11.492227554321289,1.564219355583191,4.990955352783203,-6.866997718811035,2.438943386077881,-6.046571731567383,-1.868434190750122,3.1675281524658203,2.4071624279022217,9.26628303527832,2.4634850025177,-8.953856468200684,-6.24367094039917,5.974557399749756,-7.66628360748291
B,2,790,3,2,13,6,2.45113205909729,-6.684203624725342,8.090423583984375,-3.730623245239258,-9.442290306091309,7.240261554718018,-3.654953718185425,-7.788639545440674,-9.31680965423584,2.9263908863067627,-5.272747993469238,-2.0988972187042236,2.736766815185547,-4.17963981628418,-11.40529727935791,-4.665792465209961,5.622867107391357,10.954110145568848,1.697367548942566,4.818094730377197,-6.5369415283203125,2.717878580093384,-5.430904388427734,-1.4388307332992554,3.435173988342285,2.3515169620513916,9.292742729187012,2.5139801502227783,-8.874468803405762,-6.456801891326904,5.652371883392334,-7.368091583251953
