participant_id,comparison_internal,comparison_id,comparison_display,baseline_timepoint,followup_timepoint,classes_at_followup,link_id,link_display_name,canonical_link_id,anatomical_region,body_side,proximal_joint,distal_joint,visual_segment_start,visual_segment_end,visual_segment_key,visual_segment_mapping_role,available_baseline,available_followup,matched_coverage,excluded,exclusion_reason,repetition_variability_value,repetition_variability_value_reverse,longitudinal_change_signed,longitudinal_change_signed_reverse,longitudinal_change_abs,matched_abs_ratio,change_exceeds_repetition_variability,direction_consistent_across_reference_swap,nv_floor_unstable,coverage_band,coverage_rel,coverage_pass,qc_pass,rep_pass,step5_organization,step5_rom_flat,step5_matched,robustness_pass_if_defined,nv_profile_tier,nv_profile_tier_base,final_interpretable_status,presentation_status,presentation_direction,presentation_note,internal_A2_if_present,internal_S3_if_present,a2_pass,source_file,source_run,source_row_id_or_key,estimand_footing
671,D12,671_T1_vs_T2,Baseline → ≈4 classes,T1,T2,4,671_to_Ab,Pelvis root to abdomen,pelvis_to_Ab,trunk_spine,midline,671,Ab,pelvis,lower_trunk_abdomen,pelvis__lower_trunk_abdomen,presentation_only,True,True,True,False,,0.002303,-0.002064,0.008269,0.003467,0.008269,3.5896,True,True,False,adequate,0.8056,True,True,True,False,True,True,True,S2,S2,A2_directionally_stable_exceed,beyond_repetition_variability_and_directionally_stable,increased_contribution,Primary validated beyond-NV link (A2).,True,False,True,/Users/drorhazan/Desktop/gaga_psilo/projects/gaga_jcvpca/results_committee_case/marker_gap_policy_ex09_13/step08_nv_and_stability/NV_PROFILE.csv,marker_gap_policy_ex09_13/step08_nv_and_stability,671_T1_vs_T2::671_to_Ab,matched_single_rep_vs_own_NV
671,D12,671_T1_vs_T2,Baseline → ≈4 classes,T1,T2,4,671_to_LThigh,Pelvis root to left thigh,pelvis_to_LThigh,left_leg,left,671,LThigh,pelvis,left_thigh,pelvis__left_thigh,presentation_only,True,True,True,False,,0.005473,-0.017746,0.027263,0.021598,0.027263,4.9806,True,True,False,adequate,0.8056,True,True,True,True,True,True,True,S3,S2,S3_interpretive_candidate,interpretable_candidate,increased_contribution,Stricter interpretive-candidate stack (S3); not the only meaningful links.,True,True,True,/Users/drorhazan/Desktop/gaga_psilo/projects/gaga_jcvpca/results_committee_case/marker_gap_policy_ex09_13/step08_nv_and_stability/NV_PROFILE.csv,marker_gap_policy_ex09_13/step08_nv_and_stability,671_T1_vs_T2::671_to_LThigh,matched_single_rep_vs_own_NV
671,D12,671_T1_vs_T2,Baseline → ≈4 classes,T1,T2,4,671_to_RThigh,Pelvis root to right thigh,pelvis_to_RThigh,right_leg,right,671,RThigh,pelvis,right_thigh,pelvis__right_thigh,presentation_only,True,True,True,False,,0.006088,-0.011309,0.013793,0.014391,0.013793,2.2654,True,True,False,adequate,0.8056,True,True,True,False,False,True,True,S2,S2,A2_directionally_stable_exceed,beyond_repetition_variability_and_directionally_stable,increased_contribution,Primary validated beyond-NV link (A2).,True,False,True,/Users/drorhazan/Desktop/gaga_psilo/projects/gaga_jcvpca/results_committee_case/marker_gap_policy_ex09_13/step08_nv_and_stability/NV_PROFILE.csv,marker_gap_policy_ex09_13/step08_nv_and_stability,671_T1_vs_T2::671_to_RThigh,matched_single_rep_vs_own_NV
671,D12,671_T1_vs_T2,Baseline → ≈4 classes,T1,T2,4,Ab_to_Chest,Abdomen to chest (direct),Ab_to_Chest,trunk_spine,midline,Ab,Chest,lower_trunk_abdomen,upper_trunk_chest,lower_trunk_abdomen__upper_trunk_chest,presentation_only,True,True,True,False,,0.000159,-0.001,0.004872,0.003357,0.004872,30.3867,True,True,False,adequate,0.8056,True,True,True,False,True,True,True,S2,S2,A2_directionally_stable_exceed,beyond_repetition_variability_and_directionally_stable,increased_contribution,Primary validated beyond-NV link (A2).,True,False,True,/Users/drorhazan/Desktop/gaga_psilo/projects/gaga_jcvpca/results_committee_case/marker_gap_policy_ex09_13/step08_nv_and_stability/NV_PROFILE.csv,marker_gap_policy_ex09_13/step08_nv_and_stability,671_T1_vs_T2::Ab_to_Chest,matched_single_rep_vs_own_NV
671,D12,671_T1_vs_T2,Baseline → ≈4 classes,T1,T2,4,Chest_to_LShoulder,Chest to left shoulder,Chest_to_LShoulder,left_arm,left,Chest,LShoulder,upper_trunk_chest,left_shoulder,upper_trunk_chest__left_shoulder,presentation_only,True,True,True,False,,0.002698,0.00101,-0.000289,0.00227,0.000289,0.1072,False,False,False,adequate,0.8056,True,True,True,False,True,True,True,S0,S0,within_repetition_variability,within_repetition_variability,not_highlighted,Within own repetition variability.,False,False,False,/Users/drorhazan/Desktop/gaga_psilo/projects/gaga_jcvpca/results_committee_case/marker_gap_policy_ex09_13/step08_nv_and_stability/NV_PROFILE.csv,marker_gap_policy_ex09_13/step08_nv_and_stability,671_T1_vs_T2::Chest_to_LShoulder,matched_single_rep_vs_own_NV
671,D12,671_T1_vs_T2,Baseline → ≈4 classes,T1,T2,4,Chest_to_Neck,Chest to neck base,Chest_to_Neck,head_neck,midline,Chest,Neck,upper_trunk_chest,neck,upper_trunk_chest__neck,presentation_only,True,True,True,False,,0.00251,0.000424,0.004717,-0.002064,0.004717,1.8783,True,False,False,adequate,0.8056,True,True,True,False,True,True,True,S1,S1,exceeds_variability_but_direction_unstable,exceeds_variability_but_direction_unstable,not_highlighted,Exceeds variability magnitude but fails direction stability.,False,False,False,/Users/drorhazan/Desktop/gaga_psilo/projects/gaga_jcvpca/results_committee_case/marker_gap_policy_ex09_13/step08_nv_and_stability/NV_PROFILE.csv,marker_gap_policy_ex09_13/step08_nv_and_stability,671_T1_vs_T2::Chest_to_Neck,matched_single_rep_vs_own_NV
671,D12,671_T1_vs_T2,Baseline → ≈4 classes,T1,T2,4,Chest_to_RShoulder,Chest to right shoulder,Chest_to_RShoulder,right_arm,right,Chest,RShoulder,upper_trunk_chest,right_shoulder,upper_trunk_chest__right_shoulder,presentation_only,True,True,True,False,,-0.01246,0.000497,-0.001439,0.004378,0.001439,0.1155,False,False,False,adequate,0.8056,True,True,True,False,True,True,True,S0,S0,within_repetition_variability,within_repetition_variability,not_highlighted,Within own repetition variability.,False,False,False,/Users/drorhazan/Desktop/gaga_psilo/projects/gaga_jcvpca/results_committee_case/marker_gap_policy_ex09_13/step08_nv_and_stability/NV_PROFILE.csv,marker_gap_policy_ex09_13/step08_nv_and_stability,671_T1_vs_T2::Chest_to_RShoulder,matched_single_rep_vs_own_NV
671,D12,671_T1_vs_T2,Baseline → ≈4 classes,T1,T2,4,LFArm_to_LHand,Left wrist / hand,LFArm_to_LHand,left_arm,left,LFArm,LHand,left_forearm,left_hand,left_forearm__left_hand,presentation_only,True,True,True,False,,0.006083,0.022317,0.073962,0.096637,0.073962,12.1575,True,True,False,adequate,0.8056,True,True,True,True,True,True,True,S3,S2,S3_interpretive_candidate,interpretable_candidate,increased_contribution,Stricter interpretive-candidate stack (S3); not the only meaningful links.,True,True,True,/Users/drorhazan/Desktop/gaga_psilo/projects/gaga_jcvpca/results_committee_case/marker_gap_policy_ex09_13/step08_nv_and_stability/NV_PROFILE.csv,marker_gap_policy_ex09_13/step08_nv_and_stability,671_T1_vs_T2::LFArm_to_LHand,matched_single_rep_vs_own_NV
671,D12,671_T1_vs_T2,Baseline → ≈4 classes,T1,T2,4,LShin_to_LFoot,Left ankle / foot,LShin_to_LFoot,left_leg,left,LShin,LFoot,left_shin,left_foot,left_shin__left_foot,presentation_only,True,True,True,False,,-0.006009,0.003936,0.011783,0.006997,0.011783,1.9606,True,True,False,adequate,0.8056,True,True,True,True,True,True,True,S3,S2,S3_interpretive_candidate,interpretable_candidate,increased_contribution,Stricter interpretive-candidate stack (S3); not the only meaningful links.,True,True,True,/Users/drorhazan/Desktop/gaga_psilo/projects/gaga_jcvpca/results_committee_case/marker_gap_policy_ex09_13/step08_nv_and_stability/NV_PROFILE.csv,marker_gap_policy_ex09_13/step08_nv_and_stability,671_T1_vs_T2::LShin_to_LFoot,matched_single_rep_vs_own_NV
671,D12,671_T1_vs_T2,Baseline → ≈4 classes,T1,T2,4,LShoulder_to_LUArm,Left shoulder to upper arm,LShoulder_to_LUArm,left_arm,left,LShoulder,LUArm,left_shoulder,left_upper_arm,left_shoulder__left_upper_arm,presentation_only,True,True,True,False,,0.010641,-0.00469,0.018026,-0.006707,0.018026,1.6937,True,False,False,adequate,0.8056,True,True,True,True,True,True,True,S1,S1,exceeds_variability_but_direction_unstable,exceeds_variability_but_direction_unstable,not_highlighted,Exceeds variability magnitude but fails direction stability.,False,False,False,/Users/drorhazan/Desktop/gaga_psilo/projects/gaga_jcvpca/results_committee_case/marker_gap_policy_ex09_13/step08_nv_and_stability/NV_PROFILE.csv,marker_gap_policy_ex09_13/step08_nv_and_stability,671_T1_vs_T2::LShoulder_to_LUArm,matched_single_rep_vs_own_NV
671,D12,671_T1_vs_T2,Baseline → ≈4 classes,T1,T2,4,LThigh_to_LShin,Left knee,LThigh_to_LShin,left_leg,left,LThigh,LShin,left_thigh,left_shin,left_thigh__left_shin,presentation_only,True,True,True,False,,0.007702,-0.033681,0.01643,0.02477,0.01643,2.1328,True,True,False,adequate,0.8056,True,True,True,True,True,True,True,S3,S2,S3_interpretive_candidate,interpretable_candidate,increased_contribution,Stricter interpretive-candidate stack (S3); not the only meaningful links.,True,True,True,/Users/drorhazan/Desktop/gaga_psilo/projects/gaga_jcvpca/results_committee_case/marker_gap_policy_ex09_13/step08_nv_and_stability/NV_PROFILE.csv,marker_gap_policy_ex09_13/step08_nv_and_stability,671_T1_vs_T2::LThigh_to_LShin,matched_single_rep_vs_own_NV
671,D12,671_T1_vs_T2,Baseline → ≈4 classes,T1,T2,4,LUArm_to_LFArm,Left elbow,LUArm_to_LFArm,left_arm,left,LUArm,LFArm,left_upper_arm,left_forearm,left_upper_arm__left_forearm,presentation_only,True,True,True,False,,0.000239,0.001087,-0.061495,-0.055062,0.061495,256.3176,True,True,False,adequate,0.8056,True,True,True,False,True,True,True,S2,S2,A2_directionally_stable_exceed,beyond_repetition_variability_and_directionally_stable,decreased_contribution,Primary validated beyond-NV link (A2).,True,False,True,/Users/drorhazan/Desktop/gaga_psilo/projects/gaga_jcvpca/results_committee_case/marker_gap_policy_ex09_13/step08_nv_and_stability/NV_PROFILE.csv,marker_gap_policy_ex09_13/step08_nv_and_stability,671_T1_vs_T2::LUArm_to_LFArm,matched_single_rep_vs_own_NV
671,D12,671_T1_vs_T2,Baseline → ≈4 classes,T1,T2,4,Neck_to_Head,Neck to head (terminal),neck_to_head,head_neck,midline,Neck,Head,neck,head,neck__head,presentation_only,True,True,True,False,,0.00251,0.000424,0.004717,-0.002064,0.004717,1.8783,True,False,False,adequate,0.8056,True,True,True,False,True,True,True,S1,S1,exceeds_variability_but_direction_unstable,exceeds_variability_but_direction_unstable,not_highlighted,Exceeds variability magnitude but fails direction stability.,False,False,False,/Users/drorhazan/Desktop/gaga_psilo/projects/gaga_jcvpca/results_committee_case/marker_gap_policy_ex09_13/step08_nv_and_stability/NV_PROFILE.csv,marker_gap_policy_ex09_13/step08_nv_and_stability,671_T1_vs_T2::Neck_to_Head,matched_single_rep_vs_own_NV
671,D12,671_T1_vs_T2,Baseline → ≈4 classes,T1,T2,4,RFArm_to_RHand,Right wrist / hand,RFArm_to_RHand,right_arm,right,RFArm,RHand,right_forearm,right_hand,right_forearm__right_hand,presentation_only,True,True,True,False,,0.015058,0.009452,-0.005472,-0.009264,0.005472,0.3634,False,True,False,adequate,0.8056,True,True,True,False,True,True,True,S0,S0,within_repetition_variability,within_repetition_variability,not_highlighted,Within own repetition variability.,False,False,False,/Users/drorhazan/Desktop/gaga_psilo/projects/gaga_jcvpca/results_committee_case/marker_gap_policy_ex09_13/step08_nv_and_stability/NV_PROFILE.csv,marker_gap_policy_ex09_13/step08_nv_and_stability,671_T1_vs_T2::RFArm_to_RHand,matched_single_rep_vs_own_NV
671,D12,671_T1_vs_T2,Baseline → ≈4 classes,T1,T2,4,RShin_to_RFoot,Right ankle / foot,RShin_to_RFoot,right_leg,right,RShin,RFoot,right_shin,right_foot,right_shin__right_foot,presentation_only,True,True,True,False,,-0.004202,0.000303,9.6e-05,0.006005,9.6e-05,0.0229,False,True,False,adequate,0.8056,True,True,True,True,True,True,True,S0,S0,within_repetition_variability,within_repetition_variability,not_highlighted,Within own repetition variability.,False,False,False,/Users/drorhazan/Desktop/gaga_psilo/projects/gaga_jcvpca/results_committee_case/marker_gap_policy_ex09_13/step08_nv_and_stability/NV_PROFILE.csv,marker_gap_policy_ex09_13/step08_nv_and_stability,671_T1_vs_T2::RShin_to_RFoot,matched_single_rep_vs_own_NV
671,D12,671_T1_vs_T2,Baseline → ≈4 classes,T1,T2,4,RShoulder_to_RUArm,Right shoulder to upper arm,RShoulder_to_RUArm,right_arm,right,RShoulder,RUArm,right_shoulder,right_upper_arm,right_shoulder__right_upper_arm,presentation_only,True,True,True,False,,-0.031576,0.0111,0.005927,0.008441,0.005927,0.1877,False,True,False,adequate,0.8056,True,True,True,False,True,True,True,S0,S0,within_repetition_variability,within_repetition_variability,not_highlighted,Within own repetition variability.,False,False,False,/Users/drorhazan/Desktop/gaga_psilo/projects/gaga_jcvpca/results_committee_case/marker_gap_policy_ex09_13/step08_nv_and_stability/NV_PROFILE.csv,marker_gap_policy_ex09_13/step08_nv_and_stability,671_T1_vs_T2::RShoulder_to_RUArm,matched_single_rep_vs_own_NV
671,D12,671_T1_vs_T2,Baseline → ≈4 classes,T1,T2,4,RThigh_to_RShin,Right knee,RThigh_to_RShin,right_leg,right,RThigh,RShin,right_thigh,right_shin,right_thigh__right_shin,presentation_only,True,True,True,False,,0.008278,-0.016299,-0.001725,0.018298,0.001725,0.2083,False,False,False,adequate,0.8056,True,True,True,False,True,True,True,S0,S0,within_repetition_variability,within_repetition_variability,not_highlighted,Within own repetition variability.,False,False,False,/Users/drorhazan/Desktop/gaga_psilo/projects/gaga_jcvpca/results_committee_case/marker_gap_policy_ex09_13/step08_nv_and_stability/NV_PROFILE.csv,marker_gap_policy_ex09_13/step08_nv_and_stability,671_T1_vs_T2::RThigh_to_RShin,matched_single_rep_vs_own_NV
671,D12,671_T1_vs_T2,Baseline → ≈4 classes,T1,T2,4,RUArm_to_RFArm,Right elbow,RUArm_to_RFArm,right_arm,right,RUArm,RFArm,right_upper_arm,right_forearm,right_upper_arm__right_forearm,presentation_only,True,True,True,False,,0.047397,-0.062119,-0.006712,-0.078526,0.006712,0.1416,False,True,False,adequate,0.8056,True,True,True,False,True,True,True,S0,S0,within_repetition_variability,within_repetition_variability,not_highlighted,Within own repetition variability.,False,False,False,/Users/drorhazan/Desktop/gaga_psilo/projects/gaga_jcvpca/results_committee_case/marker_gap_policy_ex09_13/step08_nv_and_stability/NV_PROFILE.csv,marker_gap_policy_ex09_13/step08_nv_and_stability,671_T1_vs_T2::RUArm_to_RFArm,matched_single_rep_vs_own_NV
671,D13,671_T1_vs_T3,Baseline → ≈10 classes,T1,T3,10,671_to_Ab,Pelvis root to abdomen,pelvis_to_Ab,trunk_spine,midline,671,Ab,pelvis,lower_trunk_abdomen,pelvis__lower_trunk_abdomen,presentation_only,True,True,True,False,,0.002303,-0.002064,0.012913,0.004062,0.012913,5.6058,True,True,False,limited,0.6972,False,True,False,False,False,True,False,S2,S2,A2_directionally_stable_exceed,beyond_repetition_variability_and_directionally_stable,increased_contribution,Primary validated beyond-NV link (A2).,True,False,True,/Users/drorhazan/Desktop/gaga_psilo/projects/gaga_jcvpca/results_committee_case/marker_gap_policy_ex09_13/step08_nv_and_stability/NV_PROFILE.csv,marker_gap_policy_ex09_13/step08_nv_and_stability,671_T1_vs_T3::671_to_Ab,matched_single_rep_vs_own_NV
671,D13,671_T1_vs_T3,Baseline → ≈10 classes,T1,T3,10,671_to_LThigh,Pelvis root to left thigh,pelvis_to_LThigh,left_leg,left,671,LThigh,pelvis,left_thigh,pelvis__left_thigh,presentation_only,True,True,True,False,,0.005473,-0.017746,0.034134,0.035288,0.034134,6.2358,True,True,False,limited,0.6972,False,True,False,False,False,False,False,S2,S2,A2_directionally_stable_exceed,beyond_repetition_variability_and_directionally_stable,increased_contribution,Primary validated beyond-NV link (A2).,True,False,True,/Users/drorhazan/Desktop/gaga_psilo/projects/gaga_jcvpca/results_committee_case/marker_gap_policy_ex09_13/step08_nv_and_stability/NV_PROFILE.csv,marker_gap_policy_ex09_13/step08_nv_and_stability,671_T1_vs_T3::671_to_LThigh,matched_single_rep_vs_own_NV
671,D13,671_T1_vs_T3,Baseline → ≈10 classes,T1,T3,10,671_to_RThigh,Pelvis root to right thigh,pelvis_to_RThigh,right_leg,right,671,RThigh,pelvis,right_thigh,pelvis__right_thigh,presentation_only,True,True,True,False,,0.006088,-0.011309,0.026762,0.020027,0.026762,4.3955,True,True,False,limited,0.6972,False,True,False,True,True,True,False,S2,S2,A2_directionally_stable_exceed,beyond_repetition_variability_and_directionally_stable,increased_contribution,Primary validated beyond-NV link (A2).,True,False,True,/Users/drorhazan/Desktop/gaga_psilo/projects/gaga_jcvpca/results_committee_case/marker_gap_policy_ex09_13/step08_nv_and_stability/NV_PROFILE.csv,marker_gap_policy_ex09_13/step08_nv_and_stability,671_T1_vs_T3::671_to_RThigh,matched_single_rep_vs_own_NV
671,D13,671_T1_vs_T3,Baseline → ≈10 classes,T1,T3,10,Chest_to_LShoulder,Chest to left shoulder,Chest_to_LShoulder,left_arm,left,Chest,LShoulder,upper_trunk_chest,left_shoulder,upper_trunk_chest__left_shoulder,presentation_only,True,True,True,False,,0.002698,0.00101,-0.006152,0.006044,0.006152,2.2797,True,False,False,limited,0.6972,False,True,False,False,True,True,False,S1,S1,exceeds_variability_but_direction_unstable,exceeds_variability_but_direction_unstable,not_highlighted,Exceeds variability magnitude but fails direction stability.,False,False,False,/Users/drorhazan/Desktop/gaga_psilo/projects/gaga_jcvpca/results_committee_case/marker_gap_policy_ex09_13/step08_nv_and_stability/NV_PROFILE.csv,marker_gap_policy_ex09_13/step08_nv_and_stability,671_T1_vs_T3::Chest_to_LShoulder,matched_single_rep_vs_own_NV
671,D13,671_T1_vs_T3,Baseline → ≈10 classes,T1,T3,10,Chest_to_Neck,Chest to neck base,Chest_to_Neck,head_neck,midline,Chest,Neck,upper_trunk_chest,neck,upper_trunk_chest__neck,presentation_only,True,True,True,False,,0.00251,0.000424,0.001345,0.00804,0.001345,0.5358,False,True,False,limited,0.6972,False,True,False,False,True,True,False,S0,S0,within_repetition_variability,within_repetition_variability,not_highlighted,Within own repetition variability.,False,False,False,/Users/drorhazan/Desktop/gaga_psilo/projects/gaga_jcvpca/results_committee_case/marker_gap_policy_ex09_13/step08_nv_and_stability/NV_PROFILE.csv,marker_gap_policy_ex09_13/step08_nv_and_stability,671_T1_vs_T3::Chest_to_Neck,matched_single_rep_vs_own_NV
671,D13,671_T1_vs_T3,Baseline → ≈10 classes,T1,T3,10,Chest_to_RShoulder,Chest to right shoulder,Chest_to_RShoulder,right_arm,right,Chest,RShoulder,upper_trunk_chest,right_shoulder,upper_trunk_chest__right_shoulder,presentation_only,True,True,True,False,,-0.01246,0.000497,-0.013957,0.003818,0.013957,1.12,True,False,False,limited,0.6972,False,True,False,False,False,True,False,S1,S1,exceeds_variability_but_direction_unstable,exceeds_variability_but_direction_unstable,not_highlighted,Exceeds variability magnitude but fails direction stability.,False,False,False,/Users/drorhazan/Desktop/gaga_psilo/projects/gaga_jcvpca/results_committee_case/marker_gap_policy_ex09_13/step08_nv_and_stability/NV_PROFILE.csv,marker_gap_policy_ex09_13/step08_nv_and_stability,671_T1_vs_T3::Chest_to_RShoulder,matched_single_rep_vs_own_NV
671,D13,671_T1_vs_T3,Baseline → ≈10 classes,T1,T3,10,LFArm_to_LHand,Left wrist / hand,LFArm_to_LHand,left_arm,left,LFArm,LHand,left_forearm,left_hand,left_forearm__left_hand,presentation_only,True,True,True,False,,0.006083,0.022317,0.072153,0.066686,0.072153,11.8601,True,True,False,limited,0.6972,False,True,False,True,True,True,False,S2,S2,A2_directionally_stable_exceed,beyond_repetition_variability_and_directionally_stable,increased_contribution,Primary validated beyond-NV link (A2).,True,False,True,/Users/drorhazan/Desktop/gaga_psilo/projects/gaga_jcvpca/results_committee_case/marker_gap_policy_ex09_13/step08_nv_and_stability/NV_PROFILE.csv,marker_gap_policy_ex09_13/step08_nv_and_stability,671_T1_vs_T3::LFArm_to_LHand,matched_single_rep_vs_own_NV
671,D13,671_T1_vs_T3,Baseline → ≈10 classes,T1,T3,10,LShin_to_LFoot,Left ankle / foot,LShin_to_LFoot,left_leg,left,LShin,LFoot,left_shin,left_foot,left_shin__left_foot,presentation_only,True,True,True,False,,-0.006009,0.003936,0.008036,0.002252,0.008036,1.3371,True,True,False,limited,0.6972,False,True,False,False,True,True,False,S2,S2,A2_directionally_stable_exceed,beyond_repetition_variability_and_directionally_stable,increased_contribution,Primary validated beyond-NV link (A2).,True,False,True,/Users/drorhazan/Desktop/gaga_psilo/projects/gaga_jcvpca/results_committee_case/marker_gap_policy_ex09_13/step08_nv_and_stability/NV_PROFILE.csv,marker_gap_policy_ex09_13/step08_nv_and_stability,671_T1_vs_T3::LShin_to_LFoot,matched_single_rep_vs_own_NV
671,D13,671_T1_vs_T3,Baseline → ≈10 classes,T1,T3,10,LShoulder_to_LUArm,Left shoulder to upper arm,LShoulder_to_LUArm,left_arm,left,LShoulder,LUArm,left_shoulder,left_upper_arm,left_shoulder__left_upper_arm,presentation_only,True,True,True,False,,0.010641,-0.00469,0.031927,0.036689,0.031927,3.0,True,True,False,limited,0.6972,False,True,False,False,True,True,False,S2,S2,A2_directionally_stable_exceed,beyond_repetition_variability_and_directionally_stable,increased_contribution,Primary validated beyond-NV link (A2).,True,False,True,/Users/drorhazan/Desktop/gaga_psilo/projects/gaga_jcvpca/results_committee_case/marker_gap_policy_ex09_13/step08_nv_and_stability/NV_PROFILE.csv,marker_gap_policy_ex09_13/step08_nv_and_stability,671_T1_vs_T3::LShoulder_to_LUArm,matched_single_rep_vs_own_NV
671,D13,671_T1_vs_T3,Baseline → ≈10 classes,T1,T3,10,LThigh_to_LShin,Left knee,LThigh_to_LShin,left_leg,left,LThigh,LShin,left_thigh,left_shin,left_thigh__left_shin,presentation_only,True,True,True,False,,0.007702,-0.033681,0.030577,0.020705,0.030577,3.9693,True,True,False,limited,0.6972,False,True,False,False,False,False,False,S2,S2,A2_directionally_stable_exceed,beyond_repetition_variability_and_directionally_stable,increased_contribution,Primary validated beyond-NV link (A2).,True,False,True,/Users/drorhazan/Desktop/gaga_psilo/projects/gaga_jcvpca/results_committee_case/marker_gap_policy_ex09_13/step08_nv_and_stability/NV_PROFILE.csv,marker_gap_policy_ex09_13/step08_nv_and_stability,671_T1_vs_T3::LThigh_to_LShin,matched_single_rep_vs_own_NV
671,D13,671_T1_vs_T3,Baseline → ≈10 classes,T1,T3,10,LUArm_to_LFArm,Left elbow,LUArm_to_LFArm,left_arm,left,LUArm,LFArm,left_upper_arm,left_forearm,left_upper_arm__left_forearm,presentation_only,True,True,True,False,,0.000239,0.001087,0.009249,-0.006963,0.009249,38.5498,True,False,False,limited,0.6972,False,True,False,False,True,True,False,S1,S1,exceeds_variability_but_direction_unstable,exceeds_variability_but_direction_unstable,not_highlighted,Exceeds variability magnitude but fails direction stability.,False,False,False,/Users/drorhazan/Desktop/gaga_psilo/projects/gaga_jcvpca/results_committee_case/marker_gap_policy_ex09_13/step08_nv_and_stability/NV_PROFILE.csv,marker_gap_policy_ex09_13/step08_nv_and_stability,671_T1_vs_T3::LUArm_to_LFArm,matched_single_rep_vs_own_NV
671,D13,671_T1_vs_T3,Baseline → ≈10 classes,T1,T3,10,Neck_to_Head,Neck to head (terminal),neck_to_head,head_neck,midline,Neck,Head,neck,head,neck__head,presentation_only,True,True,True,False,,0.00251,0.000424,0.001345,0.00804,0.001345,0.5358,False,True,False,limited,0.6972,False,True,False,False,False,True,False,S0,S0,within_repetition_variability,within_repetition_variability,not_highlighted,Within own repetition variability.,False,False,False,/Users/drorhazan/Desktop/gaga_psilo/projects/gaga_jcvpca/results_committee_case/marker_gap_policy_ex09_13/step08_nv_and_stability/NV_PROFILE.csv,marker_gap_policy_ex09_13/step08_nv_and_stability,671_T1_vs_T3::Neck_to_Head,matched_single_rep_vs_own_NV
671,D13,671_T1_vs_T3,Baseline → ≈10 classes,T1,T3,10,RFArm_to_RHand,Right wrist / hand,RFArm_to_RHand,right_arm,right,RFArm,RHand,right_forearm,right_hand,right_forearm__right_hand,presentation_only,True,True,True,False,,0.015058,0.009452,-0.074223,-0.107381,0.074223,4.9287,True,True,False,limited,0.6972,False,True,False,False,False,True,False,S2,S2,A2_directionally_stable_exceed,beyond_repetition_variability_and_directionally_stable,decreased_contribution,Primary validated beyond-NV link (A2).,True,False,True,/Users/drorhazan/Desktop/gaga_psilo/projects/gaga_jcvpca/results_committee_case/marker_gap_policy_ex09_13/step08_nv_and_stability/NV_PROFILE.csv,marker_gap_policy_ex09_13/step08_nv_and_stability,671_T1_vs_T3::RFArm_to_RHand,matched_single_rep_vs_own_NV
671,D13,671_T1_vs_T3,Baseline → ≈10 classes,T1,T3,10,RShin_to_RFoot,Right ankle / foot,RShin_to_RFoot,right_leg,right,RShin,RFoot,right_shin,right_foot,right_shin__right_foot,presentation_only,True,True,True,False,,-0.004202,0.000303,-0.000221,0.012363,0.000221,0.0526,False,False,False,limited,0.6972,False,True,False,False,False,True,False,S0,S0,within_repetition_variability,within_repetition_variability,not_highlighted,Within own repetition variability.,False,False,False,/Users/drorhazan/Desktop/gaga_psilo/projects/gaga_jcvpca/results_committee_case/marker_gap_policy_ex09_13/step08_nv_and_stability/NV_PROFILE.csv,marker_gap_policy_ex09_13/step08_nv_and_stability,671_T1_vs_T3::RShin_to_RFoot,matched_single_rep_vs_own_NV
671,D13,671_T1_vs_T3,Baseline → ≈10 classes,T1,T3,10,RShoulder_to_RUArm,Right shoulder to upper arm,RShoulder_to_RUArm,right_arm,right,RShoulder,RUArm,right_shoulder,right_upper_arm,right_shoulder__right_upper_arm,presentation_only,True,True,True,False,,-0.031576,0.0111,-0.023761,0.037092,0.023761,0.7525,False,False,False,limited,0.6972,False,True,False,False,True,True,False,S0,S0,within_repetition_variability,within_repetition_variability,not_highlighted,Within own repetition variability.,False,False,False,/Users/drorhazan/Desktop/gaga_psilo/projects/gaga_jcvpca/results_committee_case/marker_gap_policy_ex09_13/step08_nv_and_stability/NV_PROFILE.csv,marker_gap_policy_ex09_13/step08_nv_and_stability,671_T1_vs_T3::RShoulder_to_RUArm,matched_single_rep_vs_own_NV
671,D13,671_T1_vs_T3,Baseline → ≈10 classes,T1,T3,10,RThigh_to_RShin,Right knee,RThigh_to_RShin,right_leg,right,RThigh,RShin,right_thigh,right_shin,right_thigh__right_shin,presentation_only,True,True,True,False,,0.008278,-0.016299,0.018418,0.011437,0.018418,2.2247,True,True,False,limited,0.6972,False,True,False,False,True,True,False,S2,S2,A2_directionally_stable_exceed,beyond_repetition_variability_and_directionally_stable,increased_contribution,Primary validated beyond-NV link (A2).,True,False,True,/Users/drorhazan/Desktop/gaga_psilo/projects/gaga_jcvpca/results_committee_case/marker_gap_policy_ex09_13/step08_nv_and_stability/NV_PROFILE.csv,marker_gap_policy_ex09_13/step08_nv_and_stability,671_T1_vs_T3::RThigh_to_RShin,matched_single_rep_vs_own_NV
671,D13,671_T1_vs_T3,Baseline → ≈10 classes,T1,T3,10,RUArm_to_RFArm,Right elbow,RUArm_to_RFArm,right_arm,right,RUArm,RFArm,right_upper_arm,right_forearm,right_upper_arm__right_forearm,presentation_only,True,True,True,False,,0.047397,-0.062119,0.034188,-0.038987,0.034188,0.7213,False,False,False,limited,0.6972,False,True,False,False,True,True,False,S0,S0,within_repetition_variability,within_repetition_variability,not_highlighted,Within own repetition variability.,False,False,False,/Users/drorhazan/Desktop/gaga_psilo/projects/gaga_jcvpca/results_committee_case/marker_gap_policy_ex09_13/step08_nv_and_stability/NV_PROFILE.csv,marker_gap_policy_ex09_13/step08_nv_and_stability,671_T1_vs_T3::RUArm_to_RFArm,matched_single_rep_vs_own_NV
252,D12,252_T1_vs_T2,Baseline → ≈4 classes,T1,T2,4,252_to_Ab,Pelvis root to abdomen,pelvis_to_Ab,trunk_spine,midline,252,Ab,pelvis,lower_trunk_abdomen,pelvis__lower_trunk_abdomen,presentation_only,True,True,True,False,,-0.000111,0.000292,0.002675,-0.001451,0.002675,23.9539,True,False,False,adequate,0.8108,True,True,False,False,True,True,False,S1,S1,exceeds_variability_but_direction_unstable,exceeds_variability_but_direction_unstable,not_highlighted,Exceeds variability magnitude but fails direction stability.,False,False,False,/Users/drorhazan/Desktop/gaga_psilo/projects/gaga_jcvpca/results_committee_case/marker_gap_policy_ex09_13/step08_nv_and_stability/NV_PROFILE.csv,marker_gap_policy_ex09_13/step08_nv_and_stability,252_T1_vs_T2::252_to_Ab,matched_single_rep_vs_own_NV
252,D12,252_T1_vs_T2,Baseline → ≈4 classes,T1,T2,4,252_to_LThigh,Pelvis root to left thigh,pelvis_to_LThigh,left_leg,left,252,LThigh,pelvis,left_thigh,pelvis__left_thigh,presentation_only,True,True,True,False,,-0.014862,0.008056,0.006459,0.000949,0.006459,0.4346,False,True,False,adequate,0.8108,True,True,False,False,True,True,False,S0,S0,within_repetition_variability,within_repetition_variability,not_highlighted,Within own repetition variability.,False,False,False,/Users/drorhazan/Desktop/gaga_psilo/projects/gaga_jcvpca/results_committee_case/marker_gap_policy_ex09_13/step08_nv_and_stability/NV_PROFILE.csv,marker_gap_policy_ex09_13/step08_nv_and_stability,252_T1_vs_T2::252_to_LThigh,matched_single_rep_vs_own_NV
252,D12,252_T1_vs_T2,Baseline → ≈4 classes,T1,T2,4,252_to_RThigh,Pelvis root to right thigh,pelvis_to_RThigh,right_leg,right,252,RThigh,pelvis,right_thigh,pelvis__right_thigh,presentation_only,True,True,True,False,,-0.012813,0.005614,0.001213,0.01686,0.001213,0.0946,False,True,False,adequate,0.8108,True,True,False,False,True,True,False,S0,S0,within_repetition_variability,within_repetition_variability,not_highlighted,Within own repetition variability.,False,False,False,/Users/drorhazan/Desktop/gaga_psilo/projects/gaga_jcvpca/results_committee_case/marker_gap_policy_ex09_13/step08_nv_and_stability/NV_PROFILE.csv,marker_gap_policy_ex09_13/step08_nv_and_stability,252_T1_vs_T2::252_to_RThigh,matched_single_rep_vs_own_NV
252,D12,252_T1_vs_T2,Baseline → ≈4 classes,T1,T2,4,Ab_to_Spine2,Abdomen to upper lumbar (Spine2),Ab_to_Spine2,trunk_spine,midline,Ab,Spine2,lower_trunk_abdomen,lower_trunk_abdomen,lower_trunk_abdomen__lower_trunk_abdomen,presentation_only,True,True,True,False,,-0.000461,0.000407,0.001165,-0.001361,0.001165,2.5231,True,False,False,adequate,0.8108,True,True,False,False,True,True,False,S1,S1,exceeds_variability_but_direction_unstable,exceeds_variability_but_direction_unstable,not_highlighted,Exceeds variability magnitude but fails direction stability.,False,False,False,/Users/drorhazan/Desktop/gaga_psilo/projects/gaga_jcvpca/results_committee_case/marker_gap_policy_ex09_13/step08_nv_and_stability/NV_PROFILE.csv,marker_gap_policy_ex09_13/step08_nv_and_stability,252_T1_vs_T2::Ab_to_Spine2,matched_single_rep_vs_own_NV
252,D12,252_T1_vs_T2,Baseline → ≈4 classes,T1,T2,4,Chest_to_LShoulder,Chest to left shoulder,Chest_to_LShoulder,left_arm,left,Chest,LShoulder,upper_trunk_chest,left_shoulder,upper_trunk_chest__left_shoulder,presentation_only,True,True,True,False,,-0.001408,4.4e-05,-0.002934,-0.001349,0.002934,2.082,True,True,False,adequate,0.8108,True,True,False,True,True,True,False,S2,S2,A2_directionally_stable_exceed,beyond_repetition_variability_and_directionally_stable,decreased_contribution,Primary validated beyond-NV link (A2).,True,False,True,/Users/drorhazan/Desktop/gaga_psilo/projects/gaga_jcvpca/results_committee_case/marker_gap_policy_ex09_13/step08_nv_and_stability/NV_PROFILE.csv,marker_gap_policy_ex09_13/step08_nv_and_stability,252_T1_vs_T2::Chest_to_LShoulder,matched_single_rep_vs_own_NV
252,D12,252_T1_vs_T2,Baseline → ≈4 classes,T1,T2,4,Chest_to_Neck,Chest to neck base,Chest_to_Neck,head_neck,midline,Chest,Neck,upper_trunk_chest,neck,upper_trunk_chest__neck,presentation_only,True,True,True,False,,0.000761,0.000902,0.003772,-0.000878,0.003772,4.9486,True,False,False,adequate,0.8108,True,True,False,False,True,True,False,S1,S1,exceeds_variability_but_direction_unstable,exceeds_variability_but_direction_unstable,not_highlighted,Exceeds variability magnitude but fails direction stability.,False,False,False,/Users/drorhazan/Desktop/gaga_psilo/projects/gaga_jcvpca/results_committee_case/marker_gap_policy_ex09_13/step08_nv_and_stability/NV_PROFILE.csv,marker_gap_policy_ex09_13/step08_nv_and_stability,252_T1_vs_T2::Chest_to_Neck,matched_single_rep_vs_own_NV
252,D12,252_T1_vs_T2,Baseline → ≈4 classes,T1,T2,4,Chest_to_RShoulder,Chest to right shoulder,Chest_to_RShoulder,right_arm,right,Chest,RShoulder,upper_trunk_chest,right_shoulder,upper_trunk_chest__right_shoulder,presentation_only,True,True,True,False,,0.007521,-0.001288,-0.000656,-0.003348,0.000656,0.0872,False,True,False,adequate,0.8108,True,True,False,False,True,True,False,S0,S0,within_repetition_variability,within_repetition_variability,not_highlighted,Within own repetition variability.,False,False,False,/Users/drorhazan/Desktop/gaga_psilo/projects/gaga_jcvpca/results_committee_case/marker_gap_policy_ex09_13/step08_nv_and_stability/NV_PROFILE.csv,marker_gap_policy_ex09_13/step08_nv_and_stability,252_T1_vs_T2::Chest_to_RShoulder,matched_single_rep_vs_own_NV
252,D12,252_T1_vs_T2,Baseline → ≈4 classes,T1,T2,4,LFArm_to_LHand,Left wrist / hand,LFArm_to_LHand,left_arm,left,LFArm,LHand,left_forearm,left_hand,left_forearm__left_hand,presentation_only,True,True,True,False,,0.017145,0.022304,-0.029157,-0.006639,0.029157,1.7006,True,True,False,adequate,0.8108,True,True,False,False,False,True,False,S2,S2,A2_directionally_stable_exceed,beyond_repetition_variability_and_directionally_stable,decreased_contribution,Primary validated beyond-NV link (A2).,True,False,True,/Users/drorhazan/Desktop/gaga_psilo/projects/gaga_jcvpca/results_committee_case/marker_gap_policy_ex09_13/step08_nv_and_stability/NV_PROFILE.csv,marker_gap_policy_ex09_13/step08_nv_and_stability,252_T1_vs_T2::LFArm_to_LHand,matched_single_rep_vs_own_NV
252,D12,252_T1_vs_T2,Baseline → ≈4 classes,T1,T2,4,LShoulder_to_LUArm,Left shoulder to upper arm,LShoulder_to_LUArm,left_arm,left,LShoulder,LUArm,left_shoulder,left_upper_arm,left_shoulder__left_upper_arm,presentation_only,True,True,True,False,,-0.000463,0.008048,-0.003362,0.000382,0.003362,7.2374,True,False,False,adequate,0.8108,True,True,False,True,True,True,False,S1,S1,exceeds_variability_but_direction_unstable,exceeds_variability_but_direction_unstable,not_highlighted,Exceeds variability magnitude but fails direction stability.,False,False,False,/Users/drorhazan/Desktop/gaga_psilo/projects/gaga_jcvpca/results_committee_case/marker_gap_policy_ex09_13/step08_nv_and_stability/NV_PROFILE.csv,marker_gap_policy_ex09_13/step08_nv_and_stability,252_T1_vs_T2::LShoulder_to_LUArm,matched_single_rep_vs_own_NV
252,D12,252_T1_vs_T2,Baseline → ≈4 classes,T1,T2,4,LUArm_to_LFArm,Left elbow,LUArm_to_LFArm,left_arm,left,LUArm,LFArm,left_upper_arm,left_forearm,left_upper_arm__left_forearm,presentation_only,True,True,True,False,,-0.028614,0.026789,-0.0097,0.011484,0.0097,0.339,False,False,False,adequate,0.8108,True,True,False,False,True,True,False,S0,S0,within_repetition_variability,within_repetition_variability,not_highlighted,Within own repetition variability.,False,False,False,/Users/drorhazan/Desktop/gaga_psilo/projects/gaga_jcvpca/results_committee_case/marker_gap_policy_ex09_13/step08_nv_and_stability/NV_PROFILE.csv,marker_gap_policy_ex09_13/step08_nv_and_stability,252_T1_vs_T2::LUArm_to_LFArm,matched_single_rep_vs_own_NV
252,D12,252_T1_vs_T2,Baseline → ≈4 classes,T1,T2,4,Neck2_to_Head,Neck to head (terminal),neck_to_head,head_neck,midline,Neck2,Head,neck,head,neck__head,presentation_only,True,True,True,False,,0.000794,0.000972,0.003771,-0.000815,0.003771,4.7422,True,False,False,adequate,0.8108,True,True,False,False,True,True,False,S1,S1,exceeds_variability_but_direction_unstable,exceeds_variability_but_direction_unstable,not_highlighted,Exceeds variability magnitude but fails direction stability.,False,False,False,/Users/drorhazan/Desktop/gaga_psilo/projects/gaga_jcvpca/results_committee_case/marker_gap_policy_ex09_13/step08_nv_and_stability/NV_PROFILE.csv,marker_gap_policy_ex09_13/step08_nv_and_stability,252_T1_vs_T2::Neck2_to_Head,matched_single_rep_vs_own_NV
252,D12,252_T1_vs_T2,Baseline → ≈4 classes,T1,T2,4,Neck_to_Neck2,Neck to upper neck (Neck2),Neck_to_Neck2,head_neck,midline,Neck,Neck2,neck,neck,neck__neck,presentation_only,True,True,True,False,,0.000779,0.000949,0.003764,-0.000834,0.003764,4.8227,True,False,False,adequate,0.8108,True,True,False,False,True,True,False,S1,S1,exceeds_variability_but_direction_unstable,exceeds_variability_but_direction_unstable,not_highlighted,Exceeds variability magnitude but fails direction stability.,False,False,False,/Users/drorhazan/Desktop/gaga_psilo/projects/gaga_jcvpca/results_committee_case/marker_gap_policy_ex09_13/step08_nv_and_stability/NV_PROFILE.csv,marker_gap_policy_ex09_13/step08_nv_and_stability,252_T1_vs_T2::Neck_to_Neck2,matched_single_rep_vs_own_NV
252,D12,252_T1_vs_T2,Baseline → ≈4 classes,T1,T2,4,RFArm_to_RHand,Right wrist / hand,RFArm_to_RHand,right_arm,right,RFArm,RHand,right_forearm,right_hand,right_forearm__right_hand,presentation_only,True,True,True,False,,0.007616,-0.007402,0.007673,0.013198,0.007673,1.0073,True,True,False,adequate,0.8108,True,True,False,True,True,True,False,S2,S2,A2_directionally_stable_exceed,beyond_repetition_variability_and_directionally_stable,increased_contribution,Primary validated beyond-NV link (A2).,True,False,True,/Users/drorhazan/Desktop/gaga_psilo/projects/gaga_jcvpca/results_committee_case/marker_gap_policy_ex09_13/step08_nv_and_stability/NV_PROFILE.csv,marker_gap_policy_ex09_13/step08_nv_and_stability,252_T1_vs_T2::RFArm_to_RHand,matched_single_rep_vs_own_NV
252,D12,252_T1_vs_T2,Baseline → ≈4 classes,T1,T2,4,RShin_to_RFoot,Right ankle / foot,RShin_to_RFoot,right_leg,right,RShin,RFoot,right_shin,right_foot,right_shin__right_foot,presentation_only,True,True,True,False,,-0.003758,0.002545,-0.00209,-0.001185,0.00209,0.5562,False,True,False,adequate,0.8108,True,True,False,False,True,True,False,S0,S0,within_repetition_variability,within_repetition_variability,not_highlighted,Within own repetition variability.,False,False,False,/Users/drorhazan/Desktop/gaga_psilo/projects/gaga_jcvpca/results_committee_case/marker_gap_policy_ex09_13/step08_nv_and_stability/NV_PROFILE.csv,marker_gap_policy_ex09_13/step08_nv_and_stability,252_T1_vs_T2::RShin_to_RFoot,matched_single_rep_vs_own_NV
252,D12,252_T1_vs_T2,Baseline → ≈4 classes,T1,T2,4,RShoulder_to_RUArm,Right shoulder to upper arm,RShoulder_to_RUArm,right_arm,right,RShoulder,RUArm,right_shoulder,right_upper_arm,right_shoulder__right_upper_arm,presentation_only,True,True,True,False,,-0.009571,0.001211,0.005369,-0.004651,0.005369,0.5609,False,False,False,adequate,0.8108,True,True,False,False,True,True,False,S0,S0,within_repetition_variability,within_repetition_variability,not_highlighted,Within own repetition variability.,False,False,False,/Users/drorhazan/Desktop/gaga_psilo/projects/gaga_jcvpca/results_committee_case/marker_gap_policy_ex09_13/step08_nv_and_stability/NV_PROFILE.csv,marker_gap_policy_ex09_13/step08_nv_and_stability,252_T1_vs_T2::RShoulder_to_RUArm,matched_single_rep_vs_own_NV
252,D12,252_T1_vs_T2,Baseline → ≈4 classes,T1,T2,4,RThigh_to_RShin,Right knee,RThigh_to_RShin,right_leg,right,RThigh,RShin,right_thigh,right_shin,right_thigh__right_shin,presentation_only,True,True,True,False,,-0.011071,0.02709,-0.002005,0.0502,0.002005,0.1811,False,False,False,adequate,0.8108,True,True,False,True,True,True,False,S0,S0,within_repetition_variability,within_repetition_variability,not_highlighted,Within own repetition variability.,False,False,False,/Users/drorhazan/Desktop/gaga_psilo/projects/gaga_jcvpca/results_committee_case/marker_gap_policy_ex09_13/step08_nv_and_stability/NV_PROFILE.csv,marker_gap_policy_ex09_13/step08_nv_and_stability,252_T1_vs_T2::RThigh_to_RShin,matched_single_rep_vs_own_NV
252,D12,252_T1_vs_T2,Baseline → ≈4 classes,T1,T2,4,RUArm_to_RFArm,Right elbow,RUArm_to_RFArm,right_arm,right,RUArm,RFArm,right_upper_arm,right_forearm,right_upper_arm__right_forearm,presentation_only,True,True,True,False,,-0.009302,0.008136,-0.007415,0.002555,0.007415,0.797,False,False,False,adequate,0.8108,True,True,False,False,True,True,False,S0,S0,within_repetition_variability,within_repetition_variability,not_highlighted,Within own repetition variability.,False,False,False,/Users/drorhazan/Desktop/gaga_psilo/projects/gaga_jcvpca/results_committee_case/marker_gap_policy_ex09_13/step08_nv_and_stability/NV_PROFILE.csv,marker_gap_policy_ex09_13/step08_nv_and_stability,252_T1_vs_T2::RUArm_to_RFArm,matched_single_rep_vs_own_NV
252,D12,252_T1_vs_T2,Baseline → ≈4 classes,T1,T2,4,Spine2_to_Spine3,Lumbar spine segment,Spine2_to_Spine3,trunk_spine,midline,Spine2,Spine3,lower_trunk_abdomen,upper_trunk_chest,lower_trunk_abdomen__upper_trunk_chest,presentation_only,True,True,True,False,,-0.000458,0.000408,0.001168,-0.001358,0.001168,2.5433,True,False,False,adequate,0.8108,True,True,False,False,True,True,False,S1,S1,exceeds_variability_but_direction_unstable,exceeds_variability_but_direction_unstable,not_highlighted,Exceeds variability magnitude but fails direction stability.,False,False,False,/Users/drorhazan/Desktop/gaga_psilo/projects/gaga_jcvpca/results_committee_case/marker_gap_policy_ex09_13/step08_nv_and_stability/NV_PROFILE.csv,marker_gap_policy_ex09_13/step08_nv_and_stability,252_T1_vs_T2::Spine2_to_Spine3,matched_single_rep_vs_own_NV
252,D12,252_T1_vs_T2,Baseline → ≈4 classes,T1,T2,4,Spine3_to_Spine4,Thoracic spine segment,Spine3_to_Spine4,trunk_spine,midline,Spine3,Spine4,upper_trunk_chest,upper_trunk_chest,upper_trunk_chest__upper_trunk_chest,presentation_only,True,True,True,False,,-0.00046,0.000407,0.001167,-0.001359,0.001167,2.5293,True,False,False,adequate,0.8108,True,True,False,False,True,True,False,S1,S1,exceeds_variability_but_direction_unstable,exceeds_variability_but_direction_unstable,not_highlighted,Exceeds variability magnitude but fails direction stability.,False,False,False,/Users/drorhazan/Desktop/gaga_psilo/projects/gaga_jcvpca/results_committee_case/marker_gap_policy_ex09_13/step08_nv_and_stability/NV_PROFILE.csv,marker_gap_policy_ex09_13/step08_nv_and_stability,252_T1_vs_T2::Spine3_to_Spine4,matched_single_rep_vs_own_NV
252,D12,252_T1_vs_T2,Baseline → ≈4 classes,T1,T2,4,Spine4_to_Chest,Upper trunk to chest,Spine4_to_Chest,trunk_spine,midline,Spine4,Chest,upper_trunk_chest,upper_trunk_chest,upper_trunk_chest__upper_trunk_chest,presentation_only,True,True,True,False,,-0.000461,0.000407,0.001166,-0.001359,0.001166,2.5249,True,False,False,adequate,0.8108,True,True,False,False,True,True,False,S1,S1,exceeds_variability_but_direction_unstable,exceeds_variability_but_direction_unstable,not_highlighted,Exceeds variability magnitude but fails direction stability.,False,False,False,/Users/drorhazan/Desktop/gaga_psilo/projects/gaga_jcvpca/results_committee_case/marker_gap_policy_ex09_13/step08_nv_and_stability/NV_PROFILE.csv,marker_gap_policy_ex09_13/step08_nv_and_stability,252_T1_vs_T2::Spine4_to_Chest,matched_single_rep_vs_own_NV
252,D13,252_T1_vs_T3,Baseline → ≈10 classes,T1,T3,10,252_to_Ab,Pelvis root to abdomen,pelvis_to_Ab,trunk_spine,midline,252,Ab,pelvis,lower_trunk_abdomen,pelvis__lower_trunk_abdomen,presentation_only,True,True,True,False,,-0.000111,0.000292,-0.001039,0.001452,0.001039,9.3016,True,False,False,limited,0.6005,False,True,False,False,True,True,False,S1,S1,exceeds_variability_but_direction_unstable,exceeds_variability_but_direction_unstable,not_highlighted,Exceeds variability magnitude but fails direction stability.,False,False,False,/Users/drorhazan/Desktop/gaga_psilo/projects/gaga_jcvpca/results_committee_case/marker_gap_policy_ex09_13/step08_nv_and_stability/NV_PROFILE.csv,marker_gap_policy_ex09_13/step08_nv_and_stability,252_T1_vs_T3::252_to_Ab,matched_single_rep_vs_own_NV
252,D13,252_T1_vs_T3,Baseline → ≈10 classes,T1,T3,10,252_to_LThigh,Pelvis root to left thigh,pelvis_to_LThigh,left_leg,left,252,LThigh,pelvis,left_thigh,pelvis__left_thigh,presentation_only,True,True,True,False,,-0.014862,0.008056,0.008873,0.020102,0.008873,0.597,False,True,False,limited,0.6005,False,True,False,False,True,True,False,S0,S0,within_repetition_variability,within_repetition_variability,not_highlighted,Within own repetition variability.,False,False,False,/Users/drorhazan/Desktop/gaga_psilo/projects/gaga_jcvpca/results_committee_case/marker_gap_policy_ex09_13/step08_nv_and_stability/NV_PROFILE.csv,marker_gap_policy_ex09_13/step08_nv_and_stability,252_T1_vs_T3::252_to_LThigh,matched_single_rep_vs_own_NV
252,D13,252_T1_vs_T3,Baseline → ≈10 classes,T1,T3,10,252_to_RThigh,Pelvis root to right thigh,pelvis_to_RThigh,right_leg,right,252,RThigh,pelvis,right_thigh,pelvis__right_thigh,presentation_only,True,True,True,False,,-0.012813,0.005614,0.020756,0.050631,0.020756,1.6198,True,True,False,limited,0.6005,False,True,False,True,True,True,False,S2,S2,A2_directionally_stable_exceed,beyond_repetition_variability_and_directionally_stable,increased_contribution,Primary validated beyond-NV link (A2).,True,False,True,/Users/drorhazan/Desktop/gaga_psilo/projects/gaga_jcvpca/results_committee_case/marker_gap_policy_ex09_13/step08_nv_and_stability/NV_PROFILE.csv,marker_gap_policy_ex09_13/step08_nv_and_stability,252_T1_vs_T3::252_to_RThigh,matched_single_rep_vs_own_NV
252,D13,252_T1_vs_T3,Baseline → ≈10 classes,T1,T3,10,Ab_to_Spine2,Abdomen to upper lumbar (Spine2),Ab_to_Spine2,trunk_spine,midline,Ab,Spine2,lower_trunk_abdomen,lower_trunk_abdomen,lower_trunk_abdomen__lower_trunk_abdomen,presentation_only,True,True,True,False,,-0.000461,0.000407,-0.002063,0.002542,0.002063,4.4686,True,False,False,limited,0.6005,False,True,False,False,True,True,False,S1,S1,exceeds_variability_but_direction_unstable,exceeds_variability_but_direction_unstable,not_highlighted,Exceeds variability magnitude but fails direction stability.,False,False,False,/Users/drorhazan/Desktop/gaga_psilo/projects/gaga_jcvpca/results_committee_case/marker_gap_policy_ex09_13/step08_nv_and_stability/NV_PROFILE.csv,marker_gap_policy_ex09_13/step08_nv_and_stability,252_T1_vs_T3::Ab_to_Spine2,matched_single_rep_vs_own_NV
252,D13,252_T1_vs_T3,Baseline → ≈10 classes,T1,T3,10,Chest_to_LShoulder,Chest to left shoulder,Chest_to_LShoulder,left_arm,left,Chest,LShoulder,upper_trunk_chest,left_shoulder,upper_trunk_chest__left_shoulder,presentation_only,True,True,True,False,,-0.001408,4.4e-05,0.003257,0.011721,0.003257,2.311,True,True,False,limited,0.6005,False,True,False,True,True,True,False,S2,S2,A2_directionally_stable_exceed,beyond_repetition_variability_and_directionally_stable,increased_contribution,Primary validated beyond-NV link (A2).,True,False,True,/Users/drorhazan/Desktop/gaga_psilo/projects/gaga_jcvpca/results_committee_case/marker_gap_policy_ex09_13/step08_nv_and_stability/NV_PROFILE.csv,marker_gap_policy_ex09_13/step08_nv_and_stability,252_T1_vs_T3::Chest_to_LShoulder,matched_single_rep_vs_own_NV
252,D13,252_T1_vs_T3,Baseline → ≈10 classes,T1,T3,10,Chest_to_Neck,Chest to neck base,Chest_to_Neck,head_neck,midline,Chest,Neck,upper_trunk_chest,neck,upper_trunk_chest__neck,presentation_only,True,True,True,False,,0.000761,0.000902,0.004769,0.015781,0.004769,6.2565,True,True,False,limited,0.6005,False,True,False,False,True,True,False,S2,S2,A2_directionally_stable_exceed,beyond_repetition_variability_and_directionally_stable,increased_contribution,Primary validated beyond-NV link (A2).,True,False,True,/Users/drorhazan/Desktop/gaga_psilo/projects/gaga_jcvpca/results_committee_case/marker_gap_policy_ex09_13/step08_nv_and_stability/NV_PROFILE.csv,marker_gap_policy_ex09_13/step08_nv_and_stability,252_T1_vs_T3::Chest_to_Neck,matched_single_rep_vs_own_NV
252,D13,252_T1_vs_T3,Baseline → ≈10 classes,T1,T3,10,Chest_to_RShoulder,Chest to right shoulder,Chest_to_RShoulder,right_arm,right,Chest,RShoulder,upper_trunk_chest,right_shoulder,upper_trunk_chest__right_shoulder,presentation_only,True,True,True,False,,0.007521,-0.001288,0.001628,0.006741,0.001628,0.2164,False,True,False,limited,0.6005,False,True,False,True,True,True,False,S0,S0,within_repetition_variability,within_repetition_variability,not_highlighted,Within own repetition variability.,False,False,False,/Users/drorhazan/Desktop/gaga_psilo/projects/gaga_jcvpca/results_committee_case/marker_gap_policy_ex09_13/step08_nv_and_stability/NV_PROFILE.csv,marker_gap_policy_ex09_13/step08_nv_and_stability,252_T1_vs_T3::Chest_to_RShoulder,matched_single_rep_vs_own_NV
252,D13,252_T1_vs_T3,Baseline → ≈10 classes,T1,T3,10,LFArm_to_LHand,Left wrist / hand,LFArm_to_LHand,left_arm,left,LFArm,LHand,left_forearm,left_hand,left_forearm__left_hand,presentation_only,True,True,True,False,,0.017145,0.022304,-0.017841,0.044134,0.017841,1.0405,True,False,False,limited,0.6005,False,True,False,False,False,True,False,S1,S1,exceeds_variability_but_direction_unstable,exceeds_variability_but_direction_unstable,not_highlighted,Exceeds variability magnitude but fails direction stability.,False,False,False,/Users/drorhazan/Desktop/gaga_psilo/projects/gaga_jcvpca/results_committee_case/marker_gap_policy_ex09_13/step08_nv_and_stability/NV_PROFILE.csv,marker_gap_policy_ex09_13/step08_nv_and_stability,252_T1_vs_T3::LFArm_to_LHand,matched_single_rep_vs_own_NV
252,D13,252_T1_vs_T3,Baseline → ≈10 classes,T1,T3,10,LShoulder_to_LUArm,Left shoulder to upper arm,LShoulder_to_LUArm,left_arm,left,LShoulder,LUArm,left_shoulder,left_upper_arm,left_shoulder__left_upper_arm,presentation_only,True,True,True,False,,-0.000463,0.008048,0.017694,0.013384,0.017694,38.0945,True,True,False,limited,0.6005,False,True,False,True,True,True,False,S2,S2,A2_directionally_stable_exceed,beyond_repetition_variability_and_directionally_stable,increased_contribution,Primary validated beyond-NV link (A2).,True,False,True,/Users/drorhazan/Desktop/gaga_psilo/projects/gaga_jcvpca/results_committee_case/marker_gap_policy_ex09_13/step08_nv_and_stability/NV_PROFILE.csv,marker_gap_policy_ex09_13/step08_nv_and_stability,252_T1_vs_T3::LShoulder_to_LUArm,matched_single_rep_vs_own_NV
252,D13,252_T1_vs_T3,Baseline → ≈10 classes,T1,T3,10,LUArm_to_LFArm,Left elbow,LUArm_to_LFArm,left_arm,left,LUArm,LFArm,left_upper_arm,left_forearm,left_upper_arm__left_forearm,presentation_only,True,True,True,False,,-0.028614,0.026789,-0.074751,-0.044247,0.074751,2.6123,True,True,False,limited,0.6005,False,True,False,True,True,True,False,S2,S2,A2_directionally_stable_exceed,beyond_repetition_variability_and_directionally_stable,decreased_contribution,Primary validated beyond-NV link (A2).,True,False,True,/Users/drorhazan/Desktop/gaga_psilo/projects/gaga_jcvpca/results_committee_case/marker_gap_policy_ex09_13/step08_nv_and_stability/NV_PROFILE.csv,marker_gap_policy_ex09_13/step08_nv_and_stability,252_T1_vs_T3::LUArm_to_LFArm,matched_single_rep_vs_own_NV
252,D13,252_T1_vs_T3,Baseline → ≈10 classes,T1,T3,10,Neck2_to_Head,Neck to head (terminal),neck_to_head,head_neck,midline,Neck2,Head,neck,head,neck__head,presentation_only,True,True,True,False,,0.000794,0.000972,0.004837,0.015802,0.004837,6.0823,True,True,False,limited,0.6005,False,True,False,False,True,True,False,S2,S2,A2_directionally_stable_exceed,beyond_repetition_variability_and_directionally_stable,increased_contribution,Primary validated beyond-NV link (A2).,True,False,True,/Users/drorhazan/Desktop/gaga_psilo/projects/gaga_jcvpca/results_committee_case/marker_gap_policy_ex09_13/step08_nv_and_stability/NV_PROFILE.csv,marker_gap_policy_ex09_13/step08_nv_and_stability,252_T1_vs_T3::Neck2_to_Head,matched_single_rep_vs_own_NV
252,D13,252_T1_vs_T3,Baseline → ≈10 classes,T1,T3,10,Neck_to_Neck2,Neck to upper neck (Neck2),Neck_to_Neck2,head_neck,midline,Neck,Neck2,neck,neck,neck__neck,presentation_only,True,True,True,False,,0.000779,0.000949,0.004812,0.015787,0.004812,6.1663,True,True,False,limited,0.6005,False,True,False,False,True,True,False,S2,S2,A2_directionally_stable_exceed,beyond_repetition_variability_and_directionally_stable,increased_contribution,Primary validated beyond-NV link (A2).,True,False,True,/Users/drorhazan/Desktop/gaga_psilo/projects/gaga_jcvpca/results_committee_case/marker_gap_policy_ex09_13/step08_nv_and_stability/NV_PROFILE.csv,marker_gap_policy_ex09_13/step08_nv_and_stability,252_T1_vs_T3::Neck_to_Neck2,matched_single_rep_vs_own_NV
252,D13,252_T1_vs_T3,Baseline → ≈10 classes,T1,T3,10,RFArm_to_RHand,Right wrist / hand,RFArm_to_RHand,right_arm,right,RFArm,RHand,right_forearm,right_hand,right_forearm__right_hand,presentation_only,True,True,True,False,,0.007616,-0.007402,-0.016154,-0.010547,0.016154,2.1207,True,True,False,limited,0.6005,False,True,False,True,True,True,False,S2,S2,A2_directionally_stable_exceed,beyond_repetition_variability_and_directionally_stable,decreased_contribution,Primary validated beyond-NV link (A2).,True,False,True,/Users/drorhazan/Desktop/gaga_psilo/projects/gaga_jcvpca/results_committee_case/marker_gap_policy_ex09_13/step08_nv_and_stability/NV_PROFILE.csv,marker_gap_policy_ex09_13/step08_nv_and_stability,252_T1_vs_T3::RFArm_to_RHand,matched_single_rep_vs_own_NV
252,D13,252_T1_vs_T3,Baseline → ≈10 classes,T1,T3,10,RShin_to_RFoot,Right ankle / foot,RShin_to_RFoot,right_leg,right,RShin,RFoot,right_shin,right_foot,right_shin__right_foot,presentation_only,True,True,True,False,,-0.003758,0.002545,0.012224,0.021381,0.012224,3.2525,True,True,False,limited,0.6005,False,True,False,True,True,True,False,S2,S2,A2_directionally_stable_exceed,beyond_repetition_variability_and_directionally_stable,increased_contribution,Primary validated beyond-NV link (A2).,True,False,True,/Users/drorhazan/Desktop/gaga_psilo/projects/gaga_jcvpca/results_committee_case/marker_gap_policy_ex09_13/step08_nv_and_stability/NV_PROFILE.csv,marker_gap_policy_ex09_13/step08_nv_and_stability,252_T1_vs_T3::RShin_to_RFoot,matched_single_rep_vs_own_NV
252,D13,252_T1_vs_T3,Baseline → ≈10 classes,T1,T3,10,RShoulder_to_RUArm,Right shoulder to upper arm,RShoulder_to_RUArm,right_arm,right,RShoulder,RUArm,right_shoulder,right_upper_arm,right_shoulder__right_upper_arm,presentation_only,True,True,True,False,,-0.009571,0.001211,0.020613,0.006681,0.020613,2.1535,True,True,False,limited,0.6005,False,True,False,True,True,True,False,S2,S2,A2_directionally_stable_exceed,beyond_repetition_variability_and_directionally_stable,increased_contribution,Primary validated beyond-NV link (A2).,True,False,True,/Users/drorhazan/Desktop/gaga_psilo/projects/gaga_jcvpca/results_committee_case/marker_gap_policy_ex09_13/step08_nv_and_stability/NV_PROFILE.csv,marker_gap_policy_ex09_13/step08_nv_and_stability,252_T1_vs_T3::RShoulder_to_RUArm,matched_single_rep_vs_own_NV
252,D13,252_T1_vs_T3,Baseline → ≈10 classes,T1,T3,10,RThigh_to_RShin,Right knee,RThigh_to_RShin,right_leg,right,RThigh,RShin,right_thigh,right_shin,right_thigh__right_shin,presentation_only,True,True,True,False,,-0.011071,0.02709,0.052289,0.080246,0.052289,4.7226,True,True,False,limited,0.6005,False,True,False,True,True,True,False,S2,S2,A2_directionally_stable_exceed,beyond_repetition_variability_and_directionally_stable,increased_contribution,Primary validated beyond-NV link (A2).,True,False,True,/Users/drorhazan/Desktop/gaga_psilo/projects/gaga_jcvpca/results_committee_case/marker_gap_policy_ex09_13/step08_nv_and_stability/NV_PROFILE.csv,marker_gap_policy_ex09_13/step08_nv_and_stability,252_T1_vs_T3::RThigh_to_RShin,matched_single_rep_vs_own_NV
252,D13,252_T1_vs_T3,Baseline → ≈10 classes,T1,T3,10,RUArm_to_RFArm,Right elbow,RUArm_to_RFArm,right_arm,right,RUArm,RFArm,right_upper_arm,right_forearm,right_upper_arm__right_forearm,presentation_only,True,True,True,False,,-0.009302,0.008136,-0.06444,-0.022852,0.06444,6.9268,True,True,False,limited,0.6005,False,True,False,True,True,True,False,S2,S2,A2_directionally_stable_exceed,beyond_repetition_variability_and_directionally_stable,decreased_contribution,Primary validated beyond-NV link (A2).,True,False,True,/Users/drorhazan/Desktop/gaga_psilo/projects/gaga_jcvpca/results_committee_case/marker_gap_policy_ex09_13/step08_nv_and_stability/NV_PROFILE.csv,marker_gap_policy_ex09_13/step08_nv_and_stability,252_T1_vs_T3::RUArm_to_RFArm,matched_single_rep_vs_own_NV
252,D13,252_T1_vs_T3,Baseline → ≈10 classes,T1,T3,10,Spine2_to_Spine3,Lumbar spine segment,Spine2_to_Spine3,trunk_spine,midline,Spine2,Spine3,lower_trunk_abdomen,upper_trunk_chest,lower_trunk_abdomen__upper_trunk_chest,presentation_only,True,True,True,False,,-0.000458,0.000408,-0.002075,0.002539,0.002075,4.5171,True,False,False,limited,0.6005,False,True,False,False,True,True,False,S1,S1,exceeds_variability_but_direction_unstable,exceeds_variability_but_direction_unstable,not_highlighted,Exceeds variability magnitude but fails direction stability.,False,False,False,/Users/drorhazan/Desktop/gaga_psilo/projects/gaga_jcvpca/results_committee_case/marker_gap_policy_ex09_13/step08_nv_and_stability/NV_PROFILE.csv,marker_gap_policy_ex09_13/step08_nv_and_stability,252_T1_vs_T3::Spine2_to_Spine3,matched_single_rep_vs_own_NV
252,D13,252_T1_vs_T3,Baseline → ≈10 classes,T1,T3,10,Spine3_to_Spine4,Thoracic spine segment,Spine3_to_Spine4,trunk_spine,midline,Spine3,Spine4,upper_trunk_chest,upper_trunk_chest,upper_trunk_chest__upper_trunk_chest,presentation_only,True,True,True,False,,-0.00046,0.000407,-0.00207,0.00254,0.00207,4.4865,True,False,False,limited,0.6005,False,True,False,False,True,True,False,S1,S1,exceeds_variability_but_direction_unstable,exceeds_variability_but_direction_unstable,not_highlighted,Exceeds variability magnitude but fails direction stability.,False,False,False,/Users/drorhazan/Desktop/gaga_psilo/projects/gaga_jcvpca/results_committee_case/marker_gap_policy_ex09_13/step08_nv_and_stability/NV_PROFILE.csv,marker_gap_policy_ex09_13/step08_nv_and_stability,252_T1_vs_T3::Spine3_to_Spine4,matched_single_rep_vs_own_NV
252,D13,252_T1_vs_T3,Baseline → ≈10 classes,T1,T3,10,Spine4_to_Chest,Upper trunk to chest,Spine4_to_Chest,trunk_spine,midline,Spine4,Chest,upper_trunk_chest,upper_trunk_chest,upper_trunk_chest__upper_trunk_chest,presentation_only,True,True,True,False,,-0.000461,0.000407,-0.002067,0.002541,0.002067,4.4753,True,False,False,limited,0.6005,False,True,False,False,True,True,False,S1,S1,exceeds_variability_but_direction_unstable,exceeds_variability_but_direction_unstable,not_highlighted,Exceeds variability magnitude but fails direction stability.,False,False,False,/Users/drorhazan/Desktop/gaga_psilo/projects/gaga_jcvpca/results_committee_case/marker_gap_policy_ex09_13/step08_nv_and_stability/NV_PROFILE.csv,marker_gap_policy_ex09_13/step08_nv_and_stability,252_T1_vs_T3::Spine4_to_Chest,matched_single_rep_vs_own_NV
651,D12,651_T1_vs_T2,Baseline → ≈4 classes,T1,T2,4,LFArm_to_LHand,Left wrist / hand,LFArm_to_LHand,left_arm,left,LFArm,LHand,left_forearm,left_hand,left_forearm__left_hand,presentation_only,True,True,True,False,,0.041373,-0.032506,0.062507,0.042895,0.062507,1.5108,True,True,False,adequate,0.8366,True,True,False,True,True,True,False,S2,S2,A2_directionally_stable_exceed,beyond_repetition_variability_and_directionally_stable,increased_contribution,Primary validated beyond-NV link (A2).,True,False,True,/Users/drorhazan/Desktop/gaga_psilo/projects/gaga_jcvpca/results_committee_case/marker_gap_policy_ex09_13/step08_nv_and_stability/NV_PROFILE.csv,marker_gap_policy_ex09_13/step08_nv_and_stability,651_T1_vs_T2::LFArm_to_LHand,matched_single_rep_vs_own_NV
651,D12,651_T1_vs_T2,Baseline → ≈4 classes,T1,T2,4,LShin_to_LFoot,Left ankle / foot,LShin_to_LFoot,left_leg,left,LShin,LFoot,left_shin,left_foot,left_shin__left_foot,presentation_only,True,True,True,False,,-0.009251,0.007549,-0.008033,-0.007073,0.008033,0.8682,False,True,False,adequate,0.8366,True,True,False,True,True,True,False,S0,S0,within_repetition_variability,within_repetition_variability,not_highlighted,Within own repetition variability.,False,False,False,/Users/drorhazan/Desktop/gaga_psilo/projects/gaga_jcvpca/results_committee_case/marker_gap_policy_ex09_13/step08_nv_and_stability/NV_PROFILE.csv,marker_gap_policy_ex09_13/step08_nv_and_stability,651_T1_vs_T2::LShin_to_LFoot,matched_single_rep_vs_own_NV
651,D12,651_T1_vs_T2,Baseline → ≈4 classes,T1,T2,4,LShoulder_to_LUArm,Left shoulder to upper arm,LShoulder_to_LUArm,left_arm,left,LShoulder,LUArm,left_shoulder,left_upper_arm,left_shoulder__left_upper_arm,presentation_only,True,True,True,False,,-0.020892,0.020861,-0.025173,0.014383,0.025173,1.2048,True,False,False,adequate,0.8366,True,True,False,False,True,True,False,S1,S1,exceeds_variability_but_direction_unstable,exceeds_variability_but_direction_unstable,not_highlighted,Exceeds variability magnitude but fails direction stability.,False,False,False,/Users/drorhazan/Desktop/gaga_psilo/projects/gaga_jcvpca/results_committee_case/marker_gap_policy_ex09_13/step08_nv_and_stability/NV_PROFILE.csv,marker_gap_policy_ex09_13/step08_nv_and_stability,651_T1_vs_T2::LShoulder_to_LUArm,matched_single_rep_vs_own_NV
651,D12,651_T1_vs_T2,Baseline → ≈4 classes,T1,T2,4,LThigh_to_LShin,Left knee,LThigh_to_LShin,left_leg,left,LThigh,LShin,left_thigh,left_shin,left_thigh__left_shin,presentation_only,True,True,True,False,,0.00711,-0.003976,-0.004371,-0.003879,0.004371,0.6146,False,True,False,adequate,0.8366,True,True,False,True,True,True,False,S0,S0,within_repetition_variability,within_repetition_variability,not_highlighted,Within own repetition variability.,False,False,False,/Users/drorhazan/Desktop/gaga_psilo/projects/gaga_jcvpca/results_committee_case/marker_gap_policy_ex09_13/step08_nv_and_stability/NV_PROFILE.csv,marker_gap_policy_ex09_13/step08_nv_and_stability,651_T1_vs_T2::LThigh_to_LShin,matched_single_rep_vs_own_NV
651,D12,651_T1_vs_T2,Baseline → ≈4 classes,T1,T2,4,LUArm_to_LFArm,Left elbow,LUArm_to_LFArm,left_arm,left,LUArm,LFArm,left_upper_arm,left_forearm,left_upper_arm__left_forearm,presentation_only,True,True,True,False,,0.004829,-0.003899,0.035538,0.014735,0.035538,7.358,True,True,False,adequate,0.8366,True,True,False,True,True,True,False,S2,S2,A2_directionally_stable_exceed,beyond_repetition_variability_and_directionally_stable,increased_contribution,Primary validated beyond-NV link (A2).,True,False,True,/Users/drorhazan/Desktop/gaga_psilo/projects/gaga_jcvpca/results_committee_case/marker_gap_policy_ex09_13/step08_nv_and_stability/NV_PROFILE.csv,marker_gap_policy_ex09_13/step08_nv_and_stability,651_T1_vs_T2::LUArm_to_LFArm,matched_single_rep_vs_own_NV
651,D12,651_T1_vs_T2,Baseline → ≈4 classes,T1,T2,4,RFArm_to_RHand,Right wrist / hand,RFArm_to_RHand,right_arm,right,RFArm,RHand,right_forearm,right_hand,right_forearm__right_hand,presentation_only,True,True,True,False,,0.024692,-0.028252,-0.022604,-0.038572,0.022604,0.9154,False,True,False,adequate,0.8366,True,True,False,True,True,True,False,S0,S0,within_repetition_variability,within_repetition_variability,not_highlighted,Within own repetition variability.,False,False,False,/Users/drorhazan/Desktop/gaga_psilo/projects/gaga_jcvpca/results_committee_case/marker_gap_policy_ex09_13/step08_nv_and_stability/NV_PROFILE.csv,marker_gap_policy_ex09_13/step08_nv_and_stability,651_T1_vs_T2::RFArm_to_RHand,matched_single_rep_vs_own_NV
651,D12,651_T1_vs_T2,Baseline → ≈4 classes,T1,T2,4,RShin_to_RFoot,Right ankle / foot,RShin_to_RFoot,right_leg,right,RShin,RFoot,right_shin,right_foot,right_shin__right_foot,presentation_only,True,True,True,False,,-0.002556,0.008242,0.004086,-0.007358,0.004086,1.5982,True,False,False,adequate,0.8366,True,True,False,True,True,True,False,S1,S1,exceeds_variability_but_direction_unstable,exceeds_variability_but_direction_unstable,not_highlighted,Exceeds variability magnitude but fails direction stability.,False,False,False,/Users/drorhazan/Desktop/gaga_psilo/projects/gaga_jcvpca/results_committee_case/marker_gap_policy_ex09_13/step08_nv_and_stability/NV_PROFILE.csv,marker_gap_policy_ex09_13/step08_nv_and_stability,651_T1_vs_T2::RShin_to_RFoot,matched_single_rep_vs_own_NV
651,D12,651_T1_vs_T2,Baseline → ≈4 classes,T1,T2,4,RShoulder_to_RUArm,Right shoulder to upper arm,RShoulder_to_RUArm,right_arm,right,RShoulder,RUArm,right_shoulder,right_upper_arm,right_shoulder__right_upper_arm,presentation_only,True,True,True,False,,-0.005973,0.007831,-0.036104,-0.026678,0.036104,6.0436,True,True,False,adequate,0.8366,True,True,False,False,False,True,False,S2,S2,A2_directionally_stable_exceed,beyond_repetition_variability_and_directionally_stable,decreased_contribution,Primary validated beyond-NV link (A2).,True,False,True,/Users/drorhazan/Desktop/gaga_psilo/projects/gaga_jcvpca/results_committee_case/marker_gap_policy_ex09_13/step08_nv_and_stability/NV_PROFILE.csv,marker_gap_policy_ex09_13/step08_nv_and_stability,651_T1_vs_T2::RShoulder_to_RUArm,matched_single_rep_vs_own_NV
651,D12,651_T1_vs_T2,Baseline → ≈4 classes,T1,T2,4,RThigh_to_RShin,Right knee,RThigh_to_RShin,right_leg,right,RThigh,RShin,right_thigh,right_shin,right_thigh__right_shin,presentation_only,True,True,True,False,,-0.000682,0.019357,-0.01988,-0.013852,0.01988,29.0969,True,True,False,adequate,0.8366,True,True,False,True,True,True,False,S2,S2,A2_directionally_stable_exceed,beyond_repetition_variability_and_directionally_stable,decreased_contribution,Primary validated beyond-NV link (A2).,True,False,True,/Users/drorhazan/Desktop/gaga_psilo/projects/gaga_jcvpca/results_committee_case/marker_gap_policy_ex09_13/step08_nv_and_stability/NV_PROFILE.csv,marker_gap_policy_ex09_13/step08_nv_and_stability,651_T1_vs_T2::RThigh_to_RShin,matched_single_rep_vs_own_NV
651,D12,651_T1_vs_T2,Baseline → ≈4 classes,T1,T2,4,RUArm_to_RFArm,Right elbow,RUArm_to_RFArm,right_arm,right,RUArm,RFArm,right_upper_arm,right_forearm,right_upper_arm__right_forearm,presentation_only,True,True,True,False,,0.039986,-0.039819,0.03338,0.021315,0.03338,0.8348,False,True,False,adequate,0.8366,True,True,False,True,True,True,False,S0,S0,within_repetition_variability,within_repetition_variability,not_highlighted,Within own repetition variability.,False,False,False,/Users/drorhazan/Desktop/gaga_psilo/projects/gaga_jcvpca/results_committee_case/marker_gap_policy_ex09_13/step08_nv_and_stability/NV_PROFILE.csv,marker_gap_policy_ex09_13/step08_nv_and_stability,651_T1_vs_T2::RUArm_to_RFArm,matched_single_rep_vs_own_NV
651,D13,651_T1_vs_T3,Baseline → ≈10 classes,T1,T3,10,LFArm_to_LHand,Left wrist / hand,LFArm_to_LHand,left_arm,left,LFArm,LHand,left_forearm,left_hand,left_forearm__left_hand,presentation_only,True,True,True,False,,0.041373,-0.032506,0.034205,0.019505,0.034205,0.8267,False,True,False,limited,0.7055,False,True,False,False,False,True,False,S0,S0,within_repetition_variability,within_repetition_variability,not_highlighted,Within own repetition variability.,False,False,False,/Users/drorhazan/Desktop/gaga_psilo/projects/gaga_jcvpca/results_committee_case/marker_gap_policy_ex09_13/step08_nv_and_stability/NV_PROFILE.csv,marker_gap_policy_ex09_13/step08_nv_and_stability,651_T1_vs_T3::LFArm_to_LHand,matched_single_rep_vs_own_NV
651,D13,651_T1_vs_T3,Baseline → ≈10 classes,T1,T3,10,LShin_to_LFoot,Left ankle / foot,LShin_to_LFoot,left_leg,left,LShin,LFoot,left_shin,left_foot,left_shin__left_foot,presentation_only,True,True,True,False,,-0.009251,0.007549,-0.007151,0.001662,0.007151,0.7729,False,False,False,limited,0.7055,False,True,False,True,True,True,False,S0,S0,within_repetition_variability,within_repetition_variability,not_highlighted,Within own repetition variability.,False,False,False,/Users/drorhazan/Desktop/gaga_psilo/projects/gaga_jcvpca/results_committee_case/marker_gap_policy_ex09_13/step08_nv_and_stability/NV_PROFILE.csv,marker_gap_policy_ex09_13/step08_nv_and_stability,651_T1_vs_T3::LShin_to_LFoot,matched_single_rep_vs_own_NV
651,D13,651_T1_vs_T3,Baseline → ≈10 classes,T1,T3,10,LShoulder_to_LUArm,Left shoulder to upper arm,LShoulder_to_LUArm,left_arm,left,LShoulder,LUArm,left_shoulder,left_upper_arm,left_shoulder__left_upper_arm,presentation_only,True,True,True,False,,-0.020892,0.020861,0.0285,0.040944,0.0285,1.3641,True,True,False,limited,0.7055,False,True,False,False,True,True,False,S2,S2,A2_directionally_stable_exceed,beyond_repetition_variability_and_directionally_stable,increased_contribution,Primary validated beyond-NV link (A2).,True,False,True,/Users/drorhazan/Desktop/gaga_psilo/projects/gaga_jcvpca/results_committee_case/marker_gap_policy_ex09_13/step08_nv_and_stability/NV_PROFILE.csv,marker_gap_policy_ex09_13/step08_nv_and_stability,651_T1_vs_T3::LShoulder_to_LUArm,matched_single_rep_vs_own_NV
651,D13,651_T1_vs_T3,Baseline → ≈10 classes,T1,T3,10,LThigh_to_LShin,Left knee,LThigh_to_LShin,left_leg,left,LThigh,LShin,left_thigh,left_shin,left_thigh__left_shin,presentation_only,True,True,True,False,,0.00711,-0.003976,0.01533,0.01661,0.01533,2.1556,True,True,False,limited,0.7055,False,True,False,False,False,False,False,S2,S2,A2_directionally_stable_exceed,beyond_repetition_variability_and_directionally_stable,increased_contribution,Primary validated beyond-NV link (A2).,True,False,True,/Users/drorhazan/Desktop/gaga_psilo/projects/gaga_jcvpca/results_committee_case/marker_gap_policy_ex09_13/step08_nv_and_stability/NV_PROFILE.csv,marker_gap_policy_ex09_13/step08_nv_and_stability,651_T1_vs_T3::LThigh_to_LShin,matched_single_rep_vs_own_NV
651,D13,651_T1_vs_T3,Baseline → ≈10 classes,T1,T3,10,LUArm_to_LFArm,Left elbow,LUArm_to_LFArm,left_arm,left,LUArm,LFArm,left_upper_arm,left_forearm,left_upper_arm__left_forearm,presentation_only,True,True,True,False,,0.004829,-0.003899,-0.002597,-0.005253,0.002597,0.5376,False,True,False,limited,0.7055,False,True,False,True,True,True,False,S0,S0,within_repetition_variability,within_repetition_variability,not_highlighted,Within own repetition variability.,False,False,False,/Users/drorhazan/Desktop/gaga_psilo/projects/gaga_jcvpca/results_committee_case/marker_gap_policy_ex09_13/step08_nv_and_stability/NV_PROFILE.csv,marker_gap_policy_ex09_13/step08_nv_and_stability,651_T1_vs_T3::LUArm_to_LFArm,matched_single_rep_vs_own_NV
651,D13,651_T1_vs_T3,Baseline → ≈10 classes,T1,T3,10,RFArm_to_RHand,Right wrist / hand,RFArm_to_RHand,right_arm,right,RFArm,RHand,right_forearm,right_hand,right_forearm__right_hand,presentation_only,True,True,True,False,,0.024692,-0.028252,-0.000703,-0.050236,0.000703,0.0285,False,True,False,limited,0.7055,False,True,False,False,False,True,False,S0,S0,within_repetition_variability,within_repetition_variability,not_highlighted,Within own repetition variability.,False,False,False,/Users/drorhazan/Desktop/gaga_psilo/projects/gaga_jcvpca/results_committee_case/marker_gap_policy_ex09_13/step08_nv_and_stability/NV_PROFILE.csv,marker_gap_policy_ex09_13/step08_nv_and_stability,651_T1_vs_T3::RFArm_to_RHand,matched_single_rep_vs_own_NV
651,D13,651_T1_vs_T3,Baseline → ≈10 classes,T1,T3,10,RShin_to_RFoot,Right ankle / foot,RShin_to_RFoot,right_leg,right,RShin,RFoot,right_shin,right_foot,right_shin__right_foot,presentation_only,True,True,True,False,,-0.002556,0.008242,0.011924,-0.002526,0.011924,4.6637,True,False,False,limited,0.7055,False,True,False,True,True,True,False,S1,S1,exceeds_variability_but_direction_unstable,exceeds_variability_but_direction_unstable,not_highlighted,Exceeds variability magnitude but fails direction stability.,False,False,False,/Users/drorhazan/Desktop/gaga_psilo/projects/gaga_jcvpca/results_committee_case/marker_gap_policy_ex09_13/step08_nv_and_stability/NV_PROFILE.csv,marker_gap_policy_ex09_13/step08_nv_and_stability,651_T1_vs_T3::RShin_to_RFoot,matched_single_rep_vs_own_NV
651,D13,651_T1_vs_T3,Baseline → ≈10 classes,T1,T3,10,RShoulder_to_RUArm,Right shoulder to upper arm,RShoulder_to_RUArm,right_arm,right,RShoulder,RUArm,right_shoulder,right_upper_arm,right_shoulder__right_upper_arm,presentation_only,True,True,True,False,,-0.005973,0.007831,0.007167,-0.000783,0.007167,1.1998,True,False,False,limited,0.7055,False,True,False,False,False,True,False,S1,S1,exceeds_variability_but_direction_unstable,exceeds_variability_but_direction_unstable,not_highlighted,Exceeds variability magnitude but fails direction stability.,False,False,False,/Users/drorhazan/Desktop/gaga_psilo/projects/gaga_jcvpca/results_committee_case/marker_gap_policy_ex09_13/step08_nv_and_stability/NV_PROFILE.csv,marker_gap_policy_ex09_13/step08_nv_and_stability,651_T1_vs_T3::RShoulder_to_RUArm,matched_single_rep_vs_own_NV
651,D13,651_T1_vs_T3,Baseline → ≈10 classes,T1,T3,10,RThigh_to_RShin,Right knee,RThigh_to_RShin,right_leg,right,RThigh,RShin,right_thigh,right_shin,right_thigh__right_shin,presentation_only,True,True,True,False,,-0.000682,0.019357,-4.8e-05,-0.00137,4.8e-05,0.0707,False,True,False,limited,0.7055,False,True,False,True,True,True,False,S0,S0,within_repetition_variability,within_repetition_variability,not_highlighted,Within own repetition variability.,False,False,False,/Users/drorhazan/Desktop/gaga_psilo/projects/gaga_jcvpca/results_committee_case/marker_gap_policy_ex09_13/step08_nv_and_stability/NV_PROFILE.csv,marker_gap_policy_ex09_13/step08_nv_and_stability,651_T1_vs_T3::RThigh_to_RShin,matched_single_rep_vs_own_NV
651,D13,651_T1_vs_T3,Baseline → ≈10 classes,T1,T3,10,RUArm_to_RFArm,Right elbow,RUArm_to_RFArm,right_arm,right,RUArm,RFArm,right_upper_arm,right_forearm,right_upper_arm__right_forearm,presentation_only,True,True,True,False,,0.039986,-0.039819,0.021792,0.015947,0.021792,0.545,False,True,False,limited,0.7055,False,True,False,True,True,True,False,S0,S0,within_repetition_variability,within_repetition_variability,not_highlighted,Within own repetition variability.,False,False,False,/Users/drorhazan/Desktop/gaga_psilo/projects/gaga_jcvpca/results_committee_case/marker_gap_policy_ex09_13/step08_nv_and_stability/NV_PROFILE.csv,marker_gap_policy_ex09_13/step08_nv_and_stability,651_T1_vs_T3::RUArm_to_RFArm,matched_single_rep_vs_own_NV
790,D12,790_T1_vs_T2,Baseline → ≈4 classes,T1,T2,4,790_to_Ab,Pelvis root to abdomen,pelvis_to_Ab,trunk_spine,midline,790,Ab,pelvis,lower_trunk_abdomen,pelvis__lower_trunk_abdomen,presentation_only,True,True,True,False,,-0.004264,0.003029,-0.002839,0.00083,0.002839,0.6655,False,False,False,adequate,0.8666,True,True,False,False,False,True,False,S0,S0,within_repetition_variability,within_repetition_variability,not_highlighted,Within own repetition variability.,False,False,False,/Users/drorhazan/Desktop/gaga_psilo/projects/gaga_jcvpca/results_committee_case/marker_gap_policy_ex09_13/step08_nv_and_stability/NV_PROFILE.csv,marker_gap_policy_ex09_13/step08_nv_and_stability,790_T1_vs_T2::790_to_Ab,matched_single_rep_vs_own_NV
790,D12,790_T1_vs_T2,Baseline → ≈4 classes,T1,T2,4,790_to_LThigh,Pelvis root to left thigh,pelvis_to_LThigh,left_leg,left,790,LThigh,pelvis,left_thigh,pelvis__left_thigh,presentation_only,True,True,True,False,,-0.017063,-0.008621,-0.018068,-0.018476,0.018068,1.0588,True,True,False,adequate,0.8666,True,True,False,False,True,True,False,S2,S2,A2_directionally_stable_exceed,beyond_repetition_variability_and_directionally_stable,decreased_contribution,Primary validated beyond-NV link (A2).,True,False,True,/Users/drorhazan/Desktop/gaga_psilo/projects/gaga_jcvpca/results_committee_case/marker_gap_policy_ex09_13/step08_nv_and_stability/NV_PROFILE.csv,marker_gap_policy_ex09_13/step08_nv_and_stability,790_T1_vs_T2::790_to_LThigh,matched_single_rep_vs_own_NV
790,D12,790_T1_vs_T2,Baseline → ≈4 classes,T1,T2,4,790_to_RThigh,Pelvis root to right thigh,pelvis_to_RThigh,right_leg,right,790,RThigh,pelvis,right_thigh,pelvis__right_thigh,presentation_only,True,True,True,False,,-0.020283,0.005786,-0.021972,-0.003089,0.021972,1.0832,True,True,False,adequate,0.8666,True,True,False,False,True,True,False,S2,S2,A2_directionally_stable_exceed,beyond_repetition_variability_and_directionally_stable,decreased_contribution,Primary validated beyond-NV link (A2).,True,False,True,/Users/drorhazan/Desktop/gaga_psilo/projects/gaga_jcvpca/results_committee_case/marker_gap_policy_ex09_13/step08_nv_and_stability/NV_PROFILE.csv,marker_gap_policy_ex09_13/step08_nv_and_stability,790_T1_vs_T2::790_to_RThigh,matched_single_rep_vs_own_NV
790,D12,790_T1_vs_T2,Baseline → ≈4 classes,T1,T2,4,Ab_to_Spine2,Abdomen to upper lumbar (Spine2),Ab_to_Spine2,trunk_spine,midline,Ab,Spine2,lower_trunk_abdomen,lower_trunk_abdomen,lower_trunk_abdomen__lower_trunk_abdomen,presentation_only,True,True,True,False,,-0.004987,0.003484,-0.001155,0.001892,0.001155,0.2316,False,False,False,adequate,0.8666,True,True,False,False,False,True,False,S0,S0,within_repetition_variability,within_repetition_variability,not_highlighted,Within own repetition variability.,False,False,False,/Users/drorhazan/Desktop/gaga_psilo/projects/gaga_jcvpca/results_committee_case/marker_gap_policy_ex09_13/step08_nv_and_stability/NV_PROFILE.csv,marker_gap_policy_ex09_13/step08_nv_and_stability,790_T1_vs_T2::Ab_to_Spine2,matched_single_rep_vs_own_NV
790,D12,790_T1_vs_T2,Baseline → ≈4 classes,T1,T2,4,Chest_to_LShoulder,Chest to left shoulder,Chest_to_LShoulder,left_arm,left,Chest,LShoulder,upper_trunk_chest,left_shoulder,upper_trunk_chest__left_shoulder,presentation_only,True,True,True,False,,-0.009837,0.014768,0.008999,0.007526,0.008999,0.9148,False,True,False,adequate,0.8666,True,True,False,False,True,True,False,S0,S0,within_repetition_variability,within_repetition_variability,not_highlighted,Within own repetition variability.,False,False,False,/Users/drorhazan/Desktop/gaga_psilo/projects/gaga_jcvpca/results_committee_case/marker_gap_policy_ex09_13/step08_nv_and_stability/NV_PROFILE.csv,marker_gap_policy_ex09_13/step08_nv_and_stability,790_T1_vs_T2::Chest_to_LShoulder,matched_single_rep_vs_own_NV
790,D12,790_T1_vs_T2,Baseline → ≈4 classes,T1,T2,4,Chest_to_Neck,Chest to neck base,Chest_to_Neck,head_neck,midline,Chest,Neck,upper_trunk_chest,neck,upper_trunk_chest__neck,presentation_only,True,True,True,False,,-0.003405,0.000593,3.3e-05,0.00902,3.3e-05,0.0098,False,True,False,adequate,0.8666,True,True,False,True,True,True,False,S0,S0,within_repetition_variability,within_repetition_variability,not_highlighted,Within own repetition variability.,False,False,False,/Users/drorhazan/Desktop/gaga_psilo/projects/gaga_jcvpca/results_committee_case/marker_gap_policy_ex09_13/step08_nv_and_stability/NV_PROFILE.csv,marker_gap_policy_ex09_13/step08_nv_and_stability,790_T1_vs_T2::Chest_to_Neck,matched_single_rep_vs_own_NV
790,D12,790_T1_vs_T2,Baseline → ≈4 classes,T1,T2,4,Chest_to_RShoulder,Chest to right shoulder,Chest_to_RShoulder,right_arm,right,Chest,RShoulder,upper_trunk_chest,right_shoulder,upper_trunk_chest__right_shoulder,presentation_only,True,True,True,False,,-0.008563,0.010353,0.010635,0.005224,0.010635,1.2417,True,True,False,adequate,0.8666,True,True,False,False,False,True,False,S2,S2,A2_directionally_stable_exceed,beyond_repetition_variability_and_directionally_stable,increased_contribution,Primary validated beyond-NV link (A2).,True,False,True,/Users/drorhazan/Desktop/gaga_psilo/projects/gaga_jcvpca/results_committee_case/marker_gap_policy_ex09_13/step08_nv_and_stability/NV_PROFILE.csv,marker_gap_policy_ex09_13/step08_nv_and_stability,790_T1_vs_T2::Chest_to_RShoulder,matched_single_rep_vs_own_NV
790,D12,790_T1_vs_T2,Baseline → ≈4 classes,T1,T2,4,LFArm_to_LHand,Left wrist / hand,LFArm_to_LHand,left_arm,left,LFArm,LHand,left_forearm,left_hand,left_forearm__left_hand,presentation_only,True,True,True,False,,-0.000196,-0.013163,0.01062,0.009337,0.01062,53.8988,True,True,False,adequate,0.8666,True,True,False,False,False,True,False,S2,S2,A2_directionally_stable_exceed,beyond_repetition_variability_and_directionally_stable,increased_contribution,Primary validated beyond-NV link (A2).,True,False,True,/Users/drorhazan/Desktop/gaga_psilo/projects/gaga_jcvpca/results_committee_case/marker_gap_policy_ex09_13/step08_nv_and_stability/NV_PROFILE.csv,marker_gap_policy_ex09_13/step08_nv_and_stability,790_T1_vs_T2::LFArm_to_LHand,matched_single_rep_vs_own_NV
790,D12,790_T1_vs_T2,Baseline → ≈4 classes,T1,T2,4,LShin_to_LFoot,Left ankle / foot,LShin_to_LFoot,left_leg,left,LShin,LFoot,left_shin,left_foot,left_shin__left_foot,presentation_only,True,True,True,False,,-0.002287,-0.011397,0.000215,-0.002747,0.000215,0.0942,False,False,False,adequate,0.8666,True,True,False,True,True,True,False,S0,S0,within_repetition_variability,within_repetition_variability,not_highlighted,Within own repetition variability.,False,False,False,/Users/drorhazan/Desktop/gaga_psilo/projects/gaga_jcvpca/results_committee_case/marker_gap_policy_ex09_13/step08_nv_and_stability/NV_PROFILE.csv,marker_gap_policy_ex09_13/step08_nv_and_stability,790_T1_vs_T2::LShin_to_LFoot,matched_single_rep_vs_own_NV
790,D12,790_T1_vs_T2,Baseline → ≈4 classes,T1,T2,4,LShoulder_to_LUArm,Left shoulder to upper arm,LShoulder_to_LUArm,left_arm,left,LShoulder,LUArm,left_shoulder,left_upper_arm,left_shoulder__left_upper_arm,presentation_only,True,True,True,False,,-0.011494,0.004556,0.015075,0.008841,0.015075,1.3115,True,True,False,adequate,0.8666,True,True,False,True,True,True,False,S2,S2,A2_directionally_stable_exceed,beyond_repetition_variability_and_directionally_stable,increased_contribution,Primary validated beyond-NV link (A2).,True,False,True,/Users/drorhazan/Desktop/gaga_psilo/projects/gaga_jcvpca/results_committee_case/marker_gap_policy_ex09_13/step08_nv_and_stability/NV_PROFILE.csv,marker_gap_policy_ex09_13/step08_nv_and_stability,790_T1_vs_T2::LShoulder_to_LUArm,matched_single_rep_vs_own_NV
790,D12,790_T1_vs_T2,Baseline → ≈4 classes,T1,T2,4,LThigh_to_LShin,Left knee,LThigh_to_LShin,left_leg,left,LThigh,LShin,left_thigh,left_shin,left_thigh__left_shin,presentation_only,True,True,True,False,,-0.016518,0.010844,0.001512,-0.007333,0.001512,0.0915,False,False,False,adequate,0.8666,True,True,False,False,True,True,False,S0,S0,within_repetition_variability,within_repetition_variability,not_highlighted,Within own repetition variability.,False,False,False,/Users/drorhazan/Desktop/gaga_psilo/projects/gaga_jcvpca/results_committee_case/marker_gap_policy_ex09_13/step08_nv_and_stability/NV_PROFILE.csv,marker_gap_policy_ex09_13/step08_nv_and_stability,790_T1_vs_T2::LThigh_to_LShin,matched_single_rep_vs_own_NV
790,D12,790_T1_vs_T2,Baseline → ≈4 classes,T1,T2,4,LUArm_to_LFArm,Left elbow,LUArm_to_LFArm,left_arm,left,LUArm,LFArm,left_upper_arm,left_forearm,left_upper_arm__left_forearm,presentation_only,True,True,True,False,,0.024032,-0.012485,-0.018367,-0.044363,0.018367,0.7642,False,True,False,adequate,0.8666,True,True,False,True,True,True,False,S0,S0,within_repetition_variability,within_repetition_variability,not_highlighted,Within own repetition variability.,False,False,False,/Users/drorhazan/Desktop/gaga_psilo/projects/gaga_jcvpca/results_committee_case/marker_gap_policy_ex09_13/step08_nv_and_stability/NV_PROFILE.csv,marker_gap_policy_ex09_13/step08_nv_and_stability,790_T1_vs_T2::LUArm_to_LFArm,matched_single_rep_vs_own_NV
790,D12,790_T1_vs_T2,Baseline → ≈4 classes,T1,T2,4,Neck2_to_Head,Neck to head (terminal),neck_to_head,head_neck,midline,Neck2,Head,neck,head,neck__head,presentation_only,True,True,True,False,,-0.003393,0.000603,-1e-05,0.009047,1e-05,0.003,False,False,False,adequate,0.8666,True,True,False,True,True,True,False,S0,S0,within_repetition_variability,within_repetition_variability,not_highlighted,Within own repetition variability.,False,False,False,/Users/drorhazan/Desktop/gaga_psilo/projects/gaga_jcvpca/results_committee_case/marker_gap_policy_ex09_13/step08_nv_and_stability/NV_PROFILE.csv,marker_gap_policy_ex09_13/step08_nv_and_stability,790_T1_vs_T2::Neck2_to_Head,matched_single_rep_vs_own_NV
790,D12,790_T1_vs_T2,Baseline → ≈4 classes,T1,T2,4,Neck_to_Neck2,Neck to upper neck (Neck2),Neck_to_Neck2,head_neck,midline,Neck,Neck2,neck,neck,neck__neck,presentation_only,True,True,True,False,,-0.003397,0.000597,-1e-06,0.009027,1e-06,0.0004,False,False,False,adequate,0.8666,True,True,False,True,True,True,False,S0,S0,within_repetition_variability,within_repetition_variability,not_highlighted,Within own repetition variability.,False,False,False,/Users/drorhazan/Desktop/gaga_psilo/projects/gaga_jcvpca/results_committee_case/marker_gap_policy_ex09_13/step08_nv_and_stability/NV_PROFILE.csv,marker_gap_policy_ex09_13/step08_nv_and_stability,790_T1_vs_T2::Neck_to_Neck2,matched_single_rep_vs_own_NV
790,D12,790_T1_vs_T2,Baseline → ≈4 classes,T1,T2,4,RShin_to_RFoot,Right ankle / foot,RShin_to_RFoot,right_leg,right,RShin,RFoot,right_shin,right_foot,right_shin__right_foot,presentation_only,True,True,True,False,,-0.002695,-0.000323,0.004228,0.002346,0.004228,1.5684,True,True,False,adequate,0.8666,True,True,False,False,True,True,False,S2,S2,A2_directionally_stable_exceed,beyond_repetition_variability_and_directionally_stable,increased_contribution,Primary validated beyond-NV link (A2).,True,False,True,/Users/drorhazan/Desktop/gaga_psilo/projects/gaga_jcvpca/results_committee_case/marker_gap_policy_ex09_13/step08_nv_and_stability/NV_PROFILE.csv,marker_gap_policy_ex09_13/step08_nv_and_stability,790_T1_vs_T2::RShin_to_RFoot,matched_single_rep_vs_own_NV
790,D12,790_T1_vs_T2,Baseline → ≈4 classes,T1,T2,4,RShoulder_to_RUArm,Right shoulder to upper arm,RShoulder_to_RUArm,right_arm,right,RShoulder,RUArm,right_shoulder,right_upper_arm,right_shoulder__right_upper_arm,presentation_only,True,True,True,False,,-0.032946,0.048021,0.017226,0.039402,0.017226,0.5229,False,True,False,adequate,0.8666,True,True,False,False,True,True,False,S0,S0,within_repetition_variability,within_repetition_variability,not_highlighted,Within own repetition variability.,False,False,False,/Users/drorhazan/Desktop/gaga_psilo/projects/gaga_jcvpca/results_committee_case/marker_gap_policy_ex09_13/step08_nv_and_stability/NV_PROFILE.csv,marker_gap_policy_ex09_13/step08_nv_and_stability,790_T1_vs_T2::RShoulder_to_RUArm,matched_single_rep_vs_own_NV
790,D12,790_T1_vs_T2,Baseline → ≈4 classes,T1,T2,4,RThigh_to_RShin,Right knee,RThigh_to_RShin,right_leg,right,RThigh,RShin,right_thigh,right_shin,right_thigh__right_shin,presentation_only,True,True,True,False,,-0.018705,0.021691,-0.024688,-0.00237,0.024688,1.3198,True,True,False,adequate,0.8666,True,True,False,False,True,True,False,S2,S2,A2_directionally_stable_exceed,beyond_repetition_variability_and_directionally_stable,decreased_contribution,Primary validated beyond-NV link (A2).,True,False,True,/Users/drorhazan/Desktop/gaga_psilo/projects/gaga_jcvpca/results_committee_case/marker_gap_policy_ex09_13/step08_nv_and_stability/NV_PROFILE.csv,marker_gap_policy_ex09_13/step08_nv_and_stability,790_T1_vs_T2::RThigh_to_RShin,matched_single_rep_vs_own_NV
790,D12,790_T1_vs_T2,Baseline → ≈4 classes,T1,T2,4,Spine2_to_Spine3,Lumbar spine segment,Spine2_to_Spine3,trunk_spine,midline,Spine2,Spine3,lower_trunk_abdomen,upper_trunk_chest,lower_trunk_abdomen__upper_trunk_chest,presentation_only,True,True,True,False,,-0.00499,0.003489,-0.001152,0.001889,0.001152,0.2308,False,False,False,adequate,0.8666,True,True,False,True,True,True,False,S0,S0,within_repetition_variability,within_repetition_variability,not_highlighted,Within own repetition variability.,False,False,False,/Users/drorhazan/Desktop/gaga_psilo/projects/gaga_jcvpca/results_committee_case/marker_gap_policy_ex09_13/step08_nv_and_stability/NV_PROFILE.csv,marker_gap_policy_ex09_13/step08_nv_and_stability,790_T1_vs_T2::Spine2_to_Spine3,matched_single_rep_vs_own_NV
790,D12,790_T1_vs_T2,Baseline → ≈4 classes,T1,T2,4,Spine3_to_Spine4,Thoracic spine segment,Spine3_to_Spine4,trunk_spine,midline,Spine3,Spine4,upper_trunk_chest,upper_trunk_chest,upper_trunk_chest__upper_trunk_chest,presentation_only,True,True,True,False,,-0.004989,0.003485,-0.001156,0.001887,0.001156,0.2316,False,False,False,adequate,0.8666,True,True,False,True,True,True,False,S0,S0,within_repetition_variability,within_repetition_variability,not_highlighted,Within own repetition variability.,False,False,False,/Users/drorhazan/Desktop/gaga_psilo/projects/gaga_jcvpca/results_committee_case/marker_gap_policy_ex09_13/step08_nv_and_stability/NV_PROFILE.csv,marker_gap_policy_ex09_13/step08_nv_and_stability,790_T1_vs_T2::Spine3_to_Spine4,matched_single_rep_vs_own_NV
790,D12,790_T1_vs_T2,Baseline → ≈4 classes,T1,T2,4,Spine4_to_Chest,Upper trunk to chest,Spine4_to_Chest,trunk_spine,midline,Spine4,Chest,upper_trunk_chest,upper_trunk_chest,upper_trunk_chest__upper_trunk_chest,presentation_only,True,True,True,False,,-0.004988,0.003484,-0.001156,0.001888,0.001156,0.2318,False,False,False,adequate,0.8666,True,True,False,True,True,True,False,S0,S0,within_repetition_variability,within_repetition_variability,not_highlighted,Within own repetition variability.,False,False,False,/Users/drorhazan/Desktop/gaga_psilo/projects/gaga_jcvpca/results_committee_case/marker_gap_policy_ex09_13/step08_nv_and_stability/NV_PROFILE.csv,marker_gap_policy_ex09_13/step08_nv_and_stability,790_T1_vs_T2::Spine4_to_Chest,matched_single_rep_vs_own_NV
790,D13,790_T1_vs_T3,Baseline → ≈10 classes,T1,T3,10,790_to_Ab,Pelvis root to abdomen,pelvis_to_Ab,trunk_spine,midline,790,Ab,pelvis,lower_trunk_abdomen,pelvis__lower_trunk_abdomen,presentation_only,True,True,True,False,,-0.004264,0.003029,-0.000887,0.000987,0.000887,0.2079,False,False,False,adequate,0.8867,True,True,False,False,True,True,False,S0,S0,within_repetition_variability,within_repetition_variability,not_highlighted,Within own repetition variability.,False,False,False,/Users/drorhazan/Desktop/gaga_psilo/projects/gaga_jcvpca/results_committee_case/marker_gap_policy_ex09_13/step08_nv_and_stability/NV_PROFILE.csv,marker_gap_policy_ex09_13/step08_nv_and_stability,790_T1_vs_T3::790_to_Ab,matched_single_rep_vs_own_NV
790,D13,790_T1_vs_T3,Baseline → ≈10 classes,T1,T3,10,790_to_LThigh,Pelvis root to left thigh,pelvis_to_LThigh,left_leg,left,790,LThigh,pelvis,left_thigh,pelvis__left_thigh,presentation_only,True,True,True,False,,-0.017063,-0.008621,0.0026,0.002078,0.0026,0.1523,False,True,False,adequate,0.8867,True,True,False,False,False,True,False,S0,S0,within_repetition_variability,within_repetition_variability,not_highlighted,Within own repetition variability.,False,False,False,/Users/drorhazan/Desktop/gaga_psilo/projects/gaga_jcvpca/results_committee_case/marker_gap_policy_ex09_13/step08_nv_and_stability/NV_PROFILE.csv,marker_gap_policy_ex09_13/step08_nv_and_stability,790_T1_vs_T3::790_to_LThigh,matched_single_rep_vs_own_NV
790,D13,790_T1_vs_T3,Baseline → ≈10 classes,T1,T3,10,790_to_RThigh,Pelvis root to right thigh,pelvis_to_RThigh,right_leg,right,790,RThigh,pelvis,right_thigh,pelvis__right_thigh,presentation_only,True,True,True,False,,-0.020283,0.005786,-0.009924,0.005323,0.009924,0.4893,False,False,False,adequate,0.8867,True,True,False,False,False,True,False,S0,S0,within_repetition_variability,within_repetition_variability,not_highlighted,Within own repetition variability.,False,False,False,/Users/drorhazan/Desktop/gaga_psilo/projects/gaga_jcvpca/results_committee_case/marker_gap_policy_ex09_13/step08_nv_and_stability/NV_PROFILE.csv,marker_gap_policy_ex09_13/step08_nv_and_stability,790_T1_vs_T3::790_to_RThigh,matched_single_rep_vs_own_NV
790,D13,790_T1_vs_T3,Baseline → ≈10 classes,T1,T3,10,Chest_to_LShoulder,Chest to left shoulder,Chest_to_LShoulder,left_arm,left,Chest,LShoulder,upper_trunk_chest,left_shoulder,upper_trunk_chest__left_shoulder,presentation_only,True,True,True,False,,-0.009837,0.014768,0.000345,0.014659,0.000345,0.0351,False,True,False,adequate,0.8867,True,True,False,False,True,True,False,S0,S0,within_repetition_variability,within_repetition_variability,not_highlighted,Within own repetition variability.,False,False,False,/Users/drorhazan/Desktop/gaga_psilo/projects/gaga_jcvpca/results_committee_case/marker_gap_policy_ex09_13/step08_nv_and_stability/NV_PROFILE.csv,marker_gap_policy_ex09_13/step08_nv_and_stability,790_T1_vs_T3::Chest_to_LShoulder,matched_single_rep_vs_own_NV
790,D13,790_T1_vs_T3,Baseline → ≈10 classes,T1,T3,10,Chest_to_Neck,Chest to neck base,Chest_to_Neck,head_neck,midline,Chest,Neck,upper_trunk_chest,neck,upper_trunk_chest__neck,presentation_only,True,True,True,False,,-0.003405,0.000593,0.000602,0.001031,0.000602,0.1769,False,True,False,adequate,0.8867,True,True,False,True,True,True,False,S0,S0,within_repetition_variability,within_repetition_variability,not_highlighted,Within own repetition variability.,False,False,False,/Users/drorhazan/Desktop/gaga_psilo/projects/gaga_jcvpca/results_committee_case/marker_gap_policy_ex09_13/step08_nv_and_stability/NV_PROFILE.csv,marker_gap_policy_ex09_13/step08_nv_and_stability,790_T1_vs_T3::Chest_to_Neck,matched_single_rep_vs_own_NV
790,D13,790_T1_vs_T3,Baseline → ≈10 classes,T1,T3,10,Chest_to_RShoulder,Chest to right shoulder,Chest_to_RShoulder,right_arm,right,Chest,RShoulder,upper_trunk_chest,right_shoulder,upper_trunk_chest__right_shoulder,presentation_only,True,True,True,False,,-0.008563,0.010353,0.003612,0.009746,0.003612,0.4218,False,True,False,adequate,0.8867,True,True,False,False,False,True,False,S0,S0,within_repetition_variability,within_repetition_variability,not_highlighted,Within own repetition variability.,False,False,False,/Users/drorhazan/Desktop/gaga_psilo/projects/gaga_jcvpca/results_committee_case/marker_gap_policy_ex09_13/step08_nv_and_stability/NV_PROFILE.csv,marker_gap_policy_ex09_13/step08_nv_and_stability,790_T1_vs_T3::Chest_to_RShoulder,matched_single_rep_vs_own_NV
790,D13,790_T1_vs_T3,Baseline → ≈10 classes,T1,T3,10,LFArm_to_LHand,Left wrist / hand,LFArm_to_LHand,left_arm,left,LFArm,LHand,left_forearm,left_hand,left_forearm__left_hand,presentation_only,True,True,True,False,,-0.000196,-0.013163,0.032449,0.000508,0.032449,164.6926,True,True,False,adequate,0.8867,True,True,False,False,True,True,False,S2,S2,A2_directionally_stable_exceed,beyond_repetition_variability_and_directionally_stable,increased_contribution,Primary validated beyond-NV link (A2).,True,False,True,/Users/drorhazan/Desktop/gaga_psilo/projects/gaga_jcvpca/results_committee_case/marker_gap_policy_ex09_13/step08_nv_and_stability/NV_PROFILE.csv,marker_gap_policy_ex09_13/step08_nv_and_stability,790_T1_vs_T3::LFArm_to_LHand,matched_single_rep_vs_own_NV
790,D13,790_T1_vs_T3,Baseline → ≈10 classes,T1,T3,10,LShin_to_LFoot,Left ankle / foot,LShin_to_LFoot,left_leg,left,LShin,LFoot,left_shin,left_foot,left_shin__left_foot,presentation_only,True,True,True,False,,-0.002287,-0.011397,-0.000708,-0.003536,0.000708,0.3093,False,True,False,adequate,0.8867,True,True,False,True,True,True,False,S0,S0,within_repetition_variability,within_repetition_variability,not_highlighted,Within own repetition variability.,False,False,False,/Users/drorhazan/Desktop/gaga_psilo/projects/gaga_jcvpca/results_committee_case/marker_gap_policy_ex09_13/step08_nv_and_stability/NV_PROFILE.csv,marker_gap_policy_ex09_13/step08_nv_and_stability,790_T1_vs_T3::LShin_to_LFoot,matched_single_rep_vs_own_NV
790,D13,790_T1_vs_T3,Baseline → ≈10 classes,T1,T3,10,LShoulder_to_LUArm,Left shoulder to upper arm,LShoulder_to_LUArm,left_arm,left,LShoulder,LUArm,left_shoulder,left_upper_arm,left_shoulder__left_upper_arm,presentation_only,True,True,True,False,,-0.011494,0.004556,-0.001903,0.042348,0.001903,0.1656,False,False,False,adequate,0.8867,True,True,False,False,True,True,False,S0,S0,within_repetition_variability,within_repetition_variability,not_highlighted,Within own repetition variability.,False,False,False,/Users/drorhazan/Desktop/gaga_psilo/projects/gaga_jcvpca/results_committee_case/marker_gap_policy_ex09_13/step08_nv_and_stability/NV_PROFILE.csv,marker_gap_policy_ex09_13/step08_nv_and_stability,790_T1_vs_T3::LShoulder_to_LUArm,matched_single_rep_vs_own_NV
790,D13,790_T1_vs_T3,Baseline → ≈10 classes,T1,T3,10,LThigh_to_LShin,Left knee,LThigh_to_LShin,left_leg,left,LThigh,LShin,left_thigh,left_shin,left_thigh__left_shin,presentation_only,True,True,True,False,,-0.016518,0.010844,0.031012,0.026239,0.031012,1.8774,True,True,False,adequate,0.8867,True,True,False,False,True,True,False,S2,S2,A2_directionally_stable_exceed,beyond_repetition_variability_and_directionally_stable,increased_contribution,Primary validated beyond-NV link (A2).,True,False,True,/Users/drorhazan/Desktop/gaga_psilo/projects/gaga_jcvpca/results_committee_case/marker_gap_policy_ex09_13/step08_nv_and_stability/NV_PROFILE.csv,marker_gap_policy_ex09_13/step08_nv_and_stability,790_T1_vs_T3::LThigh_to_LShin,matched_single_rep_vs_own_NV
790,D13,790_T1_vs_T3,Baseline → ≈10 classes,T1,T3,10,LUArm_to_LFArm,Left elbow,LUArm_to_LFArm,left_arm,left,LUArm,LFArm,left_upper_arm,left_forearm,left_upper_arm__left_forearm,presentation_only,True,True,True,False,,0.024032,-0.012485,-0.038915,-0.054483,0.038915,1.6192,True,True,False,adequate,0.8867,True,True,False,True,True,True,False,S2,S2,A2_directionally_stable_exceed,beyond_repetition_variability_and_directionally_stable,decreased_contribution,Primary validated beyond-NV link (A2).,True,False,True,/Users/drorhazan/Desktop/gaga_psilo/projects/gaga_jcvpca/results_committee_case/marker_gap_policy_ex09_13/step08_nv_and_stability/NV_PROFILE.csv,marker_gap_policy_ex09_13/step08_nv_and_stability,790_T1_vs_T3::LUArm_to_LFArm,matched_single_rep_vs_own_NV
790,D13,790_T1_vs_T3,Baseline → ≈10 classes,T1,T3,10,Neck2_to_Head,Neck to head (terminal),neck_to_head,head_neck,midline,Neck2,Head,neck,head,neck__head,presentation_only,True,True,True,False,,-0.003393,0.000603,0.000581,0.001061,0.000581,0.171,False,True,False,adequate,0.8867,True,True,False,True,True,True,False,S0,S0,within_repetition_variability,within_repetition_variability,not_highlighted,Within own repetition variability.,False,False,False,/Users/drorhazan/Desktop/gaga_psilo/projects/gaga_jcvpca/results_committee_case/marker_gap_policy_ex09_13/step08_nv_and_stability/NV_PROFILE.csv,marker_gap_policy_ex09_13/step08_nv_and_stability,790_T1_vs_T3::Neck2_to_Head,matched_single_rep_vs_own_NV
790,D13,790_T1_vs_T3,Baseline → ≈10 classes,T1,T3,10,Neck_to_Neck2,Neck to upper neck (Neck2),Neck_to_Neck2,head_neck,midline,Neck,Neck2,neck,neck,neck__neck,presentation_only,True,True,True,False,,-0.003397,0.000597,0.000585,0.001049,0.000585,0.1722,False,True,False,adequate,0.8867,True,True,False,True,True,True,False,S0,S0,within_repetition_variability,within_repetition_variability,not_highlighted,Within own repetition variability.,False,False,False,/Users/drorhazan/Desktop/gaga_psilo/projects/gaga_jcvpca/results_committee_case/marker_gap_policy_ex09_13/step08_nv_and_stability/NV_PROFILE.csv,marker_gap_policy_ex09_13/step08_nv_and_stability,790_T1_vs_T3::Neck_to_Neck2,matched_single_rep_vs_own_NV
790,D13,790_T1_vs_T3,Baseline → ≈10 classes,T1,T3,10,RShin_to_RFoot,Right ankle / foot,RShin_to_RFoot,right_leg,right,RShin,RFoot,right_shin,right_foot,right_shin__right_foot,presentation_only,True,True,True,False,,-0.002695,-0.000323,0.000573,0.003409,0.000573,0.2126,False,True,False,adequate,0.8867,True,True,False,False,True,True,False,S0,S0,within_repetition_variability,within_repetition_variability,not_highlighted,Within own repetition variability.,False,False,False,/Users/drorhazan/Desktop/gaga_psilo/projects/gaga_jcvpca/results_committee_case/marker_gap_policy_ex09_13/step08_nv_and_stability/NV_PROFILE.csv,marker_gap_policy_ex09_13/step08_nv_and_stability,790_T1_vs_T3::RShin_to_RFoot,matched_single_rep_vs_own_NV
790,D13,790_T1_vs_T3,Baseline → ≈10 classes,T1,T3,10,RShoulder_to_RUArm,Right shoulder to upper arm,RShoulder_to_RUArm,right_arm,right,RShoulder,RUArm,right_shoulder,right_upper_arm,right_shoulder__right_upper_arm,presentation_only,True,True,True,False,,-0.032946,0.048021,0.006536,0.054169,0.006536,0.1984,False,True,False,adequate,0.8867,True,True,False,False,True,True,False,S0,S0,within_repetition_variability,within_repetition_variability,not_highlighted,Within own repetition variability.,False,False,False,/Users/drorhazan/Desktop/gaga_psilo/projects/gaga_jcvpca/results_committee_case/marker_gap_policy_ex09_13/step08_nv_and_stability/NV_PROFILE.csv,marker_gap_policy_ex09_13/step08_nv_and_stability,790_T1_vs_T3::RShoulder_to_RUArm,matched_single_rep_vs_own_NV
790,D13,790_T1_vs_T3,Baseline → ≈10 classes,T1,T3,10,RThigh_to_RShin,Right knee,RThigh_to_RShin,right_leg,right,RThigh,RShin,right_thigh,right_shin,right_thigh__right_shin,presentation_only,True,True,True,False,,-0.018705,0.021691,-0.01459,0.026481,0.01459,0.7799,False,False,False,adequate,0.8867,True,True,False,False,True,True,False,S0,S0,within_repetition_variability,within_repetition_variability,not_highlighted,Within own repetition variability.,False,False,False,/Users/drorhazan/Desktop/gaga_psilo/projects/gaga_jcvpca/results_committee_case/marker_gap_policy_ex09_13/step08_nv_and_stability/NV_PROFILE.csv,marker_gap_policy_ex09_13/step08_nv_and_stability,790_T1_vs_T3::RThigh_to_RShin,matched_single_rep_vs_own_NV
790,D13,790_T1_vs_T3,Baseline → ≈10 classes,T1,T3,10,Spine3_to_Spine4,Thoracic spine segment,Spine3_to_Spine4,trunk_spine,midline,Spine3,Spine4,upper_trunk_chest,upper_trunk_chest,upper_trunk_chest__upper_trunk_chest,presentation_only,True,True,True,False,,-0.004989,0.003485,2.7e-05,0.001063,2.7e-05,0.0053,False,True,False,adequate,0.8867,True,True,False,True,True,True,False,S0,S0,within_repetition_variability,within_repetition_variability,not_highlighted,Within own repetition variability.,False,False,False,/Users/drorhazan/Desktop/gaga_psilo/projects/gaga_jcvpca/results_committee_case/marker_gap_policy_ex09_13/step08_nv_and_stability/NV_PROFILE.csv,marker_gap_policy_ex09_13/step08_nv_and_stability,790_T1_vs_T3::Spine3_to_Spine4,matched_single_rep_vs_own_NV
790,D13,790_T1_vs_T3,Baseline → ≈10 classes,T1,T3,10,Spine4_to_Chest,Upper trunk to chest,Spine4_to_Chest,trunk_spine,midline,Spine4,Chest,upper_trunk_chest,upper_trunk_chest,upper_trunk_chest__upper_trunk_chest,presentation_only,True,True,True,False,,-0.004988,0.003484,2.7e-05,0.001061,2.7e-05,0.0053,False,True,False,adequate,0.8867,True,True,False,True,True,True,False,S0,S0,within_repetition_variability,within_repetition_variability,not_highlighted,Within own repetition variability.,False,False,False,/Users/drorhazan/Desktop/gaga_psilo/projects/gaga_jcvpca/results_committee_case/marker_gap_policy_ex09_13/step08_nv_and_stability/NV_PROFILE.csv,marker_gap_policy_ex09_13/step08_nv_and_stability,790_T1_vs_T3::Spine4_to_Chest,matched_single_rep_vs_own_NV
651,D12,651_T1_vs_T2,Baseline → ≈4 classes,T1,T2,4,651_to_Ab,Pelvis root to abdomen,pelvis_to_Ab,trunk_spine,midline,651,Ab,pelvis,lower_trunk_abdomen,pelvis__lower_trunk_abdomen,presentation_only,False,False,False,True,features missing in dataset B,,,,,,,,,,,,False,False,,,,,,,,excluded_unavailable,unavailable_excluded,unavailable,Excluded/unavailable; must not be shown as no-effect.,False,False,False,/Users/drorhazan/Desktop/gaga_psilo/projects/gaga_jcvpca/results_committee_case/marker_gap_policy_ex09_13/tables_to_show/02_comparison_link_exclusions.csv,marker_gap_policy_ex09_13/tables_to_show,651_T1_vs_T2::651_to_Ab::excluded,matched_single_rep_vs_own_NV
651,D12,651_T1_vs_T2,Baseline → ≈4 classes,T1,T2,4,651_to_LThigh,Pelvis root to left thigh,pelvis_to_LThigh,left_leg,left,651,LThigh,pelvis,left_thigh,pelvis__left_thigh,presentation_only,False,False,False,True,features missing in dataset B,,,,,,,,,,,,False,False,,,,,,,,excluded_unavailable,unavailable_excluded,unavailable,Excluded/unavailable; must not be shown as no-effect.,False,False,False,/Users/drorhazan/Desktop/gaga_psilo/projects/gaga_jcvpca/results_committee_case/marker_gap_policy_ex09_13/tables_to_show/02_comparison_link_exclusions.csv,marker_gap_policy_ex09_13/tables_to_show,651_T1_vs_T2::651_to_LThigh::excluded,matched_single_rep_vs_own_NV
651,D12,651_T1_vs_T2,Baseline → ≈4 classes,T1,T2,4,651_to_RThigh,Pelvis root to right thigh,pelvis_to_RThigh,right_leg,right,651,RThigh,pelvis,right_thigh,pelvis__right_thigh,presentation_only,False,False,False,True,features missing in dataset B,,,,,,,,,,,,False,False,,,,,,,,excluded_unavailable,unavailable_excluded,unavailable,Excluded/unavailable; must not be shown as no-effect.,False,False,False,/Users/drorhazan/Desktop/gaga_psilo/projects/gaga_jcvpca/results_committee_case/marker_gap_policy_ex09_13/tables_to_show/02_comparison_link_exclusions.csv,marker_gap_policy_ex09_13/tables_to_show,651_T1_vs_T2::651_to_RThigh::excluded,matched_single_rep_vs_own_NV
651,D12,651_T1_vs_T2,Baseline → ≈4 classes,T1,T2,4,Ab_to_Chest,Abdomen to chest (direct),Ab_to_Chest,trunk_spine,midline,Ab,Chest,lower_trunk_abdomen,upper_trunk_chest,lower_trunk_abdomen__upper_trunk_chest,presentation_only,False,False,False,True,features missing in dataset B,,,,,,,,,,,,False,False,,,,,,,,excluded_unavailable,unavailable_excluded,unavailable,Excluded/unavailable; must not be shown as no-effect.,False,False,False,/Users/drorhazan/Desktop/gaga_psilo/projects/gaga_jcvpca/results_committee_case/marker_gap_policy_ex09_13/tables_to_show/02_comparison_link_exclusions.csv,marker_gap_policy_ex09_13/tables_to_show,651_T1_vs_T2::Ab_to_Chest::excluded,matched_single_rep_vs_own_NV
651,D13,651_T1_vs_T3,Baseline → ≈10 classes,T1,T3,10,651_to_Ab,Pelvis root to abdomen,pelvis_to_Ab,trunk_spine,midline,651,Ab,pelvis,lower_trunk_abdomen,pelvis__lower_trunk_abdomen,presentation_only,False,False,False,True,features missing in dataset B,,,,,,,,,,,,False,False,,,,,,,,excluded_unavailable,unavailable_excluded,unavailable,Excluded/unavailable; must not be shown as no-effect.,False,False,False,/Users/drorhazan/Desktop/gaga_psilo/projects/gaga_jcvpca/results_committee_case/marker_gap_policy_ex09_13/tables_to_show/02_comparison_link_exclusions.csv,marker_gap_policy_ex09_13/tables_to_show,651_T1_vs_T3::651_to_Ab::excluded,matched_single_rep_vs_own_NV
651,D13,651_T1_vs_T3,Baseline → ≈10 classes,T1,T3,10,651_to_LThigh,Pelvis root to left thigh,pelvis_to_LThigh,left_leg,left,651,LThigh,pelvis,left_thigh,pelvis__left_thigh,presentation_only,False,False,False,True,features missing in dataset B,,,,,,,,,,,,False,False,,,,,,,,excluded_unavailable,unavailable_excluded,unavailable,Excluded/unavailable; must not be shown as no-effect.,False,False,False,/Users/drorhazan/Desktop/gaga_psilo/projects/gaga_jcvpca/results_committee_case/marker_gap_policy_ex09_13/tables_to_show/02_comparison_link_exclusions.csv,marker_gap_policy_ex09_13/tables_to_show,651_T1_vs_T3::651_to_LThigh::excluded,matched_single_rep_vs_own_NV
651,D13,651_T1_vs_T3,Baseline → ≈10 classes,T1,T3,10,651_to_RThigh,Pelvis root to right thigh,pelvis_to_RThigh,right_leg,right,651,RThigh,pelvis,right_thigh,pelvis__right_thigh,presentation_only,False,False,False,True,features missing in dataset B,,,,,,,,,,,,False,False,,,,,,,,excluded_unavailable,unavailable_excluded,unavailable,Excluded/unavailable; must not be shown as no-effect.,False,False,False,/Users/drorhazan/Desktop/gaga_psilo/projects/gaga_jcvpca/results_committee_case/marker_gap_policy_ex09_13/tables_to_show/02_comparison_link_exclusions.csv,marker_gap_policy_ex09_13/tables_to_show,651_T1_vs_T3::651_to_RThigh::excluded,matched_single_rep_vs_own_NV
651,D13,651_T1_vs_T3,Baseline → ≈10 classes,T1,T3,10,Ab_to_Chest,Abdomen to chest (direct),Ab_to_Chest,trunk_spine,midline,Ab,Chest,lower_trunk_abdomen,upper_trunk_chest,lower_trunk_abdomen__upper_trunk_chest,presentation_only,False,False,False,True,features missing in dataset B,,,,,,,,,,,,False,False,,,,,,,,excluded_unavailable,unavailable_excluded,unavailable,Excluded/unavailable; must not be shown as no-effect.,False,False,False,/Users/drorhazan/Desktop/gaga_psilo/projects/gaga_jcvpca/results_committee_case/marker_gap_policy_ex09_13/tables_to_show/02_comparison_link_exclusions.csv,marker_gap_policy_ex09_13/tables_to_show,651_T1_vs_T3::Ab_to_Chest::excluded,matched_single_rep_vs_own_NV
671,D13,671_T1_vs_T3,Baseline → ≈10 classes,T1,T3,10,Ab_to_Chest,Abdomen to chest (direct),Ab_to_Chest,trunk_spine,midline,Ab,Chest,lower_trunk_abdomen,upper_trunk_chest,lower_trunk_abdomen__upper_trunk_chest,presentation_only,False,False,False,True,features missing in dataset B,,,,,,,,,,,,False,False,,,,,,,,excluded_unavailable,unavailable_excluded,unavailable,Excluded/unavailable; must not be shown as no-effect.,False,False,False,/Users/drorhazan/Desktop/gaga_psilo/projects/gaga_jcvpca/results_committee_case/marker_gap_policy_ex09_13/tables_to_show/02_comparison_link_exclusions.csv,marker_gap_policy_ex09_13/tables_to_show,671_T1_vs_T3::Ab_to_Chest::excluded,matched_single_rep_vs_own_NV
790,D13,790_T1_vs_T3,Baseline → ≈10 classes,T1,T3,10,Ab_to_Spine2,Abdomen to upper lumbar (Spine2),Ab_to_Spine2,trunk_spine,midline,Ab,Spine2,lower_trunk_abdomen,lower_trunk_abdomen,lower_trunk_abdomen__lower_trunk_abdomen,presentation_only,False,False,False,True,"marker_gap_policy: T3_R1 — Supporting marker `790:RIPS` has 19.2% of ex09-13 window in large gaps (>0.5 s, 2 runs); Motive likely interpolated bone motion.",,,,,,,,,,,,False,False,,,,,,,,excluded_unavailable,unavailable_excluded,unavailable,Excluded/unavailable; must not be shown as no-effect.,False,False,False,/Users/drorhazan/Desktop/gaga_psilo/projects/gaga_jcvpca/results_committee_case/marker_gap_policy_ex09_13/tables_to_show/02_comparison_link_exclusions.csv,marker_gap_policy_ex09_13/tables_to_show,790_T1_vs_T3::Ab_to_Spine2::excluded,matched_single_rep_vs_own_NV
790,D13,790_T1_vs_T3,Baseline → ≈10 classes,T1,T3,10,Spine2_to_Spine3,Lumbar spine segment,Spine2_to_Spine3,trunk_spine,midline,Spine2,Spine3,lower_trunk_abdomen,upper_trunk_chest,lower_trunk_abdomen__upper_trunk_chest,presentation_only,False,False,False,True,"marker_gap_policy: T3_R1 — Supporting marker `790:RIPS` has 19.2% of ex09-13 window in large gaps (>0.5 s, 2 runs); Motive likely interpolated bone motion.",,,,,,,,,,,,False,False,,,,,,,,excluded_unavailable,unavailable_excluded,unavailable,Excluded/unavailable; must not be shown as no-effect.,False,False,False,/Users/drorhazan/Desktop/gaga_psilo/projects/gaga_jcvpca/results_committee_case/marker_gap_policy_ex09_13/tables_to_show/02_comparison_link_exclusions.csv,marker_gap_policy_ex09_13/tables_to_show,790_T1_vs_T3::Spine2_to_Spine3::excluded,matched_single_rep_vs_own_NV
