window_id,role,recording_id,participant,timepoint,repetition,exercise_id,block_id,window_in_block,start_frame,end_frame,fold,duration_s,seen_in_training_A,seen_in_training_B,frac_finite,usable
w000000,evaluation,252_T1_P1_R1,252,1,1,9,252_T1_R1_ex09,0,15120,15360,,2.0,True,False,1.0,True
w000001,evaluation,252_T1_P1_R1,252,1,1,9,252_T1_R1_ex09,1,15360,15600,,2.0,True,False,1.0,True
w000002,evaluation,252_T1_P1_R1,252,1,1,9,252_T1_R1_ex09,2,15600,15840,,2.0,True,False,1.0,True
w000003,evaluation,252_T1_P1_R1,252,1,1,9,252_T1_R1_ex09,3,15840,16080,,2.0,True,False,1.0,True
w000004,evaluation,252_T1_P1_R1,252,1,1,10,252_T1_R1_ex10,0,16320,16560,,2.0,True,False,1.0,True
w000005,evaluation,252_T1_P1_R1,252,1,1,10,252_T1_R1_ex10,1,16560,16800,,2.0,True,False,1.0,True
w000006,evaluation,252_T1_P1_R1,252,1,1,10,252_T1_R1_ex10,2,16800,17040,,2.0,True,False,1.0,True
w000007,evaluation,252_T1_P1_R1,252,1,1,10,252_T1_R1_ex10,3,17040,17280,,2.0,True,False,1.0,True
w000008,evaluation,252_T1_P1_R1,252,1,1,10,252_T1_R1_ex10,4,17280,17520,,2.0,True,False,1.0,True
w000009,evaluation,252_T1_P1_R1,252,1,1,11,252_T1_R1_ex11,0,17760,18000,,2.0,True,False,1.0,True
w000010,evaluation,252_T1_P1_R1,252,1,1,11,252_T1_R1_ex11,1,18000,18240,,2.0,True,False,1.0,True
w000011,evaluation,252_T1_P1_R1,252,1,1,11,252_T1_R1_ex11,2,18240,18480,,2.0,True,False,1.0,True
w000012,evaluation,252_T1_P1_R1,252,1,1,11,252_T1_R1_ex11,3,18480,18720,,2.0,True,False,1.0,True
w000013,evaluation,252_T1_P1_R1,252,1,1,11,252_T1_R1_ex11,4,18720,18960,,2.0,True,False,1.0,True
w000014,evaluation,252_T1_P1_R1,252,1,1,12,252_T1_R1_ex12,0,19200,19440,,2.0,True,False,1.0,True
w000015,evaluation,252_T1_P1_R1,252,1,1,12,252_T1_R1_ex12,1,19440,19680,,2.0,True,False,1.0,True
w000016,evaluation,252_T1_P1_R1,252,1,1,12,252_T1_R1_ex12,2,19680,19920,,2.0,True,False,1.0,True
w000017,evaluation,252_T1_P1_R1,252,1,1,12,252_T1_R1_ex12,3,19920,20160,,2.0,True,False,1.0,True
w000018,evaluation,252_T1_P1_R1,252,1,1,13,252_T1_R1_ex13,0,20400,20640,,2.0,True,False,1.0,True
w000019,evaluation,252_T1_P1_R1,252,1,1,13,252_T1_R1_ex13,1,20640,20880,,2.0,True,False,1.0,True
w000020,evaluation,252_T1_P1_R1,252,1,1,13,252_T1_R1_ex13,2,20880,21120,,2.0,True,False,1.0,True
w000021,evaluation,252_T1_P1_R1,252,1,1,13,252_T1_R1_ex13,3,21120,21360,,2.0,True,False,1.0,True
w000022,evaluation,252_T1_P1_R1,252,1,1,13,252_T1_R1_ex13,4,21360,21600,,2.0,True,False,1.0,True
w000023,evaluation,252_T1_P1_R2,252,1,2,9,252_T1_R2_ex09,0,14880,15120,,2.0,False,True,1.0,True
w000024,evaluation,252_T1_P1_R2,252,1,2,9,252_T1_R2_ex09,1,15120,15360,,2.0,False,True,1.0,True
w000025,evaluation,252_T1_P1_R2,252,1,2,9,252_T1_R2_ex09,2,15360,15600,,2.0,False,True,1.0,True
w000026,evaluation,252_T1_P1_R2,252,1,2,9,252_T1_R2_ex09,3,15600,15840,,2.0,False,True,1.0,True
w000027,evaluation,252_T1_P1_R2,252,1,2,10,252_T1_R2_ex10,0,16080,16320,,2.0,False,True,1.0,True
w000028,evaluation,252_T1_P1_R2,252,1,2,10,252_T1_R2_ex10,1,16320,16560,,2.0,False,True,1.0,True
w000029,evaluation,252_T1_P1_R2,252,1,2,10,252_T1_R2_ex10,2,16560,16800,,2.0,False,True,1.0,True
w000030,evaluation,252_T1_P1_R2,252,1,2,10,252_T1_R2_ex10,3,16800,17040,,2.0,False,True,1.0,True
w000031,evaluation,252_T1_P1_R2,252,1,2,10,252_T1_R2_ex10,4,17040,17280,,2.0,False,True,1.0,True
w000032,evaluation,252_T1_P1_R2,252,1,2,11,252_T1_R2_ex11,0,17520,17760,,2.0,False,True,1.0,True
w000033,evaluation,252_T1_P1_R2,252,1,2,11,252_T1_R2_ex11,1,17760,18000,,2.0,False,True,1.0,True
w000034,evaluation,252_T1_P1_R2,252,1,2,11,252_T1_R2_ex11,2,18000,18240,,2.0,False,True,1.0,True
w000035,evaluation,252_T1_P1_R2,252,1,2,11,252_T1_R2_ex11,3,18240,18480,,2.0,False,True,1.0,True
w000036,evaluation,252_T1_P1_R2,252,1,2,11,252_T1_R2_ex11,4,18480,18720,,2.0,False,True,1.0,True
w000037,evaluation,252_T1_P1_R2,252,1,2,12,252_T1_R2_ex12,0,18726,18966,,2.0,False,True,1.0,True
w000038,evaluation,252_T1_P1_R2,252,1,2,12,252_T1_R2_ex12,1,18966,19206,,2.0,False,True,1.0,True
w000039,evaluation,252_T1_P1_R2,252,1,2,12,252_T1_R2_ex12,2,19206,19446,,2.0,False,True,1.0,True
w000040,evaluation,252_T1_P1_R2,252,1,2,13,252_T1_R2_ex13,0,19800,20040,,2.0,False,True,1.0,True
w000041,evaluation,252_T1_P1_R2,252,1,2,13,252_T1_R2_ex13,1,20040,20280,,2.0,False,True,1.0,True
w000042,evaluation,252_T1_P1_R2,252,1,2,13,252_T1_R2_ex13,2,20280,20520,,2.0,False,True,1.0,True
w000043,evaluation,252_T1_P1_R2,252,1,2,13,252_T1_R2_ex13,3,20520,20760,,2.0,False,True,1.0,True
w000044,evaluation,252_T1_P1_R2,252,1,2,13,252_T1_R2_ex13,4,20760,21000,,2.0,False,True,1.0,True
w000045,evaluation,252_T1_P1_R2,252,1,2,13,252_T1_R2_ex13,5,21000,21240,,2.0,False,True,1.0,True
w000046,evaluation,252_T1_P1_R2,252,1,2,13,252_T1_R2_ex13,6,21240,21480,,2.0,False,True,1.0,True
w000047,evaluation,252_T1_P1_R2,252,1,2,13,252_T1_R2_ex13,7,21480,21720,,2.0,False,True,1.0,True
w000048,evaluation,252_T2_P1_R1,252,2,1,9,252_T2_R1_ex09,0,15120,15360,,2.0,False,False,1.0,True
w000049,evaluation,252_T2_P1_R1,252,2,1,9,252_T2_R1_ex09,1,15360,15600,,2.0,False,False,1.0,True
w000050,evaluation,252_T2_P1_R1,252,2,1,9,252_T2_R1_ex09,2,15600,15840,,2.0,False,False,1.0,True
w000051,evaluation,252_T2_P1_R1,252,2,1,9,252_T2_R1_ex09,3,15840,16080,,2.0,False,False,1.0,True
w000052,evaluation,252_T2_P1_R1,252,2,1,10,252_T2_R1_ex10,0,16200,16440,,2.0,False,False,1.0,True
w000053,evaluation,252_T2_P1_R1,252,2,1,10,252_T2_R1_ex10,1,16440,16680,,2.0,False,False,1.0,True
w000054,evaluation,252_T2_P1_R1,252,2,1,10,252_T2_R1_ex10,2,16680,16920,,2.0,False,False,1.0,True
w000055,evaluation,252_T2_P1_R1,252,2,1,10,252_T2_R1_ex10,3,16920,17160,,2.0,False,False,1.0,True
w000056,evaluation,252_T2_P1_R1,252,2,1,10,252_T2_R1_ex10,4,17160,17400,,2.0,False,False,1.0,True
w000057,evaluation,252_T2_P1_R1,252,2,1,10,252_T2_R1_ex10,5,17400,17640,,2.0,False,False,1.0,True
w000058,evaluation,252_T2_P1_R1,252,2,1,11,252_T2_R1_ex11,0,17640,17880,,2.0,False,False,1.0,True
w000059,evaluation,252_T2_P1_R1,252,2,1,11,252_T2_R1_ex11,1,17880,18120,,2.0,False,False,1.0,True
w000060,evaluation,252_T2_P1_R1,252,2,1,11,252_T2_R1_ex11,2,18120,18360,,2.0,False,False,1.0,True
w000061,evaluation,252_T2_P1_R1,252,2,1,11,252_T2_R1_ex11,3,18360,18600,,2.0,False,False,1.0,True
w000062,evaluation,252_T2_P1_R1,252,2,1,11,252_T2_R1_ex11,4,18600,18840,,2.0,False,False,1.0,True
w000063,evaluation,252_T2_P1_R1,252,2,1,12,252_T2_R1_ex12,0,19080,19320,,2.0,False,False,1.0,True
w000064,evaluation,252_T2_P1_R1,252,2,1,12,252_T2_R1_ex12,1,19320,19560,,2.0,False,False,1.0,True
w000065,evaluation,252_T2_P1_R1,252,2,1,12,252_T2_R1_ex12,2,19560,19800,,2.0,False,False,1.0,True
w000066,evaluation,252_T2_P1_R1,252,2,1,12,252_T2_R1_ex12,3,19800,20040,,2.0,False,False,1.0,True
w000067,evaluation,252_T2_P1_R1,252,2,1,13,252_T2_R1_ex13,0,20280,20520,,2.0,False,False,1.0,True
w000068,evaluation,252_T2_P1_R1,252,2,1,13,252_T2_R1_ex13,1,20520,20760,,2.0,False,False,1.0,True
w000069,evaluation,252_T2_P1_R1,252,2,1,13,252_T2_R1_ex13,2,20760,21000,,2.0,False,False,1.0,True
w000070,evaluation,252_T2_P1_R1,252,2,1,13,252_T2_R1_ex13,3,21000,21240,,2.0,False,False,1.0,True
w000071,evaluation,252_T2_P1_R1,252,2,1,13,252_T2_R1_ex13,4,21240,21480,,2.0,False,False,1.0,True
w000072,evaluation,252_T2_P1_R1,252,2,1,13,252_T2_R1_ex13,5,21480,21720,,2.0,False,False,1.0,True
w000073,evaluation,252_T2_P1_R2,252,2,2,9,252_T2_R2_ex09,0,15000,15240,,2.0,False,False,1.0,True
w000074,evaluation,252_T2_P1_R2,252,2,2,9,252_T2_R2_ex09,1,15240,15480,,2.0,False,False,1.0,True
w000075,evaluation,252_T2_P1_R2,252,2,2,9,252_T2_R2_ex09,2,15480,15720,,2.0,False,False,1.0,True
w000076,evaluation,252_T2_P1_R2,252,2,2,9,252_T2_R2_ex09,3,15720,15960,,2.0,False,False,1.0,True
w000077,evaluation,252_T2_P1_R2,252,2,2,10,252_T2_R2_ex10,0,16200,16440,,2.0,False,False,1.0,True
w000078,evaluation,252_T2_P1_R2,252,2,2,10,252_T2_R2_ex10,1,16440,16680,,2.0,False,False,1.0,True
w000079,evaluation,252_T2_P1_R2,252,2,2,10,252_T2_R2_ex10,2,16680,16920,,2.0,False,False,1.0,True
w000080,evaluation,252_T2_P1_R2,252,2,2,10,252_T2_R2_ex10,3,16920,17160,,2.0,False,False,1.0,True
w000081,evaluation,252_T2_P1_R2,252,2,2,10,252_T2_R2_ex10,4,17160,17400,,2.0,False,False,1.0,True
w000082,evaluation,252_T2_P1_R2,252,2,2,11,252_T2_R2_ex11,0,17640,17880,,2.0,False,False,1.0,True
w000083,evaluation,252_T2_P1_R2,252,2,2,11,252_T2_R2_ex11,1,17880,18120,,2.0,False,False,1.0,True
w000084,evaluation,252_T2_P1_R2,252,2,2,11,252_T2_R2_ex11,2,18120,18360,,2.0,False,False,1.0,True
w000085,evaluation,252_T2_P1_R2,252,2,2,11,252_T2_R2_ex11,3,18360,18600,,2.0,False,False,1.0,True
w000086,evaluation,252_T2_P1_R2,252,2,2,12,252_T2_R2_ex12,0,18840,19080,,2.0,False,False,1.0,True
w000087,evaluation,252_T2_P1_R2,252,2,2,12,252_T2_R2_ex12,1,19080,19320,,2.0,False,False,1.0,True
w000088,evaluation,252_T2_P1_R2,252,2,2,12,252_T2_R2_ex12,2,19320,19560,,2.0,False,False,1.0,True
w000089,evaluation,252_T2_P1_R2,252,2,2,12,252_T2_R2_ex12,3,19560,19800,,2.0,False,False,1.0,True
w000090,evaluation,252_T2_P1_R2,252,2,2,13,252_T2_R2_ex13,0,20040,20280,,2.0,False,False,1.0,True
w000091,evaluation,252_T2_P1_R2,252,2,2,13,252_T2_R2_ex13,1,20280,20520,,2.0,False,False,1.0,True
w000092,evaluation,252_T2_P1_R2,252,2,2,13,252_T2_R2_ex13,2,20520,20760,,2.0,False,False,1.0,True
w000093,evaluation,252_T2_P1_R2,252,2,2,13,252_T2_R2_ex13,3,20760,21000,,2.0,False,False,1.0,True
w000094,evaluation,252_T2_P1_R2,252,2,2,13,252_T2_R2_ex13,4,21000,21240,,2.0,False,False,1.0,True
w000095,evaluation,252_T2_P1_R2,252,2,2,13,252_T2_R2_ex13,5,21240,21480,,2.0,False,False,1.0,True
w000096,evaluation,252_T2_P1_R2,252,2,2,13,252_T2_R2_ex13,6,21480,21720,,2.0,False,False,1.0,True
w000097,evaluation,252_T2_P1_R2,252,2,2,13,252_T2_R2_ex13,7,21720,21960,,2.0,False,False,1.0,True
w000098,evaluation,252_T3_P1_R1,252,3,1,9,252_T3_R1_ex09,0,15000,15240,,2.0,False,False,1.0,True
w000099,evaluation,252_T3_P1_R1,252,3,1,9,252_T3_R1_ex09,1,15240,15480,,2.0,False,False,1.0,True
w000100,evaluation,252_T3_P1_R1,252,3,1,9,252_T3_R1_ex09,2,15480,15720,,2.0,False,False,1.0,True
w000101,evaluation,252_T3_P1_R1,252,3,1,9,252_T3_R1_ex09,3,15720,15960,,2.0,False,False,1.0,True
w000102,evaluation,252_T3_P1_R1,252,3,1,9,252_T3_R1_ex09,4,15960,16200,,2.0,False,False,1.0,True
w000103,evaluation,252_T3_P1_R1,252,3,1,10,252_T3_R1_ex10,0,16320,16560,,2.0,False,False,1.0,True
w000104,evaluation,252_T3_P1_R1,252,3,1,10,252_T3_R1_ex10,1,16560,16800,,2.0,False,False,1.0,True
w000105,evaluation,252_T3_P1_R1,252,3,1,10,252_T3_R1_ex10,2,16800,17040,,2.0,False,False,1.0,True
w000106,evaluation,252_T3_P1_R1,252,3,1,10,252_T3_R1_ex10,3,17040,17280,,2.0,False,False,1.0,True
w000107,evaluation,252_T3_P1_R1,252,3,1,10,252_T3_R1_ex10,4,17280,17520,,2.0,False,False,1.0,True
w000108,evaluation,252_T3_P1_R1,252,3,1,11,252_T3_R1_ex11,0,17640,17880,,2.0,False,False,1.0,True
w000109,evaluation,252_T3_P1_R1,252,3,1,11,252_T3_R1_ex11,1,17880,18120,,2.0,False,False,1.0,True
w000110,evaluation,252_T3_P1_R1,252,3,1,11,252_T3_R1_ex11,2,18120,18360,,2.0,False,False,1.0,True
w000111,evaluation,252_T3_P1_R1,252,3,1,11,252_T3_R1_ex11,3,18360,18600,,2.0,False,False,1.0,True
w000112,evaluation,252_T3_P1_R1,252,3,1,11,252_T3_R1_ex11,4,18600,18840,,2.0,False,False,1.0,True
w000113,evaluation,252_T3_P1_R1,252,3,1,12,252_T3_R1_ex12,0,18960,19200,,2.0,False,False,1.0,True
w000114,evaluation,252_T3_P1_R1,252,3,1,12,252_T3_R1_ex12,1,19200,19440,,2.0,False,False,1.0,True
w000115,evaluation,252_T3_P1_R1,252,3,1,12,252_T3_R1_ex12,2,19440,19680,,2.0,False,False,1.0,True
w000116,evaluation,252_T3_P1_R1,252,3,1,12,252_T3_R1_ex12,3,19680,19920,,2.0,False,False,1.0,True
w000117,evaluation,252_T3_P1_R1,252,3,1,13,252_T3_R1_ex13,0,20160,20400,,2.0,False,False,1.0,True
w000118,evaluation,252_T3_P1_R1,252,3,1,13,252_T3_R1_ex13,1,20400,20640,,2.0,False,False,1.0,True
w000119,evaluation,252_T3_P1_R1,252,3,1,13,252_T3_R1_ex13,2,20640,20880,,2.0,False,False,1.0,True
w000120,evaluation,252_T3_P1_R1,252,3,1,13,252_T3_R1_ex13,3,20880,21120,,2.0,False,False,1.0,True
w000121,evaluation,252_T3_P1_R1,252,3,1,13,252_T3_R1_ex13,4,21120,21360,,2.0,False,False,1.0,True
w000122,evaluation,252_T3_P1_R1,252,3,1,13,252_T3_R1_ex13,5,21360,21600,,2.0,False,False,1.0,True
w000123,evaluation,252_T3_P1_R2,252,3,2,9,252_T3_R2_ex09,0,15600,15840,,2.0,False,False,1.0,True
w000124,evaluation,252_T3_P1_R2,252,3,2,9,252_T3_R2_ex09,1,15840,16080,,2.0,False,False,1.0,True
w000125,evaluation,252_T3_P1_R2,252,3,2,9,252_T3_R2_ex09,2,16080,16320,,2.0,False,False,1.0,True
w000126,evaluation,252_T3_P1_R2,252,3,2,9,252_T3_R2_ex09,3,16320,16560,,2.0,False,False,1.0,True
w000127,evaluation,252_T3_P1_R2,252,3,2,10,252_T3_R2_ex10,0,16800,17040,,2.0,False,False,1.0,True
w000128,evaluation,252_T3_P1_R2,252,3,2,10,252_T3_R2_ex10,1,17040,17280,,2.0,False,False,1.0,True
w000129,evaluation,252_T3_P1_R2,252,3,2,10,252_T3_R2_ex10,2,17280,17520,,2.0,False,False,1.0,True
w000130,evaluation,252_T3_P1_R2,252,3,2,10,252_T3_R2_ex10,3,17520,17760,,2.0,False,False,1.0,True
w000131,evaluation,252_T3_P1_R2,252,3,2,10,252_T3_R2_ex10,4,17760,18000,,2.0,False,False,1.0,True
w000132,evaluation,252_T3_P1_R2,252,3,2,11,252_T3_R2_ex11,0,18120,18360,,2.0,False,False,1.0,True
w000133,evaluation,252_T3_P1_R2,252,3,2,11,252_T3_R2_ex11,1,18360,18600,,2.0,False,False,1.0,True
w000134,evaluation,252_T3_P1_R2,252,3,2,11,252_T3_R2_ex11,2,18600,18840,,2.0,False,False,1.0,True
w000135,evaluation,252_T3_P1_R2,252,3,2,11,252_T3_R2_ex11,3,18840,19080,,2.0,False,False,1.0,True
w000136,evaluation,252_T3_P1_R2,252,3,2,11,252_T3_R2_ex11,4,19080,19320,,2.0,False,False,1.0,True
w000137,evaluation,252_T3_P1_R2,252,3,2,12,252_T3_R2_ex12,0,19440,19680,,2.0,False,False,1.0,True
w000138,evaluation,252_T3_P1_R2,252,3,2,12,252_T3_R2_ex12,1,19680,19920,,2.0,False,False,1.0,True
w000139,evaluation,252_T3_P1_R2,252,3,2,12,252_T3_R2_ex12,2,19920,20160,,2.0,False,False,1.0,True
w000140,evaluation,252_T3_P1_R2,252,3,2,12,252_T3_R2_ex12,3,20160,20400,,2.0,False,False,1.0,True
w000141,evaluation,252_T3_P1_R2,252,3,2,13,252_T3_R2_ex13,0,20640,20880,,2.0,False,False,1.0,True
w000142,evaluation,252_T3_P1_R2,252,3,2,13,252_T3_R2_ex13,1,20880,21120,,2.0,False,False,1.0,True
w000143,evaluation,252_T3_P1_R2,252,3,2,13,252_T3_R2_ex13,2,21120,21360,,2.0,False,False,1.0,True
w000144,evaluation,252_T3_P1_R2,252,3,2,13,252_T3_R2_ex13,3,21360,21600,,2.0,False,False,1.0,True
w000145,evaluation,252_T3_P1_R2,252,3,2,13,252_T3_R2_ex13,4,21600,21840,,2.0,False,False,1.0,True
w000146,evaluation,252_T3_P1_R2,252,3,2,13,252_T3_R2_ex13,5,21840,22080,,2.0,False,False,1.0,True
w000147,evaluation,651_T1_P1_R1,651,1,1,9,651_T1_R1_ex09,0,14400,14640,,2.0,True,False,1.0,True
w000148,evaluation,651_T1_P1_R1,651,1,1,9,651_T1_R1_ex09,1,14640,14880,,2.0,True,False,1.0,True
w000149,evaluation,651_T1_P1_R1,651,1,1,9,651_T1_R1_ex09,2,14880,15120,,2.0,True,False,1.0,True
w000150,evaluation,651_T1_P1_R1,651,1,1,9,651_T1_R1_ex09,3,15120,15360,,2.0,True,False,1.0,True
w000151,evaluation,651_T1_P1_R1,651,1,1,10,651_T1_R1_ex10,0,15600,15840,,2.0,True,False,1.0,True
w000152,evaluation,651_T1_P1_R1,651,1,1,10,651_T1_R1_ex10,1,15840,16080,,2.0,True,False,1.0,True
w000153,evaluation,651_T1_P1_R1,651,1,1,10,651_T1_R1_ex10,2,16080,16320,,2.0,True,False,1.0,True
w000154,evaluation,651_T1_P1_R1,651,1,1,10,651_T1_R1_ex10,3,16320,16560,,2.0,True,False,1.0,True
w000155,evaluation,651_T1_P1_R1,651,1,1,10,651_T1_R1_ex10,4,16560,16800,,2.0,True,False,1.0,True
w000156,evaluation,651_T1_P1_R1,651,1,1,11,651_T1_R1_ex11,0,16920,17160,,2.0,True,False,1.0,True
w000157,evaluation,651_T1_P1_R1,651,1,1,11,651_T1_R1_ex11,1,17160,17400,,2.0,True,False,1.0,True
w000158,evaluation,651_T1_P1_R1,651,1,1,11,651_T1_R1_ex11,2,17400,17640,,2.0,True,False,1.0,True
w000159,evaluation,651_T1_P1_R1,651,1,1,11,651_T1_R1_ex11,3,17640,17880,,2.0,True,False,1.0,True
w000160,evaluation,651_T1_P1_R1,651,1,1,11,651_T1_R1_ex11,4,17880,18120,,2.0,True,False,1.0,True
w000161,evaluation,651_T1_P1_R1,651,1,1,12,651_T1_R1_ex12,0,18360,18600,,2.0,True,False,1.0,True
w000162,evaluation,651_T1_P1_R1,651,1,1,12,651_T1_R1_ex12,1,18600,18840,,2.0,True,False,1.0,True
w000163,evaluation,651_T1_P1_R1,651,1,1,12,651_T1_R1_ex12,2,18840,19080,,2.0,True,False,1.0,True
w000164,evaluation,651_T1_P1_R1,651,1,1,12,651_T1_R1_ex12,3,19080,19320,,2.0,True,False,1.0,True
w000165,evaluation,651_T1_P1_R1,651,1,1,13,651_T1_R1_ex13,0,19440,19680,,2.0,True,False,1.0,True
w000166,evaluation,651_T1_P1_R1,651,1,1,13,651_T1_R1_ex13,1,19680,19920,,2.0,True,False,1.0,True
w000167,evaluation,651_T1_P1_R1,651,1,1,13,651_T1_R1_ex13,2,19920,20160,,2.0,True,False,1.0,True
w000168,evaluation,651_T1_P1_R1,651,1,1,13,651_T1_R1_ex13,3,20160,20400,,2.0,True,False,1.0,True
w000169,evaluation,651_T1_P1_R1,651,1,1,13,651_T1_R1_ex13,4,20400,20640,,2.0,True,False,1.0,True
w000170,evaluation,651_T1_P1_R1,651,1,1,13,651_T1_R1_ex13,5,20640,20880,,2.0,True,False,1.0,True
w000171,evaluation,651_T1_P1_R2,651,1,2,9,651_T1_R2_ex09,0,14040,14280,,2.0,False,True,1.0,True
w000172,evaluation,651_T1_P1_R2,651,1,2,9,651_T1_R2_ex09,1,14280,14520,,2.0,False,True,1.0,True
w000173,evaluation,651_T1_P1_R2,651,1,2,9,651_T1_R2_ex09,2,14520,14760,,2.0,False,True,1.0,True
w000174,evaluation,651_T1_P1_R2,651,1,2,9,651_T1_R2_ex09,3,14760,15000,,2.0,False,True,1.0,True
w000175,evaluation,651_T1_P1_R2,651,1,2,10,651_T1_R2_ex10,0,15240,15480,,2.0,False,True,1.0,True
w000176,evaluation,651_T1_P1_R2,651,1,2,10,651_T1_R2_ex10,1,15480,15720,,2.0,False,True,1.0,True
w000177,evaluation,651_T1_P1_R2,651,1,2,10,651_T1_R2_ex10,2,15720,15960,,2.0,False,True,1.0,True
w000178,evaluation,651_T1_P1_R2,651,1,2,10,651_T1_R2_ex10,3,15960,16200,,2.0,False,True,1.0,True
w000179,evaluation,651_T1_P1_R2,651,1,2,10,651_T1_R2_ex10,4,16200,16440,,2.0,False,True,1.0,True
w000180,evaluation,651_T1_P1_R2,651,1,2,11,651_T1_R2_ex11,0,16680,16920,,2.0,False,True,1.0,True
w000181,evaluation,651_T1_P1_R2,651,1,2,11,651_T1_R2_ex11,1,16920,17160,,2.0,False,True,1.0,True
w000182,evaluation,651_T1_P1_R2,651,1,2,11,651_T1_R2_ex11,2,17160,17400,,2.0,False,True,1.0,True
w000183,evaluation,651_T1_P1_R2,651,1,2,11,651_T1_R2_ex11,3,17400,17640,,2.0,False,True,1.0,True
w000184,evaluation,651_T1_P1_R2,651,1,2,11,651_T1_R2_ex11,4,17640,17880,,2.0,False,True,1.0,True
w000185,evaluation,651_T1_P1_R2,651,1,2,12,651_T1_R2_ex12,0,18000,18240,,2.0,False,True,1.0,True
w000186,evaluation,651_T1_P1_R2,651,1,2,12,651_T1_R2_ex12,1,18240,18480,,2.0,False,True,1.0,True
w000187,evaluation,651_T1_P1_R2,651,1,2,12,651_T1_R2_ex12,2,18480,18720,,2.0,False,True,1.0,True
w000188,evaluation,651_T1_P1_R2,651,1,2,13,651_T1_R2_ex13,0,18960,19200,,2.0,False,True,1.0,True
w000189,evaluation,651_T1_P1_R2,651,1,2,13,651_T1_R2_ex13,1,19200,19440,,2.0,False,True,1.0,True
w000190,evaluation,651_T1_P1_R2,651,1,2,13,651_T1_R2_ex13,2,19440,19680,,2.0,False,True,1.0,True
w000191,evaluation,651_T1_P1_R2,651,1,2,13,651_T1_R2_ex13,3,19680,19920,,2.0,False,True,1.0,True
w000192,evaluation,651_T1_P1_R2,651,1,2,13,651_T1_R2_ex13,4,19920,20160,,2.0,False,True,1.0,True
w000193,evaluation,651_T1_P1_R2,651,1,2,13,651_T1_R2_ex13,5,20160,20400,,2.0,False,True,1.0,True
w000194,evaluation,651_T1_P1_R2,651,1,2,13,651_T1_R2_ex13,6,20400,20640,,2.0,False,True,1.0,True
w000195,evaluation,651_T2_P1_R1,651,2,1,9,651_T2_R1_ex09,0,15840,16080,,2.0,False,False,1.0,True
w000196,evaluation,651_T2_P1_R1,651,2,1,9,651_T2_R1_ex09,1,16080,16320,,2.0,False,False,1.0,True
w000197,evaluation,651_T2_P1_R1,651,2,1,9,651_T2_R1_ex09,2,16320,16560,,2.0,False,False,1.0,True
w000198,evaluation,651_T2_P1_R1,651,2,1,9,651_T2_R1_ex09,3,16560,16800,,2.0,False,False,1.0,True
w000199,evaluation,651_T2_P1_R1,651,2,1,10,651_T2_R1_ex10,0,17040,17280,,2.0,False,False,1.0,True
w000200,evaluation,651_T2_P1_R1,651,2,1,10,651_T2_R1_ex10,1,17280,17520,,2.0,False,False,1.0,True
w000201,evaluation,651_T2_P1_R1,651,2,1,10,651_T2_R1_ex10,2,17520,17760,,2.0,False,False,1.0,True
w000202,evaluation,651_T2_P1_R1,651,2,1,10,651_T2_R1_ex10,3,17760,18000,,2.0,False,False,1.0,True
w000203,evaluation,651_T2_P1_R1,651,2,1,10,651_T2_R1_ex10,4,18000,18240,,2.0,False,False,1.0,True
w000204,evaluation,651_T2_P1_R1,651,2,1,11,651_T2_R1_ex11,0,18360,18600,,2.0,False,False,1.0,True
w000205,evaluation,651_T2_P1_R1,651,2,1,11,651_T2_R1_ex11,1,18600,18840,,2.0,False,False,1.0,True
w000206,evaluation,651_T2_P1_R1,651,2,1,11,651_T2_R1_ex11,2,18840,19080,,2.0,False,False,1.0,True
w000207,evaluation,651_T2_P1_R1,651,2,1,11,651_T2_R1_ex11,3,19080,19320,,2.0,False,False,1.0,True
w000208,evaluation,651_T2_P1_R1,651,2,1,11,651_T2_R1_ex11,4,19320,19560,,2.0,False,False,1.0,True
w000209,evaluation,651_T2_P1_R1,651,2,1,12,651_T2_R1_ex12,0,19800,20040,,2.0,False,False,1.0,True
w000210,evaluation,651_T2_P1_R1,651,2,1,12,651_T2_R1_ex12,1,20040,20280,,2.0,False,False,1.0,True
w000211,evaluation,651_T2_P1_R1,651,2,1,12,651_T2_R1_ex12,2,20280,20520,,2.0,False,False,1.0,True
w000212,evaluation,651_T2_P1_R1,651,2,1,12,651_T2_R1_ex12,3,20520,20760,,2.0,False,False,1.0,True
w000213,evaluation,651_T2_P1_R1,651,2,1,13,651_T2_R1_ex13,0,20880,21120,,2.0,False,False,1.0,True
w000214,evaluation,651_T2_P1_R1,651,2,1,13,651_T2_R1_ex13,1,21120,21360,,2.0,False,False,1.0,True
w000215,evaluation,651_T2_P1_R1,651,2,1,13,651_T2_R1_ex13,2,21360,21600,,2.0,False,False,1.0,True
w000216,evaluation,651_T2_P1_R1,651,2,1,13,651_T2_R1_ex13,3,21600,21840,,2.0,False,False,1.0,True
w000217,evaluation,651_T2_P1_R1,651,2,1,13,651_T2_R1_ex13,4,21840,22080,,2.0,False,False,1.0,True
w000218,evaluation,651_T2_P1_R1,651,2,1,13,651_T2_R1_ex13,5,22080,22320,,2.0,False,False,1.0,True
w000219,evaluation,651_T2_P1_R1,651,2,1,13,651_T2_R1_ex13,6,22320,22560,,2.0,False,False,1.0,True
w000220,evaluation,651_T2_P1_R2,651,2,2,9,651_T2_R2_ex09,0,15000,15240,,2.0,False,False,1.0,True
w000221,evaluation,651_T2_P1_R2,651,2,2,9,651_T2_R2_ex09,1,15240,15480,,2.0,False,False,1.0,True
w000222,evaluation,651_T2_P1_R2,651,2,2,9,651_T2_R2_ex09,2,15480,15720,,2.0,False,False,1.0,True
w000223,evaluation,651_T2_P1_R2,651,2,2,9,651_T2_R2_ex09,3,15720,15960,,2.0,False,False,1.0,True
w000224,evaluation,651_T2_P1_R2,651,2,2,9,651_T2_R2_ex09,4,15960,16200,,2.0,False,False,1.0,True
w000225,evaluation,651_T2_P1_R2,651,2,2,10,651_T2_R2_ex10,0,16320,16560,,2.0,False,False,1.0,True
w000226,evaluation,651_T2_P1_R2,651,2,2,10,651_T2_R2_ex10,1,16560,16800,,2.0,False,False,1.0,True
w000227,evaluation,651_T2_P1_R2,651,2,2,10,651_T2_R2_ex10,2,16800,17040,,2.0,False,False,1.0,True
w000228,evaluation,651_T2_P1_R2,651,2,2,10,651_T2_R2_ex10,3,17040,17280,,2.0,False,False,1.0,True
w000229,evaluation,651_T2_P1_R2,651,2,2,10,651_T2_R2_ex10,4,17280,17520,,2.0,False,False,1.0,True
w000230,evaluation,651_T2_P1_R2,651,2,2,11,651_T2_R2_ex11,0,17640,17880,,2.0,False,False,1.0,True
w000231,evaluation,651_T2_P1_R2,651,2,2,11,651_T2_R2_ex11,1,17880,18120,,2.0,False,False,1.0,True
w000232,evaluation,651_T2_P1_R2,651,2,2,11,651_T2_R2_ex11,2,18120,18360,,2.0,False,False,1.0,True
w000233,evaluation,651_T2_P1_R2,651,2,2,11,651_T2_R2_ex11,3,18360,18600,,2.0,False,False,1.0,True
w000234,evaluation,651_T2_P1_R2,651,2,2,11,651_T2_R2_ex11,4,18600,18840,,2.0,False,False,1.0,True
w000235,evaluation,651_T2_P1_R2,651,2,2,12,651_T2_R2_ex12,0,19080,19320,,2.0,False,False,1.0,True
w000236,evaluation,651_T2_P1_R2,651,2,2,12,651_T2_R2_ex12,1,19320,19560,,2.0,False,False,1.0,True
w000237,evaluation,651_T2_P1_R2,651,2,2,12,651_T2_R2_ex12,2,19560,19800,,2.0,False,False,1.0,True
w000238,evaluation,651_T2_P1_R2,651,2,2,12,651_T2_R2_ex12,3,19800,20040,,2.0,False,False,1.0,True
w000239,evaluation,651_T2_P1_R2,651,2,2,13,651_T2_R2_ex13,0,20280,20520,,2.0,False,False,1.0,True
w000240,evaluation,651_T2_P1_R2,651,2,2,13,651_T2_R2_ex13,1,20520,20760,,2.0,False,False,1.0,True
w000241,evaluation,651_T2_P1_R2,651,2,2,13,651_T2_R2_ex13,2,20760,21000,,2.0,False,False,1.0,True
w000242,evaluation,651_T2_P1_R2,651,2,2,13,651_T2_R2_ex13,3,21000,21240,,2.0,False,False,1.0,True
w000243,evaluation,651_T2_P1_R2,651,2,2,13,651_T2_R2_ex13,4,21240,21480,,2.0,False,False,1.0,True
w000244,evaluation,651_T2_P1_R2,651,2,2,13,651_T2_R2_ex13,5,21480,21720,,2.0,False,False,1.0,True
w000245,evaluation,651_T2_P1_R2,651,2,2,13,651_T2_R2_ex13,6,21720,21960,,2.0,False,False,1.0,True
w000246,evaluation,651_T3_P1_R1,651,3,1,9,651_T3_R1_ex09,0,14640,14880,,2.0,False,False,1.0,True
w000247,evaluation,651_T3_P1_R1,651,3,1,9,651_T3_R1_ex09,1,14880,15120,,2.0,False,False,1.0,True
w000248,evaluation,651_T3_P1_R1,651,3,1,9,651_T3_R1_ex09,2,15120,15360,,2.0,False,False,1.0,True
w000249,evaluation,651_T3_P1_R1,651,3,1,9,651_T3_R1_ex09,3,15360,15600,,2.0,False,False,1.0,True
w000250,evaluation,651_T3_P1_R1,651,3,1,10,651_T3_R1_ex10,0,15840,16080,,2.0,False,False,1.0,True
w000251,evaluation,651_T3_P1_R1,651,3,1,10,651_T3_R1_ex10,1,16080,16320,,2.0,False,False,1.0,True
w000252,evaluation,651_T3_P1_R1,651,3,1,10,651_T3_R1_ex10,2,16320,16560,,2.0,False,False,1.0,True
w000253,evaluation,651_T3_P1_R1,651,3,1,10,651_T3_R1_ex10,3,16560,16800,,2.0,False,False,1.0,True
w000254,evaluation,651_T3_P1_R1,651,3,1,10,651_T3_R1_ex10,4,16800,17040,,2.0,False,False,1.0,True
w000255,evaluation,651_T3_P1_R1,651,3,1,11,651_T3_R1_ex11,0,17280,17520,,2.0,False,False,1.0,True
w000256,evaluation,651_T3_P1_R1,651,3,1,11,651_T3_R1_ex11,1,17520,17760,,2.0,False,False,1.0,True
w000257,evaluation,651_T3_P1_R1,651,3,1,11,651_T3_R1_ex11,2,17760,18000,,2.0,False,False,1.0,True
w000258,evaluation,651_T3_P1_R1,651,3,1,11,651_T3_R1_ex11,3,18000,18240,,2.0,False,False,1.0,True
w000259,evaluation,651_T3_P1_R1,651,3,1,11,651_T3_R1_ex11,4,18240,18480,,2.0,False,False,1.0,True
w000260,evaluation,651_T3_P1_R1,651,3,1,12,651_T3_R1_ex12,0,18600,18840,,2.0,False,False,1.0,True
w000261,evaluation,651_T3_P1_R1,651,3,1,12,651_T3_R1_ex12,1,18840,19080,,2.0,False,False,1.0,True
w000262,evaluation,651_T3_P1_R1,651,3,1,12,651_T3_R1_ex12,2,19080,19320,,2.0,False,False,1.0,True
w000263,evaluation,651_T3_P1_R1,651,3,1,12,651_T3_R1_ex12,3,19320,19560,,2.0,False,False,1.0,True
w000264,evaluation,651_T3_P1_R1,651,3,1,13,651_T3_R1_ex13,0,19800,20040,,2.0,False,False,1.0,True
w000265,evaluation,651_T3_P1_R1,651,3,1,13,651_T3_R1_ex13,1,20040,20280,,2.0,False,False,1.0,True
w000266,evaluation,651_T3_P1_R1,651,3,1,13,651_T3_R1_ex13,2,20280,20520,,2.0,False,False,1.0,True
w000267,evaluation,651_T3_P1_R1,651,3,1,13,651_T3_R1_ex13,3,20520,20760,,2.0,False,False,1.0,True
w000268,evaluation,651_T3_P1_R1,651,3,1,13,651_T3_R1_ex13,4,20760,21000,,2.0,False,False,1.0,True
w000269,evaluation,651_T3_P1_R1,651,3,1,13,651_T3_R1_ex13,5,21000,21240,,2.0,False,False,1.0,True
w000270,evaluation,651_T3_P1_R2,651,3,2,9,651_T3_R2_ex09,0,14880,15120,,2.0,False,False,1.0,True
w000271,evaluation,651_T3_P1_R2,651,3,2,9,651_T3_R2_ex09,1,15120,15360,,2.0,False,False,1.0,True
w000272,evaluation,651_T3_P1_R2,651,3,2,9,651_T3_R2_ex09,2,15360,15600,,2.0,False,False,1.0,True
w000273,evaluation,651_T3_P1_R2,651,3,2,9,651_T3_R2_ex09,3,15600,15840,,2.0,False,False,1.0,True
w000274,evaluation,651_T3_P1_R2,651,3,2,10,651_T3_R2_ex10,0,16080,16320,,2.0,False,False,1.0,True
w000275,evaluation,651_T3_P1_R2,651,3,2,10,651_T3_R2_ex10,1,16320,16560,,2.0,False,False,1.0,True
w000276,evaluation,651_T3_P1_R2,651,3,2,10,651_T3_R2_ex10,2,16560,16800,,2.0,False,False,1.0,True
w000277,evaluation,651_T3_P1_R2,651,3,2,10,651_T3_R2_ex10,3,16800,17040,,2.0,False,False,1.0,True
w000278,evaluation,651_T3_P1_R2,651,3,2,10,651_T3_R2_ex10,4,17040,17280,,2.0,False,False,1.0,True
w000279,evaluation,651_T3_P1_R2,651,3,2,11,651_T3_R2_ex11,0,17400,17640,,2.0,False,False,1.0,True
w000280,evaluation,651_T3_P1_R2,651,3,2,11,651_T3_R2_ex11,1,17640,17880,,2.0,False,False,1.0,True
w000281,evaluation,651_T3_P1_R2,651,3,2,11,651_T3_R2_ex11,2,17880,18120,,2.0,False,False,1.0,True
w000282,evaluation,651_T3_P1_R2,651,3,2,11,651_T3_R2_ex11,3,18120,18360,,2.0,False,False,1.0,True
w000283,evaluation,651_T3_P1_R2,651,3,2,11,651_T3_R2_ex11,4,18360,18600,,2.0,False,False,1.0,True
w000284,evaluation,651_T3_P1_R2,651,3,2,12,651_T3_R2_ex12,0,18840,19080,,2.0,False,False,1.0,True
w000285,evaluation,651_T3_P1_R2,651,3,2,12,651_T3_R2_ex12,1,19080,19320,,2.0,False,False,1.0,True
w000286,evaluation,651_T3_P1_R2,651,3,2,12,651_T3_R2_ex12,2,19320,19560,,2.0,False,False,1.0,True
w000287,evaluation,651_T3_P1_R2,651,3,2,12,651_T3_R2_ex12,3,19560,19800,,2.0,False,False,1.0,True
w000288,evaluation,651_T3_P1_R2,651,3,2,13,651_T3_R2_ex13,0,20040,20280,,2.0,False,False,1.0,True
w000289,evaluation,651_T3_P1_R2,651,3,2,13,651_T3_R2_ex13,1,20280,20520,,2.0,False,False,1.0,True
w000290,evaluation,651_T3_P1_R2,651,3,2,13,651_T3_R2_ex13,2,20520,20760,,2.0,False,False,1.0,True
w000291,evaluation,651_T3_P1_R2,651,3,2,13,651_T3_R2_ex13,3,20760,21000,,2.0,False,False,1.0,True
w000292,evaluation,651_T3_P1_R2,651,3,2,13,651_T3_R2_ex13,4,21000,21240,,2.0,False,False,1.0,True
w000293,evaluation,651_T3_P1_R2,651,3,2,13,651_T3_R2_ex13,5,21240,21480,,2.0,False,False,1.0,True
w000294,evaluation,671_T1_P1_R1,671,1,1,9,671_T1_R1_ex09,0,14280,14520,,2.0,True,False,1.0,True
w000295,evaluation,671_T1_P1_R1,671,1,1,9,671_T1_R1_ex09,1,14520,14760,,2.0,True,False,1.0,True
w000296,evaluation,671_T1_P1_R1,671,1,1,9,671_T1_R1_ex09,2,14760,15000,,2.0,True,False,1.0,True
w000297,evaluation,671_T1_P1_R1,671,1,1,9,671_T1_R1_ex09,3,15000,15240,,2.0,True,False,1.0,True
w000298,evaluation,671_T1_P1_R1,671,1,1,10,671_T1_R1_ex10,0,15360,15600,,2.0,True,False,1.0,True
w000299,evaluation,671_T1_P1_R1,671,1,1,10,671_T1_R1_ex10,1,15600,15840,,2.0,True,False,1.0,True
w000300,evaluation,671_T1_P1_R1,671,1,1,10,671_T1_R1_ex10,2,15840,16080,,2.0,True,False,1.0,True
w000301,evaluation,671_T1_P1_R1,671,1,1,10,671_T1_R1_ex10,3,16080,16320,,2.0,True,False,1.0,True
w000302,evaluation,671_T1_P1_R1,671,1,1,10,671_T1_R1_ex10,4,16320,16560,,2.0,True,False,1.0,True
w000303,evaluation,671_T1_P1_R1,671,1,1,11,671_T1_R1_ex11,0,16680,16920,,2.0,True,False,1.0,True
w000304,evaluation,671_T1_P1_R1,671,1,1,11,671_T1_R1_ex11,1,16920,17160,,2.0,True,False,1.0,True
w000305,evaluation,671_T1_P1_R1,671,1,1,11,671_T1_R1_ex11,2,17160,17400,,2.0,True,False,1.0,True
w000306,evaluation,671_T1_P1_R1,671,1,1,11,671_T1_R1_ex11,3,17400,17640,,2.0,True,False,1.0,True
w000307,evaluation,671_T1_P1_R1,671,1,1,11,671_T1_R1_ex11,4,17640,17880,,2.0,True,False,1.0,True
w000308,evaluation,671_T1_P1_R1,671,1,1,11,671_T1_R1_ex11,5,17880,18120,,2.0,True,False,1.0,True
w000309,evaluation,671_T1_P1_R1,671,1,1,12,671_T1_R1_ex12,0,18240,18480,,2.0,True,False,1.0,True
w000310,evaluation,671_T1_P1_R1,671,1,1,12,671_T1_R1_ex12,1,18480,18720,,2.0,True,False,1.0,True
w000311,evaluation,671_T1_P1_R1,671,1,1,12,671_T1_R1_ex12,2,18720,18960,,2.0,True,False,1.0,True
w000312,evaluation,671_T1_P1_R1,671,1,1,12,671_T1_R1_ex12,3,18960,19200,,2.0,True,False,1.0,True
w000313,evaluation,671_T1_P1_R1,671,1,1,12,671_T1_R1_ex12,4,19200,19440,,2.0,True,False,1.0,True
w000314,evaluation,671_T1_P1_R1,671,1,1,13,671_T1_R1_ex13,0,19560,19800,,2.0,True,False,1.0,True
w000315,evaluation,671_T1_P1_R1,671,1,1,13,671_T1_R1_ex13,1,19800,20040,,2.0,True,False,1.0,True
w000316,evaluation,671_T1_P1_R1,671,1,1,13,671_T1_R1_ex13,2,20040,20280,,2.0,True,False,1.0,True
w000317,evaluation,671_T1_P1_R1,671,1,1,13,671_T1_R1_ex13,3,20280,20520,,2.0,True,False,1.0,True
w000318,evaluation,671_T1_P1_R1,671,1,1,13,671_T1_R1_ex13,4,20520,20760,,2.0,True,False,1.0,True
w000319,evaluation,671_T1_P1_R1,671,1,1,13,671_T1_R1_ex13,5,20760,21000,,2.0,True,False,1.0,True
w000320,evaluation,671_T1_P1_R2,671,1,2,9,671_T1_R2_ex09,0,14040,14280,,2.0,False,True,1.0,True
w000321,evaluation,671_T1_P1_R2,671,1,2,9,671_T1_R2_ex09,1,14280,14520,,2.0,False,True,1.0,True
w000322,evaluation,671_T1_P1_R2,671,1,2,9,671_T1_R2_ex09,2,14520,14760,,2.0,False,True,1.0,True
w000323,evaluation,671_T1_P1_R2,671,1,2,9,671_T1_R2_ex09,3,14760,15000,,2.0,False,True,1.0,True
w000324,evaluation,671_T1_P1_R2,671,1,2,10,671_T1_R2_ex10,0,15240,15480,,2.0,False,True,1.0,True
w000325,evaluation,671_T1_P1_R2,671,1,2,10,671_T1_R2_ex10,1,15480,15720,,2.0,False,True,1.0,True
w000326,evaluation,671_T1_P1_R2,671,1,2,10,671_T1_R2_ex10,2,15720,15960,,2.0,False,True,1.0,True
w000327,evaluation,671_T1_P1_R2,671,1,2,10,671_T1_R2_ex10,3,15960,16200,,2.0,False,True,1.0,True
w000328,evaluation,671_T1_P1_R2,671,1,2,10,671_T1_R2_ex10,4,16200,16440,,2.0,False,True,1.0,True
w000329,evaluation,671_T1_P1_R2,671,1,2,11,671_T1_R2_ex11,0,16680,16920,,2.0,False,True,1.0,True
w000330,evaluation,671_T1_P1_R2,671,1,2,11,671_T1_R2_ex11,1,16920,17160,,2.0,False,True,1.0,True
w000331,evaluation,671_T1_P1_R2,671,1,2,11,671_T1_R2_ex11,2,17160,17400,,2.0,False,True,1.0,True
w000332,evaluation,671_T1_P1_R2,671,1,2,11,671_T1_R2_ex11,3,17400,17640,,2.0,False,True,1.0,True
w000333,evaluation,671_T1_P1_R2,671,1,2,11,671_T1_R2_ex11,4,17640,17880,,2.0,False,True,1.0,True
w000334,evaluation,671_T1_P1_R2,671,1,2,12,671_T1_R2_ex12,0,18120,18360,,2.0,False,True,1.0,True
w000335,evaluation,671_T1_P1_R2,671,1,2,12,671_T1_R2_ex12,1,18360,18600,,2.0,False,True,1.0,True
w000336,evaluation,671_T1_P1_R2,671,1,2,12,671_T1_R2_ex12,2,18600,18840,,2.0,False,True,1.0,True
w000337,evaluation,671_T1_P1_R2,671,1,2,12,671_T1_R2_ex12,3,18840,19080,,2.0,False,True,1.0,True
w000338,evaluation,671_T1_P1_R2,671,1,2,13,671_T1_R2_ex13,0,19320,19560,,2.0,False,True,1.0,True
w000339,evaluation,671_T1_P1_R2,671,1,2,13,671_T1_R2_ex13,1,19560,19800,,2.0,False,True,1.0,True
w000340,evaluation,671_T1_P1_R2,671,1,2,13,671_T1_R2_ex13,2,19800,20040,,2.0,False,True,1.0,True
w000341,evaluation,671_T1_P1_R2,671,1,2,13,671_T1_R2_ex13,3,20040,20280,,2.0,False,True,1.0,True
w000342,evaluation,671_T1_P1_R2,671,1,2,13,671_T1_R2_ex13,4,20280,20520,,2.0,False,True,1.0,True
w000343,evaluation,671_T1_P1_R2,671,1,2,13,671_T1_R2_ex13,5,20520,20760,,2.0,False,True,1.0,True
w000344,evaluation,671_T2_P1_R1,671,2,1,9,671_T2_R1_ex09,0,14040,14280,,2.0,False,False,1.0,True
w000345,evaluation,671_T2_P1_R1,671,2,1,9,671_T2_R1_ex09,1,14280,14520,,2.0,False,False,1.0,True
w000346,evaluation,671_T2_P1_R1,671,2,1,9,671_T2_R1_ex09,2,14520,14760,,2.0,False,False,1.0,True
w000347,evaluation,671_T2_P1_R1,671,2,1,9,671_T2_R1_ex09,3,14760,15000,,2.0,False,False,1.0,True
w000348,evaluation,671_T2_P1_R1,671,2,1,10,671_T2_R1_ex10,0,15240,15480,,2.0,False,False,1.0,True
w000349,evaluation,671_T2_P1_R1,671,2,1,10,671_T2_R1_ex10,1,15480,15720,,2.0,False,False,1.0,True
w000350,evaluation,671_T2_P1_R1,671,2,1,10,671_T2_R1_ex10,2,15720,15960,,2.0,False,False,1.0,True
w000351,evaluation,671_T2_P1_R1,671,2,1,10,671_T2_R1_ex10,3,15960,16200,,2.0,False,False,1.0,True
w000352,evaluation,671_T2_P1_R1,671,2,1,10,671_T2_R1_ex10,4,16200,16440,,2.0,False,False,1.0,True
w000353,evaluation,671_T2_P1_R1,671,2,1,11,671_T2_R1_ex11,0,16680,16920,,2.0,False,False,1.0,True
w000354,evaluation,671_T2_P1_R1,671,2,1,11,671_T2_R1_ex11,1,16920,17160,,2.0,False,False,1.0,True
w000355,evaluation,671_T2_P1_R1,671,2,1,11,671_T2_R1_ex11,2,17160,17400,,2.0,False,False,1.0,True
w000356,evaluation,671_T2_P1_R1,671,2,1,11,671_T2_R1_ex11,3,17400,17640,,2.0,False,False,1.0,True
w000357,evaluation,671_T2_P1_R1,671,2,1,11,671_T2_R1_ex11,4,17640,17880,,2.0,False,False,1.0,True
w000358,evaluation,671_T2_P1_R1,671,2,1,12,671_T2_R1_ex12,0,18120,18360,,2.0,False,False,1.0,True
w000359,evaluation,671_T2_P1_R1,671,2,1,12,671_T2_R1_ex12,1,18360,18600,,2.0,False,False,1.0,True
w000360,evaluation,671_T2_P1_R1,671,2,1,12,671_T2_R1_ex12,2,18600,18840,,2.0,False,False,1.0,True
w000361,evaluation,671_T2_P1_R1,671,2,1,12,671_T2_R1_ex12,3,18840,19080,,2.0,False,False,1.0,True
w000362,evaluation,671_T2_P1_R1,671,2,1,13,671_T2_R1_ex13,0,19320,19560,,2.0,False,False,1.0,True
w000363,evaluation,671_T2_P1_R1,671,2,1,13,671_T2_R1_ex13,1,19560,19800,,2.0,False,False,1.0,True
w000364,evaluation,671_T2_P1_R1,671,2,1,13,671_T2_R1_ex13,2,19800,20040,,2.0,False,False,1.0,True
w000365,evaluation,671_T2_P1_R1,671,2,1,13,671_T2_R1_ex13,3,20040,20280,,2.0,False,False,1.0,True
w000366,evaluation,671_T2_P1_R1,671,2,1,13,671_T2_R1_ex13,4,20280,20520,,2.0,False,False,1.0,True
w000367,evaluation,671_T2_P1_R1,671,2,1,13,671_T2_R1_ex13,5,20520,20760,,2.0,False,False,1.0,True
w000368,evaluation,671_T2_P1_R2,671,2,2,9,671_T2_R2_ex09,0,14040,14280,,2.0,False,False,1.0,True
w000369,evaluation,671_T2_P1_R2,671,2,2,9,671_T2_R2_ex09,1,14280,14520,,2.0,False,False,1.0,True
w000370,evaluation,671_T2_P1_R2,671,2,2,9,671_T2_R2_ex09,2,14520,14760,,2.0,False,False,1.0,True
w000371,evaluation,671_T2_P1_R2,671,2,2,9,671_T2_R2_ex09,3,14760,15000,,2.0,False,False,1.0,True
w000372,evaluation,671_T2_P1_R2,671,2,2,10,671_T2_R2_ex10,0,15240,15480,,2.0,False,False,1.0,True
w000373,evaluation,671_T2_P1_R2,671,2,2,10,671_T2_R2_ex10,1,15480,15720,,2.0,False,False,1.0,True
w000374,evaluation,671_T2_P1_R2,671,2,2,10,671_T2_R2_ex10,2,15720,15960,,2.0,False,False,1.0,True
w000375,evaluation,671_T2_P1_R2,671,2,2,10,671_T2_R2_ex10,3,15960,16200,,2.0,False,False,1.0,True
w000376,evaluation,671_T2_P1_R2,671,2,2,10,671_T2_R2_ex10,4,16200,16440,,2.0,False,False,1.0,True
w000377,evaluation,671_T2_P1_R2,671,2,2,11,671_T2_R2_ex11,0,16680,16920,,2.0,False,False,1.0,True
w000378,evaluation,671_T2_P1_R2,671,2,2,11,671_T2_R2_ex11,1,16920,17160,,2.0,False,False,1.0,True
w000379,evaluation,671_T2_P1_R2,671,2,2,11,671_T2_R2_ex11,2,17160,17400,,2.0,False,False,1.0,True
w000380,evaluation,671_T2_P1_R2,671,2,2,11,671_T2_R2_ex11,3,17400,17640,,2.0,False,False,1.0,True
w000381,evaluation,671_T2_P1_R2,671,2,2,11,671_T2_R2_ex11,4,17640,17880,,2.0,False,False,1.0,True
w000382,evaluation,671_T2_P1_R2,671,2,2,12,671_T2_R2_ex12,0,18000,18240,,2.0,False,False,1.0,True
w000383,evaluation,671_T2_P1_R2,671,2,2,12,671_T2_R2_ex12,1,18240,18480,,2.0,False,False,1.0,True
w000384,evaluation,671_T2_P1_R2,671,2,2,12,671_T2_R2_ex12,2,18480,18720,,2.0,False,False,1.0,True
w000385,evaluation,671_T2_P1_R2,671,2,2,12,671_T2_R2_ex12,3,18720,18960,,2.0,False,False,1.0,True
w000386,evaluation,671_T2_P1_R2,671,2,2,12,671_T2_R2_ex12,4,18960,19200,,2.0,False,False,1.0,True
w000387,evaluation,671_T2_P1_R2,671,2,2,13,671_T2_R2_ex13,0,19320,19560,,2.0,False,False,1.0,True
w000388,evaluation,671_T2_P1_R2,671,2,2,13,671_T2_R2_ex13,1,19560,19800,,2.0,False,False,1.0,True
w000389,evaluation,671_T2_P1_R2,671,2,2,13,671_T2_R2_ex13,2,19800,20040,,2.0,False,False,1.0,True
w000390,evaluation,671_T2_P1_R2,671,2,2,13,671_T2_R2_ex13,3,20040,20280,,2.0,False,False,1.0,True
w000391,evaluation,671_T2_P1_R2,671,2,2,13,671_T2_R2_ex13,4,20280,20520,,2.0,False,False,1.0,True
w000392,evaluation,671_T2_P1_R2,671,2,2,13,671_T2_R2_ex13,5,20520,20760,,2.0,False,False,1.0,True
w000393,evaluation,671_T2_P1_R2,671,2,2,13,671_T2_R2_ex13,6,20760,21000,,2.0,False,False,1.0,True
w000394,evaluation,671_T2_P1_R2,671,2,2,13,671_T2_R2_ex13,7,21000,21240,,2.0,False,False,1.0,True
w000395,evaluation,671_T3_P1_R1,671,3,1,9,671_T3_R1_ex09,0,15120,15360,,2.0,False,False,1.0,True
w000396,evaluation,671_T3_P1_R1,671,3,1,9,671_T3_R1_ex09,1,15360,15600,,2.0,False,False,1.0,True
w000397,evaluation,671_T3_P1_R1,671,3,1,9,671_T3_R1_ex09,2,15600,15840,,2.0,False,False,1.0,True
w000398,evaluation,671_T3_P1_R1,671,3,1,9,671_T3_R1_ex09,3,15840,16080,,2.0,False,False,1.0,True
w000399,evaluation,671_T3_P1_R1,671,3,1,9,671_T3_R1_ex09,4,16080,16320,,2.0,False,False,1.0,True
w000400,evaluation,671_T3_P1_R1,671,3,1,10,671_T3_R1_ex10,0,16560,16800,,2.0,False,False,1.0,True
w000401,evaluation,671_T3_P1_R1,671,3,1,10,671_T3_R1_ex10,1,16800,17040,,2.0,False,False,1.0,True
w000402,evaluation,671_T3_P1_R1,671,3,1,10,671_T3_R1_ex10,2,17040,17280,,2.0,False,False,1.0,True
w000403,evaluation,671_T3_P1_R1,671,3,1,10,671_T3_R1_ex10,3,17280,17520,,2.0,False,False,1.0,True
w000404,evaluation,671_T3_P1_R1,671,3,1,10,671_T3_R1_ex10,4,17520,17760,,2.0,False,False,1.0,True
w000405,evaluation,671_T3_P1_R1,671,3,1,11,671_T3_R1_ex11,0,17880,18120,,2.0,False,False,1.0,True
w000406,evaluation,671_T3_P1_R1,671,3,1,11,671_T3_R1_ex11,1,18120,18360,,2.0,False,False,1.0,True
w000407,evaluation,671_T3_P1_R1,671,3,1,11,671_T3_R1_ex11,2,18360,18600,,2.0,False,False,1.0,True
w000408,evaluation,671_T3_P1_R1,671,3,1,11,671_T3_R1_ex11,3,18600,18840,,2.0,False,False,1.0,True
w000409,evaluation,671_T3_P1_R1,671,3,1,11,671_T3_R1_ex11,4,18840,19080,,2.0,False,False,1.0,True
w000410,evaluation,671_T3_P1_R1,671,3,1,12,671_T3_R1_ex12,0,19200,19440,,2.0,False,False,1.0,True
w000411,evaluation,671_T3_P1_R1,671,3,1,12,671_T3_R1_ex12,1,19440,19680,,2.0,False,False,1.0,True
w000412,evaluation,671_T3_P1_R1,671,3,1,12,671_T3_R1_ex12,2,19680,19920,,2.0,False,False,1.0,True
w000413,evaluation,671_T3_P1_R1,671,3,1,12,671_T3_R1_ex12,3,19920,20160,,2.0,False,False,1.0,True
w000414,evaluation,671_T3_P1_R1,671,3,1,12,671_T3_R1_ex12,4,20160,20400,,2.0,False,False,1.0,True
w000415,evaluation,671_T3_P1_R1,671,3,1,13,671_T3_R1_ex13,0,20520,20760,,2.0,False,False,1.0,True
w000416,evaluation,671_T3_P1_R1,671,3,1,13,671_T3_R1_ex13,1,20760,21000,,2.0,False,False,1.0,True
w000417,evaluation,671_T3_P1_R1,671,3,1,13,671_T3_R1_ex13,2,21000,21240,,2.0,False,False,1.0,True
w000418,evaluation,671_T3_P1_R1,671,3,1,13,671_T3_R1_ex13,3,21240,21480,,2.0,False,False,1.0,True
w000419,evaluation,671_T3_P1_R1,671,3,1,13,671_T3_R1_ex13,4,21480,21720,,2.0,False,False,1.0,True
w000420,evaluation,671_T3_P1_R1,671,3,1,13,671_T3_R1_ex13,5,21720,21960,,2.0,False,False,1.0,True
w000421,evaluation,671_T3_P1_R1,671,3,1,13,671_T3_R1_ex13,6,21960,22200,,2.0,False,False,1.0,True
w000422,evaluation,671_T3_P1_R2,671,3,2,9,671_T3_R2_ex09,0,15000,15240,,2.0,False,False,1.0,True
w000423,evaluation,671_T3_P1_R2,671,3,2,9,671_T3_R2_ex09,1,15240,15480,,2.0,False,False,1.0,True
w000424,evaluation,671_T3_P1_R2,671,3,2,9,671_T3_R2_ex09,2,15480,15720,,2.0,False,False,1.0,True
w000425,evaluation,671_T3_P1_R2,671,3,2,9,671_T3_R2_ex09,3,15720,15960,,2.0,False,False,1.0,True
w000426,evaluation,671_T3_P1_R2,671,3,2,9,671_T3_R2_ex09,4,15960,16200,,2.0,False,False,1.0,True
w000427,evaluation,671_T3_P1_R2,671,3,2,10,671_T3_R2_ex10,0,16320,16560,,2.0,False,False,1.0,True
w000428,evaluation,671_T3_P1_R2,671,3,2,10,671_T3_R2_ex10,1,16560,16800,,2.0,False,False,1.0,True
w000429,evaluation,671_T3_P1_R2,671,3,2,10,671_T3_R2_ex10,2,16800,17040,,2.0,False,False,1.0,True
w000430,evaluation,671_T3_P1_R2,671,3,2,10,671_T3_R2_ex10,3,17040,17280,,2.0,False,False,1.0,True
w000431,evaluation,671_T3_P1_R2,671,3,2,10,671_T3_R2_ex10,4,17280,17520,,2.0,False,False,1.0,True
w000432,evaluation,671_T3_P1_R2,671,3,2,11,671_T3_R2_ex11,0,17640,17880,,2.0,False,False,1.0,True
w000433,evaluation,671_T3_P1_R2,671,3,2,11,671_T3_R2_ex11,1,17880,18120,,2.0,False,False,1.0,True
w000434,evaluation,671_T3_P1_R2,671,3,2,11,671_T3_R2_ex11,2,18120,18360,,2.0,False,False,1.0,True
w000435,evaluation,671_T3_P1_R2,671,3,2,11,671_T3_R2_ex11,3,18360,18600,,2.0,False,False,1.0,True
w000436,evaluation,671_T3_P1_R2,671,3,2,11,671_T3_R2_ex11,4,18600,18840,,2.0,False,False,1.0,True
w000437,evaluation,671_T3_P1_R2,671,3,2,12,671_T3_R2_ex12,0,18960,19200,,2.0,False,False,1.0,True
w000438,evaluation,671_T3_P1_R2,671,3,2,12,671_T3_R2_ex12,1,19200,19440,,2.0,False,False,1.0,True
w000439,evaluation,671_T3_P1_R2,671,3,2,12,671_T3_R2_ex12,2,19440,19680,,2.0,False,False,1.0,True
w000440,evaluation,671_T3_P1_R2,671,3,2,12,671_T3_R2_ex12,3,19680,19920,,2.0,False,False,1.0,True
w000441,evaluation,671_T3_P1_R2,671,3,2,13,671_T3_R2_ex13,0,20040,20280,,2.0,False,False,1.0,True
w000442,evaluation,671_T3_P1_R2,671,3,2,13,671_T3_R2_ex13,1,20280,20520,,2.0,False,False,1.0,True
w000443,evaluation,671_T3_P1_R2,671,3,2,13,671_T3_R2_ex13,2,20520,20760,,2.0,False,False,1.0,True
w000444,evaluation,671_T3_P1_R2,671,3,2,13,671_T3_R2_ex13,3,20760,21000,,2.0,False,False,1.0,True
w000445,evaluation,671_T3_P1_R2,671,3,2,13,671_T3_R2_ex13,4,21000,21240,,2.0,False,False,1.0,True
w000446,evaluation,671_T3_P1_R2,671,3,2,13,671_T3_R2_ex13,5,21240,21480,,2.0,False,False,1.0,True
w000447,evaluation,671_T3_P1_R2,671,3,2,13,671_T3_R2_ex13,6,21480,21720,,2.0,False,False,1.0,True
w000448,evaluation,671_T3_P1_R2,671,3,2,13,671_T3_R2_ex13,7,21720,21960,,2.0,False,False,1.0,True
w000449,evaluation,671_T3_P1_R2,671,3,2,13,671_T3_R2_ex13,8,21960,22200,,2.0,False,False,1.0,True
w000450,evaluation,790_T1_P1_R1,790,1,1,9,790_T1_R1_ex09,0,15000,15240,,2.0,True,False,1.0,True
w000451,evaluation,790_T1_P1_R1,790,1,1,9,790_T1_R1_ex09,1,15240,15480,,2.0,True,False,1.0,True
w000452,evaluation,790_T1_P1_R1,790,1,1,9,790_T1_R1_ex09,2,15480,15720,,2.0,True,False,1.0,True
w000453,evaluation,790_T1_P1_R1,790,1,1,9,790_T1_R1_ex09,3,15720,15960,,2.0,True,False,1.0,True
w000454,evaluation,790_T1_P1_R1,790,1,1,10,790_T1_R1_ex10,0,16080,16320,,2.0,True,False,1.0,True
w000455,evaluation,790_T1_P1_R1,790,1,1,10,790_T1_R1_ex10,1,16320,16560,,2.0,True,False,1.0,True
w000456,evaluation,790_T1_P1_R1,790,1,1,10,790_T1_R1_ex10,2,16560,16800,,2.0,True,False,1.0,True
w000457,evaluation,790_T1_P1_R1,790,1,1,10,790_T1_R1_ex10,3,16800,17040,,2.0,True,False,1.0,True
w000458,evaluation,790_T1_P1_R1,790,1,1,10,790_T1_R1_ex10,4,17040,17280,,2.0,True,False,1.0,True
w000459,evaluation,790_T1_P1_R1,790,1,1,11,790_T1_R1_ex11,0,17400,17640,,2.0,True,False,1.0,True
w000460,evaluation,790_T1_P1_R1,790,1,1,11,790_T1_R1_ex11,1,17640,17880,,2.0,True,False,1.0,True
w000461,evaluation,790_T1_P1_R1,790,1,1,11,790_T1_R1_ex11,2,17880,18120,,2.0,True,False,1.0,True
w000462,evaluation,790_T1_P1_R1,790,1,1,11,790_T1_R1_ex11,3,18120,18360,,2.0,True,False,1.0,True
w000463,evaluation,790_T1_P1_R1,790,1,1,11,790_T1_R1_ex11,4,18360,18600,,2.0,True,False,1.0,True
w000464,evaluation,790_T1_P1_R1,790,1,1,12,790_T1_R1_ex12,0,18840,19080,,2.0,True,False,1.0,True
w000465,evaluation,790_T1_P1_R1,790,1,1,12,790_T1_R1_ex12,1,19080,19320,,2.0,True,False,1.0,True
w000466,evaluation,790_T1_P1_R1,790,1,1,12,790_T1_R1_ex12,2,19320,19560,,2.0,True,False,1.0,True
w000467,evaluation,790_T1_P1_R1,790,1,1,12,790_T1_R1_ex12,3,19560,19800,,2.0,True,False,1.0,True
w000468,evaluation,790_T1_P1_R1,790,1,1,13,790_T1_R1_ex13,0,19920,20160,,2.0,True,False,1.0,True
w000469,evaluation,790_T1_P1_R1,790,1,1,13,790_T1_R1_ex13,1,20160,20400,,2.0,True,False,1.0,True
w000470,evaluation,790_T1_P1_R1,790,1,1,13,790_T1_R1_ex13,2,20400,20640,,2.0,True,False,1.0,True
w000471,evaluation,790_T1_P1_R1,790,1,1,13,790_T1_R1_ex13,3,20640,20880,,2.0,True,False,1.0,True
w000472,evaluation,790_T1_P1_R1,790,1,1,13,790_T1_R1_ex13,4,20880,21120,,2.0,True,False,1.0,True
w000473,evaluation,790_T1_P1_R1,790,1,1,13,790_T1_R1_ex13,5,21120,21360,,2.0,True,False,1.0,True
w000474,evaluation,790_T1_P1_R1,790,1,1,13,790_T1_R1_ex13,6,21360,21600,,2.0,True,False,1.0,True
w000475,evaluation,790_T1_P1_R2,790,1,2,9,790_T1_R2_ex09,0,15000,15240,,2.0,False,True,1.0,True
w000476,evaluation,790_T1_P1_R2,790,1,2,9,790_T1_R2_ex09,1,15240,15480,,2.0,False,True,1.0,True
w000477,evaluation,790_T1_P1_R2,790,1,2,9,790_T1_R2_ex09,2,15480,15720,,2.0,False,True,1.0,True
w000478,evaluation,790_T1_P1_R2,790,1,2,9,790_T1_R2_ex09,3,15720,15960,,2.0,False,True,1.0,True
w000479,evaluation,790_T1_P1_R2,790,1,2,10,790_T1_R2_ex10,0,16080,16320,,2.0,False,True,1.0,True
w000480,evaluation,790_T1_P1_R2,790,1,2,10,790_T1_R2_ex10,1,16320,16560,,2.0,False,True,1.0,True
w000481,evaluation,790_T1_P1_R2,790,1,2,10,790_T1_R2_ex10,2,16560,16800,,2.0,False,True,1.0,True
w000482,evaluation,790_T1_P1_R2,790,1,2,10,790_T1_R2_ex10,3,16800,17040,,2.0,False,True,1.0,True
w000483,evaluation,790_T1_P1_R2,790,1,2,10,790_T1_R2_ex10,4,17040,17280,,2.0,False,True,1.0,True
w000484,evaluation,790_T1_P1_R2,790,1,2,11,790_T1_R2_ex11,0,17520,17760,,2.0,False,True,1.0,True
w000485,evaluation,790_T1_P1_R2,790,1,2,11,790_T1_R2_ex11,1,17760,18000,,2.0,False,True,1.0,True
w000486,evaluation,790_T1_P1_R2,790,1,2,11,790_T1_R2_ex11,2,18000,18240,,2.0,False,True,1.0,True
w000487,evaluation,790_T1_P1_R2,790,1,2,11,790_T1_R2_ex11,3,18240,18480,,2.0,False,True,1.0,True
w000488,evaluation,790_T1_P1_R2,790,1,2,11,790_T1_R2_ex11,4,18480,18720,,2.0,False,True,1.0,True
w000489,evaluation,790_T1_P1_R2,790,1,2,12,790_T1_R2_ex12,0,18960,19200,,2.0,False,True,1.0,True
w000490,evaluation,790_T1_P1_R2,790,1,2,12,790_T1_R2_ex12,1,19200,19440,,2.0,False,True,1.0,True
w000491,evaluation,790_T1_P1_R2,790,1,2,12,790_T1_R2_ex12,2,19440,19680,,2.0,False,True,1.0,True
w000492,evaluation,790_T1_P1_R2,790,1,2,12,790_T1_R2_ex12,3,19680,19920,,2.0,False,True,1.0,True
w000493,evaluation,790_T1_P1_R2,790,1,2,12,790_T1_R2_ex12,4,19920,20160,,2.0,False,True,1.0,True
w000494,evaluation,790_T1_P1_R2,790,1,2,13,790_T1_R2_ex13,0,20280,20520,,2.0,False,True,1.0,True
w000495,evaluation,790_T1_P1_R2,790,1,2,13,790_T1_R2_ex13,1,20520,20760,,2.0,False,True,1.0,True
w000496,evaluation,790_T1_P1_R2,790,1,2,13,790_T1_R2_ex13,2,20760,21000,,2.0,False,True,1.0,True
w000497,evaluation,790_T1_P1_R2,790,1,2,13,790_T1_R2_ex13,3,21000,21240,,2.0,False,True,1.0,True
w000498,evaluation,790_T1_P1_R2,790,1,2,13,790_T1_R2_ex13,4,21240,21480,,2.0,False,True,1.0,True
w000499,evaluation,790_T1_P1_R2,790,1,2,13,790_T1_R2_ex13,5,21480,21720,,2.0,False,True,1.0,True
w000500,evaluation,790_T1_P1_R2,790,1,2,13,790_T1_R2_ex13,6,21720,21960,,2.0,False,True,1.0,True
w000501,evaluation,790_T2_P1_R1,790,2,1,9,790_T2_R1_ex09,0,15120,15360,,2.0,False,False,1.0,True
w000502,evaluation,790_T2_P1_R1,790,2,1,9,790_T2_R1_ex09,1,15360,15600,,2.0,False,False,1.0,True
w000503,evaluation,790_T2_P1_R1,790,2,1,9,790_T2_R1_ex09,2,15600,15840,,2.0,False,False,1.0,True
w000504,evaluation,790_T2_P1_R1,790,2,1,9,790_T2_R1_ex09,3,15840,16080,,2.0,False,False,1.0,True
w000505,evaluation,790_T2_P1_R1,790,2,1,9,790_T2_R1_ex09,4,16080,16320,,2.0,False,False,1.0,True
w000506,evaluation,790_T2_P1_R1,790,2,1,10,790_T2_R1_ex10,0,16560,16800,,2.0,False,False,1.0,True
w000507,evaluation,790_T2_P1_R1,790,2,1,10,790_T2_R1_ex10,1,16800,17040,,2.0,False,False,1.0,True
w000508,evaluation,790_T2_P1_R1,790,2,1,10,790_T2_R1_ex10,2,17040,17280,,2.0,False,False,1.0,True
w000509,evaluation,790_T2_P1_R1,790,2,1,10,790_T2_R1_ex10,3,17280,17520,,2.0,False,False,1.0,True
w000510,evaluation,790_T2_P1_R1,790,2,1,10,790_T2_R1_ex10,4,17520,17760,,2.0,False,False,1.0,True
w000511,evaluation,790_T2_P1_R1,790,2,1,11,790_T2_R1_ex11,0,17880,18120,,2.0,False,False,1.0,True
w000512,evaluation,790_T2_P1_R1,790,2,1,11,790_T2_R1_ex11,1,18120,18360,,2.0,False,False,1.0,True
w000513,evaluation,790_T2_P1_R1,790,2,1,11,790_T2_R1_ex11,2,18360,18600,,2.0,False,False,1.0,True
w000514,evaluation,790_T2_P1_R1,790,2,1,11,790_T2_R1_ex11,3,18600,18840,,2.0,False,False,1.0,True
w000515,evaluation,790_T2_P1_R1,790,2,1,12,790_T2_R1_ex12,0,19080,19320,,2.0,False,False,1.0,True
w000516,evaluation,790_T2_P1_R1,790,2,1,12,790_T2_R1_ex12,1,19320,19560,,2.0,False,False,1.0,True
w000517,evaluation,790_T2_P1_R1,790,2,1,12,790_T2_R1_ex12,2,19560,19800,,2.0,False,False,1.0,True
w000518,evaluation,790_T2_P1_R1,790,2,1,12,790_T2_R1_ex12,3,19800,20040,,2.0,False,False,1.0,True
w000519,evaluation,790_T2_P1_R1,790,2,1,13,790_T2_R1_ex13,0,20160,20400,,2.0,False,False,1.0,True
w000520,evaluation,790_T2_P1_R1,790,2,1,13,790_T2_R1_ex13,1,20400,20640,,2.0,False,False,1.0,True
w000521,evaluation,790_T2_P1_R1,790,2,1,13,790_T2_R1_ex13,2,20640,20880,,2.0,False,False,1.0,True
w000522,evaluation,790_T2_P1_R1,790,2,1,13,790_T2_R1_ex13,3,20880,21120,,2.0,False,False,1.0,True
w000523,evaluation,790_T2_P1_R1,790,2,1,13,790_T2_R1_ex13,4,21120,21360,,2.0,False,False,1.0,True
w000524,evaluation,790_T2_P1_R1,790,2,1,13,790_T2_R1_ex13,5,21360,21600,,2.0,False,False,1.0,True
w000525,evaluation,790_T2_P1_R1,790,2,1,13,790_T2_R1_ex13,6,21600,21840,,2.0,False,False,1.0,True
w000526,evaluation,790_T2_P1_R2,790,2,2,9,790_T2_R2_ex09,0,14640,14880,,2.0,False,False,1.0,True
w000527,evaluation,790_T2_P1_R2,790,2,2,9,790_T2_R2_ex09,1,14880,15120,,2.0,False,False,1.0,True
w000528,evaluation,790_T2_P1_R2,790,2,2,9,790_T2_R2_ex09,2,15120,15360,,2.0,False,False,1.0,True
w000529,evaluation,790_T2_P1_R2,790,2,2,9,790_T2_R2_ex09,3,15360,15600,,2.0,False,False,1.0,True
w000530,evaluation,790_T2_P1_R2,790,2,2,10,790_T2_R2_ex10,0,15840,16080,,2.0,False,False,1.0,True
w000531,evaluation,790_T2_P1_R2,790,2,2,10,790_T2_R2_ex10,1,16080,16320,,2.0,False,False,1.0,True
w000532,evaluation,790_T2_P1_R2,790,2,2,10,790_T2_R2_ex10,2,16320,16560,,2.0,False,False,1.0,True
w000533,evaluation,790_T2_P1_R2,790,2,2,10,790_T2_R2_ex10,3,16560,16800,,2.0,False,False,1.0,True
w000534,evaluation,790_T2_P1_R2,790,2,2,10,790_T2_R2_ex10,4,16800,17040,,2.0,False,False,1.0,True
w000535,evaluation,790_T2_P1_R2,790,2,2,11,790_T2_R2_ex11,0,17160,17400,,2.0,False,False,1.0,True
w000536,evaluation,790_T2_P1_R2,790,2,2,11,790_T2_R2_ex11,1,17400,17640,,2.0,False,False,1.0,True
w000537,evaluation,790_T2_P1_R2,790,2,2,11,790_T2_R2_ex11,2,17640,17880,,2.0,False,False,1.0,True
w000538,evaluation,790_T2_P1_R2,790,2,2,11,790_T2_R2_ex11,3,17880,18120,,2.0,False,False,1.0,True
w000539,evaluation,790_T2_P1_R2,790,2,2,11,790_T2_R2_ex11,4,18120,18360,,2.0,False,False,1.0,True
w000540,evaluation,790_T2_P1_R2,790,2,2,12,790_T2_R2_ex12,0,18480,18720,,2.0,False,False,1.0,True
w000541,evaluation,790_T2_P1_R2,790,2,2,12,790_T2_R2_ex12,1,18720,18960,,2.0,False,False,1.0,True
w000542,evaluation,790_T2_P1_R2,790,2,2,12,790_T2_R2_ex12,2,18960,19200,,2.0,False,False,1.0,True
w000543,evaluation,790_T2_P1_R2,790,2,2,12,790_T2_R2_ex12,3,19200,19440,,2.0,False,False,1.0,True
w000544,evaluation,790_T2_P1_R2,790,2,2,13,790_T2_R2_ex13,0,19560,19800,,2.0,False,False,1.0,True
w000545,evaluation,790_T2_P1_R2,790,2,2,13,790_T2_R2_ex13,1,19800,20040,,2.0,False,False,1.0,True
w000546,evaluation,790_T2_P1_R2,790,2,2,13,790_T2_R2_ex13,2,20040,20280,,2.0,False,False,1.0,True
w000547,evaluation,790_T2_P1_R2,790,2,2,13,790_T2_R2_ex13,3,20280,20520,,2.0,False,False,1.0,True
w000548,evaluation,790_T2_P1_R2,790,2,2,13,790_T2_R2_ex13,4,20520,20760,,2.0,False,False,1.0,True
w000549,evaluation,790_T2_P1_R2,790,2,2,13,790_T2_R2_ex13,5,20760,21000,,2.0,False,False,1.0,True
w000550,evaluation,790_T2_P1_R2,790,2,2,13,790_T2_R2_ex13,6,21000,21240,,2.0,False,False,1.0,True
w000551,evaluation,790_T2_P1_R2,790,2,2,13,790_T2_R2_ex13,7,21240,21480,,2.0,False,False,1.0,True
w000552,evaluation,790_T3_P1_R1,790,3,1,9,790_T3_R1_ex09,0,15000,15240,,2.0,False,False,1.0,True
w000553,evaluation,790_T3_P1_R1,790,3,1,9,790_T3_R1_ex09,1,15240,15480,,2.0,False,False,1.0,True
w000554,evaluation,790_T3_P1_R1,790,3,1,9,790_T3_R1_ex09,2,15480,15720,,2.0,False,False,1.0,True
w000555,evaluation,790_T3_P1_R1,790,3,1,9,790_T3_R1_ex09,3,15720,15960,,2.0,False,False,1.0,True
w000556,evaluation,790_T3_P1_R1,790,3,1,10,790_T3_R1_ex10,0,16200,16440,,2.0,False,False,1.0,True
w000557,evaluation,790_T3_P1_R1,790,3,1,10,790_T3_R1_ex10,1,16440,16680,,2.0,False,False,1.0,True
w000558,evaluation,790_T3_P1_R1,790,3,1,10,790_T3_R1_ex10,2,16680,16920,,2.0,False,False,1.0,True
w000559,evaluation,790_T3_P1_R1,790,3,1,10,790_T3_R1_ex10,3,16920,17160,,2.0,False,False,1.0,True
w000560,evaluation,790_T3_P1_R1,790,3,1,10,790_T3_R1_ex10,4,17160,17400,,2.0,False,False,1.0,True
w000561,evaluation,790_T3_P1_R1,790,3,1,11,790_T3_R1_ex11,0,17520,17760,,2.0,False,False,1.0,True
w000562,evaluation,790_T3_P1_R1,790,3,1,11,790_T3_R1_ex11,1,17760,18000,,2.0,False,False,1.0,True
w000563,evaluation,790_T3_P1_R1,790,3,1,11,790_T3_R1_ex11,2,18000,18240,,2.0,False,False,1.0,True
w000564,evaluation,790_T3_P1_R1,790,3,1,11,790_T3_R1_ex11,3,18240,18480,,2.0,False,False,1.0,True
w000565,evaluation,790_T3_P1_R1,790,3,1,11,790_T3_R1_ex11,4,18480,18720,,2.0,False,False,1.0,True
w000566,evaluation,790_T3_P1_R1,790,3,1,12,790_T3_R1_ex12,0,18960,19200,,2.0,False,False,1.0,True
w000567,evaluation,790_T3_P1_R1,790,3,1,12,790_T3_R1_ex12,1,19200,19440,,2.0,False,False,1.0,True
w000568,evaluation,790_T3_P1_R1,790,3,1,12,790_T3_R1_ex12,2,19440,19680,,2.0,False,False,1.0,True
w000569,evaluation,790_T3_P1_R1,790,3,1,12,790_T3_R1_ex12,3,19680,19920,,2.0,False,False,1.0,True
w000570,evaluation,790_T3_P1_R1,790,3,1,13,790_T3_R1_ex13,0,20040,20280,,2.0,False,False,1.0,True
w000571,evaluation,790_T3_P1_R1,790,3,1,13,790_T3_R1_ex13,1,20280,20520,,2.0,False,False,1.0,True
w000572,evaluation,790_T3_P1_R1,790,3,1,13,790_T3_R1_ex13,2,20520,20760,,2.0,False,False,1.0,True
w000573,evaluation,790_T3_P1_R1,790,3,1,13,790_T3_R1_ex13,3,20760,21000,,2.0,False,False,1.0,True
w000574,evaluation,790_T3_P1_R1,790,3,1,13,790_T3_R1_ex13,4,21000,21240,,2.0,False,False,1.0,True
w000575,evaluation,790_T3_P1_R1,790,3,1,13,790_T3_R1_ex13,5,21240,21480,,2.0,False,False,1.0,True
w000576,evaluation,790_T3_P1_R1,790,3,1,13,790_T3_R1_ex13,6,21480,21720,,2.0,False,False,1.0,True
w000577,evaluation,790_T3_P1_R1,790,3,1,13,790_T3_R1_ex13,7,21720,21960,,2.0,False,False,1.0,True
w000578,evaluation,790_T3_P1_R1,790,3,1,13,790_T3_R1_ex13,8,21960,22200,,2.0,False,False,1.0,True
w000579,evaluation,790_T3_P1_R2,790,3,2,9,790_T3_R2_ex09,0,15000,15240,,2.0,False,False,1.0,True
w000580,evaluation,790_T3_P1_R2,790,3,2,9,790_T3_R2_ex09,1,15240,15480,,2.0,False,False,1.0,True
w000581,evaluation,790_T3_P1_R2,790,3,2,9,790_T3_R2_ex09,2,15480,15720,,2.0,False,False,1.0,True
w000582,evaluation,790_T3_P1_R2,790,3,2,9,790_T3_R2_ex09,3,15720,15960,,2.0,False,False,1.0,True
w000583,evaluation,790_T3_P1_R2,790,3,2,10,790_T3_R2_ex10,0,16200,16440,,2.0,False,False,1.0,True
w000584,evaluation,790_T3_P1_R2,790,3,2,10,790_T3_R2_ex10,1,16440,16680,,2.0,False,False,1.0,True
w000585,evaluation,790_T3_P1_R2,790,3,2,10,790_T3_R2_ex10,2,16680,16920,,2.0,False,False,1.0,True
w000586,evaluation,790_T3_P1_R2,790,3,2,10,790_T3_R2_ex10,3,16920,17160,,2.0,False,False,1.0,True
w000587,evaluation,790_T3_P1_R2,790,3,2,10,790_T3_R2_ex10,4,17160,17400,,2.0,False,False,1.0,True
w000588,evaluation,790_T3_P1_R2,790,3,2,11,790_T3_R2_ex11,0,17520,17760,,2.0,False,False,1.0,True
w000589,evaluation,790_T3_P1_R2,790,3,2,11,790_T3_R2_ex11,1,17760,18000,,2.0,False,False,1.0,True
w000590,evaluation,790_T3_P1_R2,790,3,2,11,790_T3_R2_ex11,2,18000,18240,,2.0,False,False,1.0,True
w000591,evaluation,790_T3_P1_R2,790,3,2,11,790_T3_R2_ex11,3,18240,18480,,2.0,False,False,1.0,True
w000592,evaluation,790_T3_P1_R2,790,3,2,11,790_T3_R2_ex11,4,18480,18720,,2.0,False,False,1.0,True
w000593,evaluation,790_T3_P1_R2,790,3,2,12,790_T3_R2_ex12,0,18960,19200,,2.0,False,False,1.0,True
w000594,evaluation,790_T3_P1_R2,790,3,2,12,790_T3_R2_ex12,1,19200,19440,,2.0,False,False,1.0,True
w000595,evaluation,790_T3_P1_R2,790,3,2,12,790_T3_R2_ex12,2,19440,19680,,2.0,False,False,1.0,True
w000596,evaluation,790_T3_P1_R2,790,3,2,12,790_T3_R2_ex12,3,19680,19920,,2.0,False,False,1.0,True
w000597,evaluation,790_T3_P1_R2,790,3,2,12,790_T3_R2_ex12,4,19920,20160,,2.0,False,False,1.0,True
w000598,evaluation,790_T3_P1_R2,790,3,2,13,790_T3_R2_ex13,0,20280,20520,,2.0,False,False,1.0,True
w000599,evaluation,790_T3_P1_R2,790,3,2,13,790_T3_R2_ex13,1,20520,20760,,2.0,False,False,1.0,True
w000600,evaluation,790_T3_P1_R2,790,3,2,13,790_T3_R2_ex13,2,20760,21000,,2.0,False,False,1.0,True
w000601,evaluation,790_T3_P1_R2,790,3,2,13,790_T3_R2_ex13,3,21000,21240,,2.0,False,False,1.0,True
w000602,evaluation,790_T3_P1_R2,790,3,2,13,790_T3_R2_ex13,4,21240,21480,,2.0,False,False,1.0,True
w000603,evaluation,790_T3_P1_R2,790,3,2,13,790_T3_R2_ex13,5,21480,21720,,2.0,False,False,1.0,True
w000604,training,252_T1_P1_R1,252,1,1,1,252_T1_R1_ex01,0,2040,2280,A,2.0,True,False,1.0,True
w000605,training,252_T1_P1_R1,252,1,1,1,252_T1_R1_ex01,1,2160,2400,A,2.0,True,False,1.0,True
w000606,training,252_T1_P1_R1,252,1,1,1,252_T1_R1_ex01,2,2280,2520,A,2.0,True,False,1.0,True
w000607,training,252_T1_P1_R1,252,1,1,1,252_T1_R1_ex01,3,2400,2640,A,2.0,True,False,1.0,True
w000608,training,252_T1_P1_R1,252,1,1,1,252_T1_R1_ex01,4,2520,2760,A,2.0,True,False,1.0,True
w000609,training,252_T1_P1_R1,252,1,1,2,252_T1_R1_ex02,0,3840,4080,A,2.0,True,False,1.0,True
w000610,training,252_T1_P1_R1,252,1,1,2,252_T1_R1_ex02,1,3960,4200,A,2.0,True,False,1.0,True
w000611,training,252_T1_P1_R1,252,1,1,2,252_T1_R1_ex02,2,4080,4320,A,2.0,True,False,1.0,True
w000612,training,252_T1_P1_R1,252,1,1,2,252_T1_R1_ex02,3,4200,4440,A,2.0,True,False,1.0,True
w000613,training,252_T1_P1_R1,252,1,1,2,252_T1_R1_ex02,4,4320,4560,A,2.0,True,False,1.0,True
w000614,training,252_T1_P1_R1,252,1,1,2,252_T1_R1_ex02,5,4440,4680,A,2.0,True,False,1.0,True
w000615,training,252_T1_P1_R1,252,1,1,2,252_T1_R1_ex02,6,4560,4800,A,2.0,True,False,1.0,True
w000616,training,252_T1_P1_R1,252,1,1,2,252_T1_R1_ex02,7,4680,4920,A,2.0,True,False,1.0,True
w000617,training,252_T1_P1_R1,252,1,1,3,252_T1_R1_ex03,0,5400,5640,A,2.0,True,False,1.0,True
w000618,training,252_T1_P1_R1,252,1,1,3,252_T1_R1_ex03,1,5520,5760,A,2.0,True,False,1.0,True
w000619,training,252_T1_P1_R1,252,1,1,3,252_T1_R1_ex03,2,5640,5880,A,2.0,True,False,1.0,True
w000620,training,252_T1_P1_R1,252,1,1,3,252_T1_R1_ex03,3,5760,6000,A,2.0,True,False,1.0,True
w000621,training,252_T1_P1_R1,252,1,1,3,252_T1_R1_ex03,4,5880,6120,A,2.0,True,False,1.0,True
w000622,training,252_T1_P1_R1,252,1,1,3,252_T1_R1_ex03,5,6000,6240,A,2.0,True,False,1.0,True
w000623,training,252_T1_P1_R1,252,1,1,3,252_T1_R1_ex03,6,6120,6360,A,2.0,True,False,1.0,True
w000624,training,252_T1_P1_R1,252,1,1,3,252_T1_R1_ex03,7,6240,6480,A,2.0,True,False,1.0,True
w000625,training,252_T1_P1_R1,252,1,1,3,252_T1_R1_ex03,8,6360,6600,A,2.0,True,False,1.0,True
w000626,training,252_T1_P1_R1,252,1,1,3,252_T1_R1_ex03,9,6480,6720,A,2.0,True,False,1.0,True
w000627,training,252_T1_P1_R1,252,1,1,3,252_T1_R1_ex03,10,6600,6840,A,2.0,True,False,1.0,True
w000628,early_stop,252_T1_P1_R1,252,1,1,4,252_T1_R1_ex04,0,7800,8040,A,2.0,True,False,1.0,True
w000629,early_stop,252_T1_P1_R1,252,1,1,4,252_T1_R1_ex04,1,7920,8160,A,2.0,True,False,1.0,True
w000630,early_stop,252_T1_P1_R1,252,1,1,4,252_T1_R1_ex04,2,8040,8280,A,2.0,True,False,1.0,True
w000631,training,252_T1_P1_R1,252,1,1,5,252_T1_R1_ex05,0,8520,8760,A,2.0,True,False,1.0,True
w000632,training,252_T1_P1_R1,252,1,1,5,252_T1_R1_ex05,1,8640,8880,A,2.0,True,False,1.0,True
w000633,training,252_T1_P1_R1,252,1,1,5,252_T1_R1_ex05,2,8760,9000,A,2.0,True,False,1.0,True
w000634,training,252_T1_P1_R1,252,1,1,6,252_T1_R1_ex06,0,9960,10200,A,2.0,True,False,1.0,True
w000635,training,252_T1_P1_R1,252,1,1,6,252_T1_R1_ex06,1,10080,10320,A,2.0,True,False,1.0,True
w000636,training,252_T1_P1_R1,252,1,1,6,252_T1_R1_ex06,2,10200,10440,A,2.0,True,False,1.0,True
w000637,training,252_T1_P1_R1,252,1,1,6,252_T1_R1_ex06,3,10320,10560,A,2.0,True,False,1.0,True
w000638,training,252_T1_P1_R1,252,1,1,7,252_T1_R1_ex07,0,10680,10920,A,2.0,True,False,1.0,True
w000639,training,252_T1_P1_R1,252,1,1,7,252_T1_R1_ex07,1,10800,11040,A,2.0,True,False,1.0,True
w000640,training,252_T1_P1_R1,252,1,1,7,252_T1_R1_ex07,2,10920,11160,A,2.0,True,False,1.0,True
w000641,training,252_T1_P1_R1,252,1,1,7,252_T1_R1_ex07,3,11040,11280,A,2.0,True,False,1.0,True
w000642,training,252_T1_P1_R1,252,1,1,8,252_T1_R1_ex08,0,12480,12720,A,2.0,True,False,1.0,True
w000643,training,252_T1_P1_R1,252,1,1,8,252_T1_R1_ex08,1,12600,12840,A,2.0,True,False,1.0,True
w000644,training,252_T1_P1_R1,252,1,1,8,252_T1_R1_ex08,2,12720,12960,A,2.0,True,False,1.0,True
w000645,training,252_T1_P1_R1,252,1,1,8,252_T1_R1_ex08,3,12840,13080,A,2.0,True,False,1.0,True
w000646,training,252_T1_P1_R1,252,1,1,8,252_T1_R1_ex08,4,12960,13200,A,2.0,True,False,1.0,True
w000647,training,252_T1_P1_R1,252,1,1,8,252_T1_R1_ex08,5,13080,13320,A,2.0,True,False,1.0,True
w000648,training,252_T1_P1_R1,252,1,1,8,252_T1_R1_ex08,6,13200,13440,A,2.0,True,False,1.0,True
w000649,training,252_T1_P1_R1,252,1,1,8,252_T1_R1_ex08,7,13320,13560,A,2.0,True,False,1.0,True
w000650,training,252_T1_P1_R1,252,1,1,8,252_T1_R1_ex08,8,13440,13680,A,2.0,True,False,1.0,True
w000651,training,252_T1_P1_R1,252,1,1,8,252_T1_R1_ex08,9,13560,13800,A,2.0,True,False,1.0,True
w000652,training,252_T1_P1_R1,252,1,1,8,252_T1_R1_ex08,10,13680,13920,A,2.0,True,False,1.0,True
w000653,training,252_T1_P1_R1,252,1,1,8,252_T1_R1_ex08,11,13800,14040,A,2.0,True,False,1.0,True
w000654,training,252_T1_P1_R1,252,1,1,8,252_T1_R1_ex08,12,13920,14160,A,2.0,True,False,1.0,True
w000655,training,252_T1_P1_R1,252,1,1,8,252_T1_R1_ex08,13,14040,14280,A,2.0,True,False,1.0,True
w000656,training,252_T1_P1_R1,252,1,1,9,252_T1_R1_ex09,0,15120,15360,A,2.0,True,False,1.0,True
w000657,training,252_T1_P1_R1,252,1,1,9,252_T1_R1_ex09,1,15240,15480,A,2.0,True,False,1.0,True
w000658,training,252_T1_P1_R1,252,1,1,9,252_T1_R1_ex09,2,15360,15600,A,2.0,True,False,1.0,True
w000659,training,252_T1_P1_R1,252,1,1,9,252_T1_R1_ex09,3,15480,15720,A,2.0,True,False,1.0,True
w000660,training,252_T1_P1_R1,252,1,1,9,252_T1_R1_ex09,4,15600,15840,A,2.0,True,False,1.0,True
w000661,training,252_T1_P1_R1,252,1,1,9,252_T1_R1_ex09,5,15720,15960,A,2.0,True,False,1.0,True
w000662,training,252_T1_P1_R1,252,1,1,9,252_T1_R1_ex09,6,15840,16080,A,2.0,True,False,1.0,True
w000663,training,252_T1_P1_R1,252,1,1,9,252_T1_R1_ex09,7,15960,16200,A,2.0,True,False,1.0,True
w000664,training,252_T1_P1_R1,252,1,1,10,252_T1_R1_ex10,0,16320,16560,A,2.0,True,False,1.0,True
w000665,training,252_T1_P1_R1,252,1,1,10,252_T1_R1_ex10,1,16440,16680,A,2.0,True,False,1.0,True
w000666,training,252_T1_P1_R1,252,1,1,10,252_T1_R1_ex10,2,16560,16800,A,2.0,True,False,1.0,True
w000667,training,252_T1_P1_R1,252,1,1,10,252_T1_R1_ex10,3,16680,16920,A,2.0,True,False,1.0,True
w000668,training,252_T1_P1_R1,252,1,1,10,252_T1_R1_ex10,4,16800,17040,A,2.0,True,False,1.0,True
w000669,training,252_T1_P1_R1,252,1,1,10,252_T1_R1_ex10,5,16920,17160,A,2.0,True,False,1.0,True
w000670,training,252_T1_P1_R1,252,1,1,10,252_T1_R1_ex10,6,17040,17280,A,2.0,True,False,1.0,True
w000671,training,252_T1_P1_R1,252,1,1,10,252_T1_R1_ex10,7,17160,17400,A,2.0,True,False,1.0,True
w000672,training,252_T1_P1_R1,252,1,1,10,252_T1_R1_ex10,8,17280,17520,A,2.0,True,False,1.0,True
w000673,training,252_T1_P1_R1,252,1,1,10,252_T1_R1_ex10,9,17400,17640,A,2.0,True,False,1.0,True
w000674,training,252_T1_P1_R1,252,1,1,11,252_T1_R1_ex11,0,17760,18000,A,2.0,True,False,1.0,True
w000675,training,252_T1_P1_R1,252,1,1,11,252_T1_R1_ex11,1,17880,18120,A,2.0,True,False,1.0,True
w000676,training,252_T1_P1_R1,252,1,1,11,252_T1_R1_ex11,2,18000,18240,A,2.0,True,False,1.0,True
w000677,training,252_T1_P1_R1,252,1,1,11,252_T1_R1_ex11,3,18120,18360,A,2.0,True,False,1.0,True
w000678,training,252_T1_P1_R1,252,1,1,11,252_T1_R1_ex11,4,18240,18480,A,2.0,True,False,1.0,True
w000679,training,252_T1_P1_R1,252,1,1,11,252_T1_R1_ex11,5,18360,18600,A,2.0,True,False,1.0,True
w000680,training,252_T1_P1_R1,252,1,1,11,252_T1_R1_ex11,6,18480,18720,A,2.0,True,False,1.0,True
w000681,training,252_T1_P1_R1,252,1,1,11,252_T1_R1_ex11,7,18600,18840,A,2.0,True,False,1.0,True
w000682,training,252_T1_P1_R1,252,1,1,11,252_T1_R1_ex11,8,18720,18960,A,2.0,True,False,1.0,True
w000683,training,252_T1_P1_R1,252,1,1,11,252_T1_R1_ex11,9,18840,19080,A,2.0,True,False,1.0,True
w000684,early_stop,252_T1_P1_R1,252,1,1,12,252_T1_R1_ex12,0,19200,19440,A,2.0,True,False,1.0,True
w000685,early_stop,252_T1_P1_R1,252,1,1,12,252_T1_R1_ex12,1,19320,19560,A,2.0,True,False,1.0,True
w000686,early_stop,252_T1_P1_R1,252,1,1,12,252_T1_R1_ex12,2,19440,19680,A,2.0,True,False,1.0,True
w000687,early_stop,252_T1_P1_R1,252,1,1,12,252_T1_R1_ex12,3,19560,19800,A,2.0,True,False,1.0,True
w000688,early_stop,252_T1_P1_R1,252,1,1,12,252_T1_R1_ex12,4,19680,19920,A,2.0,True,False,1.0,True
w000689,early_stop,252_T1_P1_R1,252,1,1,12,252_T1_R1_ex12,5,19800,20040,A,2.0,True,False,1.0,True
w000690,early_stop,252_T1_P1_R1,252,1,1,12,252_T1_R1_ex12,6,19920,20160,A,2.0,True,False,1.0,True
w000691,early_stop,252_T1_P1_R1,252,1,1,12,252_T1_R1_ex12,7,20040,20280,A,2.0,True,False,1.0,True
w000692,training,252_T1_P1_R1,252,1,1,13,252_T1_R1_ex13,0,20400,20640,A,2.0,True,False,1.0,True
w000693,training,252_T1_P1_R1,252,1,1,13,252_T1_R1_ex13,1,20520,20760,A,2.0,True,False,1.0,True
w000694,training,252_T1_P1_R1,252,1,1,13,252_T1_R1_ex13,2,20640,20880,A,2.0,True,False,1.0,True
w000695,training,252_T1_P1_R1,252,1,1,13,252_T1_R1_ex13,3,20760,21000,A,2.0,True,False,1.0,True
w000696,training,252_T1_P1_R1,252,1,1,13,252_T1_R1_ex13,4,20880,21120,A,2.0,True,False,1.0,True
w000697,training,252_T1_P1_R1,252,1,1,13,252_T1_R1_ex13,5,21000,21240,A,2.0,True,False,1.0,True
w000698,training,252_T1_P1_R1,252,1,1,13,252_T1_R1_ex13,6,21120,21360,A,2.0,True,False,1.0,True
w000699,training,252_T1_P1_R1,252,1,1,13,252_T1_R1_ex13,7,21240,21480,A,2.0,True,False,1.0,True
w000700,training,252_T1_P1_R1,252,1,1,13,252_T1_R1_ex13,8,21360,21600,A,2.0,True,False,1.0,True
w000701,training,252_T1_P1_R1,252,1,1,13,252_T1_R1_ex13,9,21480,21720,A,2.0,True,False,1.0,True
w000702,training,252_T1_P1_R1,252,1,1,14,252_T1_R1_ex14,0,22680,22920,A,2.0,True,False,1.0,True
w000703,training,252_T1_P1_R1,252,1,1,14,252_T1_R1_ex14,1,22800,23040,A,2.0,True,False,1.0,True
w000704,training,252_T1_P1_R1,252,1,1,14,252_T1_R1_ex14,2,22920,23160,A,2.0,True,False,1.0,True
w000705,training,252_T1_P1_R1,252,1,1,14,252_T1_R1_ex14,3,23040,23280,A,2.0,True,False,1.0,True
w000706,training,252_T1_P1_R1,252,1,1,14,252_T1_R1_ex14,4,23160,23400,A,2.0,True,False,1.0,True
w000707,training,252_T1_P1_R1,252,1,1,14,252_T1_R1_ex14,5,23280,23520,A,2.0,True,False,1.0,True
w000708,training,252_T1_P1_R1,252,1,1,14,252_T1_R1_ex14,6,23400,23640,A,2.0,True,False,1.0,True
w000709,training,252_T1_P1_R1,252,1,1,14,252_T1_R1_ex14,7,23520,23760,A,2.0,True,False,1.0,True
w000710,training,252_T1_P1_R1,252,1,1,14,252_T1_R1_ex14,8,23640,23880,A,2.0,True,False,1.0,True
w000711,training,252_T1_P1_R1,252,1,1,14,252_T1_R1_ex14,9,23760,24000,A,2.0,True,False,1.0,True
w000712,training,252_T1_P1_R1,252,1,1,14,252_T1_R1_ex14,10,23880,24120,A,2.0,True,False,1.0,True
w000713,training,252_T1_P1_R1,252,1,1,14,252_T1_R1_ex14,11,24000,24240,A,2.0,True,False,1.0,True
w000714,training,252_T1_P1_R1,252,1,1,14,252_T1_R1_ex14,12,24120,24360,A,2.0,True,False,1.0,True
w000715,training,252_T1_P1_R1,252,1,1,14,252_T1_R1_ex14,13,24240,24480,A,2.0,True,False,1.0,True
w000716,early_stop,252_T1_P1_R1,252,1,1,15,252_T1_R1_ex15,0,24720,24960,A,2.0,True,False,1.0,True
w000717,early_stop,252_T1_P1_R1,252,1,1,15,252_T1_R1_ex15,1,24840,25080,A,2.0,True,False,1.0,True
w000718,early_stop,252_T1_P1_R1,252,1,1,15,252_T1_R1_ex15,2,24960,25200,A,2.0,True,False,1.0,True
w000719,early_stop,252_T1_P1_R1,252,1,1,15,252_T1_R1_ex15,3,25080,25320,A,2.0,True,False,1.0,True
w000720,early_stop,252_T1_P1_R1,252,1,1,15,252_T1_R1_ex15,4,25200,25440,A,2.0,True,False,1.0,True
w000721,early_stop,252_T1_P1_R1,252,1,1,15,252_T1_R1_ex15,5,25320,25560,A,2.0,True,False,1.0,True
w000722,early_stop,252_T1_P1_R1,252,1,1,15,252_T1_R1_ex15,6,25440,25680,A,2.0,True,False,1.0,True
w000723,early_stop,252_T1_P1_R1,252,1,1,15,252_T1_R1_ex15,7,25560,25800,A,2.0,True,False,1.0,True
w000724,early_stop,252_T1_P1_R1,252,1,1,15,252_T1_R1_ex15,8,25680,25920,A,2.0,True,False,1.0,True
w000725,early_stop,252_T1_P1_R1,252,1,1,15,252_T1_R1_ex15,9,25800,26040,A,2.0,True,False,1.0,True
w000726,early_stop,252_T1_P1_R1,252,1,1,15,252_T1_R1_ex15,10,25920,26160,A,2.0,True,False,1.0,True
w000727,early_stop,252_T1_P1_R1,252,1,1,15,252_T1_R1_ex15,11,26040,26280,A,2.0,True,False,1.0,True
w000728,early_stop,252_T1_P1_R1,252,1,1,15,252_T1_R1_ex15,12,26160,26400,A,2.0,True,False,1.0,True
w000729,early_stop,252_T1_P1_R1,252,1,1,15,252_T1_R1_ex15,13,26280,26520,A,2.0,True,False,1.0,True
w000730,early_stop,252_T1_P1_R1,252,1,1,15,252_T1_R1_ex15,14,26400,26640,A,2.0,True,False,1.0,True
w000731,training,651_T1_P1_R1,651,1,1,1,651_T1_R1_ex01,0,1080,1320,A,2.0,True,False,1.0,True
w000732,training,651_T1_P1_R1,651,1,1,1,651_T1_R1_ex01,1,1200,1440,A,2.0,True,False,1.0,True
w000733,training,651_T1_P1_R1,651,1,1,1,651_T1_R1_ex01,2,1320,1560,A,2.0,True,False,1.0,True
w000734,training,651_T1_P1_R1,651,1,1,1,651_T1_R1_ex01,3,1440,1680,A,2.0,True,False,1.0,True
w000735,training,651_T1_P1_R1,651,1,1,1,651_T1_R1_ex01,4,1560,1800,A,2.0,True,False,1.0,True
w000736,training,651_T1_P1_R1,651,1,1,1,651_T1_R1_ex01,5,1680,1920,A,2.0,True,False,1.0,True
w000737,training,651_T1_P1_R1,651,1,1,1,651_T1_R1_ex01,6,1800,2040,A,2.0,True,False,1.0,True
w000738,training,651_T1_P1_R1,651,1,1,1,651_T1_R1_ex01,7,1920,2160,A,2.0,True,False,1.0,True
w000739,training,651_T1_P1_R1,651,1,1,2,651_T1_R1_ex02,0,3000,3240,A,2.0,True,False,1.0,True
w000740,training,651_T1_P1_R1,651,1,1,2,651_T1_R1_ex02,1,3120,3360,A,2.0,True,False,1.0,True
w000741,training,651_T1_P1_R1,651,1,1,2,651_T1_R1_ex02,2,3240,3480,A,2.0,True,False,1.0,True
w000742,training,651_T1_P1_R1,651,1,1,2,651_T1_R1_ex02,3,3360,3600,A,2.0,True,False,1.0,True
w000743,training,651_T1_P1_R1,651,1,1,2,651_T1_R1_ex02,4,3480,3720,A,2.0,True,False,1.0,True
w000744,training,651_T1_P1_R1,651,1,1,2,651_T1_R1_ex02,5,3600,3840,A,2.0,True,False,1.0,True
w000745,training,651_T1_P1_R1,651,1,1,2,651_T1_R1_ex02,6,3720,3960,A,2.0,True,False,1.0,True
w000746,training,651_T1_P1_R1,651,1,1,2,651_T1_R1_ex02,7,3840,4080,A,2.0,True,False,1.0,True
w000747,training,651_T1_P1_R1,651,1,1,2,651_T1_R1_ex02,8,3960,4200,A,2.0,True,False,1.0,True
w000748,training,651_T1_P1_R1,651,1,1,2,651_T1_R1_ex02,9,4080,4320,A,2.0,True,False,1.0,True
w000749,training,651_T1_P1_R1,651,1,1,2,651_T1_R1_ex02,10,4200,4440,A,2.0,True,False,1.0,True
w000750,training,651_T1_P1_R1,651,1,1,3,651_T1_R1_ex03,0,4560,4800,A,2.0,True,False,1.0,True
w000751,training,651_T1_P1_R1,651,1,1,3,651_T1_R1_ex03,1,4680,4920,A,2.0,True,False,1.0,True
w000752,training,651_T1_P1_R1,651,1,1,3,651_T1_R1_ex03,2,4800,5040,A,2.0,True,False,1.0,True
w000753,training,651_T1_P1_R1,651,1,1,3,651_T1_R1_ex03,3,4920,5160,A,2.0,True,False,1.0,True
w000754,training,651_T1_P1_R1,651,1,1,3,651_T1_R1_ex03,4,5040,5280,A,2.0,True,False,1.0,True
w000755,training,651_T1_P1_R1,651,1,1,3,651_T1_R1_ex03,5,5160,5400,A,2.0,True,False,1.0,True
w000756,training,651_T1_P1_R1,651,1,1,3,651_T1_R1_ex03,6,5280,5520,A,2.0,True,False,1.0,True
w000757,training,651_T1_P1_R1,651,1,1,3,651_T1_R1_ex03,7,5400,5640,A,2.0,True,False,1.0,True
w000758,training,651_T1_P1_R1,651,1,1,3,651_T1_R1_ex03,8,5520,5760,A,2.0,True,False,1.0,True
w000759,training,651_T1_P1_R1,651,1,1,3,651_T1_R1_ex03,9,5640,5880,A,2.0,True,False,1.0,True
w000760,training,651_T1_P1_R1,651,1,1,4,651_T1_R1_ex04,0,7080,7320,A,2.0,True,False,1.0,True
w000761,training,651_T1_P1_R1,651,1,1,4,651_T1_R1_ex04,1,7200,7440,A,2.0,True,False,1.0,True
w000762,training,651_T1_P1_R1,651,1,1,5,651_T1_R1_ex05,0,7680,7920,A,2.0,True,False,1.0,True
w000763,training,651_T1_P1_R1,651,1,1,5,651_T1_R1_ex05,1,7800,8040,A,2.0,True,False,1.0,True
w000764,training,651_T1_P1_R1,651,1,1,6,651_T1_R1_ex06,0,9120,9360,A,2.0,True,False,1.0,True
w000765,training,651_T1_P1_R1,651,1,1,6,651_T1_R1_ex06,1,9240,9480,A,2.0,True,False,1.0,True
w000766,training,651_T1_P1_R1,651,1,1,6,651_T1_R1_ex06,2,9360,9600,A,2.0,True,False,1.0,True
w000767,training,651_T1_P1_R1,651,1,1,7,651_T1_R1_ex07,0,9960,10200,A,2.0,True,False,1.0,True
w000768,training,651_T1_P1_R1,651,1,1,7,651_T1_R1_ex07,1,10080,10320,A,2.0,True,False,1.0,True
w000769,training,651_T1_P1_R1,651,1,1,7,651_T1_R1_ex07,2,10200,10440,A,2.0,True,False,1.0,True
w000770,training,651_T1_P1_R1,651,1,1,8,651_T1_R1_ex08,0,11640,11880,A,2.0,True,False,1.0,True
w000771,training,651_T1_P1_R1,651,1,1,8,651_T1_R1_ex08,1,11760,12000,A,2.0,True,False,1.0,True
w000772,training,651_T1_P1_R1,651,1,1,8,651_T1_R1_ex08,2,11880,12120,A,2.0,True,False,1.0,True
w000773,training,651_T1_P1_R1,651,1,1,8,651_T1_R1_ex08,3,12000,12240,A,2.0,True,False,1.0,True
w000774,training,651_T1_P1_R1,651,1,1,8,651_T1_R1_ex08,4,12120,12360,A,2.0,True,False,1.0,True
w000775,training,651_T1_P1_R1,651,1,1,8,651_T1_R1_ex08,5,12240,12480,A,2.0,True,False,1.0,True
w000776,training,651_T1_P1_R1,651,1,1,8,651_T1_R1_ex08,6,12360,12600,A,2.0,True,False,1.0,True
w000777,training,651_T1_P1_R1,651,1,1,8,651_T1_R1_ex08,7,12480,12720,A,2.0,True,False,1.0,True
w000778,training,651_T1_P1_R1,651,1,1,8,651_T1_R1_ex08,8,12600,12840,A,2.0,True,False,1.0,True
w000779,training,651_T1_P1_R1,651,1,1,8,651_T1_R1_ex08,9,12720,12960,A,2.0,True,False,1.0,True
w000780,training,651_T1_P1_R1,651,1,1,8,651_T1_R1_ex08,10,12840,13080,A,2.0,True,False,1.0,True
w000781,training,651_T1_P1_R1,651,1,1,8,651_T1_R1_ex08,11,12960,13200,A,2.0,True,False,1.0,True
w000782,training,651_T1_P1_R1,651,1,1,8,651_T1_R1_ex08,12,13080,13320,A,2.0,True,False,1.0,True
w000783,training,651_T1_P1_R1,651,1,1,8,651_T1_R1_ex08,13,13200,13440,A,2.0,True,False,1.0,True
w000784,training,651_T1_P1_R1,651,1,1,9,651_T1_R1_ex09,0,14400,14640,A,2.0,True,False,1.0,True
w000785,training,651_T1_P1_R1,651,1,1,9,651_T1_R1_ex09,1,14520,14760,A,2.0,True,False,1.0,True
w000786,training,651_T1_P1_R1,651,1,1,9,651_T1_R1_ex09,2,14640,14880,A,2.0,True,False,1.0,True
w000787,training,651_T1_P1_R1,651,1,1,9,651_T1_R1_ex09,3,14760,15000,A,2.0,True,False,1.0,True
w000788,training,651_T1_P1_R1,651,1,1,9,651_T1_R1_ex09,4,14880,15120,A,2.0,True,False,1.0,True
w000789,training,651_T1_P1_R1,651,1,1,9,651_T1_R1_ex09,5,15000,15240,A,2.0,True,False,1.0,True
w000790,training,651_T1_P1_R1,651,1,1,9,651_T1_R1_ex09,6,15120,15360,A,2.0,True,False,1.0,True
w000791,training,651_T1_P1_R1,651,1,1,9,651_T1_R1_ex09,7,15240,15480,A,2.0,True,False,1.0,True
w000792,early_stop,651_T1_P1_R1,651,1,1,10,651_T1_R1_ex10,0,15600,15840,A,2.0,True,False,1.0,True
w000793,early_stop,651_T1_P1_R1,651,1,1,10,651_T1_R1_ex10,1,15720,15960,A,2.0,True,False,1.0,True
w000794,early_stop,651_T1_P1_R1,651,1,1,10,651_T1_R1_ex10,2,15840,16080,A,2.0,True,False,1.0,True
w000795,early_stop,651_T1_P1_R1,651,1,1,10,651_T1_R1_ex10,3,15960,16200,A,2.0,True,False,1.0,True
w000796,early_stop,651_T1_P1_R1,651,1,1,10,651_T1_R1_ex10,4,16080,16320,A,2.0,True,False,1.0,True
w000797,early_stop,651_T1_P1_R1,651,1,1,10,651_T1_R1_ex10,5,16200,16440,A,2.0,True,False,1.0,True
w000798,early_stop,651_T1_P1_R1,651,1,1,10,651_T1_R1_ex10,6,16320,16560,A,2.0,True,False,1.0,True
w000799,early_stop,651_T1_P1_R1,651,1,1,10,651_T1_R1_ex10,7,16440,16680,A,2.0,True,False,1.0,True
w000800,early_stop,651_T1_P1_R1,651,1,1,10,651_T1_R1_ex10,8,16560,16800,A,2.0,True,False,1.0,True
w000801,training,651_T1_P1_R1,651,1,1,11,651_T1_R1_ex11,0,16920,17160,A,2.0,True,False,1.0,True
w000802,training,651_T1_P1_R1,651,1,1,11,651_T1_R1_ex11,1,17040,17280,A,2.0,True,False,1.0,True
w000803,training,651_T1_P1_R1,651,1,1,11,651_T1_R1_ex11,2,17160,17400,A,2.0,True,False,1.0,True
w000804,training,651_T1_P1_R1,651,1,1,11,651_T1_R1_ex11,3,17280,17520,A,2.0,True,False,1.0,True
w000805,training,651_T1_P1_R1,651,1,1,11,651_T1_R1_ex11,4,17400,17640,A,2.0,True,False,1.0,True
w000806,training,651_T1_P1_R1,651,1,1,11,651_T1_R1_ex11,5,17520,17760,A,2.0,True,False,1.0,True
w000807,training,651_T1_P1_R1,651,1,1,11,651_T1_R1_ex11,6,17640,17880,A,2.0,True,False,1.0,True
w000808,training,651_T1_P1_R1,651,1,1,11,651_T1_R1_ex11,7,17760,18000,A,2.0,True,False,1.0,True
w000809,training,651_T1_P1_R1,651,1,1,11,651_T1_R1_ex11,8,17880,18120,A,2.0,True,False,1.0,True
w000810,training,651_T1_P1_R1,651,1,1,11,651_T1_R1_ex11,9,18000,18240,A,2.0,True,False,1.0,True
w000811,training,651_T1_P1_R1,651,1,1,12,651_T1_R1_ex12,0,18360,18600,A,2.0,True,False,1.0,True
w000812,training,651_T1_P1_R1,651,1,1,12,651_T1_R1_ex12,1,18480,18720,A,2.0,True,False,1.0,True
w000813,training,651_T1_P1_R1,651,1,1,12,651_T1_R1_ex12,2,18600,18840,A,2.0,True,False,1.0,True
w000814,training,651_T1_P1_R1,651,1,1,12,651_T1_R1_ex12,3,18720,18960,A,2.0,True,False,1.0,True
w000815,training,651_T1_P1_R1,651,1,1,12,651_T1_R1_ex12,4,18840,19080,A,2.0,True,False,1.0,True
w000816,training,651_T1_P1_R1,651,1,1,12,651_T1_R1_ex12,5,18960,19200,A,2.0,True,False,1.0,True
w000817,training,651_T1_P1_R1,651,1,1,12,651_T1_R1_ex12,6,19080,19320,A,2.0,True,False,1.0,True
w000818,early_stop,651_T1_P1_R1,651,1,1,13,651_T1_R1_ex13,0,19440,19680,A,2.0,True,False,1.0,True
w000819,early_stop,651_T1_P1_R1,651,1,1,13,651_T1_R1_ex13,1,19560,19800,A,2.0,True,False,1.0,True
w000820,early_stop,651_T1_P1_R1,651,1,1,13,651_T1_R1_ex13,2,19680,19920,A,2.0,True,False,1.0,True
w000821,early_stop,651_T1_P1_R1,651,1,1,13,651_T1_R1_ex13,3,19800,20040,A,2.0,True,False,1.0,True
w000822,early_stop,651_T1_P1_R1,651,1,1,13,651_T1_R1_ex13,4,19920,20160,A,2.0,True,False,1.0,True
w000823,early_stop,651_T1_P1_R1,651,1,1,13,651_T1_R1_ex13,5,20040,20280,A,2.0,True,False,1.0,True
w000824,early_stop,651_T1_P1_R1,651,1,1,13,651_T1_R1_ex13,6,20160,20400,A,2.0,True,False,1.0,True
w000825,early_stop,651_T1_P1_R1,651,1,1,13,651_T1_R1_ex13,7,20280,20520,A,2.0,True,False,1.0,True
w000826,early_stop,651_T1_P1_R1,651,1,1,13,651_T1_R1_ex13,8,20400,20640,A,2.0,True,False,1.0,True
w000827,early_stop,651_T1_P1_R1,651,1,1,13,651_T1_R1_ex13,9,20520,20760,A,2.0,True,False,1.0,True
w000828,early_stop,651_T1_P1_R1,651,1,1,13,651_T1_R1_ex13,10,20640,20880,A,2.0,True,False,1.0,True
w000829,early_stop,651_T1_P1_R1,651,1,1,14,651_T1_R1_ex14,0,21720,21960,A,2.0,True,False,1.0,True
w000830,early_stop,651_T1_P1_R1,651,1,1,14,651_T1_R1_ex14,1,21840,22080,A,2.0,True,False,1.0,True
w000831,early_stop,651_T1_P1_R1,651,1,1,14,651_T1_R1_ex14,2,21960,22200,A,2.0,True,False,1.0,True
w000832,early_stop,651_T1_P1_R1,651,1,1,14,651_T1_R1_ex14,3,22080,22320,A,2.0,True,False,1.0,True
w000833,early_stop,651_T1_P1_R1,651,1,1,14,651_T1_R1_ex14,4,22200,22440,A,2.0,True,False,1.0,True
w000834,early_stop,651_T1_P1_R1,651,1,1,14,651_T1_R1_ex14,5,22320,22560,A,2.0,True,False,1.0,True
w000835,early_stop,651_T1_P1_R1,651,1,1,14,651_T1_R1_ex14,6,22440,22680,A,2.0,True,False,1.0,True
w000836,early_stop,651_T1_P1_R1,651,1,1,14,651_T1_R1_ex14,7,22560,22800,A,2.0,True,False,1.0,True
w000837,early_stop,651_T1_P1_R1,651,1,1,14,651_T1_R1_ex14,8,22680,22920,A,2.0,True,False,1.0,True
w000838,early_stop,651_T1_P1_R1,651,1,1,14,651_T1_R1_ex14,9,22800,23040,A,2.0,True,False,1.0,True
w000839,early_stop,651_T1_P1_R1,651,1,1,14,651_T1_R1_ex14,10,22920,23160,A,2.0,True,False,1.0,True
w000840,early_stop,651_T1_P1_R1,651,1,1,14,651_T1_R1_ex14,11,23040,23280,A,2.0,True,False,1.0,True
w000841,early_stop,651_T1_P1_R1,651,1,1,14,651_T1_R1_ex14,12,23160,23400,A,2.0,True,False,1.0,True
w000842,early_stop,651_T1_P1_R1,651,1,1,14,651_T1_R1_ex14,13,23280,23520,A,2.0,True,False,1.0,True
w000843,training,651_T1_P1_R1,651,1,1,15,651_T1_R1_ex15,0,23880,24120,A,2.0,True,False,1.0,True
w000844,training,651_T1_P1_R1,651,1,1,15,651_T1_R1_ex15,1,24000,24240,A,2.0,True,False,1.0,True
w000845,training,651_T1_P1_R1,651,1,1,15,651_T1_R1_ex15,2,24120,24360,A,2.0,True,False,1.0,True
w000846,training,651_T1_P1_R1,651,1,1,15,651_T1_R1_ex15,3,24240,24480,A,2.0,True,False,1.0,True
w000847,training,651_T1_P1_R1,651,1,1,15,651_T1_R1_ex15,4,24360,24600,A,2.0,True,False,1.0,True
w000848,training,651_T1_P1_R1,651,1,1,15,651_T1_R1_ex15,5,24480,24720,A,2.0,True,False,1.0,True
w000849,training,651_T1_P1_R1,651,1,1,15,651_T1_R1_ex15,6,24600,24840,A,2.0,True,False,1.0,True
w000850,training,651_T1_P1_R1,651,1,1,15,651_T1_R1_ex15,7,24720,24960,A,2.0,True,False,1.0,True
w000851,training,651_T1_P1_R1,651,1,1,15,651_T1_R1_ex15,8,24840,25080,A,2.0,True,False,1.0,True
w000852,training,651_T1_P1_R1,651,1,1,15,651_T1_R1_ex15,9,24960,25200,A,2.0,True,False,1.0,True
w000853,training,651_T1_P1_R1,651,1,1,15,651_T1_R1_ex15,10,25080,25320,A,2.0,True,False,1.0,True
w000854,training,651_T1_P1_R1,651,1,1,15,651_T1_R1_ex15,11,25200,25440,A,2.0,True,False,1.0,True
w000855,training,651_T1_P1_R1,651,1,1,15,651_T1_R1_ex15,12,25320,25560,A,2.0,True,False,1.0,True
w000856,training,651_T1_P1_R1,651,1,1,15,651_T1_R1_ex15,13,25440,25680,A,2.0,True,False,1.0,True
w000857,training,671_T1_P1_R1,671,1,1,1,671_T1_R1_ex01,0,840,1080,A,2.0,True,False,1.0,True
w000858,training,671_T1_P1_R1,671,1,1,1,671_T1_R1_ex01,1,960,1200,A,2.0,True,False,1.0,True
w000859,training,671_T1_P1_R1,671,1,1,1,671_T1_R1_ex01,2,1080,1320,A,2.0,True,False,1.0,True
w000860,training,671_T1_P1_R1,671,1,1,1,671_T1_R1_ex01,3,1200,1440,A,2.0,True,False,1.0,True
w000861,training,671_T1_P1_R1,671,1,1,1,671_T1_R1_ex01,4,1320,1560,A,2.0,True,False,1.0,True
w000862,training,671_T1_P1_R1,671,1,1,1,671_T1_R1_ex01,5,1440,1680,A,2.0,True,False,1.0,True
w000863,training,671_T1_P1_R1,671,1,1,2,671_T1_R1_ex02,0,2520,2760,A,2.0,True,False,1.0,True
w000864,training,671_T1_P1_R1,671,1,1,2,671_T1_R1_ex02,1,2640,2880,A,2.0,True,False,1.0,True
w000865,training,671_T1_P1_R1,671,1,1,2,671_T1_R1_ex02,2,2760,3000,A,2.0,True,False,1.0,True
w000866,training,671_T1_P1_R1,671,1,1,2,671_T1_R1_ex02,3,2880,3120,A,2.0,True,False,1.0,True
w000867,training,671_T1_P1_R1,671,1,1,2,671_T1_R1_ex02,4,3000,3240,A,2.0,True,False,1.0,True
w000868,training,671_T1_P1_R1,671,1,1,2,671_T1_R1_ex02,5,3120,3360,A,2.0,True,False,1.0,True
w000869,training,671_T1_P1_R1,671,1,1,2,671_T1_R1_ex02,6,3240,3480,A,2.0,True,False,1.0,True
w000870,training,671_T1_P1_R1,671,1,1,2,671_T1_R1_ex02,7,3360,3600,A,2.0,True,False,1.0,True
w000871,training,671_T1_P1_R1,671,1,1,2,671_T1_R1_ex02,8,3480,3720,A,2.0,True,False,1.0,True
w000872,training,671_T1_P1_R1,671,1,1,2,671_T1_R1_ex02,9,3600,3840,A,2.0,True,False,1.0,True
w000873,training,671_T1_P1_R1,671,1,1,2,671_T1_R1_ex02,10,3720,3960,A,2.0,True,False,1.0,True
w000874,training,671_T1_P1_R1,671,1,1,2,671_T1_R1_ex02,11,3840,4080,A,2.0,True,False,1.0,True
w000875,training,671_T1_P1_R1,671,1,1,2,671_T1_R1_ex02,12,3960,4200,A,2.0,True,False,1.0,True
w000876,training,671_T1_P1_R1,671,1,1,2,671_T1_R1_ex02,13,4080,4320,A,2.0,True,False,1.0,True
w000877,training,671_T1_P1_R1,671,1,1,3,671_T1_R1_ex03,0,4440,4680,A,2.0,True,False,1.0,True
w000878,training,671_T1_P1_R1,671,1,1,3,671_T1_R1_ex03,1,4560,4800,A,2.0,True,False,1.0,True
w000879,training,671_T1_P1_R1,671,1,1,3,671_T1_R1_ex03,2,4680,4920,A,2.0,True,False,1.0,True
w000880,training,671_T1_P1_R1,671,1,1,3,671_T1_R1_ex03,3,4800,5040,A,2.0,True,False,1.0,True
w000881,training,671_T1_P1_R1,671,1,1,3,671_T1_R1_ex03,4,4920,5160,A,2.0,True,False,1.0,True
w000882,training,671_T1_P1_R1,671,1,1,3,671_T1_R1_ex03,5,5040,5280,A,2.0,True,False,1.0,True
w000883,training,671_T1_P1_R1,671,1,1,3,671_T1_R1_ex03,6,5160,5400,A,2.0,True,False,1.0,True
w000884,training,671_T1_P1_R1,671,1,1,3,671_T1_R1_ex03,7,5280,5520,A,2.0,True,False,1.0,True
w000885,training,671_T1_P1_R1,671,1,1,3,671_T1_R1_ex03,8,5400,5640,A,2.0,True,False,1.0,True
w000886,training,671_T1_P1_R1,671,1,1,3,671_T1_R1_ex03,9,5520,5760,A,2.0,True,False,1.0,True
w000887,training,671_T1_P1_R1,671,1,1,3,671_T1_R1_ex03,10,5640,5880,A,2.0,True,False,1.0,True
w000888,training,671_T1_P1_R1,671,1,1,3,671_T1_R1_ex03,11,5760,6000,A,2.0,True,False,1.0,True
w000889,training,671_T1_P1_R1,671,1,1,4,671_T1_R1_ex04,0,7080,7320,A,2.0,True,False,1.0,True
w000890,training,671_T1_P1_R1,671,1,1,5,671_T1_R1_ex05,0,7440,7680,A,2.0,True,False,1.0,True
w000891,training,671_T1_P1_R1,671,1,1,5,671_T1_R1_ex05,1,7560,7800,A,2.0,True,False,1.0,True
w000892,training,671_T1_P1_R1,671,1,1,6,671_T1_R1_ex06,0,9000,9240,A,2.0,True,False,1.0,True
w000893,training,671_T1_P1_R1,671,1,1,6,671_T1_R1_ex06,1,9120,9360,A,2.0,True,False,1.0,True
w000894,training,671_T1_P1_R1,671,1,1,6,671_T1_R1_ex06,2,9240,9480,A,2.0,True,False,1.0,True
w000895,training,671_T1_P1_R1,671,1,1,6,671_T1_R1_ex06,3,9360,9600,A,2.0,True,False,1.0,True
w000896,training,671_T1_P1_R1,671,1,1,6,671_T1_R1_ex06,4,9480,9720,A,2.0,True,False,1.0,True
w000897,training,671_T1_P1_R1,671,1,1,7,671_T1_R1_ex07,0,9840,10080,A,2.0,True,False,1.0,True
w000898,training,671_T1_P1_R1,671,1,1,7,671_T1_R1_ex07,1,9960,10200,A,2.0,True,False,1.0,True
w000899,training,671_T1_P1_R1,671,1,1,7,671_T1_R1_ex07,2,10080,10320,A,2.0,True,False,1.0,True
w000900,training,671_T1_P1_R1,671,1,1,7,671_T1_R1_ex07,3,10200,10440,A,2.0,True,False,1.0,True
w000901,training,671_T1_P1_R1,671,1,1,8,671_T1_R1_ex08,0,11520,11760,A,2.0,True,False,1.0,True
w000902,training,671_T1_P1_R1,671,1,1,8,671_T1_R1_ex08,1,11640,11880,A,2.0,True,False,1.0,True
w000903,training,671_T1_P1_R1,671,1,1,8,671_T1_R1_ex08,2,11760,12000,A,2.0,True,False,1.0,True
w000904,training,671_T1_P1_R1,671,1,1,8,671_T1_R1_ex08,3,11880,12120,A,2.0,True,False,1.0,True
w000905,training,671_T1_P1_R1,671,1,1,8,671_T1_R1_ex08,4,12000,12240,A,2.0,True,False,1.0,True
w000906,training,671_T1_P1_R1,671,1,1,8,671_T1_R1_ex08,5,12120,12360,A,2.0,True,False,1.0,True
w000907,training,671_T1_P1_R1,671,1,1,8,671_T1_R1_ex08,6,12240,12480,A,2.0,True,False,1.0,True
w000908,training,671_T1_P1_R1,671,1,1,8,671_T1_R1_ex08,7,12360,12600,A,2.0,True,False,1.0,True
w000909,training,671_T1_P1_R1,671,1,1,8,671_T1_R1_ex08,8,12480,12720,A,2.0,True,False,1.0,True
w000910,training,671_T1_P1_R1,671,1,1,8,671_T1_R1_ex08,9,12600,12840,A,2.0,True,False,1.0,True
w000911,training,671_T1_P1_R1,671,1,1,8,671_T1_R1_ex08,10,12720,12960,A,2.0,True,False,1.0,True
w000912,training,671_T1_P1_R1,671,1,1,8,671_T1_R1_ex08,11,12840,13080,A,2.0,True,False,1.0,True
w000913,training,671_T1_P1_R1,671,1,1,8,671_T1_R1_ex08,12,12960,13200,A,2.0,True,False,1.0,True
w000914,training,671_T1_P1_R1,671,1,1,8,671_T1_R1_ex08,13,13080,13320,A,2.0,True,False,1.0,True
w000915,training,671_T1_P1_R1,671,1,1,8,671_T1_R1_ex08,14,13200,13440,A,2.0,True,False,1.0,True
w000916,early_stop,671_T1_P1_R1,671,1,1,9,671_T1_R1_ex09,0,14280,14520,A,2.0,True,False,1.0,True
w000917,early_stop,671_T1_P1_R1,671,1,1,9,671_T1_R1_ex09,1,14400,14640,A,2.0,True,False,1.0,True
w000918,early_stop,671_T1_P1_R1,671,1,1,9,671_T1_R1_ex09,2,14520,14760,A,2.0,True,False,1.0,True
w000919,early_stop,671_T1_P1_R1,671,1,1,9,671_T1_R1_ex09,3,14640,14880,A,2.0,True,False,1.0,True
w000920,early_stop,671_T1_P1_R1,671,1,1,9,671_T1_R1_ex09,4,14760,15000,A,2.0,True,False,1.0,True
w000921,early_stop,671_T1_P1_R1,671,1,1,9,671_T1_R1_ex09,5,14880,15120,A,2.0,True,False,1.0,True
w000922,early_stop,671_T1_P1_R1,671,1,1,9,671_T1_R1_ex09,6,15000,15240,A,2.0,True,False,1.0,True
w000923,early_stop,671_T1_P1_R1,671,1,1,10,671_T1_R1_ex10,0,15360,15600,A,2.0,True,False,1.0,True
w000924,early_stop,671_T1_P1_R1,671,1,1,10,671_T1_R1_ex10,1,15480,15720,A,2.0,True,False,1.0,True
w000925,early_stop,671_T1_P1_R1,671,1,1,10,671_T1_R1_ex10,2,15600,15840,A,2.0,True,False,1.0,True
w000926,early_stop,671_T1_P1_R1,671,1,1,10,671_T1_R1_ex10,3,15720,15960,A,2.0,True,False,1.0,True
w000927,early_stop,671_T1_P1_R1,671,1,1,10,671_T1_R1_ex10,4,15840,16080,A,2.0,True,False,1.0,True
w000928,early_stop,671_T1_P1_R1,671,1,1,10,671_T1_R1_ex10,5,15960,16200,A,2.0,True,False,1.0,True
w000929,early_stop,671_T1_P1_R1,671,1,1,10,671_T1_R1_ex10,6,16080,16320,A,2.0,True,False,1.0,True
w000930,early_stop,671_T1_P1_R1,671,1,1,10,671_T1_R1_ex10,7,16200,16440,A,2.0,True,False,1.0,True
w000931,early_stop,671_T1_P1_R1,671,1,1,10,671_T1_R1_ex10,8,16320,16560,A,2.0,True,False,1.0,True
w000932,training,671_T1_P1_R1,671,1,1,11,671_T1_R1_ex11,0,16680,16920,A,2.0,True,False,1.0,True
w000933,training,671_T1_P1_R1,671,1,1,11,671_T1_R1_ex11,1,16800,17040,A,2.0,True,False,1.0,True
w000934,training,671_T1_P1_R1,671,1,1,11,671_T1_R1_ex11,2,16920,17160,A,2.0,True,False,1.0,True
w000935,training,671_T1_P1_R1,671,1,1,11,671_T1_R1_ex11,3,17040,17280,A,2.0,True,False,1.0,True
w000936,training,671_T1_P1_R1,671,1,1,11,671_T1_R1_ex11,4,17160,17400,A,2.0,True,False,1.0,True
w000937,training,671_T1_P1_R1,671,1,1,11,671_T1_R1_ex11,5,17280,17520,A,2.0,True,False,1.0,True
w000938,training,671_T1_P1_R1,671,1,1,11,671_T1_R1_ex11,6,17400,17640,A,2.0,True,False,1.0,True
w000939,training,671_T1_P1_R1,671,1,1,11,671_T1_R1_ex11,7,17520,17760,A,2.0,True,False,1.0,True
w000940,training,671_T1_P1_R1,671,1,1,11,671_T1_R1_ex11,8,17640,17880,A,2.0,True,False,1.0,True
w000941,training,671_T1_P1_R1,671,1,1,11,671_T1_R1_ex11,9,17760,18000,A,2.0,True,False,1.0,True
w000942,training,671_T1_P1_R1,671,1,1,11,671_T1_R1_ex11,10,17880,18120,A,2.0,True,False,1.0,True
w000943,training,671_T1_P1_R1,671,1,1,12,671_T1_R1_ex12,0,18240,18480,A,2.0,True,False,1.0,True
w000944,training,671_T1_P1_R1,671,1,1,12,671_T1_R1_ex12,1,18360,18600,A,2.0,True,False,1.0,True
w000945,training,671_T1_P1_R1,671,1,1,12,671_T1_R1_ex12,2,18480,18720,A,2.0,True,False,1.0,True
w000946,training,671_T1_P1_R1,671,1,1,12,671_T1_R1_ex12,3,18600,18840,A,2.0,True,False,1.0,True
w000947,training,671_T1_P1_R1,671,1,1,12,671_T1_R1_ex12,4,18720,18960,A,2.0,True,False,1.0,True
w000948,training,671_T1_P1_R1,671,1,1,12,671_T1_R1_ex12,5,18840,19080,A,2.0,True,False,1.0,True
w000949,training,671_T1_P1_R1,671,1,1,12,671_T1_R1_ex12,6,18960,19200,A,2.0,True,False,1.0,True
w000950,training,671_T1_P1_R1,671,1,1,12,671_T1_R1_ex12,7,19080,19320,A,2.0,True,False,1.0,True
w000951,training,671_T1_P1_R1,671,1,1,12,671_T1_R1_ex12,8,19200,19440,A,2.0,True,False,1.0,True
w000952,training,671_T1_P1_R1,671,1,1,13,671_T1_R1_ex13,0,19560,19800,A,2.0,True,False,1.0,True
w000953,training,671_T1_P1_R1,671,1,1,13,671_T1_R1_ex13,1,19680,19920,A,2.0,True,False,1.0,True
w000954,training,671_T1_P1_R1,671,1,1,13,671_T1_R1_ex13,2,19800,20040,A,2.0,True,False,1.0,True
w000955,training,671_T1_P1_R1,671,1,1,13,671_T1_R1_ex13,3,19920,20160,A,2.0,True,False,1.0,True
w000956,training,671_T1_P1_R1,671,1,1,13,671_T1_R1_ex13,4,20040,20280,A,2.0,True,False,1.0,True
w000957,training,671_T1_P1_R1,671,1,1,13,671_T1_R1_ex13,5,20160,20400,A,2.0,True,False,1.0,True
w000958,training,671_T1_P1_R1,671,1,1,13,671_T1_R1_ex13,6,20280,20520,A,2.0,True,False,1.0,True
w000959,training,671_T1_P1_R1,671,1,1,13,671_T1_R1_ex13,7,20400,20640,A,2.0,True,False,1.0,True
w000960,training,671_T1_P1_R1,671,1,1,13,671_T1_R1_ex13,8,20520,20760,A,2.0,True,False,1.0,True
w000961,training,671_T1_P1_R1,671,1,1,13,671_T1_R1_ex13,9,20640,20880,A,2.0,True,False,1.0,True
w000962,training,671_T1_P1_R1,671,1,1,13,671_T1_R1_ex13,10,20760,21000,A,2.0,True,False,1.0,True
w000963,training,671_T1_P1_R1,671,1,1,14,671_T1_R1_ex14,0,21600,21840,A,2.0,True,False,1.0,True
w000964,training,671_T1_P1_R1,671,1,1,14,671_T1_R1_ex14,1,21720,21960,A,2.0,True,False,1.0,True
w000965,training,671_T1_P1_R1,671,1,1,14,671_T1_R1_ex14,2,21840,22080,A,2.0,True,False,1.0,True
w000966,training,671_T1_P1_R1,671,1,1,14,671_T1_R1_ex14,3,21960,22200,A,2.0,True,False,1.0,True
w000967,training,671_T1_P1_R1,671,1,1,14,671_T1_R1_ex14,4,22080,22320,A,2.0,True,False,1.0,True
w000968,training,671_T1_P1_R1,671,1,1,14,671_T1_R1_ex14,5,22200,22440,A,2.0,True,False,1.0,True
w000969,training,671_T1_P1_R1,671,1,1,14,671_T1_R1_ex14,6,22320,22560,A,2.0,True,False,1.0,True
w000970,training,671_T1_P1_R1,671,1,1,14,671_T1_R1_ex14,7,22440,22680,A,2.0,True,False,1.0,True
w000971,training,671_T1_P1_R1,671,1,1,14,671_T1_R1_ex14,8,22560,22800,A,2.0,True,False,1.0,True
w000972,training,671_T1_P1_R1,671,1,1,14,671_T1_R1_ex14,9,22680,22920,A,2.0,True,False,1.0,True
w000973,training,671_T1_P1_R1,671,1,1,14,671_T1_R1_ex14,10,22800,23040,A,2.0,True,False,1.0,True
w000974,training,671_T1_P1_R1,671,1,1,14,671_T1_R1_ex14,11,22920,23160,A,2.0,True,False,1.0,True
w000975,training,671_T1_P1_R1,671,1,1,14,671_T1_R1_ex14,12,23040,23280,A,2.0,True,False,1.0,True
w000976,training,671_T1_P1_R1,671,1,1,14,671_T1_R1_ex14,13,23160,23400,A,2.0,True,False,1.0,True
w000977,training,671_T1_P1_R1,671,1,1,14,671_T1_R1_ex14,14,23280,23520,A,2.0,True,False,1.0,True
w000978,early_stop,671_T1_P1_R1,671,1,1,15,671_T1_R1_ex15,0,23760,24000,A,2.0,True,False,1.0,True
w000979,early_stop,671_T1_P1_R1,671,1,1,15,671_T1_R1_ex15,1,23880,24120,A,2.0,True,False,1.0,True
w000980,early_stop,671_T1_P1_R1,671,1,1,15,671_T1_R1_ex15,2,24000,24240,A,2.0,True,False,1.0,True
w000981,early_stop,671_T1_P1_R1,671,1,1,15,671_T1_R1_ex15,3,24120,24360,A,2.0,True,False,1.0,True
w000982,early_stop,671_T1_P1_R1,671,1,1,15,671_T1_R1_ex15,4,24240,24480,A,2.0,True,False,1.0,True
w000983,early_stop,671_T1_P1_R1,671,1,1,15,671_T1_R1_ex15,5,24360,24600,A,2.0,True,False,1.0,True
w000984,early_stop,671_T1_P1_R1,671,1,1,15,671_T1_R1_ex15,6,24480,24720,A,2.0,True,False,1.0,True
w000985,early_stop,671_T1_P1_R1,671,1,1,15,671_T1_R1_ex15,7,24600,24840,A,2.0,True,False,1.0,True
w000986,early_stop,671_T1_P1_R1,671,1,1,15,671_T1_R1_ex15,8,24720,24960,A,2.0,True,False,1.0,True
w000987,early_stop,671_T1_P1_R1,671,1,1,15,671_T1_R1_ex15,9,24840,25080,A,2.0,True,False,1.0,True
w000988,early_stop,671_T1_P1_R1,671,1,1,15,671_T1_R1_ex15,10,24960,25200,A,2.0,True,False,1.0,True
w000989,early_stop,671_T1_P1_R1,671,1,1,15,671_T1_R1_ex15,11,25080,25320,A,2.0,True,False,1.0,True
w000990,early_stop,671_T1_P1_R1,671,1,1,15,671_T1_R1_ex15,12,25200,25440,A,2.0,True,False,1.0,True
w000991,early_stop,671_T1_P1_R1,671,1,1,15,671_T1_R1_ex15,13,25320,25560,A,2.0,True,False,1.0,True
w000992,early_stop,671_T1_P1_R1,671,1,1,15,671_T1_R1_ex15,14,25440,25680,A,2.0,True,False,1.0,True
w000993,early_stop,790_T1_P1_R1,790,1,1,1,790_T1_R1_ex01,0,1680,1920,A,2.0,True,False,1.0,True
w000994,early_stop,790_T1_P1_R1,790,1,1,1,790_T1_R1_ex01,1,1800,2040,A,2.0,True,False,1.0,True
w000995,early_stop,790_T1_P1_R1,790,1,1,1,790_T1_R1_ex01,2,1920,2160,A,2.0,True,False,1.0,True
w000996,early_stop,790_T1_P1_R1,790,1,1,1,790_T1_R1_ex01,3,2040,2280,A,2.0,True,False,1.0,True
w000997,early_stop,790_T1_P1_R1,790,1,1,1,790_T1_R1_ex01,4,2160,2400,A,2.0,True,False,1.0,True
w000998,early_stop,790_T1_P1_R1,790,1,1,1,790_T1_R1_ex01,5,2280,2520,A,2.0,True,False,1.0,True
w000999,early_stop,790_T1_P1_R1,790,1,1,1,790_T1_R1_ex01,6,2400,2640,A,2.0,True,False,1.0,True
w001000,early_stop,790_T1_P1_R1,790,1,1,1,790_T1_R1_ex01,7,2520,2760,A,2.0,True,False,1.0,True
w001001,training,790_T1_P1_R1,790,1,1,2,790_T1_R1_ex02,0,3360,3600,A,2.0,True,False,1.0,True
w001002,training,790_T1_P1_R1,790,1,1,2,790_T1_R1_ex02,1,3480,3720,A,2.0,True,False,1.0,True
w001003,training,790_T1_P1_R1,790,1,1,2,790_T1_R1_ex02,2,3600,3840,A,2.0,True,False,1.0,True
w001004,training,790_T1_P1_R1,790,1,1,2,790_T1_R1_ex02,3,3720,3960,A,2.0,True,False,1.0,True
w001005,training,790_T1_P1_R1,790,1,1,2,790_T1_R1_ex02,4,3840,4080,A,2.0,True,False,1.0,True
w001006,training,790_T1_P1_R1,790,1,1,2,790_T1_R1_ex02,5,3960,4200,A,2.0,True,False,1.0,True
w001007,training,790_T1_P1_R1,790,1,1,2,790_T1_R1_ex02,6,4080,4320,A,2.0,True,False,1.0,True
w001008,training,790_T1_P1_R1,790,1,1,2,790_T1_R1_ex02,7,4200,4440,A,2.0,True,False,1.0,True
w001009,training,790_T1_P1_R1,790,1,1,3,790_T1_R1_ex03,0,5160,5400,A,2.0,True,False,1.0,True
w001010,training,790_T1_P1_R1,790,1,1,3,790_T1_R1_ex03,1,5280,5520,A,2.0,True,False,1.0,True
w001011,training,790_T1_P1_R1,790,1,1,3,790_T1_R1_ex03,2,5400,5640,A,2.0,True,False,1.0,True
w001012,training,790_T1_P1_R1,790,1,1,3,790_T1_R1_ex03,3,5520,5760,A,2.0,True,False,1.0,True
w001013,training,790_T1_P1_R1,790,1,1,3,790_T1_R1_ex03,4,5640,5880,A,2.0,True,False,1.0,True
w001014,training,790_T1_P1_R1,790,1,1,3,790_T1_R1_ex03,5,5760,6000,A,2.0,True,False,1.0,True
w001015,training,790_T1_P1_R1,790,1,1,3,790_T1_R1_ex03,6,5880,6120,A,2.0,True,False,1.0,True
w001016,training,790_T1_P1_R1,790,1,1,3,790_T1_R1_ex03,7,6000,6240,A,2.0,True,False,1.0,True
w001017,training,790_T1_P1_R1,790,1,1,3,790_T1_R1_ex03,8,6120,6360,A,2.0,True,False,1.0,True
w001018,training,790_T1_P1_R1,790,1,1,3,790_T1_R1_ex03,9,6240,6480,A,2.0,True,False,1.0,True
w001019,training,790_T1_P1_R1,790,1,1,3,790_T1_R1_ex03,10,6360,6600,A,2.0,True,False,1.0,True
w001020,training,790_T1_P1_R1,790,1,1,3,790_T1_R1_ex03,11,6480,6720,A,2.0,True,False,1.0,True
w001021,early_stop,790_T1_P1_R1,790,1,1,4,790_T1_R1_ex04,0,7800,8040,A,2.0,True,False,1.0,True
w001022,early_stop,790_T1_P1_R1,790,1,1,4,790_T1_R1_ex04,1,7920,8160,A,2.0,True,False,1.0,True
w001023,early_stop,790_T1_P1_R1,790,1,1,4,790_T1_R1_ex04,2,8040,8280,A,2.0,True,False,1.0,True
w001024,early_stop,790_T1_P1_R1,790,1,1,4,790_T1_R1_ex04,3,8160,8400,A,2.0,True,False,1.0,True
w001025,early_stop,790_T1_P1_R1,790,1,1,4,790_T1_R1_ex04,4,8280,8520,A,2.0,True,False,1.0,True
w001026,early_stop,790_T1_P1_R1,790,1,1,4,790_T1_R1_ex04,5,8400,8640,A,2.0,True,False,1.0,True
w001027,early_stop,790_T1_P1_R1,790,1,1,4,790_T1_R1_ex04,6,8520,8760,A,2.0,True,False,1.0,True
w001028,training,790_T1_P1_R1,790,1,1,6,790_T1_R1_ex06,0,9720,9960,A,2.0,True,False,1.0,True
w001029,training,790_T1_P1_R1,790,1,1,6,790_T1_R1_ex06,1,9840,10080,A,2.0,True,False,1.0,True
w001030,training,790_T1_P1_R1,790,1,1,6,790_T1_R1_ex06,2,9960,10200,A,2.0,True,False,1.0,True
w001031,training,790_T1_P1_R1,790,1,1,6,790_T1_R1_ex06,3,10080,10320,A,2.0,True,False,1.0,True
w001032,training,790_T1_P1_R1,790,1,1,7,790_T1_R1_ex07,0,10560,10800,A,2.0,True,False,1.0,True
w001033,training,790_T1_P1_R1,790,1,1,7,790_T1_R1_ex07,1,10680,10920,A,2.0,True,False,1.0,True
w001034,training,790_T1_P1_R1,790,1,1,7,790_T1_R1_ex07,2,10800,11040,A,2.0,True,False,1.0,True
w001035,training,790_T1_P1_R1,790,1,1,8,790_T1_R1_ex08,0,12240,12480,A,2.0,True,False,1.0,True
w001036,training,790_T1_P1_R1,790,1,1,8,790_T1_R1_ex08,1,12360,12600,A,2.0,True,False,1.0,True
w001037,training,790_T1_P1_R1,790,1,1,8,790_T1_R1_ex08,2,12480,12720,A,2.0,True,False,1.0,True
w001038,training,790_T1_P1_R1,790,1,1,8,790_T1_R1_ex08,3,12600,12840,A,2.0,True,False,1.0,True
w001039,training,790_T1_P1_R1,790,1,1,8,790_T1_R1_ex08,4,12720,12960,A,2.0,True,False,1.0,True
w001040,training,790_T1_P1_R1,790,1,1,8,790_T1_R1_ex08,5,12840,13080,A,2.0,True,False,1.0,True
w001041,training,790_T1_P1_R1,790,1,1,8,790_T1_R1_ex08,6,12960,13200,A,2.0,True,False,1.0,True
w001042,training,790_T1_P1_R1,790,1,1,8,790_T1_R1_ex08,7,13080,13320,A,2.0,True,False,1.0,True
w001043,training,790_T1_P1_R1,790,1,1,8,790_T1_R1_ex08,8,13200,13440,A,2.0,True,False,1.0,True
w001044,training,790_T1_P1_R1,790,1,1,8,790_T1_R1_ex08,9,13320,13560,A,2.0,True,False,1.0,True
w001045,training,790_T1_P1_R1,790,1,1,8,790_T1_R1_ex08,10,13440,13680,A,2.0,True,False,1.0,True
w001046,training,790_T1_P1_R1,790,1,1,8,790_T1_R1_ex08,11,13560,13800,A,2.0,True,False,1.0,True
w001047,training,790_T1_P1_R1,790,1,1,8,790_T1_R1_ex08,12,13680,13920,A,2.0,True,False,1.0,True
w001048,training,790_T1_P1_R1,790,1,1,8,790_T1_R1_ex08,13,13800,14040,A,2.0,True,False,1.0,True
w001049,training,790_T1_P1_R1,790,1,1,8,790_T1_R1_ex08,14,13920,14160,A,2.0,True,False,1.0,True
w001050,training,790_T1_P1_R1,790,1,1,8,790_T1_R1_ex08,15,14040,14280,A,2.0,True,False,1.0,True
w001051,training,790_T1_P1_R1,790,1,1,9,790_T1_R1_ex09,0,15000,15240,A,2.0,True,False,1.0,True
w001052,training,790_T1_P1_R1,790,1,1,9,790_T1_R1_ex09,1,15120,15360,A,2.0,True,False,1.0,True
w001053,training,790_T1_P1_R1,790,1,1,9,790_T1_R1_ex09,2,15240,15480,A,2.0,True,False,1.0,True
w001054,training,790_T1_P1_R1,790,1,1,9,790_T1_R1_ex09,3,15360,15600,A,2.0,True,False,1.0,True
w001055,training,790_T1_P1_R1,790,1,1,9,790_T1_R1_ex09,4,15480,15720,A,2.0,True,False,1.0,True
w001056,training,790_T1_P1_R1,790,1,1,9,790_T1_R1_ex09,5,15600,15840,A,2.0,True,False,1.0,True
w001057,training,790_T1_P1_R1,790,1,1,9,790_T1_R1_ex09,6,15720,15960,A,2.0,True,False,1.0,True
w001058,training,790_T1_P1_R1,790,1,1,10,790_T1_R1_ex10,0,16080,16320,A,2.0,True,False,1.0,True
w001059,training,790_T1_P1_R1,790,1,1,10,790_T1_R1_ex10,1,16200,16440,A,2.0,True,False,1.0,True
w001060,training,790_T1_P1_R1,790,1,1,10,790_T1_R1_ex10,2,16320,16560,A,2.0,True,False,1.0,True
w001061,training,790_T1_P1_R1,790,1,1,10,790_T1_R1_ex10,3,16440,16680,A,2.0,True,False,1.0,True
w001062,training,790_T1_P1_R1,790,1,1,10,790_T1_R1_ex10,4,16560,16800,A,2.0,True,False,1.0,True
w001063,training,790_T1_P1_R1,790,1,1,10,790_T1_R1_ex10,5,16680,16920,A,2.0,True,False,1.0,True
w001064,training,790_T1_P1_R1,790,1,1,10,790_T1_R1_ex10,6,16800,17040,A,2.0,True,False,1.0,True
w001065,training,790_T1_P1_R1,790,1,1,10,790_T1_R1_ex10,7,16920,17160,A,2.0,True,False,1.0,True
w001066,training,790_T1_P1_R1,790,1,1,10,790_T1_R1_ex10,8,17040,17280,A,2.0,True,False,1.0,True
w001067,training,790_T1_P1_R1,790,1,1,11,790_T1_R1_ex11,0,17400,17640,A,2.0,True,False,1.0,True
w001068,training,790_T1_P1_R1,790,1,1,11,790_T1_R1_ex11,1,17520,17760,A,2.0,True,False,1.0,True
w001069,training,790_T1_P1_R1,790,1,1,11,790_T1_R1_ex11,2,17640,17880,A,2.0,True,False,1.0,True
w001070,training,790_T1_P1_R1,790,1,1,11,790_T1_R1_ex11,3,17760,18000,A,2.0,True,False,1.0,True
w001071,training,790_T1_P1_R1,790,1,1,11,790_T1_R1_ex11,4,17880,18120,A,2.0,True,False,1.0,True
w001072,training,790_T1_P1_R1,790,1,1,11,790_T1_R1_ex11,5,18000,18240,A,2.0,True,False,1.0,True
w001073,training,790_T1_P1_R1,790,1,1,11,790_T1_R1_ex11,6,18120,18360,A,2.0,True,False,1.0,True
w001074,training,790_T1_P1_R1,790,1,1,11,790_T1_R1_ex11,7,18240,18480,A,2.0,True,False,1.0,True
w001075,training,790_T1_P1_R1,790,1,1,11,790_T1_R1_ex11,8,18360,18600,A,2.0,True,False,1.0,True
w001076,training,790_T1_P1_R1,790,1,1,11,790_T1_R1_ex11,9,18480,18720,A,2.0,True,False,1.0,True
w001077,training,790_T1_P1_R1,790,1,1,12,790_T1_R1_ex12,0,18840,19080,A,2.0,True,False,1.0,True
w001078,training,790_T1_P1_R1,790,1,1,12,790_T1_R1_ex12,1,18960,19200,A,2.0,True,False,1.0,True
w001079,training,790_T1_P1_R1,790,1,1,12,790_T1_R1_ex12,2,19080,19320,A,2.0,True,False,1.0,True
w001080,training,790_T1_P1_R1,790,1,1,12,790_T1_R1_ex12,3,19200,19440,A,2.0,True,False,1.0,True
w001081,training,790_T1_P1_R1,790,1,1,12,790_T1_R1_ex12,4,19320,19560,A,2.0,True,False,1.0,True
w001082,training,790_T1_P1_R1,790,1,1,12,790_T1_R1_ex12,5,19440,19680,A,2.0,True,False,1.0,True
w001083,training,790_T1_P1_R1,790,1,1,12,790_T1_R1_ex12,6,19560,19800,A,2.0,True,False,1.0,True
w001084,early_stop,790_T1_P1_R1,790,1,1,13,790_T1_R1_ex13,0,19920,20160,A,2.0,True,False,1.0,True
w001085,early_stop,790_T1_P1_R1,790,1,1,13,790_T1_R1_ex13,1,20040,20280,A,2.0,True,False,1.0,True
w001086,early_stop,790_T1_P1_R1,790,1,1,13,790_T1_R1_ex13,2,20160,20400,A,2.0,True,False,1.0,True
w001087,early_stop,790_T1_P1_R1,790,1,1,13,790_T1_R1_ex13,3,20280,20520,A,2.0,True,False,1.0,True
w001088,early_stop,790_T1_P1_R1,790,1,1,13,790_T1_R1_ex13,4,20400,20640,A,2.0,True,False,1.0,True
w001089,early_stop,790_T1_P1_R1,790,1,1,13,790_T1_R1_ex13,5,20520,20760,A,2.0,True,False,1.0,True
w001090,early_stop,790_T1_P1_R1,790,1,1,13,790_T1_R1_ex13,6,20640,20880,A,2.0,True,False,1.0,True
w001091,early_stop,790_T1_P1_R1,790,1,1,13,790_T1_R1_ex13,7,20760,21000,A,2.0,True,False,1.0,True
w001092,early_stop,790_T1_P1_R1,790,1,1,13,790_T1_R1_ex13,8,20880,21120,A,2.0,True,False,1.0,True
w001093,early_stop,790_T1_P1_R1,790,1,1,13,790_T1_R1_ex13,9,21000,21240,A,2.0,True,False,1.0,True
w001094,early_stop,790_T1_P1_R1,790,1,1,13,790_T1_R1_ex13,10,21120,21360,A,2.0,True,False,1.0,True
w001095,early_stop,790_T1_P1_R1,790,1,1,13,790_T1_R1_ex13,11,21240,21480,A,2.0,True,False,1.0,True
w001096,early_stop,790_T1_P1_R1,790,1,1,13,790_T1_R1_ex13,12,21360,21600,A,2.0,True,False,1.0,True
w001097,early_stop,790_T1_P1_R1,790,1,1,13,790_T1_R1_ex13,13,21480,21720,A,2.0,True,False,1.0,True
w001098,training,790_T1_P1_R1,790,1,1,14,790_T1_R1_ex14,0,22320,22560,A,2.0,True,False,1.0,True
w001099,training,790_T1_P1_R1,790,1,1,14,790_T1_R1_ex14,1,22440,22680,A,2.0,True,False,1.0,True
w001100,training,790_T1_P1_R1,790,1,1,14,790_T1_R1_ex14,2,22560,22800,A,2.0,True,False,1.0,True
w001101,training,790_T1_P1_R1,790,1,1,14,790_T1_R1_ex14,3,22680,22920,A,2.0,True,False,1.0,True
w001102,training,790_T1_P1_R1,790,1,1,14,790_T1_R1_ex14,4,22800,23040,A,2.0,True,False,1.0,True
w001103,training,790_T1_P1_R1,790,1,1,14,790_T1_R1_ex14,5,22920,23160,A,2.0,True,False,1.0,True
w001104,training,790_T1_P1_R1,790,1,1,14,790_T1_R1_ex14,6,23040,23280,A,2.0,True,False,1.0,True
w001105,training,790_T1_P1_R1,790,1,1,14,790_T1_R1_ex14,7,23160,23400,A,2.0,True,False,1.0,True
w001106,training,790_T1_P1_R1,790,1,1,14,790_T1_R1_ex14,8,23280,23520,A,2.0,True,False,1.0,True
w001107,training,790_T1_P1_R1,790,1,1,14,790_T1_R1_ex14,9,23400,23640,A,2.0,True,False,1.0,True
w001108,training,790_T1_P1_R1,790,1,1,14,790_T1_R1_ex14,10,23520,23760,A,2.0,True,False,1.0,True
w001109,training,790_T1_P1_R1,790,1,1,14,790_T1_R1_ex14,11,23640,23880,A,2.0,True,False,1.0,True
w001110,training,790_T1_P1_R1,790,1,1,14,790_T1_R1_ex14,12,23760,24000,A,2.0,True,False,1.0,True
w001111,training,790_T1_P1_R1,790,1,1,14,790_T1_R1_ex14,13,23880,24120,A,2.0,True,False,1.0,True
w001112,training,790_T1_P1_R1,790,1,1,14,790_T1_R1_ex14,14,24000,24240,A,2.0,True,False,1.0,True
w001113,training,790_T1_P1_R1,790,1,1,15,790_T1_R1_ex15,0,24480,24720,A,2.0,True,False,1.0,True
w001114,training,790_T1_P1_R1,790,1,1,15,790_T1_R1_ex15,1,24600,24840,A,2.0,True,False,1.0,True
w001115,training,790_T1_P1_R1,790,1,1,15,790_T1_R1_ex15,2,24720,24960,A,2.0,True,False,1.0,True
w001116,training,790_T1_P1_R1,790,1,1,15,790_T1_R1_ex15,3,24840,25080,A,2.0,True,False,1.0,True
w001117,training,790_T1_P1_R1,790,1,1,15,790_T1_R1_ex15,4,24960,25200,A,2.0,True,False,1.0,True
w001118,training,790_T1_P1_R1,790,1,1,15,790_T1_R1_ex15,5,25080,25320,A,2.0,True,False,1.0,True
w001119,training,790_T1_P1_R1,790,1,1,15,790_T1_R1_ex15,6,25200,25440,A,2.0,True,False,1.0,True
w001120,training,790_T1_P1_R1,790,1,1,15,790_T1_R1_ex15,7,25320,25560,A,2.0,True,False,1.0,True
w001121,training,790_T1_P1_R1,790,1,1,15,790_T1_R1_ex15,8,25440,25680,A,2.0,True,False,1.0,True
w001122,training,790_T1_P1_R1,790,1,1,15,790_T1_R1_ex15,9,25560,25800,A,2.0,True,False,1.0,True
w001123,training,790_T1_P1_R1,790,1,1,15,790_T1_R1_ex15,10,25680,25920,A,2.0,True,False,1.0,True
w001124,training,790_T1_P1_R1,790,1,1,15,790_T1_R1_ex15,11,25800,26040,A,2.0,True,False,1.0,True
w001125,training,790_T1_P1_R1,790,1,1,15,790_T1_R1_ex15,12,25920,26160,A,2.0,True,False,1.0,True
w001126,training,790_T1_P1_R1,790,1,1,15,790_T1_R1_ex15,13,26040,26280,A,2.0,True,False,1.0,True
w001127,training,252_T1_P1_R2,252,1,2,1,252_T1_R2_ex01,0,1680,1920,B,2.0,False,True,1.0,True
w001128,training,252_T1_P1_R2,252,1,2,1,252_T1_R2_ex01,1,1800,2040,B,2.0,False,True,1.0,True
w001129,training,252_T1_P1_R2,252,1,2,1,252_T1_R2_ex01,2,1920,2160,B,2.0,False,True,1.0,True
w001130,training,252_T1_P1_R2,252,1,2,1,252_T1_R2_ex01,3,2040,2280,B,2.0,False,True,1.0,True
w001131,training,252_T1_P1_R2,252,1,2,1,252_T1_R2_ex01,4,2160,2400,B,2.0,False,True,1.0,True
w001132,training,252_T1_P1_R2,252,1,2,1,252_T1_R2_ex01,5,2280,2520,B,2.0,False,True,1.0,True
w001133,training,252_T1_P1_R2,252,1,2,1,252_T1_R2_ex01,6,2400,2640,B,2.0,False,True,1.0,True
w001134,training,252_T1_P1_R2,252,1,2,1,252_T1_R2_ex01,7,2520,2760,B,2.0,False,True,1.0,True
w001135,training,252_T1_P1_R2,252,1,2,1,252_T1_R2_ex01,8,2640,2880,B,2.0,False,True,1.0,True
w001136,training,252_T1_P1_R2,252,1,2,2,252_T1_R2_ex02,0,3360,3600,B,2.0,False,True,1.0,True
w001137,training,252_T1_P1_R2,252,1,2,2,252_T1_R2_ex02,1,3480,3720,B,2.0,False,True,1.0,True
w001138,training,252_T1_P1_R2,252,1,2,2,252_T1_R2_ex02,2,3600,3840,B,2.0,False,True,1.0,True
w001139,training,252_T1_P1_R2,252,1,2,2,252_T1_R2_ex02,3,3720,3960,B,2.0,False,True,1.0,True
w001140,training,252_T1_P1_R2,252,1,2,2,252_T1_R2_ex02,4,3840,4080,B,2.0,False,True,1.0,True
w001141,training,252_T1_P1_R2,252,1,2,2,252_T1_R2_ex02,5,3960,4200,B,2.0,False,True,1.0,True
w001142,training,252_T1_P1_R2,252,1,2,2,252_T1_R2_ex02,6,4080,4320,B,2.0,False,True,1.0,True
w001143,training,252_T1_P1_R2,252,1,2,2,252_T1_R2_ex02,7,4200,4440,B,2.0,False,True,1.0,True
w001144,training,252_T1_P1_R2,252,1,2,3,252_T1_R2_ex03,0,5160,5400,B,2.0,False,True,1.0,True
w001145,training,252_T1_P1_R2,252,1,2,3,252_T1_R2_ex03,1,5280,5520,B,2.0,False,True,1.0,True
w001146,training,252_T1_P1_R2,252,1,2,3,252_T1_R2_ex03,2,5400,5640,B,2.0,False,True,1.0,True
w001147,training,252_T1_P1_R2,252,1,2,3,252_T1_R2_ex03,3,5520,5760,B,2.0,False,True,1.0,True
w001148,training,252_T1_P1_R2,252,1,2,3,252_T1_R2_ex03,4,5640,5880,B,2.0,False,True,1.0,True
w001149,training,252_T1_P1_R2,252,1,2,3,252_T1_R2_ex03,5,5760,6000,B,2.0,False,True,1.0,True
w001150,training,252_T1_P1_R2,252,1,2,3,252_T1_R2_ex03,6,5880,6120,B,2.0,False,True,1.0,True
w001151,training,252_T1_P1_R2,252,1,2,3,252_T1_R2_ex03,7,6000,6240,B,2.0,False,True,1.0,True
w001152,training,252_T1_P1_R2,252,1,2,3,252_T1_R2_ex03,8,6120,6360,B,2.0,False,True,1.0,True
w001153,training,252_T1_P1_R2,252,1,2,3,252_T1_R2_ex03,9,6240,6480,B,2.0,False,True,1.0,True
w001154,training,252_T1_P1_R2,252,1,2,3,252_T1_R2_ex03,10,6360,6600,B,2.0,False,True,1.0,True
w001155,training,252_T1_P1_R2,252,1,2,3,252_T1_R2_ex03,11,6480,6720,B,2.0,False,True,1.0,True
w001156,early_stop,252_T1_P1_R2,252,1,2,4,252_T1_R2_ex04,0,7560,7800,B,2.0,False,True,1.0,True
w001157,early_stop,252_T1_P1_R2,252,1,2,4,252_T1_R2_ex04,1,7680,7920,B,2.0,False,True,1.0,True
w001158,early_stop,252_T1_P1_R2,252,1,2,4,252_T1_R2_ex04,2,7800,8040,B,2.0,False,True,1.0,True
w001159,training,252_T1_P1_R2,252,1,2,5,252_T1_R2_ex05,0,8160,8400,B,2.0,False,True,1.0,True
w001160,training,252_T1_P1_R2,252,1,2,5,252_T1_R2_ex05,1,8280,8520,B,2.0,False,True,1.0,True
w001161,training,252_T1_P1_R2,252,1,2,5,252_T1_R2_ex05,2,8400,8640,B,2.0,False,True,1.0,True
w001162,training,252_T1_P1_R2,252,1,2,5,252_T1_R2_ex05,3,8520,8760,B,2.0,False,True,1.0,True
w001163,training,252_T1_P1_R2,252,1,2,6,252_T1_R2_ex06,0,9600,9840,B,2.0,False,True,1.0,True
w001164,training,252_T1_P1_R2,252,1,2,6,252_T1_R2_ex06,1,9720,9960,B,2.0,False,True,1.0,True
w001165,training,252_T1_P1_R2,252,1,2,6,252_T1_R2_ex06,2,9840,10080,B,2.0,False,True,1.0,True
w001166,training,252_T1_P1_R2,252,1,2,6,252_T1_R2_ex06,3,9960,10200,B,2.0,False,True,1.0,True
w001167,training,252_T1_P1_R2,252,1,2,6,252_T1_R2_ex06,4,10080,10320,B,2.0,False,True,1.0,True
w001168,training,252_T1_P1_R2,252,1,2,7,252_T1_R2_ex07,0,10440,10680,B,2.0,False,True,1.0,True
w001169,training,252_T1_P1_R2,252,1,2,7,252_T1_R2_ex07,1,10560,10800,B,2.0,False,True,1.0,True
w001170,training,252_T1_P1_R2,252,1,2,7,252_T1_R2_ex07,2,10680,10920,B,2.0,False,True,1.0,True
w001171,training,252_T1_P1_R2,252,1,2,7,252_T1_R2_ex07,3,10800,11040,B,2.0,False,True,1.0,True
w001172,training,252_T1_P1_R2,252,1,2,8,252_T1_R2_ex08,0,12120,12360,B,2.0,False,True,1.0,True
w001173,training,252_T1_P1_R2,252,1,2,8,252_T1_R2_ex08,1,12240,12480,B,2.0,False,True,1.0,True
w001174,training,252_T1_P1_R2,252,1,2,8,252_T1_R2_ex08,2,12360,12600,B,2.0,False,True,1.0,True
w001175,training,252_T1_P1_R2,252,1,2,8,252_T1_R2_ex08,3,12480,12720,B,2.0,False,True,1.0,True
w001176,training,252_T1_P1_R2,252,1,2,8,252_T1_R2_ex08,4,12600,12840,B,2.0,False,True,1.0,True
w001177,training,252_T1_P1_R2,252,1,2,8,252_T1_R2_ex08,5,12720,12960,B,2.0,False,True,1.0,True
w001178,training,252_T1_P1_R2,252,1,2,8,252_T1_R2_ex08,6,12840,13080,B,2.0,False,True,1.0,True
w001179,training,252_T1_P1_R2,252,1,2,8,252_T1_R2_ex08,7,12960,13200,B,2.0,False,True,1.0,True
w001180,training,252_T1_P1_R2,252,1,2,8,252_T1_R2_ex08,8,13080,13320,B,2.0,False,True,1.0,True
w001181,training,252_T1_P1_R2,252,1,2,8,252_T1_R2_ex08,9,13200,13440,B,2.0,False,True,1.0,True
w001182,training,252_T1_P1_R2,252,1,2,8,252_T1_R2_ex08,10,13320,13560,B,2.0,False,True,1.0,True
w001183,training,252_T1_P1_R2,252,1,2,8,252_T1_R2_ex08,11,13440,13680,B,2.0,False,True,1.0,True
w001184,training,252_T1_P1_R2,252,1,2,8,252_T1_R2_ex08,12,13560,13800,B,2.0,False,True,1.0,True
w001185,training,252_T1_P1_R2,252,1,2,8,252_T1_R2_ex08,13,13680,13920,B,2.0,False,True,1.0,True
w001186,training,252_T1_P1_R2,252,1,2,8,252_T1_R2_ex08,14,13800,14040,B,2.0,False,True,1.0,True
w001187,training,252_T1_P1_R2,252,1,2,8,252_T1_R2_ex08,15,13920,14160,B,2.0,False,True,1.0,True
w001188,training,252_T1_P1_R2,252,1,2,9,252_T1_R2_ex09,0,14880,15120,B,2.0,False,True,1.0,True
w001189,training,252_T1_P1_R2,252,1,2,9,252_T1_R2_ex09,1,15000,15240,B,2.0,False,True,1.0,True
w001190,training,252_T1_P1_R2,252,1,2,9,252_T1_R2_ex09,2,15120,15360,B,2.0,False,True,1.0,True
w001191,training,252_T1_P1_R2,252,1,2,9,252_T1_R2_ex09,3,15240,15480,B,2.0,False,True,1.0,True
w001192,training,252_T1_P1_R2,252,1,2,9,252_T1_R2_ex09,4,15360,15600,B,2.0,False,True,1.0,True
w001193,training,252_T1_P1_R2,252,1,2,9,252_T1_R2_ex09,5,15480,15720,B,2.0,False,True,1.0,True
w001194,training,252_T1_P1_R2,252,1,2,9,252_T1_R2_ex09,6,15600,15840,B,2.0,False,True,1.0,True
w001195,training,252_T1_P1_R2,252,1,2,9,252_T1_R2_ex09,7,15720,15960,B,2.0,False,True,1.0,True
w001196,training,252_T1_P1_R2,252,1,2,10,252_T1_R2_ex10,0,16080,16320,B,2.0,False,True,1.0,True
w001197,training,252_T1_P1_R2,252,1,2,10,252_T1_R2_ex10,1,16200,16440,B,2.0,False,True,1.0,True
w001198,training,252_T1_P1_R2,252,1,2,10,252_T1_R2_ex10,2,16320,16560,B,2.0,False,True,1.0,True
w001199,training,252_T1_P1_R2,252,1,2,10,252_T1_R2_ex10,3,16440,16680,B,2.0,False,True,1.0,True
w001200,training,252_T1_P1_R2,252,1,2,10,252_T1_R2_ex10,4,16560,16800,B,2.0,False,True,1.0,True
w001201,training,252_T1_P1_R2,252,1,2,10,252_T1_R2_ex10,5,16680,16920,B,2.0,False,True,1.0,True
w001202,training,252_T1_P1_R2,252,1,2,10,252_T1_R2_ex10,6,16800,17040,B,2.0,False,True,1.0,True
w001203,training,252_T1_P1_R2,252,1,2,10,252_T1_R2_ex10,7,16920,17160,B,2.0,False,True,1.0,True
w001204,training,252_T1_P1_R2,252,1,2,10,252_T1_R2_ex10,8,17040,17280,B,2.0,False,True,1.0,True
w001205,training,252_T1_P1_R2,252,1,2,10,252_T1_R2_ex10,9,17160,17400,B,2.0,False,True,1.0,True
w001206,training,252_T1_P1_R2,252,1,2,11,252_T1_R2_ex11,0,17520,17760,B,2.0,False,True,1.0,True
w001207,training,252_T1_P1_R2,252,1,2,11,252_T1_R2_ex11,1,17640,17880,B,2.0,False,True,1.0,True
w001208,training,252_T1_P1_R2,252,1,2,11,252_T1_R2_ex11,2,17760,18000,B,2.0,False,True,1.0,True
w001209,training,252_T1_P1_R2,252,1,2,11,252_T1_R2_ex11,3,17880,18120,B,2.0,False,True,1.0,True
w001210,training,252_T1_P1_R2,252,1,2,11,252_T1_R2_ex11,4,18000,18240,B,2.0,False,True,1.0,True
w001211,training,252_T1_P1_R2,252,1,2,11,252_T1_R2_ex11,5,18120,18360,B,2.0,False,True,1.0,True
w001212,training,252_T1_P1_R2,252,1,2,11,252_T1_R2_ex11,6,18240,18480,B,2.0,False,True,1.0,True
w001213,training,252_T1_P1_R2,252,1,2,11,252_T1_R2_ex11,7,18360,18600,B,2.0,False,True,1.0,True
w001214,training,252_T1_P1_R2,252,1,2,11,252_T1_R2_ex11,8,18480,18720,B,2.0,False,True,1.0,True
w001215,early_stop,252_T1_P1_R2,252,1,2,12,252_T1_R2_ex12,0,18726,18966,B,2.0,False,True,1.0,True
w001216,early_stop,252_T1_P1_R2,252,1,2,12,252_T1_R2_ex12,1,18846,19086,B,2.0,False,True,1.0,True
w001217,early_stop,252_T1_P1_R2,252,1,2,12,252_T1_R2_ex12,2,18966,19206,B,2.0,False,True,1.0,True
w001218,early_stop,252_T1_P1_R2,252,1,2,12,252_T1_R2_ex12,3,19086,19326,B,2.0,False,True,1.0,True
w001219,early_stop,252_T1_P1_R2,252,1,2,12,252_T1_R2_ex12,4,19206,19446,B,2.0,False,True,1.0,True
w001220,early_stop,252_T1_P1_R2,252,1,2,12,252_T1_R2_ex12,5,19326,19566,B,2.0,False,True,1.0,True
w001221,early_stop,252_T1_P1_R2,252,1,2,13,252_T1_R2_ex13,0,19800,20040,B,2.0,False,True,1.0,True
w001222,early_stop,252_T1_P1_R2,252,1,2,13,252_T1_R2_ex13,1,19920,20160,B,2.0,False,True,1.0,True
w001223,early_stop,252_T1_P1_R2,252,1,2,13,252_T1_R2_ex13,2,20040,20280,B,2.0,False,True,1.0,True
w001224,early_stop,252_T1_P1_R2,252,1,2,13,252_T1_R2_ex13,3,20160,20400,B,2.0,False,True,1.0,True
w001225,early_stop,252_T1_P1_R2,252,1,2,13,252_T1_R2_ex13,4,20280,20520,B,2.0,False,True,1.0,True
w001226,early_stop,252_T1_P1_R2,252,1,2,13,252_T1_R2_ex13,5,20400,20640,B,2.0,False,True,1.0,True
w001227,early_stop,252_T1_P1_R2,252,1,2,13,252_T1_R2_ex13,6,20520,20760,B,2.0,False,True,1.0,True
w001228,early_stop,252_T1_P1_R2,252,1,2,13,252_T1_R2_ex13,7,20640,20880,B,2.0,False,True,1.0,True
w001229,early_stop,252_T1_P1_R2,252,1,2,13,252_T1_R2_ex13,8,20760,21000,B,2.0,False,True,1.0,True
w001230,early_stop,252_T1_P1_R2,252,1,2,13,252_T1_R2_ex13,9,20880,21120,B,2.0,False,True,1.0,True
w001231,early_stop,252_T1_P1_R2,252,1,2,13,252_T1_R2_ex13,10,21000,21240,B,2.0,False,True,1.0,True
w001232,early_stop,252_T1_P1_R2,252,1,2,13,252_T1_R2_ex13,11,21120,21360,B,2.0,False,True,1.0,True
w001233,early_stop,252_T1_P1_R2,252,1,2,13,252_T1_R2_ex13,12,21240,21480,B,2.0,False,True,1.0,True
w001234,early_stop,252_T1_P1_R2,252,1,2,13,252_T1_R2_ex13,13,21360,21600,B,2.0,False,True,1.0,True
w001235,early_stop,252_T1_P1_R2,252,1,2,13,252_T1_R2_ex13,14,21480,21720,B,2.0,False,True,1.0,True
w001236,early_stop,252_T1_P1_R2,252,1,2,13,252_T1_R2_ex13,15,21600,21840,B,2.0,False,True,1.0,True
w001237,training,252_T1_P1_R2,252,1,2,14,252_T1_R2_ex14,0,22440,22680,B,2.0,False,True,1.0,True
w001238,training,252_T1_P1_R2,252,1,2,14,252_T1_R2_ex14,1,22560,22800,B,2.0,False,True,1.0,True
w001239,training,252_T1_P1_R2,252,1,2,14,252_T1_R2_ex14,2,22680,22920,B,2.0,False,True,1.0,True
w001240,training,252_T1_P1_R2,252,1,2,14,252_T1_R2_ex14,3,22800,23040,B,2.0,False,True,1.0,True
w001241,training,252_T1_P1_R2,252,1,2,14,252_T1_R2_ex14,4,22920,23160,B,2.0,False,True,1.0,True
w001242,training,252_T1_P1_R2,252,1,2,14,252_T1_R2_ex14,5,23040,23280,B,2.0,False,True,1.0,True
w001243,training,252_T1_P1_R2,252,1,2,14,252_T1_R2_ex14,6,23160,23400,B,2.0,False,True,1.0,True
w001244,training,252_T1_P1_R2,252,1,2,14,252_T1_R2_ex14,7,23280,23520,B,2.0,False,True,1.0,True
w001245,training,252_T1_P1_R2,252,1,2,14,252_T1_R2_ex14,8,23400,23640,B,2.0,False,True,1.0,True
w001246,training,252_T1_P1_R2,252,1,2,14,252_T1_R2_ex14,9,23520,23760,B,2.0,False,True,1.0,True
w001247,training,252_T1_P1_R2,252,1,2,14,252_T1_R2_ex14,10,23640,23880,B,2.0,False,True,1.0,True
w001248,training,252_T1_P1_R2,252,1,2,14,252_T1_R2_ex14,11,23760,24000,B,2.0,False,True,1.0,True
w001249,training,252_T1_P1_R2,252,1,2,14,252_T1_R2_ex14,12,23880,24120,B,2.0,False,True,1.0,True
w001250,training,252_T1_P1_R2,252,1,2,15,252_T1_R2_ex15,0,24600,24840,B,2.0,False,True,1.0,True
w001251,training,252_T1_P1_R2,252,1,2,15,252_T1_R2_ex15,1,24720,24960,B,2.0,False,True,1.0,True
w001252,training,252_T1_P1_R2,252,1,2,15,252_T1_R2_ex15,2,24840,25080,B,2.0,False,True,1.0,True
w001253,training,252_T1_P1_R2,252,1,2,15,252_T1_R2_ex15,3,24960,25200,B,2.0,False,True,1.0,True
w001254,training,252_T1_P1_R2,252,1,2,15,252_T1_R2_ex15,4,25080,25320,B,2.0,False,True,1.0,True
w001255,training,252_T1_P1_R2,252,1,2,15,252_T1_R2_ex15,5,25200,25440,B,2.0,False,True,1.0,True
w001256,training,252_T1_P1_R2,252,1,2,15,252_T1_R2_ex15,6,25320,25560,B,2.0,False,True,1.0,True
w001257,training,252_T1_P1_R2,252,1,2,15,252_T1_R2_ex15,7,25440,25680,B,2.0,False,True,1.0,True
w001258,training,252_T1_P1_R2,252,1,2,15,252_T1_R2_ex15,8,25560,25800,B,2.0,False,True,1.0,True
w001259,training,252_T1_P1_R2,252,1,2,15,252_T1_R2_ex15,9,25680,25920,B,2.0,False,True,1.0,True
w001260,training,252_T1_P1_R2,252,1,2,15,252_T1_R2_ex15,10,25800,26040,B,2.0,False,True,1.0,True
w001261,training,252_T1_P1_R2,252,1,2,15,252_T1_R2_ex15,11,25920,26160,B,2.0,False,True,1.0,True
w001262,early_stop,651_T1_P1_R2,651,1,2,1,651_T1_R2_ex01,0,720,960,B,2.0,False,True,1.0,True
w001263,early_stop,651_T1_P1_R2,651,1,2,1,651_T1_R2_ex01,1,840,1080,B,2.0,False,True,1.0,True
w001264,early_stop,651_T1_P1_R2,651,1,2,1,651_T1_R2_ex01,2,960,1200,B,2.0,False,True,1.0,True
w001265,early_stop,651_T1_P1_R2,651,1,2,1,651_T1_R2_ex01,3,1080,1320,B,2.0,False,True,1.0,True
w001266,early_stop,651_T1_P1_R2,651,1,2,1,651_T1_R2_ex01,4,1200,1440,B,2.0,False,True,1.0,True
w001267,early_stop,651_T1_P1_R2,651,1,2,1,651_T1_R2_ex01,5,1320,1560,B,2.0,False,True,1.0,True
w001268,training,651_T1_P1_R2,651,1,2,2,651_T1_R2_ex02,0,2400,2640,B,2.0,False,True,1.0,True
w001269,training,651_T1_P1_R2,651,1,2,2,651_T1_R2_ex02,1,2520,2760,B,2.0,False,True,1.0,True
w001270,training,651_T1_P1_R2,651,1,2,2,651_T1_R2_ex02,2,2640,2880,B,2.0,False,True,1.0,True
w001271,training,651_T1_P1_R2,651,1,2,2,651_T1_R2_ex02,3,2760,3000,B,2.0,False,True,1.0,True
w001272,training,651_T1_P1_R2,651,1,2,2,651_T1_R2_ex02,4,2880,3120,B,2.0,False,True,1.0,True
w001273,training,651_T1_P1_R2,651,1,2,2,651_T1_R2_ex02,5,3000,3240,B,2.0,False,True,1.0,True
w001274,training,651_T1_P1_R2,651,1,2,2,651_T1_R2_ex02,6,3120,3360,B,2.0,False,True,1.0,True
w001275,training,651_T1_P1_R2,651,1,2,2,651_T1_R2_ex02,7,3240,3480,B,2.0,False,True,1.0,True
w001276,training,651_T1_P1_R2,651,1,2,2,651_T1_R2_ex02,8,3360,3600,B,2.0,False,True,1.0,True
w001277,training,651_T1_P1_R2,651,1,2,2,651_T1_R2_ex02,9,3480,3720,B,2.0,False,True,1.0,True
w001278,training,651_T1_P1_R2,651,1,2,2,651_T1_R2_ex02,10,3600,3840,B,2.0,False,True,1.0,True
w001279,training,651_T1_P1_R2,651,1,2,2,651_T1_R2_ex02,11,3720,3960,B,2.0,False,True,1.0,True
w001280,training,651_T1_P1_R2,651,1,2,3,651_T1_R2_ex03,0,4200,4440,B,2.0,False,True,1.0,True
w001281,training,651_T1_P1_R2,651,1,2,3,651_T1_R2_ex03,1,4320,4560,B,2.0,False,True,1.0,True
w001282,training,651_T1_P1_R2,651,1,2,3,651_T1_R2_ex03,2,4440,4680,B,2.0,False,True,1.0,True
w001283,training,651_T1_P1_R2,651,1,2,3,651_T1_R2_ex03,3,4560,4800,B,2.0,False,True,1.0,True
w001284,training,651_T1_P1_R2,651,1,2,3,651_T1_R2_ex03,4,4680,4920,B,2.0,False,True,1.0,True
w001285,training,651_T1_P1_R2,651,1,2,3,651_T1_R2_ex03,5,4800,5040,B,2.0,False,True,1.0,True
w001286,training,651_T1_P1_R2,651,1,2,3,651_T1_R2_ex03,6,4920,5160,B,2.0,False,True,1.0,True
w001287,training,651_T1_P1_R2,651,1,2,3,651_T1_R2_ex03,7,5040,5280,B,2.0,False,True,1.0,True
w001288,training,651_T1_P1_R2,651,1,2,3,651_T1_R2_ex03,8,5160,5400,B,2.0,False,True,1.0,True
w001289,training,651_T1_P1_R2,651,1,2,3,651_T1_R2_ex03,9,5280,5520,B,2.0,False,True,1.0,True
w001290,training,651_T1_P1_R2,651,1,2,3,651_T1_R2_ex03,10,5400,5640,B,2.0,False,True,1.0,True
w001291,training,651_T1_P1_R2,651,1,2,4,651_T1_R2_ex04,0,6720,6960,B,2.0,False,True,1.0,True
w001292,training,651_T1_P1_R2,651,1,2,4,651_T1_R2_ex04,1,6840,7080,B,2.0,False,True,1.0,True
w001293,training,651_T1_P1_R2,651,1,2,5,651_T1_R2_ex05,0,7320,7560,B,2.0,False,True,1.0,True
w001294,training,651_T1_P1_R2,651,1,2,5,651_T1_R2_ex05,1,7440,7680,B,2.0,False,True,1.0,True
w001295,training,651_T1_P1_R2,651,1,2,6,651_T1_R2_ex06,0,8760,9000,B,2.0,False,True,1.0,True
w001296,training,651_T1_P1_R2,651,1,2,6,651_T1_R2_ex06,1,8880,9120,B,2.0,False,True,1.0,True
w001297,training,651_T1_P1_R2,651,1,2,6,651_T1_R2_ex06,2,9000,9240,B,2.0,False,True,1.0,True
w001298,training,651_T1_P1_R2,651,1,2,6,651_T1_R2_ex06,3,9120,9360,B,2.0,False,True,1.0,True
w001299,training,651_T1_P1_R2,651,1,2,7,651_T1_R2_ex07,0,9600,9840,B,2.0,False,True,1.0,True
w001300,training,651_T1_P1_R2,651,1,2,7,651_T1_R2_ex07,1,9720,9960,B,2.0,False,True,1.0,True
w001301,training,651_T1_P1_R2,651,1,2,7,651_T1_R2_ex07,2,9840,10080,B,2.0,False,True,1.0,True
w001302,training,651_T1_P1_R2,651,1,2,8,651_T1_R2_ex08,0,11280,11520,B,2.0,False,True,1.0,True
w001303,training,651_T1_P1_R2,651,1,2,8,651_T1_R2_ex08,1,11400,11640,B,2.0,False,True,1.0,True
w001304,training,651_T1_P1_R2,651,1,2,8,651_T1_R2_ex08,2,11520,11760,B,2.0,False,True,1.0,True
w001305,training,651_T1_P1_R2,651,1,2,8,651_T1_R2_ex08,3,11640,11880,B,2.0,False,True,1.0,True
w001306,training,651_T1_P1_R2,651,1,2,8,651_T1_R2_ex08,4,11760,12000,B,2.0,False,True,1.0,True
w001307,training,651_T1_P1_R2,651,1,2,8,651_T1_R2_ex08,5,11880,12120,B,2.0,False,True,1.0,True
w001308,training,651_T1_P1_R2,651,1,2,8,651_T1_R2_ex08,6,12000,12240,B,2.0,False,True,1.0,True
w001309,training,651_T1_P1_R2,651,1,2,8,651_T1_R2_ex08,7,12120,12360,B,2.0,False,True,1.0,True
w001310,training,651_T1_P1_R2,651,1,2,8,651_T1_R2_ex08,8,12240,12480,B,2.0,False,True,1.0,True
w001311,training,651_T1_P1_R2,651,1,2,8,651_T1_R2_ex08,9,12360,12600,B,2.0,False,True,1.0,True
w001312,training,651_T1_P1_R2,651,1,2,8,651_T1_R2_ex08,10,12480,12720,B,2.0,False,True,1.0,True
w001313,training,651_T1_P1_R2,651,1,2,8,651_T1_R2_ex08,11,12600,12840,B,2.0,False,True,1.0,True
w001314,training,651_T1_P1_R2,651,1,2,8,651_T1_R2_ex08,12,12720,12960,B,2.0,False,True,1.0,True
w001315,training,651_T1_P1_R2,651,1,2,8,651_T1_R2_ex08,13,12840,13080,B,2.0,False,True,1.0,True
w001316,training,651_T1_P1_R2,651,1,2,8,651_T1_R2_ex08,14,12960,13200,B,2.0,False,True,1.0,True
w001317,training,651_T1_P1_R2,651,1,2,9,651_T1_R2_ex09,0,14040,14280,B,2.0,False,True,1.0,True
w001318,training,651_T1_P1_R2,651,1,2,9,651_T1_R2_ex09,1,14160,14400,B,2.0,False,True,1.0,True
w001319,training,651_T1_P1_R2,651,1,2,9,651_T1_R2_ex09,2,14280,14520,B,2.0,False,True,1.0,True
w001320,training,651_T1_P1_R2,651,1,2,9,651_T1_R2_ex09,3,14400,14640,B,2.0,False,True,1.0,True
w001321,training,651_T1_P1_R2,651,1,2,9,651_T1_R2_ex09,4,14520,14760,B,2.0,False,True,1.0,True
w001322,training,651_T1_P1_R2,651,1,2,9,651_T1_R2_ex09,5,14640,14880,B,2.0,False,True,1.0,True
w001323,training,651_T1_P1_R2,651,1,2,9,651_T1_R2_ex09,6,14760,15000,B,2.0,False,True,1.0,True
w001324,training,651_T1_P1_R2,651,1,2,9,651_T1_R2_ex09,7,14880,15120,B,2.0,False,True,1.0,True
w001325,training,651_T1_P1_R2,651,1,2,10,651_T1_R2_ex10,0,15240,15480,B,2.0,False,True,1.0,True
w001326,training,651_T1_P1_R2,651,1,2,10,651_T1_R2_ex10,1,15360,15600,B,2.0,False,True,1.0,True
w001327,training,651_T1_P1_R2,651,1,2,10,651_T1_R2_ex10,2,15480,15720,B,2.0,False,True,1.0,True
w001328,training,651_T1_P1_R2,651,1,2,10,651_T1_R2_ex10,3,15600,15840,B,2.0,False,True,1.0,True
w001329,training,651_T1_P1_R2,651,1,2,10,651_T1_R2_ex10,4,15720,15960,B,2.0,False,True,1.0,True
w001330,training,651_T1_P1_R2,651,1,2,10,651_T1_R2_ex10,5,15840,16080,B,2.0,False,True,1.0,True
w001331,training,651_T1_P1_R2,651,1,2,10,651_T1_R2_ex10,6,15960,16200,B,2.0,False,True,1.0,True
w001332,training,651_T1_P1_R2,651,1,2,10,651_T1_R2_ex10,7,16080,16320,B,2.0,False,True,1.0,True
w001333,training,651_T1_P1_R2,651,1,2,10,651_T1_R2_ex10,8,16200,16440,B,2.0,False,True,1.0,True
w001334,training,651_T1_P1_R2,651,1,2,10,651_T1_R2_ex10,9,16320,16560,B,2.0,False,True,1.0,True
w001335,training,651_T1_P1_R2,651,1,2,11,651_T1_R2_ex11,0,16680,16920,B,2.0,False,True,1.0,True
w001336,training,651_T1_P1_R2,651,1,2,11,651_T1_R2_ex11,1,16800,17040,B,2.0,False,True,1.0,True
w001337,training,651_T1_P1_R2,651,1,2,11,651_T1_R2_ex11,2,16920,17160,B,2.0,False,True,1.0,True
w001338,training,651_T1_P1_R2,651,1,2,11,651_T1_R2_ex11,3,17040,17280,B,2.0,False,True,1.0,True
w001339,training,651_T1_P1_R2,651,1,2,11,651_T1_R2_ex11,4,17160,17400,B,2.0,False,True,1.0,True
w001340,training,651_T1_P1_R2,651,1,2,11,651_T1_R2_ex11,5,17280,17520,B,2.0,False,True,1.0,True
w001341,training,651_T1_P1_R2,651,1,2,11,651_T1_R2_ex11,6,17400,17640,B,2.0,False,True,1.0,True
w001342,training,651_T1_P1_R2,651,1,2,11,651_T1_R2_ex11,7,17520,17760,B,2.0,False,True,1.0,True
w001343,training,651_T1_P1_R2,651,1,2,11,651_T1_R2_ex11,8,17640,17880,B,2.0,False,True,1.0,True
w001344,training,651_T1_P1_R2,651,1,2,12,651_T1_R2_ex12,0,18000,18240,B,2.0,False,True,1.0,True
w001345,training,651_T1_P1_R2,651,1,2,12,651_T1_R2_ex12,1,18120,18360,B,2.0,False,True,1.0,True
w001346,training,651_T1_P1_R2,651,1,2,12,651_T1_R2_ex12,2,18240,18480,B,2.0,False,True,1.0,True
w001347,training,651_T1_P1_R2,651,1,2,12,651_T1_R2_ex12,3,18360,18600,B,2.0,False,True,1.0,True
w001348,training,651_T1_P1_R2,651,1,2,12,651_T1_R2_ex12,4,18480,18720,B,2.0,False,True,1.0,True
w001349,training,651_T1_P1_R2,651,1,2,12,651_T1_R2_ex12,5,18600,18840,B,2.0,False,True,1.0,True
w001350,early_stop,651_T1_P1_R2,651,1,2,13,651_T1_R2_ex13,0,18960,19200,B,2.0,False,True,1.0,True
w001351,early_stop,651_T1_P1_R2,651,1,2,13,651_T1_R2_ex13,1,19080,19320,B,2.0,False,True,1.0,True
w001352,early_stop,651_T1_P1_R2,651,1,2,13,651_T1_R2_ex13,2,19200,19440,B,2.0,False,True,1.0,True
w001353,early_stop,651_T1_P1_R2,651,1,2,13,651_T1_R2_ex13,3,19320,19560,B,2.0,False,True,1.0,True
w001354,early_stop,651_T1_P1_R2,651,1,2,13,651_T1_R2_ex13,4,19440,19680,B,2.0,False,True,1.0,True
w001355,early_stop,651_T1_P1_R2,651,1,2,13,651_T1_R2_ex13,5,19560,19800,B,2.0,False,True,1.0,True
w001356,early_stop,651_T1_P1_R2,651,1,2,13,651_T1_R2_ex13,6,19680,19920,B,2.0,False,True,1.0,True
w001357,early_stop,651_T1_P1_R2,651,1,2,13,651_T1_R2_ex13,7,19800,20040,B,2.0,False,True,1.0,True
w001358,early_stop,651_T1_P1_R2,651,1,2,13,651_T1_R2_ex13,8,19920,20160,B,2.0,False,True,1.0,True
w001359,early_stop,651_T1_P1_R2,651,1,2,13,651_T1_R2_ex13,9,20040,20280,B,2.0,False,True,1.0,True
w001360,early_stop,651_T1_P1_R2,651,1,2,13,651_T1_R2_ex13,10,20160,20400,B,2.0,False,True,1.0,True
w001361,early_stop,651_T1_P1_R2,651,1,2,13,651_T1_R2_ex13,11,20280,20520,B,2.0,False,True,1.0,True
w001362,early_stop,651_T1_P1_R2,651,1,2,13,651_T1_R2_ex13,12,20400,20640,B,2.0,False,True,1.0,True
w001363,training,651_T1_P1_R2,651,1,2,14,651_T1_R2_ex14,0,21360,21600,B,2.0,False,True,1.0,True
w001364,training,651_T1_P1_R2,651,1,2,14,651_T1_R2_ex14,1,21480,21720,B,2.0,False,True,1.0,True
w001365,training,651_T1_P1_R2,651,1,2,14,651_T1_R2_ex14,2,21600,21840,B,2.0,False,True,1.0,True
w001366,training,651_T1_P1_R2,651,1,2,14,651_T1_R2_ex14,3,21720,21960,B,2.0,False,True,1.0,True
w001367,training,651_T1_P1_R2,651,1,2,14,651_T1_R2_ex14,4,21840,22080,B,2.0,False,True,1.0,True
w001368,training,651_T1_P1_R2,651,1,2,14,651_T1_R2_ex14,5,21960,22200,B,2.0,False,True,1.0,True
w001369,training,651_T1_P1_R2,651,1,2,14,651_T1_R2_ex14,6,22080,22320,B,2.0,False,True,1.0,True
w001370,training,651_T1_P1_R2,651,1,2,14,651_T1_R2_ex14,7,22200,22440,B,2.0,False,True,1.0,True
w001371,training,651_T1_P1_R2,651,1,2,14,651_T1_R2_ex14,8,22320,22560,B,2.0,False,True,1.0,True
w001372,training,651_T1_P1_R2,651,1,2,14,651_T1_R2_ex14,9,22440,22680,B,2.0,False,True,1.0,True
w001373,training,651_T1_P1_R2,651,1,2,14,651_T1_R2_ex14,10,22560,22800,B,2.0,False,True,1.0,True
w001374,training,651_T1_P1_R2,651,1,2,14,651_T1_R2_ex14,11,22680,22920,B,2.0,False,True,1.0,True
w001375,training,651_T1_P1_R2,651,1,2,14,651_T1_R2_ex14,12,22800,23040,B,2.0,False,True,1.0,True
w001376,training,651_T1_P1_R2,651,1,2,14,651_T1_R2_ex14,13,22920,23160,B,2.0,False,True,1.0,True
w001377,early_stop,651_T1_P1_R2,651,1,2,15,651_T1_R2_ex15,0,23520,23760,B,2.0,False,True,1.0,True
w001378,early_stop,651_T1_P1_R2,651,1,2,15,651_T1_R2_ex15,1,23640,23880,B,2.0,False,True,1.0,True
w001379,early_stop,651_T1_P1_R2,651,1,2,15,651_T1_R2_ex15,2,23760,24000,B,2.0,False,True,1.0,True
w001380,early_stop,651_T1_P1_R2,651,1,2,15,651_T1_R2_ex15,3,23880,24120,B,2.0,False,True,1.0,True
w001381,early_stop,651_T1_P1_R2,651,1,2,15,651_T1_R2_ex15,4,24000,24240,B,2.0,False,True,1.0,True
w001382,early_stop,651_T1_P1_R2,651,1,2,15,651_T1_R2_ex15,5,24120,24360,B,2.0,False,True,1.0,True
w001383,early_stop,651_T1_P1_R2,651,1,2,15,651_T1_R2_ex15,6,24240,24480,B,2.0,False,True,1.0,True
w001384,early_stop,651_T1_P1_R2,651,1,2,15,651_T1_R2_ex15,7,24360,24600,B,2.0,False,True,1.0,True
w001385,early_stop,651_T1_P1_R2,651,1,2,15,651_T1_R2_ex15,8,24480,24720,B,2.0,False,True,1.0,True
w001386,early_stop,651_T1_P1_R2,651,1,2,15,651_T1_R2_ex15,9,24600,24840,B,2.0,False,True,1.0,True
w001387,early_stop,651_T1_P1_R2,651,1,2,15,651_T1_R2_ex15,10,24720,24960,B,2.0,False,True,1.0,True
w001388,early_stop,651_T1_P1_R2,651,1,2,15,651_T1_R2_ex15,11,24840,25080,B,2.0,False,True,1.0,True
w001389,early_stop,651_T1_P1_R2,651,1,2,15,651_T1_R2_ex15,12,24960,25200,B,2.0,False,True,1.0,True
w001390,early_stop,651_T1_P1_R2,651,1,2,15,651_T1_R2_ex15,13,25080,25320,B,2.0,False,True,1.0,True
w001391,training,671_T1_P1_R2,671,1,2,1,671_T1_R2_ex01,0,720,960,B,2.0,False,True,1.0,True
w001392,training,671_T1_P1_R2,671,1,2,1,671_T1_R2_ex01,1,840,1080,B,2.0,False,True,1.0,True
w001393,training,671_T1_P1_R2,671,1,2,1,671_T1_R2_ex01,2,960,1200,B,2.0,False,True,1.0,True
w001394,training,671_T1_P1_R2,671,1,2,1,671_T1_R2_ex01,3,1080,1320,B,2.0,False,True,1.0,True
w001395,training,671_T1_P1_R2,671,1,2,1,671_T1_R2_ex01,4,1200,1440,B,2.0,False,True,1.0,True
w001396,training,671_T1_P1_R2,671,1,2,1,671_T1_R2_ex01,5,1320,1560,B,2.0,False,True,1.0,True
w001397,training,671_T1_P1_R2,671,1,2,2,671_T1_R2_ex02,0,2400,2640,B,2.0,False,True,1.0,True
w001398,training,671_T1_P1_R2,671,1,2,2,671_T1_R2_ex02,1,2520,2760,B,2.0,False,True,1.0,True
w001399,training,671_T1_P1_R2,671,1,2,2,671_T1_R2_ex02,2,2640,2880,B,2.0,False,True,1.0,True
w001400,training,671_T1_P1_R2,671,1,2,2,671_T1_R2_ex02,3,2760,3000,B,2.0,False,True,1.0,True
w001401,training,671_T1_P1_R2,671,1,2,2,671_T1_R2_ex02,4,2880,3120,B,2.0,False,True,1.0,True
w001402,training,671_T1_P1_R2,671,1,2,2,671_T1_R2_ex02,5,3000,3240,B,2.0,False,True,1.0,True
w001403,training,671_T1_P1_R2,671,1,2,2,671_T1_R2_ex02,6,3120,3360,B,2.0,False,True,1.0,True
w001404,training,671_T1_P1_R2,671,1,2,2,671_T1_R2_ex02,7,3240,3480,B,2.0,False,True,1.0,True
w001405,training,671_T1_P1_R2,671,1,2,2,671_T1_R2_ex02,8,3360,3600,B,2.0,False,True,1.0,True
w001406,training,671_T1_P1_R2,671,1,2,2,671_T1_R2_ex02,9,3480,3720,B,2.0,False,True,1.0,True
w001407,training,671_T1_P1_R2,671,1,2,3,671_T1_R2_ex03,0,4320,4560,B,2.0,False,True,1.0,True
w001408,training,671_T1_P1_R2,671,1,2,3,671_T1_R2_ex03,1,4440,4680,B,2.0,False,True,1.0,True
w001409,training,671_T1_P1_R2,671,1,2,3,671_T1_R2_ex03,2,4560,4800,B,2.0,False,True,1.0,True
w001410,training,671_T1_P1_R2,671,1,2,3,671_T1_R2_ex03,3,4680,4920,B,2.0,False,True,1.0,True
w001411,training,671_T1_P1_R2,671,1,2,3,671_T1_R2_ex03,4,4800,5040,B,2.0,False,True,1.0,True
w001412,training,671_T1_P1_R2,671,1,2,3,671_T1_R2_ex03,5,4920,5160,B,2.0,False,True,1.0,True
w001413,training,671_T1_P1_R2,671,1,2,3,671_T1_R2_ex03,6,5040,5280,B,2.0,False,True,1.0,True
w001414,training,671_T1_P1_R2,671,1,2,3,671_T1_R2_ex03,7,5160,5400,B,2.0,False,True,1.0,True
w001415,training,671_T1_P1_R2,671,1,2,3,671_T1_R2_ex03,8,5280,5520,B,2.0,False,True,1.0,True
w001416,training,671_T1_P1_R2,671,1,2,3,671_T1_R2_ex03,9,5400,5640,B,2.0,False,True,1.0,True
w001417,training,671_T1_P1_R2,671,1,2,3,671_T1_R2_ex03,10,5520,5760,B,2.0,False,True,1.0,True
w001418,early_stop,671_T1_P1_R2,671,1,2,4,671_T1_R2_ex04,0,6840,7080,B,2.0,False,True,1.0,True
w001419,training,671_T1_P1_R2,671,1,2,5,671_T1_R2_ex05,0,7320,7560,B,2.0,False,True,1.0,True
w001420,training,671_T1_P1_R2,671,1,2,5,671_T1_R2_ex05,1,7440,7680,B,2.0,False,True,1.0,True
w001421,early_stop,671_T1_P1_R2,671,1,2,6,671_T1_R2_ex06,0,8760,9000,B,2.0,False,True,1.0,True
w001422,early_stop,671_T1_P1_R2,671,1,2,6,671_T1_R2_ex06,1,8880,9120,B,2.0,False,True,1.0,True
w001423,early_stop,671_T1_P1_R2,671,1,2,6,671_T1_R2_ex06,2,9000,9240,B,2.0,False,True,1.0,True
w001424,early_stop,671_T1_P1_R2,671,1,2,6,671_T1_R2_ex06,3,9120,9360,B,2.0,False,True,1.0,True
w001425,early_stop,671_T1_P1_R2,671,1,2,6,671_T1_R2_ex06,4,9240,9480,B,2.0,False,True,1.0,True
w001426,early_stop,671_T1_P1_R2,671,1,2,7,671_T1_R2_ex07,0,9600,9840,B,2.0,False,True,1.0,True
w001427,early_stop,671_T1_P1_R2,671,1,2,7,671_T1_R2_ex07,1,9720,9960,B,2.0,False,True,1.0,True
w001428,early_stop,671_T1_P1_R2,671,1,2,7,671_T1_R2_ex07,2,9840,10080,B,2.0,False,True,1.0,True
w001429,early_stop,671_T1_P1_R2,671,1,2,7,671_T1_R2_ex07,3,9960,10200,B,2.0,False,True,1.0,True
w001430,early_stop,671_T1_P1_R2,671,1,2,7,671_T1_R2_ex07,4,10080,10320,B,2.0,False,True,1.0,True
w001431,early_stop,671_T1_P1_R2,671,1,2,7,671_T1_R2_ex07,5,10200,10440,B,2.0,False,True,1.0,True
w001432,training,671_T1_P1_R2,671,1,2,8,671_T1_R2_ex08,0,11400,11640,B,2.0,False,True,1.0,True
w001433,training,671_T1_P1_R2,671,1,2,8,671_T1_R2_ex08,1,11520,11760,B,2.0,False,True,1.0,True
w001434,training,671_T1_P1_R2,671,1,2,8,671_T1_R2_ex08,2,11640,11880,B,2.0,False,True,1.0,True
w001435,training,671_T1_P1_R2,671,1,2,8,671_T1_R2_ex08,3,11760,12000,B,2.0,False,True,1.0,True
w001436,training,671_T1_P1_R2,671,1,2,8,671_T1_R2_ex08,4,11880,12120,B,2.0,False,True,1.0,True
w001437,training,671_T1_P1_R2,671,1,2,8,671_T1_R2_ex08,5,12000,12240,B,2.0,False,True,1.0,True
w001438,training,671_T1_P1_R2,671,1,2,8,671_T1_R2_ex08,6,12120,12360,B,2.0,False,True,1.0,True
w001439,training,671_T1_P1_R2,671,1,2,8,671_T1_R2_ex08,7,12240,12480,B,2.0,False,True,1.0,True
w001440,training,671_T1_P1_R2,671,1,2,8,671_T1_R2_ex08,8,12360,12600,B,2.0,False,True,1.0,True
w001441,training,671_T1_P1_R2,671,1,2,8,671_T1_R2_ex08,9,12480,12720,B,2.0,False,True,1.0,True
w001442,training,671_T1_P1_R2,671,1,2,8,671_T1_R2_ex08,10,12600,12840,B,2.0,False,True,1.0,True
w001443,training,671_T1_P1_R2,671,1,2,8,671_T1_R2_ex08,11,12720,12960,B,2.0,False,True,1.0,True
w001444,training,671_T1_P1_R2,671,1,2,8,671_T1_R2_ex08,12,12840,13080,B,2.0,False,True,1.0,True
w001445,training,671_T1_P1_R2,671,1,2,8,671_T1_R2_ex08,13,12960,13200,B,2.0,False,True,1.0,True
w001446,training,671_T1_P1_R2,671,1,2,8,671_T1_R2_ex08,14,13080,13320,B,2.0,False,True,1.0,True
w001447,training,671_T1_P1_R2,671,1,2,9,671_T1_R2_ex09,0,14040,14280,B,2.0,False,True,1.0,True
w001448,training,671_T1_P1_R2,671,1,2,9,671_T1_R2_ex09,1,14160,14400,B,2.0,False,True,1.0,True
w001449,training,671_T1_P1_R2,671,1,2,9,671_T1_R2_ex09,2,14280,14520,B,2.0,False,True,1.0,True
w001450,training,671_T1_P1_R2,671,1,2,9,671_T1_R2_ex09,3,14400,14640,B,2.0,False,True,1.0,True
w001451,training,671_T1_P1_R2,671,1,2,9,671_T1_R2_ex09,4,14520,14760,B,2.0,False,True,1.0,True
w001452,training,671_T1_P1_R2,671,1,2,9,671_T1_R2_ex09,5,14640,14880,B,2.0,False,True,1.0,True
w001453,training,671_T1_P1_R2,671,1,2,9,671_T1_R2_ex09,6,14760,15000,B,2.0,False,True,1.0,True
w001454,training,671_T1_P1_R2,671,1,2,9,671_T1_R2_ex09,7,14880,15120,B,2.0,False,True,1.0,True
w001455,training,671_T1_P1_R2,671,1,2,10,671_T1_R2_ex10,0,15240,15480,B,2.0,False,True,1.0,True
w001456,training,671_T1_P1_R2,671,1,2,10,671_T1_R2_ex10,1,15360,15600,B,2.0,False,True,1.0,True
w001457,training,671_T1_P1_R2,671,1,2,10,671_T1_R2_ex10,2,15480,15720,B,2.0,False,True,1.0,True
w001458,training,671_T1_P1_R2,671,1,2,10,671_T1_R2_ex10,3,15600,15840,B,2.0,False,True,1.0,True
w001459,training,671_T1_P1_R2,671,1,2,10,671_T1_R2_ex10,4,15720,15960,B,2.0,False,True,1.0,True
w001460,training,671_T1_P1_R2,671,1,2,10,671_T1_R2_ex10,5,15840,16080,B,2.0,False,True,1.0,True
w001461,training,671_T1_P1_R2,671,1,2,10,671_T1_R2_ex10,6,15960,16200,B,2.0,False,True,1.0,True
w001462,training,671_T1_P1_R2,671,1,2,10,671_T1_R2_ex10,7,16080,16320,B,2.0,False,True,1.0,True
w001463,training,671_T1_P1_R2,671,1,2,10,671_T1_R2_ex10,8,16200,16440,B,2.0,False,True,1.0,True
w001464,training,671_T1_P1_R2,671,1,2,10,671_T1_R2_ex10,9,16320,16560,B,2.0,False,True,1.0,True
w001465,training,671_T1_P1_R2,671,1,2,11,671_T1_R2_ex11,0,16680,16920,B,2.0,False,True,1.0,True
w001466,training,671_T1_P1_R2,671,1,2,11,671_T1_R2_ex11,1,16800,17040,B,2.0,False,True,1.0,True
w001467,training,671_T1_P1_R2,671,1,2,11,671_T1_R2_ex11,2,16920,17160,B,2.0,False,True,1.0,True
w001468,training,671_T1_P1_R2,671,1,2,11,671_T1_R2_ex11,3,17040,17280,B,2.0,False,True,1.0,True
w001469,training,671_T1_P1_R2,671,1,2,11,671_T1_R2_ex11,4,17160,17400,B,2.0,False,True,1.0,True
w001470,training,671_T1_P1_R2,671,1,2,11,671_T1_R2_ex11,5,17280,17520,B,2.0,False,True,1.0,True
w001471,training,671_T1_P1_R2,671,1,2,11,671_T1_R2_ex11,6,17400,17640,B,2.0,False,True,1.0,True
w001472,training,671_T1_P1_R2,671,1,2,11,671_T1_R2_ex11,7,17520,17760,B,2.0,False,True,1.0,True
w001473,training,671_T1_P1_R2,671,1,2,11,671_T1_R2_ex11,8,17640,17880,B,2.0,False,True,1.0,True
w001474,training,671_T1_P1_R2,671,1,2,11,671_T1_R2_ex11,9,17760,18000,B,2.0,False,True,1.0,True
w001475,training,671_T1_P1_R2,671,1,2,12,671_T1_R2_ex12,0,18120,18360,B,2.0,False,True,1.0,True
w001476,training,671_T1_P1_R2,671,1,2,12,671_T1_R2_ex12,1,18240,18480,B,2.0,False,True,1.0,True
w001477,training,671_T1_P1_R2,671,1,2,12,671_T1_R2_ex12,2,18360,18600,B,2.0,False,True,1.0,True
w001478,training,671_T1_P1_R2,671,1,2,12,671_T1_R2_ex12,3,18480,18720,B,2.0,False,True,1.0,True
w001479,training,671_T1_P1_R2,671,1,2,12,671_T1_R2_ex12,4,18600,18840,B,2.0,False,True,1.0,True
w001480,training,671_T1_P1_R2,671,1,2,12,671_T1_R2_ex12,5,18720,18960,B,2.0,False,True,1.0,True
w001481,training,671_T1_P1_R2,671,1,2,12,671_T1_R2_ex12,6,18840,19080,B,2.0,False,True,1.0,True
w001482,training,671_T1_P1_R2,671,1,2,12,671_T1_R2_ex12,7,18960,19200,B,2.0,False,True,1.0,True
w001483,training,671_T1_P1_R2,671,1,2,13,671_T1_R2_ex13,0,19320,19560,B,2.0,False,True,1.0,True
w001484,training,671_T1_P1_R2,671,1,2,13,671_T1_R2_ex13,1,19440,19680,B,2.0,False,True,1.0,True
w001485,training,671_T1_P1_R2,671,1,2,13,671_T1_R2_ex13,2,19560,19800,B,2.0,False,True,1.0,True
w001486,training,671_T1_P1_R2,671,1,2,13,671_T1_R2_ex13,3,19680,19920,B,2.0,False,True,1.0,True
w001487,training,671_T1_P1_R2,671,1,2,13,671_T1_R2_ex13,4,19800,20040,B,2.0,False,True,1.0,True
w001488,training,671_T1_P1_R2,671,1,2,13,671_T1_R2_ex13,5,19920,20160,B,2.0,False,True,1.0,True
w001489,training,671_T1_P1_R2,671,1,2,13,671_T1_R2_ex13,6,20040,20280,B,2.0,False,True,1.0,True
w001490,training,671_T1_P1_R2,671,1,2,13,671_T1_R2_ex13,7,20160,20400,B,2.0,False,True,1.0,True
w001491,training,671_T1_P1_R2,671,1,2,13,671_T1_R2_ex13,8,20280,20520,B,2.0,False,True,1.0,True
w001492,training,671_T1_P1_R2,671,1,2,13,671_T1_R2_ex13,9,20400,20640,B,2.0,False,True,1.0,True
w001493,training,671_T1_P1_R2,671,1,2,13,671_T1_R2_ex13,10,20520,20760,B,2.0,False,True,1.0,True
w001494,training,671_T1_P1_R2,671,1,2,13,671_T1_R2_ex13,11,20640,20880,B,2.0,False,True,1.0,True
w001495,training,671_T1_P1_R2,671,1,2,14,671_T1_R2_ex14,0,21360,21600,B,2.0,False,True,1.0,True
w001496,training,671_T1_P1_R2,671,1,2,14,671_T1_R2_ex14,1,21480,21720,B,2.0,False,True,1.0,True
w001497,training,671_T1_P1_R2,671,1,2,14,671_T1_R2_ex14,2,21600,21840,B,2.0,False,True,1.0,True
w001498,training,671_T1_P1_R2,671,1,2,14,671_T1_R2_ex14,3,21720,21960,B,2.0,False,True,1.0,True
w001499,training,671_T1_P1_R2,671,1,2,14,671_T1_R2_ex14,4,21840,22080,B,2.0,False,True,1.0,True
w001500,training,671_T1_P1_R2,671,1,2,14,671_T1_R2_ex14,5,21960,22200,B,2.0,False,True,1.0,True
w001501,training,671_T1_P1_R2,671,1,2,14,671_T1_R2_ex14,6,22080,22320,B,2.0,False,True,1.0,True
w001502,training,671_T1_P1_R2,671,1,2,14,671_T1_R2_ex14,7,22200,22440,B,2.0,False,True,1.0,True
w001503,training,671_T1_P1_R2,671,1,2,14,671_T1_R2_ex14,8,22320,22560,B,2.0,False,True,1.0,True
w001504,training,671_T1_P1_R2,671,1,2,14,671_T1_R2_ex14,9,22440,22680,B,2.0,False,True,1.0,True
w001505,training,671_T1_P1_R2,671,1,2,14,671_T1_R2_ex14,10,22560,22800,B,2.0,False,True,1.0,True
w001506,training,671_T1_P1_R2,671,1,2,14,671_T1_R2_ex14,11,22680,22920,B,2.0,False,True,1.0,True
w001507,training,671_T1_P1_R2,671,1,2,14,671_T1_R2_ex14,12,22800,23040,B,2.0,False,True,1.0,True
w001508,training,671_T1_P1_R2,671,1,2,14,671_T1_R2_ex14,13,22920,23160,B,2.0,False,True,1.0,True
w001509,training,671_T1_P1_R2,671,1,2,15,671_T1_R2_ex15,0,23520,23760,B,2.0,False,True,1.0,True
w001510,training,671_T1_P1_R2,671,1,2,15,671_T1_R2_ex15,1,23640,23880,B,2.0,False,True,1.0,True
w001511,training,671_T1_P1_R2,671,1,2,15,671_T1_R2_ex15,2,23760,24000,B,2.0,False,True,1.0,True
w001512,training,671_T1_P1_R2,671,1,2,15,671_T1_R2_ex15,3,23880,24120,B,2.0,False,True,1.0,True
w001513,training,671_T1_P1_R2,671,1,2,15,671_T1_R2_ex15,4,24000,24240,B,2.0,False,True,1.0,True
w001514,training,671_T1_P1_R2,671,1,2,15,671_T1_R2_ex15,5,24120,24360,B,2.0,False,True,1.0,True
w001515,training,671_T1_P1_R2,671,1,2,15,671_T1_R2_ex15,6,24240,24480,B,2.0,False,True,1.0,True
w001516,training,671_T1_P1_R2,671,1,2,15,671_T1_R2_ex15,7,24360,24600,B,2.0,False,True,1.0,True
w001517,training,671_T1_P1_R2,671,1,2,15,671_T1_R2_ex15,8,24480,24720,B,2.0,False,True,1.0,True
w001518,training,671_T1_P1_R2,671,1,2,15,671_T1_R2_ex15,9,24600,24840,B,2.0,False,True,1.0,True
w001519,training,671_T1_P1_R2,671,1,2,15,671_T1_R2_ex15,10,24720,24960,B,2.0,False,True,1.0,True
w001520,training,671_T1_P1_R2,671,1,2,15,671_T1_R2_ex15,11,24840,25080,B,2.0,False,True,1.0,True
w001521,training,671_T1_P1_R2,671,1,2,15,671_T1_R2_ex15,12,24960,25200,B,2.0,False,True,1.0,True
w001522,training,671_T1_P1_R2,671,1,2,15,671_T1_R2_ex15,13,25080,25320,B,2.0,False,True,1.0,True
w001523,training,671_T1_P1_R2,671,1,2,15,671_T1_R2_ex15,14,25200,25440,B,2.0,False,True,1.0,True
w001524,training,671_T1_P1_R2,671,1,2,15,671_T1_R2_ex15,15,25320,25560,B,2.0,False,True,1.0,True
w001525,training,790_T1_P1_R2,790,1,2,1,790_T1_R2_ex01,0,1680,1920,B,2.0,False,True,1.0,True
w001526,training,790_T1_P1_R2,790,1,2,1,790_T1_R2_ex01,1,1800,2040,B,2.0,False,True,1.0,True
w001527,training,790_T1_P1_R2,790,1,2,1,790_T1_R2_ex01,2,1920,2160,B,2.0,False,True,1.0,True
w001528,training,790_T1_P1_R2,790,1,2,1,790_T1_R2_ex01,3,2040,2280,B,2.0,False,True,1.0,True
w001529,training,790_T1_P1_R2,790,1,2,1,790_T1_R2_ex01,4,2160,2400,B,2.0,False,True,1.0,True
w001530,training,790_T1_P1_R2,790,1,2,1,790_T1_R2_ex01,5,2280,2520,B,2.0,False,True,1.0,True
w001531,training,790_T1_P1_R2,790,1,2,2,790_T1_R2_ex02,0,3360,3600,B,2.0,False,True,1.0,True
w001532,training,790_T1_P1_R2,790,1,2,2,790_T1_R2_ex02,1,3480,3720,B,2.0,False,True,1.0,True
w001533,training,790_T1_P1_R2,790,1,2,2,790_T1_R2_ex02,2,3600,3840,B,2.0,False,True,1.0,True
w001534,training,790_T1_P1_R2,790,1,2,2,790_T1_R2_ex02,3,3720,3960,B,2.0,False,True,1.0,True
w001535,training,790_T1_P1_R2,790,1,2,2,790_T1_R2_ex02,4,3840,4080,B,2.0,False,True,1.0,True
w001536,training,790_T1_P1_R2,790,1,2,2,790_T1_R2_ex02,5,3960,4200,B,2.0,False,True,1.0,True
w001537,training,790_T1_P1_R2,790,1,2,2,790_T1_R2_ex02,6,4080,4320,B,2.0,False,True,1.0,True
w001538,training,790_T1_P1_R2,790,1,2,2,790_T1_R2_ex02,7,4200,4440,B,2.0,False,True,1.0,True
w001539,training,790_T1_P1_R2,790,1,2,3,790_T1_R2_ex03,0,5160,5400,B,2.0,False,True,1.0,True
w001540,training,790_T1_P1_R2,790,1,2,3,790_T1_R2_ex03,1,5280,5520,B,2.0,False,True,1.0,True
w001541,training,790_T1_P1_R2,790,1,2,3,790_T1_R2_ex03,2,5400,5640,B,2.0,False,True,1.0,True
w001542,training,790_T1_P1_R2,790,1,2,3,790_T1_R2_ex03,3,5520,5760,B,2.0,False,True,1.0,True
w001543,training,790_T1_P1_R2,790,1,2,3,790_T1_R2_ex03,4,5640,5880,B,2.0,False,True,1.0,True
w001544,training,790_T1_P1_R2,790,1,2,3,790_T1_R2_ex03,5,5760,6000,B,2.0,False,True,1.0,True
w001545,training,790_T1_P1_R2,790,1,2,3,790_T1_R2_ex03,6,5880,6120,B,2.0,False,True,1.0,True
w001546,training,790_T1_P1_R2,790,1,2,3,790_T1_R2_ex03,7,6000,6240,B,2.0,False,True,1.0,True
w001547,training,790_T1_P1_R2,790,1,2,3,790_T1_R2_ex03,8,6120,6360,B,2.0,False,True,1.0,True
w001548,training,790_T1_P1_R2,790,1,2,3,790_T1_R2_ex03,9,6240,6480,B,2.0,False,True,1.0,True
w001549,training,790_T1_P1_R2,790,1,2,3,790_T1_R2_ex03,10,6360,6600,B,2.0,False,True,1.0,True
w001550,training,790_T1_P1_R2,790,1,2,4,790_T1_R2_ex04,0,7800,8040,B,2.0,False,True,1.0,True
w001551,training,790_T1_P1_R2,790,1,2,4,790_T1_R2_ex04,1,7920,8160,B,2.0,False,True,1.0,True
w001552,training,790_T1_P1_R2,790,1,2,4,790_T1_R2_ex04,2,8040,8280,B,2.0,False,True,1.0,True
w001553,training,790_T1_P1_R2,790,1,2,5,790_T1_R2_ex05,0,8400,8640,B,2.0,False,True,1.0,True
w001554,training,790_T1_P1_R2,790,1,2,5,790_T1_R2_ex05,1,8520,8760,B,2.0,False,True,1.0,True
w001555,training,790_T1_P1_R2,790,1,2,5,790_T1_R2_ex05,2,8640,8880,B,2.0,False,True,1.0,True
w001556,early_stop,790_T1_P1_R2,790,1,2,6,790_T1_R2_ex06,0,9600,9840,B,2.0,False,True,1.0,True
w001557,early_stop,790_T1_P1_R2,790,1,2,6,790_T1_R2_ex06,1,9720,9960,B,2.0,False,True,1.0,True
w001558,early_stop,790_T1_P1_R2,790,1,2,6,790_T1_R2_ex06,2,9840,10080,B,2.0,False,True,1.0,True
w001559,early_stop,790_T1_P1_R2,790,1,2,6,790_T1_R2_ex06,3,9960,10200,B,2.0,False,True,1.0,True
w001560,early_stop,790_T1_P1_R2,790,1,2,6,790_T1_R2_ex06,4,10080,10320,B,2.0,False,True,1.0,True
w001561,training,790_T1_P1_R2,790,1,2,7,790_T1_R2_ex07,0,10680,10920,B,2.0,False,True,1.0,True
w001562,training,790_T1_P1_R2,790,1,2,7,790_T1_R2_ex07,1,10800,11040,B,2.0,False,True,1.0,True
w001563,training,790_T1_P1_R2,790,1,2,7,790_T1_R2_ex07,2,10920,11160,B,2.0,False,True,1.0,True
w001564,training,790_T1_P1_R2,790,1,2,7,790_T1_R2_ex07,3,11040,11280,B,2.0,False,True,1.0,True
w001565,training,790_T1_P1_R2,790,1,2,8,790_T1_R2_ex08,0,12480,12720,B,2.0,False,True,1.0,True
w001566,training,790_T1_P1_R2,790,1,2,8,790_T1_R2_ex08,1,12600,12840,B,2.0,False,True,1.0,True
w001567,training,790_T1_P1_R2,790,1,2,8,790_T1_R2_ex08,2,12720,12960,B,2.0,False,True,1.0,True
w001568,training,790_T1_P1_R2,790,1,2,8,790_T1_R2_ex08,3,12840,13080,B,2.0,False,True,1.0,True
w001569,training,790_T1_P1_R2,790,1,2,8,790_T1_R2_ex08,4,12960,13200,B,2.0,False,True,1.0,True
w001570,training,790_T1_P1_R2,790,1,2,8,790_T1_R2_ex08,5,13080,13320,B,2.0,False,True,1.0,True
w001571,training,790_T1_P1_R2,790,1,2,8,790_T1_R2_ex08,6,13200,13440,B,2.0,False,True,1.0,True
w001572,training,790_T1_P1_R2,790,1,2,8,790_T1_R2_ex08,7,13320,13560,B,2.0,False,True,1.0,True
w001573,training,790_T1_P1_R2,790,1,2,8,790_T1_R2_ex08,8,13440,13680,B,2.0,False,True,1.0,True
w001574,training,790_T1_P1_R2,790,1,2,8,790_T1_R2_ex08,9,13560,13800,B,2.0,False,True,1.0,True
w001575,training,790_T1_P1_R2,790,1,2,8,790_T1_R2_ex08,10,13680,13920,B,2.0,False,True,1.0,True
w001576,training,790_T1_P1_R2,790,1,2,8,790_T1_R2_ex08,11,13800,14040,B,2.0,False,True,1.0,True
w001577,training,790_T1_P1_R2,790,1,2,8,790_T1_R2_ex08,12,13920,14160,B,2.0,False,True,1.0,True
w001578,training,790_T1_P1_R2,790,1,2,8,790_T1_R2_ex08,13,14040,14280,B,2.0,False,True,1.0,True
w001579,early_stop,790_T1_P1_R2,790,1,2,9,790_T1_R2_ex09,0,15000,15240,B,2.0,False,True,1.0,True
w001580,early_stop,790_T1_P1_R2,790,1,2,9,790_T1_R2_ex09,1,15120,15360,B,2.0,False,True,1.0,True
w001581,early_stop,790_T1_P1_R2,790,1,2,9,790_T1_R2_ex09,2,15240,15480,B,2.0,False,True,1.0,True
w001582,early_stop,790_T1_P1_R2,790,1,2,9,790_T1_R2_ex09,3,15360,15600,B,2.0,False,True,1.0,True
w001583,early_stop,790_T1_P1_R2,790,1,2,9,790_T1_R2_ex09,4,15480,15720,B,2.0,False,True,1.0,True
w001584,early_stop,790_T1_P1_R2,790,1,2,9,790_T1_R2_ex09,5,15600,15840,B,2.0,False,True,1.0,True
w001585,early_stop,790_T1_P1_R2,790,1,2,9,790_T1_R2_ex09,6,15720,15960,B,2.0,False,True,1.0,True
w001586,training,790_T1_P1_R2,790,1,2,10,790_T1_R2_ex10,0,16080,16320,B,2.0,False,True,1.0,True
w001587,training,790_T1_P1_R2,790,1,2,10,790_T1_R2_ex10,1,16200,16440,B,2.0,False,True,1.0,True
w001588,training,790_T1_P1_R2,790,1,2,10,790_T1_R2_ex10,2,16320,16560,B,2.0,False,True,1.0,True
w001589,training,790_T1_P1_R2,790,1,2,10,790_T1_R2_ex10,3,16440,16680,B,2.0,False,True,1.0,True
w001590,training,790_T1_P1_R2,790,1,2,10,790_T1_R2_ex10,4,16560,16800,B,2.0,False,True,1.0,True
w001591,training,790_T1_P1_R2,790,1,2,10,790_T1_R2_ex10,5,16680,16920,B,2.0,False,True,1.0,True
w001592,training,790_T1_P1_R2,790,1,2,10,790_T1_R2_ex10,6,16800,17040,B,2.0,False,True,1.0,True
w001593,training,790_T1_P1_R2,790,1,2,10,790_T1_R2_ex10,7,16920,17160,B,2.0,False,True,1.0,True
w001594,training,790_T1_P1_R2,790,1,2,10,790_T1_R2_ex10,8,17040,17280,B,2.0,False,True,1.0,True
w001595,training,790_T1_P1_R2,790,1,2,10,790_T1_R2_ex10,9,17160,17400,B,2.0,False,True,1.0,True
w001596,training,790_T1_P1_R2,790,1,2,11,790_T1_R2_ex11,0,17520,17760,B,2.0,False,True,1.0,True
w001597,training,790_T1_P1_R2,790,1,2,11,790_T1_R2_ex11,1,17640,17880,B,2.0,False,True,1.0,True
w001598,training,790_T1_P1_R2,790,1,2,11,790_T1_R2_ex11,2,17760,18000,B,2.0,False,True,1.0,True
w001599,training,790_T1_P1_R2,790,1,2,11,790_T1_R2_ex11,3,17880,18120,B,2.0,False,True,1.0,True
w001600,training,790_T1_P1_R2,790,1,2,11,790_T1_R2_ex11,4,18000,18240,B,2.0,False,True,1.0,True
w001601,training,790_T1_P1_R2,790,1,2,11,790_T1_R2_ex11,5,18120,18360,B,2.0,False,True,1.0,True
w001602,training,790_T1_P1_R2,790,1,2,11,790_T1_R2_ex11,6,18240,18480,B,2.0,False,True,1.0,True
w001603,training,790_T1_P1_R2,790,1,2,11,790_T1_R2_ex11,7,18360,18600,B,2.0,False,True,1.0,True
w001604,training,790_T1_P1_R2,790,1,2,11,790_T1_R2_ex11,8,18480,18720,B,2.0,False,True,1.0,True
w001605,training,790_T1_P1_R2,790,1,2,11,790_T1_R2_ex11,9,18600,18840,B,2.0,False,True,1.0,True
w001606,early_stop,790_T1_P1_R2,790,1,2,12,790_T1_R2_ex12,0,18960,19200,B,2.0,False,True,1.0,True
w001607,early_stop,790_T1_P1_R2,790,1,2,12,790_T1_R2_ex12,1,19080,19320,B,2.0,False,True,1.0,True
w001608,early_stop,790_T1_P1_R2,790,1,2,12,790_T1_R2_ex12,2,19200,19440,B,2.0,False,True,1.0,True
w001609,early_stop,790_T1_P1_R2,790,1,2,12,790_T1_R2_ex12,3,19320,19560,B,2.0,False,True,1.0,True
w001610,early_stop,790_T1_P1_R2,790,1,2,12,790_T1_R2_ex12,4,19440,19680,B,2.0,False,True,1.0,True
w001611,early_stop,790_T1_P1_R2,790,1,2,12,790_T1_R2_ex12,5,19560,19800,B,2.0,False,True,1.0,True
w001612,early_stop,790_T1_P1_R2,790,1,2,12,790_T1_R2_ex12,6,19680,19920,B,2.0,False,True,1.0,True
w001613,early_stop,790_T1_P1_R2,790,1,2,12,790_T1_R2_ex12,7,19800,20040,B,2.0,False,True,1.0,True
w001614,early_stop,790_T1_P1_R2,790,1,2,12,790_T1_R2_ex12,8,19920,20160,B,2.0,False,True,1.0,True
w001615,training,790_T1_P1_R2,790,1,2,13,790_T1_R2_ex13,0,20280,20520,B,2.0,False,True,1.0,True
w001616,training,790_T1_P1_R2,790,1,2,13,790_T1_R2_ex13,1,20400,20640,B,2.0,False,True,1.0,True
w001617,training,790_T1_P1_R2,790,1,2,13,790_T1_R2_ex13,2,20520,20760,B,2.0,False,True,1.0,True
w001618,training,790_T1_P1_R2,790,1,2,13,790_T1_R2_ex13,3,20640,20880,B,2.0,False,True,1.0,True
w001619,training,790_T1_P1_R2,790,1,2,13,790_T1_R2_ex13,4,20760,21000,B,2.0,False,True,1.0,True
w001620,training,790_T1_P1_R2,790,1,2,13,790_T1_R2_ex13,5,20880,21120,B,2.0,False,True,1.0,True
w001621,training,790_T1_P1_R2,790,1,2,13,790_T1_R2_ex13,6,21000,21240,B,2.0,False,True,1.0,True
w001622,training,790_T1_P1_R2,790,1,2,13,790_T1_R2_ex13,7,21120,21360,B,2.0,False,True,1.0,True
w001623,training,790_T1_P1_R2,790,1,2,13,790_T1_R2_ex13,8,21240,21480,B,2.0,False,True,1.0,True
w001624,training,790_T1_P1_R2,790,1,2,13,790_T1_R2_ex13,9,21360,21600,B,2.0,False,True,1.0,True
w001625,training,790_T1_P1_R2,790,1,2,13,790_T1_R2_ex13,10,21480,21720,B,2.0,False,True,1.0,True
w001626,training,790_T1_P1_R2,790,1,2,13,790_T1_R2_ex13,11,21600,21840,B,2.0,False,True,1.0,True
w001627,training,790_T1_P1_R2,790,1,2,13,790_T1_R2_ex13,12,21720,21960,B,2.0,False,True,1.0,True
w001628,training,790_T1_P1_R2,790,1,2,13,790_T1_R2_ex13,13,21840,22080,B,2.0,False,True,1.0,True
w001629,training,790_T1_P1_R2,790,1,2,14,790_T1_R2_ex14,0,22560,22800,B,2.0,False,True,1.0,True
w001630,training,790_T1_P1_R2,790,1,2,14,790_T1_R2_ex14,1,22680,22920,B,2.0,False,True,1.0,True
w001631,training,790_T1_P1_R2,790,1,2,14,790_T1_R2_ex14,2,22800,23040,B,2.0,False,True,1.0,True
w001632,training,790_T1_P1_R2,790,1,2,14,790_T1_R2_ex14,3,22920,23160,B,2.0,False,True,1.0,True
w001633,training,790_T1_P1_R2,790,1,2,14,790_T1_R2_ex14,4,23040,23280,B,2.0,False,True,1.0,True
w001634,training,790_T1_P1_R2,790,1,2,14,790_T1_R2_ex14,5,23160,23400,B,2.0,False,True,1.0,True
w001635,training,790_T1_P1_R2,790,1,2,14,790_T1_R2_ex14,6,23280,23520,B,2.0,False,True,1.0,True
w001636,training,790_T1_P1_R2,790,1,2,14,790_T1_R2_ex14,7,23400,23640,B,2.0,False,True,1.0,True
w001637,training,790_T1_P1_R2,790,1,2,14,790_T1_R2_ex14,8,23520,23760,B,2.0,False,True,1.0,True
w001638,training,790_T1_P1_R2,790,1,2,14,790_T1_R2_ex14,9,23640,23880,B,2.0,False,True,1.0,True
w001639,training,790_T1_P1_R2,790,1,2,14,790_T1_R2_ex14,10,23760,24000,B,2.0,False,True,1.0,True
w001640,training,790_T1_P1_R2,790,1,2,14,790_T1_R2_ex14,11,23880,24120,B,2.0,False,True,1.0,True
w001641,training,790_T1_P1_R2,790,1,2,14,790_T1_R2_ex14,12,24000,24240,B,2.0,False,True,1.0,True
w001642,training,790_T1_P1_R2,790,1,2,14,790_T1_R2_ex14,13,24120,24360,B,2.0,False,True,1.0,True
w001643,training,790_T1_P1_R2,790,1,2,14,790_T1_R2_ex14,14,24240,24480,B,2.0,False,True,1.0,True
w001644,training,790_T1_P1_R2,790,1,2,14,790_T1_R2_ex14,15,24360,24600,B,2.0,False,True,1.0,True
w001645,training,790_T1_P1_R2,790,1,2,15,790_T1_R2_ex15,0,24840,25080,B,2.0,False,True,1.0,True
w001646,training,790_T1_P1_R2,790,1,2,15,790_T1_R2_ex15,1,24960,25200,B,2.0,False,True,1.0,True
w001647,training,790_T1_P1_R2,790,1,2,15,790_T1_R2_ex15,2,25080,25320,B,2.0,False,True,1.0,True
w001648,training,790_T1_P1_R2,790,1,2,15,790_T1_R2_ex15,3,25200,25440,B,2.0,False,True,1.0,True
w001649,training,790_T1_P1_R2,790,1,2,15,790_T1_R2_ex15,4,25320,25560,B,2.0,False,True,1.0,True
w001650,training,790_T1_P1_R2,790,1,2,15,790_T1_R2_ex15,5,25440,25680,B,2.0,False,True,1.0,True
w001651,training,790_T1_P1_R2,790,1,2,15,790_T1_R2_ex15,6,25560,25800,B,2.0,False,True,1.0,True
w001652,training,790_T1_P1_R2,790,1,2,15,790_T1_R2_ex15,7,25680,25920,B,2.0,False,True,1.0,True
w001653,training,790_T1_P1_R2,790,1,2,15,790_T1_R2_ex15,8,25800,26040,B,2.0,False,True,1.0,True
w001654,training,790_T1_P1_R2,790,1,2,15,790_T1_R2_ex15,9,25920,26160,B,2.0,False,True,1.0,True
w001655,training,790_T1_P1_R2,790,1,2,15,790_T1_R2_ex15,10,26040,26280,B,2.0,False,True,1.0,True
w001656,training,790_T1_P1_R2,790,1,2,15,790_T1_R2_ex15,11,26160,26400,B,2.0,False,True,1.0,True
