setting,participant,timepoint,repetition,exercise_id,recording_id,segment_id,region,rate_hz,normalization,threshold_mode,surrogate,truncated,duration_s,n_trunc,RR,DET,Lmean,Lmax,Lmax_over_N,ENTR,LAM,TT,epsilon,mean_distance,n_samples,N_embed,tau,m,theiler,lmin
primary_amp_preserving,651,1,1,11,651_T1_P1_R1,651_T1_R1_ex11,trunk_spine,120,amp_preserving,fixed_mean_rescaled,identity,False,10.0,-1,0.02783919137630928,0.9937476005045796,7.487190082644628,59.0,0.05152838427947598,3.891472517495261,0.9972028739099436,9.615018508725543,10.51514079829874,30.043259423710687,1199.0,1145.0,18.0,4.0,18.0,2.0
primary_amp_preserving,651,1,1,11,651_T1_P1_R1,651_T1_R1_ex11,left_arm,120,amp_preserving,fixed_mean_rescaled,identity,False,10.0,-1,0.020389654014108163,0.9653287404522989,4.643731988472623,37.0,0.032314410480349345,3.0489358561472693,0.9818406469971545,6.224305720389271,22.462455272949455,64.17844363699845,1199.0,1145.0,18.0,4.0,18.0,2.0
primary_amp_preserving,651,1,1,11,651_T1_P1_R1,651_T1_R1_ex11,right_arm,120,amp_preserving,fixed_mean_rescaled,identity,False,10.0,-1,0.020017100803127005,0.9700228832951945,4.773648648648648,39.0,0.03406113537117904,3.087329962293763,0.9857360793287566,6.252056119980648,29.94533223691401,85.5580921054686,1199.0,1145.0,18.0,4.0,18.0,2.0
primary_amp_preserving,651,1,1,11,651_T1_P1_R1,651_T1_R1_ex11,left_leg,120,amp_preserving,fixed_mean_rescaled,identity,False,10.0,-1,0.06335694872812776,0.9957344258344378,12.26053412462908,145.0,0.12663755458515283,4.662003445898553,0.997397276780335,15.437150317045878,9.78167766831755,27.94765048090729,1199.0,1145.0,18.0,4.0,18.0,2.0
primary_amp_preserving,651,1,1,11,651_T1_P1_R1,651_T1_R1_ex11,right_leg,120,amp_preserving,fixed_mean_rescaled,identity,False,10.0,-1,0.08594375057257153,0.9963757816941444,11.401504370807075,190.0,0.16593886462882096,4.55892439363538,0.9975660886867538,14.3590333716916,12.447084497797691,35.563098565136265,1199.0,1145.0,18.0,4.0,18.0,2.0
primary_amp_preserving,651,1,1,13,651_T1_P1_R1,651_T1_R1_ex13,trunk_spine,120,amp_preserving,fixed_mean_rescaled,identity,False,12.0,-1,0.02828822436927443,0.9797875479492476,5.113378248315688,52.0,0.03754512635379061,3.2255801357597016,0.9896540277367956,6.9055462617423755,11.206552249323815,32.01872071235376,1439.0,1385.0,18.0,4.0,18.0,2.0
primary_amp_preserving,651,1,1,13,651_T1_P1_R1,651_T1_R1_ex13,left_arm,120,amp_preserving,fixed_mean_rescaled,identity,False,12.0,-1,0.03305440203668538,0.985290404040404,7.508780370459466,99.0,0.07148014440433213,3.840679719555126,0.9917140151515151,9.220102714600147,31.056013405914776,88.73146687404223,1439.0,1385.0,18.0,4.0,18.0,2.0
primary_amp_preserving,651,1,1,13,651_T1_P1_R1,651_T1_R1_ex13,right_arm,120,amp_preserving,fixed_mean_rescaled,identity,False,12.0,-1,0.025566035767200183,0.9857976574297025,6.157277593678307,70.0,0.05054151624548736,3.5584546055046338,0.9925315267518263,7.5352439969016265,38.62073718914339,110.34496339755256,1439.0,1385.0,18.0,4.0,18.0,2.0
primary_amp_preserving,651,1,1,13,651_T1_P1_R1,651_T1_R1_ex13,left_leg,120,amp_preserving,fixed_mean_rescaled,identity,False,12.0,-1,0.1618799691158365,0.9966161560822178,11.190041974236504,145.0,0.10469314079422383,4.556719405689501,0.9981114928230281,15.780699072658718,37.88588303499709,108.2453800999917,1439.0,1385.0,18.0,4.0,18.0,2.0
primary_amp_preserving,651,1,1,13,651_T1_P1_R1,651_T1_R1_ex13,right_leg,120,amp_preserving,fixed_mean_rescaled,identity,False,12.0,-1,0.09201289622503704,0.9939560252644948,12.865697930427125,132.0,0.09530685920577617,4.737394111418718,0.9966491659768446,17.24377084559545,51.927189108683905,148.3633974533826,1439.0,1385.0,18.0,4.0,18.0,2.0
primary_amp_preserving,651,1,2,11,651_T1_P1_R2,651_T1_R2_ex11,trunk_spine,120,amp_preserving,fixed_mean_rescaled,identity,False,10.0,-1,0.042072556264696005,0.9829069134458356,5.403830806065443,65.0,0.056768558951965066,3.270432855475847,0.9922518599165305,7.359757738896366,11.19271399746857,31.979182849910202,1199.0,1145.0,18.0,4.0,18.0,2.0
primary_amp_preserving,651,1,2,11,651_T1_P1_R2,651_T1_R2_ex11,left_arm,120,amp_preserving,fixed_mean_rescaled,identity,False,10.0,-1,0.030074510642196232,0.9862923287810327,6.334202804043039,73.0,0.06375545851528384,3.6124676468029207,0.9939330862567903,8.279763163459505,39.15767970641525,111.87908487547216,1199.0,1145.0,18.0,4.0,18.0,2.0
primary_amp_preserving,651,1,2,11,651_T1_P1_R2,651_T1_R2_ex11,right_arm,120,amp_preserving,fixed_mean_rescaled,identity,False,10.0,-1,0.028555287507252572,0.984172815741632,7.338915470494418,76.0,0.06637554585152838,3.770716532667898,0.9927013153673404,8.74493641073952,58.75631404504811,167.87518298585175,1199.0,1145.0,18.0,4.0,18.0,2.0
primary_amp_preserving,651,1,2,11,651_T1_P1_R2,651_T1_R2_ex11,left_leg,120,amp_preserving,fixed_mean_rescaled,identity,False,10.0,-1,0.035754420252236845,0.9878720587607294,6.441938178780284,58.0,0.050655021834061134,3.6323615539812213,0.9940641414357091,8.238541850999823,13.660513373585026,39.030038210242935,1199.0,1145.0,18.0,4.0,18.0,2.0
primary_amp_preserving,651,1,2,11,651_T1_P1_R2,651_T1_R2_ex11,right_leg,120,amp_preserving,fixed_mean_rescaled,identity,False,10.0,-1,0.042028277399456436,0.9876843711400131,6.275854108956602,62.0,0.05414847161572053,3.5686382408777897,0.9944052895444307,8.324817518248175,15.30289368932546,43.72255339807275,1199.0,1145.0,18.0,4.0,18.0,2.0
primary_amp_preserving,651,1,2,13,651_T1_P1_R2,651_T1_R2_ex13,trunk_spine,120,amp_preserving,fixed_mean_rescaled,identity,False,14.0,-1,0.03482758620689655,0.9724730714829725,4.899144924358693,63.0,0.03876923076923077,3.1600047433719074,0.9878032858230879,6.520324619362253,15.104288676528554,43.1551105043673,1679.0,1625.0,18.0,4.0,18.0,2.0
primary_amp_preserving,651,1,2,13,651_T1_P1_R2,651_T1_R2_ex13,left_arm,120,amp_preserving,fixed_mean_rescaled,identity,False,14.0,-1,0.021850701023114816,0.9625416204217536,4.296640346802911,48.0,0.029538461538461538,2.865308676438554,0.9834558823529411,5.704083685375176,39.08661864858077,111.67605328165934,1679.0,1625.0,18.0,4.0,18.0,2.0
primary_amp_preserving,651,1,2,13,651_T1_P1_R2,651_T1_R2_ex13,right_arm,120,amp_preserving,fixed_mean_rescaled,identity,False,14.0,-1,0.025398256915498296,0.9714140781189389,4.845936290562667,86.0,0.05292307692307692,3.125720920491177,0.9866469728165189,6.23877358490566,54.21205679577824,154.89159084508069,1679.0,1625.0,18.0,4.0,18.0,2.0
primary_amp_preserving,651,1,2,13,651_T1_P1_R2,651_T1_R2_ex13,left_leg,120,amp_preserving,fixed_mean_rescaled,identity,False,14.0,-1,0.049275483137552104,0.9852504652486196,6.941163723046917,99.0,0.06092307692307692,3.7286709492073986,0.9935326596840923,9.637251976726839,43.199466567291395,123.42704733511829,1679.0,1625.0,18.0,4.0,18.0,2.0
primary_amp_preserving,651,1,2,13,651_T1_P1_R2,651_T1_R2_ex13,right_leg,120,amp_preserving,fixed_mean_rescaled,identity,False,14.0,-1,0.07264569912845775,0.9912681522283425,8.507386516250335,73.0,0.04492307692307692,4.158985482856822,0.9951594057753297,11.685899791743232,45.687493004792046,130.53569429940586,1679.0,1625.0,18.0,4.0,18.0,2.0
primary_amp_preserving,651,3,1,11,651_T3_P1_R1,651_T3_R1_ex11,trunk_spine,120,amp_preserving,fixed_mean_rescaled,identity,False,10.0,-1,0.024695391944300243,0.9886855447013726,6.157489410858683,71.0,0.06200873362445415,3.572665620585811,0.9946828242858909,6.803975470501163,15.238596683436239,43.538847666960685,1199.0,1145.0,18.0,4.0,18.0,2.0
primary_amp_preserving,651,3,1,11,651_T3_P1_R1,651_T3_R1_ex11,left_arm,120,amp_preserving,fixed_mean_rescaled,identity,False,10.0,-1,0.02595046874522857,0.9598140738997412,4.970444850700792,32.0,0.02794759825327511,3.2025625155960857,0.9814662273476112,6.6710657868426315,43.048442126407195,122.99554893259199,1199.0,1145.0,18.0,4.0,18.0,2.0
primary_amp_preserving,651,3,1,11,651_T3_P1_R1,651_T3_R1_ex11,right_arm,120,amp_preserving,fixed_mean_rescaled,identity,False,10.0,-1,0.021304241609918464,0.9602236078262739,4.575819672131147,25.0,0.021834061135371178,3.046146713837447,0.9803626460259443,6.090382902938558,47.5463016602057,135.84657617201628,1199.0,1145.0,18.0,4.0,18.0,2.0
primary_amp_preserving,651,3,1,11,651_T3_P1_R1,651_T3_R1_ex11,left_leg,120,amp_preserving,fixed_mean_rescaled,identity,False,10.0,-1,0.015228875927565885,0.9696210146380589,4.458736745043799,32.0,0.02794759825327511,2.948814933243907,0.9864648085021055,5.6578493387004025,9.430529435894925,26.944369816842645,1199.0,1145.0,18.0,4.0,18.0,2.0
primary_amp_preserving,651,3,1,11,651_T3_P1_R1,651_T3_R1_ex11,right_leg,120,amp_preserving,fixed_mean_rescaled,identity,False,10.0,-1,0.023223501389440255,0.9842209072978304,6.178291374329344,80.0,0.06986899563318777,3.5834648813593226,0.9923734385272847,7.4630407911001235,10.435406017901068,29.815445765431623,1199.0,1145.0,18.0,4.0,18.0,2.0
primary_amp_preserving,651,3,1,13,651_T3_P1_R1,651_T3_R1_ex13,trunk_spine,120,amp_preserving,fixed_mean_rescaled,identity,False,12.0,-1,0.02577366916383214,0.97955631122986,4.964505539597866,66.0,0.047653429602888084,3.128449125508182,0.9903853938952312,6.615603028664143,15.581180539649367,44.51765868471248,1439.0,1385.0,18.0,4.0,18.0,2.0
primary_amp_preserving,651,3,1,13,651_T3_P1_R1,651_T3_R1_ex13,left_arm,120,amp_preserving,fixed_mean_rescaled,identity,False,12.0,-1,0.027978339350180504,0.9780346820809248,5.402966625463535,47.0,0.03393501805054152,3.3645255676231374,0.9896140220026105,7.275257025359836,37.56534040072724,107.32954400207782,1439.0,1385.0,18.0,4.0,18.0,2.0
primary_amp_preserving,651,3,1,13,651_T3_P1_R1,651_T3_R1_ex13,right_arm,120,amp_preserving,fixed_mean_rescaled,identity,False,12.0,-1,0.024804365518248786,0.9749295419173012,5.119726087916943,50.0,0.036101083032490974,3.24208798288328,0.9876540613300804,6.734404130216549,40.93199944330387,116.94856983801107,1439.0,1385.0,18.0,4.0,18.0,2.0
primary_amp_preserving,651,3,1,13,651_T3_P1_R1,651_T3_R1_ex13,left_leg,120,amp_preserving,fixed_mean_rescaled,identity,False,12.0,-1,0.06788046994010977,0.9909465400104522,8.146196613596159,162.0,0.11696750902527075,4.04988093396035,0.9951581665590704,11.023837902264601,38.666565191399144,110.4759005468547,1439.0,1385.0,18.0,4.0,18.0,2.0
primary_amp_preserving,651,3,1,13,651_T3_P1_R1,651_T3_R1_ex13,right_leg,120,amp_preserving,fixed_mean_rescaled,identity,False,12.0,-1,0.05817178272573611,0.9873011317776622,6.966839640551829,54.0,0.03898916967509025,3.8375675026043825,0.9935519164887988,9.110773026315789,39.06580062044058,111.6165732012588,1439.0,1385.0,18.0,4.0,18.0,2.0
primary_amp_preserving,651,3,2,11,651_T3_P1_R2,651_T3_R2_ex11,trunk_spine,120,amp_preserving,fixed_mean_rescaled,identity,False,10.0,-1,0.03548569334595535,0.9929435050126931,7.379916853213943,129.0,0.11266375545851529,3.8433744866781216,0.9962781291682802,8.879961649089166,16.907352592574444,48.306721693069846,1199.0,1145.0,18.0,4.0,18.0,2.0
primary_amp_preserving,651,3,2,11,651_T3_P1_R2,651_T3_R2_ex11,left_arm,120,amp_preserving,fixed_mean_rescaled,identity,False,10.0,-1,0.0210843741411427,0.9610399015135057,4.824063976735732,53.0,0.0462882096069869,3.1109683235936396,0.9817510319356941,6.451106352605282,38.36179737911264,109.60513536889326,1199.0,1145.0,18.0,4.0,18.0,2.0
primary_amp_preserving,651,3,2,11,651_T3_P1_R2,651_T3_R2_ex11,right_arm,120,amp_preserving,fixed_mean_rescaled,identity,False,10.0,-1,0.03388096619537668,0.9825146462370438,5.750989184911633,65.0,0.056768558951965066,3.44856646720577,0.9919558359621451,7.661503654716324,40.33268155289867,115.23623300828191,1199.0,1145.0,18.0,4.0,18.0,2.0
primary_amp_preserving,651,3,2,11,651_T3_P1_R2,651_T3_R2_ex11,left_leg,120,amp_preserving,fixed_mean_rescaled,identity,False,10.0,-1,0.07220966806119644,0.9949041084304231,10.253214207888428,104.0,0.09082969432314411,4.372378584500602,0.9968071384771531,13.626824685648215,10.534174326348696,30.097640932424845,1199.0,1145.0,18.0,4.0,18.0,2.0
primary_amp_preserving,651,3,2,11,651_T3_P1_R2,651_T3_R2_ex11,right_leg,120,amp_preserving,fixed_mean_rescaled,identity,False,10.0,-1,0.04720737777506336,0.9864156801862992,6.247029905776321,61.0,0.05327510917030567,3.5641592264796977,0.994129633223365,8.671603893355904,9.926836443484312,28.362389838526607,1199.0,1145.0,18.0,4.0,18.0,2.0
primary_amp_preserving,651,3,2,13,651_T3_P1_R2,651_T3_R2_ex13,trunk_spine,120,amp_preserving,fixed_mean_rescaled,identity,False,12.0,-1,0.021975751758101875,0.9765929161523123,4.529619026646113,26.0,0.018772563176895306,2.9873928075871556,0.9890323805906371,6.038846209595594,16.578161326558476,47.366175218738505,1439.0,1385.0,18.0,4.0,18.0,2.0
primary_amp_preserving,651,3,2,13,651_T3_P1_R2,651_T3_R2_ex13,left_arm,120,amp_preserving,fixed_mean_rescaled,identity,False,12.0,-1,0.03214457127355439,0.9868865229810438,7.258056815469086,60.0,0.04332129963898917,3.9050706803665793,0.992988834069073,9.287188828172434,35.135657354070055,100.38759244020017,1439.0,1385.0,18.0,4.0,18.0,2.0
primary_amp_preserving,651,3,2,13,651_T3_P1_R2,651_T3_R2_ex13,right_arm,120,amp_preserving,fixed_mean_rescaled,identity,False,12.0,-1,0.027807224390142108,0.9669806011031481,5.188443728608818,51.0,0.0368231046931408,3.2634179120595075,0.9848223331207084,6.9142518440463645,35.54908411540487,101.56881175829963,1439.0,1385.0,18.0,4.0,18.0,2.0
primary_amp_preserving,651,3,2,13,651_T3_P1_R2,651_T3_R2_ex13,left_leg,120,amp_preserving,fixed_mean_rescaled,identity,False,12.0,-1,0.07319964107593747,0.9941986430241176,9.41917623227549,92.0,0.0664259927797834,4.2588208183528975,0.9968641313643879,12.78186968838527,47.48219354353058,135.6634101243731,1439.0,1385.0,18.0,4.0,18.0,2.0
primary_amp_preserving,651,3,2,13,651_T3_P1_R2,651_T3_R2_ex13,right_leg,120,amp_preserving,fixed_mean_rescaled,identity,False,12.0,-1,0.10977546378414474,0.9946678579236011,10.301210749089478,128.0,0.09241877256317689,4.396006919957458,0.9970582923838762,13.734158156585494,44.88634034819296,128.24668670912274,1439.0,1385.0,18.0,4.0,18.0,2.0
primary_amp_preserving,790,1,1,11,790_T1_P1_R1,790_T1_R1_ex11,trunk_spine,120,amp_preserving,fixed_mean_rescaled,identity,False,10.0,-1,0.035160472715057865,0.9935296161195067,8.168154230631917,62.0,0.05414847161572053,4.089703364988173,0.9962654160152857,9.589132706374086,14.738407113156402,42.1097346090183,1199.0,1145.0,18.0,4.0,18.0,2.0
primary_amp_preserving,790,1,1,11,790_T1_P1_R1,790_T1_R1_ex11,left_arm,120,amp_preserving,fixed_mean_rescaled,identity,False,10.0,-1,0.06169267413808899,0.9849523573815122,8.483692176508207,76.0,0.06637554585152838,4.117251122745956,0.9920430639772305,11.455701629036868,59.89005029248162,171.11442940709034,1199.0,1145.0,18.0,4.0,18.0,2.0
primary_amp_preserving,790,1,1,11,790_T1_P1_R1,790_T1_R1_ex11,right_arm,120,amp_preserving,fixed_mean_rescaled,identity,False,10.0,-1,0.022458545820991237,0.9755931742470596,5.35048471290082,56.0,0.04890829694323144,3.305787843836616,0.9869467672853355,7.02492136462618,51.46938049749256,147.05537284997874,1199.0,1145.0,18.0,4.0,18.0,2.0
primary_amp_preserving,790,1,1,11,790_T1_P1_R1,790_T1_R1_ex11,left_leg,120,amp_preserving,fixed_mean_rescaled,identity,False,10.0,-1,0.05768009283293126,0.9939645816237394,9.97052575677111,123.0,0.10742358078602621,4.331049010400463,0.9962808057812955,12.944625967325882,8.806710439833866,25.162029828096763,1199.0,1145.0,18.0,4.0,18.0,2.0
primary_amp_preserving,790,1,1,11,790_T1_P1_R1,790_T1_R1_ex11,right_leg,120,amp_preserving,fixed_mean_rescaled,identity,False,10.0,-1,0.04788988304272147,0.995472660608959,10.580481192815995,102.0,0.0890829694323144,4.482045549236171,0.9971305595408895,12.942271880819368,10.001162427792515,28.574749793692902,1199.0,1145.0,18.0,4.0,18.0,2.0
primary_amp_preserving,790,1,1,13,790_T1_P1_R1,790_T1_R1_ex13,trunk_spine,120,amp_preserving,fixed_mean_rescaled,identity,False,14.0,-1,0.044107616521409626,0.9501374570446736,5.823907319641917,73.0,0.04492307692307692,3.48653818586555,0.9754123711340206,8.060343603578021,22.02640306898244,62.93258019709269,1679.0,1625.0,18.0,4.0,18.0,2.0
primary_amp_preserving,790,1,1,13,790_T1_P1_R1,790_T1_R1_ex13,left_arm,120,amp_preserving,fixed_mean_rescaled,identity,False,14.0,-1,0.05213868889730959,0.9785310405977005,6.460032626427406,81.0,0.049846153846153846,3.650747498496227,0.9891855749523962,8.81344298387619,62.23531176223542,177.81517646352978,1679.0,1625.0,18.0,4.0,18.0,2.0
primary_amp_preserving,790,1,1,13,790_T1_P1_R1,790_T1_R1_ex13,right_arm,120,amp_preserving,fixed_mean_rescaled,identity,False,14.0,-1,0.039241379310344826,0.9774812182545047,5.245957711442786,63.0,0.03876923076923077,3.275123021353878,0.9891558353772765,7.193469101123595,56.332182062212375,160.94909160632108,1679.0,1625.0,18.0,4.0,18.0,2.0
primary_amp_preserving,790,1,1,13,790_T1_P1_R1,790_T1_R1_ex13,left_leg,120,amp_preserving,fixed_mean_rescaled,identity,False,14.0,-1,0.2397536945812808,0.99512572900697,15.780100250626566,196.0,0.12061538461538461,4.962722568346635,0.9974664538256073,23.18200852189245,44.01037561208018,125.7439303202291,1679.0,1625.0,18.0,4.0,18.0,2.0
primary_amp_preserving,790,1,1,13,790_T1_P1_R1,790_T1_R1_ex13,right_leg,120,amp_preserving,fixed_mean_rescaled,identity,False,14.0,-1,0.15256309208033347,0.9648248694779615,8.929520481816928,112.0,0.06892307692307692,4.075167722719278,0.9817095282329974,13.654264690641517,48.017226876252245,137.19207678929214,1679.0,1625.0,18.0,4.0,18.0,2.0
primary_amp_preserving,790,1,2,11,790_T1_P1_R2,790_T1_R2_ex11,trunk_spine,120,amp_preserving,fixed_mean_rescaled,identity,False,10.0,-1,0.04492319907167069,0.9965332064441574,10.524048815506102,145.0,0.12663755458515283,4.385598180713238,0.9978077628985114,10.577373446225906,17.857666349516492,51.02190385576141,1199.0,1145.0,18.0,4.0,18.0,2.0
primary_amp_preserving,790,1,2,11,790_T1_P1_R2,790_T1_R2_ex11,left_arm,120,amp_preserving,fixed_mean_rescaled,identity,False,10.0,-1,0.030886798790728923,0.983637352315982,6.897053726169844,114.0,0.09956331877729258,3.7156953302067888,0.9932028276237085,8.882183908045977,51.696387177984015,147.7039633656686,1199.0,1145.0,18.0,4.0,18.0,2.0
primary_amp_preserving,790,1,2,11,790_T1_P1_R2,790_T1_R2_ex11,right_arm,120,amp_preserving,fixed_mean_rescaled,identity,False,10.0,-1,0.03691025132073167,0.9900306114006784,8.336119818878439,117.0,0.10218340611353711,4.046375525279648,0.9945809547447672,10.566029444078225,48.758450692427296,139.30985912122085,1199.0,1145.0,18.0,4.0,18.0,2.0
primary_amp_preserving,790,1,2,11,790_T1_P1_R2,790_T1_R2_ex11,left_leg,120,amp_preserving,fixed_mean_rescaled,identity,False,10.0,-1,0.048734235197117295,0.9943292186227207,8.752619966905682,85.0,0.07423580786026202,4.1275891424923215,0.9966006642020176,11.098918353105374,12.565545507684428,35.90155859338408,1199.0,1145.0,18.0,4.0,18.0,2.0
primary_amp_preserving,790,1,2,11,790_T1_P1_R2,790_T1_R2_ex11,right_leg,120,amp_preserving,fixed_mean_rescaled,identity,False,10.0,-1,0.04476440589977708,0.9955658639743502,9.607636603028308,88.0,0.07685589519650655,4.2956642947751575,0.9968790504127157,11.306189555125725,11.879280504418261,33.940801441195035,1199.0,1145.0,18.0,4.0,18.0,2.0
primary_amp_preserving,790,1,2,13,790_T1_P1_R2,790_T1_R2_ex13,trunk_spine,120,amp_preserving,fixed_mean_rescaled,identity,False,14.0,-1,0.0370079575596817,0.9891259829619922,6.641138457307851,61.0,0.03753846153846154,3.6957226995169767,0.9950954292267365,8.881019830028329,18.828090847709028,53.79454527916865,1679.0,1625.0,18.0,4.0,18.0,2.0
primary_amp_preserving,790,1,2,13,790_T1_P1_R2,790_T1_R2_ex13,left_arm,120,amp_preserving,fixed_mean_rescaled,identity,False,14.0,-1,0.030687381583933308,0.9757235997234022,5.05230179028133,78.0,0.048,3.2043650968035133,0.9879111923342883,6.841542671455447,60.58596397334711,173.1027542095632,1679.0,1625.0,18.0,4.0,18.0,2.0
primary_amp_preserving,790,1,2,13,790_T1_P1_R2,790_T1_R2_ex13,right_arm,120,amp_preserving,fixed_mean_rescaled,identity,False,14.0,-1,0.04734369079196665,0.9916279814310869,8.873657069187795,161.0,0.09907692307692308,3.982993616770636,0.9958540099247639,11.864403547248974,58.20250848453555,166.2928813843873,1679.0,1625.0,18.0,4.0,18.0,2.0
primary_amp_preserving,790,1,2,13,790_T1_P1_R2,790_T1_R2_ex13,left_leg,120,amp_preserving,fixed_mean_rescaled,identity,False,14.0,-1,0.06081924971580144,0.9901434250040498,8.388050248073473,114.0,0.07015384615384615,4.0881889911219895,0.9952087824450786,11.595020325203253,29.342168379518483,83.83476679862424,1679.0,1625.0,18.0,4.0,18.0,2.0
primary_amp_preserving,790,1,2,13,790_T1_P1_R2,790_T1_R2_ex13,right_leg,120,amp_preserving,fixed_mean_rescaled,identity,False,14.0,-1,0.0403956043956044,0.9887996698060111,6.97248313268951,147.0,0.09046153846153847,3.7308845780445483,0.9941934636599002,9.475637013857845,29.057689718699056,83.02197062485445,1679.0,1625.0,18.0,4.0,18.0,2.0
primary_amp_preserving,790,3,1,11,790_T3_P1_R1,790_T3_R1_ex11,trunk_spine,120,amp_preserving,fixed_mean_rescaled,identity,False,10.0,-1,0.04488197392127523,0.9944548392583773,7.851732473811443,55.0,0.048034934497816595,4.012588023694786,0.9968021772410274,10.475867000357526,14.198937870287061,40.568393915105894,1199.0,1145.0,18.0,4.0,18.0,2.0
primary_amp_preserving,790,3,1,11,790_T3_P1_R1,790_T3_R1_ex11,left_arm,120,amp_preserving,fixed_mean_rescaled,identity,False,10.0,-1,0.031860933825999325,0.9904154885704701,6.756129454069957,63.0,0.05502183406113537,3.7523639350955635,0.9946566348780371,8.404737801174328,40.54035472120399,115.8295849177257,1199.0,1145.0,18.0,4.0,18.0,2.0
primary_amp_preserving,790,3,1,11,790_T3_P1_R1,790_T3_R1_ex11,right_arm,120,amp_preserving,fixed_mean_rescaled,identity,False,10.0,-1,0.023518184871896664,0.9853275335973511,6.748332592263228,114.0,0.09956331877729258,3.676873559617765,0.9913977796533143,8.708582834331338,28.845795638565267,82.41655896732934,1199.0,1145.0,18.0,4.0,18.0,2.0
primary_amp_preserving,790,3,1,11,790_T3_P1_R1,790_T3_R1_ex11,left_leg,120,amp_preserving,fixed_mean_rescaled,identity,False,10.0,-1,0.04400708461843833,0.9946221636250087,8.673827534039335,110.0,0.09606986899563319,4.133548507830647,0.9965651238637152,10.845006607513687,11.778785956967443,33.653674162764126,1199.0,1145.0,18.0,4.0,18.0,2.0
primary_amp_preserving,790,3,1,11,790_T3_P1_R1,790_T3_R1_ex11,right_leg,120,amp_preserving,fixed_mean_rescaled,identity,False,10.0,-1,0.07900112987449232,0.99768075607352,12.30829756795422,90.0,0.07860262008733625,4.675646220672469,0.9981446048588161,15.759841318278914,16.38544402524971,46.81555435785632,1199.0,1145.0,18.0,4.0,18.0,2.0
primary_amp_preserving,790,3,1,13,790_T3_P1_R1,790_T3_R1_ex13,trunk_spine,120,amp_preserving,fixed_mean_rescaled,identity,False,18.0,-1,0.022768530476956008,0.9406188020626736,4.118270232719694,43.0,0.020427553444180523,2.7973759392697213,0.9720249900833002,5.693813534708103,21.157776191016982,60.45078911719138,2159.0,2105.0,18.0,4.0,18.0,2.0
primary_amp_preserving,790,3,1,13,790_T3_P1_R1,790_T3_R1_ex13,left_arm,120,amp_preserving,fixed_mean_rescaled,identity,False,18.0,-1,0.02490629769785862,0.9685426261014614,4.777231264532284,52.0,0.02470308788598575,3.117025029727941,0.9852866519200784,6.239092996555683,59.38541486166576,169.6726138904736,2159.0,2105.0,18.0,4.0,18.0,2.0
primary_amp_preserving,790,3,1,13,790_T3_P1_R1,790_T3_R1_ex13,right_arm,120,amp_preserving,fixed_mean_rescaled,identity,False,18.0,-1,0.030640878588911066,0.9841274519918058,6.205947955390335,74.0,0.03515439429928741,3.602471470776383,0.9920489882540198,8.014943144609157,47.54090567835659,135.83115908101882,2159.0,2105.0,18.0,4.0,18.0,2.0
primary_amp_preserving,790,3,1,13,790_T3_P1_R1,790_T3_R1_ex13,left_leg,120,amp_preserving,fixed_mean_rescaled,identity,False,18.0,-1,0.0420490774274541,0.9745693543537094,5.825020861416009,80.0,0.03800475059382423,3.4646016403687567,0.987569268439366,7.757265173562782,42.7871857109231,122.24910203120886,2159.0,2105.0,18.0,4.0,18.0,2.0
primary_amp_preserving,790,3,1,13,790_T3_P1_R1,790_T3_R1_ex13,right_leg,120,amp_preserving,fixed_mean_rescaled,identity,False,18.0,-1,0.06192073914182238,0.9841016328644044,7.077943876212956,99.0,0.04703087885985748,3.843110689889985,0.9916679429117349,9.838898737382873,62.46983923848755,178.4852549671073,2159.0,2105.0,18.0,4.0,18.0,2.0
primary_amp_preserving,790,3,2,11,790_T3_P1_R2,790_T3_R2_ex11,trunk_spine,120,amp_preserving,fixed_mean_rescaled,identity,False,10.0,-1,0.025602345253000276,0.9924260496183206,7.3763297872340425,63.0,0.05502183406113537,3.930398812524859,0.9945133587786259,8.689942678478374,19.466807007973582,55.61944859421023,1199.0,1145.0,18.0,4.0,18.0,2.0
primary_amp_preserving,790,3,2,11,790_T3_P1_R2,790_T3_R2_ex11,left_arm,120,amp_preserving,fixed_mean_rescaled,identity,False,10.0,-1,0.030181390661740005,0.9913492183942936,8.178631051752921,77.0,0.06724890829694323,4.052903708135516,0.9953204836343401,9.981988838153221,48.013947076036786,137.1827059315337,1199.0,1145.0,18.0,4.0,18.0,2.0
primary_amp_preserving,790,3,2,11,790_T3_P1_R2,790_T3_R2_ex11,right_arm,120,amp_preserving,fixed_mean_rescaled,identity,False,10.0,-1,0.056625034354291996,0.9766219058404789,7.417366373131272,92.0,0.08034934497816594,3.8135533584744827,0.988553632098366,9.81960626757734,64.86452347201559,185.32720992004457,1199.0,1145.0,18.0,4.0,18.0,2.0
primary_amp_preserving,790,3,2,11,790_T3_P1_R2,790_T3_R2_ex11,left_leg,120,amp_preserving,fixed_mean_rescaled,identity,False,10.0,-1,0.028292668030659298,0.98246087425796,5.872580645161291,41.0,0.03580786026200873,3.4929087655183224,0.9914193200215866,7.956258120398441,13.088079362067374,37.394512463049644,1199.0,1145.0,18.0,4.0,18.0,2.0
primary_amp_preserving,790,3,2,11,790_T3_P1_R2,790_T3_R2_ex11,right_leg,120,amp_preserving,fixed_mean_rescaled,identity,False,10.0,-1,0.018726906281491436,0.9712189156135345,4.860057119543043,31.0,0.027074235807860263,3.1199425568352868,0.9865470852017937,6.336737365802566,12.073856446126486,34.496732703218534,1199.0,1145.0,18.0,4.0,18.0,2.0
primary_amp_preserving,790,3,2,13,790_T3_P1_R2,790_T3_R2_ex13,trunk_spine,120,amp_preserving,fixed_mean_rescaled,identity,False,12.0,-1,0.028246489013167505,0.9287086288416075,4.297043240471714,38.0,0.027436823104693142,2.896491978693741,0.9657764479905437,5.820458593054319,22.842588352722608,65.26453815063603,1439.0,1385.0,18.0,4.0,18.0,2.0
primary_amp_preserving,790,3,2,13,790_T3_P1_R2,790_T3_R2_ex13,left_arm,120,amp_preserving,fixed_mean_rescaled,identity,False,12.0,-1,0.034599653596544315,0.9856759446337565,6.319798917246713,67.0,0.04837545126353791,3.6244821243493965,0.9931847652362715,8.40929401251117,48.79151099282899,139.40431712236855,1439.0,1385.0,18.0,4.0,18.0,2.0
primary_amp_preserving,790,3,2,13,790_T3_P1_R2,790_T3_R2_ex13,right_arm,120,amp_preserving,fixed_mean_rescaled,identity,False,12.0,-1,0.04338077252144154,0.9834042860235226,6.817908954477239,61.0,0.04404332129963899,3.7837691316942133,0.9909445125910961,9.44207631488484,45.217326976481544,129.19236278994728,1439.0,1385.0,18.0,4.0,18.0,2.0
primary_amp_preserving,790,3,2,13,790_T3_P1_R2,790_T3_R2_ex13,left_leg,120,amp_preserving,fixed_mean_rescaled,identity,False,12.0,-1,0.07508399240416519,0.9907451154776132,11.432969852469531,119.0,0.08592057761732852,4.50566025647157,0.9954628831883494,15.27572235846039,69.04794837943587,197.27985251267393,1439.0,1385.0,18.0,4.0,18.0,2.0
primary_amp_preserving,790,3,2,13,790_T3_P1_R2,790_T3_R2_ex13,right_leg,120,amp_preserving,fixed_mean_rescaled,identity,False,12.0,-1,0.05785981093883683,0.9813539149565406,6.706099815157116,78.0,0.05631768953068592,3.7062615709861415,0.9907220398889169,9.549713193116634,53.15326964978522,151.86648471367207,1439.0,1385.0,18.0,4.0,18.0,2.0
primary_trial_zscore,651,1,1,11,651_T1_P1_R1,651_T1_R1_ex11,trunk_spine,120,trial_zscore,target_rr,identity,False,10.0,-1,0.029065257886218585,0.9950619878125657,7.58590308370044,59.0,0.05152838427947598,3.911121963880445,0.9968743433494431,9.789270054165591,0.9415110347495622,2.654656928977661,1199.0,1145.0,18.0,4.0,18.0,2.0
primary_trial_zscore,651,1,1,11,651_T1_P1_R1,651_T1_R1_ex11,left_arm,120,trial_zscore,target_rr,identity,False,10.0,-1,0.029065257886218585,0.9733662534145829,5.15123714206283,43.0,0.03755458515283843,3.250460879419443,0.9864204664845556,6.90984360625575,1.0475069502746726,2.6969609790879785,1199.0,1145.0,18.0,4.0,18.0,2.0
primary_trial_zscore,651,1,1,11,651_T1_P1_R1,651_T1_R1_ex11,right_arm,120,trial_zscore,target_rr,identity,False,10.0,-1,0.029065257886218585,0.9789346501365833,5.291027825099375,58.0,0.050655021834061134,3.2933133243249135,0.9908331582265182,7.027384500745156,1.0422473442744056,2.7037166276216102,1199.0,1145.0,18.0,4.0,18.0,2.0
primary_trial_zscore,651,1,1,11,651_T1_P1_R1,651_T1_R1_ex11,left_leg,120,trial_zscore,target_rr,identity,False,10.0,-1,0.029065257886218585,0.9917524690060937,9.063370139222275,88.0,0.07685589519650655,4.183442125087733,0.9950094557680185,11.475916388973038,0.6886231512085003,2.6168785381536805,1199.0,1145.0,18.0,4.0,18.0,2.0
primary_trial_zscore,651,1,1,11,651_T1_P1_R1,651_T1_R1_ex11,right_leg,120,trial_zscore,target_rr,identity,False,10.0,-1,0.029065257886218585,0.9910170203824333,7.076144036009002,104.0,0.09082969432314411,3.778915843859826,0.9950357217902921,8.932563074746522,0.6387377728265256,2.5935128899479123,1199.0,1145.0,18.0,4.0,18.0,2.0
primary_trial_zscore,651,1,1,13,651_T1_P1_R1,651_T1_R1_ex13,trunk_spine,120,trial_zscore,target_rr,identity,False,12.0,-1,0.029225183113874918,0.9803641556586933,5.164566484859884,52.0,0.03754512635379061,3.2511575971985196,0.9896465548018565,6.968325791855204,0.9236908508997645,2.6170287728459427,1439.0,1385.0,18.0,4.0,18.0,2.0
primary_trial_zscore,651,1,1,13,651_T1_P1_R1,651_T1_R1_ex13,left_arm,120,trial_zscore,target_rr,identity,False,12.0,-1,0.029225183113874918,0.9835058907533024,7.36774538646697,98.0,0.07075812274368232,3.820219952900228,0.991306676187076,8.94395232726687,0.8765431525600657,2.6164994730625555,1439.0,1385.0,18.0,4.0,18.0,2.0
primary_trial_zscore,651,1,1,13,651_T1_P1_R1,651_T1_R1_ex13,right_arm,120,trial_zscore,target_rr,identity,False,12.0,-1,0.029225183113874918,0.9880042841842199,6.4015729817256535,73.0,0.05270758122743682,3.636374111008001,0.9933773652267047,7.874487052497524,0.9380237095029553,2.590066971143556,1439.0,1385.0,18.0,4.0,18.0,2.0
primary_trial_zscore,651,1,1,13,651_T1_P1_R1,651_T1_R1_ex13,left_leg,120,trial_zscore,target_rr,identity,False,12.0,-1,0.029225183113874918,0.9720456979650125,4.953065308350009,35.0,0.02527075812274368,3.2016712439622643,0.9867368796858265,6.782453987730062,0.4738811647661041,2.4496640793991156,1439.0,1385.0,18.0,4.0,18.0,2.0
primary_trial_zscore,651,1,1,13,651_T1_P1_R1,651_T1_R1_ex13,right_leg,120,trial_zscore,target_rr,identity,False,12.0,-1,0.029225183113874918,0.9825776508389861,7.131899455817569,83.0,0.059927797833935016,3.856188390929259,0.9906104962513388,9.460279577224684,0.5869096454897345,2.554802720198305,1439.0,1385.0,18.0,4.0,18.0,2.0
primary_trial_zscore,651,1,2,11,651_T1_P1_R2,651_T1_R2_ex11,trunk_spine,120,trial_zscore,target_rr,identity,False,10.0,-1,0.029065257886218585,0.9741017020382433,4.861824855794442,63.0,0.05502183406113537,3.085346013284249,0.9889682706450935,6.542484795829713,0.8246581041525841,2.6431582751705562,1199.0,1145.0,18.0,4.0,18.0,2.0
primary_trial_zscore,651,1,2,11,651_T1_P1_R2,651_T1_R2_ex11,left_arm,120,trial_zscore,target_rr,identity,False,10.0,-1,0.029065257886218585,0.9865517965959235,6.278836509528586,73.0,0.06375545851528384,3.6009724975438493,0.9935648245429712,8.23220892274211,0.8957716361399943,2.5848007461948996,1199.0,1145.0,18.0,4.0,18.0,2.0
primary_trial_zscore,651,1,2,11,651_T1_P1_R2,651_T1_R2_ex11,right_arm,120,trial_zscore,target_rr,identity,False,10.0,-1,0.029065257886218585,0.984292918680395,7.365172955974843,76.0,0.06637554585152838,3.773063053482337,0.9928556419415844,8.8029809035864,0.9557843010537526,2.7168781653230543,1199.0,1145.0,18.0,4.0,18.0,2.0
primary_trial_zscore,651,1,2,11,651_T1_P1_R2,651_T1_R2_ex11,left_leg,120,trial_zscore,target_rr,identity,False,10.0,-1,0.029065257886218585,0.9855536877495272,6.210195299569679,54.0,0.04716157205240175,3.548259531793687,0.9934597604538769,7.769720624486442,0.8322463260899239,2.5095201792894426,1199.0,1145.0,18.0,4.0,18.0,2.0
primary_trial_zscore,651,1,2,11,651_T1_P1_R2,651_T1_R2_ex11,right_leg,120,trial_zscore,target_rr,identity,False,10.0,-1,0.029065257886218585,0.9853435595713386,5.5642242657965,48.0,0.04192139737991266,3.3797424939746694,0.9930920361420467,7.310324825986079,0.7798744078028456,2.4936204983945323,1199.0,1145.0,18.0,4.0,18.0,2.0
primary_trial_zscore,651,1,2,13,651_T1_P1_R2,651_T1_R2_ex13,trunk_spine,120,trial_zscore,target_rr,identity,False,14.0,-1,0.029339143615005683,0.9692868028827526,4.678219673357437,61.0,0.03753846153846154,3.0716742117775975,0.9869423707798414,6.178943963774561,0.8587299622827611,2.5808181543191084,1679.0,1625.0,18.0,4.0,18.0,2.0
primary_trial_zscore,651,1,2,13,651_T1_P1_R2,651_T1_R2_ex13,left_arm,120,trial_zscore,target_rr,identity,False,14.0,-1,0.029339143615005683,0.9719215767313305,4.60933480338111,81.0,0.049846153846153846,3.0048831446058175,0.9873169219641981,6.1767937944408535,0.9894807510126667,2.61455015037287,1679.0,1625.0,18.0,4.0,18.0,2.0
primary_trial_zscore,651,1,2,13,651_T1_P1_R2,651_T1_R2_ex13,right_arm,120,trial_zscore,target_rr,identity,False,14.0,-1,0.029339143615005683,0.9750729729031592,5.011683483802443,87.0,0.05353846153846154,3.194276581523625,0.9885438999819183,6.4814124820052506,0.9512246558363497,2.6171200079718884,1679.0,1625.0,18.0,4.0,18.0,2.0
primary_trial_zscore,651,1,2,13,651_T1_P1_R2,651_T1_R2_ex13,left_leg,120,trial_zscore,target_rr,identity,False,14.0,-1,0.029339143615005683,0.9781468757265002,6.014453621346887,73.0,0.04492307692307692,3.49536112094289,0.9894996512799318,8.293245291188569,0.7701084078260696,2.5916487131384573,1679.0,1625.0,18.0,4.0,18.0,2.0
primary_trial_zscore,651,1,2,13,651_T1_P1_R2,651_T1_R2_ex13,right_leg,120,trial_zscore,target_rr,identity,False,14.0,-1,0.029339143615005683,0.9794126004184641,5.9823288103502685,55.0,0.033846153846153845,3.5684496652956974,0.989215509002144,8.092023243528791,0.6631668904353168,2.519996615501864,1679.0,1625.0,18.0,4.0,18.0,2.0
primary_trial_zscore,651,3,1,11,651_T3_P1_R1,651_T3_R1_ex11,trunk_spine,120,trial_zscore,target_rr,identity,False,10.0,-1,0.029065257886218585,0.9896511872242068,6.518685121107266,81.0,0.07074235807860262,3.6543208580035413,0.9945629333893675,7.244117084369619,0.9959368779619173,2.7275352767596726,1199.0,1145.0,18.0,4.0,18.0,2.0
primary_trial_zscore,651,3,1,11,651_T3_P1_R1,651_T3_R1_ex11,left_arm,120,trial_zscore,target_rr,identity,False,10.0,-1,0.029065257886218585,0.9627022483715066,5.133333333333334,36.0,0.0314410480349345,3.265191529481653,0.9823754990544232,6.915865384615385,0.9678068560165823,2.6774229770929723,1199.0,1145.0,18.0,4.0,18.0,2.0
primary_trial_zscore,651,3,1,11,651_T3_P1_R1,651_T3_R1_ex11,right_arm,120,trial_zscore,target_rr,identity,False,10.0,-1,0.029065257886218585,0.9673776003362051,5.012248230811105,37.0,0.032314410480349345,3.222242516926165,0.9827169573439798,6.701415009851335,1.009386016294729,2.6570195014158875,1199.0,1145.0,18.0,4.0,18.0,2.0
primary_trial_zscore,651,3,1,11,651_T3_P1_R1,651_T3_R1_ex11,left_leg,120,trial_zscore,target_rr,identity,False,10.0,-1,0.029065257886218585,0.9848182391258667,5.356285714285714,46.0,0.04017467248908297,3.2936210726419857,0.9927768438747636,6.8746817024372495,1.1246936602232205,2.718746788372063,1199.0,1145.0,18.0,4.0,18.0,2.0
primary_trial_zscore,651,3,1,11,651_T3_P1_R1,651_T3_R1_ex11,right_leg,120,trial_zscore,target_rr,identity,False,10.0,-1,0.029065257886218585,0.9870771170413952,6.474844934527912,83.0,0.07248908296943231,3.673973281132064,0.9932233662534146,7.954143878838873,1.0088822761493321,2.712348230776787,1199.0,1145.0,18.0,4.0,18.0,2.0
primary_trial_zscore,651,3,1,13,651_T3_P1_R1,651_T3_R1_ex13,trunk_spine,120,trial_zscore,target_rr,identity,False,12.0,-1,0.029225183113874918,0.9817565155301679,5.160255207355977,66.0,0.047653429602888084,3.20733718906098,0.9921635130310603,6.872882403858044,0.964254710978898,2.6589528575676904,1439.0,1385.0,18.0,4.0,18.0,2.0
primary_trial_zscore,651,3,1,13,651_T3_P1_R1,651_T3_R1_ex13,left_arm,120,trial_zscore,target_rr,identity,False,12.0,-1,0.029225183113874918,0.9785433773652267,5.4599601593625495,48.0,0.034657039711191336,3.3861179394457195,0.9907176008568368,7.3432124900767395,0.95298904260034,2.6917796322801664,1439.0,1385.0,18.0,4.0,18.0,2.0
primary_trial_zscore,651,3,1,13,651_T3_P1_R1,651_T3_R1_ex13,right_arm,120,trial_zscore,target_rr,identity,False,12.0,-1,0.029225183113874918,0.9768654052124242,5.302713178294574,51.0,0.0368231046931408,3.315144034790188,0.9891824348446984,7.0091070073362,0.9640466615983861,2.642538330852203,1439.0,1385.0,18.0,4.0,18.0,2.0
primary_trial_zscore,651,3,1,13,651_T3_P1_R1,651_T3_R1_ex13,left_leg,120,trial_zscore,target_rr,identity,False,12.0,-1,0.029225183113874918,0.982292038557658,5.909364261168385,90.0,0.06498194945848375,3.510614267920078,0.9916458407711531,7.965586464009177,0.6532779293853896,2.4009771663286883,1439.0,1385.0,18.0,4.0,18.0,2.0
primary_trial_zscore,651,3,1,13,651_T3_P1_R1,651_T3_R1_ex13,right_leg,120,trial_zscore,target_rr,identity,False,12.0,-1,0.029225183113874918,0.979471617279543,5.5784871899146,49.0,0.03537906137184116,3.4336268672590533,0.9898429132452695,7.269402202412166,0.716497040537146,2.4826199479921125,1439.0,1385.0,18.0,4.0,18.0,2.0
primary_trial_zscore,651,3,2,11,651_T3_P1_R2,651_T3_R2_ex11,trunk_spine,120,trial_zscore,target_rr,identity,False,10.0,-1,0.029065257886218585,0.9924353855852069,6.790797987059669,65.0,0.056768558951965066,3.7305138160467566,0.9953771800798487,8.200822332828393,0.8794046274081004,2.6683698866974037,1199.0,1145.0,18.0,4.0,18.0,2.0
primary_trial_zscore,651,3,2,11,651_T3_P1_R2,651_T3_R2_ex11,left_arm,120,trial_zscore,target_rr,identity,False,10.0,-1,0.029065257886218585,0.9656440428661484,5.2132728304027225,54.0,0.04716157205240175,3.2797194362866517,0.984292918680395,6.952504638218924,1.0199305020821219,2.6785666702570228,1199.0,1145.0,18.0,4.0,18.0,2.0
primary_trial_zscore,651,3,2,11,651_T3_P1_R2,651_T3_R2_ex11,right_arm,120,trial_zscore,target_rr,identity,False,10.0,-1,0.029065257886218585,0.9803004832948098,5.562146050670641,64.0,0.05589519650655022,3.367733127876417,0.9908331582265182,7.382191780821918,0.8832941079571992,2.6440595652198544,1199.0,1145.0,18.0,4.0,18.0,2.0
primary_trial_zscore,651,3,2,11,651_T3_P1_R2,651_T3_R2_ex11,left_leg,120,trial_zscore,target_rr,identity,False,10.0,-1,0.029065257886218585,0.9889157386005464,6.568387997208653,49.0,0.04279475982532751,3.694230092919204,0.9936698886320655,8.901411764705882,0.6828458439421237,2.59235636610743,1199.0,1145.0,18.0,4.0,18.0,2.0
primary_trial_zscore,651,3,2,11,651_T3_P1_R2,651_T3_R2_ex11,right_leg,120,trial_zscore,target_rr,identity,False,10.0,-1,0.029065257886218585,0.9787245219583947,5.31858407079646,56.0,0.04890829694323144,3.276233981319377,0.9901765076696785,7.322843822843823,0.8076393334725294,2.672812165161457,1199.0,1145.0,18.0,4.0,18.0,2.0
primary_trial_zscore,651,3,2,13,651_T3_P1_R2,651_T3_R2_ex13,trunk_spine,120,trial_zscore,target_rr,identity,False,12.0,-1,0.029225183113874918,0.9808996786861836,4.993638676844784,59.0,0.04259927797833935,3.1809717234191286,0.9916279900035702,6.649628920277712,0.9932849399868062,2.629467847523091,1439.0,1385.0,18.0,4.0,18.0,2.0
primary_trial_zscore,651,3,2,13,651_T3_P1_R2,651_T3_R2_ex13,left_arm,120,trial_zscore,target_rr,identity,False,12.0,-1,0.029225183113874918,0.985540878257765,7.022386161282117,58.0,0.04187725631768953,3.8445985893455443,0.9919671545876473,9.032834850455137,0.9077620159433645,2.6612243748504407,1439.0,1385.0,18.0,4.0,18.0,2.0
primary_trial_zscore,651,3,2,13,651_T3_P1_R2,651_T3_R2_ex13,right_arm,120,trial_zscore,target_rr,identity,False,12.0,-1,0.029225183113874918,0.9684398429132453,5.2784588441331,51.0,0.0368231046931408,3.2978758713937166,0.9857550874687612,7.018556176919167,0.945371509904017,2.6634472368557165,1439.0,1385.0,18.0,4.0,18.0,2.0
primary_trial_zscore,651,3,2,13,651_T3_P1_R2,651_T3_R2_ex13,left_leg,120,trial_zscore,target_rr,identity,False,12.0,-1,0.029225183113874918,0.9861121028204213,7.053370786516854,67.0,0.04837545126353791,3.8087977619961464,0.9921456622634773,9.266422140713571,0.653228313657977,2.561430960566332,1439.0,1385.0,18.0,4.0,18.0,2.0
primary_trial_zscore,651,3,2,13,651_T3_P1_R2,651_T3_R2_ex13,right_leg,120,trial_zscore,target_rr,identity,False,12.0,-1,0.029225183113874918,0.9873616565512316,6.045027322404372,51.0,0.0368231046931408,3.554159629890583,0.9934666190646197,7.973352435530086,0.5740778236365511,2.4533439813898514,1439.0,1385.0,18.0,4.0,18.0,2.0
primary_trial_zscore,790,1,1,11,790_T1_P1_R1,790_T1_R1_ex11,trunk_spine,120,trial_zscore,target_rr,identity,False,10.0,-1,0.029065257886218585,0.9924353855852069,7.667207792207792,61.0,0.05327510917030567,3.984436545896898,0.9956135742803109,8.999287749287749,0.892214950439725,2.6931012577223408,1199.0,1145.0,18.0,4.0,18.0,2.0
primary_trial_zscore,790,1,1,11,790_T1_P1_R1,790_T1_R1_ex11,left_arm,120,trial_zscore,target_rr,identity,False,10.0,-1,0.029065257886218585,0.9792498424038664,6.517832167832168,55.0,0.048034934497816595,3.69427791516819,0.9892571968901029,8.841079812206573,0.6970176139079928,2.5232664632195987,1199.0,1145.0,18.0,4.0,18.0,2.0
primary_trial_zscore,790,1,1,11,790_T1_P1_R1,790_T1_R1_ex11,right_arm,120,trial_zscore,target_rr,identity,False,10.0,-1,0.029065257886218585,0.9782517335574701,5.653309046751669,58.0,0.050655021834061134,3.399099981163299,0.9892046648455558,7.4179633641914515,0.9600513327341282,2.5557404547053304,1199.0,1145.0,18.0,4.0,18.0,2.0
primary_trial_zscore,790,1,1,11,790_T1_P1_R1,790_T1_R1_ex11,left_leg,120,trial_zscore,target_rr,identity,False,10.0,-1,0.029065257886218585,0.9894410590460181,8.01148447469162,76.0,0.06637554585152838,4.0175601054796894,0.9943528052111789,10.443310344827585,0.7487529334027313,2.6110012143797774,1199.0,1145.0,18.0,4.0,18.0,2.0
primary_trial_zscore,790,1,1,11,790_T1_P1_R1,790_T1_R1_ex11,right_leg,120,trial_zscore,target_rr,identity,False,10.0,-1,0.029065257886218585,0.993328430342509,8.548372513562388,80.0,0.06986899563318777,4.0941781671620845,0.9957974364362261,10.435452793834298,0.7858358232482536,2.639769419561836,1199.0,1145.0,18.0,4.0,18.0,2.0
primary_trial_zscore,790,1,1,13,790_T1_P1_R1,790_T1_R1_ex13,trunk_spine,120,trial_zscore,target_rr,identity,False,14.0,-1,0.029339143615005683,0.9399426549221191,5.29665211062591,53.0,0.032615384615384616,3.3055329865153746,0.9698034252060032,7.226948989412897,0.7676444264559438,2.488184340824619,1679.0,1625.0,18.0,4.0,18.0,2.0
primary_trial_zscore,790,1,1,13,790_T1_P1_R1,790_T1_R1_ex13,left_arm,120,trial_zscore,target_rr,identity,False,14.0,-1,0.029339143615005683,0.9653604732260481,5.486200822078684,68.0,0.041846153846153845,3.3682675927615664,0.983506832330225,7.3206114208806,0.7549524626301662,2.600502290257135,1679.0,1625.0,18.0,4.0,18.0,2.0
primary_trial_zscore,790,1,1,13,790_T1_P1_R1,790_T1_R1_ex13,right_arm,120,trial_zscore,target_rr,identity,False,14.0,-1,0.029339143615005683,0.9717149278020303,4.791491529741434,53.0,0.032615384615384616,3.108051839828547,0.9868390463151913,6.55628968594474,0.833753210686987,2.590780375931058,1679.0,1625.0,18.0,4.0,18.0,2.0
primary_trial_zscore,790,1,1,13,790_T1_P1_R1,790_T1_R1_ex13,left_leg,120,trial_zscore,target_rr,identity,False,14.0,-1,0.029339143615005683,0.9561645958721876,5.339873052510098,85.0,0.052307692307692305,3.3185788920837367,0.9783664402138816,7.3673409842443105,0.34708784648643953,2.247125116909799,1679.0,1625.0,18.0,4.0,18.0,2.0
primary_trial_zscore,790,1,1,13,790_T1_P1_R1,790_T1_R1_ex13,right_leg,120,trial_zscore,target_rr,identity,False,14.0,-1,0.029339143615005683,0.8828300570867668,5.685742804857761,53.0,0.032615384615384616,3.394547441877713,0.9385606902074238,7.94283528254454,0.44048216950089003,2.2893480458214204,1679.0,1625.0,18.0,4.0,18.0,2.0
primary_trial_zscore,790,1,2,11,790_T1_P1_R2,790_T1_R2_ex11,trunk_spine,120,trial_zscore,target_rr,identity,False,10.0,-1,0.029065257886218585,0.9947993275898298,9.126265060240964,126.0,0.11004366812227075,4.179961812455498,0.997268333683547,9.0121053880845,0.8036587401522607,2.647234997480198,1199.0,1145.0,18.0,4.0,18.0,2.0
primary_trial_zscore,790,1,2,11,790_T1_P1_R2,790_T1_R2_ex11,left_arm,120,trial_zscore,target_rr,identity,False,10.0,-1,0.029065257886218585,0.982769489388527,6.800436205016358,114.0,0.09956331877729258,3.685268094776671,0.9924353855852069,8.724082198106673,0.9230455509370967,2.6915839341943655,1199.0,1145.0,18.0,4.0,18.0,2.0
primary_trial_zscore,790,1,2,11,790_T1_P1_R2,790_T1_R2_ex11,right_arm,120,trial_zscore,target_rr,identity,False,10.0,-1,0.029065257886218585,0.9883904181550746,7.472200158856235,99.0,0.08646288209606987,3.8560113556301143,0.9936961546543391,9.628913209468058,0.8655306965246242,2.626123477778898,1199.0,1145.0,18.0,4.0,18.0,2.0
primary_trial_zscore,790,1,2,11,790_T1_P1_R2,790_T1_R2_ex11,left_leg,120,trial_zscore,target_rr,identity,False,10.0,-1,0.029065257886218585,0.9932233662534146,7.414509803921568,74.0,0.06462882096069869,3.899873852117497,0.9953771800798487,9.476369092273067,0.7734163530550523,2.5606078817107565,1199.0,1145.0,18.0,4.0,18.0,2.0
primary_trial_zscore,790,1,2,11,790_T1_P1_R2,790_T1_R2_ex11,right_leg,120,trial_zscore,target_rr,identity,False,10.0,-1,0.029065257886218585,0.9940638789661693,8.066069906223358,85.0,0.07423580786026202,3.9804306829829383,0.9966116831267073,9.401139742319128,0.8141279650481985,2.6515124139643738,1199.0,1145.0,18.0,4.0,18.0,2.0
primary_trial_zscore,790,1,2,13,790_T1_P1_R2,790_T1_R2_ex13,trunk_spine,120,trial_zscore,target_rr,identity,False,14.0,-1,0.029339143615005683,0.9870844419187353,6.108216112531969,59.0,0.036307692307692305,3.5352429480567116,0.9942267455376746,8.177076694285107,0.8596281794535353,2.629717411930297,1679.0,1625.0,18.0,4.0,18.0,2.0
primary_trial_zscore,790,1,2,13,790_T1_P1_R2,790_T1_R2_ex13,left_arm,120,trial_zscore,target_rr,identity,False,14.0,-1,0.029339143615005683,0.9734714437010823,4.986239745964541,69.0,0.04246153846153846,3.1787319990131686,0.9873944153126857,6.7577123663042515,0.9025195423475751,2.610051293849429,1679.0,1625.0,18.0,4.0,18.0,2.0
primary_trial_zscore,790,1,2,13,790_T1_P1_R2,790_T1_R2_ex13,right_arm,120,trial_zscore,target_rr,identity,False,14.0,-1,0.029339143615005683,0.9876268953581484,7.330138036809816,115.0,0.07076923076923076,3.802432351521825,0.994342985560406,9.83495145631068,0.7680709840038923,2.608183814504752,1679.0,1625.0,18.0,4.0,18.0,2.0
primary_trial_zscore,790,1,2,13,790_T1_P1_R2,790_T1_R2_ex13,left_leg,120,trial_zscore,target_rr,identity,False,14.0,-1,0.029339143615005683,0.9829514633327306,6.446383194985601,99.0,0.06092307692307692,3.663799334659185,0.991656549479503,8.804036234376792,0.7057417455440506,2.555842305012336,1679.0,1625.0,18.0,4.0,18.0,2.0
primary_trial_zscore,790,1,2,13,790_T1_P1_R2,790_T1_R2_ex13,right_leg,120,trial_zscore,target_rr,identity,False,14.0,-1,0.029339143615005683,0.9846046547671324,6.404065860215054,89.0,0.05476923076923077,3.586862667944002,0.9921085940123473,8.678680375098859,0.8304796327745926,2.6030480088554113,1679.0,1625.0,18.0,4.0,18.0,2.0
primary_trial_zscore,790,3,1,11,790_T3_P1_R1,790_T3_R1_ex11,trunk_spine,120,trial_zscore,target_rr,identity,False,10.0,-1,0.029065257886218585,0.9915948728724522,6.466598150051388,36.0,0.0314410480349345,3.678102496159356,0.9955085101912167,8.757162661737523,0.7973512204248657,2.5981883240234445,1199.0,1145.0,18.0,4.0,18.0,2.0
primary_trial_zscore,790,3,1,11,790_T3_P1_R1,790_T3_R1_ex11,left_arm,120,trial_zscore,target_rr,identity,False,10.0,-1,0.029065257886218585,0.990649296070603,6.513989637305699,34.0,0.029694323144104803,3.6899085165105046,0.99516705190166,8.176089771255935,0.8999920819545544,2.6436388488090126,1199.0,1145.0,18.0,4.0,18.0,2.0
primary_trial_zscore,790,3,1,11,790_T3_P1_R1,790_T3_R1_ex11,right_arm,120,trial_zscore,target_rr,identity,False,10.0,-1,0.029065257886218585,0.9901765076696785,7.059550561797753,115.0,0.10043668122270742,3.767224501240265,0.9941426770329901,9.098317307692307,0.977575745156241,2.6322337189105554,1199.0,1145.0,18.0,4.0,18.0,2.0
primary_trial_zscore,790,3,1,11,790_T3_P1_R1,790_T3_R1_ex11,left_leg,120,trial_zscore,target_rr,identity,False,10.0,-1,0.029065257886218585,0.9925404496743013,7.462085308056872,82.0,0.07161572052401746,3.858645990974202,0.9958237024584997,9.419378881987578,0.7675287040293077,2.46473028971599,1199.0,1145.0,18.0,4.0,18.0,2.0
primary_trial_zscore,790,3,1,11,790_T3_P1_R1,790_T3_R1_ex11,right_leg,120,trial_zscore,target_rr,identity,False,10.0,-1,0.029065257886218585,0.9929081739861315,8.852927400468385,53.0,0.0462882096069869,4.190081446763525,0.9961388947257828,10.960982658959537,0.5931693917916134,2.340971704825488,1199.0,1145.0,18.0,4.0,18.0,2.0
primary_trial_zscore,790,3,1,13,790_T3_P1_R1,790_T3_R1_ex13,trunk_spine,120,trial_zscore,target_rr,identity,False,18.0,-1,0.02948935632163146,0.9482719017503024,4.410298411794032,44.0,0.020902612826603325,2.9481577915251713,0.9753074131356906,6.133227406230439,1.0013990737835343,2.6665578812888673,2159.0,2105.0,18.0,4.0,18.0,2.0
primary_trial_zscore,790,3,1,13,790_T3_P1_R1,790_T3_R1_ex13,left_arm,120,trial_zscore,target_rr,identity,False,18.0,-1,0.02948935632163146,0.9713030029248273,4.984205563413484,64.0,0.030403800475059382,3.201735560616198,0.9867157710978056,6.5473251028806585,0.9625387437858207,2.626144667409786,2159.0,2105.0,18.0,4.0,18.0,2.0
primary_trial_zscore,790,3,1,13,790_T3_P1_R1,790_T3_R1_ex13,right_arm,120,trial_zscore,target_rr,identity,False,18.0,-1,0.02948935632163146,0.983323890173499,6.144292412209358,72.0,0.0342042755344418,3.583253653138216,0.9915011561490283,7.914919625939735,0.912191409741968,2.6375099212261537,2159.0,2105.0,18.0,4.0,18.0,2.0
primary_trial_zscore,790,3,1,13,790_T3_P1_R1,790_T3_R1_ex13,left_leg,120,trial_zscore,target_rr,identity,False,18.0,-1,0.02948935632163146,0.9644273616832305,5.254463540797597,57.0,0.027078384798099764,3.275740251947479,0.9826883910386965,6.9443242073368685,0.8125329742424606,2.5796769683061607,2159.0,2105.0,18.0,4.0,18.0,2.0
primary_trial_zscore,790,3,1,13,790_T3_P1_R1,790_T3_R1_ex13,right_leg,120,trial_zscore,target_rr,identity,False,18.0,-1,0.02948935632163146,0.9709354853528934,5.423866552609067,81.0,0.03847980997624703,3.3593298792174306,0.9854753992925287,7.395793828650233,0.7142598492338541,2.6039582311720415,2159.0,2105.0,18.0,4.0,18.0,2.0
primary_trial_zscore,790,3,2,11,790_T3_P1_R2,790_T3_R2_ex11,trunk_spine,120,trial_zscore,target_rr,identity,False,10.0,-1,0.029065257886218585,0.99275057785249,7.8026424442609414,65.0,0.056768558951965066,4.024279542858822,0.9953509140575751,9.13132530120482,0.9794253186246304,2.7021245482749197,1199.0,1145.0,18.0,4.0,18.0,2.0
primary_trial_zscore,790,3,2,11,790_T3_P1_R2,790_T3_R2_ex11,left_arm,120,trial_zscore,target_rr,identity,False,10.0,-1,0.029065257886218585,0.9911746165160749,8.049488054607508,77.0,0.06724890829694323,4.0157619797252275,0.9951933179239336,9.80564182194617,0.9310698109939901,2.694032464050732,1199.0,1145.0,18.0,4.0,18.0,2.0
primary_trial_zscore,790,3,2,11,790_T3_P1_R2,790_T3_R2_ex11,right_arm,120,trial_zscore,target_rr,identity,False,10.0,-1,0.029065257886218585,0.965854171044337,6.878413767302656,92.0,0.08034934497816594,3.646544135664936,0.9825330951880648,8.687180678123548,0.6955959985069616,2.553770362083367,1199.0,1145.0,18.0,4.0,18.0,2.0
primary_trial_zscore,790,3,2,11,790_T3_P1_R2,790_T3_R2_ex11,left_leg,120,trial_zscore,target_rr,identity,False,10.0,-1,0.029065257886218585,0.9817713805421306,5.903032217308907,42.0,0.03668122270742358,3.5016856561907987,0.9908068922042446,7.9987277353689565,0.9165226634611253,2.600493962846435,1199.0,1145.0,18.0,4.0,18.0,2.0
primary_trial_zscore,790,3,2,11,790_T3_P1_R2,790_T3_R2_ex11,right_leg,120,trial_zscore,target_rr,identity,False,10.0,-1,0.029065257886218585,0.9785143937802059,5.334192439862543,45.0,0.039301310043668124,3.31320382713981,0.9887581424669049,7.031004856182293,1.0704992109609022,2.718483368061275,1199.0,1145.0,18.0,4.0,18.0,2.0
primary_trial_zscore,790,3,2,13,790_T3_P1_R2,790_T3_R2_ex13,trunk_spine,120,trial_zscore,target_rr,identity,False,12.0,-1,0.029225183113874918,0.9312745448054266,4.32300298309579,42.0,0.03032490974729242,2.907916131910468,0.9667261692252767,5.859136643946771,0.9146255304020507,2.5878938939063048,1439.0,1385.0,18.0,4.0,18.0,2.0
primary_trial_zscore,790,3,2,13,790_T3_P1_R2,790_T3_R2_ex13,left_arm,120,trial_zscore,target_rr,identity,False,12.0,-1,0.029225183113874918,0.9831845769368083,5.995863270193773,62.0,0.044765342960288806,3.5295482718796847,0.9924312745448054,7.916275096112773,0.8767750843677586,2.641582845560519,1439.0,1385.0,18.0,4.0,18.0,2.0
primary_trial_zscore,790,3,2,13,790_T3_P1_R2,790_T3_R2_ex13,right_arm,120,trial_zscore,target_rr,identity,False,12.0,-1,0.029225183113874918,0.9771153159585863,6.019133494611832,53.0,0.038267148014440436,3.552465378727549,0.9873973580863977,8.36822995461422,0.7794708640230904,2.509090384431814,1439.0,1385.0,18.0,4.0,18.0,2.0
primary_trial_zscore,790,3,2,13,790_T3_P1_R2,790_T3_R2_ex13,left_leg,120,trial_zscore,target_rr,identity,False,12.0,-1,0.029225183113874918,0.9802213495180293,9.222707423580786,81.0,0.05848375451263538,4.171368668977419,0.9904676901106748,11.945317545748116,0.6122583508804869,2.6210378839474675,1439.0,1385.0,18.0,4.0,18.0,2.0
primary_trial_zscore,790,3,2,13,790_T3_P1_R2,790_T3_R2_ex13,right_leg,120,trial_zscore,target_rr,identity,False,12.0,-1,0.029225183113874918,0.9600856836843984,5.081632653061225,44.0,0.03176895306859206,3.2140882899190686,0.9819350232059979,7.115250291036088,0.724482446762363,2.6346694917581615,1439.0,1385.0,18.0,4.0,18.0,2.0
surr_full_shuffle,651,1,1,11,651_T1_P1_R1,651_T1_R1_ex11,trunk_spine,120,amp_preserving,fixed_mean_rescaled,full_shuffle,False,10.0,-1,0.020070540812898892,0.04480791175351845,2.0310344827586206,4.0,0.0034934497816593887,0.19713334577057937,0.06279954355268162,2.0232843137254903,10.532680686379164,30.093373389654758,1199.0,1145.0,18.0,4.0,18.0,2.0
surr_full_shuffle,651,1,1,11,651_T1_P1_R1,651_T1_R1_ex11,left_arm,120,amp_preserving,fixed_mean_rescaled,full_shuffle,False,10.0,-1,0.019711729318716217,0.039736638264910924,2.011764705882353,3.0,0.0026200873362445414,0.0922772477445739,0.09570100697134004,2.028735632183908,22.127037672742457,63.22010763640702,1199.0,1145.0,18.0,4.0,18.0,2.0
surr_full_shuffle,651,1,1,11,651_T1_P1_R1,651_T1_R1_ex11,right_arm,120,amp_preserving,fixed_mean_rescaled,full_shuffle,False,10.0,-1,0.018342138211133844,0.03604428535752934,2.0233644859813085,3.0,0.0026200873362445414,0.15993568229207533,0.06060101556646966,2.0306834030683403,29.589245974304056,84.54070278372588,1199.0,1145.0,18.0,4.0,18.0,2.0
surr_full_shuffle,651,1,1,11,651_T1_P1_R1,651_T1_R1_ex11,left_leg,120,amp_preserving,fixed_mean_rescaled,full_shuffle,False,10.0,-1,0.034183283964943356,0.0651241736644631,2.0391608391608393,4.0,0.0034934497816593887,0.24056644718084016,0.10344827586206896,2.08273381294964,9.870331047403486,28.20094584972425,1199.0,1145.0,18.0,4.0,18.0,2.0
surr_full_shuffle,651,1,1,11,651_T1_P1_R1,651_T1_R1_ex11,right_leg,120,amp_preserving,fixed_mean_rescaled,full_shuffle,False,10.0,-1,0.04588664610498672,0.10454863075233754,2.0455729166666665,4.0,0.0034934497816593887,0.2701553853309618,0.18325957475127275,2.12153312788906,12.558308136432032,35.88088038980581,1199.0,1145.0,18.0,4.0,18.0,2.0
surr_full_shuffle,651,1,1,13,651_T1_P1_R1,651_T1_R1_ex13,trunk_spine,120,amp_preserving,fixed_mean_rescaled,full_shuffle,False,12.0,-1,0.02588948477702886,0.05283520735098537,2.020030816640986,3.0,0.0021660649819494585,0.14161353410594255,0.08652722363277314,2.064423076923077,11.262300609010516,32.17800174003005,1439.0,1385.0,18.0,4.0,18.0,2.0
surr_full_shuffle,651,1,1,13,651_T1_P1_R1,651_T1_R1_ex13,left_arm,120,amp_preserving,fixed_mean_rescaled,full_shuffle,False,12.0,-1,0.023264330877903215,0.05292191774678208,2.0205479452054793,5.0,0.0036101083032490976,0.13299938606353498,0.07471857200520249,2.0695652173913044,31.445165149246403,89.84332899784687,1439.0,1385.0,18.0,4.0,18.0,2.0
surr_full_shuffle,651,1,1,13,651_T1_P1_R1,651_T1_R1_ex13,right_arm,120,amp_preserving,fixed_mean_rescaled,full_shuffle,False,12.0,-1,0.02246405542455291,0.046214584300975386,2.0182555780933065,3.0,0.0021660649819494585,0.13153079002114765,0.07605666511843939,2.0662460567823344,39.169335213538396,111.91238632439543,1439.0,1385.0,18.0,4.0,18.0,2.0
surr_full_shuffle,651,1,1,13,651_T1_P1_R1,651_T1_R1_ex13,left_leg,120,amp_preserving,fixed_mean_rescaled,full_shuffle,False,12.0,-1,0.09165918908203084,0.20147299881613695,2.119640718562874,5.0,0.0036101083032490976,0.5485661771229048,0.3649599307895456,2.345269009911854,38.829480511573394,110.9413728902097,1439.0,1385.0,18.0,4.0,18.0,2.0
surr_full_shuffle,651,1,1,13,651_T1_P1_R1,651_T1_R1_ex13,right_leg,120,amp_preserving,fixed_mean_rescaled,full_shuffle,False,12.0,-1,0.058260470357463325,0.1330635051398689,2.0731026785714284,5.0,0.0036101083032490976,0.3848195636089828,0.26362871163007273,2.2431238095238095,51.57318370457328,147.35195344163796,1439.0,1385.0,18.0,4.0,18.0,2.0
surr_full_shuffle,651,1,2,11,651_T1_P1_R2,651_T1_R2_ex11,trunk_spine,120,amp_preserving,fixed_mean_rescaled,full_shuffle,False,10.0,-1,0.038401991022078356,0.0709315732972844,2.0458715596330275,3.0,0.0026200873362445414,0.2685937636658217,0.1330563397081627,2.114691943127962,11.080256905501,31.657876872860005,1199.0,1145.0,18.0,4.0,18.0,2.0
surr_full_shuffle,651,1,2,11,651_T1_P1_R2,651_T1_R2_ex11,left_arm,120,amp_preserving,fixed_mean_rescaled,full_shuffle,False,10.0,-1,0.022356246373713622,0.042617128807539956,2.0129032258064514,3.0,0.0026200873362445414,0.09947705087439423,0.05863270045075809,2.0464839094159712,40.19389315066557,114.83969471618737,1199.0,1145.0,18.0,4.0,18.0,2.0
surr_full_shuffle,651,1,2,11,651_T1_P1_R2,651_T1_R2_ex11,right_arm,120,amp_preserving,fixed_mean_rescaled,full_shuffle,False,10.0,-1,0.021279811891165602,0.044916409557293535,2.0193548387096776,3.0,0.0026200873362445414,0.13780266627044108,0.058800315706393054,2.015990159901599,57.818830099566846,165.19665742733386,1199.0,1145.0,18.0,4.0,18.0,2.0
surr_full_shuffle,651,1,2,11,651_T1_P1_R2,651_T1_R2_ex11,left_leg,120,amp_preserving,fixed_mean_rescaled,full_shuffle,False,10.0,-1,0.03658503068983418,0.08597303952255748,2.0375865479723045,4.0,0.0034934497816593887,0.2330281769375107,0.15097450022953968,2.0964937699217616,14.036754275774639,40.10501221649897,1199.0,1145.0,18.0,4.0,18.0,2.0
surr_full_shuffle,651,1,2,11,651_T1_P1_R2,651_T1_R2_ex11,right_leg,120,amp_preserving,fixed_mean_rescaled,full_shuffle,False,10.0,-1,0.04033041194613247,0.09017945029151207,2.0552200172562554,4.0,0.0034934497816593887,0.31101745310420814,0.15599681986825167,2.1049808429118775,15.45886929302435,44.16819798006957,1199.0,1145.0,18.0,4.0,18.0,2.0
surr_full_shuffle,651,1,2,13,651_T1_P1_R2,651_T1_R2_ex13,trunk_spine,120,amp_preserving,fixed_mean_rescaled,full_shuffle,False,14.0,-1,0.030981432360742706,0.0599559686888454,2.0323383084577116,4.0,0.0024615384615384616,0.20743636495138557,0.09653864970645792,2.032183316168898,15.324370929651424,43.783916941861214,1679.0,1625.0,18.0,4.0,18.0,2.0
surr_full_shuffle,651,1,2,13,651_T1_P1_R2,651_T1_R2_ex13,left_arm,120,amp_preserving,fixed_mean_rescaled,full_shuffle,False,14.0,-1,0.019572565365668815,0.03806241771857818,2.02680412371134,3.0,0.0018461538461538461,0.17810230690000908,0.04582591187175714,2.030017152658662,39.7898522509465,113.68529214556143,1679.0,1625.0,18.0,4.0,18.0,2.0
surr_full_shuffle,651,1,2,13,651_T1_P1_R2,651_T1_R2_ex13,right_arm,120,amp_preserving,fixed_mean_rescaled,full_shuffle,False,14.0,-1,0.026690413035240623,0.0537225282525981,2.027867095391211,4.0,0.0024615384615384616,0.18454878373765513,0.0857232097223011,2.041934392965844,53.90412826877565,154.01179505364473,1679.0,1625.0,18.0,4.0,18.0,2.0
surr_full_shuffle,651,1,2,13,651_T1_P1_R2,651_T1_R2_ex13,left_leg,120,amp_preserving,fixed_mean_rescaled,full_shuffle,False,14.0,-1,0.029822660098522167,0.06050672155726665,2.028109028960818,4.0,0.0024615384615384616,0.18591321286613421,0.09862519376890042,2.0709711846318037,43.90382536804126,125.43950105154647,1679.0,1625.0,18.0,4.0,18.0,2.0
surr_full_shuffle,651,1,2,13,651_T1_P1_R2,651_T1_R2_ex13,right_leg,120,amp_preserving,fixed_mean_rescaled,full_shuffle,False,14.0,-1,0.04968472906403941,0.09188669747860706,2.0482828969738183,4.0,0.0024615384615384616,0.2822268995584206,0.1627694138104608,2.0944062806673207,46.53149538535417,132.9471296724405,1679.0,1625.0,18.0,4.0,18.0,2.0
surr_full_shuffle,651,3,1,11,651_T3_P1_R1,651_T3_R1_ex11,trunk_spine,120,amp_preserving,fixed_mean_rescaled,full_shuffle,False,10.0,-1,0.02297767734448957,0.04232839391321683,2.0158227848101267,3.0,0.0026200873362445414,0.11729546341427313,0.06811083792943053,2.0398009950248754,14.934425963932407,42.66978846837831,1199.0,1145.0,18.0,4.0,18.0,2.0
surr_full_shuffle,651,3,1,11,651_T3_P1_R1,651_T3_R1_ex11,left_arm,120,amp_preserving,fixed_mean_rescaled,full_shuffle,False,10.0,-1,0.020779002656731913,0.046880740686310526,2.0253968253968253,3.0,0.0026200873362445414,0.17075367702650085,0.05588213682122125,2.0199203187250996,43.02406435477388,122.9258981564968,1199.0,1145.0,18.0,4.0,18.0,2.0
surr_full_shuffle,651,3,1,11,651_T3_P1_R1,651_T3_R1_ex11,right_arm,120,amp_preserving,fixed_mean_rescaled,full_shuffle,False,10.0,-1,0.021646257672458546,0.03413980390773789,2.008298755186722,3.0,0.0026200873362445414,0.06929113246482088,0.05960358326867461,2.046004842615012,47.299421375219055,135.1412039291973,1199.0,1145.0,18.0,4.0,18.0,2.0
surr_full_shuffle,651,3,1,11,651_T3_P1_R1,651_T3_R1_ex11,left_leg,120,amp_preserving,fixed_mean_rescaled,full_shuffle,False,10.0,-1,0.017120652273490702,0.03460269330241684,2.010362694300518,3.0,0.0026200873362445414,0.08318809346068153,0.052305359850173906,2.0364583333333335,9.274106078183149,26.49744593766614,1199.0,1145.0,18.0,4.0,18.0,2.0
surr_full_shuffle,651,3,1,11,651_T3_P1_R1,651_T3_R1_ex11,right_leg,120,amp_preserving,fixed_mean_rescaled,full_shuffle,False,10.0,-1,0.022692155006565486,0.04373570178979949,2.0123839009287927,3.0,0.0026200873362445414,0.09621195286422424,0.07266855066612839,2.043519394512772,10.270862016713169,29.345320047751912,1199.0,1145.0,18.0,4.0,18.0,2.0
surr_full_shuffle,651,3,1,13,651_T3_P1_R1,651_T3_R1_ex13,trunk_spine,120,amp_preserving,fixed_mean_rescaled,full_shuffle,False,12.0,-1,0.02457064752405,0.05325066881820884,2.025848142164782,3.0,0.0021660649819494585,0.17312264652322895,0.0938893371268419,2.060577819198509,15.255345057830366,43.58670016522962,1439.0,1385.0,18.0,4.0,18.0,2.0
surr_full_shuffle,651,3,1,13,651_T3_P1_R1,651_T3_R1_ex13,left_arm,120,amp_preserving,fixed_mean_rescaled,full_shuffle,False,12.0,-1,0.025724630120406503,0.04794159399716082,2.0239726027397262,3.0,0.0021660649819494585,0.1631990604750416,0.08596633542891909,2.033093525179856,36.70400728282891,104.86859223665404,1439.0,1385.0,18.0,4.0,18.0,2.0
surr_full_shuffle,651,3,1,13,651_T3_P1_R1,651_T3_R1_ex13,right_arm,120,amp_preserving,fixed_mean_rescaled,full_shuffle,False,12.0,-1,0.022177124851317793,0.04286050341096213,2.0244444444444443,4.0,0.002888086642599278,0.1641643046307459,0.06422018348623854,2.054176072234763,40.99359795657825,117.12456559022357,1439.0,1385.0,18.0,4.0,18.0,2.0
surr_full_shuffle,651,3,1,13,651_T3_P1_R1,651_T3_R1_ex13,left_leg,120,amp_preserving,fixed_mean_rescaled,full_shuffle,False,12.0,-1,0.04908077878174495,0.08747874149659864,2.060590886329494,4.0,0.002888086642599278,0.3339144238140021,0.16728316326530612,2.1170298627925748,39.3014423098453,112.28983517098658,1439.0,1385.0,18.0,4.0,18.0,2.0
surr_full_shuffle,651,3,1,13,651_T3_P1_R1,651_T3_R1_ex13,right_leg,120,amp_preserving,fixed_mean_rescaled,full_shuffle,False,12.0,-1,0.04960247073308153,0.0953723180479596,2.0525124490719784,5.0,0.0036101083032490976,0.30047107899025544,0.16249474127050906,2.1269273127753303,39.85003637111753,113.85724677462153,1439.0,1385.0,18.0,4.0,18.0,2.0
surr_full_shuffle,651,3,2,11,651_T3_P1_R2,651_T3_R2_ex11,trunk_spine,120,amp_preserving,fixed_mean_rescaled,full_shuffle,False,10.0,-1,0.022614285278040738,0.0443589224225238,2.0153374233128836,3.0,0.0026200873362445414,0.11439224674427967,0.08281007359395044,2.0424646128226476,16.830163726178647,48.086182074796135,1199.0,1145.0,18.0,4.0,18.0,2.0
surr_full_shuffle,651,3,2,11,651_T3_P1_R2,651_T3_R2_ex11,left_arm,120,amp_preserving,fixed_mean_rescaled,full_shuffle,False,10.0,-1,0.023105933367942103,0.044009779951100246,2.0304878048780486,4.0,0.0034934497816593887,0.19519034671871385,0.09499107909865856,2.068345323741007,37.85062886525083,108.14465390071668,1199.0,1145.0,18.0,4.0,18.0,2.0
surr_full_shuffle,651,3,2,11,651_T3_P1_R2,651_T3_R2_ex11,right_arm,120,amp_preserving,fixed_mean_rescaled,full_shuffle,False,10.0,-1,0.02963782941948881,0.05682345062078203,2.016453382084095,3.0,0.0026200873362445414,0.12103490932190832,0.08765648343722632,2.0699513381995134,39.642525632049136,113.26435894871183,1199.0,1145.0,18.0,4.0,18.0,2.0
surr_full_shuffle,651,3,2,11,651_T3_P1_R2,651_T3_R2_ex11,left_leg,120,amp_preserving,fixed_mean_rescaled,full_shuffle,False,10.0,-1,0.043301676489449416,0.08631875881523272,2.057142857142857,4.0,0.0034934497816593887,0.32038835572568436,0.1641925246826516,2.0998872604284102,10.579882261316326,30.228235032332364,1199.0,1145.0,18.0,4.0,18.0,2.0
surr_full_shuffle,651,3,2,11,651_T3_P1_R2,651_T3_R2_ex11,right_leg,120,amp_preserving,fixed_mean_rescaled,full_shuffle,False,10.0,-1,0.03599719058234342,0.07159823549372243,2.0239808153477217,3.0,0.0026200873362445414,0.1632429750148406,0.12357906345436037,2.070717839374556,9.738409921660034,27.824028347600102,1199.0,1145.0,18.0,4.0,18.0,2.0
surr_full_shuffle,651,3,2,13,651_T3_P1_R2,651_T3_R2_ex13,trunk_spine,120,amp_preserving,fixed_mean_rescaled,full_shuffle,False,12.0,-1,0.02291479727050771,0.04908478280666606,2.0111940298507465,3.0,0.0021660649819494585,0.08860876841836095,0.08029778708678627,2.022362385321101,16.73923113064107,47.82637465897449,1439.0,1385.0,18.0,4.0,18.0,2.0
surr_full_shuffle,651,3,2,13,651_T3_P1_R2,651_T3_R2_ex13,left_arm,120,amp_preserving,fixed_mean_rescaled,full_shuffle,False,12.0,-1,0.023178773397884017,0.04654512716632906,2.0155945419103314,3.0,0.0021660649819494585,0.11593297524102222,0.0837947332883187,2.0535024820739105,35.08952835053303,100.25579528723723,1439.0,1385.0,18.0,4.0,18.0,2.0
surr_full_shuffle,651,3,2,13,651_T3_P1_R2,651_T3_R2_ex13,right_arm,120,amp_preserving,fixed_mean_rescaled,full_shuffle,False,12.0,-1,0.025563948999394837,0.056079343700257134,2.0265486725663715,3.0,0.0021660649819494585,0.17677669701805482,0.09928166197298069,2.036416910841356,34.57522932080546,98.78636948801561,1439.0,1385.0,18.0,4.0,18.0,2.0
surr_full_shuffle,651,3,2,13,651_T3_P1_R2,651_T3_R2_ex13,left_leg,120,amp_preserving,fixed_mean_rescaled,full_shuffle,False,12.0,-1,0.043345297468750654,0.09558770430638135,2.0543197102948785,4.0,0.002888086642599278,0.30843230797910776,0.1876128348939653,2.163797890061077,47.72595655765236,136.35987587900675,1439.0,1385.0,18.0,4.0,18.0,2.0
surr_full_shuffle,651,3,2,13,651_T3_P1_R2,651_T3_R2_ex13,right_leg,120,amp_preserving,fixed_mean_rescaled,full_shuffle,False,12.0,-1,0.07846977316833956,0.16902681931203212,2.0788225674570726,5.0,0.0036101083032490976,0.40684277242563816,0.31646655231560894,2.2294506112125894,45.74302540536218,130.6943583010348,1439.0,1385.0,18.0,4.0,18.0,2.0
surr_full_shuffle,790,1,1,11,790_T1_P1_R1,790_T1_R1_ex11,trunk_spine,120,amp_preserving,fixed_mean_rescaled,full_shuffle,False,10.0,-1,0.020069013955476837,0.04245283018867924,2.0144404332129966,3.0,0.0026200873362445414,0.10896707770579583,0.04682744978697505,2.0347107438016527,14.558079755395209,41.594513586843455,1199.0,1145.0,18.0,4.0,18.0,2.0
surr_full_shuffle,790,1,1,11,790_T1_P1_R1,790_T1_R1_ex11,left_arm,120,amp_preserving,fixed_mean_rescaled,full_shuffle,False,10.0,-1,0.04544233059516902,0.08809891808346214,2.0468384074941453,4.0,0.0034934497816593887,0.2753059259478101,0.15111551643034743,2.1085325832161277,60.38222386589973,172.52063961685639,1199.0,1145.0,18.0,4.0,18.0,2.0
surr_full_shuffle,790,1,1,11,790_T1_P1_R1,790_T1_R1_ex11,right_arm,120,amp_preserving,fixed_mean_rescaled,full_shuffle,False,10.0,-1,0.022788347024154883,0.04676716917922948,2.0290697674418605,3.0,0.0026200873362445414,0.18970511913463559,0.10542713567839196,2.06090373280943,53.28032578706827,152.2295022487665,1199.0,1145.0,18.0,4.0,18.0,2.0
surr_full_shuffle,790,1,1,11,790_T1_P1_R1,790_T1_R1_ex11,left_leg,120,amp_preserving,fixed_mean_rescaled,full_shuffle,False,10.0,-1,0.030895959935261244,0.06454163577958982,2.040625,3.0,0.0026200873362445414,0.24515048906086465,0.1285396590066716,2.1146341463414635,8.887056851021683,25.391591002919096,1199.0,1145.0,18.0,4.0,18.0,2.0
surr_full_shuffle,790,1,1,11,790_T1_P1_R1,790_T1_R1_ex11,right_leg,120,amp_preserving,fixed_mean_rescaled,full_shuffle,False,10.0,-1,0.0251076434482548,0.04554852833860375,2.013440860215054,3.0,0.0026200873362445414,0.10282508726960156,0.06719776210167842,2.0256645279560037,10.10058906017096,28.85882588620274,1199.0,1145.0,18.0,4.0,18.0,2.0
surr_full_shuffle,790,1,1,13,790_T1_P1_R1,790_T1_R1_ex13,trunk_spine,120,amp_preserving,fixed_mean_rescaled,full_shuffle,False,14.0,-1,0.03384842743463433,0.0694086828023196,2.026143790849673,4.0,0.0024615384615384616,0.17518471151940107,0.0960862458858563,2.0474713740458017,21.69902266796048,61.997207622744234,1679.0,1625.0,18.0,4.0,18.0,2.0
surr_full_shuffle,790,1,1,13,790_T1_P1_R1,790_T1_R1_ex13,left_arm,120,amp_preserving,fixed_mean_rescaled,full_shuffle,False,14.0,-1,0.03022963243652899,0.06405435218612114,2.04073482428115,4.0,0.0024615384615384616,0.2475536970478898,0.08196700762133975,2.0699588477366255,62.311456552435686,178.03273300695912,1679.0,1625.0,18.0,4.0,18.0,2.0
surr_full_shuffle,790,1,1,13,790_T1_P1_R1,790_T1_R1_ex13,right_arm,120,amp_preserving,fixed_mean_rescaled,full_shuffle,False,14.0,-1,0.026867752936718454,0.05452442739478732,2.0304621848739495,4.0,0.0024615384615384616,0.19797104395200782,0.09672232878257926,2.037433155080214,57.119405083168786,163.19830023762512,1679.0,1625.0,18.0,4.0,18.0,2.0
surr_full_shuffle,790,1,1,13,790_T1_P1_R1,790_T1_R1_ex13,left_leg,120,amp_preserving,fixed_mean_rescaled,full_shuffle,False,14.0,-1,0.11331640773020084,0.22386821917991453,2.1437812219802743,7.0,0.0043076923076923075,0.6224273144849912,0.40391650671143187,2.432152709260415,48.37282714225541,138.20807754930118,1679.0,1625.0,18.0,4.0,18.0,2.0
surr_full_shuffle,790,1,1,13,790_T1_P1_R1,790_T1_R1_ex13,right_leg,120,amp_preserving,fixed_mean_rescaled,full_shuffle,False,14.0,-1,0.09738309965896173,0.17999642014988676,2.128566169703663,6.0,0.0036923076923076922,0.5771298315047144,0.3127349276636809,2.3566443818906873,48.38823108596804,138.25208881705154,1679.0,1625.0,18.0,4.0,18.0,2.0
surr_full_shuffle,790,1,2,11,790_T1_P1_R2,790_T1_R2_ex11,trunk_spine,120,amp_preserving,fixed_mean_rescaled,full_shuffle,False,10.0,-1,0.017522215775490884,0.03354827466016033,2.037037037037037,3.0,0.0026200873362445414,0.22853814395352803,0.03115196932729174,2.0140845070422535,18.172635161462168,51.92181474703477,1199.0,1145.0,18.0,4.0,18.0,2.0
surr_full_shuffle,790,1,2,11,790_T1_P1_R2,790_T1_R2_ex11,left_arm,120,amp_preserving,fixed_mean_rescaled,full_shuffle,False,10.0,-1,0.022847894463614987,0.05098904036353916,2.0185185185185186,3.0,0.0026200873362445414,0.13303964861069892,0.06876503608660786,2.035608308605341,51.05412200891019,145.8689200254577,1199.0,1145.0,18.0,4.0,18.0,2.0
surr_full_shuffle,790,1,2,11,790_T1_P1_R2,790_T1_R2_ex11,right_arm,120,amp_preserving,fixed_mean_rescaled,full_shuffle,False,10.0,-1,0.02260054356124225,0.039319010944466964,2.0208333333333335,3.0,0.0026200873362445414,0.1460942501201363,0.05256046480205378,2.012936610608021,48.84492192437128,139.55691978391795,1199.0,1145.0,18.0,4.0,18.0,2.0
surr_full_shuffle,790,1,2,11,790_T1_P1_R2,790_T1_R2_ex11,left_leg,120,amp_preserving,fixed_mean_rescaled,full_shuffle,False,10.0,-1,0.03246556936513268,0.06226778911724592,2.0244648318042815,4.0,0.0034934497816593887,0.1657256417153059,0.12754550157550676,2.0421686746987953,12.793821660526929,36.553776172934086,1199.0,1145.0,18.0,4.0,18.0,2.0
surr_full_shuffle,790,1,2,11,790_T1_P1_R2,790_T1_R2_ex11,right_leg,120,amp_preserving,fixed_mean_rescaled,full_shuffle,False,10.0,-1,0.022954774483158764,0.04849008913130238,2.0193905817174516,4.0,0.0034934497816593887,0.13282360975805024,0.07805640548090993,2.0806737588652484,11.871255651131415,33.9178732889469,1199.0,1145.0,18.0,4.0,18.0,2.0
surr_full_shuffle,790,1,2,13,790_T1_P1_R2,790_T1_R2_ex13,trunk_spine,120,amp_preserving,fixed_mean_rescaled,full_shuffle,False,14.0,-1,0.021095869647593784,0.03754131340709872,2.021276595744681,3.0,0.0018461538461538461,0.14854949043034824,0.05787469464003449,2.0238693467336684,19.070821391653904,54.48806111901116,1679.0,1625.0,18.0,4.0,18.0,2.0
surr_full_shuffle,790,1,2,13,790_T1_P1_R2,790_T1_R2_ex13,left_arm,120,amp_preserving,fixed_mean_rescaled,full_shuffle,False,14.0,-1,0.028413793103448277,0.05550517443721327,2.0282651072124755,3.0,0.0018461538461538461,0.18561541114925592,0.08291102101781714,2.047760210803689,60.329697213635015,172.37056346752863,1679.0,1625.0,18.0,4.0,18.0,2.0
surr_full_shuffle,790,1,2,13,790_T1_P1_R2,790_T1_R2_ex13,right_arm,120,amp_preserving,fixed_mean_rescaled,full_shuffle,False,14.0,-1,0.02330882910193255,0.04564962934061646,2.0172413793103448,4.0,0.0024615384615384616,0.11889690160368628,0.06613343737807258,2.0514372163388805,59.15063214469959,169.00180612771314,1679.0,1625.0,18.0,4.0,18.0,2.0
surr_full_shuffle,790,1,2,13,790_T1_P1_R2,790_T1_R2_ex13,left_leg,120,amp_preserving,fixed_mean_rescaled,full_shuffle,False,14.0,-1,0.039522546419098144,0.07652924256951102,2.0351861295257523,4.0,0.0024615384615384616,0.22148919319369376,0.14464046021093002,2.1072775527308285,29.52080750213928,84.34516429182652,1679.0,1625.0,18.0,4.0,18.0,2.0
surr_full_shuffle,790,1,2,13,790_T1_P1_R2,790_T1_R2_ex13,right_leg,120,amp_preserving,fixed_mean_rescaled,full_shuffle,False,14.0,-1,0.028314513073133762,0.05446856347528171,2.035,3.0,0.0018461538461538461,0.21887772653901102,0.09511255052059635,2.040482342807924,29.345172793211287,83.84335083774654,1679.0,1625.0,18.0,4.0,18.0,2.0
surr_full_shuffle,790,3,1,11,790_T3_P1_R1,790_T3_R1_ex11,trunk_spine,120,amp_preserving,fixed_mean_rescaled,full_shuffle,False,10.0,-1,0.02830488289003573,0.05264861365843133,2.020703933747412,3.0,0.0026200873362445414,0.14537489531940137,0.10454202179307369,2.01875,14.462627324458278,41.321792355595086,1199.0,1145.0,18.0,4.0,18.0,2.0
surr_full_shuffle,790,3,1,11,790_T3_P1_R1,790_T3_R1_ex11,left_arm,120,amp_preserving,fixed_mean_rescaled,full_shuffle,False,10.0,-1,0.022947140196048495,0.05096812828531506,2.0318302387267906,3.0,0.0026200873362445414,0.20348896622954651,0.10080511012043383,2.055630936227951,40.589465583806856,115.96990166801959,1199.0,1145.0,18.0,4.0,18.0,2.0
surr_full_shuffle,790,3,1,11,790_T3_P1_R1,790_T3_R1_ex11,right_arm,120,amp_preserving,fixed_mean_rescaled,full_shuffle,False,10.0,-1,0.01854673710568907,0.04009220383633819,2.0041152263374484,3.0,0.0026200873362445414,0.03853718088787195,0.06433687330204989,2.059288537549407,29.25883325536142,83.59666644388977,1199.0,1145.0,18.0,4.0,18.0,2.0
surr_full_shuffle,790,3,1,11,790_T3_P1_R1,790_T3_R1_ex11,left_leg,120,amp_preserving,fixed_mean_rescaled,full_shuffle,False,10.0,-1,0.029161449903807982,0.05775171474946332,2.0238532110091745,4.0,0.0034934497816593887,0.1617393260208924,0.10063354102309022,2.0868621064060804,12.136850225299892,34.676714929428265,1199.0,1145.0,18.0,4.0,18.0,2.0
surr_full_shuffle,790,3,1,11,790_T3_P1_R1,790_T3_R1_ex11,right_leg,120,amp_preserving,fixed_mean_rescaled,full_shuffle,False,10.0,-1,0.04736311723211287,0.09709864603481624,2.050374404356705,5.0,0.004366812227074236,0.2891907541673118,0.1718729851708575,2.1224124203821657,17.089278881766482,48.826511090761386,1199.0,1145.0,18.0,4.0,18.0,2.0
surr_full_shuffle,790,3,1,13,790_T3_P1_R1,790_T3_R1_ex13,trunk_spine,120,amp_preserving,fixed_mean_rescaled,full_shuffle,False,18.0,-1,0.019831019751993716,0.03839234885574405,2.0167464114832536,4.0,0.0019002375296912114,0.12175187775594039,0.06553569395422976,2.0734870317002883,21.08346592496389,60.2384740713254,2159.0,2105.0,18.0,4.0,18.0,2.0
surr_full_shuffle,790,3,1,13,790_T3_P1_R1,790_T3_R1_ex13,left_arm,120,amp_preserving,fixed_mean_rescaled,full_shuffle,False,18.0,-1,0.023514987852569023,0.04823997081020875,2.0176706827309236,3.0,0.0014251781472684087,0.12815434689197783,0.07081404950742227,2.0361678630590836,59.60521817600877,170.30062336002507,2159.0,2105.0,18.0,4.0,18.0,2.0
surr_full_shuffle,790,3,1,13,790_T3_P1_R1,790_T3_R1_ex13,right_arm,120,amp_preserving,fixed_mean_rescaled,full_shuffle,False,18.0,-1,0.02009293462062986,0.04009439262838521,2.018099547511312,3.0,0.0014251781472684087,0.13063279721744064,0.06258006517586245,2.0265647743813684,47.948596733226836,136.9959906663624,2159.0,2105.0,18.0,4.0,18.0,2.0
surr_full_shuffle,790,3,1,13,790_T3_P1_R1,790_T3_R1_ex13,left_leg,120,amp_preserving,fixed_mean_rescaled,full_shuffle,False,18.0,-1,0.03089963241602919,0.06330926840674597,2.030942334739803,4.0,0.0019002375296912114,0.20043497883361133,0.11245725309093035,2.1145919208573782,43.76121626172772,125.0320464620792,2159.0,2105.0,18.0,4.0,18.0,2.0
surr_full_shuffle,790,3,1,13,790_T3_P1_R1,790_T3_R1_ex13,right_leg,120,amp_preserving,fixed_mean_rescaled,full_shuffle,False,18.0,-1,0.04078917659384229,0.0773863560879481,2.040280210157618,4.0,0.0019002375296912114,0.24578425586685673,0.12756017093638597,2.123088262391745,62.218414825674344,177.7668995019267,2159.0,2105.0,18.0,4.0,18.0,2.0
surr_full_shuffle,790,3,2,11,790_T3_P1_R2,790_T3_R2_ex11,trunk_spine,120,amp_preserving,fixed_mean_rescaled,full_shuffle,False,10.0,-1,0.022318074938162274,0.040295546281726755,2.0240549828178693,3.0,0.0026200873362445414,0.16363937591951094,0.04453718273243484,2.009259259259259,19.26325137195288,55.03786106272251,1199.0,1145.0,18.0,4.0,18.0,2.0
surr_full_shuffle,790,3,2,11,790_T3_P1_R2,790_T3_R2_ex11,left_arm,120,amp_preserving,fixed_mean_rescaled,full_shuffle,False,10.0,-1,0.02334259626836046,0.045722135007849295,2.0319767441860463,3.0,0.0026200873362445414,0.20421026621447996,0.07358712715855573,2.052919708029197,47.185625831011606,134.81607380289032,1199.0,1145.0,18.0,4.0,18.0,2.0
surr_full_shuffle,790,3,2,11,790_T3_P1_R2,790_T3_R2_ex11,right_arm,120,amp_preserving,fixed_mean_rescaled,full_shuffle,False,10.0,-1,0.041412953858368705,0.07801496884562917,2.0365736284889318,4.0,0.0034934497816593887,0.22791935672275962,0.1245621796998857,2.04633555420957,62.415027046048294,178.32864870299514,1199.0,1145.0,18.0,4.0,18.0,2.0
surr_full_shuffle,790,3,2,11,790_T3_P1_R2,790_T3_R2_ex11,left_leg,120,amp_preserving,fixed_mean_rescaled,full_shuffle,False,10.0,-1,0.023710568907075458,0.051902891364543756,2.0251256281407035,3.0,0.0026200873362445414,0.16932446044948007,0.07547169811320754,2.0688437775816415,13.2861944787841,37.96055565366886,1199.0,1145.0,18.0,4.0,18.0,2.0
surr_full_shuffle,790,3,2,11,790_T3_P1_R2,790_T3_R2_ex11,right_leg,120,amp_preserving,fixed_mean_rescaled,full_shuffle,False,10.0,-1,0.01798332671695117,0.03557480047546273,2.024154589371981,3.0,0.0026200873362445414,0.16417120875391775,0.03710307352691459,2.0184757505773674,11.871902550202051,33.91972157200586,1199.0,1145.0,18.0,4.0,18.0,2.0
surr_full_shuffle,790,3,2,13,790_T3_P1_R2,790_T3_R2_ex13,trunk_spine,120,amp_preserving,fixed_mean_rescaled,full_shuffle,False,12.0,-1,0.028468729784436885,0.05284955103536742,2.0224403927068724,3.0,0.0021660649819494585,0.15493169201150253,0.0862561847168774,2.0420824295010847,22.905319764737172,65.44377075639193,1439.0,1385.0,18.0,4.0,18.0,2.0
surr_full_shuffle,790,3,2,13,790_T3_P1_R2,790_T3_R2_ex13,left_arm,120,amp_preserving,fixed_mean_rescaled,full_shuffle,False,12.0,-1,0.021497881930677573,0.044360318384779655,2.031111111111111,3.0,0.0021660649819494585,0.19993378119137847,0.07522811104639876,2.031454783748362,48.92847379301684,139.79563940861956,1439.0,1385.0,18.0,4.0,18.0,2.0
surr_full_shuffle,790,3,2,13,790_T3_P1_R2,790_T3_R2_ex13,right_arm,120,amp_preserving,fixed_mean_rescaled,full_shuffle,False,12.0,-1,0.031688612508086224,0.06400842909354318,2.0377358490566038,4.0,0.002888086642599278,0.23343157039877646,0.09751078331302887,2.073153657682884,45.9280688237607,131.22305378217342,1439.0,1385.0,18.0,4.0,18.0,2.0
surr_full_shuffle,790,3,2,13,790_T3_P1_R2,790_T3_R2_ex13,left_leg,120,amp_preserving,fixed_mean_rescaled,full_shuffle,False,12.0,-1,0.04674672899146512,0.0814007990536348,2.0385690329793182,4.0,0.002888086642599278,0.2358842260515765,0.14246813829431065,2.136569037656904,67.80505716752842,193.72873476436692,1439.0,1385.0,18.0,4.0,18.0,2.0
surr_full_shuffle,790,3,2,13,790_T3_P1_R2,790_T3_R2_ex13,right_leg,120,amp_preserving,fixed_mean_rescaled,full_shuffle,False,12.0,-1,0.033652261012917094,0.06790066040368338,2.0372093023255813,4.0,0.002888086642599278,0.23105965565706604,0.11132297770750008,2.0452862432355454,52.89805875642912,151.13731073265464,1439.0,1385.0,18.0,4.0,18.0,2.0
surr_block_shuffle,651,1,1,11,651_T1_P1_R1,651_T1_R1_ex11,trunk_spine,120,amp_preserving,fixed_mean_rescaled,block_shuffle,False,10.0,-1,0.01989495220936269,0.9641596316193399,4.918950665622553,21.0,0.01834061135371179,3.1665566625901675,0.9853415195702225,7.120909595119246,10.787753252380135,30.82215214965753,1199.0,1145.0,18.0,4.0,18.0,2.0
surr_block_shuffle,651,1,1,11,651_T1_P1_R1,651_T1_R1_ex11,left_arm,120,amp_preserving,fixed_mean_rescaled,block_shuffle,False,10.0,-1,0.01846428680489816,0.930538327958323,4.236822289156627,17.0,0.014847161572052401,2.8706809401181648,0.9688249400479616,5.777120315581854,22.05433448195972,63.01238423417064,1199.0,1145.0,18.0,4.0,18.0,2.0
surr_block_shuffle,651,1,1,11,651_T1_P1_R1,651_T1_R1_ex11,right_arm,120,amp_preserving,fixed_mean_rescaled,block_shuffle,False,10.0,-1,0.017285552875072524,0.9369313664870594,4.0749135612754515,21.0,0.01834061135371179,2.773736079232049,0.9747372140270294,5.535490343616755,29.495210341183036,84.27202954623725,1199.0,1145.0,18.0,4.0,18.0,2.0
surr_block_shuffle,651,1,1,11,651_T1_P1_R1,651_T1_R1_ex11,left_leg,120,amp_preserving,fixed_mean_rescaled,block_shuffle,False,10.0,-1,0.032497633370995815,0.9708231535425672,5.510133333333333,36.0,0.0314410480349345,3.403053264163139,0.9906737455365533,7.917949680811115,10.022686773800507,28.636247925144307,1199.0,1145.0,18.0,4.0,18.0,2.0
surr_block_shuffle,651,1,1,11,651_T1_P1_R1,651_T1_R1_ex11,right_leg,120,amp_preserving,fixed_mean_rescaled,block_shuffle,False,10.0,-1,0.05102604818762024,0.9770190610131961,6.291136801541426,77.0,0.06724890829694323,3.6359470854774574,0.9908584936712649,9.110881826936305,13.005570041414062,37.15877154689732,1199.0,1145.0,18.0,4.0,18.0,2.0
surr_block_shuffle,651,1,1,13,651_T1_P1_R1,651_T1_R1_ex13,trunk_spine,120,amp_preserving,fixed_mean_rescaled,block_shuffle,False,12.0,-1,0.027421172346153044,0.9345534797001637,4.02639344262295,28.0,0.020216606498194945,2.7529929228394163,0.9749629009550626,5.696531791907514,11.320691968139267,32.34483419468362,1439.0,1385.0,18.0,4.0,18.0,2.0
surr_block_shuffle,651,1,1,13,651_T1_P1_R1,651_T1_R1_ex13,left_arm,120,amp_preserving,fixed_mean_rescaled,block_shuffle,False,12.0,-1,0.021945493624924355,0.931345980126468,3.890566037735849,24.0,0.017328519855595668,2.6698820256491143,0.9758950221081159,5.337667403458588,31.58569637159413,90.24484677598323,1439.0,1385.0,18.0,4.0,18.0,2.0
surr_block_shuffle,651,1,1,13,651_T1_P1_R1,651_T1_R1_ex13,right_arm,120,amp_preserving,fixed_mean_rescaled,block_shuffle,False,12.0,-1,0.023546044531624965,0.9426596357513183,4.316761363636363,36.0,0.025992779783393503,2.911061789072702,0.9770904417955422,5.957044441442658,39.21511744276897,112.04319269362564,1439.0,1385.0,18.0,4.0,18.0,2.0
surr_block_shuffle,651,1,1,13,651_T1_P1_R1,651_T1_R1_ex13,left_leg,120,amp_preserving,fixed_mean_rescaled,block_shuffle,False,12.0,-1,0.07936708332463847,0.9788344485782271,6.874434493583233,63.0,0.04548736462093863,3.8334695461512616,0.9913760237685199,9.895807361721673,39.518137435961634,112.90896410274753,1439.0,1385.0,18.0,4.0,18.0,2.0
surr_block_shuffle,651,1,1,13,651_T1_P1_R1,651_T1_R1_ex13,right_leg,120,amp_preserving,fixed_mean_rescaled,block_shuffle,False,12.0,-1,0.05189582855115711,0.9553058024046001,5.2953304357516995,48.0,0.034657039711191336,3.3364175023212157,0.9819755518919137,7.644025354096565,53.09988242663571,151.71394979038774,1439.0,1385.0,18.0,4.0,18.0,2.0
surr_block_shuffle,651,1,2,11,651_T1_P1_R2,651_T1_R2_ex11,trunk_spine,120,amp_preserving,fixed_mean_rescaled,block_shuffle,False,10.0,-1,0.03829205728769047,0.9509549822560708,4.7583798882681565,29.0,0.025327510917030567,3.1302587530082833,0.9798237569281072,6.601208865010074,11.415216686297661,32.61490481799332,1199.0,1145.0,18.0,4.0,18.0,2.0
surr_block_shuffle,651,1,2,11,651_T1_P1_R2,651_T1_R2_ex11,left_arm,120,amp_preserving,fixed_mean_rescaled,block_shuffle,False,10.0,-1,0.021372950193910892,0.9454922131733104,4.3450426789231775,25.0,0.021834061135371178,2.9226650066187583,0.977818259751393,6.073885067672509,39.973497715239276,114.20999347211222,1199.0,1145.0,18.0,4.0,18.0,2.0
surr_block_shuffle,651,1,2,11,651_T1_P1_R2,651_T1_R2_ex11,right_arm,120,amp_preserving,fixed_mean_rescaled,block_shuffle,False,10.0,-1,0.01797416557241885,0.9351002378525314,3.8408932309839496,23.0,0.020087336244541485,2.6360080808484443,0.9787631668365613,5.340440324449594,60.47543722454676,172.78696349870503,1199.0,1145.0,18.0,4.0,18.0,2.0
surr_block_shuffle,651,1,2,11,651_T1_P1_R2,651_T1_R2_ex11,left_leg,120,amp_preserving,fixed_mean_rescaled,block_shuffle,False,10.0,-1,0.031984609277185695,0.9602348672904335,5.147134083930399,46.0,0.04017467248908297,3.2710372314800527,0.9840796257399275,7.1802507836990594,14.799645045996876,42.28470013141965,1199.0,1145.0,18.0,4.0,18.0,2.0
surr_block_shuffle,651,1,2,11,651_T1_P1_R2,651_T1_R2_ex11,right_leg,120,amp_preserving,fixed_mean_rescaled,block_shuffle,False,10.0,-1,0.0392722997526491,0.9538898176587225,4.880644519594191,44.0,0.03842794759825328,3.166293746603685,0.9813770848722834,6.827698133621856,15.81802459110367,45.19435597458192,1199.0,1145.0,18.0,4.0,18.0,2.0
surr_block_shuffle,651,1,2,13,651_T1_P1_R2,651_T1_R2_ex13,trunk_spine,120,amp_preserving,fixed_mean_rescaled,block_shuffle,False,14.0,-1,0.028733611216369838,0.9226670886743683,3.646997497914929,20.0,0.012307692307692308,2.517730595259628,0.9695363190378224,4.956381042270613,15.28734302410346,43.67812292600989,1679.0,1625.0,18.0,4.0,18.0,2.0
surr_block_shuffle,651,1,2,13,651_T1_P1_R2,651_T1_R2_ex13,left_arm,120,amp_preserving,fixed_mean_rescaled,block_shuffle,False,14.0,-1,0.01844486547934824,0.9263291971402745,3.758752917639213,22.0,0.01353846153846154,2.5908102907013,0.97119730462651,5.102979274611399,39.40052151542275,112.57291861549359,1679.0,1625.0,18.0,4.0,18.0,2.0
surr_block_shuffle,651,1,2,13,651_T1_P1_R2,651_T1_R2_ex13,right_arm,120,amp_preserving,fixed_mean_rescaled,block_shuffle,False,14.0,-1,0.025498294808639636,0.9322930598900282,4.090103012126744,26.0,0.016,2.7917944167439153,0.9711547035220687,5.667736339982654,54.57030968628619,155.91517053224626,1679.0,1625.0,18.0,4.0,18.0,2.0
surr_block_shuffle,651,1,2,13,651_T1_P1_R2,651_T1_R2_ex13,left_leg,120,amp_preserving,fixed_mean_rescaled,block_shuffle,False,14.0,-1,0.028518378173550588,0.9373106563911773,4.714744018179387,82.0,0.05046153846153846,2.9839408999607406,0.9752591017804942,6.673152104736794,44.54996815757001,127.28562330734289,1679.0,1625.0,18.0,4.0,18.0,2.0
surr_block_shuffle,651,1,2,13,651_T1_P1_R2,651_T1_R2_ex13,right_leg,120,amp_preserving,fixed_mean_rescaled,block_shuffle,False,14.0,-1,0.05254717696097006,0.9623283719856929,5.501195481902878,66.0,0.040615384615384616,3.4094582353024134,0.9845390561901465,7.944602851323829,45.255066115484446,129.30018890138413,1679.0,1625.0,18.0,4.0,18.0,2.0
surr_block_shuffle,651,3,1,11,651_T3_P1_R1,651_T3_R1_ex11,trunk_spine,120,amp_preserving,fixed_mean_rescaled,block_shuffle,False,10.0,-1,0.019017009191681682,0.9478121236451225,4.498856707317073,33.0,0.028820960698689956,2.9961843942782527,0.981453231633882,6.084619213539074,15.214280767770127,43.469373622200365,1199.0,1145.0,18.0,4.0,18.0,2.0
surr_block_shuffle,651,3,1,11,651_T3_P1_R1,651_T3_R1_ex11,left_arm,120,amp_preserving,fixed_mean_rescaled,block_shuffle,False,10.0,-1,0.016593886462882096,0.9255612808244387,4.033279871692061,22.0,0.01921397379912664,2.7553109425414917,0.9686694884063305,5.485930171964565,42.873573085072955,122.49592310020846,1199.0,1145.0,18.0,4.0,18.0,2.0
surr_block_shuffle,651,3,1,11,651_T3_P1_R1,651_T3_R1_ex11,right_arm,120,amp_preserving,fixed_mean_rescaled,block_shuffle,False,10.0,-1,0.01567166457996152,0.9116328916601715,3.4953305939484496,15.0,0.013100436681222707,2.4057666406727343,0.9650233826968043,4.872110181997049,48.448734222538604,138.42495492153887,1199.0,1145.0,18.0,4.0,18.0,2.0
surr_block_shuffle,651,3,1,11,651_T3_P1_R1,651_T3_R1_ex11,left_leg,120,amp_preserving,fixed_mean_rescaled,block_shuffle,False,10.0,-1,0.013558493907838885,0.9367117117117117,3.85628187297172,20.0,0.017467248908296942,2.6443289853468,0.9748873873873873,5.107374631268437,9.705632463653902,27.730378467582582,1199.0,1145.0,18.0,4.0,18.0,2.0
surr_block_shuffle,651,3,1,11,651_T3_P1_R1,651_T3_R1_ex11,right_leg,120,amp_preserving,fixed_mean_rescaled,block_shuffle,False,10.0,-1,0.01662136989647907,0.9448833363953703,4.3200335993280135,20.0,0.017467248908296942,2.8968627841520895,0.9762998346500091,5.8848283499446294,10.36021718516738,29.60062052904966,1199.0,1145.0,18.0,4.0,18.0,2.0
surr_block_shuffle,651,3,1,13,651_T3_P1_R1,651_T3_R1_ex13,trunk_spine,120,amp_preserving,fixed_mean_rescaled,block_shuffle,False,12.0,-1,0.02315268880031719,0.9359621451104101,3.95148401826484,23.0,0.01660649819494585,2.7051837827409604,0.9737494366831906,5.404577288644322,15.627846473177566,44.65098992336448,1439.0,1385.0,18.0,4.0,18.0,2.0
surr_block_shuffle,651,3,1,13,651_T3_P1_R1,651_T3_R1_ex13,left_arm,120,amp_preserving,fixed_mean_rescaled,block_shuffle,False,12.0,-1,0.021220341812566514,0.9219195594453732,3.8604076590487955,43.0,0.03104693140794224,2.6378291980607367,0.9687284885436129,5.248967630211802,37.70145706155088,107.71844874728824,1439.0,1385.0,18.0,4.0,18.0,2.0
surr_block_shuffle,651,3,1,13,651_T3_P1_R1,651_T3_R1_ex13,right_arm,120,amp_preserving,fixed_mean_rescaled,block_shuffle,False,12.0,-1,0.02178481250391269,0.9444896786244552,4.159460029529635,20.0,0.01444043321299639,2.8230796792743194,0.978638823698453,5.654628476546285,41.48462415942726,118.52749759836362,1439.0,1385.0,18.0,4.0,18.0,2.0
surr_block_shuffle,651,3,1,13,651_T3_P1_R1,651_T3_R1_ex13,left_leg,120,amp_preserving,fixed_mean_rescaled,block_shuffle,False,12.0,-1,0.05522109304897644,0.9650826641473783,5.4424080980287695,45.0,0.032490974729241874,3.3862845403788335,0.9866792631081719,7.8062635473503255,39.19864324819372,111.99612356626778,1439.0,1385.0,18.0,4.0,18.0,2.0
surr_block_shuffle,651,3,1,13,651_T3_P1_R1,651_T3_R1_ex13,right_leg,120,amp_preserving,fixed_mean_rescaled,block_shuffle,False,12.0,-1,0.04791114542684836,0.9591236742960431,5.073963133640553,60.0,0.04332129963898917,3.257839480520135,0.98411332999412,7.114215994962216,39.74011008745767,113.54317167845049,1439.0,1385.0,18.0,4.0,18.0,2.0
surr_block_shuffle,651,3,2,11,651_T3_P1_R2,651_T3_R2_ex11,trunk_spine,120,amp_preserving,fixed_mean_rescaled,block_shuffle,False,10.0,-1,0.01974684703942346,0.9483491842573262,4.7064466615502685,29.0,0.025327510917030567,3.0934532963376147,0.9793937988092477,6.326923076923077,16.182454101953507,46.23558314843859,1199.0,1145.0,18.0,4.0,18.0,2.0
surr_block_shuffle,651,3,2,11,651_T3_P1_R2,651_T3_R2_ex11,left_arm,120,amp_preserving,fixed_mean_rescaled,block_shuffle,False,10.0,-1,0.020168259687910344,0.9304262245438716,3.9302846178445794,16.0,0.013973799126637555,2.7029428139975518,0.9713831478537361,5.43801652892562,38.95352653271627,111.29579009347505,1199.0,1145.0,18.0,4.0,18.0,2.0
surr_block_shuffle,651,3,2,11,651_T3_P1_R2,651_T3_R2_ex11,right_arm,120,amp_preserving,fixed_mean_rescaled,block_shuffle,False,10.0,-1,0.026678779735548296,0.945802094660333,4.424631860776439,35.0,0.03056768558951965,2.957061335264269,0.977594002174784,5.996664911356855,40.25630118828329,115.01800339509512,1199.0,1145.0,18.0,4.0,18.0,2.0
surr_block_shuffle,651,3,2,11,651_T3_P1_R2,651_T3_R2_ex11,left_leg,120,amp_preserving,fixed_mean_rescaled,block_shuffle,False,10.0,-1,0.037972944086481206,0.9687977482911138,5.6638457921955805,43.0,0.03755458515283843,3.4499945629735485,0.9876156011258544,8.110285619943866,10.685328526894356,30.52951007684102,1199.0,1145.0,18.0,4.0,18.0,2.0
surr_block_shuffle,651,3,2,11,651_T3_P1_R2,651_T3_R2_ex11,right_leg,120,amp_preserving,fixed_mean_rescaled,block_shuffle,False,10.0,-1,0.035508596207286164,0.9572583419332645,4.871334792122538,37.0,0.032314410480349345,3.162110752575833,0.9831226350189198,6.77437037037037,9.967406804247803,28.478305154993723,1199.0,1145.0,18.0,4.0,18.0,2.0
surr_block_shuffle,651,3,2,13,651_T3_P1_R2,651_T3_R2_ex13,trunk_spine,120,amp_preserving,fixed_mean_rescaled,block_shuffle,False,12.0,-1,0.020955322301287535,0.9337781318462458,3.8477636438243743,15.0,0.010830324909747292,2.6421802117504547,0.9723411670981876,5.198589112205511,17.094365549777446,48.841044427935564,1439.0,1385.0,18.0,4.0,18.0,2.0
surr_block_shuffle,651,3,2,13,651_T3_P1_R2,651_T3_R2_ex13,left_arm,120,amp_preserving,fixed_mean_rescaled,block_shuffle,False,12.0,-1,0.026465432691304438,0.9562783362901636,4.928078017066233,26.0,0.018772563176895306,3.2017642068643255,0.9833234772324069,6.936040044493882,34.858529984488776,99.59579995568222,1439.0,1385.0,18.0,4.0,18.0,2.0
surr_block_shuffle,651,3,2,13,651_T3_P1_R2,651_T3_R2_ex13,right_arm,120,amp_preserving,fixed_mean_rescaled,block_shuffle,False,12.0,-1,0.027518207049101646,0.9414195798892849,4.270553835569316,46.0,0.0332129963898917,2.888309275208234,0.9759422158186092,5.983147373314737,35.519581286172105,101.48451796049174,1439.0,1385.0,18.0,4.0,18.0,2.0
surr_block_shuffle,651,3,2,13,651_T3_P1_R2,651_T3_R2_ex13,left_leg,120,amp_preserving,fixed_mean_rescaled,block_shuffle,False,12.0,-1,0.03862189854134931,0.9598822130970391,4.57107937733179,29.0,0.020938628158844765,3.022944943754032,0.986330235573806,6.603961291489554,45.24779322484253,129.2794092138358,1439.0,1385.0,18.0,4.0,18.0,2.0
surr_block_shuffle,651,3,2,13,651_T3_P1_R2,651_T3_R2_ex13,right_leg,120,amp_preserving,fixed_mean_rescaled,block_shuffle,False,12.0,-1,0.08888483128482294,0.9795043961074786,7.207653105294981,83.0,0.059927797833935016,3.893156214184056,0.9912782166711664,10.441545595054096,45.434712126804754,129.81346321944216,1439.0,1385.0,18.0,4.0,18.0,2.0
surr_block_shuffle,790,1,1,11,790_T1_P1_R1,790_T1_R1_ex11,trunk_spine,120,amp_preserving,fixed_mean_rescaled,block_shuffle,False,10.0,-1,0.01858185482639631,0.9594083812654067,5.157243816254417,26.0,0.022707423580786028,3.2691473257042327,0.9834018077239113,7.050368188512518,15.017148942144361,42.90613983469818,1199.0,1145.0,18.0,4.0,18.0,2.0
surr_block_shuffle,790,1,1,11,790_T1_P1_R1,790_T1_R1_ex11,left_arm,120,amp_preserving,fixed_mean_rescaled,block_shuffle,False,10.0,-1,0.04210767398540324,0.955616795996809,6.087780087780088,66.0,0.05764192139737991,3.5694692227005094,0.9812350424251215,8.694136546184739,59.25980775228385,169.31373643509673,1199.0,1145.0,18.0,4.0,18.0,2.0
surr_block_shuffle,790,1,1,11,790_T1_P1_R1,790_T1_R1_ex11,right_arm,120,amp_preserving,fixed_mean_rescaled,block_shuffle,False,10.0,-1,0.015948025773353285,0.9308760172331259,4.006180469715698,32.0,0.02794759825327511,2.7472082623448446,0.9727620871230254,5.462634408602151,52.2321293258761,149.23465521678887,1199.0,1145.0,18.0,4.0,18.0,2.0
surr_block_shuffle,790,1,1,11,790_T1_P1_R1,790_T1_R1_ex11,left_leg,120,amp_preserving,fixed_mean_rescaled,block_shuffle,False,10.0,-1,0.035734571105750144,0.9726969748760895,6.022486772486772,49.0,0.04279475982532751,3.565364862451573,0.9902153478037943,8.811787072243346,8.539245040743232,24.397842973552095,1199.0,1145.0,18.0,4.0,18.0,2.0
surr_block_shuffle,790,1,1,11,790_T1_P1_R1,790_T1_R1_ex11,right_leg,120,amp_preserving,fixed_mean_rescaled,block_shuffle,False,10.0,-1,0.035409350474852656,0.9747746970807641,6.210439560439561,59.0,0.05152838427947598,3.6455181706514734,0.9901685998878875,9.126788553259141,10.151546920560898,29.00441977303114,1199.0,1145.0,18.0,4.0,18.0,2.0
surr_block_shuffle,790,1,1,13,790_T1_P1_R1,790_T1_R1_ex13,trunk_spine,120,amp_preserving,fixed_mean_rescaled,block_shuffle,False,14.0,-1,0.03231375521030693,0.9172100004690652,4.270831058206836,38.0,0.023384615384615386,2.896946523933595,0.9644800412777335,6.162208736045553,22.015489218721953,62.90139776777701,1679.0,1625.0,18.0,4.0,18.0,2.0
surr_block_shuffle,790,1,1,13,790_T1_P1_R1,790_T1_R1_ex13,left_arm,120,amp_preserving,fixed_mean_rescaled,block_shuffle,False,14.0,-1,0.03156043956043956,0.9376140620497551,4.267322404371584,30.0,0.018461538461538463,2.894576268765938,0.97481029680146,5.9527824620573355,63.84254698842247,182.4072771097785,1679.0,1625.0,18.0,4.0,18.0,2.0
surr_block_shuffle,790,1,1,13,790_T1_P1_R1,790_T1_R1_ex13,right_arm,120,amp_preserving,fixed_mean_rescaled,block_shuffle,False,14.0,-1,0.029471769609700642,0.9239096893643284,3.8595982382640455,46.0,0.028307692307692308,2.6603744288157634,0.9690007200164575,5.32803110639802,55.25203962360246,157.86297035314988,1679.0,1625.0,18.0,4.0,18.0,2.0
surr_block_shuffle,790,1,1,13,790_T1_P1_R1,790_T1_R1_ex13,left_leg,120,amp_preserving,fixed_mean_rescaled,block_shuffle,False,14.0,-1,0.14953846153846154,0.9846540574509923,8.559319793823516,209.0,0.1286153846153846,4.123428674763037,0.9938094224492692,13.057297909175656,47.33019463765632,135.22912753616092,1679.0,1625.0,18.0,4.0,18.0,2.0
surr_block_shuffle,790,1,1,13,790_T1_P1_R1,790_T1_R1_ex13,right_leg,120,amp_preserving,fixed_mean_rescaled,block_shuffle,False,14.0,-1,0.1058075028419856,0.9488299800161876,6.064597353843337,91.0,0.056,3.588024469649014,0.9773552606132667,9.171668627121493,49.49073738848791,141.40210682425118,1679.0,1625.0,18.0,4.0,18.0,2.0
surr_block_shuffle,790,1,2,11,790_T1_P1_R2,790_T1_R2_ex11,trunk_spine,120,amp_preserving,fixed_mean_rescaled,block_shuffle,False,10.0,-1,0.015806028033102267,0.96387171561051,5.167270844122217,40.0,0.034934497816593885,3.265816644674915,0.98633114374034,7.187961985216473,18.31860901357612,52.338882895931775,1199.0,1145.0,18.0,4.0,18.0,2.0
surr_block_shuffle,790,1,2,11,790_T1_P1_R2,790_T1_R2_ex11,left_arm,120,amp_preserving,fixed_mean_rescaled,block_shuffle,False,10.0,-1,0.02067212263718814,0.9268779082650122,4.543446777697321,30.0,0.026200873362445413,3.0272849331109026,0.9674274318635054,6.175388967468176,50.36594486728529,143.90269962081513,1199.0,1145.0,18.0,4.0,18.0,2.0
surr_block_shuffle,790,1,2,11,790_T1_P1_R2,790_T1_R2_ex11,right_arm,120,amp_preserving,fixed_mean_rescaled,block_shuffle,False,10.0,-1,0.025220630897486794,0.9634943697784235,4.8744257274119445,23.0,0.020087336244541485,3.1456373113976164,0.9864390362029302,6.981148243359041,49.54432521353855,141.55521489582443,1199.0,1145.0,18.0,4.0,18.0,2.0
surr_block_shuffle,790,1,2,11,790_T1_P1_R2,790_T1_R2_ex11,left_leg,120,amp_preserving,fixed_mean_rescaled,block_shuffle,False,10.0,-1,0.03193727669710202,0.9655782377970072,5.222911817946729,40.0,0.034934497816593885,3.297746020933004,0.987211359181527,7.334221275084355,12.676742442725219,36.219264122072055,1199.0,1145.0,18.0,4.0,18.0,2.0
surr_block_shuffle,790,1,2,11,790_T1_P1_R2,790_T1_R2_ex11,right_leg,120,amp_preserving,fixed_mean_rescaled,block_shuffle,False,10.0,-1,0.017917671847802852,0.9623348956114188,5.1802752293577985,54.0,0.04716157205240175,3.2376201235987225,0.9852577758841073,7.30154720555731,11.84518104799063,33.84337442283037,1199.0,1145.0,18.0,4.0,18.0,2.0
surr_block_shuffle,790,1,2,13,790_T1_P1_R2,790_T1_R2_ex13,trunk_spine,120,amp_preserving,fixed_mean_rescaled,block_shuffle,False,14.0,-1,0.025187571049640017,0.9529110877087408,4.90931638505658,53.0,0.032615384615384616,3.182844201072107,0.9802316834662254,6.8383711167086485,19.146299353071193,54.70371243734627,1679.0,1625.0,18.0,4.0,18.0,2.0
surr_block_shuffle,790,1,2,13,790_T1_P1_R2,790_T1_R2_ex13,left_arm,120,amp_preserving,fixed_mean_rescaled,block_shuffle,False,14.0,-1,0.029414929897688517,0.9462551207069796,4.254749768303985,63.0,0.03876923076923077,2.86787087855292,0.9779455337129312,5.903110419906687,60.77045690274735,173.62987686499244,1679.0,1625.0,18.0,4.0,18.0,2.0
surr_block_shuffle,790,1,2,13,790_T1_P1_R2,790_T1_R2_ex13,right_arm,120,amp_preserving,fixed_mean_rescaled,block_shuffle,False,14.0,-1,0.02693747631678666,0.9534661264911096,4.545332618025751,59.0,0.036307692307692305,3.01534537643674,0.9819800810263336,6.4534528982157715,56.64054315677175,161.83012330506216,1679.0,1625.0,18.0,4.0,18.0,2.0
surr_block_shuffle,790,1,2,13,790_T1_P1_R2,790_T1_R2_ex13,left_leg,120,amp_preserving,fixed_mean_rescaled,block_shuffle,False,14.0,-1,0.04134975369458128,0.9674859331757116,5.808428697183099,54.0,0.03323076923076923,3.507997100906055,0.9864280346767837,8.313330244053136,29.053967034858765,83.01133438531076,1679.0,1625.0,18.0,4.0,18.0,2.0
surr_block_shuffle,790,1,2,13,790_T1_P1_R2,790_T1_R2_ex13,right_leg,120,amp_preserving,fixed_mean_rescaled,block_shuffle,False,14.0,-1,0.02645774914740432,0.948354386869468,4.670334320778672,33.0,0.020307692307692308,3.0849584132118744,0.9796339262696572,6.638198757763975,29.199623514458892,83.42749575559684,1679.0,1625.0,18.0,4.0,18.0,2.0
surr_block_shuffle,790,3,1,11,790_T3_P1_R1,790_T3_R1_ex11,trunk_spine,120,amp_preserving,fixed_mean_rescaled,block_shuffle,False,10.0,-1,0.03984639814334137,0.9771621259148561,6.316819420361655,81.0,0.07074235807860262,3.618284546982919,0.9911675671533127,8.921020865666494,13.659463424937126,39.02703835696322,1199.0,1145.0,18.0,4.0,18.0,2.0
surr_block_shuffle,790,3,1,11,790_T3_P1_R1,790_T3_R1_ex11,left_arm,120,amp_preserving,fixed_mean_rescaled,block_shuffle,False,10.0,-1,0.020401868873484594,0.9531507259392307,4.748695003728561,39.0,0.03406113537117904,3.1113402648699027,0.9814399042059572,6.64,41.465299704859575,118.47228487102736,1199.0,1145.0,18.0,4.0,18.0,2.0
surr_block_shuffle,790,3,1,11,790_T3_P1_R1,790_T3_R1_ex11,right_arm,120,amp_preserving,fixed_mean_rescaled,block_shuffle,False,10.0,-1,0.016767948208996245,0.948825350573666,4.466352336048007,24.0,0.02096069868995633,2.9777832975231195,0.9787379348024039,6.407451564828614,28.877093821320923,82.50598234663121,1199.0,1145.0,18.0,4.0,18.0,2.0
surr_block_shuffle,790,3,1,11,790_T3_P1_R1,790_T3_R1_ex11,left_leg,120,amp_preserving,fixed_mean_rescaled,block_shuffle,False,10.0,-1,0.024521330198186093,0.9711083437110835,5.880844645550528,52.0,0.045414847161572056,3.530901879507937,0.9885118306351183,8.285751565762004,12.602388817247947,36.00682519213699,1199.0,1145.0,18.0,4.0,18.0,2.0
surr_block_shuffle,790,3,1,11,790_T3_P1_R1,790_T3_R1_ex11,right_leg,120,amp_preserving,fixed_mean_rescaled,block_shuffle,False,10.0,-1,0.04960607078511008,0.9838099048908862,7.251134301270417,93.0,0.08122270742358079,3.865372014154466,0.9942903752039152,10.496669374492283,17.408015400372634,49.73718685820753,1199.0,1145.0,18.0,4.0,18.0,2.0
surr_block_shuffle,790,3,1,13,790_T3_P1_R1,790_T3_R1_ex13,trunk_spine,120,amp_preserving,fixed_mean_rescaled,block_shuffle,False,18.0,-1,0.019859469125655917,0.89706216744736,3.4804587560652847,18.0,0.00855106888361045,2.4052682437256525,0.9570467051707672,4.737084974676421,21.070123939036346,60.20035411153242,2159.0,2105.0,18.0,4.0,18.0,2.0
surr_block_shuffle,790,3,1,13,790_T3_P1_R1,790_T3_R1_ex13,left_arm,120,amp_preserving,fixed_mean_rescaled,block_shuffle,False,18.0,-1,0.02236120769849083,0.9185346742598651,3.840905252491133,24.0,0.01140142517814727,2.6484808040878542,0.9670523849913163,5.291325966850828,60.19804233960223,171.99440668457783,2159.0,2105.0,18.0,4.0,18.0,2.0
surr_block_shuffle,790,3,1,13,790_T3_P1_R1,790_T3_R1_ex13,right_arm,120,amp_preserving,fixed_mean_rescaled,block_shuffle,False,18.0,-1,0.020424843980022218,0.9387574618615963,4.245575442455754,39.0,0.01852731591448931,2.881408507008084,0.9766416095511828,5.908312713167926,48.09241525331272,137.40690072375065,2159.0,2105.0,18.0,4.0,18.0,2.0
surr_block_shuffle,790,3,1,13,790_T3_P1_R1,790_T3_R1_ex13,left_leg,120,amp_preserving,fixed_mean_rescaled,block_shuffle,False,18.0,-1,0.03544611327366491,0.9433969475373913,4.593164619774222,49.0,0.02327790973871734,3.0545432786524,0.976730705531633,6.3661463090592045,42.57544019917838,121.64411485479538,2159.0,2105.0,18.0,4.0,18.0,2.0
surr_block_shuffle,790,3,1,13,790_T3_P1_R1,790_T3_R1_ex13,right_leg,120,amp_preserving,fixed_mean_rescaled,block_shuffle,False,18.0,-1,0.038883520135834466,0.9427798295124614,4.569603152265691,44.0,0.020902612826603325,3.044707403013187,0.9771734838454927,6.471848319360049,63.119489087141716,180.34139739183348,2159.0,2105.0,18.0,4.0,18.0,2.0
surr_block_shuffle,790,3,2,11,790_T3_P1_R2,790_T3_R2_ex11,trunk_spine,120,amp_preserving,fixed_mean_rescaled,block_shuffle,False,10.0,-1,0.0200934436742297,0.9560030395136778,5.036429143314652,31.0,0.027074235807860263,3.24226139144838,0.9830927051671733,6.809210526315789,19.541704868767578,55.833442482193085,1199.0,1145.0,18.0,4.0,18.0,2.0
surr_block_shuffle,790,3,2,11,790_T3_P1_R2,790_T3_R2_ex11,left_arm,120,amp_preserving,fixed_mean_rescaled,block_shuffle,False,10.0,-1,0.01935749839679971,0.9460482725982016,4.543181818181818,30.0,0.026200873362445413,3.0207591814847374,0.978624388704843,6.297969543147208,47.1739449348427,134.7826998138363,1199.0,1145.0,18.0,4.0,18.0,2.0
surr_block_shuffle,790,3,2,11,790_T3_P1_R2,790_T3_R2_ex11,right_arm,120,amp_preserving,fixed_mean_rescaled,block_shuffle,False,10.0,-1,0.03767215317433658,0.9662789283832529,5.624203821656051,63.0,0.05502183406113537,3.439270429926086,0.9860576338507681,8.026723853513692,60.85323305218956,173.86638014911304,1199.0,1145.0,18.0,4.0,18.0,2.0
surr_block_shuffle,790,3,2,11,790_T3_P1_R2,790_T3_R2_ex11,left_leg,120,amp_preserving,fixed_mean_rescaled,block_shuffle,False,10.0,-1,0.02481906739548661,0.960319901568748,5.331284153005464,52.0,0.045414847161572056,3.3535687731460957,0.984435558289757,7.472332477235582,13.404642634441984,38.29897895554853,1199.0,1145.0,18.0,4.0,18.0,2.0
surr_block_shuffle,790,3,2,11,790_T3_P1_R2,790_T3_R2_ex11,right_leg,120,amp_preserving,fixed_mean_rescaled,block_shuffle,False,10.0,-1,0.012233181665496076,0.922491263105342,3.75940996948118,16.0,0.013973799126637555,2.5949668646515613,0.9656764852720918,5.185656836461126,11.634849856257377,33.242428160735365,1199.0,1145.0,18.0,4.0,18.0,2.0
surr_block_shuffle,790,3,2,13,790_T3_P1_R2,790_T3_R2_ex13,trunk_spine,120,amp_preserving,fixed_mean_rescaled,block_shuffle,False,12.0,-1,0.02825483608438889,0.8789143279172821,3.6667693729779693,31.0,0.022382671480144403,2.5297205532502405,0.9466211225997045,4.9363566339302904,22.806824860420658,65.16235674405903,1439.0,1385.0,18.0,4.0,18.0,2.0
surr_block_shuffle,790,3,2,13,790_T3_P1_R2,790_T3_R2_ex13,left_arm,120,amp_preserving,fixed_mean_rescaled,block_shuffle,False,12.0,-1,0.022020617265916823,0.9418147358445866,4.0590157239126,63.0,0.04548736462093863,2.7376779615775937,0.9769012082444918,5.661037891268534,47.507881718855856,135.73680491101675,1439.0,1385.0,18.0,4.0,18.0,2.0
surr_block_shuffle,790,3,2,13,790_T3_P1_R2,790_T3_R2_ex13,right_arm,120,amp_preserving,fixed_mean_rescaled,block_shuffle,False,12.0,-1,0.03320151916696229,0.9524213569655259,4.516018477127105,55.0,0.039711191335740074,3.0036966841402766,0.9815059237610383,6.488521865586372,46.99033859402881,134.25811026865375,1439.0,1385.0,18.0,4.0,18.0,2.0
surr_block_shuffle,790,3,2,13,790_T3_P1_R2,790_T3_R2_ex13,left_leg,120,amp_preserving,fixed_mean_rescaled,block_shuffle,False,12.0,-1,0.05682164395567705,0.971391321911897,7.184707320385712,80.0,0.05776173285198556,3.780431118388399,0.9889366312271617,10.29465736404473,67.30180367700683,192.29086764859096,1439.0,1385.0,18.0,4.0,18.0,2.0
surr_block_shuffle,790,3,2,13,790_T3_P1_R2,790_T3_R2_ex13,right_leg,120,amp_preserving,fixed_mean_rescaled,block_shuffle,False,12.0,-1,0.03242211139166545,0.9356696917036751,4.382725354235755,39.0,0.02815884476534296,2.9513605985139275,0.971213876552745,6.034693061387722,52.37864959290334,149.6532845511524,1439.0,1385.0,18.0,4.0,18.0,2.0
trunc_amp_preserving,651,1,1,11,651_T1_P1_R1,651_T1_R1_ex11,trunk_spine,120,amp_preserving,fixed_mean_rescaled,identity,True,10.0,1199,0.02783919137630928,0.9937476005045796,7.487190082644628,59.0,0.05152838427947598,3.891472517495261,0.9972028739099436,9.615018508725543,10.51514079829874,30.043259423710687,1199.0,1145.0,18.0,4.0,18.0,2.0
trunc_amp_preserving,651,1,1,11,651_T1_P1_R1,651_T1_R1_ex11,left_arm,120,amp_preserving,fixed_mean_rescaled,identity,True,10.0,1199,0.020389654014108163,0.9653287404522989,4.643731988472623,37.0,0.032314410480349345,3.0489358561472693,0.9818406469971545,6.224305720389271,22.462455272949455,64.17844363699845,1199.0,1145.0,18.0,4.0,18.0,2.0
trunc_amp_preserving,651,1,1,11,651_T1_P1_R1,651_T1_R1_ex11,right_arm,120,amp_preserving,fixed_mean_rescaled,identity,True,10.0,1199,0.020017100803127005,0.9700228832951945,4.773648648648648,39.0,0.03406113537117904,3.087329962293763,0.9857360793287566,6.252056119980648,29.94533223691401,85.5580921054686,1199.0,1145.0,18.0,4.0,18.0,2.0
trunc_amp_preserving,651,1,1,11,651_T1_P1_R1,651_T1_R1_ex11,left_leg,120,amp_preserving,fixed_mean_rescaled,identity,True,10.0,1199,0.06335694872812776,0.9957344258344378,12.26053412462908,145.0,0.12663755458515283,4.662003445898553,0.997397276780335,15.437150317045878,9.78167766831755,27.94765048090729,1199.0,1145.0,18.0,4.0,18.0,2.0
trunc_amp_preserving,651,1,1,11,651_T1_P1_R1,651_T1_R1_ex11,right_leg,120,amp_preserving,fixed_mean_rescaled,identity,True,10.0,1199,0.08594375057257153,0.9963757816941444,11.401504370807075,190.0,0.16593886462882096,4.55892439363538,0.9975660886867538,14.3590333716916,12.447084497797691,35.563098565136265,1199.0,1145.0,18.0,4.0,18.0,2.0
trunc_amp_preserving,651,1,1,13,651_T1_P1_R1,651_T1_R1_ex13,trunk_spine,120,amp_preserving,fixed_mean_rescaled,identity,True,12.0,1439,0.02828822436927443,0.9797875479492476,5.113378248315688,52.0,0.03754512635379061,3.2255801357597016,0.9896540277367956,6.9055462617423755,11.206552249323815,32.01872071235376,1439.0,1385.0,18.0,4.0,18.0,2.0
trunc_amp_preserving,651,1,1,13,651_T1_P1_R1,651_T1_R1_ex13,left_arm,120,amp_preserving,fixed_mean_rescaled,identity,True,12.0,1439,0.03305440203668538,0.985290404040404,7.508780370459466,99.0,0.07148014440433213,3.840679719555126,0.9917140151515151,9.220102714600147,31.056013405914776,88.73146687404223,1439.0,1385.0,18.0,4.0,18.0,2.0
trunc_amp_preserving,651,1,1,13,651_T1_P1_R1,651_T1_R1_ex13,right_arm,120,amp_preserving,fixed_mean_rescaled,identity,True,12.0,1439,0.025566035767200183,0.9857976574297025,6.157277593678307,70.0,0.05054151624548736,3.5584546055046338,0.9925315267518263,7.5352439969016265,38.62073718914339,110.34496339755256,1439.0,1385.0,18.0,4.0,18.0,2.0
trunc_amp_preserving,651,1,1,13,651_T1_P1_R1,651_T1_R1_ex13,left_leg,120,amp_preserving,fixed_mean_rescaled,identity,True,12.0,1439,0.1618799691158365,0.9966161560822178,11.190041974236504,145.0,0.10469314079422383,4.556719405689501,0.9981114928230281,15.780699072658718,37.88588303499709,108.2453800999917,1439.0,1385.0,18.0,4.0,18.0,2.0
trunc_amp_preserving,651,1,1,13,651_T1_P1_R1,651_T1_R1_ex13,right_leg,120,amp_preserving,fixed_mean_rescaled,identity,True,12.0,1439,0.09201289622503704,0.9939560252644948,12.865697930427125,132.0,0.09530685920577617,4.737394111418718,0.9966491659768446,17.24377084559545,51.927189108683905,148.3633974533826,1439.0,1385.0,18.0,4.0,18.0,2.0
trunc_amp_preserving,651,1,2,11,651_T1_P1_R2,651_T1_R2_ex11,trunk_spine,120,amp_preserving,fixed_mean_rescaled,identity,True,10.0,1199,0.042072556264696005,0.9829069134458356,5.403830806065443,65.0,0.056768558951965066,3.270432855475847,0.9922518599165305,7.359757738896366,11.19271399746857,31.979182849910202,1199.0,1145.0,18.0,4.0,18.0,2.0
trunc_amp_preserving,651,1,2,11,651_T1_P1_R2,651_T1_R2_ex11,left_arm,120,amp_preserving,fixed_mean_rescaled,identity,True,10.0,1199,0.030074510642196232,0.9862923287810327,6.334202804043039,73.0,0.06375545851528384,3.6124676468029207,0.9939330862567903,8.279763163459505,39.15767970641525,111.87908487547216,1199.0,1145.0,18.0,4.0,18.0,2.0
trunc_amp_preserving,651,1,2,11,651_T1_P1_R2,651_T1_R2_ex11,right_arm,120,amp_preserving,fixed_mean_rescaled,identity,True,10.0,1199,0.028555287507252572,0.984172815741632,7.338915470494418,76.0,0.06637554585152838,3.770716532667898,0.9927013153673404,8.74493641073952,58.75631404504811,167.87518298585175,1199.0,1145.0,18.0,4.0,18.0,2.0
trunc_amp_preserving,651,1,2,11,651_T1_P1_R2,651_T1_R2_ex11,left_leg,120,amp_preserving,fixed_mean_rescaled,identity,True,10.0,1199,0.035754420252236845,0.9878720587607294,6.441938178780284,58.0,0.050655021834061134,3.6323615539812213,0.9940641414357091,8.238541850999823,13.660513373585026,39.030038210242935,1199.0,1145.0,18.0,4.0,18.0,2.0
trunc_amp_preserving,651,1,2,11,651_T1_P1_R2,651_T1_R2_ex11,right_leg,120,amp_preserving,fixed_mean_rescaled,identity,True,10.0,1199,0.042028277399456436,0.9876843711400131,6.275854108956602,62.0,0.05414847161572053,3.5686382408777897,0.9944052895444307,8.324817518248175,15.30289368932546,43.72255339807275,1199.0,1145.0,18.0,4.0,18.0,2.0
trunc_amp_preserving,651,1,2,13,651_T1_P1_R2,651_T1_R2_ex13,trunk_spine,120,amp_preserving,fixed_mean_rescaled,identity,True,14.0,1439,0.03126917217921162,0.9654309453101538,4.360006027727547,48.0,0.034657039711191336,2.914947069817563,0.985418265541059,5.765716516985552,15.445686949440937,44.13053414125982,1439.0,1385.0,18.0,4.0,18.0,2.0
trunc_amp_preserving,651,1,2,13,651_T1_P1_R2,651_T1_R2_ex13,left_arm,120,amp_preserving,fixed_mean_rescaled,identity,True,14.0,1439,0.019703261618079757,0.951652192332133,3.8772384034519956,47.0,0.03393501805054152,2.62836443576156,0.9794270281719974,5.102206896551724,37.151780454225694,106.14794415493056,1439.0,1385.0,18.0,4.0,18.0,2.0
trunc_amp_preserving,651,1,2,13,651_T1_P1_R2,651_T1_R2_ex13,right_arm,120,amp_preserving,fixed_mean_rescaled,identity,True,14.0,1439,0.026742972809415497,0.9672662010846241,4.622785754242028,86.0,0.06209386281588448,3.013569944658128,0.9860130310951583,5.898587933247754,52.733999031893134,150.66856866255182,1439.0,1385.0,18.0,4.0,18.0,2.0
trunc_amp_preserving,651,1,2,13,651_T1_P1_R2,651_T1_R2_ex13,left_leg,120,amp_preserving,fixed_mean_rescaled,identity,True,14.0,1439,0.048030091191753096,0.9823604805248409,6.052871101592825,82.0,0.0592057761732852,3.549286381295145,0.9922555557969283,8.490055762081784,42.76682766162344,122.19093617606697,1439.0,1385.0,18.0,4.0,18.0,2.0
trunc_amp_preserving,651,1,2,13,651_T1_P1_R2,651_T1_R2_ex13,right_leg,120,amp_preserving,fixed_mean_rescaled,identity,True,14.0,1439,0.07124851317793869,0.9904958556658758,8.010066319279963,70.0,0.05054151624548736,4.043284095438718,0.9946328676449052,10.94681279716335,47.1416269863924,134.69036281826402,1439.0,1385.0,18.0,4.0,18.0,2.0
trunc_amp_preserving,651,3,1,11,651_T3_P1_R1,651_T3_R1_ex11,trunk_spine,120,amp_preserving,fixed_mean_rescaled,identity,True,10.0,1199,0.024695391944300243,0.9886855447013726,6.157489410858683,71.0,0.06200873362445415,3.572665620585811,0.9946828242858909,6.803975470501163,15.238596683436239,43.538847666960685,1199.0,1145.0,18.0,4.0,18.0,2.0
trunc_amp_preserving,651,3,1,11,651_T3_P1_R1,651_T3_R1_ex11,left_arm,120,amp_preserving,fixed_mean_rescaled,identity,True,10.0,1199,0.02595046874522857,0.9598140738997412,4.970444850700792,32.0,0.02794759825327511,3.2025625155960857,0.9814662273476112,6.6710657868426315,43.048442126407195,122.99554893259199,1199.0,1145.0,18.0,4.0,18.0,2.0
trunc_amp_preserving,651,3,1,11,651_T3_P1_R1,651_T3_R1_ex11,right_arm,120,amp_preserving,fixed_mean_rescaled,identity,True,10.0,1199,0.021304241609918464,0.9602236078262739,4.575819672131147,25.0,0.021834061135371178,3.046146713837447,0.9803626460259443,6.090382902938558,47.5463016602057,135.84657617201628,1199.0,1145.0,18.0,4.0,18.0,2.0
trunc_amp_preserving,651,3,1,11,651_T3_P1_R1,651_T3_R1_ex11,left_leg,120,amp_preserving,fixed_mean_rescaled,identity,True,10.0,1199,0.015228875927565885,0.9696210146380589,4.458736745043799,32.0,0.02794759825327511,2.948814933243907,0.9864648085021055,5.6578493387004025,9.430529435894925,26.944369816842645,1199.0,1145.0,18.0,4.0,18.0,2.0
trunc_amp_preserving,651,3,1,11,651_T3_P1_R1,651_T3_R1_ex11,right_leg,120,amp_preserving,fixed_mean_rescaled,identity,True,10.0,1199,0.023223501389440255,0.9842209072978304,6.178291374329344,80.0,0.06986899563318777,3.5834648813593226,0.9923734385272847,7.4630407911001235,10.435406017901068,29.815445765431623,1199.0,1145.0,18.0,4.0,18.0,2.0
trunc_amp_preserving,651,3,1,13,651_T3_P1_R1,651_T3_R1_ex13,trunk_spine,120,amp_preserving,fixed_mean_rescaled,identity,True,12.0,1439,0.02577366916383214,0.97955631122986,4.964505539597866,66.0,0.047653429602888084,3.128449125508182,0.9903853938952312,6.615603028664143,15.581180539649367,44.51765868471248,1439.0,1385.0,18.0,4.0,18.0,2.0
trunc_amp_preserving,651,3,1,13,651_T3_P1_R1,651_T3_R1_ex13,left_arm,120,amp_preserving,fixed_mean_rescaled,identity,True,12.0,1439,0.027978339350180504,0.9780346820809248,5.402966625463535,47.0,0.03393501805054152,3.3645255676231374,0.9896140220026105,7.275257025359836,37.56534040072724,107.32954400207782,1439.0,1385.0,18.0,4.0,18.0,2.0
trunc_amp_preserving,651,3,1,13,651_T3_P1_R1,651_T3_R1_ex13,right_arm,120,amp_preserving,fixed_mean_rescaled,identity,True,12.0,1439,0.024804365518248786,0.9749295419173012,5.119726087916943,50.0,0.036101083032490974,3.24208798288328,0.9876540613300804,6.734404130216549,40.93199944330387,116.94856983801107,1439.0,1385.0,18.0,4.0,18.0,2.0
trunc_amp_preserving,651,3,1,13,651_T3_P1_R1,651_T3_R1_ex13,left_leg,120,amp_preserving,fixed_mean_rescaled,identity,True,12.0,1439,0.06788046994010977,0.9909465400104522,8.146196613596159,162.0,0.11696750902527075,4.04988093396035,0.9951581665590704,11.023837902264601,38.666565191399144,110.4759005468547,1439.0,1385.0,18.0,4.0,18.0,2.0
trunc_amp_preserving,651,3,1,13,651_T3_P1_R1,651_T3_R1_ex13,right_leg,120,amp_preserving,fixed_mean_rescaled,identity,True,12.0,1439,0.05817178272573611,0.9873011317776622,6.966839640551829,54.0,0.03898916967509025,3.8375675026043825,0.9935519164887988,9.110773026315789,39.06580062044058,111.6165732012588,1439.0,1385.0,18.0,4.0,18.0,2.0
trunc_amp_preserving,651,3,2,11,651_T3_P1_R2,651_T3_R2_ex11,trunk_spine,120,amp_preserving,fixed_mean_rescaled,identity,True,10.0,1199,0.03548569334595535,0.9929435050126931,7.379916853213943,129.0,0.11266375545851529,3.8433744866781216,0.9962781291682802,8.879961649089166,16.907352592574444,48.306721693069846,1199.0,1145.0,18.0,4.0,18.0,2.0
trunc_amp_preserving,651,3,2,11,651_T3_P1_R2,651_T3_R2_ex11,left_arm,120,amp_preserving,fixed_mean_rescaled,identity,True,10.0,1199,0.0210843741411427,0.9610399015135057,4.824063976735732,53.0,0.0462882096069869,3.1109683235936396,0.9817510319356941,6.451106352605282,38.36179737911264,109.60513536889326,1199.0,1145.0,18.0,4.0,18.0,2.0
trunc_amp_preserving,651,3,2,11,651_T3_P1_R2,651_T3_R2_ex11,right_arm,120,amp_preserving,fixed_mean_rescaled,identity,True,10.0,1199,0.03388096619537668,0.9825146462370438,5.750989184911633,65.0,0.056768558951965066,3.44856646720577,0.9919558359621451,7.661503654716324,40.33268155289867,115.23623300828191,1199.0,1145.0,18.0,4.0,18.0,2.0
trunc_amp_preserving,651,3,2,11,651_T3_P1_R2,651_T3_R2_ex11,left_leg,120,amp_preserving,fixed_mean_rescaled,identity,True,10.0,1199,0.07220966806119644,0.9949041084304231,10.253214207888428,104.0,0.09082969432314411,4.372378584500602,0.9968071384771531,13.626824685648215,10.534174326348696,30.097640932424845,1199.0,1145.0,18.0,4.0,18.0,2.0
trunc_amp_preserving,651,3,2,11,651_T3_P1_R2,651_T3_R2_ex11,right_leg,120,amp_preserving,fixed_mean_rescaled,identity,True,10.0,1199,0.04720737777506336,0.9864156801862992,6.247029905776321,61.0,0.05327510917030567,3.5641592264796977,0.994129633223365,8.671603893355904,9.926836443484312,28.362389838526607,1199.0,1145.0,18.0,4.0,18.0,2.0
trunc_amp_preserving,651,3,2,13,651_T3_P1_R2,651_T3_R2_ex13,trunk_spine,120,amp_preserving,fixed_mean_rescaled,identity,True,12.0,1439,0.021975751758101875,0.9765929161523123,4.529619026646113,26.0,0.018772563176895306,2.9873928075871556,0.9890323805906371,6.038846209595594,16.578161326558476,47.366175218738505,1439.0,1385.0,18.0,4.0,18.0,2.0
trunc_amp_preserving,651,3,2,13,651_T3_P1_R2,651_T3_R2_ex13,left_arm,120,amp_preserving,fixed_mean_rescaled,identity,True,12.0,1439,0.03214457127355439,0.9868865229810438,7.258056815469086,60.0,0.04332129963898917,3.9050706803665793,0.992988834069073,9.287188828172434,35.135657354070055,100.38759244020017,1439.0,1385.0,18.0,4.0,18.0,2.0
trunc_amp_preserving,651,3,2,13,651_T3_P1_R2,651_T3_R2_ex13,right_arm,120,amp_preserving,fixed_mean_rescaled,identity,True,12.0,1439,0.027807224390142108,0.9669806011031481,5.188443728608818,51.0,0.0368231046931408,3.2634179120595075,0.9848223331207084,6.9142518440463645,35.54908411540487,101.56881175829963,1439.0,1385.0,18.0,4.0,18.0,2.0
trunc_amp_preserving,651,3,2,13,651_T3_P1_R2,651_T3_R2_ex13,left_leg,120,amp_preserving,fixed_mean_rescaled,identity,True,12.0,1439,0.07319964107593747,0.9941986430241176,9.41917623227549,92.0,0.0664259927797834,4.2588208183528975,0.9968641313643879,12.78186968838527,47.48219354353058,135.6634101243731,1439.0,1385.0,18.0,4.0,18.0,2.0
trunc_amp_preserving,651,3,2,13,651_T3_P1_R2,651_T3_R2_ex13,right_leg,120,amp_preserving,fixed_mean_rescaled,identity,True,12.0,1439,0.10977546378414474,0.9946678579236011,10.301210749089478,128.0,0.09241877256317689,4.396006919957458,0.9970582923838762,13.734158156585494,44.88634034819296,128.24668670912274,1439.0,1385.0,18.0,4.0,18.0,2.0
trunc_amp_preserving,790,1,1,11,790_T1_P1_R1,790_T1_R1_ex11,trunk_spine,120,amp_preserving,fixed_mean_rescaled,identity,True,10.0,1199,0.035160472715057865,0.9935296161195067,8.168154230631917,62.0,0.05414847161572053,4.089703364988173,0.9962654160152857,9.589132706374086,14.738407113156402,42.1097346090183,1199.0,1145.0,18.0,4.0,18.0,2.0
trunc_amp_preserving,790,1,1,11,790_T1_P1_R1,790_T1_R1_ex11,left_arm,120,amp_preserving,fixed_mean_rescaled,identity,True,10.0,1199,0.06169267413808899,0.9849523573815122,8.483692176508207,76.0,0.06637554585152838,4.117251122745956,0.9920430639772305,11.455701629036868,59.89005029248162,171.11442940709034,1199.0,1145.0,18.0,4.0,18.0,2.0
trunc_amp_preserving,790,1,1,11,790_T1_P1_R1,790_T1_R1_ex11,right_arm,120,amp_preserving,fixed_mean_rescaled,identity,True,10.0,1199,0.022458545820991237,0.9755931742470596,5.35048471290082,56.0,0.04890829694323144,3.305787843836616,0.9869467672853355,7.02492136462618,51.46938049749256,147.05537284997874,1199.0,1145.0,18.0,4.0,18.0,2.0
trunc_amp_preserving,790,1,1,11,790_T1_P1_R1,790_T1_R1_ex11,left_leg,120,amp_preserving,fixed_mean_rescaled,identity,True,10.0,1199,0.05768009283293126,0.9939645816237394,9.97052575677111,123.0,0.10742358078602621,4.331049010400463,0.9962808057812955,12.944625967325882,8.806710439833866,25.162029828096763,1199.0,1145.0,18.0,4.0,18.0,2.0
trunc_amp_preserving,790,1,1,11,790_T1_P1_R1,790_T1_R1_ex11,right_leg,120,amp_preserving,fixed_mean_rescaled,identity,True,10.0,1199,0.04788988304272147,0.995472660608959,10.580481192815995,102.0,0.0890829694323144,4.482045549236171,0.9971305595408895,12.942271880819368,10.001162427792515,28.574749793692902,1199.0,1145.0,18.0,4.0,18.0,2.0
trunc_amp_preserving,790,1,1,13,790_T1_P1_R1,790_T1_R1_ex13,trunk_spine,120,amp_preserving,fixed_mean_rescaled,identity,True,14.0,1439,0.04279647753594457,0.9396347855767121,5.33956774729842,55.0,0.039711191335740074,3.317425042345975,0.9699514835312187,7.422481343283582,21.879742226332954,62.51354921809416,1439.0,1385.0,18.0,4.0,18.0,2.0
trunc_amp_preserving,790,1,1,13,790_T1_P1_R1,790_T1_R1_ex13,left_arm,120,amp_preserving,fixed_mean_rescaled,identity,True,14.0,1439,0.046246948102084684,0.9740095659236531,5.901845522898155,71.0,0.051263537906137184,3.484397189043464,0.9873883223535782,8.01777044975726,58.892619831419935,168.26462808977126,1439.0,1385.0,18.0,4.0,18.0,2.0
trunc_amp_preserving,790,1,1,13,790_T1_P1_R1,790_T1_R1_ex13,right_arm,120,amp_preserving,fixed_mean_rescaled,identity,True,14.0,1439,0.03892343648922184,0.9788500201045436,4.966136270909833,55.0,0.039711191335740074,3.1629663280050595,0.9896930706339633,6.893940808514611,54.18668212351933,154.81909178148382,1439.0,1385.0,18.0,4.0,18.0,2.0
trunc_amp_preserving,790,1,1,13,790_T1_P1_R1,790_T1_R1_ex13,left_leg,120,amp_preserving,fixed_mean_rescaled,identity,True,14.0,1439,0.25860478704534545,0.9948517663767087,15.835591805279044,317.0,0.22888086642599278,4.915544903426083,0.9973794845310912,23.42374567678969,47.06815102414778,134.4804314975651,1439.0,1385.0,18.0,4.0,18.0,2.0
trunc_amp_preserving,790,1,1,13,790_T1_P1_R1,790_T1_R1_ex13,right_leg,120,amp_preserving,fixed_mean_rescaled,identity,True,14.0,1439,0.15089626677239623,0.9589274107673798,8.01444752658345,92.0,0.0664259927797834,3.904822425616632,0.9787238456113178,12.293295118985583,49.466716515364276,141.33347575818365,1439.0,1385.0,18.0,4.0,18.0,2.0
trunc_amp_preserving,790,1,2,11,790_T1_P1_R2,790_T1_R2_ex11,trunk_spine,120,amp_preserving,fixed_mean_rescaled,identity,True,10.0,1199,0.04492319907167069,0.9965332064441574,10.524048815506102,145.0,0.12663755458515283,4.385598180713238,0.9978077628985114,10.577373446225906,17.857666349516492,51.02190385576141,1199.0,1145.0,18.0,4.0,18.0,2.0
trunc_amp_preserving,790,1,2,11,790_T1_P1_R2,790_T1_R2_ex11,left_arm,120,amp_preserving,fixed_mean_rescaled,identity,True,10.0,1199,0.030886798790728923,0.983637352315982,6.897053726169844,114.0,0.09956331877729258,3.7156953302067888,0.9932028276237085,8.882183908045977,51.696387177984015,147.7039633656686,1199.0,1145.0,18.0,4.0,18.0,2.0
trunc_amp_preserving,790,1,2,11,790_T1_P1_R2,790_T1_R2_ex11,right_arm,120,amp_preserving,fixed_mean_rescaled,identity,True,10.0,1199,0.03691025132073167,0.9900306114006784,8.336119818878439,117.0,0.10218340611353711,4.046375525279648,0.9945809547447672,10.566029444078225,48.758450692427296,139.30985912122085,1199.0,1145.0,18.0,4.0,18.0,2.0
trunc_amp_preserving,790,1,2,11,790_T1_P1_R2,790_T1_R2_ex11,left_leg,120,amp_preserving,fixed_mean_rescaled,identity,True,10.0,1199,0.048734235197117295,0.9943292186227207,8.752619966905682,85.0,0.07423580786026202,4.1275891424923215,0.9966006642020176,11.098918353105374,12.565545507684428,35.90155859338408,1199.0,1145.0,18.0,4.0,18.0,2.0
trunc_amp_preserving,790,1,2,11,790_T1_P1_R2,790_T1_R2_ex11,right_leg,120,amp_preserving,fixed_mean_rescaled,identity,True,10.0,1199,0.04476440589977708,0.9955658639743502,9.607636603028308,88.0,0.07685589519650655,4.2956642947751575,0.9968790504127157,11.306189555125725,11.879280504418261,33.940801441195035,1199.0,1145.0,18.0,4.0,18.0,2.0
trunc_amp_preserving,790,1,2,13,790_T1_P1_R2,790_T1_R2_ex13,trunk_spine,120,amp_preserving,fixed_mean_rescaled,identity,True,14.0,1439,0.03278207883808769,0.9872370221840288,5.802095024317246,57.0,0.04115523465703971,3.440465400435107,0.99328431840606,7.902760192453786,16.793819335665415,47.982340959044045,1439.0,1385.0,18.0,4.0,18.0,2.0
trunc_amp_preserving,790,1,2,13,790_T1_P1_R2,790_T1_R2_ex13,left_arm,120,amp_preserving,fixed_mean_rescaled,identity,True,14.0,1439,0.03457565576678283,0.9759792383366528,5.431978501847498,79.0,0.05703971119133574,3.345669649658246,0.9885780674754059,7.368308591992802,61.84683006427453,176.7052287550701,1439.0,1385.0,18.0,4.0,18.0,2.0
trunc_amp_preserving,790,1,2,13,790_T1_P1_R2,790_T1_R2_ex13,right_arm,120,amp_preserving,fixed_mean_rescaled,identity,True,14.0,1439,0.05248951399177813,0.9918897966485777,10.040040241448692,199.0,0.14368231046931407,4.040689277045109,0.9958554475520305,13.3596,60.70081230006738,173.43089228590682,1439.0,1385.0,18.0,4.0,18.0,2.0
trunc_amp_preserving,790,1,2,13,790_T1_P1_R2,790_T1_R2_ex13,left_leg,120,amp_preserving,fixed_mean_rescaled,identity,True,14.0,1439,0.059014836919096016,0.9882074220752816,7.732982844493636,106.0,0.07653429602888087,3.951189370072433,0.9938827107017203,10.815776815776816,30.341450751186386,86.68985928910396,1439.0,1385.0,18.0,4.0,18.0,2.0
trunc_amp_preserving,790,1,2,13,790_T1_P1_R2,790_T1_R2_ex13,right_leg,120,amp_preserving,fixed_mean_rescaled,identity,True,14.0,1439,0.029929467248179294,0.9822206728255186,6.322935368043088,88.0,0.06353790613718412,3.5542997219141608,0.99119748997734,8.3625,24.835735266920395,70.95924361977256,1439.0,1385.0,18.0,4.0,18.0,2.0
trunc_amp_preserving,790,3,1,11,790_T3_P1_R1,790_T3_R1_ex11,trunk_spine,120,amp_preserving,fixed_mean_rescaled,identity,True,10.0,1199,0.04488197392127523,0.9944548392583773,7.851732473811443,55.0,0.048034934497816595,4.012588023694786,0.9968021772410274,10.475867000357526,14.198937870287061,40.568393915105894,1199.0,1145.0,18.0,4.0,18.0,2.0
trunc_amp_preserving,790,3,1,11,790_T3_P1_R1,790_T3_R1_ex11,left_arm,120,amp_preserving,fixed_mean_rescaled,identity,True,10.0,1199,0.031860933825999325,0.9904154885704701,6.756129454069957,63.0,0.05502183406113537,3.7523639350955635,0.9946566348780371,8.404737801174328,40.54035472120399,115.8295849177257,1199.0,1145.0,18.0,4.0,18.0,2.0
trunc_amp_preserving,790,3,1,11,790_T3_P1_R1,790_T3_R1_ex11,right_arm,120,amp_preserving,fixed_mean_rescaled,identity,True,10.0,1199,0.023518184871896664,0.9853275335973511,6.748332592263228,114.0,0.09956331877729258,3.676873559617765,0.9913977796533143,8.708582834331338,28.845795638565267,82.41655896732934,1199.0,1145.0,18.0,4.0,18.0,2.0
trunc_amp_preserving,790,3,1,11,790_T3_P1_R1,790_T3_R1_ex11,left_leg,120,amp_preserving,fixed_mean_rescaled,identity,True,10.0,1199,0.04400708461843833,0.9946221636250087,8.673827534039335,110.0,0.09606986899563319,4.133548507830647,0.9965651238637152,10.845006607513687,11.778785956967443,33.653674162764126,1199.0,1145.0,18.0,4.0,18.0,2.0
trunc_amp_preserving,790,3,1,11,790_T3_P1_R1,790_T3_R1_ex11,right_leg,120,amp_preserving,fixed_mean_rescaled,identity,True,10.0,1199,0.07900112987449232,0.99768075607352,12.30829756795422,90.0,0.07860262008733625,4.675646220672469,0.9981446048588161,15.759841318278914,16.38544402524971,46.81555435785632,1199.0,1145.0,18.0,4.0,18.0,2.0
trunc_amp_preserving,790,3,1,13,790_T3_P1_R1,790_T3_R1_ex13,trunk_spine,120,amp_preserving,fixed_mean_rescaled,identity,True,18.0,1439,0.02466350869138791,0.9321854640832558,4.088126159554731,42.0,0.03032490974729242,2.7665827415687607,0.9672138082748117,5.737264742785445,20.363955681254783,58.18273051787081,1439.0,1385.0,18.0,4.0,18.0,2.0
trunc_amp_preserving,790,3,1,13,790_T3_P1_R1,790_T3_R1_ex13,left_arm,120,amp_preserving,fixed_mean_rescaled,identity,True,18.0,1439,0.024784541224097994,0.975835648732845,5.098988121425429,52.0,0.03754512635379061,3.246856289013995,0.9882967079228762,6.522016946798167,59.012008069769834,168.60573734219955,1439.0,1385.0,18.0,4.0,18.0,2.0
trunc_amp_preserving,790,3,1,13,790_T3_P1_R1,790_T3_R1_ex13,right_arm,120,amp_preserving,fixed_mean_rescaled,identity,True,18.0,1439,0.024300411093257653,0.9757406612279949,5.058993766696349,50.0,0.036101083032490974,3.234604782004636,0.9875053671103478,6.340179186767746,44.327603806009094,126.65029658859743,1439.0,1385.0,18.0,4.0,18.0,2.0
trunc_amp_preserving,790,3,1,13,790_T3_P1_R1,790_T3_R1_ex13,left_leg,120,amp_preserving,fixed_mean_rescaled,identity,True,18.0,1439,0.06314037687026565,0.9875733289267123,7.581250792845363,93.0,0.06714801444043321,3.9199447830816925,0.9935470544493101,10.072792762606802,44.07594843661878,125.93128124748225,1439.0,1385.0,18.0,4.0,18.0,2.0
trunc_amp_preserving,790,3,1,13,790_T3_P1_R1,790_T3_R1_ex13,right_leg,120,amp_preserving,fixed_mean_rescaled,identity,True,18.0,1439,0.056729826172241815,0.982067646355594,6.682017269428107,98.0,0.07075812274368232,3.73433031285778,0.9906291957109489,9.283264391589107,60.776758680766584,173.6478819450474,1439.0,1385.0,18.0,4.0,18.0,2.0
trunc_amp_preserving,790,3,2,11,790_T3_P1_R2,790_T3_R2_ex11,trunk_spine,120,amp_preserving,fixed_mean_rescaled,identity,True,10.0,1199,0.025602345253000276,0.9924260496183206,7.3763297872340425,63.0,0.05502183406113537,3.930398812524859,0.9945133587786259,8.689942678478374,19.466807007973582,55.61944859421023,1199.0,1145.0,18.0,4.0,18.0,2.0
trunc_amp_preserving,790,3,2,11,790_T3_P1_R2,790_T3_R2_ex11,left_arm,120,amp_preserving,fixed_mean_rescaled,identity,True,10.0,1199,0.030181390661740005,0.9913492183942936,8.178631051752921,77.0,0.06724890829694323,4.052903708135516,0.9953204836343401,9.981988838153221,48.013947076036786,137.1827059315337,1199.0,1145.0,18.0,4.0,18.0,2.0
trunc_amp_preserving,790,3,2,11,790_T3_P1_R2,790_T3_R2_ex11,right_arm,120,amp_preserving,fixed_mean_rescaled,identity,True,10.0,1199,0.056625034354291996,0.9766219058404789,7.417366373131272,92.0,0.08034934497816594,3.8135533584744827,0.988553632098366,9.81960626757734,64.86452347201559,185.32720992004457,1199.0,1145.0,18.0,4.0,18.0,2.0
trunc_amp_preserving,790,3,2,11,790_T3_P1_R2,790_T3_R2_ex11,left_leg,120,amp_preserving,fixed_mean_rescaled,identity,True,10.0,1199,0.028292668030659298,0.98246087425796,5.872580645161291,41.0,0.03580786026200873,3.4929087655183224,0.9914193200215866,7.956258120398441,13.088079362067374,37.394512463049644,1199.0,1145.0,18.0,4.0,18.0,2.0
trunc_amp_preserving,790,3,2,11,790_T3_P1_R2,790_T3_R2_ex11,right_leg,120,amp_preserving,fixed_mean_rescaled,identity,True,10.0,1199,0.018726906281491436,0.9712189156135345,4.860057119543043,31.0,0.027074235807860263,3.1199425568352868,0.9865470852017937,6.336737365802566,12.073856446126486,34.496732703218534,1199.0,1145.0,18.0,4.0,18.0,2.0
trunc_amp_preserving,790,3,2,13,790_T3_P1_R2,790_T3_R2_ex13,trunk_spine,120,amp_preserving,fixed_mean_rescaled,identity,True,12.0,1439,0.028246489013167505,0.9287086288416075,4.297043240471714,38.0,0.027436823104693142,2.896491978693741,0.9657764479905437,5.820458593054319,22.842588352722608,65.26453815063603,1439.0,1385.0,18.0,4.0,18.0,2.0
trunc_amp_preserving,790,3,2,13,790_T3_P1_R2,790_T3_R2_ex13,left_arm,120,amp_preserving,fixed_mean_rescaled,identity,True,12.0,1439,0.034599653596544315,0.9856759446337565,6.319798917246713,67.0,0.04837545126353791,3.6244821243493965,0.9931847652362715,8.40929401251117,48.79151099282899,139.40431712236855,1439.0,1385.0,18.0,4.0,18.0,2.0
trunc_amp_preserving,790,3,2,13,790_T3_P1_R2,790_T3_R2_ex13,right_arm,120,amp_preserving,fixed_mean_rescaled,identity,True,12.0,1439,0.04338077252144154,0.9834042860235226,6.817908954477239,61.0,0.04404332129963899,3.7837691316942133,0.9909445125910961,9.44207631488484,45.217326976481544,129.19236278994728,1439.0,1385.0,18.0,4.0,18.0,2.0
trunc_amp_preserving,790,3,2,13,790_T3_P1_R2,790_T3_R2_ex13,left_leg,120,amp_preserving,fixed_mean_rescaled,identity,True,12.0,1439,0.07508399240416519,0.9907451154776132,11.432969852469531,119.0,0.08592057761732852,4.50566025647157,0.9954628831883494,15.27572235846039,69.04794837943587,197.27985251267393,1439.0,1385.0,18.0,4.0,18.0,2.0
trunc_amp_preserving,790,3,2,13,790_T3_P1_R2,790_T3_R2_ex13,right_leg,120,amp_preserving,fixed_mean_rescaled,identity,True,12.0,1439,0.05785981093883683,0.9813539149565406,6.706099815157116,78.0,0.05631768953068592,3.7062615709861415,0.9907220398889169,9.549713193116634,53.15326964978522,151.86648471367207,1439.0,1385.0,18.0,4.0,18.0,2.0
tau_17,651,1,1,11,651_T1_P1_R1,651_T1_R1_ex11,trunk_spine,120,amp_preserving,fixed_mean_rescaled,identity,False,10.0,-1,0.029396486516864172,0.9920946574351556,7.5505308690523005,61.0,0.05313588850174216,3.9060858246913117,0.9965898522269299,9.55324418028727,10.474633494892128,29.927524271120365,1199.0,1148.0,17.0,4.0,17.0,2.0
tau_17,651,1,1,11,651_T1_P1_R1,651_T1_R1_ex11,left_arm,120,amp_preserving,fixed_mean_rescaled,identity,False,10.0,-1,0.02163346891907081,0.9688267921084042,4.816404886561955,40.0,0.03484320557491289,3.10773741839134,0.9849399705118304,6.366462446108464,22.407346372045517,64.02098963441577,1199.0,1148.0,17.0,4.0,17.0,2.0
tau_17,651,1,1,11,651_T1_P1_R1,651_T1_R1_ex11,right_arm,120,amp_preserving,fixed_mean_rescaled,identity,False,10.0,-1,0.02118539805400545,0.9716088328075709,5.022979985174203,42.0,0.036585365853658534,3.1872798064807677,0.985553484370519,6.514928909952607,29.877333589837804,85.36381025667944,1199.0,1148.0,17.0,4.0,17.0,2.0
tau_17,651,1,1,11,651_T1_P1_R1,651_T1_R1_ex11,left_leg,120,amp_preserving,fixed_mean_rescaled,identity,False,10.0,-1,0.06724100744557078,0.9961825163767789,12.172508970466465,148.0,0.1289198606271777,4.643607506386791,0.9973006550711543,15.466981958311438,9.726428872233708,27.789796777810594,1199.0,1148.0,17.0,4.0,17.0,2.0
tau_17,651,1,1,11,651_T1_P1_R1,651_T1_R1_ex11,right_leg,120,amp_preserving,fixed_mean_rescaled,identity,False,10.0,-1,0.08964758846741537,0.9961031479787198,11.38938395970554,193.0,0.1681184668989547,4.555245172036011,0.9976534173697943,14.257506053268765,12.368326401339973,35.338075432399926,1199.0,1148.0,17.0,4.0,17.0,2.0
tau_17,651,1,1,13,651_T1_P1_R1,651_T1_R1_ex13,trunk_spine,120,amp_preserving,fixed_mean_rescaled,identity,False,12.0,-1,0.029406448100829232,0.9795096445983184,5.156406918355961,51.0,0.03674351585014409,3.2387440325588948,0.9905673708754328,6.940346534653465,11.187513461788841,31.964324176539545,1439.0,1388.0,17.0,4.0,17.0,2.0
tau_17,651,1,1,13,651_T1_P1_R1,651_T1_R1_ex13,left_arm,120,amp_preserving,fixed_mean_rescaled,identity,False,12.0,-1,0.0345925213333361,0.986125292810379,7.697140178152837,101.0,0.07276657060518732,3.8482396383542734,0.9924169619796985,9.215142219743447,31.03815831618262,88.68045233195035,1439.0,1388.0,17.0,4.0,17.0,2.0
tau_17,651,1,1,13,651_T1_P1_R1,651_T1_R1_ex13,right_arm,120,amp_preserving,fixed_mean_rescaled,identity,False,12.0,-1,0.0268238002530704,0.9866382649109218,6.395932714034648,73.0,0.05259365994236311,3.6271639143297016,0.9928931061192874,7.6894121175764845,38.56273562919126,110.17924465483217,1439.0,1388.0,17.0,4.0,17.0,2.0
tau_17,651,1,1,13,651_T1_P1_R1,651_T1_R1_ex13,left_leg,120,amp_preserving,fixed_mean_rescaled,identity,False,12.0,-1,0.16686647731404625,0.9966878758825067,11.369220936013066,147.0,0.10590778097982709,4.531075624426285,0.9982567767802667,16.026186906546727,37.73361407241217,107.81032592117765,1439.0,1388.0,17.0,4.0,17.0,2.0
tau_17,651,1,1,13,651_T1_P1_R1,651_T1_R1_ex13,right_leg,120,amp_preserving,fixed_mean_rescaled,identity,False,12.0,-1,0.09718277375963298,0.9939708806362645,13.222696245733788,118.0,0.08501440922190202,4.763303954516135,0.9969587154982575,17.76240358061137,51.7637889288712,147.89653979677487,1439.0,1388.0,17.0,4.0,17.0,2.0
tau_17,651,1,2,11,651_T1_P1_R2,651_T1_R2_ex11,trunk_spine,120,amp_preserving,fixed_mean_rescaled,identity,False,10.0,-1,0.04289784895607083,0.981411323159721,5.5204142601075485,69.0,0.06010452961672474,3.3058169483912114,0.9924937152568778,7.411686938127975,11.16702881286783,31.905796608193803,1199.0,1148.0,17.0,4.0,17.0,2.0
tau_17,651,1,2,11,651_T1_P1_R2,651_T1_R2_ex11,left_arm,120,amp_preserving,fixed_mean_rescaled,identity,False,10.0,-1,0.03136799832315174,0.9885725353476661,6.3541861188920015,75.0,0.06533101045296168,3.5855720489748686,0.9942620569436375,8.413644744929318,39.10301164766586,111.72289042190246,1199.0,1148.0,17.0,4.0,17.0,2.0
tau_17,651,1,2,11,651_T1_P1_R2,651_T1_R2_ex11,right_arm,120,amp_preserving,fixed_mean_rescaled,identity,False,10.0,-1,0.03013162651242903,0.989010989010989,7.451576148879605,77.0,0.06707317073170732,3.780094919224639,0.9935981449742918,8.994296144193475,58.59520712260996,167.41487749317133,1199.0,1148.0,17.0,4.0,17.0,2.0
tau_17,651,1,2,11,651_T1_P1_R2,651_T1_R2_ex11,left_leg,120,amp_preserving,fixed_mean_rescaled,identity,False,10.0,-1,0.03566644085920247,0.9889276892939273,6.738827626233314,59.0,0.05139372822299652,3.673431598926007,0.9951239247082871,8.369448424068768,13.669478715395721,39.05565347255921,1199.0,1148.0,17.0,4.0,17.0,2.0
tau_17,651,1,2,11,651_T1_P1_R2,651_T1_R2_ex11,right_leg,120,amp_preserving,fixed_mean_rescaled,identity,False,10.0,-1,0.043537299241469186,0.9889408317052749,6.463064295485636,67.0,0.05836236933797909,3.6067364023033153,0.9946274072006698,8.485119047619047,15.265287649100848,43.61510756885957,1199.0,1148.0,17.0,4.0,17.0,2.0
tau_17,651,1,2,13,651_T1_P1_R2,651_T1_R2_ex13,trunk_spine,120,amp_preserving,fixed_mean_rescaled,identity,False,14.0,-1,0.035122902977850735,0.9747828704101814,4.935023944275142,65.0,0.03992628992628992,3.1694989089451315,0.9887780548628429,6.577148577148577,15.072454707896643,43.064156308276125,1679.0,1628.0,17.0,4.0,17.0,2.0
tau_17,651,1,2,13,651_T1_P1_R2,651_T1_R2_ex13,left_arm,120,amp_preserving,fixed_mean_rescaled,identity,False,14.0,-1,0.022454314402685638,0.9659022126572062,4.432032093812683,56.0,0.0343980343980344,2.9328062390076264,0.9852041159459277,5.7964190325452565,39.100973715385564,111.71706775824447,1679.0,1628.0,17.0,4.0,17.0,2.0
tau_17,651,1,2,13,651_T1_P1_R2,651_T1_R2_ex13,right_arm,120,amp_preserving,fixed_mean_rescaled,identity,False,14.0,-1,0.027023251669840483,0.9721981614462545,5.089074155331286,96.0,0.05896805896805897,3.226941645710763,0.9876218949956691,6.417793917385383,54.112425325745434,154.60692950212982,1679.0,1628.0,17.0,4.0,17.0,2.0
tau_17,651,1,2,13,651_T1_P1_R2,651_T1_R2_ex13,left_leg,120,amp_preserving,fixed_mean_rescaled,identity,False,14.0,-1,0.05007407250799998,0.9858256555634302,7.216800971409648,98.0,0.060196560196560195,3.7973222851698205,0.9928826696020628,9.940368357487923,43.10584594925016,123.15955985500047,1679.0,1628.0,17.0,4.0,17.0,2.0
tau_17,651,1,2,13,651_T1_P1_R2,651_T1_R2_ex13,right_leg,120,amp_preserving,fixed_mean_rescaled,identity,False,14.0,-1,0.07581823316303955,0.9907779946619926,8.688733624454148,75.0,0.04606879606879607,4.183247058666783,0.9947217464048121,11.851210251542478,45.5343310149118,130.0980886140337,1679.0,1628.0,17.0,4.0,17.0,2.0
tau_17,651,3,1,11,651_T3_P1_R1,651_T3_R1_ex11,trunk_spine,120,amp_preserving,fixed_mean_rescaled,identity,False,10.0,-1,0.026399727815935525,0.9906794775904724,6.434603886397609,77.0,0.06707317073170732,3.6334689881013613,0.9943904263275991,7.04873572593801,15.189392195619115,43.39826341605462,1199.0,1148.0,17.0,4.0,17.0,2.0
tau_17,651,3,1,11,651_T3_P1_R1,651_T3_R1_ex11,left_arm,120,amp_preserving,fixed_mean_rescaled,identity,False,10.0,-1,0.02697234719264617,0.955625633517288,5.136198547215496,45.0,0.039198606271777,3.25508423611008,0.9796148214889064,6.850167355778696,43.12455761755998,123.21302176445708,1199.0,1148.0,17.0,4.0,17.0,2.0
tau_17,651,3,1,11,651_T3_P1_R1,651_T3_R1_ex11,right_arm,120,amp_preserving,fixed_mean_rescaled,identity,False,10.0,-1,0.02296704932424838,0.9573440909992725,4.583913869537682,28.0,0.024390243902439025,3.0472621471449,0.9768864493089081,6.210426739541728,47.49226405562985,135.6921830160853,1199.0,1148.0,17.0,4.0,17.0,2.0
tau_17,651,3,1,11,651_T3_P1_R1,651_T3_R1_ex11,left_leg,120,amp_preserving,fixed_mean_rescaled,identity,False,10.0,-1,0.015810066557509515,0.9719473532519934,4.559260928346101,34.0,0.029616724738675958,3.001792800565807,0.9874627726006341,5.696037683568855,9.41308434049465,26.894526687127577,1199.0,1148.0,17.0,4.0,17.0,2.0
tau_17,651,3,1,11,651_T3_P1_R1,651_T3_R1_ex11,right_leg,120,amp_preserving,fixed_mean_rescaled,identity,False,10.0,-1,0.024434291546801382,0.9851432833965313,6.1024258760107815,83.0,0.07229965156794425,3.540751363261438,0.9916702927829925,7.394206257242178,10.411999892698576,29.748571121995933,1199.0,1148.0,17.0,4.0,17.0,2.0
tau_17,651,3,1,13,651_T3_P1_R1,651_T3_R1_ex13,trunk_spine,120,amp_preserving,fixed_mean_rescaled,identity,False,12.0,-1,0.025763106989771217,0.9779023347715634,5.246862829943748,70.0,0.05043227665706052,3.23130360707058,0.9906649461671841,6.753951890034364,15.543768664091106,44.410767611688875,1439.0,1388.0,17.0,4.0,17.0,2.0
tau_17,651,3,1,13,651_T3_P1_R1,651_T3_R1_ex13,left_arm,120,amp_preserving,fixed_mean_rescaled,identity,False,12.0,-1,0.03007236816133342,0.9801706567174492,5.476355915846361,51.0,0.03674351585014409,3.3765053350768177,0.9901026013058348,7.434630350194553,37.479319345224425,107.08376955778408,1439.0,1388.0,17.0,4.0,17.0,2.0
tau_17,651,3,1,13,651_T3_P1_R1,651_T3_R1_ex13,right_arm,120,amp_preserving,fixed_mean_rescaled,identity,False,12.0,-1,0.026548497887963363,0.9760907845822735,5.3932972972972975,54.0,0.03890489913544669,3.335647563660958,0.9890432400704363,7.059069962295768,40.87283401072282,116.77952574492234,1439.0,1388.0,17.0,4.0,17.0,2.0
tau_17,651,3,1,13,651_T3_P1_R1,651_T3_R1_ex13,left_leg,120,amp_preserving,fixed_mean_rescaled,identity,False,12.0,-1,0.06983018519018719,0.9899132659892587,8.306991260923844,165.0,0.11887608069164265,4.053928642581608,0.9948822470505974,11.108471760797341,38.43557053159695,109.81591580456274,1439.0,1388.0,17.0,4.0,17.0,2.0
tau_17,651,3,1,13,651_T3_P1_R1,651_T3_R1_ex13,right_leg,120,amp_preserving,fixed_mean_rescaled,identity,False,12.0,-1,0.06068287453068738,0.9879134424433336,7.126837100160554,66.0,0.04755043227665706,3.8695456862269295,0.9941107991508594,9.347714101738571,38.87996134504168,111.08560384297624,1439.0,1388.0,17.0,4.0,17.0,2.0
tau_17,651,3,2,11,651_T3_P1_R2,651_T3_R2_ex11,trunk_spine,120,amp_preserving,fixed_mean_rescaled,identity,False,10.0,-1,0.03667194225809489,0.9935801855533466,7.304811205846528,131.0,0.11411149825783973,3.799491263251383,0.9970593108018555,8.7937899543379,16.857137755368534,48.16325072962439,1199.0,1148.0,17.0,4.0,17.0,2.0
tau_17,651,3,2,11,651_T3_P1_R2,651_T3_R2_ex11,left_arm,120,amp_preserving,fixed_mean_rescaled,identity,False,10.0,-1,0.022655678045135165,0.9627245910431751,4.917808219178082,38.0,0.033101045296167246,3.174021303019512,0.9824349691606329,6.472614840989399,38.22796052127662,109.22274434650464,1199.0,1148.0,17.0,4.0,17.0,2.0
tau_17,651,3,2,11,651_T3_P1_R2,651_T3_R2_ex11,right_arm,120,amp_preserving,fixed_mean_rescaled,identity,False,10.0,-1,0.034355643718350246,0.9821389097661258,6.189746447478406,68.0,0.059233449477351915,3.5894606468518524,0.9911357708121491,8.049730700179532,40.23776671436033,114.96504775531525,1199.0,1148.0,17.0,4.0,17.0,2.0
tau_17,651,3,2,11,651_T3_P1_R2,651_T3_R2_ex11,left_leg,120,amp_preserving,fixed_mean_rescaled,identity,False,10.0,-1,0.07623584020122179,0.9948995855913293,10.222313203684749,113.0,0.09843205574912892,4.372080039738835,0.9972206726171502,13.442325768765945,10.477230646510272,29.93494470431506,1199.0,1148.0,17.0,4.0,17.0,2.0
tau_17,651,3,2,11,651_T3_P1_R2,651_T3_R2_ex11,right_leg,120,amp_preserving,fixed_mean_rescaled,identity,False,10.0,-1,0.04985889564961162,0.9887284469627734,6.215243201838376,74.0,0.06445993031358885,3.542680287369661,0.9943642234813868,8.618085808580858,9.905374970228738,28.30107134351068,1199.0,1148.0,17.0,4.0,17.0,2.0
tau_17,651,3,2,13,651_T3_P1_R2,651_T3_R2_ex13,trunk_spine,120,amp_preserving,fixed_mean_rescaled,identity,False,12.0,-1,0.022932167574991325,0.9768052912929238,4.679253472222222,33.0,0.02377521613832853,3.059304454425773,0.9890142248799493,6.074429604897051,16.546985953035442,47.27710272295841,1439.0,1388.0,17.0,4.0,17.0,2.0
tau_17,651,3,2,13,651_T3_P1_R2,651_T3_R2_ex13,left_arm,120,amp_preserving,fixed_mean_rescaled,identity,False,12.0,-1,0.03462888202306722,0.987579875798758,7.546767537826685,62.0,0.0446685878962536,3.95986476933795,0.993159931599316,9.572068815960677,35.004026139615114,100.01150325604318,1439.0,1388.0,17.0,4.0,17.0,2.0
tau_17,651,3,2,13,651_T3_P1_R2,651_T3_R2_ex13,right_arm,120,amp_preserving,fixed_mean_rescaled,identity,False,12.0,-1,0.029106212691335145,0.9689831173930114,5.334643348398506,58.0,0.04178674351585014,3.3099140669183327,0.9856515686904379,7.049138481174218,35.44180194535865,101.2622912724533,1439.0,1388.0,17.0,4.0,17.0,2.0
tau_17,651,3,2,13,651_T3_P1_R2,651_T3_R2_ex13,left_leg,120,amp_preserving,fixed_mean_rescaled,identity,False,12.0,-1,0.07606136853325134,0.9948507819435908,9.880358111774282,98.0,0.07060518731988473,4.333841656441887,0.996851738031824,13.36467679912104,47.230684593818644,134.94481312519613,1439.0,1388.0,17.0,4.0,17.0,2.0
tau_17,651,3,2,13,651_T3_P1_R2,651_T3_R2_ex13,right_leg,120,amp_preserving,fixed_mean_rescaled,identity,False,12.0,-1,0.11157225700151052,0.9951302177900686,10.420631825273011,132.0,0.09510086455331412,4.392003532483312,0.997350950212762,13.720058921480723,44.64839134578365,127.56683241652472,1439.0,1388.0,17.0,4.0,17.0,2.0
tau_17,790,1,1,11,790_T1_P1_R1,790_T1_R1_ex11,trunk_spine,120,amp_preserving,fixed_mean_rescaled,identity,False,10.0,-1,0.037560489566783824,0.9934489870192891,8.471379310344828,64.0,0.05574912891986063,4.163872215703282,0.9951676169679324,9.820231444533121,14.685055725719945,41.95730207348556,1199.0,1148.0,17.0,4.0,17.0,2.0
tau_17,790,1,1,11,790_T1_P1_R1,790_T1_R1_ex11,left_arm,120,amp_preserving,fixed_mean_rescaled,identity,False,10.0,-1,0.06352885424482592,0.9846028785922631,8.646231366785639,89.0,0.07752613240418119,4.112684207071055,0.9918352221106489,11.550744814144508,59.713964951808954,170.61132843373989,1199.0,1148.0,17.0,4.0,17.0,2.0
tau_17,790,1,1,11,790_T1_P1_R1,790_T1_R1_ex11,right_arm,120,amp_preserving,fixed_mean_rescaled,identity,False,10.0,-1,0.023933059731643523,0.9773434029320303,5.59593023255814,61.0,0.05313588850174216,3.3891332866357122,0.9893698038966808,7.272918124562631,51.480704270647514,147.08772648756434,1199.0,1148.0,17.0,4.0,17.0,2.0
tau_17,790,1,1,11,790_T1_P1_R1,790_T1_R1_ex11,left_leg,120,amp_preserving,fixed_mean_rescaled,identity,False,10.0,-1,0.0598364465398297,0.9944663028303085,10.715809628008753,121.0,0.10540069686411149,4.465053736351156,0.9967889326056606,13.597126038781163,8.764998595981888,25.042853131376827,1199.0,1148.0,17.0,4.0,17.0,2.0
tau_17,790,1,1,11,790_T1_P1_R1,790_T1_R1_ex11,right_leg,120,amp_preserving,fixed_mean_rescaled,identity,False,10.0,-1,0.050958567874382195,0.9958867362146051,10.979953992770293,106.0,0.09233449477351917,4.535434000430575,0.9974366616989567,13.23996043521266,9.955498546757655,28.44428156216473,1199.0,1148.0,17.0,4.0,17.0,2.0
tau_17,790,1,1,13,790_T1_P1_R1,790_T1_R1_ex13,trunk_spine,120,amp_preserving,fixed_mean_rescaled,identity,False,14.0,-1,0.04676232918396409,0.9524309311976231,5.978613419825664,76.0,0.04668304668304668,3.5343061967269387,0.975811790541086,8.2221768707483,21.96348114650249,62.75280327572141,1679.0,1628.0,17.0,4.0,17.0,2.0
tau_17,790,1,1,13,790_T1_P1_R1,790_T1_R1_ex13,left_arm,120,amp_preserving,fixed_mean_rescaled,identity,False,14.0,-1,0.05345603747570558,0.9796316176055144,6.632303719996175,87.0,0.05343980343980344,3.6774310861292103,0.989773433527318,9.01421496108574,62.136715232512145,177.53347209289186,1679.0,1628.0,17.0,4.0,17.0,2.0
tau_17,790,1,1,13,790_T1_P1_R1,790_T1_R1_ex13,right_arm,120,amp_preserving,fixed_mean_rescaled,identity,False,14.0,-1,0.03994025874788014,0.976690108892922,5.353678756476684,65.0,0.03992628992628992,3.3211382882307166,0.9888743950393224,7.315734265734266,56.236315843576044,160.675188124503,1679.0,1628.0,17.0,4.0,17.0,2.0
tau_17,790,1,1,13,790_T1_P1_R1,790_T1_R1_ex13,left_leg,120,amp_preserving,fixed_mean_rescaled,identity,False,14.0,-1,0.24177613944055248,0.9950094159017873,15.83051773824903,192.0,0.11793611793611794,4.927004493646407,0.9973688566315744,23.310985401459853,43.806664185227675,125.16189767207908,1679.0,1628.0,17.0,4.0,17.0,2.0
tau_17,790,1,1,13,790_T1_P1_R1,790_T1_R1_ex13,right_leg,120,amp_preserving,fixed_mean_rescaled,identity,False,14.0,-1,0.1573750092496251,0.9630272905231643,9.466937081407414,115.0,0.07063882063882064,4.17194332851778,0.9809163052239666,14.37082205742804,47.82598550368049,136.64567286765856,1679.0,1628.0,17.0,4.0,17.0,2.0
tau_17,790,1,2,11,790_T1_P1_R2,790_T1_R2_ex11,trunk_spine,120,amp_preserving,fixed_mean_rescaled,identity,False,10.0,-1,0.04655228455385812,0.9972266631864009,10.994244604316547,147.0,0.12804878048780488,4.4259177629814905,0.9977323893112336,10.820771408351026,17.83053199850972,50.9443771385992,1199.0,1148.0,17.0,4.0,17.0,2.0
tau_17,790,1,2,11,790_T1_P1_R2,790_T1_R2_ex11,left_arm,120,amp_preserving,fixed_mean_rescaled,identity,False,10.0,-1,0.03253753922518675,0.9838483801699188,6.887581699346406,118.0,0.10278745644599303,3.7085689215873985,0.9930678741480721,8.816203895565685,51.56054276037879,147.3158364582251,1199.0,1148.0,17.0,4.0,17.0,2.0
tau_17,790,1,2,11,790_T1_P1_R2,790_T1_R2_ex11,right_arm,120,amp_preserving,fixed_mean_rescaled,identity,False,10.0,-1,0.03886976782334768,0.9905435504669611,8.47509194249415,140.0,0.12195121951219512,4.073246397267236,0.9948810128560822,10.612755314714464,48.618435791149906,138.9098165461426,1199.0,1148.0,17.0,4.0,17.0,2.0
tau_17,790,1,2,11,790_T1_P1_R2,790_T1_R2_ex11,left_leg,120,amp_preserving,fixed_mean_rescaled,identity,False,10.0,-1,0.051318543450722835,0.9931038565128599,8.763123530948029,89.0,0.07752613240418119,4.135424622380452,0.9960783733388582,11.034262295081968,12.524840424691943,35.785258356262695,1199.0,1148.0,17.0,4.0,17.0,2.0
tau_17,790,1,2,11,790_T1_P1_R2,790_T1_R2_ex11,right_leg,120,amp_preserving,fixed_mean_rescaled,identity,False,10.0,-1,0.04582170121115833,0.9953261734287987,9.799934725848564,125.0,0.10888501742160278,4.330772046231808,0.9970830018562715,11.335971358583004,11.83848295754903,33.824237021568656,1199.0,1148.0,17.0,4.0,17.0,2.0
tau_17,790,1,2,13,790_T1_P1_R2,790_T1_R2_ex13,trunk_spine,120,amp_preserving,fixed_mean_rescaled,identity,False,14.0,-1,0.038576599732100654,0.9899197494617342,6.729873586161012,79.0,0.048525798525798525,3.7129142527441803,0.9953611274221962,8.990983026874115,18.805695358584675,53.73055816738479,1679.0,1628.0,17.0,4.0,17.0,2.0
tau_17,790,1,2,13,790_T1_P1_R2,790_T1_R2_ex13,left_arm,120,amp_preserving,fixed_mean_rescaled,identity,False,14.0,-1,0.031864769725863766,0.9779626075211488,5.208354366481575,65.0,0.03992628992628992,3.2659253624998663,0.990130565626407,6.971635938933845,60.627551203630205,173.22157486751487,1679.0,1628.0,17.0,4.0,17.0,2.0
tau_17,790,1,2,13,790_T1_P1_R2,790_T1_R2_ex13,right_arm,120,amp_preserving,fixed_mean_rescaled,identity,False,14.0,-1,0.049786390290385375,0.9917040766804174,9.056648199445984,203.0,0.1246928746928747,3.993725858294765,0.9956548774569279,11.954748247291269,58.02266408115576,165.7790402318736,1679.0,1628.0,17.0,4.0,17.0,2.0
tau_17,790,1,2,13,790_T1_P1_R2,790_T1_R2_ex13,left_leg,120,amp_preserving,fixed_mean_rescaled,identity,False,14.0,-1,0.06254785265233943,0.990861571519973,8.728200765631646,105.0,0.0644963144963145,4.155854159262641,0.9953161027077272,12.017928722396327,29.266848673065734,83.61956763733068,1679.0,1628.0,17.0,4.0,17.0,2.0
tau_17,790,1,2,13,790_T1_P1_R2,790_T1_R2_ex13,right_leg,120,amp_preserving,fixed_mean_rescaled,identity,False,14.0,-1,0.0421624339878796,0.9890220097064776,7.0146068842880736,150.0,0.09213759213759214,3.7322332464602916,0.9944841419079855,9.44163903766046,28.974182042400006,82.78337726400002,1679.0,1628.0,17.0,4.0,17.0,2.0
tau_17,790,3,1,11,790_T3_P1_R1,790_T3_R1_ex11,trunk_spine,120,amp_preserving,fixed_mean_rescaled,identity,False,10.0,-1,0.04756841814276905,0.993262660450859,7.913253625031799,55.0,0.04790940766550523,4.049381747879243,0.9968388786001661,10.474417044120115,14.138803557427325,40.396581592649504,1199.0,1148.0,17.0,4.0,17.0,2.0
tau_17,790,3,1,11,790_T3_P1_R1,790_T3_R1_ex11,left_arm,120,amp_preserving,fixed_mean_rescaled,identity,False,10.0,-1,0.033176989510585106,0.9911184361122557,7.024334847501622,65.0,0.05662020905923345,3.8030466206689884,0.9952387492560546,8.692123150739704,40.483684507117474,115.66767002033565,1199.0,1148.0,17.0,4.0,17.0,2.0
tau_17,790,3,1,11,790_T3_P1_R1,790_T3_R1_ex11,right_arm,120,amp_preserving,fixed_mean_rescaled,identity,False,10.0,-1,0.024970457700591454,0.9888686131386861,7.065189048239896,116.0,0.10104529616724739,3.7793945425349773,0.993065693430657,8.982668500687758,28.825174758486604,82.35764216710459,1199.0,1148.0,17.0,4.0,17.0,2.0
tau_17,790,3,1,11,790_T3_P1_R1,790_T3_R1_ex11,left_leg,120,amp_preserving,fixed_mean_rescaled,identity,False,10.0,-1,0.04600396732576119,0.9952126254622292,8.928613744075829,115.0,0.10017421602787456,4.162052540723039,0.9968304278922345,11.069477543538039,11.747885595818879,33.56538741662537,1199.0,1148.0,17.0,4.0,17.0,2.0
tau_17,790,3,1,11,790_T3_P1_R1,790_T3_R1_ex11,right_leg,120,amp_preserving,fixed_mean_rescaled,identity,False,10.0,-1,0.08295842206149051,0.9972170346772127,12.675354898766582,95.0,0.08275261324041812,4.686706474461833,0.998214874217291,15.814503263234228,16.316354373908748,46.618155354025,1199.0,1148.0,17.0,4.0,17.0,2.0
tau_17,790,3,1,13,790_T3_P1_R1,790_T3_R1_ex13,trunk_spine,120,amp_preserving,fixed_mean_rescaled,identity,False,18.0,-1,0.023604340460865517,0.9456886684471576,4.210736430816275,47.0,0.022296015180265655,2.8377189753221352,0.9743323159099581,5.784856722165591,21.122835024192984,60.35095721197996,2159.0,2108.0,17.0,4.0,17.0,2.0
tau_17,790,3,1,13,790_T3_P1_R1,790_T3_R1_ex13,left_arm,120,amp_preserving,fixed_mean_rescaled,identity,False,18.0,-1,0.025871113636752527,0.9683572945312772,4.9322695035461,52.0,0.024667931688804556,3.178037039770306,0.9851272322205591,6.397592404204815,59.29245715180241,169.4070204337212,2159.0,2108.0,17.0,4.0,17.0,2.0
tau_17,790,3,1,13,790_T3_P1_R1,790_T3_R1_ex13,right_arm,120,amp_preserving,fixed_mean_rescaled,identity,False,18.0,-1,0.032344070411360344,0.9841568168845453,6.35653268590954,75.0,0.03557874762808349,3.634706897480561,0.9913962327193752,8.138865078004457,47.457707573412655,135.59345020975044,2159.0,2108.0,17.0,4.0,17.0,2.0
tau_17,790,3,1,13,790_T3_P1_R1,790_T3_R1_ex13,left_leg,120,amp_preserving,fixed_mean_rescaled,identity,False,18.0,-1,0.043545550253109494,0.9755234993020009,5.942925538616605,81.0,0.03842504743833017,3.489056067910003,0.9881753787291246,7.8638495720869,42.69714636733308,121.99184676380881,2159.0,2108.0,17.0,4.0,17.0,2.0
tau_17,790,3,1,13,790_T3_P1_R1,790_T3_R1_ex13,right_leg,120,amp_preserving,fixed_mean_rescaled,identity,False,18.0,-1,0.06552883719129061,0.9853083662600928,7.186958047215678,110.0,0.05218216318785579,3.8636277976517506,0.9926095172650747,10.02947404964416,62.24844395637573,177.8526970182164,2159.0,2108.0,17.0,4.0,17.0,2.0
tau_17,790,3,2,11,790_T3_P1_R2,790_T3_R2_ex11,trunk_spine,120,amp_preserving,fixed_mean_rescaled,identity,False,10.0,-1,0.027889753302813885,0.9912863522492104,7.80197171024432,66.0,0.05749128919860627,4.014513299941262,0.9937642958283411,9.002220029600394,19.407586078815207,55.45024593947202,1199.0,1148.0,17.0,4.0,17.0,2.0
tau_17,790,3,2,11,790_T3_P1_R2,790_T3_R2_ex11,left_arm,120,amp_preserving,fixed_mean_rescaled,identity,False,10.0,-1,0.032660568852543675,0.9911175184857927,8.33150899139953,80.0,0.06968641114982578,4.067093544721531,0.9952797284099894,10.028819119025304,47.89355798947589,136.83873711278827,1199.0,1148.0,17.0,4.0,17.0,2.0
tau_17,790,3,2,11,790_T3_P1_R2,790_T3_R2_ex11,right_arm,120,amp_preserving,fixed_mean_rescaled,identity,False,10.0,-1,0.05978784224260227,0.976678606813505,7.705953096812989,95.0,0.08275261324041812,3.8806784270999946,0.9893554861164038,10.121897335932424,64.56180709851111,184.46230599574605,1199.0,1148.0,17.0,4.0,17.0,2.0
tau_17,790,3,2,11,790_T3_P1_R2,790_T3_R2_ex11,left_leg,120,amp_preserving,fixed_mean_rescaled,identity,False,10.0,-1,0.029672923457345173,0.9832616707616708,5.778880866425993,44.0,0.03832752613240418,3.4603487466970937,0.9915796478296478,7.757909491389667,13.058213394587524,37.309181127392925,1199.0,1148.0,17.0,4.0,17.0,2.0
tau_17,790,3,2,11,790_T3_P1_R2,790_T3_R2_ex11,right_leg,120,amp_preserving,fixed_mean_rescaled,identity,False,10.0,-1,0.019377925750860447,0.969117416522966,4.97946033024567,34.0,0.029616724738675958,3.165140286887067,0.9860087788054555,6.39852492370295,12.062569794642407,34.464485127549736,1199.0,1148.0,17.0,4.0,17.0,2.0
tau_17,790,3,2,13,790_T3_P1_R2,790_T3_R2_ex13,trunk_spine,120,amp_preserving,fixed_mean_rescaled,identity,False,12.0,-1,0.02926100534190476,0.92267272598168,4.309784411276949,45.0,0.032420749279538905,2.8886018219019625,0.9630050415394448,5.824975840223344,22.7824788608883,65.09279674539515,1439.0,1388.0,17.0,4.0,17.0,2.0
tau_17,790,3,2,13,790_T3_P1_R2,790_T3_R2_ex13,left_arm,120,amp_preserving,fixed_mean_rescaled,identity,False,12.0,-1,0.03591189493215095,0.9861721823651932,6.509451976322322,68.0,0.04899135446685879,3.6701509424566274,0.9942432307336265,8.565482866043613,48.68481428027336,139.0994693722096,1439.0,1388.0,17.0,4.0,17.0,2.0
tau_17,790,3,2,13,790_T3_P1_R2,790_T3_R2_ex13,right_arm,120,amp_preserving,fixed_mean_rescaled,identity,False,12.0,-1,0.04633182973223988,0.984169693708238,7.0611325611325615,64.0,0.04610951008645533,3.835196369467472,0.9910870442620745,9.634986376021798,45.14515682317918,128.98616235194052,1439.0,1388.0,17.0,4.0,17.0,2.0
tau_17,790,3,2,13,790_T3_P1_R2,790_T3_R2_ex13,left_leg,120,amp_preserving,fixed_mean_rescaled,identity,False,12.0,-1,0.07921851527876182,0.9921315603115902,12.029575449197011,123.0,0.08861671469740634,4.588872513529557,0.9960854512550161,16.059942911512845,68.68708618712473,196.24881767749926,1439.0,1388.0,17.0,4.0,17.0,2.0
tau_17,790,3,2,13,790_T3_P1_R2,790_T3_R2_ex13,right_leg,120,amp_preserving,fixed_mean_rescaled,identity,False,12.0,-1,0.0603192676333762,0.9811064034997072,6.842642642642643,82.0,0.059077809798270896,3.7358593277561645,0.9910440563535531,9.69536647009267,52.928937772765174,151.22553649361478,1439.0,1388.0,17.0,4.0,17.0,2.0
tau_19,651,1,1,11,651_T1_P1_R1,651_T1_R1_ex11,trunk_spine,120,amp_preserving,fixed_mean_rescaled,identity,False,10.0,-1,0.026545983106962122,0.9926568372361955,7.346170303808301,55.0,0.04816112084063047,3.854802222577589,0.9962416883492339,9.553645688938175,10.55098623024539,30.14567494355826,1199.0,1142.0,19.0,4.0,19.0,2.0
tau_19,651,1,1,11,651_T1_P1_R1,651_T1_R1_ex11,left_arm,120,amp_preserving,fixed_mean_rescaled,identity,False,10.0,-1,0.018799375605323625,0.9617080339647289,4.641055949566588,34.0,0.0297723292469352,3.0520216637206596,0.9828543435662965,6.15439672801636,22.52089981458454,64.34542804167012,1199.0,1142.0,19.0,4.0,19.0,2.0
tau_19,651,1,1,11,651_T1_P1_R1,651_T1_R1_ex11,right_arm,120,amp_preserving,fixed_mean_rescaled,identity,False,10.0,-1,0.019381100242359683,0.9675298962540587,4.539947974730583,37.0,0.03239929947460595,2.989472050192298,0.985903223251762,6.006755126658625,30.003207044141373,85.72344869754679,1199.0,1142.0,19.0,4.0,19.0,2.0
tau_19,651,1,1,11,651_T1_P1_R1,651_T1_R1_ex11,left_leg,120,amp_preserving,fixed_mean_rescaled,identity,False,10.0,-1,0.0592453542610946,0.9954402963807353,12.014696685428392,143.0,0.12521891418563924,4.5940587691053665,0.9970336019067851,15.094920572661307,9.833809479926634,28.0965985140761,1199.0,1142.0,19.0,4.0,19.0,2.0
tau_19,651,1,1,11,651_T1_P1_R1,651_T1_R1_ex11,right_leg,120,amp_preserving,fixed_mean_rescaled,identity,False,10.0,-1,0.08223959380578379,0.9965285554311311,11.554641852412898,185.0,0.16199649737302976,4.568546182614638,0.9980029861888764,14.60212998361551,12.522202511290276,35.77772146082936,1199.0,1142.0,19.0,4.0,19.0,2.0
tau_19,651,1,1,13,651_T1_P1_R1,651_T1_R1_ex13,trunk_spine,120,amp_preserving,fixed_mean_rescaled,identity,False,12.0,-1,0.027472279886950352,0.9794018919743668,5.083349831716491,63.0,0.045586107091172216,3.236458216120313,0.9914555996338114,6.828319978983318,11.22659458676831,32.075984533623746,1439.0,1382.0,19.0,4.0,19.0,2.0
tau_19,651,1,1,13,651_T1_P1_R1,651_T1_R1_ex13,left_arm,120,amp_preserving,fixed_mean_rescaled,identity,False,12.0,-1,0.031913366328852076,0.9860116897616077,7.348996573666177,104.0,0.07525325615050651,3.7804607371846997,0.9926774807907007,9.077015463143672,31.074631956150853,88.78466273185958,1439.0,1382.0,19.0,4.0,19.0,2.0
tau_19,651,1,1,13,651_T1_P1_R1,651_T1_R1_ex13,right_arm,120,amp_preserving,fixed_mean_rescaled,identity,False,12.0,-1,0.02473092025221347,0.9858050847457627,5.942528735632184,64.0,0.04630969609261939,3.5169692610099035,0.9921186440677966,7.391949486977111,38.67383163026077,110.49666180074507,1439.0,1382.0,19.0,4.0,19.0,2.0
tau_19,651,1,1,13,651_T1_P1_R1,651_T1_R1_ex13,left_leg,120,amp_preserving,fixed_mean_rescaled,identity,False,12.0,-1,0.15801066992500035,0.9959545047584308,11.065875764497827,133.0,0.09623733719247468,4.554677894261087,0.9978313492721425,15.571332470892626,38.02876118024586,108.65360337213103,1439.0,1382.0,19.0,4.0,19.0,2.0
tau_19,651,1,1,13,651_T1_P1_R1,651_T1_R1_ex13,right_leg,120,amp_preserving,fixed_mean_rescaled,identity,False,12.0,-1,0.08695852645632111,0.9930346340170157,12.359982000899954,109.0,0.0788712011577424,4.697568311745717,0.9963666819310212,16.595845042151748,52.04523332247252,148.70066663563577,1439.0,1382.0,19.0,4.0,19.0,2.0
tau_19,651,1,2,11,651_T1_P1_R2,651_T1_R2_ex11,trunk_spine,120,amp_preserving,fixed_mean_rescaled,identity,False,10.0,-1,0.04033086164316489,0.9809331709544832,5.38662486938349,63.0,0.05516637478108581,3.274395387538871,0.9910374486223169,7.298346412556054,11.215014771709422,32.042899347741205,1199.0,1142.0,19.0,4.0,19.0,2.0
tau_19,651,1,2,11,651_T1_P1_R2,651_T1_R2_ex11,left_arm,120,amp_preserving,fixed_mean_rescaled,identity,False,10.0,-1,0.02973702669640267,0.9878187261278002,6.246083550913838,72.0,0.06304728546409807,3.617062765685175,0.9933932073913492,8.245929734361612,39.210666588173034,112.03047596620868,1199.0,1142.0,19.0,4.0,19.0,2.0
tau_19,651,1,2,11,651_T1_P1_R2,651_T1_R2_ex11,right_arm,120,amp_preserving,fixed_mean_rescaled,identity,False,10.0,-1,0.027058637536434536,0.9853650235407567,6.981913183279743,73.0,0.063922942206655,3.7002658960314903,0.9925690623404617,8.414522721808128,58.86809861351946,168.19456746719845,1199.0,1142.0,19.0,4.0,19.0,2.0
tau_19,651,1,2,11,651_T1_P1_R2,651_T1_R2_ex11,left_leg,120,amp_preserving,fixed_mean_rescaled,identity,False,10.0,-1,0.036073067070241334,0.9885967151731767,6.274372130704834,55.0,0.04816112084063047,3.6001226702030498,0.9948302272147052,8.059462254395036,13.643425663553995,38.981216181582845,1199.0,1142.0,19.0,4.0,19.0,2.0
tau_19,651,1,2,11,651_T1_P1_R2,651_T1_R2_ex11,right_leg,120,amp_preserving,fixed_mean_rescaled,identity,False,10.0,-1,0.04072379437952698,0.9895597768732097,6.168937969924812,57.0,0.049912434325744305,3.569975335652724,0.9950625659580884,8.26063829787234,15.325711942160554,43.787748406173016,1199.0,1142.0,19.0,4.0,19.0,2.0
tau_19,651,1,2,13,651_T1_P1_R2,651_T1_R2_ex13,trunk_spine,120,amp_preserving,fixed_mean_rescaled,identity,False,14.0,-1,0.034859211444123864,0.9730726427651821,4.760140905209223,59.0,0.036374845869297165,3.0981218788158653,0.9884456761297925,6.454934093338084,15.14359866647143,43.267424761346945,1679.0,1622.0,19.0,4.0,19.0,2.0
tau_19,651,1,2,13,651_T1_P1_R2,651_T1_R2_ex13,left_arm,120,amp_preserving,fixed_mean_rescaled,identity,False,14.0,-1,0.021636489630930657,0.9644564758824357,4.224360948567909,55.0,0.03390875462392109,2.818023545236595,0.9841442835044297,5.659725030327538,39.11846944812217,111.76705556606335,1679.0,1622.0,19.0,4.0,19.0,2.0
tau_19,651,1,2,13,651_T1_P1_R2,651_T1_R2_ex13,right_arm,120,amp_preserving,fixed_mean_rescaled,identity,False,14.0,-1,0.024352841215519793,0.9703888802124004,4.678060533052252,84.0,0.051787916152897656,3.041817758740961,0.9863032953303139,6.111186375072576,54.28723914009059,155.10639754311597,1679.0,1622.0,19.0,4.0,19.0,2.0
tau_19,651,1,2,13,651_T1_P1_R2,651_T1_R2_ex13,left_leg,120,amp_preserving,fixed_mean_rescaled,identity,False,14.0,-1,0.048847166999713226,0.9848791578422823,6.734639548503886,84.0,0.051787916152897656,3.691574968902778,0.9926030895726922,9.402020797993952,43.26917421014391,123.62621202898261,1679.0,1622.0,19.0,4.0,19.0,2.0
tau_19,651,1,2,13,651_T1_P1_R2,651_T1_R2_ex13,right_leg,120,amp_preserving,fixed_mean_rescaled,identity,False,14.0,-1,0.07007213430993184,0.9906859605510264,8.262652784065187,67.0,0.04130702836004932,4.114994532333959,0.9949956035128475,11.348727790503313,45.812284050544235,130.8922401444121,1679.0,1622.0,19.0,4.0,19.0,2.0
tau_19,651,3,1,11,651_T3_P1_R1,651_T3_R1_ex11,trunk_spine,120,amp_preserving,fixed_mean_rescaled,identity,False,10.0,-1,0.023509963761164432,0.9885094992492003,6.0035685963521015,74.0,0.0647985989492119,3.5273110858153616,0.9939283149441797,6.757212605415003,15.28261965730037,43.66462759228677,1199.0,1142.0,19.0,4.0,19.0,2.0
tau_19,651,3,1,11,651_T3_P1_R1,651_T3_R1_ex11,left_arm,120,amp_preserving,fixed_mean_rescaled,identity,False,10.0,-1,0.025107787896136827,0.9604474874679056,4.792861500915192,29.0,0.025394045534150613,3.144343789505471,0.9812935566695195,6.44012036108325,43.016471060977466,122.9042030313642,1199.0,1142.0,19.0,4.0,19.0,2.0
tau_19,651,3,1,11,651_T3_P1_R1,651_T3_R1_ex11,right_arm,120,amp_preserving,fixed_mean_rescaled,identity,False,10.0,-1,0.020265198899174382,0.9608422328258729,4.459050966608085,24.0,0.021015761821366025,2.9871741399432534,0.9787169582670605,5.932966023875115,47.57123093637064,135.9178026753447,1199.0,1142.0,19.0,4.0,19.0,2.0
tau_19,651,3,1,11,651_T3_P1_R1,651_T3_R1_ex11,left_leg,120,amp_preserving,fixed_mean_rescaled,identity,False,10.0,-1,0.014767210377107985,0.9722482070470845,4.439487422876128,39.0,0.03415061295971979,2.93583864140618,0.9881509198628001,5.665673420738975,9.443992548863957,26.98283585389702,1199.0,1142.0,19.0,4.0,19.0,2.0
tau_19,651,3,1,11,651_T3_P1_R1,651_T3_R1_ex11,right_leg,120,amp_preserving,fixed_mean_rescaled,identity,False,10.0,-1,0.02289600636059867,0.9859221022993899,6.037356321839081,78.0,0.06830122591943957,3.5406879571266536,0.9936649460347254,7.413103275818955,10.454761500631793,29.870747144662268,1199.0,1142.0,19.0,4.0,19.0,2.0
tau_19,651,3,1,13,651_T3_P1_R1,651_T3_R1_ex13,trunk_spine,120,amp_preserving,fixed_mean_rescaled,identity,False,12.0,-1,0.02525697626774784,0.9765994523276077,4.849196538936959,62.0,0.04486251808972504,3.1043673744564084,0.9891502779852295,6.465220338983051,15.609632515237944,44.59895004353699,1439.0,1382.0,19.0,4.0,19.0,2.0
tau_19,651,3,1,13,651_T3_P1_R1,651_T3_R1_ex13,left_arm,120,amp_preserving,fixed_mean_rescaled,identity,False,12.0,-1,0.026668524978753414,0.9774450862509333,5.235739844243318,39.0,0.028219971056439943,3.304069645556177,0.9890958387362961,7.095560253699788,37.61436186653021,107.46960533294346,1439.0,1382.0,19.0,4.0,19.0,2.0
tau_19,651,3,1,13,651_T3_P1_R1,651_T3_R1_ex13,right_arm,120,amp_preserving,fixed_mean_rescaled,identity,False,12.0,-1,0.023309940258060866,0.9750944074806689,5.0046146746654365,47.0,0.03400868306801737,3.1965241537561733,0.9881316310016184,6.592681463707258,40.98611145068421,117.10317557338347,1439.0,1382.0,19.0,4.0,19.0,2.0
tau_19,651,3,1,13,651_T3_P1_R1,651_T3_R1_ex13,left_leg,120,amp_preserving,fixed_mean_rescaled,identity,False,12.0,-1,0.06671060945999617,0.9909362236883443,7.979129774854541,159.0,0.1150506512301013,4.010100260893166,0.9952560477536915,10.811022950260217,38.88690055289042,111.10543015111548,1439.0,1382.0,19.0,4.0,19.0,2.0
tau_19,651,3,1,13,651_T3_P1_R1,651_T3_R1_ex13,right_leg,120,amp_preserving,fixed_mean_rescaled,identity,False,12.0,-1,0.0570414483935905,0.9868829570297429,6.753708825748051,56.0,0.04052098408104197,3.7798610560843686,0.9934139217019088,8.890907596185466,39.24123958362937,112.11782738179822,1439.0,1382.0,19.0,4.0,19.0,2.0
tau_19,651,3,2,11,651_T3_P1_R2,651_T3_R2_ex11,trunk_spine,120,amp_preserving,fixed_mean_rescaled,identity,False,10.0,-1,0.034088449772912505,0.9922103651672746,7.469830508474576,126.0,0.11033274956217162,3.8922970760323694,0.9959250754198749,8.854483586869495,16.955016024454274,48.44290292701221,1199.0,1142.0,19.0,4.0,19.0,2.0
tau_19,651,3,2,11,651_T3_P1_R2,651_T3_R2_ex11,left_arm,120,amp_preserving,fixed_mean_rescaled,identity,False,10.0,-1,0.01997817381440989,0.9570528580208973,4.639478584729981,33.0,0.028896672504378284,3.0493137351633335,0.980639213275968,6.256862745098039,38.490537709209526,109.9729648834558,1199.0,1142.0,19.0,4.0,19.0,2.0
tau_19,651,3,2,11,651_T3_P1_R2,651_T3_R2_ex11,right_arm,120,amp_preserving,fixed_mean_rescaled,identity,False,10.0,-1,0.03311072261251153,0.9814574448358984,5.5803900896151815,61.0,0.053415061295971976,3.379886270746206,0.9916326719821992,7.450888192267502,40.428308288635506,115.5094522532443,1199.0,1142.0,19.0,4.0,19.0,2.0
tau_19,651,3,2,11,651_T3_P1_R2,651_T3_R2_ex11,left_leg,120,amp_preserving,fixed_mean_rescaled,identity,False,10.0,-1,0.06818303911983067,0.9950474989869884,10.250927643784786,101.0,0.08844133099824869,4.408497846302569,0.9969947323398316,13.469738442822385,10.588985914334332,30.254245469526666,1199.0,1142.0,19.0,4.0,19.0,2.0
tau_19,651,3,2,11,651_T3_P1_R2,651_T3_R2_ex11,right_leg,120,amp_preserving,fixed_mean_rescaled,identity,False,10.0,-1,0.044943216614915175,0.9865100235647689,6.283663258646944,76.0,0.06654991243432574,3.5758673231334805,0.9937502134489943,8.660119047619048,9.9466620878828,28.419034536808002,1199.0,1142.0,19.0,4.0,19.0,2.0
tau_19,651,3,2,13,651_T3_P1_R2,651_T3_R2_ex13,trunk_spine,120,amp_preserving,fixed_mean_rescaled,identity,False,12.0,-1,0.020936400666058175,0.972370989539016,4.4886783733826245,36.0,0.02604920405209841,2.9524116413808574,0.9879123079233195,6.033165214733303,16.61151530914651,47.461472311847174,1439.0,1382.0,19.0,4.0,19.0,2.0
tau_19,651,3,2,13,651_T3_P1_R2,651_T3_R2_ex13,left_arm,120,amp_preserving,fixed_mean_rescaled,identity,False,12.0,-1,0.03011199124776924,0.9865669044718984,6.946581720166626,56.0,0.04052098408104197,3.8380570472150835,0.9924656342439534,8.952597708366033,35.26093958724372,100.74554167783921,1439.0,1382.0,19.0,4.0,19.0,2.0
tau_19,651,3,2,13,651_T3_P1_R2,651_T3_R2_ex13,right_arm,120,amp_preserving,fixed_mean_rescaled,identity,False,12.0,-1,0.026308040378466912,0.9700059749053973,5.169178518361282,46.0,0.03328509406657019,3.273998462445035,0.985381398127863,6.980248306997742,35.656912618321975,101.87689319520565,1439.0,1382.0,19.0,4.0,19.0,2.0
tau_19,651,3,2,13,651_T3_P1_R2,651_T3_R2_ex13,left_leg,120,amp_preserving,fixed_mean_rescaled,identity,False,12.0,-1,0.06990571860614019,0.9940337885442744,9.295065881693299,88.0,0.06367583212735166,4.243169733744333,0.9968295132590805,12.608551384148655,47.731077644894846,136.37450755684242,1439.0,1382.0,19.0,4.0,19.0,2.0
tau_19,651,3,2,13,651_T3_P1_R2,651_T3_R2_ex13,right_leg,120,amp_preserving,fixed_mean_rescaled,identity,False,12.0,-1,0.10840316849196927,0.9954855673491484,10.16173278073811,124.0,0.08972503617945007,4.385464779531049,0.9977814511919262,13.653879224816457,45.0954402980612,128.84411513731771,1439.0,1382.0,19.0,4.0,19.0,2.0
tau_19,790,1,1,11,790_T1_P1_R1,790_T1_R1_ex11,trunk_spine,120,amp_preserving,fixed_mean_rescaled,identity,False,10.0,-1,0.03284825582376967,0.9944395121723284,8.024886877828054,72.0,0.06304728546409807,4.0176733545452,0.996191766739872,9.538926174496645,14.785092363292833,42.24312103797953,1199.0,1142.0,19.0,4.0,19.0,2.0
tau_19,790,1,1,11,790_T1_P1_R1,790_T1_R1_ex11,left_arm,120,amp_preserving,fixed_mean_rescaled,identity,False,10.0,-1,0.06082782946105284,0.9855412566237699,8.21215306980656,75.0,0.06567425569176882,4.063584061725044,0.9923416603583144,11.276415770609319,60.04009414328162,171.54312612366178,1199.0,1142.0,19.0,4.0,19.0,2.0
tau_19,790,1,1,11,790_T1_P1_R1,790_T1_R1_ex11,right_arm,120,amp_preserving,fixed_mean_rescaled,identity,False,10.0,-1,0.021882976649665164,0.9710317738654696,5.108487084870848,53.0,0.046409807355516634,3.2166633329837424,0.9863225082415655,6.768712394705174,51.39274868372104,146.83642481063154,1199.0,1142.0,19.0,4.0,19.0,2.0
tau_19,790,1,1,11,790_T1_P1_R1,790_T1_R1_ex11,left_leg,120,amp_preserving,fixed_mean_rescaled,identity,False,10.0,-1,0.05612031109221487,0.9939556382134945,9.637231503579953,130.0,0.1138353765323993,4.29544887853162,0.9964718431200941,12.759236561022588,8.848215849655011,25.280616713300034,1199.0,1142.0,19.0,4.0,19.0,2.0
tau_19,790,1,1,11,790_T1_P1_R1,790_T1_R1_ex11,right_leg,120,amp_preserving,fixed_mean_rescaled,identity,False,10.0,-1,0.04530391658774756,0.995731128879252,10.085792724776939,95.0,0.08318739054290718,4.417288907260315,0.9974081853909744,12.692175037723647,10.044045700956248,28.697273431303568,1199.0,1142.0,19.0,4.0,19.0,2.0
tau_19,790,1,1,13,790_T1_P1_R1,790_T1_R1_ex13,trunk_spine,120,amp_preserving,fixed_mean_rescaled,identity,False,14.0,-1,0.041100506529969244,0.9476421379923009,5.743466068424005,70.0,0.04315659679408138,3.4670682736055727,0.9738303227716909,7.962772397094431,22.08797097620107,63.10848850343163,1679.0,1622.0,19.0,4.0,19.0,2.0
tau_19,790,1,1,13,790_T1_P1_R1,790_T1_R1_ex13,left_arm,120,amp_preserving,fixed_mean_rescaled,identity,False,14.0,-1,0.050198116429629305,0.9762395441871742,6.344691747094741,79.0,0.04870530209617756,3.6351381428645473,0.9890592799127167,8.638168343038645,62.30308982196141,178.0088280627469,1679.0,1622.0,19.0,4.0,19.0,2.0
tau_19,790,1,1,13,790_T1_P1_R1,790_T1_R1_ex13,right_arm,120,amp_preserving,fixed_mean_rescaled,identity,False,14.0,-1,0.03797263262466806,0.9767427884615385,5.208738382651426,60.0,0.036991368680641186,3.2710087734886972,0.9889823717948718,7.127183484914104,56.44956805652142,161.2844801614898,1679.0,1622.0,19.0,4.0,19.0,2.0
tau_19,790,1,1,13,790_T1_P1_R1,790_T1_R1_ex13,left_leg,120,amp_preserving,fixed_mean_rescaled,identity,False,14.0,-1,0.23948773458103453,0.9952483499450511,15.514284299648462,313.0,0.19297163995067818,4.952799722135155,0.9975860601325126,22.83456323385074,44.19890436802714,126.28258390864897,1679.0,1622.0,19.0,4.0,19.0,2.0
tau_19,790,1,1,13,790_T1_P1_R1,790_T1_R1_ex13,right_leg,120,amp_preserving,fixed_mean_rescaled,identity,False,14.0,-1,0.14818911162143597,0.9666451076411346,8.665777000598224,109.0,0.06720098643649815,4.052077265537598,0.982947837424415,13.204068264092397,48.20834586114465,137.73813103184187,1679.0,1622.0,19.0,4.0,19.0,2.0
tau_19,790,1,2,11,790_T1_P1_R2,790_T1_R2_ex11,trunk_spine,120,amp_preserving,fixed_mean_rescaled,identity,False,10.0,-1,0.04302613463164858,0.9964326484018264,10.43406798655211,143.0,0.12521891418563924,4.387930381665311,0.9979309360730594,10.622365673058667,17.880790094596613,51.08797169884747,1199.0,1142.0,19.0,4.0,19.0,2.0
tau_19,790,1,2,11,790_T1_P1_R2,790_T1_R2_ex11,left_arm,120,amp_preserving,fixed_mean_rescaled,identity,False,10.0,-1,0.030108470923744957,0.9804241435562806,6.689391304347826,86.0,0.07530647985989491,3.699901207845581,0.9902120717781403,8.75152061275062,51.77854724759323,147.93870642169495,1199.0,1142.0,19.0,4.0,19.0,2.0
tau_19,790,1,2,11,790_T1_P1_R2,790_T1_R2_ex11,right_arm,120,amp_preserving,fixed_mean_rescaled,identity,False,10.0,-1,0.03528720159751716,0.9913440626359287,7.897089397089397,110.0,0.09632224168126094,3.9784175309012393,0.9947150935189213,10.24115539632781,48.88154041391938,139.66154403976967,1199.0,1142.0,19.0,4.0,19.0,2.0
tau_19,790,1,2,11,790_T1_P1_R2,790_T1_R2_ex11,left_leg,120,amp_preserving,fixed_mean_rescaled,identity,False,10.0,-1,0.04678201902960963,0.9937990091538437,8.585600907029479,83.0,0.07267950963222417,4.099923775369436,0.996308934020145,11.068525605977765,12.602525146367459,36.007214703907025,1199.0,1142.0,19.0,4.0,19.0,2.0
tau_19,790,1,2,11,790_T1_P1_R2,790_T1_R2_ex11,right_leg,120,amp_preserving,fixed_mean_rescaled,identity,False,10.0,-1,0.04409595540213442,0.9953009154512862,9.34139170205815,85.0,0.07443082311733801,4.247680603522963,0.9969020850012182,11.079303675048356,11.916903521590623,34.04829577597321,1199.0,1142.0,19.0,4.0,19.0,2.0
tau_19,790,1,2,13,790_T1_P1_R2,790_T1_R2_ex13,trunk_spine,120,amp_preserving,fixed_mean_rescaled,identity,False,14.0,-1,0.034775537774478164,0.9893912548942406,6.527926107663443,78.0,0.04808877928483354,3.6838796443119155,0.9952424699783451,8.750745263967689,18.85219708668586,53.863420247673886,1679.0,1622.0,19.0,4.0,19.0,2.0
tau_19,790,1,2,13,790_T1_P1_R2,790_T1_R2_ex13,left_arm,120,amp_preserving,fixed_mean_rescaled,identity,False,14.0,-1,0.029524634669348283,0.9730767248930798,4.9088900441902785,66.0,0.040690505548705305,3.158881381753576,0.9878265574277323,6.648430726547598,60.629801145010354,173.22800327145816,1679.0,1622.0,19.0,4.0,19.0,2.0
tau_19,790,1,2,13,790_T1_P1_R2,790_T1_R2_ex13,right_arm,120,amp_preserving,fixed_mean_rescaled,identity,False,14.0,-1,0.04516628620502635,0.9907539956548832,8.519623461259956,159.0,0.09802712700369914,3.933296078847559,0.9952843693686108,11.460680694269369,58.38976258990623,166.82789311401783,1679.0,1622.0,19.0,4.0,19.0,2.0
tau_19,790,1,2,13,790_T1_P1_R2,790_T1_R2_ex13,left_leg,120,amp_preserving,fixed_mean_rescaled,identity,False,14.0,-1,0.05901503920111423,0.9904360491344754,7.952085273724516,99.0,0.06103575832305795,4.017914766856648,0.9952502481213668,11.186454183266932,29.398971838473784,83.99706239563939,1679.0,1622.0,19.0,4.0,19.0,2.0
tau_19,790,1,2,13,790_T1_P1_R2,790_T1_R2_ex13,right_leg,120,amp_preserving,fixed_mean_rescaled,identity,False,14.0,-1,0.03907636439426729,0.9867434934106791,6.973448892557435,144.0,0.08877928483353884,3.7354215784393188,0.9933328142337117,9.484851301115242,29.126732119651045,83.21923462757442,1679.0,1622.0,19.0,4.0,19.0,2.0
tau_19,790,3,1,11,790_T3_P1_R1,790_T3_R1_ex11,trunk_spine,120,amp_preserving,fixed_mean_rescaled,identity,False,10.0,-1,0.042671574232821856,0.9937772022589115,7.706555090655509,67.0,0.05866900175131348,3.972667118214849,0.9966368116254811,10.224169741697416,14.255287361331204,40.7293924609463,1199.0,1142.0,19.0,4.0,19.0,2.0
tau_19,790,3,1,11,790_T3_P1_R1,790_T3_R1_ex11,left_arm,120,amp_preserving,fixed_mean_rescaled,identity,False,10.0,-1,0.03147299124650236,0.9919044135576689,6.631561786762308,61.0,0.053415061295971976,3.7072415712810467,0.9953913679590344,8.266707168894289,40.59843246444948,115.99552132699851,1199.0,1142.0,19.0,4.0,19.0,2.0
tau_19,790,3,1,11,790_T3_P1_R1,790_T3_R1_ex11,right_arm,120,amp_preserving,fixed_mean_rescaled,identity,False,10.0,-1,0.022217583432973503,0.9859758203799655,6.475499092558984,89.0,0.07793345008756568,3.5951847356998585,0.9926079447322971,8.36808386721025,28.858217441339214,82.45204983239776,1199.0,1142.0,19.0,4.0,19.0,2.0
tau_19,790,3,1,11,790_T3_P1_R1,790_T3_R1_ex11,left_leg,120,amp_preserving,fixed_mean_rescaled,identity,False,10.0,-1,0.042651620617303466,0.994494026198359,8.106482839542387,108.0,0.09457092819614711,4.044372040514675,0.9968691521520081,10.459127808193317,11.800498054651863,33.715708727576754,1199.0,1142.0,19.0,4.0,19.0,2.0
tau_19,790,3,1,11,790_T3_P1_R1,790_T3_R1_ex11,right_leg,120,amp_preserving,fixed_mean_rescaled,identity,False,10.0,-1,0.0754645738905406,0.9968067363625269,12.24918770307423,88.0,0.07705779334500876,4.666031942739599,0.9976406459748607,15.781853281853282,16.44382470930299,46.98235631229426,1199.0,1142.0,19.0,4.0,19.0,2.0
tau_19,790,3,1,13,790_T3_P1_R1,790_T3_R1_ex13,trunk_spine,120,amp_preserving,fixed_mean_rescaled,identity,False,18.0,-1,0.02185403081582736,0.9356777255113248,4.0932825673103075,39.0,0.018553758325404377,2.7893789734972088,0.9699318233624138,5.641316138363264,21.190692505561092,60.544835730174555,2159.0,2102.0,19.0,4.0,19.0,2.0
tau_19,790,3,1,13,790_T3_P1_R1,790_T3_R1_ex13,left_arm,120,amp_preserving,fixed_mean_rescaled,identity,False,18.0,-1,0.02378279383973288,0.9673242440399117,4.7045749212817185,51.0,0.024262607040913417,3.087706502665966,0.9849284027724884,6.1314011379800855,59.48463865031972,169.9561104294849,2159.0,2102.0,19.0,4.0,19.0,2.0
tau_19,790,3,1,13,790_T3_P1_R1,790_T3_R1_ex13,right_arm,120,amp_preserving,fixed_mean_rescaled,identity,False,18.0,-1,0.02868327392465461,0.9831062412176137,6.179734021437079,71.0,0.03377735490009515,3.601192440433218,0.9914662835309535,7.962530907246561,47.627781586571885,136.07937596163396,2159.0,2102.0,19.0,4.0,19.0,2.0
tau_19,790,3,1,13,790_T3_P1_R1,790_T3_R1_ex13,left_leg,120,amp_preserving,fixed_mean_rescaled,identity,False,18.0,-1,0.04033102808639445,0.9717259732530851,5.777354963615728,83.0,0.03948620361560418,3.4574816499009904,0.9864637254791875,7.715747409098894,42.86954808478228,122.48442309937795,2159.0,2102.0,19.0,4.0,19.0,2.0
tau_19,790,3,1,13,790_T3_P1_R1,790_T3_R1_ex13,right_leg,120,amp_preserving,fixed_mean_rescaled,identity,False,18.0,-1,0.0584525243065352,0.9839082062724681,6.988498789346247,89.0,0.042340627973358705,3.8266852003559566,0.9919850935911739,9.610981834559375,62.671551298154846,179.0615751375853,2159.0,2102.0,19.0,4.0,19.0,2.0
tau_19,790,3,2,11,790_T3_P1_R2,790_T3_R2_ex11,trunk_spine,120,amp_preserving,fixed_mean_rescaled,identity,False,10.0,-1,0.023292008883963586,0.9913014827018122,7.270662155630739,62.0,0.0542907180385289,3.8912307842046645,0.9945963756177925,8.6592082616179,19.519958387079505,55.77130967737002,1199.0,1142.0,19.0,4.0,19.0,2.0
tau_19,790,3,2,11,790_T3_P1_R2,790_T3_R2_ex11,left_arm,120,amp_preserving,fixed_mean_rescaled,identity,False,10.0,-1,0.028390925095662236,0.990484943504352,7.917458945548833,73.0,0.063922942206655,3.983959483573565,0.995350597394172,9.795690343176377,48.113572509084854,137.46735002595673,1199.0,1142.0,19.0,4.0,19.0,2.0
tau_19,790,3,2,11,790_T3_P1_R2,790_T3_R2_ex11,right_arm,120,amp_preserving,fixed_mean_rescaled,identity,False,10.0,-1,0.05456546397528207,0.9791279887482419,7.06474528110412,89.0,0.07793345008756568,3.738537382047779,0.989676511954993,9.567097212780421,65.11783972906566,186.05097065447333,1199.0,1142.0,19.0,4.0,19.0,2.0
tau_19,790,3,2,11,790_T3_P1_R2,790_T3_R2_ex11,left_leg,120,amp_preserving,fixed_mean_rescaled,identity,False,10.0,-1,0.027216731567080217,0.9800360929393187,5.937137000341647,41.0,0.03590192644483362,3.531126052081024,0.9908357771260997,7.995221843003413,13.115033539373616,37.471524398210335,1199.0,1142.0,19.0,4.0,19.0,2.0
tau_19,790,3,2,11,790_T3_P1_R2,790_T3_R2_ex11,right_leg,120,amp_preserving,fixed_mean_rescaled,identity,False,10.0,-1,0.018793236031317967,0.9710062071218556,4.721604447974583,27.0,0.023642732049036778,3.0629105347182257,0.987218229336818,6.338489774514945,12.07517733773142,34.50050667923263,1199.0,1142.0,19.0,4.0,19.0,2.0
tau_19,790,3,2,13,790_T3_P1_R2,790_T3_R2_ex13,trunk_spine,120,amp_preserving,fixed_mean_rescaled,identity,False,12.0,-1,0.027343385683940936,0.9286781895527536,4.278248587570621,40.0,0.02894356005788712,2.8932571042478035,0.9652972061472426,5.792227204783258,22.879011126678403,65.36860321908115,1439.0,1382.0,19.0,4.0,19.0,2.0
tau_19,790,3,2,13,790_T3_P1_R2,790_T3_R2_ex13,left_arm,120,amp_preserving,fixed_mean_rescaled,identity,False,12.0,-1,0.03334272968580204,0.9849770570117543,6.223193010325655,79.0,0.057163531114327065,3.597198048279719,0.9927556728895593,8.313593893933412,48.89362701210056,139.69607717743017,1439.0,1382.0,19.0,4.0,19.0,2.0
tau_19,790,3,2,13,790_T3_P1_R2,790_T3_R2_ex13,right_arm,120,amp_preserving,fixed_mean_rescaled,identity,False,12.0,-1,0.040736855673074,0.983330760919895,6.635306370421802,65.0,0.04703328509406657,3.7295438741376863,0.9911380357050985,9.258560615162802,45.30238227892842,129.4353779397955,1439.0,1382.0,19.0,4.0,19.0,2.0
tau_19,790,3,2,13,790_T3_P1_R2,790_T3_R2_ex13,left_leg,120,amp_preserving,fixed_mean_rescaled,identity,False,12.0,-1,0.07121876280427678,0.9901268355845914,10.806327284406617,117.0,0.08465991316931983,4.394890551347526,0.9946293516965363,14.562042223179663,69.37737422392016,198.22106921120047,1439.0,1382.0,19.0,4.0,19.0,2.0
tau_19,790,3,2,13,790_T3_P1_R2,790_T3_R2_ex13,right_leg,120,amp_preserving,fixed_mean_rescaled,identity,False,12.0,-1,0.05596313835378001,0.9811250093625946,6.6424949290060855,75.0,0.05426917510853835,3.6897736828648258,0.9905905924649839,9.461056961459358,53.32388333382131,152.3539523823466,1439.0,1382.0,19.0,4.0,19.0,2.0
theiler_2tau,651,1,1,11,651_T1_P1_R1,651_T1_R1_ex11,trunk_spine,120,amp_preserving,fixed_mean_rescaled,identity,False,10.0,-1,0.027613216477845298,0.9944152612662427,7.572210526315789,59.0,0.05152838427947598,3.9106041692015947,0.9978158695051147,9.786062906724512,10.566948218783027,30.191280625094365,1199.0,1145.0,18.0,4.0,36.0,2.0
theiler_2tau,651,1,1,11,651_T1_P1_R1,651_T1_R1_ex11,left_arm,120,amp_preserving,fixed_mean_rescaled,identity,False,10.0,-1,0.020026261947659326,0.9652333028362305,4.688888888888889,37.0,0.032314410480349345,3.0658353063277493,0.9830741079597438,6.291290558672847,22.507873111048045,64.3082088887087,1199.0,1145.0,18.0,4.0,36.0,2.0
theiler_2tau,651,1,1,11,651_T1_P1_R1,651_T1_R1_ex11,right_arm,120,amp_preserving,fixed_mean_rescaled,identity,False,10.0,-1,0.020091916816807647,0.9713504065658485,4.8143126177024484,39.0,0.03406113537117904,3.1046453672808045,0.9861691617904096,6.314841849148419,30.03009210614193,85.80026316040552,1199.0,1145.0,18.0,4.0,36.0,2.0
theiler_2tau,651,1,1,11,651_T1_P1_R1,651_T1_R1_ex11,left_leg,120,amp_preserving,fixed_mean_rescaled,identity,False,10.0,-1,0.059388646288209605,0.9950123406005759,11.908307692307693,115.0,0.10043668122270742,4.65511767197964,0.9970948169477581,15.176286441009587,9.848479778648526,28.138513653281507,1199.0,1145.0,18.0,4.0,36.0,2.0
theiler_2tau,651,1,1,11,651_T1_P1_R1,651_T1_R1_ex11,right_leg,120,amp_preserving,fixed_mean_rescaled,identity,False,10.0,-1,0.08331908266406084,0.9966464476167788,11.633368983957219,190.0,0.16593886462882096,4.581641603347205,0.9979658780626363,14.7323143514135,12.519615159891604,35.77032902826173,1199.0,1145.0,18.0,4.0,36.0,2.0
theiler_2tau,651,1,1,13,651_T1_P1_R1,651_T1_R1_ex13,trunk_spine,120,amp_preserving,fixed_mean_rescaled,identity,False,12.0,-1,0.027273011831973455,0.9794177282987108,5.072518327719437,52.0,0.03754512635379061,3.208827376392524,0.989632350128161,6.866091572660916,11.236735712839845,32.10495917954242,1439.0,1385.0,18.0,4.0,36.0,2.0
theiler_2tau,651,1,1,13,651_T1_P1_R1,651_T1_R1_ex13,left_arm,120,amp_preserving,fixed_mean_rescaled,identity,False,12.0,-1,0.03220195738820141,0.9850954217023621,7.475534792230145,99.0,0.07148014440433213,3.826323531972889,0.9923533033081684,9.24030773872379,31.037525612500396,88.678644607144,1439.0,1385.0,18.0,4.0,36.0,2.0
theiler_2tau,651,1,1,13,651_T1_P1_R1,651_T1_R1_ex13,right_arm,120,amp_preserving,fixed_mean_rescaled,identity,False,12.0,-1,0.02523319630224745,0.9860238173999338,6.205048139474369,70.0,0.05054151624548736,3.5715967063491916,0.9932186569632815,7.58805875848997,38.60910439671909,110.31172684776884,1439.0,1385.0,18.0,4.0,36.0,2.0
theiler_2tau,651,1,1,13,651_T1_P1_R1,651_T1_R1_ex13,left_leg,120,amp_preserving,fixed_mean_rescaled,identity,False,12.0,-1,0.15703136412011434,0.9965382519833623,11.175098725877357,145.0,0.10469314079422383,4.558121209357277,0.9981462040371557,15.895772710438601,38.10107594524569,108.86021698641626,1439.0,1385.0,18.0,4.0,36.0,2.0
theiler_2tau,651,1,1,13,651_T1_P1_R1,651_T1_R1_ex13,right_leg,120,amp_preserving,fixed_mean_rescaled,identity,False,12.0,-1,0.08762442353039378,0.9940343649158738,12.758673391410667,132.0,0.09530685920577617,4.732819762230092,0.9967135423488647,17.367984230729327,52.106280979538106,148.87508851296602,1439.0,1385.0,18.0,4.0,36.0,2.0
theiler_2tau,651,1,2,11,651_T1_P1_R2,651_T1_R2_ex11,trunk_spine,120,amp_preserving,fixed_mean_rescaled,identity,False,10.0,-1,0.04069991144226952,0.9826680672268907,5.443474646716542,65.0,0.056768558951965066,3.2852184885419975,0.9925345138055222,7.434874244766053,11.204097946390974,32.01170841825993,1199.0,1145.0,18.0,4.0,36.0,2.0
theiler_2tau,651,1,2,11,651_T1_P1_R2,651_T1_R2_ex11,left_arm,120,amp_preserving,fixed_mean_rescaled,identity,False,10.0,-1,0.02984548202888814,0.9866475674016473,6.400929306339197,73.0,0.06375545851528384,3.628893759824594,0.9937842124111117,8.458741563248422,39.38311149045414,112.52317568701183,1199.0,1145.0,18.0,4.0,36.0,2.0
theiler_2tau,651,1,2,11,651_T1_P1_R2,651_T1_R2_ex11,right_arm,120,amp_preserving,fixed_mean_rescaled,identity,False,10.0,-1,0.027604055333312977,0.9840146025775762,7.372565271446333,76.0,0.06637554585152838,3.772611454388688,0.9928093367996017,8.835343342357863,58.83874707606825,168.11070593162358,1199.0,1145.0,18.0,4.0,36.0,2.0
theiler_2tau,651,1,2,11,651_T1_P1_R2,651_T1_R2_ex11,left_leg,120,amp_preserving,fixed_mean_rescaled,identity,False,10.0,-1,0.03514978471310349,0.9883150167238608,6.49129814550642,58.0,0.050655021834061134,3.6486445974107236,0.9944615785587073,8.193808160343593,13.727285031029876,39.22081437437107,1199.0,1145.0,18.0,4.0,36.0,2.0
theiler_2tau,651,1,2,11,651_T1_P1_R2,651_T1_R2_ex11,right_leg,120,amp_preserving,fixed_mean_rescaled,identity,False,10.0,-1,0.04164656304394296,0.9875348291538348,6.321520769772354,62.0,0.05414847161572053,3.579474531641198,0.9949956005279367,8.363482280431432,15.327293857473942,43.792268164211265,1199.0,1145.0,18.0,4.0,36.0,2.0
theiler_2tau,651,1,2,13,651_T1_P1_R2,651_T1_R2_ex13,trunk_spine,120,amp_preserving,fixed_mean_rescaled,identity,False,14.0,-1,0.033644562334217504,0.9731495247105465,4.873322053017485,63.0,0.03876923076923077,3.1495625692990314,0.9881628147947921,6.50723132833939,15.148302223423524,43.28086349549579,1679.0,1625.0,18.0,4.0,36.0,2.0
theiler_2tau,651,1,2,13,651_T1_P1_R2,651_T1_R2_ex13,left_arm,120,amp_preserving,fixed_mean_rescaled,identity,False,14.0,-1,0.021356574460022735,0.9626685592618879,4.275492513790386,48.0,0.029538461538461538,2.850202033602504,0.984084457061746,5.679193118984231,39.19520993573667,111.98631410210477,1679.0,1625.0,18.0,4.0,36.0,2.0
theiler_2tau,651,1,2,13,651_T1_P1_R2,651_T1_R2_ex13,right_arm,120,amp_preserving,fixed_mean_rescaled,identity,False,14.0,-1,0.02478741947707465,0.9713822729079402,4.83945163747144,86.0,0.05292307692307692,3.125089929405851,0.9867306692756902,6.250217875472064,54.2673283243565,155.04950949816143,1679.0,1625.0,18.0,4.0,36.0,2.0
theiler_2tau,651,1,2,13,651_T1_P1_R2,651_T1_R2_ex13,left_leg,120,amp_preserving,fixed_mean_rescaled,identity,False,14.0,-1,0.04627965138309966,0.9852945992860184,6.743779421654337,99.0,0.06092307692307692,3.6784880952259766,0.9934742737366129,9.40144119014412,43.44152939544625,124.11865541556072,1679.0,1625.0,18.0,4.0,36.0,2.0
theiler_2tau,651,1,2,13,651_T1_P1_R2,651_T1_R2_ex13,right_leg,120,amp_preserving,fixed_mean_rescaled,identity,False,14.0,-1,0.06998560060629026,0.9916509648495874,8.46740638002774,73.0,0.04492307692307692,4.1483766547754115,0.9953435990730514,11.718001019887812,45.80168471814224,130.86195633754926,1679.0,1625.0,18.0,4.0,36.0,2.0
theiler_2tau,651,3,1,11,651_T3_P1_R1,651_T3_R1_ex11,trunk_spine,120,amp_preserving,fixed_mean_rescaled,identity,False,10.0,-1,0.02414266955751672,0.9884897546167468,6.12460815047022,71.0,0.06200873362445415,3.5616045522686783,0.9945294712876297,6.763655913978495,15.188048167651829,43.39442333614809,1199.0,1145.0,18.0,4.0,36.0,2.0
theiler_2tau,651,3,1,11,651_T3_P1_R1,651_T3_R1_ex11,left_arm,120,amp_preserving,fixed_mean_rescaled,identity,False,10.0,-1,0.025327510917030567,0.959850494333253,5.021128981393882,32.0,0.02794759825327511,3.2203806320421053,0.9822462020737883,6.653123723968967,43.223240174071535,123.49497192591868,1199.0,1145.0,18.0,4.0,36.0,2.0
theiler_2tau,651,3,1,11,651_T3_P1_R1,651_T3_R1_ex11,right_arm,120,amp_preserving,fixed_mean_rescaled,identity,False,10.0,-1,0.020417137447705132,0.9595423272509722,4.558081705150977,25.0,0.021834061135371178,3.0345536421668062,0.9805937780436733,6.137374210156798,47.5932522274714,135.9807206499183,1199.0,1145.0,18.0,4.0,36.0,2.0
theiler_2tau,651,3,1,11,651_T3_P1_R1,651_T3_R1_ex11,left_leg,120,amp_preserving,fixed_mean_rescaled,identity,False,10.0,-1,0.014987632454881362,0.9697432762836186,4.469014084507042,32.0,0.02794759825327511,2.953295791581241,0.9862978810105949,5.686637298091043,9.424275666751663,26.926501905004752,1199.0,1145.0,18.0,4.0,36.0,2.0
theiler_2tau,651,3,1,11,651_T3_P1_R1,651_T3_R1_ex11,right_leg,120,amp_preserving,fixed_mean_rescaled,identity,False,10.0,-1,0.022050874889302838,0.984143470433458,6.222854640980736,80.0,0.06986899563318777,3.6037869241613225,0.992591053870655,7.466145833333333,10.429100451989584,29.797429862827382,1199.0,1145.0,18.0,4.0,36.0,2.0
theiler_2tau,651,3,1,13,651_T3_P1_R1,651_T3_R1_ex13,trunk_spine,120,amp_preserving,fixed_mean_rescaled,identity,False,12.0,-1,0.02511112038563469,0.9797232725308513,4.917413972888426,66.0,0.047653429602888084,3.1134005807438667,0.9905679976731624,6.558459422283356,15.589200980631137,44.54057423037468,1439.0,1385.0,18.0,4.0,36.0,2.0
theiler_2tau,651,3,1,13,651_T3_P1_R1,651_T3_R1_ex13,left_arm,120,amp_preserving,fixed_mean_rescaled,identity,False,12.0,-1,0.027385697293462158,0.9782070331847449,5.441924544298431,47.0,0.03393501805054152,3.3805032831107567,0.990417952527908,7.3568699589642,37.616049690106344,107.47442768601813,1439.0,1385.0,18.0,4.0,36.0,2.0
theiler_2tau,651,3,1,13,651_T3_P1_R1,651_T3_R1_ex13,right_arm,120,amp_preserving,fixed_mean_rescaled,identity,False,12.0,-1,0.023969658396110264,0.9742306185522135,5.083125141948671,50.0,0.036101083032490974,3.2262663339221156,0.9882470726505027,6.694088161580422,41.086818102599324,117.3909088645695,1439.0,1385.0,18.0,4.0,36.0,2.0
theiler_2tau,651,3,1,13,651_T3_P1_R1,651_T3_R1_ex13,left_leg,120,amp_preserving,fixed_mean_rescaled,identity,False,12.0,-1,0.06551824878445775,0.9906678982068351,8.147740667976425,162.0,0.11696750902527075,4.049143093712696,0.995302098926649,11.110933333333334,38.84568836926849,110.98768105505282,1439.0,1385.0,18.0,4.0,36.0,2.0
theiler_2tau,651,3,1,13,651_T3_P1_R1,651_T3_R1_ex13,right_leg,120,amp_preserving,fixed_mean_rescaled,identity,False,12.0,-1,0.056790342438596854,0.987469914935053,7.000130242250586,65.0,0.04693140794223827,3.845705382034196,0.9936798397912877,9.2318852948707,39.23709122761716,112.10597493604902,1439.0,1385.0,18.0,4.0,36.0,2.0
theiler_2tau,651,3,2,11,651_T3_P1_R2,651_T3_R2_ex11,trunk_spine,120,amp_preserving,fixed_mean_rescaled,identity,False,10.0,-1,0.03390692277155159,0.9923897870040979,7.368104312938817,129.0,0.11266375545851529,3.844630955028564,0.9962174089251137,8.850970194038808,16.944832316555114,48.4138066187289,1199.0,1145.0,18.0,4.0,36.0,2.0
theiler_2tau,651,3,2,11,651_T3_P1_R2,651_T3_R2_ex11,left_arm,120,amp_preserving,fixed_mean_rescaled,identity,False,10.0,-1,0.021046202705591353,0.9635809634358676,4.883088235294117,53.0,0.0462882096069869,3.1366362723648624,0.9831326175275682,6.538721351025332,38.51702312091424,110.0486374883264,1199.0,1145.0,18.0,4.0,36.0,2.0
theiler_2tau,651,3,2,11,651_T3_P1_R2,651_T3_R2_ex11,right_arm,120,amp_preserving,fixed_mean_rescaled,identity,False,10.0,-1,0.03293736830854735,0.982662710921565,5.7775960752248565,65.0,0.056768558951965066,3.4549257912345848,0.992351195994808,7.648088603072526,40.4362967523926,115.53227643540744,1199.0,1145.0,18.0,4.0,36.0,2.0
theiler_2tau,651,3,2,11,651_T3_P1_R2,651_T3_R2_ex11,left_leg,120,amp_preserving,fixed_mean_rescaled,identity,False,10.0,-1,0.06833297706660152,0.9944809402511507,10.166057560529921,104.0,0.09082969432314411,4.372520792834369,0.99688296018233,13.626908979841172,10.601917283314096,30.291192238040274,1199.0,1145.0,18.0,4.0,36.0,2.0
theiler_2tau,651,3,2,11,651_T3_P1_R2,651_T3_R2_ex11,right_leg,120,amp_preserving,fixed_mean_rescaled,identity,False,10.0,-1,0.04581335694872813,0.9867355440759873,6.319530416221985,61.0,0.05327510917030567,3.5780623499575683,0.9944342609565072,8.81086667650967,9.95732480526661,28.44949944361889,1199.0,1145.0,18.0,4.0,36.0,2.0
theiler_2tau,651,3,2,13,651_T3_P1_R2,651_T3_R2_ex13,trunk_spine,120,amp_preserving,fixed_mean_rescaled,identity,False,12.0,-1,0.021489534859456188,0.9765488444358128,4.544283777677361,26.0,0.018772563176895306,2.9944902364118993,0.9894639735871043,6.061570493753718,16.575617086002776,47.35890596000794,1439.0,1385.0,18.0,4.0,36.0,2.0
theiler_2tau,651,3,2,13,651_T3_P1_R2,651_T3_R2_ex13,left_arm,120,amp_preserving,fixed_mean_rescaled,identity,False,12.0,-1,0.03133177521337201,0.987312264810683,7.23298365454989,60.0,0.04332129963898917,3.892651514778011,0.9934063738386226,9.317819771981883,35.319232089922515,100.91209168549291,1439.0,1385.0,18.0,4.0,36.0,2.0
theiler_2tau,651,3,2,13,651_T3_P1_R2,651_T3_R2_ex13,right_arm,120,amp_preserving,fixed_mean_rescaled,identity,False,12.0,-1,0.026774274326495692,0.9673434394606601,5.170381170589461,51.0,0.0368231046931408,3.257884978937765,0.9858150500759908,6.829643628509719,35.673812802550835,101.92517943585953,1439.0,1385.0,18.0,4.0,36.0,2.0
theiler_2tau,651,3,2,13,651_T3_P1_R2,651_T3_R2_ex13,left_leg,120,amp_preserving,fixed_mean_rescaled,identity,False,12.0,-1,0.07052857828509422,0.9940972838629505,9.411344537815125,81.0,0.05848375451263538,4.2676319858270375,0.9968267353097816,12.91823236196319,47.739937689724584,136.39982197064168,1439.0,1385.0,18.0,4.0,36.0,2.0
theiler_2tau,651,3,2,13,651_T3_P1_R2,651_T3_R2_ex13,right_leg,120,amp_preserving,fixed_mean_rescaled,identity,False,12.0,-1,0.10663174808539054,0.9943345270944637,10.319792830303646,126.0,0.09097472924187726,4.400841330772213,0.9972748977475098,13.74041118975396,45.13689972361338,128.9625706388954,1439.0,1385.0,18.0,4.0,36.0,2.0
theiler_2tau,790,1,1,11,790_T1_P1_R1,790_T1_R1_ex11,trunk_spine,120,amp_preserving,fixed_mean_rescaled,identity,False,10.0,-1,0.03384126790240327,0.9939992781086446,8.123525073746313,62.0,0.05414847161572053,4.07406210343559,0.9964582205378091,9.62331154684096,14.798073718289894,42.28021062368541,1199.0,1145.0,18.0,4.0,36.0,2.0
theiler_2tau,790,1,1,11,790_T1_P1_R1,790_T1_R1_ex11,left_arm,120,amp_preserving,fixed_mean_rescaled,identity,False,10.0,-1,0.059758145784346656,0.9847718330011753,8.597367834039705,77.0,0.06724890829694323,4.141114197126972,0.9927564004292504,11.742067089755214,60.15498305385092,171.87138015385977,1199.0,1145.0,18.0,4.0,36.0,2.0
theiler_2tau,790,1,1,11,790_T1_P1_R1,790_T1_R1_ex11,right_arm,120,amp_preserving,fixed_mean_rescaled,identity,False,10.0,-1,0.021226371881393716,0.974607970076248,5.237340548898338,57.0,0.04978165938864629,3.2553714154630056,0.9867644943173645,6.914314516129032,51.605106774344435,147.4431622124127,1199.0,1145.0,18.0,4.0,36.0,2.0
theiler_2tau,790,1,1,11,790_T1_P1_R1,790_T1_R1_ex11,left_leg,120,amp_preserving,fixed_mean_rescaled,identity,False,10.0,-1,0.05601734510031453,0.9936491495856956,10.023370910090733,123.0,0.10742358078602621,4.343327638273443,0.9965111208024422,13.205707061585697,8.863520907241707,25.324345449262022,1199.0,1145.0,18.0,4.0,36.0,2.0
theiler_2tau,790,1,1,11,790_T1_P1_R1,790_T1_R1_ex11,right_leg,120,amp_preserving,fixed_mean_rescaled,identity,False,10.0,-1,0.04653250679451553,0.9954390339939625,10.723577235772357,102.0,0.0890829694323144,4.500835320891333,0.9974077962987269,13.031939978563774,10.055834424764303,28.730955499326583,1199.0,1145.0,18.0,4.0,36.0,2.0
theiler_2tau,790,1,1,13,790_T1_P1_R1,790_T1_R1_ex13,trunk_spine,120,amp_preserving,fixed_mean_rescaled,identity,False,14.0,-1,0.04288291019325502,0.9504807012583062,5.785499139414802,73.0,0.04492307692307692,3.474676596850639,0.9755938074367312,8.035956037557318,22.08041674186199,63.08690497674854,1679.0,1625.0,18.0,4.0,36.0,2.0
theiler_2tau,790,1,1,13,790_T1_P1_R1,790_T1_R1_ex13,left_arm,120,amp_preserving,fixed_mean_rescaled,identity,False,14.0,-1,0.0503743842364532,0.9782605425085378,6.457199602780536,81.0,0.049846153846153846,3.645028392343519,0.9890700928252268,8.84051637194917,62.58030072294614,178.80085920841756,1679.0,1625.0,18.0,4.0,36.0,2.0
theiler_2tau,790,1,1,13,790_T1_P1_R1,790_T1_R1_ex13,right_arm,120,amp_preserving,fixed_mean_rescaled,identity,False,14.0,-1,0.03851458885941644,0.9774498229043683,5.291222837665105,63.0,0.03876923076923077,3.2913418180148453,0.9894529712711531,7.252325665248431,56.58994868819574,161.68556768055927,1679.0,1625.0,18.0,4.0,36.0,2.0
theiler_2tau,790,1,1,13,790_T1_P1_R1,790_T1_R1_ex13,left_leg,120,amp_preserving,fixed_mean_rescaled,identity,False,14.0,-1,0.2334043198181129,0.9949801446211892,15.751567800966383,196.0,0.12061538461538461,4.964728795071666,0.9974819548213016,23.22182326706478,44.315211188022325,126.61488910863523,1679.0,1625.0,18.0,4.0,36.0,2.0
theiler_2tau,790,1,1,13,790_T1_P1_R1,790_T1_R1_ex13,right_leg,120,amp_preserving,fixed_mean_rescaled,identity,False,14.0,-1,0.1472110647972717,0.9641947025663467,8.829436168206675,112.0,0.06892307692307692,4.065042341611689,0.9814177971118948,13.645086250089472,48.1881619380098,137.680462680028,1679.0,1625.0,18.0,4.0,36.0,2.0
theiler_2tau,790,1,2,11,790_T1_P1_R2,790_T1_R2_ex11,trunk_spine,120,amp_preserving,fixed_mean_rescaled,identity,False,10.0,-1,0.04534308486273552,0.9960265346668014,10.624640804597702,145.0,0.12663755458515283,4.396631673938671,0.9978112267232381,10.61698316015765,17.91674806604722,51.19070876013492,1199.0,1145.0,18.0,4.0,36.0,2.0
theiler_2tau,790,1,2,11,790_T1_P1_R2,790_T1_R2_ex11,left_arm,120,amp_preserving,fixed_mean_rescaled,identity,False,10.0,-1,0.030239411243778058,0.9845998485231002,6.979241231209735,114.0,0.09956331877729258,3.7310237861599655,0.9934864933097702,9.044357618938175,51.805745057932974,148.01641445123707,1199.0,1145.0,18.0,4.0,36.0,2.0
theiler_2tau,790,1,2,11,790_T1_P1_R2,790_T1_R2_ex11,right_arm,120,amp_preserving,fixed_mean_rescaled,identity,False,10.0,-1,0.035430726478761415,0.990174531351002,8.30994575045208,117.0,0.10218340611353711,4.036337178098573,0.9956259426847662,10.568847209515097,48.94608375688251,139.8459535910929,1199.0,1145.0,18.0,4.0,36.0,2.0
theiler_2tau,790,1,2,11,790_T1_P1_R2,790_T1_R2_ex11,left_leg,120,amp_preserving,fixed_mean_rescaled,identity,False,10.0,-1,0.04696155373011268,0.9943427512436194,8.93717124488603,86.0,0.07510917030567686,4.163838812416453,0.9966349123776701,11.556456173421301,12.64484502857445,36.12812865306986,1199.0,1145.0,18.0,4.0,36.0,2.0
theiler_2tau,790,1,2,11,790_T1_P1_R2,790_T1_R2_ex11,right_leg,120,amp_preserving,fixed_mean_rescaled,identity,False,10.0,-1,0.044448346413411916,0.9957747930335612,9.789935832489023,88.0,0.07685589519650655,4.328169451445498,0.997337776098382,11.489315393747527,11.926747600612725,34.07642171603636,1199.0,1145.0,18.0,4.0,36.0,2.0
theiler_2tau,790,1,2,13,790_T1_P1_R2,790_T1_R2_ex13,trunk_spine,120,amp_preserving,fixed_mean_rescaled,identity,False,14.0,-1,0.036190223569533914,0.9894666303687727,6.613941769316909,61.0,0.03753846153846154,3.6868515019486696,0.9952463719556887,8.914189252555566,18.873672331584693,53.924778090241986,1679.0,1625.0,18.0,4.0,36.0,2.0
theiler_2tau,790,1,2,13,790_T1_P1_R2,790_T1_R2_ex13,left_arm,120,amp_preserving,fixed_mean_rescaled,identity,False,14.0,-1,0.02951420992800303,0.9750924404272802,5.023680381002778,78.0,0.048,3.1968183342011414,0.9877516433853739,6.767593244194229,60.70532420942665,173.44378345550473,1679.0,1625.0,18.0,4.0,36.0,2.0
theiler_2tau,790,1,2,13,790_T1_P1_R2,790_T1_R2_ex13,right_arm,120,amp_preserving,fixed_mean_rescaled,identity,False,14.0,-1,0.04389693065555134,0.9915058181692621,8.509408801303897,161.0,0.09907692307692308,3.9492276069826246,0.9957270121888057,11.39587038134756,58.55258308146998,167.29309451848567,1679.0,1625.0,18.0,4.0,36.0,2.0
theiler_2tau,790,1,2,13,790_T1_P1_R2,790_T1_R2_ex13,left_leg,120,amp_preserving,fixed_mean_rescaled,identity,False,14.0,-1,0.057086017430845015,0.9896315964155327,8.14866637516397,114.0,0.07015384615384615,4.05653842128404,0.9948157982077663,11.40816015833143,29.478428139043547,84.22408039726729,1679.0,1625.0,18.0,4.0,36.0,2.0
theiler_2tau,790,1,2,13,790_T1_P1_R2,790_T1_R2_ex13,right_leg,120,amp_preserving,fixed_mean_rescaled,identity,False,14.0,-1,0.039169382341796136,0.9888360034053092,6.9231915470062315,147.0,0.09046153846153847,3.712722728558979,0.994388979181178,9.494550157029373,29.159974227893084,83.31421207969453,1679.0,1625.0,18.0,4.0,36.0,2.0
theiler_2tau,790,3,1,11,790_T3_P1_R1,790_T3_R1_ex11,trunk_spine,120,amp_preserving,fixed_mean_rescaled,identity,False,10.0,-1,0.043156625034354294,0.994551565540421,7.83909648633575,55.0,0.048034934497816595,4.007893534264686,0.9971696444365823,10.520716685330347,14.222810306638857,40.636600876111025,1199.0,1145.0,18.0,4.0,36.0,2.0
theiler_2tau,790,3,1,11,790_T3_P1_R1,790_T3_R1_ex11,left_arm,120,amp_preserving,fixed_mean_rescaled,identity,False,10.0,-1,0.0317128286560601,0.9906596051998074,6.793000990425883,63.0,0.05502183406113537,3.76414966237175,0.9949927780452575,8.469672131147542,40.599453396620135,115.99843827605754,1199.0,1145.0,18.0,4.0,36.0,2.0
theiler_2tau,790,3,1,11,790_T3_P1_R1,790_T3_R1_ex11,right_arm,120,amp_preserving,fixed_mean_rescaled,identity,False,10.0,-1,0.022215775490884663,0.9855670103092784,6.838340486409156,114.0,0.09956331877729258,3.689567341298499,0.9923024054982817,8.852237890864501,28.98127564057858,82.80364468736738,1199.0,1145.0,18.0,4.0,36.0,2.0
theiler_2tau,790,3,1,11,790_T3_P1_R1,790_T3_R1_ex11,left_leg,120,amp_preserving,fixed_mean_rescaled,identity,False,10.0,-1,0.042950499282377014,0.9943121222893708,8.627390499691549,110.0,0.09606986899563319,4.116471327077986,0.9972627088517597,10.875363442527622,11.856091218542364,33.87454633869247,1199.0,1145.0,18.0,4.0,36.0,2.0
theiler_2tau,790,3,1,11,790_T3_P1_R1,790_T3_R1_ex11,right_leg,120,amp_preserving,fixed_mean_rescaled,identity,False,10.0,-1,0.07486029254588207,0.997450488486406,12.168201045036078,91.0,0.0794759825327511,4.662023470543926,0.998562075506333,15.947394136807818,16.51998169086717,47.19994768819192,1199.0,1145.0,18.0,4.0,36.0,2.0
theiler_2tau,790,3,1,13,790_T3_P1_R1,790_T3_R1_ex13,trunk_spine,120,amp_preserving,fixed_mean_rescaled,identity,False,18.0,-1,0.021906469297255312,0.9399723773989405,4.082273948075201,43.0,0.020427553444180523,2.7756329239710285,0.971583764507019,5.6493467577609975,21.185089962489055,60.528828464254445,2159.0,2105.0,18.0,4.0,36.0,2.0
theiler_2tau,790,3,1,13,790_T3_P1_R1,790_T3_R1_ex13,left_arm,120,amp_preserving,fixed_mean_rescaled,identity,False,18.0,-1,0.024463751885335477,0.9683427474434231,4.768566493955095,52.0,0.02470308788598575,3.1127620690443716,0.9852973751245985,6.224781341107872,59.38234873244933,169.6638535212838,2159.0,2105.0,18.0,4.0,36.0,2.0
theiler_2tau,790,3,1,13,790_T3_P1_R1,790_T3_R1_ex13,right_arm,120,amp_preserving,fixed_mean_rescaled,identity,False,18.0,-1,0.029616249559712073,0.9838832642107831,6.113405968735196,73.0,0.03467933491686461,3.5888944975625936,0.9919035130519639,7.890472436169568,47.64094599593371,136.1169885598106,2159.0,2105.0,18.0,4.0,36.0,2.0
theiler_2tau,790,3,1,13,790_T3_P1_R1,790_T3_R1_ex13,left_leg,120,amp_preserving,fixed_mean_rescaled,identity,False,18.0,-1,0.041176178391120186,0.9743044207801893,5.8072950712511435,92.0,0.043705463182897863,3.4579037817807516,0.9874812190868912,7.729879383611624,42.87139265167698,122.48969329050566,2159.0,2105.0,18.0,4.0,36.0,2.0
theiler_2tau,790,3,1,13,790_T3_P1_R1,790_T3_R1_ex13,right_leg,120,amp_preserving,fixed_mean_rescaled,identity,False,18.0,-1,0.060337960496012574,0.9840213746856664,7.020932343674908,107.0,0.0508313539192399,3.8286637807781667,0.9916776433960005,9.777449822904368,62.57873782059915,178.79639377314044,2159.0,2105.0,18.0,4.0,36.0,2.0
theiler_2tau,790,3,2,11,790_T3_P1_R2,790_T3_R2_ex11,trunk_spine,120,amp_preserving,fixed_mean_rescaled,identity,False,10.0,-1,0.024927474272452437,0.9927722650986157,7.394160583941606,63.0,0.05502183406113537,3.934652251605216,0.9952223447262036,8.768483540205073,19.500985782022273,55.717102234349355,1199.0,1145.0,18.0,4.0,36.0,2.0
theiler_2tau,790,3,2,11,790_T3_P1_R2,790_T3_R2_ex11,left_arm,120,amp_preserving,fixed_mean_rescaled,identity,False,10.0,-1,0.028529330931077655,0.9912229060743912,8.155438132981066,77.0,0.06724890829694323,4.033620762023701,0.9955579341717956,9.892049986705663,48.02290080666044,137.20828801902982,1199.0,1145.0,18.0,4.0,36.0,2.0
theiler_2tau,790,3,2,11,790_T3_P1_R2,790_T3_R2_ex11,right_arm,120,amp_preserving,fixed_mean_rescaled,identity,False,10.0,-1,0.05308119827770483,0.9753775348770315,7.256366359940081,92.0,0.08034934497816594,3.786292783426895,0.9885085574572127,9.599301675977653,65.1894635840062,186.25561024001775,1199.0,1145.0,18.0,4.0,36.0,2.0
theiler_2tau,790,3,2,11,790_T3_P1_R2,790_T3_R2_ex11,left_leg,120,amp_preserving,fixed_mean_rescaled,identity,False,10.0,-1,0.027623904479799677,0.9817598938757461,5.893165228931652,42.0,0.03668122270742358,3.494514078293762,0.9908523104134425,7.990416759527524,13.164747532755174,37.6135643793005,1199.0,1145.0,18.0,4.0,36.0,2.0
theiler_2tau,790,3,2,11,790_T3_P1_R2,790_T3_R2_ex11,right_leg,120,amp_preserving,fixed_mean_rescaled,identity,False,10.0,-1,0.017346627171954683,0.9713053428395387,4.768798617113224,31.0,0.027074235807860263,3.083372382263506,0.9871490185723087,6.220188574597892,12.141387858455078,34.689679595585936,1199.0,1145.0,18.0,4.0,36.0,2.0
theiler_2tau,790,3,2,13,790_T3_P1_R2,790_T3_R2_ex13,trunk_spine,120,amp_preserving,fixed_mean_rescaled,identity,False,12.0,-1,0.027289705974416226,0.9281972854138788,4.244972897359678,38.0,0.027436823104693142,2.869777256216262,0.9652647677308354,5.777892207346378,22.879407410169947,65.36973545762842,1439.0,1385.0,18.0,4.0,36.0,2.0
theiler_2tau,790,3,2,13,790_T3_P1_R2,790_T3_R2_ex13,left_arm,120,amp_preserving,fixed_mean_rescaled,identity,False,12.0,-1,0.03303666451033994,0.9854088368126835,6.2389522095580885,67.0,0.04837545126353791,3.6106939352697465,0.9933518617945236,8.28678698458701,49.02968842252432,140.08482406435522,1439.0,1385.0,18.0,4.0,36.0,2.0
theiler_2tau,790,3,2,13,790_T3_P1_R2,790_T3_R2_ex13,right_arm,120,amp_preserving,fixed_mean_rescaled,identity,False,12.0,-1,0.041995158698691595,0.9840989838256851,6.930708661417323,61.0,0.04404332129963899,3.8124588796669117,0.9912792864418992,9.768147876117029,45.47534128861492,129.92954653889979,1439.0,1385.0,18.0,4.0,36.0,2.0
theiler_2tau,790,3,2,13,790_T3_P1_R2,790_T3_R2_ex13,left_leg,120,amp_preserving,fixed_mean_rescaled,identity,False,12.0,-1,0.07158343941069677,0.990205081114172,11.225214805023134,119.0,0.08592057761732852,4.485297297161874,0.9952993134811317,15.165907828983897,69.27710912466434,197.93459749904096,1439.0,1385.0,18.0,4.0,36.0,2.0
theiler_2tau,790,3,2,13,790_T3_P1_R2,790_T3_R2_ex13,right_leg,120,amp_preserving,fixed_mean_rescaled,identity,False,12.0,-1,0.054374908703908514,0.981655601182024,6.6344183633769935,78.0,0.05631768953068592,3.688921572649168,0.9908086118893196,9.508332566062057,53.400802922484324,152.5737226356695,1439.0,1385.0,18.0,4.0,36.0,2.0
rate_60,651,1,1,11,651_T1_P1_R1,651_T1_R1_ex11,trunk_spine,60,amp_preserving,fixed_mean_rescaled,identity,False,10.0,-1,0.027868292266198025,0.9581782351653164,4.195589645254075,30.0,0.05235602094240838,2.7738230482715336,0.9808408145390848,5.148850574712644,10.517445090445987,30.049843115559966,600.0,573.0,9.0,4.0,9.0,2.0
rate_60,651,1,1,11,651_T1_P1_R1,651_T1_R1_ex11,left_arm,60,amp_preserving,fixed_mean_rescaled,identity,False,10.0,-1,0.020435934048499492,0.8005374738727978,3.1578327444051824,19.0,0.03315881326352531,2.0991674155887066,0.9034040011943864,3.8565965583173996,22.463891097778824,64.18254599365379,600.0,573.0,9.0,4.0,9.0,2.0
rate_60,651,1,1,11,651_T1_P1_R1,651_T1_R1_ex11,right_arm,60,amp_preserving,fixed_mean_rescaled,identity,False,10.0,-1,0.01994166392072151,0.8225214198286414,3.184834123222749,20.0,0.034904013961605584,2.096988693541289,0.9129436964504284,3.7813688212927756,29.947054764458986,85.56301361273997,600.0,573.0,9.0,4.0,9.0,2.0
rate_60,651,1,1,11,651_T1_P1_R1,651_T1_R1_ex11,left_leg,60,amp_preserving,fixed_mean_rescaled,identity,False,10.0,-1,0.0633153931583251,0.974845797995374,6.947115384615385,73.0,0.1273996509598604,3.661877345567762,0.9857845026985351,8.366871165644172,9.785053742989694,27.957296408541985,600.0,573.0,9.0,4.0,9.0,2.0
rate_60,651,1,1,11,651_T1_P1_R1,651_T1_R1_ex11,right_leg,60,amp_preserving,fixed_mean_rescaled,identity,False,10.0,-1,0.08572230561759357,0.978003986332574,6.328420082911101,95.0,0.16579406631762653,3.520416613393239,0.9857630979498861,7.80608793686584,12.451069663238759,35.57448475211074,600.0,573.0,9.0,4.0,9.0,2.0
rate_60,651,1,1,13,651_T1_P1_R1,651_T1_R1_ex13,trunk_spine,60,amp_preserving,fixed_mean_rescaled,identity,False,12.0,-1,0.028276155443785502,0.8743362831858407,3.1498405951115833,23.0,0.03318903318903319,2.1030446159479057,0.9398230088495575,4.001255886970172,11.207027781634928,32.020079376099794,720.0,693.0,9.0,4.0,9.0,2.0
rate_60,651,1,1,13,651_T1_P1_R1,651_T1_R1_ex13,left_arm,60,amp_preserving,fixed_mean_rescaled,identity,False,12.0,-1,0.03290543752971499,0.9108998732572877,4.823489932885906,50.0,0.07215007215007214,2.934778496218006,0.9541825095057034,5.396774193548387,31.063237357180807,88.75210673480231,720.0,693.0,9.0,4.0,9.0,2.0
rate_60,651,1,1,13,651_T1_P1_R1,651_T1_R1_ex13,right_arm,60,amp_preserving,fixed_mean_rescaled,identity,False,12.0,-1,0.02581554604675992,0.9164781906300484,3.678988326848249,35.0,0.050505050505050504,2.455811655031525,0.955815831987076,4.261073100468131,38.63419565193844,110.38341614839555,720.0,693.0,9.0,4.0,9.0,2.0
rate_60,651,1,1,13,651_T1_P1_R1,651_T1_R1_ex13,left_leg,60,amp_preserving,fixed_mean_rescaled,identity,False,12.0,-1,0.1615494332257338,0.9780824039653035,6.233464955577492,72.0,0.1038961038961039,3.516089802993448,0.9881892812887236,8.601910112359551,37.89093049383213,108.25980141094895,720.0,693.0,9.0,4.0,9.0,2.0
rate_60,651,1,1,13,651_T1_P1_R1,651_T1_R1_ex13,right_leg,60,amp_preserving,fixed_mean_rescaled,identity,False,12.0,-1,0.09213105455880022,0.9672264723190439,7.647458840372226,66.0,0.09523809523809523,3.8310324138605085,0.9815535738536055,9.87184156612793,51.92630398772624,148.3608685363607,720.0,693.0,9.0,4.0,9.0,2.0
rate_60,651,1,2,11,651_T1_P1_R2,651_T1_R2_ex11,trunk_spine,60,amp_preserving,fixed_mean_rescaled,identity,False,10.0,-1,0.04203736926250015,0.8851792713020757,3.328602620087336,32.0,0.055846422338568937,2.14813941524194,0.947162142546088,4.232890042166721,11.19314089847066,31.980402567059027,600.0,573.0,9.0,4.0,9.0,2.0
rate_60,651,1,2,11,651_T1_P1_R2,651_T1_R2_ex11,left_arm,60,amp_preserving,fixed_mean_rescaled,identity,False,10.0,-1,0.030040639988283966,0.9193581149705464,3.7811194653299918,37.0,0.06457242582897033,2.5269226229687796,0.9567336989640464,4.728915662650603,39.17597677031097,111.93136220088849,600.0,573.0,9.0,4.0,9.0,2.0
rate_60,651,1,2,11,651_T1_P1_R2,651_T1_R2_ex11,right_arm,60,amp_preserving,fixed_mean_rescaled,identity,False,10.0,-1,0.028466298099805953,0.9153269024651661,4.571734475374733,37.0,0.06457242582897033,2.7826554953768845,0.9557341907824223,5.003928170594837,58.74947664399026,167.8556475542579,600.0,573.0,9.0,4.0,9.0,2.0
rate_60,651,1,2,11,651_T1_P1_R2,651_T1_R2_ex11,left_leg,60,amp_preserving,fixed_mean_rescaled,identity,False,10.0,-1,0.03560575550104346,0.9225364181662382,3.801553672316384,28.0,0.04886561954624782,2.5112024083025144,0.9644387317909169,4.590130505709625,13.67052462502171,39.05864178577632,600.0,573.0,9.0,4.0,9.0,2.0
rate_60,651,1,2,11,651_T1_P1_R2,651_T1_R2_ex11,right_leg,60,amp_preserving,fixed_mean_rescaled,identity,False,10.0,-1,0.04191532725564139,0.9205124472266706,3.73258559622196,31.0,0.05410122164048865,2.471167972438648,0.9639685543747271,4.617503486750349,15.3078435539087,43.736695868310576,600.0,573.0,9.0,4.0,9.0,2.0
rate_60,651,1,2,13,651_T1_P1_R2,651_T1_R2_ex13,trunk_spine,60,amp_preserving,fixed_mean_rescaled,identity,False,14.0,-1,0.034819042771708504,0.8399025493778822,3.1816084377059988,32.0,0.03936039360393604,2.119121561539856,0.9219089880797007,3.8754572055596195,15.104596866999287,43.1559910485694,840.0,813.0,9.0,4.0,9.0,2.0
rate_60,651,1,2,13,651_T1_P1_R2,651_T1_R2_ex13,left_arm,60,amp_preserving,fixed_mean_rescaled,identity,False,14.0,-1,0.021988742054908233,0.7852025351336457,2.91359918200409,23.0,0.028290282902829027,1.8305669889263236,0.8959768531275834,3.504715710051199,39.10702433967135,111.73435525620386,840.0,813.0,9.0,4.0,9.0,2.0
rate_60,651,1,2,13,651_T1_P1_R2,651_T1_R2_ex13,right_arm,60,amp_preserving,fixed_mean_rescaled,identity,False,14.0,-1,0.025363701912881197,0.8385093167701864,3.1735985533453888,43.0,0.05289052890528905,2.098114355024077,0.9180004777830865,3.756353861192571,54.21792017184101,154.90834334811717,840.0,813.0,9.0,4.0,9.0,2.0
rate_60,651,1,2,13,651_T1_P1_R2,651_T1_R2_ex13,left_leg,60,amp_preserving,fixed_mean_rescaled,identity,False,14.0,-1,0.04920655117881228,0.9157123506957271,4.355197657393851,50.0,0.06150061500615006,2.7532864807143,0.9596416697451052,5.679176534887958,43.19862011026687,123.42462888647678,840.0,813.0,9.0,4.0,9.0,2.0
rate_60,651,1,2,13,651_T1_P1_R2,651_T1_R2_ex13,right_leg,60,amp_preserving,fixed_mean_rescaled,identity,False,14.0,-1,0.07259193281587989,0.9487500521681065,5.013895015438906,36.0,0.04428044280442804,3.1466366773098704,0.9727682484036559,6.626439232409382,45.69641545295732,130.56118700844948,840.0,813.0,9.0,4.0,9.0,2.0
rate_60,790,1,1,11,790_T1_P1_R1,790_T1_R1_ex11,trunk_spine,60,amp_preserving,fixed_mean_rescaled,identity,False,10.0,-1,0.03514199587498017,0.9576315332523008,4.638351555929352,31.0,0.05410122164048865,3.010230933349308,0.973780170168432,5.265727699530516,14.738974561584339,42.11135589024097,600.0,573.0,9.0,4.0,9.0,2.0
rate_60,790,1,1,11,790_T1_P1_R1,790_T1_R1_ex11,left_arm,60,amp_preserving,fixed_mean_rescaled,identity,False,10.0,-1,0.06177766387190471,0.9410312129593046,4.915892672858617,38.0,0.06631762652705062,3.06496334630947,0.9700711181351245,6.381416504223521,59.892219393352725,171.12062683815066,600.0,573.0,9.0,4.0,9.0,2.0
rate_60,790,1,1,11,790_T1_P1_R1,790_T1_R1_ex11,right_arm,60,amp_preserving,fixed_mean_rescaled,identity,False,10.0,-1,0.022474035563040798,0.8544664675536248,3.4966666666666666,28.0,0.04886561954624782,2.3235286079454864,0.9257398859625305,4.235403726708075,51.52163696253752,147.2046770358215,600.0,573.0,9.0,4.0,9.0,2.0
rate_60,790,1,1,11,790_T1_P1_R1,790_T1_R1_ex11,left_leg,60,amp_preserving,fixed_mean_rescaled,identity,False,10.0,-1,0.05764654193973566,0.9626336403090928,5.777636594663278,61.0,0.10645724258289703,3.3130232160611426,0.9780353551391976,7.2723337268791814,8.807746396288548,25.164989703681567,600.0,573.0,9.0,4.0,9.0,2.0
rate_60,790,1,1,11,790_T1_P1_R1,790_T1_R1_ex11,right_leg,60,amp_preserving,fixed_mean_rescaled,identity,False,10.0,-1,0.04797471289617886,0.9732892393792928,5.9180201082753285,51.0,0.08900523560209424,3.4342521550397906,0.9825744085474434,7.067703568161025,10.001425316529042,28.575500904368695,600.0,573.0,9.0,4.0,9.0,2.0
rate_60,790,1,1,13,790_T1_P1_R1,790_T1_R1_ex13,trunk_spine,60,amp_preserving,fixed_mean_rescaled,identity,False,14.0,-1,0.04361999285017481,0.8619947214890957,3.8483720930232557,37.0,0.04551045510455105,2.578156009965314,0.9267606612029449,4.987292094935526,22.04803942860675,62.99439836744786,840.0,813.0,9.0,4.0,9.0,2.0
rate_60,790,1,1,13,790_T1_P1_R1,790_T1_R1_ex13,left_arm,60,amp_preserving,fixed_mean_rescaled,identity,False,14.0,-1,0.05216039845127515,0.8918510774234768,4.1601192088864805,40.0,0.04920049200492005,2.707096748494014,0.9427019806005692,5.338102285808255,62.23595235101788,177.81700671719395,840.0,813.0,9.0,4.0,9.0,2.0
rate_60,790,1,1,13,790_T1_P1_R1,790_T1_R1_ex13,right_arm,60,amp_preserving,fixed_mean_rescaled,identity,False,14.0,-1,0.0391998254957919,0.8705464100780586,3.288759124087591,32.0,0.03936039360393604,2.1967552995218935,0.937707705386815,4.211384935786185,56.32953867125177,160.94153906071935,840.0,813.0,9.0,4.0,9.0,2.0
rate_60,790,1,1,13,790_T1_P1_R1,790_T1_R1_ex13,left_leg,60,amp_preserving,fixed_mean_rescaled,identity,False,14.0,-1,0.23808009016050752,0.9802252338232487,8.99789744188763,89.0,0.10947109471094711,4.004324331609538,0.9894636380988738,12.830129527266728,44.02682512388284,125.79092892537955,840.0,813.0,9.0,4.0,9.0,2.0
rate_60,790,1,1,13,790_T1_P1_R1,790_T1_R1_ex13,right_leg,60,amp_preserving,fixed_mean_rescaled,identity,False,14.0,-1,0.15139148928435098,0.9062856456744912,6.1633097441480675,56.0,0.06888068880688807,3.431221954582051,0.9513617898381062,8.869496268656716,48.058024591137126,137.30864168896323,840.0,813.0,9.0,4.0,9.0,2.0
rate_60,790,1,2,11,790_T1_P1_R2,790_T1_R2_ex11,trunk_spine,60,amp_preserving,fixed_mean_rescaled,identity,False,10.0,-1,0.04491145852402397,0.9733695652173913,5.852941176470588,72.0,0.1256544502617801,3.310190210206243,0.9861413043478261,5.576642335766423,17.86323005589706,51.03780015970589,600.0,573.0,9.0,4.0,9.0,2.0
rate_60,790,1,2,11,790_T1_P1_R2,790_T1_R2_ex11,left_arm,60,amp_preserving,fixed_mean_rescaled,identity,False,10.0,-1,0.03067525842394952,0.9146608315098468,4.226102941176471,57.0,0.09947643979057591,2.7031759711338657,0.960513228565745,5.006220839813375,51.68533742440182,147.67239264114806,600.0,573.0,9.0,4.0,9.0,2.0
rate_60,790,1,2,11,790_T1_P1_R2,790_T1_R2_ex11,right_arm,60,amp_preserving,fixed_mean_rescaled,identity,False,10.0,-1,0.03677125666654463,0.9480584135413209,4.912295786758383,58.0,0.1012216404886562,3.032327017218398,0.9703783604381016,5.972931562819204,48.760011214937386,139.31431775696396,600.0,573.0,9.0,4.0,9.0,2.0
rate_60,790,1,2,11,790_T1_P1_R2,790_T1_R2_ex11,left_leg,60,amp_preserving,fixed_mean_rescaled,identity,False,10.0,-1,0.048560514529100915,0.9636843427996984,4.94455190199871,43.0,0.07504363001745201,3.0557704239145185,0.979454636843428,6.103758809710259,12.568677823035243,35.91050806581498,600.0,573.0,9.0,4.0,9.0,2.0
rate_60,790,1,2,11,790_T1_P1_R2,790_T1_R2_ex11,right_leg,60,amp_preserving,fixed_mean_rescaled,identity,False,10.0,-1,0.04462465980790588,0.9774374401750308,5.198545454545455,44.0,0.07678883071553229,3.197575809971567,0.9856420073841105,5.974305843348529,11.879844684786566,33.94241338510447,600.0,573.0,9.0,4.0,9.0,2.0
rate_60,790,1,2,13,790_T1_P1_R2,790_T1_R2_ex13,trunk_spine,60,amp_preserving,fixed_mean_rescaled,identity,False,14.0,-1,0.03700640454680409,0.9331150225133034,3.89941840574752,31.0,0.038130381303813035,2.5972614946947554,0.9654523127302497,4.98646934460888,18.833661011898236,53.810460033994964,840.0,813.0,9.0,4.0,9.0,2.0
rate_60,790,1,2,13,790_T1_P1_R2,790_T1_R2_ex13,left_arm,60,amp_preserving,fixed_mean_rescaled,identity,False,14.0,-1,0.0306866861772066,0.8609931878763946,3.203894195444526,34.0,0.041820418204182044,2.119962595876345,0.9317306743015105,4.037433155080214,60.59056608720486,173.1159031062996,840.0,813.0,9.0,4.0,9.0,2.0
rate_60,790,1,2,13,790_T1_P1_R2,790_T1_R2_ex13,right_arm,60,amp_preserving,fixed_mean_rescaled,identity,False,14.0,-1,0.04725852677245984,0.9464068209500609,5.321917808219178,81.0,0.0996309963099631,2.9583548799861537,0.9741329572408488,6.717727674624227,58.21230990385895,166.32088543959702,840.0,813.0,9.0,4.0,9.0,2.0
rate_60,790,1,2,13,790_T1_P1_R2,790_T1_R2_ex13,left_leg,60,amp_preserving,fixed_mean_rescaled,identity,False,14.0,-1,0.060658389835129875,0.9476575766656677,4.929592101844635,57.0,0.07011070110701106,3.054050463569557,0.9723304365198282,6.585926928281461,29.348522610231655,83.85292174351902,840.0,813.0,9.0,4.0,9.0,2.0
rate_60,790,1,2,13,790_T1_P1_R2,790_T1_R2_ex13,right_leg,60,amp_preserving,fixed_mean_rescaled,identity,False,14.0,-1,0.040444985730645484,0.9279400749063671,4.1893811295231655,74.0,0.0910209102091021,2.668972298372749,0.9618352059925094,5.437433834427271,29.06165631091012,83.03330374545749,840.0,813.0,9.0,4.0,9.0,2.0
