setting,participant,timepoint,repetition,exercise_id,recording_id,segment_id,region,rate_hz,normalization,threshold_mode,surrogate,truncated,duration_s,n_trunc,RR,DET,Lmean,Lmax,Lmax_over_N,ENTR,LAM,TT,epsilon,mean_distance,n_samples,N_embed,tau,m,theiler,lmin,Lmean_s
primary_amp_preserving,651,1,1,11,651_T1_P1_R1,651_T1_R1_ex11,trunk_spine,120,amp_preserving,fixed_mean_rescaled,identity,False,10.0,-1,0.02783919137630928,0.9937476005045796,7.487190082644628,59.0,0.05152838427947598,3.891472517495261,0.9972028739099436,9.615018508725543,10.51514079829874,30.043259423710687,1199.0,1145.0,18.0,4.0,18.0,2.0,0.062393250688705236
primary_amp_preserving,651,1,1,11,651_T1_P1_R1,651_T1_R1_ex11,left_arm,120,amp_preserving,fixed_mean_rescaled,identity,False,10.0,-1,0.020389654014108163,0.9653287404522989,4.643731988472623,37.0,0.032314410480349345,3.0489358561472693,0.9818406469971545,6.224305720389271,22.462455272949455,64.17844363699845,1199.0,1145.0,18.0,4.0,18.0,2.0,0.03869776657060519
primary_amp_preserving,651,1,1,11,651_T1_P1_R1,651_T1_R1_ex11,right_arm,120,amp_preserving,fixed_mean_rescaled,identity,False,10.0,-1,0.020017100803127005,0.9700228832951945,4.773648648648648,39.0,0.03406113537117904,3.087329962293763,0.9857360793287566,6.252056119980648,29.94533223691401,85.5580921054686,1199.0,1145.0,18.0,4.0,18.0,2.0,0.0397804054054054
primary_amp_preserving,651,1,1,11,651_T1_P1_R1,651_T1_R1_ex11,left_leg,120,amp_preserving,fixed_mean_rescaled,identity,False,10.0,-1,0.06335694872812776,0.9957344258344378,12.26053412462908,145.0,0.12663755458515283,4.662003445898553,0.997397276780335,15.437150317045878,9.78167766831755,27.94765048090729,1199.0,1145.0,18.0,4.0,18.0,2.0,0.10217111770524233
primary_amp_preserving,651,1,1,11,651_T1_P1_R1,651_T1_R1_ex11,right_leg,120,amp_preserving,fixed_mean_rescaled,identity,False,10.0,-1,0.08594375057257153,0.9963757816941444,11.401504370807075,190.0,0.16593886462882096,4.55892439363538,0.9975660886867538,14.3590333716916,12.447084497797691,35.563098565136265,1199.0,1145.0,18.0,4.0,18.0,2.0,0.09501253642339229
primary_amp_preserving,651,1,1,13,651_T1_P1_R1,651_T1_R1_ex13,trunk_spine,120,amp_preserving,fixed_mean_rescaled,identity,False,12.0,-1,0.02828822436927443,0.9797875479492476,5.113378248315688,52.0,0.03754512635379061,3.2255801357597016,0.9896540277367956,6.9055462617423755,11.206552249323815,32.01872071235376,1439.0,1385.0,18.0,4.0,18.0,2.0,0.04261148540263073
primary_amp_preserving,651,1,1,13,651_T1_P1_R1,651_T1_R1_ex13,left_arm,120,amp_preserving,fixed_mean_rescaled,identity,False,12.0,-1,0.03305440203668538,0.985290404040404,7.508780370459466,99.0,0.07148014440433213,3.840679719555126,0.9917140151515151,9.220102714600147,31.056013405914776,88.73146687404223,1439.0,1385.0,18.0,4.0,18.0,2.0,0.06257316975382889
primary_amp_preserving,651,1,1,13,651_T1_P1_R1,651_T1_R1_ex13,right_arm,120,amp_preserving,fixed_mean_rescaled,identity,False,12.0,-1,0.025566035767200183,0.9857976574297025,6.157277593678307,70.0,0.05054151624548736,3.5584546055046338,0.9925315267518263,7.5352439969016265,38.62073718914339,110.34496339755256,1439.0,1385.0,18.0,4.0,18.0,2.0,0.05131064661398589
primary_amp_preserving,651,1,1,13,651_T1_P1_R1,651_T1_R1_ex13,left_leg,120,amp_preserving,fixed_mean_rescaled,identity,False,12.0,-1,0.1618799691158365,0.9966161560822178,11.190041974236504,145.0,0.10469314079422383,4.556719405689501,0.9981114928230281,15.780699072658718,37.88588303499709,108.2453800999917,1439.0,1385.0,18.0,4.0,18.0,2.0,0.09325034978530419
primary_amp_preserving,651,1,1,13,651_T1_P1_R1,651_T1_R1_ex13,right_leg,120,amp_preserving,fixed_mean_rescaled,identity,False,12.0,-1,0.09201289622503704,0.9939560252644948,12.865697930427125,132.0,0.09530685920577617,4.737394111418718,0.9966491659768446,17.24377084559545,51.927189108683905,148.3633974533826,1439.0,1385.0,18.0,4.0,18.0,2.0,0.10721414942022604
primary_amp_preserving,651,1,2,11,651_T1_P1_R2,651_T1_R2_ex11,trunk_spine,120,amp_preserving,fixed_mean_rescaled,identity,False,10.0,-1,0.042072556264696005,0.9829069134458356,5.403830806065443,65.0,0.056768558951965066,3.270432855475847,0.9922518599165305,7.359757738896366,11.19271399746857,31.979182849910202,1199.0,1145.0,18.0,4.0,18.0,2.0,0.045031923383878694
primary_amp_preserving,651,1,2,11,651_T1_P1_R2,651_T1_R2_ex11,left_arm,120,amp_preserving,fixed_mean_rescaled,identity,False,10.0,-1,0.030074510642196232,0.9862923287810327,6.334202804043039,73.0,0.06375545851528384,3.6124676468029207,0.9939330862567903,8.279763163459505,39.15767970641525,111.87908487547216,1199.0,1145.0,18.0,4.0,18.0,2.0,0.05278502336702532
primary_amp_preserving,651,1,2,11,651_T1_P1_R2,651_T1_R2_ex11,right_arm,120,amp_preserving,fixed_mean_rescaled,identity,False,10.0,-1,0.028555287507252572,0.984172815741632,7.338915470494418,76.0,0.06637554585152838,3.770716532667898,0.9927013153673404,8.74493641073952,58.75631404504811,167.87518298585175,1199.0,1145.0,18.0,4.0,18.0,2.0,0.06115762892078681
primary_amp_preserving,651,1,2,11,651_T1_P1_R2,651_T1_R2_ex11,left_leg,120,amp_preserving,fixed_mean_rescaled,identity,False,10.0,-1,0.035754420252236845,0.9878720587607294,6.441938178780284,58.0,0.050655021834061134,3.6323615539812213,0.9940641414357091,8.238541850999823,13.660513373585026,39.030038210242935,1199.0,1145.0,18.0,4.0,18.0,2.0,0.05368281815650237
primary_amp_preserving,651,1,2,11,651_T1_P1_R2,651_T1_R2_ex11,right_leg,120,amp_preserving,fixed_mean_rescaled,identity,False,10.0,-1,0.042028277399456436,0.9876843711400131,6.275854108956602,62.0,0.05414847161572053,3.5686382408777897,0.9944052895444307,8.324817518248175,15.30289368932546,43.72255339807275,1199.0,1145.0,18.0,4.0,18.0,2.0,0.05229878424130501
primary_amp_preserving,651,1,2,13,651_T1_P1_R2,651_T1_R2_ex13,trunk_spine,120,amp_preserving,fixed_mean_rescaled,identity,False,14.0,-1,0.03482758620689655,0.9724730714829725,4.899144924358693,63.0,0.03876923076923077,3.1600047433719074,0.9878032858230879,6.520324619362253,15.104288676528554,43.1551105043673,1679.0,1625.0,18.0,4.0,18.0,2.0,0.04082620770298911
primary_amp_preserving,651,1,2,13,651_T1_P1_R2,651_T1_R2_ex13,left_arm,120,amp_preserving,fixed_mean_rescaled,identity,False,14.0,-1,0.021850701023114816,0.9625416204217536,4.296640346802911,48.0,0.029538461538461538,2.865308676438554,0.9834558823529411,5.704083685375176,39.08661864858077,111.67605328165934,1679.0,1625.0,18.0,4.0,18.0,2.0,0.03580533622335759
primary_amp_preserving,651,1,2,13,651_T1_P1_R2,651_T1_R2_ex13,right_arm,120,amp_preserving,fixed_mean_rescaled,identity,False,14.0,-1,0.025398256915498296,0.9714140781189389,4.845936290562667,86.0,0.05292307692307692,3.125720920491177,0.9866469728165189,6.23877358490566,54.21205679577824,154.89159084508069,1679.0,1625.0,18.0,4.0,18.0,2.0,0.040382802421355564
primary_amp_preserving,651,1,2,13,651_T1_P1_R2,651_T1_R2_ex13,left_leg,120,amp_preserving,fixed_mean_rescaled,identity,False,14.0,-1,0.049275483137552104,0.9852504652486196,6.941163723046917,99.0,0.06092307692307692,3.7286709492073986,0.9935326596840923,9.637251976726839,43.199466567291395,123.42704733511829,1679.0,1625.0,18.0,4.0,18.0,2.0,0.05784303102539098
primary_amp_preserving,651,1,2,13,651_T1_P1_R2,651_T1_R2_ex13,right_leg,120,amp_preserving,fixed_mean_rescaled,identity,False,14.0,-1,0.07264569912845775,0.9912681522283425,8.507386516250335,73.0,0.04492307692307692,4.158985482856822,0.9951594057753297,11.685899791743232,45.687493004792046,130.53569429940586,1679.0,1625.0,18.0,4.0,18.0,2.0,0.07089488763541946
primary_amp_preserving,651,2,1,11,651_T2_P1_R1,651_T2_R1_ex11,trunk_spine,120,amp_preserving,fixed_mean_rescaled,identity,False,10.0,-1,0.02287995846947812,0.9748415081748415,4.39867509786209,39.0,0.03406113537117904,2.8869452089348857,0.9893226559893227,6.027647895913804,14.43078819772929,41.23082342208369,1199.0,1145.0,18.0,4.0,18.0,2.0,0.036655625815517415
primary_amp_preserving,651,2,1,11,651_T2_P1_R1,651_T2_R1_ex11,left_arm,120,amp_preserving,fixed_mean_rescaled,identity,False,10.0,-1,0.023157846520291934,0.954836157447089,4.07713963963964,22.0,0.01921397379912664,2.770350889062017,0.9790663941451836,5.566822867853796,39.59329043372622,113.1236869535035,1199.0,1145.0,18.0,4.0,18.0,2.0,0.03397616366366366
primary_amp_preserving,651,2,1,11,651_T2_P1_R1,651_T2_R1_ex11,right_arm,120,amp_preserving,fixed_mean_rescaled,identity,False,10.0,-1,0.024304516444254437,0.9672069355446664,4.964850048371493,59.0,0.05152838427947598,3.157294882054025,0.9841688654353562,6.650817236255572,47.68783001226902,136.2509428921972,1199.0,1145.0,18.0,4.0,18.0,2.0,0.04137375040309577
primary_amp_preserving,651,2,1,11,651_T2_P1_R1,651_T2_R1_ex11,left_leg,120,amp_preserving,fixed_mean_rescaled,identity,False,10.0,-1,0.041292332122026446,0.9909776660257359,8.375,93.0,0.08122270742358079,4.0321323737814705,0.9950636000591628,10.886124595469255,12.940111862852966,36.971748179579905,1199.0,1145.0,18.0,4.0,18.0,2.0,0.06979166666666667
primary_amp_preserving,651,2,1,11,651_T2_P1_R1,651_T2_R1_ex11,right_leg,120,amp_preserving,fixed_mean_rescaled,identity,False,10.0,-1,0.02189360857483128,0.9857730664620964,6.651764705882353,113.0,0.09868995633187773,3.5534666261649197,0.9930260129716159,8.183333333333334,12.926957813421561,36.93416518120446,1199.0,1145.0,18.0,4.0,18.0,2.0,0.05543137254901961
primary_amp_preserving,651,2,1,13,651_T2_P1_R1,651_T2_R1_ex13,trunk_spine,120,amp_preserving,fixed_mean_rescaled,identity,False,14.0,-1,0.029690034103827208,0.9621196651010823,4.13108285839544,49.0,0.030153846153846153,2.768982989723406,0.9837145190933224,5.624753703568562,14.987866226387304,42.82247493253516,1679.0,1625.0,18.0,4.0,18.0,2.0,0.03442569048662867
primary_amp_preserving,651,2,1,13,651_T2_P1_R1,651_T2_R1_ex13,left_arm,120,amp_preserving,fixed_mean_rescaled,identity,False,14.0,-1,0.025261841606669194,0.979239792397924,5.122567482736974,64.0,0.039384615384615386,3.2344031190700826,0.9904149041490415,6.64857516866378,43.400643221577,124.00183777593429,1679.0,1625.0,18.0,4.0,18.0,2.0,0.04268806235614145
primary_amp_preserving,651,2,1,13,651_T2_P1_R1,651_T2_R1_ex13,right_arm,120,amp_preserving,fixed_mean_rescaled,identity,False,14.0,-1,0.03261083743842365,0.9669997676039972,5.379444085326439,52.0,0.032,3.3074543054819014,0.9844410876132931,7.2915913589809795,45.07745565557446,128.79273044449846,1679.0,1625.0,18.0,4.0,18.0,2.0,0.04482870071105365
primary_amp_preserving,651,2,1,13,651_T2_P1_R1,651_T2_R1_ex13,left_leg,120,amp_preserving,fixed_mean_rescaled,identity,False,14.0,-1,0.029874952633573322,0.9671486555048199,4.700986436498151,46.0,0.028307692307692308,3.047600085659009,0.984956874682902,6.3692585301837275,41.83594906584118,119.53128304526051,1679.0,1625.0,18.0,4.0,18.0,2.0,0.039174886970817925
primary_amp_preserving,651,2,1,13,651_T2_P1_R1,651_T2_R1_ex13,right_leg,120,amp_preserving,fixed_mean_rescaled,identity,False,14.0,-1,0.04136718453959833,0.9763483804777957,5.803441141239246,58.0,0.03569230769230769,3.4819614240215295,0.9893283746152719,7.8984203598069325,50.080321143447215,143.08663183842063,1679.0,1625.0,18.0,4.0,18.0,2.0,0.048362009510327056
primary_amp_preserving,651,2,2,11,651_T2_P1_R2,651_T2_R2_ex11,trunk_spine,120,amp_preserving,fixed_mean_rescaled,identity,False,10.0,-1,0.018673466271719546,0.9869174161896974,6.1082995951417,72.0,0.062882096069869,3.5323097119531504,0.9929681112019624,7.170947741364039,15.729815489666194,44.942329970474844,1199.0,1145.0,18.0,4.0,18.0,2.0,0.050902496626180835
primary_amp_preserving,651,2,2,11,651_T2_P1_R2,651_T2_R2_ex11,left_arm,120,amp_preserving,fixed_mean_rescaled,identity,False,10.0,-1,0.02797966225913824,0.9715688949522511,5.30196545562835,79.0,0.06899563318777292,3.271521186797781,0.9865757162346521,6.831286604949934,40.614083012827024,116.04023717950578,1199.0,1145.0,18.0,4.0,18.0,2.0,0.04418304546356958
primary_amp_preserving,651,2,2,11,651_T2_P1_R2,651_T2_R2_ex11,right_arm,120,amp_preserving,fixed_mean_rescaled,identity,False,10.0,-1,0.022000488594375058,0.9562773266708308,4.735051546391753,61.0,0.05327510917030567,3.0624972207195054,0.9797001873828857,5.833264462809917,52.94897867248244,151.2827962070927,1199.0,1145.0,18.0,4.0,18.0,2.0,0.039458762886597935
primary_amp_preserving,651,2,2,11,651_T2_P1_R2,651_T2_R2_ex11,left_leg,120,amp_preserving,fixed_mean_rescaled,identity,False,10.0,-1,0.031798332671695115,0.98597906463075,5.748600223964166,40.0,0.034934497816593885,3.442506865992856,0.9926774224527034,7.683887753205724,10.94375047786298,31.267858508179945,1199.0,1145.0,18.0,4.0,18.0,2.0,0.04790500186636805
primary_amp_preserving,651,2,2,11,651_T2_P1_R2,651_T2_R2_ex11,right_leg,120,amp_preserving,fixed_mean_rescaled,identity,False,10.0,-1,0.026744434604696613,0.9878967800867778,6.199928341096381,80.0,0.06986899563318777,3.5300104052809176,0.9933489381137246,7.835847782031074,11.989964379443865,34.25704108412533,1199.0,1145.0,18.0,4.0,18.0,2.0,0.05166606950913651
primary_amp_preserving,651,2,2,13,651_T2_P1_R2,651_T2_R2_ex13,trunk_spine,120,amp_preserving,fixed_mean_rescaled,identity,False,14.0,-1,0.01721712769988632,0.9649176864160578,4.18659281894576,49.0,0.030153846153846153,2.81243569360533,0.9844396513777621,5.350998923316186,15.28221739989288,43.66347828540823,1679.0,1625.0,18.0,4.0,18.0,2.0,0.03488827349121467
primary_amp_preserving,651,2,2,13,651_T2_P1_R2,651_T2_R2_ex13,left_arm,120,amp_preserving,fixed_mean_rescaled,identity,False,14.0,-1,0.02073133762788935,0.9472125753975508,4.111551888289432,58.0,0.03569230769230769,2.7862993885106055,0.9761286784865655,5.285954666930615,41.458466662458264,118.4527618927379,1679.0,1625.0,18.0,4.0,18.0,2.0,0.03426293240241193
primary_amp_preserving,651,2,2,13,651_T2_P1_R2,651_T2_R2_ex13,right_arm,120,amp_preserving,fixed_mean_rescaled,identity,False,14.0,-1,0.03521788556271315,0.9521626856036153,4.605704174039762,64.0,0.039384615384615386,3.0084239538965387,0.9773187002367119,6.2534939759036146,42.56290596513034,121.60830275751526,1679.0,1625.0,18.0,4.0,18.0,2.0,0.03838086811699802
primary_amp_preserving,651,2,2,13,651_T2_P1_R2,651_T2_R2_ex13,left_leg,120,amp_preserving,fixed_mean_rescaled,identity,False,14.0,-1,0.12009321712769988,0.9961505209417971,11.874003309763804,331.0,0.2036923076923077,4.562806587731529,0.9979742905283884,16.40647370059135,45.20785232203527,129.1652923486722,1679.0,1625.0,18.0,4.0,18.0,2.0,0.09895002758136504
primary_amp_preserving,651,2,2,13,651_T2_P1_R2,651_T2_R2_ex13,right_leg,120,amp_preserving,fixed_mean_rescaled,identity,False,14.0,-1,0.11359226979916635,0.9938419454915435,10.84464181712289,168.0,0.10338461538461538,4.4874523192901785,0.9966874603862962,14.998845381526104,50.40736609131741,144.0210459751926,1679.0,1625.0,18.0,4.0,18.0,2.0,0.09037201514269075
primary_amp_preserving,651,3,1,11,651_T3_P1_R1,651_T3_R1_ex11,trunk_spine,120,amp_preserving,fixed_mean_rescaled,identity,False,10.0,-1,0.024695391944300243,0.9886855447013726,6.157489410858683,71.0,0.06200873362445415,3.572665620585811,0.9946828242858909,6.803975470501163,15.238596683436239,43.538847666960685,1199.0,1145.0,18.0,4.0,18.0,2.0,0.051312411757155695
primary_amp_preserving,651,3,1,11,651_T3_P1_R1,651_T3_R1_ex11,left_arm,120,amp_preserving,fixed_mean_rescaled,identity,False,10.0,-1,0.02595046874522857,0.9598140738997412,4.970444850700792,32.0,0.02794759825327511,3.2025625155960857,0.9814662273476112,6.6710657868426315,43.048442126407195,122.99554893259199,1199.0,1145.0,18.0,4.0,18.0,2.0,0.041420373755839936
primary_amp_preserving,651,3,1,11,651_T3_P1_R1,651_T3_R1_ex11,right_arm,120,amp_preserving,fixed_mean_rescaled,identity,False,10.0,-1,0.021304241609918464,0.9602236078262739,4.575819672131147,25.0,0.021834061135371178,3.046146713837447,0.9803626460259443,6.090382902938558,47.5463016602057,135.84657617201628,1199.0,1145.0,18.0,4.0,18.0,2.0,0.038131830601092896
primary_amp_preserving,651,3,1,11,651_T3_P1_R1,651_T3_R1_ex11,left_leg,120,amp_preserving,fixed_mean_rescaled,identity,False,10.0,-1,0.015228875927565885,0.9696210146380589,4.458736745043799,32.0,0.02794759825327511,2.948814933243907,0.9864648085021055,5.6578493387004025,9.430529435894925,26.944369816842645,1199.0,1145.0,18.0,4.0,18.0,2.0,0.03715613954203166
primary_amp_preserving,651,3,1,11,651_T3_P1_R1,651_T3_R1_ex11,right_leg,120,amp_preserving,fixed_mean_rescaled,identity,False,10.0,-1,0.023223501389440255,0.9842209072978304,6.178291374329344,80.0,0.06986899563318777,3.5834648813593226,0.9923734385272847,7.4630407911001235,10.435406017901068,29.815445765431623,1199.0,1145.0,18.0,4.0,18.0,2.0,0.051485761452744534
primary_amp_preserving,651,3,1,13,651_T3_P1_R1,651_T3_R1_ex13,trunk_spine,120,amp_preserving,fixed_mean_rescaled,identity,False,12.0,-1,0.02577366916383214,0.97955631122986,4.964505539597866,66.0,0.047653429602888084,3.128449125508182,0.9903853938952312,6.615603028664143,15.581180539649367,44.51765868471248,1439.0,1385.0,18.0,4.0,18.0,2.0,0.04137087949664888
primary_amp_preserving,651,3,1,13,651_T3_P1_R1,651_T3_R1_ex13,left_arm,120,amp_preserving,fixed_mean_rescaled,identity,False,12.0,-1,0.027978339350180504,0.9780346820809248,5.402966625463535,47.0,0.03393501805054152,3.3645255676231374,0.9896140220026105,7.275257025359836,37.56534040072724,107.32954400207782,1439.0,1385.0,18.0,4.0,18.0,2.0,0.04502472187886279
primary_amp_preserving,651,3,1,13,651_T3_P1_R1,651_T3_R1_ex13,right_arm,120,amp_preserving,fixed_mean_rescaled,identity,False,12.0,-1,0.024804365518248786,0.9749295419173012,5.119726087916943,50.0,0.036101083032490974,3.24208798288328,0.9876540613300804,6.734404130216549,40.93199944330387,116.94856983801107,1439.0,1385.0,18.0,4.0,18.0,2.0,0.042664384065974524
primary_amp_preserving,651,3,1,13,651_T3_P1_R1,651_T3_R1_ex13,left_leg,120,amp_preserving,fixed_mean_rescaled,identity,False,12.0,-1,0.06788046994010977,0.9909465400104522,8.146196613596159,162.0,0.11696750902527075,4.04988093396035,0.9951581665590704,11.023837902264601,38.666565191399144,110.4759005468547,1439.0,1385.0,18.0,4.0,18.0,2.0,0.06788497177996798
primary_amp_preserving,651,3,1,13,651_T3_P1_R1,651_T3_R1_ex13,right_leg,120,amp_preserving,fixed_mean_rescaled,identity,False,12.0,-1,0.05817178272573611,0.9873011317776622,6.966839640551829,54.0,0.03898916967509025,3.8375675026043825,0.9935519164887988,9.110773026315789,39.06580062044058,111.6165732012588,1439.0,1385.0,18.0,4.0,18.0,2.0,0.05805699700459857
primary_amp_preserving,651,3,2,11,651_T3_P1_R2,651_T3_R2_ex11,trunk_spine,120,amp_preserving,fixed_mean_rescaled,identity,False,10.0,-1,0.03548569334595535,0.9929435050126931,7.379916853213943,129.0,0.11266375545851529,3.8433744866781216,0.9962781291682802,8.879961649089166,16.907352592574444,48.306721693069846,1199.0,1145.0,18.0,4.0,18.0,2.0,0.06149930711011619
primary_amp_preserving,651,3,2,11,651_T3_P1_R2,651_T3_R2_ex11,left_arm,120,amp_preserving,fixed_mean_rescaled,identity,False,10.0,-1,0.0210843741411427,0.9610399015135057,4.824063976735732,53.0,0.0462882096069869,3.1109683235936396,0.9817510319356941,6.451106352605282,38.36179737911264,109.60513536889326,1199.0,1145.0,18.0,4.0,18.0,2.0,0.04020053313946444
primary_amp_preserving,651,3,2,11,651_T3_P1_R2,651_T3_R2_ex11,right_arm,120,amp_preserving,fixed_mean_rescaled,identity,False,10.0,-1,0.03388096619537668,0.9825146462370438,5.750989184911633,65.0,0.056768558951965066,3.44856646720577,0.9919558359621451,7.661503654716324,40.33268155289867,115.23623300828191,1199.0,1145.0,18.0,4.0,18.0,2.0,0.04792490987426361
primary_amp_preserving,651,3,2,11,651_T3_P1_R2,651_T3_R2_ex11,left_leg,120,amp_preserving,fixed_mean_rescaled,identity,False,10.0,-1,0.07220966806119644,0.9949041084304231,10.253214207888428,104.0,0.09082969432314411,4.372378584500602,0.9968071384771531,13.626824685648215,10.534174326348696,30.097640932424845,1199.0,1145.0,18.0,4.0,18.0,2.0,0.08544345173240357
primary_amp_preserving,651,3,2,11,651_T3_P1_R2,651_T3_R2_ex11,right_leg,120,amp_preserving,fixed_mean_rescaled,identity,False,10.0,-1,0.04720737777506336,0.9864156801862992,6.247029905776321,61.0,0.05327510917030567,3.5641592264796977,0.994129633223365,8.671603893355904,9.926836443484312,28.362389838526607,1199.0,1145.0,18.0,4.0,18.0,2.0,0.05205858254813601
primary_amp_preserving,651,3,2,13,651_T3_P1_R2,651_T3_R2_ex13,trunk_spine,120,amp_preserving,fixed_mean_rescaled,identity,False,12.0,-1,0.021975751758101875,0.9765929161523123,4.529619026646113,26.0,0.018772563176895306,2.9873928075871556,0.9890323805906371,6.038846209595594,16.578161326558476,47.366175218738505,1439.0,1385.0,18.0,4.0,18.0,2.0,0.037746825222050945
primary_amp_preserving,651,3,2,13,651_T3_P1_R2,651_T3_R2_ex13,left_arm,120,amp_preserving,fixed_mean_rescaled,identity,False,12.0,-1,0.03214457127355439,0.9868865229810438,7.258056815469086,60.0,0.04332129963898917,3.9050706803665793,0.992988834069073,9.287188828172434,35.135657354070055,100.38759244020017,1439.0,1385.0,18.0,4.0,18.0,2.0,0.06048380679557572
primary_amp_preserving,651,3,2,13,651_T3_P1_R2,651_T3_R2_ex13,right_arm,120,amp_preserving,fixed_mean_rescaled,identity,False,12.0,-1,0.027807224390142108,0.9669806011031481,5.188443728608818,51.0,0.0368231046931408,3.2634179120595075,0.9848223331207084,6.9142518440463645,35.54908411540487,101.56881175829963,1439.0,1385.0,18.0,4.0,18.0,2.0,0.04323703107174015
primary_amp_preserving,651,3,2,13,651_T3_P1_R2,651_T3_R2_ex13,left_leg,120,amp_preserving,fixed_mean_rescaled,identity,False,12.0,-1,0.07319964107593747,0.9941986430241176,9.41917623227549,92.0,0.0664259927797834,4.2588208183528975,0.9968641313643879,12.78186968838527,47.48219354353058,135.6634101243731,1439.0,1385.0,18.0,4.0,18.0,2.0,0.07849313526896241
primary_amp_preserving,651,3,2,13,651_T3_P1_R2,651_T3_R2_ex13,right_leg,120,amp_preserving,fixed_mean_rescaled,identity,False,12.0,-1,0.10977546378414474,0.9946678579236011,10.301210749089478,128.0,0.09241877256317689,4.396006919957458,0.9970582923838762,13.734158156585494,44.88634034819296,128.24668670912274,1439.0,1385.0,18.0,4.0,18.0,2.0,0.08584342290907898
primary_amp_preserving,790,1,1,11,790_T1_P1_R1,790_T1_R1_ex11,trunk_spine,120,amp_preserving,fixed_mean_rescaled,identity,False,10.0,-1,0.035160472715057865,0.9935296161195067,8.168154230631917,62.0,0.05414847161572053,4.089703364988173,0.9962654160152857,9.589132706374086,14.738407113156402,42.1097346090183,1199.0,1145.0,18.0,4.0,18.0,2.0,0.06806795192193264
primary_amp_preserving,790,1,1,11,790_T1_P1_R1,790_T1_R1_ex11,left_arm,120,amp_preserving,fixed_mean_rescaled,identity,False,10.0,-1,0.06169267413808899,0.9849523573815122,8.483692176508207,76.0,0.06637554585152838,4.117251122745956,0.9920430639772305,11.455701629036868,59.89005029248162,171.11442940709034,1199.0,1145.0,18.0,4.0,18.0,2.0,0.07069743480423506
primary_amp_preserving,790,1,1,11,790_T1_P1_R1,790_T1_R1_ex11,right_arm,120,amp_preserving,fixed_mean_rescaled,identity,False,10.0,-1,0.022458545820991237,0.9755931742470596,5.35048471290082,56.0,0.04890829694323144,3.305787843836616,0.9869467672853355,7.02492136462618,51.46938049749256,147.05537284997874,1199.0,1145.0,18.0,4.0,18.0,2.0,0.04458737260750683
primary_amp_preserving,790,1,1,11,790_T1_P1_R1,790_T1_R1_ex11,left_leg,120,amp_preserving,fixed_mean_rescaled,identity,False,10.0,-1,0.05768009283293126,0.9939645816237394,9.97052575677111,123.0,0.10742358078602621,4.331049010400463,0.9962808057812955,12.944625967325882,8.806710439833866,25.162029828096763,1199.0,1145.0,18.0,4.0,18.0,2.0,0.08308771463975925
primary_amp_preserving,790,1,1,11,790_T1_P1_R1,790_T1_R1_ex11,right_leg,120,amp_preserving,fixed_mean_rescaled,identity,False,10.0,-1,0.04788988304272147,0.995472660608959,10.580481192815995,102.0,0.0890829694323144,4.482045549236171,0.9971305595408895,12.942271880819368,10.001162427792515,28.574749793692902,1199.0,1145.0,18.0,4.0,18.0,2.0,0.08817067660679996
primary_amp_preserving,790,1,1,13,790_T1_P1_R1,790_T1_R1_ex13,trunk_spine,120,amp_preserving,fixed_mean_rescaled,identity,False,14.0,-1,0.044107616521409626,0.9501374570446736,5.823907319641917,73.0,0.04492307692307692,3.48653818586555,0.9754123711340206,8.060343603578021,22.02640306898244,62.93258019709269,1679.0,1625.0,18.0,4.0,18.0,2.0,0.04853256099701597
primary_amp_preserving,790,1,1,13,790_T1_P1_R1,790_T1_R1_ex13,left_arm,120,amp_preserving,fixed_mean_rescaled,identity,False,14.0,-1,0.05213868889730959,0.9785310405977005,6.460032626427406,81.0,0.049846153846153846,3.650747498496227,0.9891855749523962,8.81344298387619,62.23531176223542,177.81517646352978,1679.0,1625.0,18.0,4.0,18.0,2.0,0.053833605220228384
primary_amp_preserving,790,1,1,13,790_T1_P1_R1,790_T1_R1_ex13,right_arm,120,amp_preserving,fixed_mean_rescaled,identity,False,14.0,-1,0.039241379310344826,0.9774812182545047,5.245957711442786,63.0,0.03876923076923077,3.275123021353878,0.9891558353772765,7.193469101123595,56.332182062212375,160.94909160632108,1679.0,1625.0,18.0,4.0,18.0,2.0,0.04371631426202322
primary_amp_preserving,790,1,1,13,790_T1_P1_R1,790_T1_R1_ex13,left_leg,120,amp_preserving,fixed_mean_rescaled,identity,False,14.0,-1,0.2397536945812808,0.99512572900697,15.780100250626566,196.0,0.12061538461538461,4.962722568346635,0.9974664538256073,23.18200852189245,44.01037561208018,125.7439303202291,1679.0,1625.0,18.0,4.0,18.0,2.0,0.13150083542188803
primary_amp_preserving,790,1,1,13,790_T1_P1_R1,790_T1_R1_ex13,right_leg,120,amp_preserving,fixed_mean_rescaled,identity,False,14.0,-1,0.15256309208033347,0.9648248694779615,8.929520481816928,112.0,0.06892307692307692,4.075167722719278,0.9817095282329974,13.654264690641517,48.017226876252245,137.19207678929214,1679.0,1625.0,18.0,4.0,18.0,2.0,0.07441267068180774
primary_amp_preserving,790,1,2,11,790_T1_P1_R2,790_T1_R2_ex11,trunk_spine,120,amp_preserving,fixed_mean_rescaled,identity,False,10.0,-1,0.04492319907167069,0.9965332064441574,10.524048815506102,145.0,0.12663755458515283,4.385598180713238,0.9978077628985114,10.577373446225906,17.857666349516492,51.02190385576141,1199.0,1145.0,18.0,4.0,18.0,2.0,0.08770040679588419
primary_amp_preserving,790,1,2,11,790_T1_P1_R2,790_T1_R2_ex11,left_arm,120,amp_preserving,fixed_mean_rescaled,identity,False,10.0,-1,0.030886798790728923,0.983637352315982,6.897053726169844,114.0,0.09956331877729258,3.7156953302067888,0.9932028276237085,8.882183908045977,51.696387177984015,147.7039633656686,1199.0,1145.0,18.0,4.0,18.0,2.0,0.05747544771808203
primary_amp_preserving,790,1,2,11,790_T1_P1_R2,790_T1_R2_ex11,right_arm,120,amp_preserving,fixed_mean_rescaled,identity,False,10.0,-1,0.03691025132073167,0.9900306114006784,8.336119818878439,117.0,0.10218340611353711,4.046375525279648,0.9945809547447672,10.566029444078225,48.758450692427296,139.30985912122085,1199.0,1145.0,18.0,4.0,18.0,2.0,0.06946766515732032
primary_amp_preserving,790,1,2,11,790_T1_P1_R2,790_T1_R2_ex11,left_leg,120,amp_preserving,fixed_mean_rescaled,identity,False,10.0,-1,0.048734235197117295,0.9943292186227207,8.752619966905682,85.0,0.07423580786026202,4.1275891424923215,0.9966006642020176,11.098918353105374,12.565545507684428,35.90155859338408,1199.0,1145.0,18.0,4.0,18.0,2.0,0.07293849972421401
primary_amp_preserving,790,1,2,11,790_T1_P1_R2,790_T1_R2_ex11,right_leg,120,amp_preserving,fixed_mean_rescaled,identity,False,10.0,-1,0.04476440589977708,0.9955658639743502,9.607636603028308,88.0,0.07685589519650655,4.2956642947751575,0.9968790504127157,11.306189555125725,11.879280504418261,33.940801441195035,1199.0,1145.0,18.0,4.0,18.0,2.0,0.08006363835856924
primary_amp_preserving,790,1,2,13,790_T1_P1_R2,790_T1_R2_ex13,trunk_spine,120,amp_preserving,fixed_mean_rescaled,identity,False,14.0,-1,0.0370079575596817,0.9891259829619922,6.641138457307851,61.0,0.03753846153846154,3.6957226995169767,0.9950954292267365,8.881019830028329,18.828090847709028,53.79454527916865,1679.0,1625.0,18.0,4.0,18.0,2.0,0.055342820477565426
primary_amp_preserving,790,1,2,13,790_T1_P1_R2,790_T1_R2_ex13,left_arm,120,amp_preserving,fixed_mean_rescaled,identity,False,14.0,-1,0.030687381583933308,0.9757235997234022,5.05230179028133,78.0,0.048,3.2043650968035133,0.9879111923342883,6.841542671455447,60.58596397334711,173.1027542095632,1679.0,1625.0,18.0,4.0,18.0,2.0,0.04210251491901108
primary_amp_preserving,790,1,2,13,790_T1_P1_R2,790_T1_R2_ex13,right_arm,120,amp_preserving,fixed_mean_rescaled,identity,False,14.0,-1,0.04734369079196665,0.9916279814310869,8.873657069187795,161.0,0.09907692307692308,3.982993616770636,0.9958540099247639,11.864403547248974,58.20250848453555,166.2928813843873,1679.0,1625.0,18.0,4.0,18.0,2.0,0.07394714224323162
primary_amp_preserving,790,1,2,13,790_T1_P1_R2,790_T1_R2_ex13,left_leg,120,amp_preserving,fixed_mean_rescaled,identity,False,14.0,-1,0.06081924971580144,0.9901434250040498,8.388050248073473,114.0,0.07015384615384615,4.0881889911219895,0.9952087824450786,11.595020325203253,29.342168379518483,83.83476679862424,1679.0,1625.0,18.0,4.0,18.0,2.0,0.0699004187339456
primary_amp_preserving,790,1,2,13,790_T1_P1_R2,790_T1_R2_ex13,right_leg,120,amp_preserving,fixed_mean_rescaled,identity,False,14.0,-1,0.0403956043956044,0.9887996698060111,6.97248313268951,147.0,0.09046153846153847,3.7308845780445483,0.9941934636599002,9.475637013857845,29.057689718699056,83.02197062485445,1679.0,1625.0,18.0,4.0,18.0,2.0,0.058104026105745915
primary_amp_preserving,790,2,1,11,790_T2_P1_R1,790_T2_R1_ex11,trunk_spine,120,amp_preserving,fixed_mean_rescaled,identity,False,8.0,-1,0.03653009338483352,0.9961855049186911,9.166256157635468,66.0,0.07292817679558011,4.180085655505975,0.9972227798969417,10.568439716312056,13.916955894554674,39.76273112729907,959.0,905.0,18.0,4.0,18.0,2.0,0.07638546798029557
primary_amp_preserving,790,2,1,11,790_T2_P1_R1,790_T2_R1_ex11,left_arm,120,amp_preserving,fixed_mean_rescaled,identity,False,8.0,-1,0.04214540654182761,0.9904292343387471,8.828852119958635,90.0,0.09944751381215469,4.125964462508404,0.99457656612529,10.783962264150944,55.814286677661975,159.46939050760565,959.0,905.0,18.0,4.0,18.0,2.0,0.07357376766632195
primary_amp_preserving,790,2,1,11,790_T2_P1_R1,790_T2_R1_ex11,right_arm,120,amp_preserving,fixed_mean_rescaled,identity,False,8.0,-1,0.03178017894685376,0.9935384615384616,7.963008631319359,64.0,0.0707182320441989,4.012038188904899,0.9963076923076923,9.723723723723724,33.81832671080299,96.62379060229428,959.0,905.0,18.0,4.0,18.0,2.0,0.06635840526099465
primary_amp_preserving,790,2,1,11,790_T2_P1_R1,790_T2_R1_ex11,left_leg,120,amp_preserving,fixed_mean_rescaled,identity,False,8.0,-1,0.018371388060431232,0.9886892880904857,6.045565500406835,30.0,0.03314917127071823,3.5324314803649477,0.9936793080505656,7.486215538847118,10.059488460379285,28.741395601083674,959.0,905.0,18.0,4.0,18.0,2.0,0.05037971250339029
primary_amp_preserving,790,2,1,11,790_T2_P1_R1,790_T2_R1_ex11,right_leg,120,amp_preserving,fixed_mean_rescaled,identity,False,8.0,-1,0.031205691096660635,0.9937328632980806,8.676470588235293,71.0,0.07845303867403315,4.098558540120223,0.9967489228358793,9.753545419701036,9.748304465785754,27.852298473673585,959.0,905.0,18.0,4.0,18.0,2.0,0.07230392156862744
primary_amp_preserving,790,2,1,13,790_T2_P1_R1,790_T2_R1_ex13,trunk_spine,120,amp_preserving,fixed_mean_rescaled,identity,False,14.0,-1,0.023079196665403562,0.9832857189767839,6.005615724027276,77.0,0.047384615384615386,3.502512323562669,0.9921025843102486,7.517417267977109,17.937369387324427,51.24962682092694,1679.0,1625.0,18.0,4.0,18.0,2.0,0.050046797700227304
primary_amp_preserving,790,2,1,13,790_T2_P1_R1,790_T2_R1_ex13,left_arm,120,amp_preserving,fixed_mean_rescaled,identity,False,14.0,-1,0.034228116710875334,0.9832610043397396,5.6955239194562015,57.0,0.035076923076923075,3.4531688806021617,0.9918408466920556,7.382251153592617,43.119876134454096,123.19964609844028,1679.0,1625.0,18.0,4.0,18.0,2.0,0.04746269932880168
primary_amp_preserving,790,2,1,13,790_T2_P1_R1,790_T2_R1_ex13,right_arm,120,amp_preserving,fixed_mean_rescaled,identity,False,14.0,-1,0.050874573702159906,0.9880230600783566,7.815814282347396,173.0,0.10646153846153845,3.999809580952544,0.9935348359129438,10.342715360161279,45.11140856432517,128.88973875521478,1679.0,1625.0,18.0,4.0,18.0,2.0,0.0651317856862283
primary_amp_preserving,790,2,1,13,790_T2_P1_R1,790_T2_R1_ex13,left_leg,120,amp_preserving,fixed_mean_rescaled,identity,False,14.0,-1,0.04632284956422887,0.981758094334375,6.138297872340425,99.0,0.06092307692307692,3.593106228440732,0.990551838096952,8.435458028561477,37.01964028439148,105.77040081254708,1679.0,1625.0,18.0,4.0,18.0,2.0,0.051152482269503544
primary_amp_preserving,790,2,1,13,790_T2_P1_R1,790_T2_R1_ex13,right_leg,120,amp_preserving,fixed_mean_rescaled,identity,False,14.0,-1,0.07001439939370974,0.9875194838933149,7.530416838629797,119.0,0.07323076923076922,3.9539400431797405,0.9938030394873572,10.130924137931034,42.492391968078984,121.40683419451139,1679.0,1625.0,18.0,4.0,18.0,2.0,0.06275347365524832
primary_amp_preserving,790,2,2,11,790_T2_P1_R2,790_T2_R2_ex11,trunk_spine,120,amp_preserving,fixed_mean_rescaled,identity,False,10.0,-1,0.026190185360491038,0.9928292426980703,7.518763796909492,76.0,0.06637554585152838,3.9261716233477983,0.9947531044132222,7.930745991168952,15.808672385778356,45.16763538793816,1199.0,1145.0,18.0,4.0,18.0,2.0,0.06265636497424577
primary_amp_preserving,790,2,2,11,790_T2_P1_R2,790_T2_R2_ex11,left_arm,120,amp_preserving,fixed_mean_rescaled,identity,False,10.0,-1,0.025096955446300424,0.9828435845957292,5.827922077922078,39.0,0.03406113537117904,3.5181415162389578,0.9907829895966417,6.921164470888228,48.724857258617426,139.2138778817641,1199.0,1145.0,18.0,4.0,18.0,2.0,0.04856601731601731
primary_amp_preserving,790,2,2,11,790_T2_P1_R2,790_T2_R2_ex11,right_arm,120,amp_preserving,fixed_mean_rescaled,identity,False,10.0,-1,0.02413503527040645,0.9847535901815652,5.731222385861561,41.0,0.03580786026200873,3.4578177448491174,0.9921237426456633,7.802238805970149,33.53258420899755,95.8073834542787,1199.0,1145.0,18.0,4.0,18.0,2.0,0.047760186548846346
primary_amp_preserving,790,2,2,11,790_T2_P1_R2,790_T2_R2_ex11,left_leg,120,amp_preserving,fixed_mean_rescaled,identity,False,10.0,-1,0.04273979295813357,0.9879251214632753,6.118141592920354,60.0,0.05240174672489083,3.5595911888170404,0.9939089739925693,8.149238429994142,13.654702490095865,39.013435685988185,1199.0,1145.0,18.0,4.0,18.0,2.0,0.050984513274336285
primary_amp_preserving,790,2,2,11,790_T2_P1_R2,790_T2_R2_ex11,right_leg,120,amp_preserving,fixed_mean_rescaled,identity,False,10.0,-1,0.06339664702110116,0.9939548662122781,8.101688260698861,103.0,0.08995633187772925,4.0426407187010875,0.9963873702463814,10.738741077222583,15.966574743687985,45.618784981965675,1199.0,1145.0,18.0,4.0,18.0,2.0,0.06751406883915717
primary_amp_preserving,790,2,2,13,790_T2_P1_R2,790_T2_R2_ex13,trunk_spine,120,amp_preserving,fixed_mean_rescaled,identity,False,16.0,-1,0.023092545075883972,0.9677620269563267,4.396717600452745,46.0,0.024664879356568366,2.9190135576457346,0.9857246069907073,5.737945036618084,19.04604148488437,54.41726138538392,1919.0,1865.0,18.0,4.0,18.0,2.0,0.03663931333710621
primary_amp_preserving,790,2,2,13,790_T2_P1_R2,790_T2_R2_ex13,left_arm,120,amp_preserving,fixed_mean_rescaled,identity,False,16.0,-1,0.04203419668849026,0.9825629935808823,6.341224273474075,100.0,0.05361930294906166,3.6031459400212826,0.9913636176997933,8.596249703299312,58.33743183054536,166.67837665870104,1919.0,1865.0,18.0,4.0,18.0,2.0,0.05284353561228396
primary_amp_preserving,790,2,2,13,790_T2_P1_R2,790_T2_R2_ex13,right_arm,120,amp_preserving,fixed_mean_rescaled,identity,False,16.0,-1,0.0497600938913116,0.986414928548305,6.2161748633879785,69.0,0.036997319034852545,3.6287739434182558,0.9937797715395643,8.672586015538291,47.23088671417895,134.94539061193987,1919.0,1865.0,18.0,4.0,18.0,2.0,0.05180145719489982
primary_amp_preserving,790,2,2,13,790_T2_P1_R2,790_T2_R2_ex13,left_leg,120,amp_preserving,fixed_mean_rescaled,identity,False,16.0,-1,0.03657791483045485,0.9731829692193963,5.3991273996509594,63.0,0.033780160857908845,3.3715689420417996,0.9874880070463518,7.340523792821232,46.665776462711854,133.33078989346245,1919.0,1865.0,18.0,4.0,18.0,2.0,0.04499272833042466
primary_amp_preserving,790,2,2,13,790_T2_P1_R2,790_T2_R2_ex13,right_leg,120,amp_preserving,fixed_mean_rescaled,identity,False,16.0,-1,0.05040214477211796,0.9783010683955803,5.758718000403144,64.0,0.03431635388739947,3.473085093865336,0.9891790704045292,7.757933843605926,53.94527753088238,154.12936437394967,1919.0,1865.0,18.0,4.0,18.0,2.0,0.0479893166700262
primary_amp_preserving,790,3,1,11,790_T3_P1_R1,790_T3_R1_ex11,trunk_spine,120,amp_preserving,fixed_mean_rescaled,identity,False,10.0,-1,0.04488197392127523,0.9944548392583773,7.851732473811443,55.0,0.048034934497816595,4.012588023694786,0.9968021772410274,10.475867000357526,14.198937870287061,40.568393915105894,1199.0,1145.0,18.0,4.0,18.0,2.0,0.06543110394842869
primary_amp_preserving,790,3,1,11,790_T3_P1_R1,790_T3_R1_ex11,left_arm,120,amp_preserving,fixed_mean_rescaled,identity,False,10.0,-1,0.031860933825999325,0.9904154885704701,6.756129454069957,63.0,0.05502183406113537,3.7523639350955635,0.9946566348780371,8.404737801174328,40.54035472120399,115.8295849177257,1199.0,1145.0,18.0,4.0,18.0,2.0,0.05630107878391631
primary_amp_preserving,790,3,1,11,790_T3_P1_R1,790_T3_R1_ex11,right_arm,120,amp_preserving,fixed_mean_rescaled,identity,False,10.0,-1,0.023518184871896664,0.9853275335973511,6.748332592263228,114.0,0.09956331877729258,3.676873559617765,0.9913977796533143,8.708582834331338,28.845795638565267,82.41655896732934,1199.0,1145.0,18.0,4.0,18.0,2.0,0.0562361049355269
primary_amp_preserving,790,3,1,11,790_T3_P1_R1,790_T3_R1_ex11,left_leg,120,amp_preserving,fixed_mean_rescaled,identity,False,10.0,-1,0.04400708461843833,0.9946221636250087,8.673827534039335,110.0,0.09606986899563319,4.133548507830647,0.9965651238637152,10.845006607513687,11.778785956967443,33.653674162764126,1199.0,1145.0,18.0,4.0,18.0,2.0,0.07228189611699445
primary_amp_preserving,790,3,1,11,790_T3_P1_R1,790_T3_R1_ex11,right_leg,120,amp_preserving,fixed_mean_rescaled,identity,False,10.0,-1,0.07900112987449232,0.99768075607352,12.30829756795422,90.0,0.07860262008733625,4.675646220672469,0.9981446048588161,15.759841318278914,16.38544402524971,46.81555435785632,1199.0,1145.0,18.0,4.0,18.0,2.0,0.1025691463996185
primary_amp_preserving,790,3,1,13,790_T3_P1_R1,790_T3_R1_ex13,trunk_spine,120,amp_preserving,fixed_mean_rescaled,identity,False,18.0,-1,0.022768530476956008,0.9406188020626736,4.118270232719694,43.0,0.020427553444180523,2.7973759392697213,0.9720249900833002,5.693813534708103,21.157776191016982,60.45078911719138,2159.0,2105.0,18.0,4.0,18.0,2.0,0.03431891860599745
primary_amp_preserving,790,3,1,13,790_T3_P1_R1,790_T3_R1_ex13,left_arm,120,amp_preserving,fixed_mean_rescaled,identity,False,18.0,-1,0.02490629769785862,0.9685426261014614,4.777231264532284,52.0,0.02470308788598575,3.117025029727941,0.9852866519200784,6.239092996555683,59.38541486166576,169.6726138904736,2159.0,2105.0,18.0,4.0,18.0,2.0,0.03981026053776903
primary_amp_preserving,790,3,1,13,790_T3_P1_R1,790_T3_R1_ex13,right_arm,120,amp_preserving,fixed_mean_rescaled,identity,False,18.0,-1,0.030640878588911066,0.9841274519918058,6.205947955390335,74.0,0.03515439429928741,3.602471470776383,0.9920489882540198,8.014943144609157,47.54090567835659,135.83115908101882,2159.0,2105.0,18.0,4.0,18.0,2.0,0.051716232961586124
primary_amp_preserving,790,3,1,13,790_T3_P1_R1,790_T3_R1_ex13,left_leg,120,amp_preserving,fixed_mean_rescaled,identity,False,18.0,-1,0.0420490774274541,0.9745693543537094,5.825020861416009,80.0,0.03800475059382423,3.4646016403687567,0.987569268439366,7.757265173562782,42.7871857109231,122.24910203120886,2159.0,2105.0,18.0,4.0,18.0,2.0,0.04854184051180008
primary_amp_preserving,790,3,1,13,790_T3_P1_R1,790_T3_R1_ex13,right_leg,120,amp_preserving,fixed_mean_rescaled,identity,False,18.0,-1,0.06192073914182238,0.9841016328644044,7.077943876212956,99.0,0.04703087885985748,3.843110689889985,0.9916679429117349,9.838898737382873,62.46983923848755,178.4852549671073,2159.0,2105.0,18.0,4.0,18.0,2.0,0.05898286563510797
primary_amp_preserving,790,3,2,11,790_T3_P1_R2,790_T3_R2_ex11,trunk_spine,120,amp_preserving,fixed_mean_rescaled,identity,False,10.0,-1,0.025602345253000276,0.9924260496183206,7.3763297872340425,63.0,0.05502183406113537,3.930398812524859,0.9945133587786259,8.689942678478374,19.466807007973582,55.61944859421023,1199.0,1145.0,18.0,4.0,18.0,2.0,0.06146941489361702
primary_amp_preserving,790,3,2,11,790_T3_P1_R2,790_T3_R2_ex11,left_arm,120,amp_preserving,fixed_mean_rescaled,identity,False,10.0,-1,0.030181390661740005,0.9913492183942936,8.178631051752921,77.0,0.06724890829694323,4.052903708135516,0.9953204836343401,9.981988838153221,48.013947076036786,137.1827059315337,1199.0,1145.0,18.0,4.0,18.0,2.0,0.06815525876460768
primary_amp_preserving,790,3,2,11,790_T3_P1_R2,790_T3_R2_ex11,right_arm,120,amp_preserving,fixed_mean_rescaled,identity,False,10.0,-1,0.056625034354291996,0.9766219058404789,7.417366373131272,92.0,0.08034934497816594,3.8135533584744827,0.988553632098366,9.81960626757734,64.86452347201559,185.32720992004457,1199.0,1145.0,18.0,4.0,18.0,2.0,0.0618113864427606
primary_amp_preserving,790,3,2,11,790_T3_P1_R2,790_T3_R2_ex11,left_leg,120,amp_preserving,fixed_mean_rescaled,identity,False,10.0,-1,0.028292668030659298,0.98246087425796,5.872580645161291,41.0,0.03580786026200873,3.4929087655183224,0.9914193200215866,7.956258120398441,13.088079362067374,37.394512463049644,1199.0,1145.0,18.0,4.0,18.0,2.0,0.04893817204301076
primary_amp_preserving,790,3,2,11,790_T3_P1_R2,790_T3_R2_ex11,right_leg,120,amp_preserving,fixed_mean_rescaled,identity,False,10.0,-1,0.018726906281491436,0.9712189156135345,4.860057119543043,31.0,0.027074235807860263,3.1199425568352868,0.9865470852017937,6.336737365802566,12.073856446126486,34.496732703218534,1199.0,1145.0,18.0,4.0,18.0,2.0,0.040500475996192026
primary_amp_preserving,790,3,2,13,790_T3_P1_R2,790_T3_R2_ex13,trunk_spine,120,amp_preserving,fixed_mean_rescaled,identity,False,12.0,-1,0.028246489013167505,0.9287086288416075,4.297043240471714,38.0,0.027436823104693142,2.896491978693741,0.9657764479905437,5.820458593054319,22.842588352722608,65.26453815063603,1439.0,1385.0,18.0,4.0,18.0,2.0,0.035808693670597615
primary_amp_preserving,790,3,2,13,790_T3_P1_R2,790_T3_R2_ex13,left_arm,120,amp_preserving,fixed_mean_rescaled,identity,False,12.0,-1,0.034599653596544315,0.9856759446337565,6.319798917246713,67.0,0.04837545126353791,3.6244821243493965,0.9931847652362715,8.40929401251117,48.79151099282899,139.40431712236855,1439.0,1385.0,18.0,4.0,18.0,2.0,0.05266499097705594
primary_amp_preserving,790,3,2,13,790_T3_P1_R2,790_T3_R2_ex13,right_arm,120,amp_preserving,fixed_mean_rescaled,identity,False,12.0,-1,0.04338077252144154,0.9834042860235226,6.817908954477239,61.0,0.04404332129963899,3.7837691316942133,0.9909445125910961,9.44207631488484,45.217326976481544,129.19236278994728,1439.0,1385.0,18.0,4.0,18.0,2.0,0.056815907953976987
primary_amp_preserving,790,3,2,13,790_T3_P1_R2,790_T3_R2_ex13,left_leg,120,amp_preserving,fixed_mean_rescaled,identity,False,12.0,-1,0.07508399240416519,0.9907451154776132,11.432969852469531,119.0,0.08592057761732852,4.50566025647157,0.9954628831883494,15.27572235846039,69.04794837943587,197.27985251267393,1439.0,1385.0,18.0,4.0,18.0,2.0,0.09527474877057943
primary_amp_preserving,790,3,2,13,790_T3_P1_R2,790_T3_R2_ex13,right_leg,120,amp_preserving,fixed_mean_rescaled,identity,False,12.0,-1,0.05785981093883683,0.9813539149565406,6.706099815157116,78.0,0.05631768953068592,3.7062615709861415,0.9907220398889169,9.549713193116634,53.15326964978522,151.86648471367207,1439.0,1385.0,18.0,4.0,18.0,2.0,0.0558841651263093
primary_trial_zscore,651,1,1,11,651_T1_P1_R1,651_T1_R1_ex11,trunk_spine,120,trial_zscore,target_rr,identity,False,10.0,-1,0.029065257886218585,0.9950619878125657,7.58590308370044,59.0,0.05152838427947598,3.911121963880445,0.9968743433494431,9.789270054165591,0.9415110347495622,2.654656928977661,1199.0,1145.0,18.0,4.0,18.0,2.0,0.063215859030837
primary_trial_zscore,651,1,1,11,651_T1_P1_R1,651_T1_R1_ex11,left_arm,120,trial_zscore,target_rr,identity,False,10.0,-1,0.029065257886218585,0.9733662534145829,5.15123714206283,43.0,0.03755458515283843,3.250460879419443,0.9864204664845556,6.90984360625575,1.0475069502746726,2.6969609790879785,1199.0,1145.0,18.0,4.0,18.0,2.0,0.042926976183856914
primary_trial_zscore,651,1,1,11,651_T1_P1_R1,651_T1_R1_ex11,right_arm,120,trial_zscore,target_rr,identity,False,10.0,-1,0.029065257886218585,0.9789346501365833,5.291027825099375,58.0,0.050655021834061134,3.2933133243249135,0.9908331582265182,7.027384500745156,1.0422473442744056,2.7037166276216102,1199.0,1145.0,18.0,4.0,18.0,2.0,0.044091898542494797
primary_trial_zscore,651,1,1,11,651_T1_P1_R1,651_T1_R1_ex11,left_leg,120,trial_zscore,target_rr,identity,False,10.0,-1,0.029065257886218585,0.9917524690060937,9.063370139222275,88.0,0.07685589519650655,4.183442125087733,0.9950094557680185,11.475916388973038,0.6886231512085003,2.6168785381536805,1199.0,1145.0,18.0,4.0,18.0,2.0,0.07552808449351896
primary_trial_zscore,651,1,1,11,651_T1_P1_R1,651_T1_R1_ex11,right_leg,120,trial_zscore,target_rr,identity,False,10.0,-1,0.029065257886218585,0.9910170203824333,7.076144036009002,104.0,0.09082969432314411,3.778915843859826,0.9950357217902921,8.932563074746522,0.6387377728265256,2.5935128899479123,1199.0,1145.0,18.0,4.0,18.0,2.0,0.05896786696674169
primary_trial_zscore,651,1,1,13,651_T1_P1_R1,651_T1_R1_ex13,trunk_spine,120,trial_zscore,target_rr,identity,False,12.0,-1,0.029225183113874918,0.9803641556586933,5.164566484859884,52.0,0.03754512635379061,3.2511575971985196,0.9896465548018565,6.968325791855204,0.9236908508997645,2.6170287728459427,1439.0,1385.0,18.0,4.0,18.0,2.0,0.04303805404049903
primary_trial_zscore,651,1,1,13,651_T1_P1_R1,651_T1_R1_ex13,left_arm,120,trial_zscore,target_rr,identity,False,12.0,-1,0.029225183113874918,0.9835058907533024,7.36774538646697,98.0,0.07075812274368232,3.820219952900228,0.991306676187076,8.94395232726687,0.8765431525600657,2.6164994730625555,1439.0,1385.0,18.0,4.0,18.0,2.0,0.06139787822055808
primary_trial_zscore,651,1,1,13,651_T1_P1_R1,651_T1_R1_ex13,right_arm,120,trial_zscore,target_rr,identity,False,12.0,-1,0.029225183113874918,0.9880042841842199,6.4015729817256535,73.0,0.05270758122743682,3.636374111008001,0.9933773652267047,7.874487052497524,0.9380237095029553,2.590066971143556,1439.0,1385.0,18.0,4.0,18.0,2.0,0.05334644151438044
primary_trial_zscore,651,1,1,13,651_T1_P1_R1,651_T1_R1_ex13,left_leg,120,trial_zscore,target_rr,identity,False,12.0,-1,0.029225183113874918,0.9720456979650125,4.953065308350009,35.0,0.02527075812274368,3.2016712439622643,0.9867368796858265,6.782453987730062,0.4738811647661041,2.4496640793991156,1439.0,1385.0,18.0,4.0,18.0,2.0,0.04127554423625008
primary_trial_zscore,651,1,1,13,651_T1_P1_R1,651_T1_R1_ex13,right_leg,120,trial_zscore,target_rr,identity,False,12.0,-1,0.029225183113874918,0.9825776508389861,7.131899455817569,83.0,0.059927797833935016,3.856188390929259,0.9906104962513388,9.460279577224684,0.5869096454897345,2.554802720198305,1439.0,1385.0,18.0,4.0,18.0,2.0,0.05943249546514641
primary_trial_zscore,651,1,2,11,651_T1_P1_R2,651_T1_R2_ex11,trunk_spine,120,trial_zscore,target_rr,identity,False,10.0,-1,0.029065257886218585,0.9741017020382433,4.861824855794442,63.0,0.05502183406113537,3.085346013284249,0.9889682706450935,6.542484795829713,0.8246581041525841,2.6431582751705562,1199.0,1145.0,18.0,4.0,18.0,2.0,0.04051520713162035
primary_trial_zscore,651,1,2,11,651_T1_P1_R2,651_T1_R2_ex11,left_arm,120,trial_zscore,target_rr,identity,False,10.0,-1,0.029065257886218585,0.9865517965959235,6.278836509528586,73.0,0.06375545851528384,3.6009724975438493,0.9935648245429712,8.23220892274211,0.8957716361399943,2.5848007461948996,1199.0,1145.0,18.0,4.0,18.0,2.0,0.05232363757940488
primary_trial_zscore,651,1,2,11,651_T1_P1_R2,651_T1_R2_ex11,right_arm,120,trial_zscore,target_rr,identity,False,10.0,-1,0.029065257886218585,0.984292918680395,7.365172955974843,76.0,0.06637554585152838,3.773063053482337,0.9928556419415844,8.8029809035864,0.9557843010537526,2.7168781653230543,1199.0,1145.0,18.0,4.0,18.0,2.0,0.061376441299790356
primary_trial_zscore,651,1,2,11,651_T1_P1_R2,651_T1_R2_ex11,left_leg,120,trial_zscore,target_rr,identity,False,10.0,-1,0.029065257886218585,0.9855536877495272,6.210195299569679,54.0,0.04716157205240175,3.548259531793687,0.9934597604538769,7.769720624486442,0.8322463260899239,2.5095201792894426,1199.0,1145.0,18.0,4.0,18.0,2.0,0.051751627496413995
primary_trial_zscore,651,1,2,11,651_T1_P1_R2,651_T1_R2_ex11,right_leg,120,trial_zscore,target_rr,identity,False,10.0,-1,0.029065257886218585,0.9853435595713386,5.5642242657965,48.0,0.04192139737991266,3.3797424939746694,0.9930920361420467,7.310324825986079,0.7798744078028456,2.4936204983945323,1199.0,1145.0,18.0,4.0,18.0,2.0,0.04636853554830416
primary_trial_zscore,651,1,2,13,651_T1_P1_R2,651_T1_R2_ex13,trunk_spine,120,trial_zscore,target_rr,identity,False,14.0,-1,0.029339143615005683,0.9692868028827526,4.678219673357437,61.0,0.03753846153846154,3.0716742117775975,0.9869423707798414,6.178943963774561,0.8587299622827611,2.5808181543191084,1679.0,1625.0,18.0,4.0,18.0,2.0,0.03898516394464531
primary_trial_zscore,651,1,2,13,651_T1_P1_R2,651_T1_R2_ex13,left_arm,120,trial_zscore,target_rr,identity,False,14.0,-1,0.029339143615005683,0.9719215767313305,4.60933480338111,81.0,0.049846153846153846,3.0048831446058175,0.9873169219641981,6.1767937944408535,0.9894807510126667,2.61455015037287,1679.0,1625.0,18.0,4.0,18.0,2.0,0.038411123361509245
primary_trial_zscore,651,1,2,13,651_T1_P1_R2,651_T1_R2_ex13,right_arm,120,trial_zscore,target_rr,identity,False,14.0,-1,0.029339143615005683,0.9750729729031592,5.011683483802443,87.0,0.05353846153846154,3.194276581523625,0.9885438999819183,6.4814124820052506,0.9512246558363497,2.6171200079718884,1679.0,1625.0,18.0,4.0,18.0,2.0,0.04176402903168703
primary_trial_zscore,651,1,2,13,651_T1_P1_R2,651_T1_R2_ex13,left_leg,120,trial_zscore,target_rr,identity,False,14.0,-1,0.029339143615005683,0.9781468757265002,6.014453621346887,73.0,0.04492307692307692,3.49536112094289,0.9894996512799318,8.293245291188569,0.7701084078260696,2.5916487131384573,1679.0,1625.0,18.0,4.0,18.0,2.0,0.050120446844557395
primary_trial_zscore,651,1,2,13,651_T1_P1_R2,651_T1_R2_ex13,right_leg,120,trial_zscore,target_rr,identity,False,14.0,-1,0.029339143615005683,0.9794126004184641,5.9823288103502685,55.0,0.033846153846153845,3.5684496652956974,0.989215509002144,8.092023243528791,0.6631668904353168,2.519996615501864,1679.0,1625.0,18.0,4.0,18.0,2.0,0.04985274008625224
primary_trial_zscore,651,2,1,11,651_T2_P1_R1,651_T2_R1_ex11,trunk_spine,120,trial_zscore,target_rr,identity,False,10.0,-1,0.029065257886218585,0.9780416053792813,4.7003281999495075,42.0,0.03668122270742358,3.0255553046666694,0.9909907543601597,6.44940170940171,1.004368651145829,2.6853573606712153,1199.0,1145.0,18.0,4.0,18.0,2.0,0.0391694016662459
primary_trial_zscore,651,2,1,11,651_T2_P1_R1,651_T2_R1_ex11,left_arm,120,trial_zscore,target_rr,identity,False,10.0,-1,0.029065257886218585,0.9633326329060727,4.271604938271605,25.0,0.021834061135371178,2.8777200097858024,0.9835049380121874,5.843320848938826,0.9828287089720027,2.641452170238419,1199.0,1145.0,18.0,4.0,18.0,2.0,0.03559670781893005
primary_trial_zscore,651,2,1,11,651_T2_P1_R1,651_T2_R1_ex11,right_arm,120,trial_zscore,target_rr,identity,False,10.0,-1,0.029065257886218585,0.9702143307417525,5.182098765432099,60.0,0.05240174672489083,3.2355490929204347,0.9864729985291028,6.951138256524153,0.9581605906244101,2.5879883080328194,1199.0,1145.0,18.0,4.0,18.0,2.0,0.043184156378600826
primary_trial_zscore,651,2,1,11,651_T2_P1_R1,651_T2_R1_ex11,left_leg,120,trial_zscore,target_rr,identity,False,10.0,-1,0.029065257886218585,0.9882853540659803,7.29468786351299,83.0,0.07248908296943231,3.8111692384607547,0.9937749527211599,9.5326278659612,0.8195722274304029,2.6052824158735577,1199.0,1145.0,18.0,4.0,18.0,2.0,0.06078906552927491
primary_trial_zscore,651,2,1,11,651_T2_P1_R1,651_T2_R1_ex11,right_leg,120,trial_zscore,target_rr,identity,False,10.0,-1,0.029065257886218585,0.9878650977096028,6.972562106043752,115.0,0.10043668122270742,3.635363268725431,0.9931183021643203,8.683968764354617,1.0002488054263972,2.631247984031372,1199.0,1145.0,18.0,4.0,18.0,2.0,0.05810468421703127
primary_trial_zscore,651,2,1,13,651_T2_P1_R1,651_T2_R1_ex13,trunk_spine,120,trial_zscore,target_rr,identity,False,14.0,-1,0.029339143615005683,0.9622865704027072,4.115898795713181,49.0,0.030153846153846153,2.7616410643284133,0.9831710278201121,5.615032824371173,0.8821015756582731,2.5284333506950043,1679.0,1625.0,18.0,4.0,18.0,2.0,0.03429915663094318
primary_trial_zscore,651,2,1,13,651_T2_P1_R1,651_T2_R1_ex13,left_arm,120,trial_zscore,target_rr,identity,False,14.0,-1,0.029339143615005683,0.9816599075246042,5.38973195291448,64.0,0.039384615384615386,3.326071254384093,0.9919277761992096,6.973034319956419,0.9602334021273338,2.6358144504605603,1679.0,1625.0,18.0,4.0,18.0,2.0,0.044914432940954
primary_trial_zscore,651,2,1,13,651_T2_P1_R1,651_T2_R1_ex13,right_arm,120,trial_zscore,target_rr,identity,False,14.0,-1,0.029339143615005683,0.9646888642058223,5.253340835560557,52.0,0.032,3.254441271105403,0.9825510810322114,7.12312734082397,0.8572865512189972,2.5251596593692978,1679.0,1625.0,18.0,4.0,18.0,2.0,0.04377784029633798
primary_trial_zscore,651,2,1,13,651_T2_P1_R1,651_T2_R1_ex13,left_leg,120,trial_zscore,target_rr,identity,False,14.0,-1,0.029339143615005683,0.9663420556402242,4.680345302139372,46.0,0.028307692307692308,3.0382101173716687,0.98468214811562,6.3390704248773595,0.9246360786757223,2.6553824642059705,1679.0,1625.0,18.0,4.0,18.0,2.0,0.0390028775178281
primary_trial_zscore,651,2,1,13,651_T2_P1_R1,651_T2_R1_ex13,right_leg,120,trial_zscore,target_rr,identity,False,14.0,-1,0.029339143615005683,0.9687960116756645,5.269776591260363,55.0,0.033846153846153845,3.3156999878463536,0.985560406065146,7.097758348060646,0.8259906771089238,2.6193246715752623,1679.0,1625.0,18.0,4.0,18.0,2.0,0.04391480492716969
primary_trial_zscore,651,2,2,11,651_T2_P1_R2,651_T2_R2_ex11,trunk_spine,120,trial_zscore,target_rr,identity,False,10.0,-1,0.029065257886218585,0.9903866358478672,6.870626822157434,99.0,0.08646288209606987,3.716917756613869,0.9963227568816978,8.132933104631217,1.048561824849173,2.6727267111127793,1199.0,1145.0,18.0,4.0,18.0,2.0,0.05725522351797862
primary_trial_zscore,651,2,2,11,651_T2_P1_R2,651_T2_R2_ex11,left_arm,120,trial_zscore,target_rr,identity,False,10.0,-1,0.029065257886218585,0.9733662534145829,5.347474747474747,79.0,0.06899563318777292,3.287039412140165,0.9878388316873292,6.908339456282145,0.902446654002667,2.5517092524327496,1199.0,1145.0,18.0,4.0,18.0,2.0,0.04456228956228956
primary_trial_zscore,651,2,2,11,651_T2_P1_R2,651_T2_R2_ex11,right_arm,120,trial_zscore,target_rr,identity,False,10.0,-1,0.029065257886218585,0.9652237865097709,5.020218579234973,63.0,0.05502183406113537,3.186305334171798,0.9841090565244799,6.255969277007848,1.0106275621975043,2.666009413755714,1199.0,1145.0,18.0,4.0,18.0,2.0,0.041835154826958106
primary_trial_zscore,651,2,2,11,651_T2_P1_R2,651_T2_R2_ex11,left_leg,120,trial_zscore,target_rr,identity,False,10.0,-1,0.029065257886218585,0.9836625341458289,5.665658093797277,40.0,0.034934497816593885,3.4031201761808183,0.9916211388947258,7.51453025477707,0.8713623502387069,2.550227699417668,1199.0,1145.0,18.0,4.0,18.0,2.0,0.047213817448310644
primary_trial_zscore,651,2,2,11,651_T2_P1_R2,651_T2_R2_ex11,right_leg,120,trial_zscore,target_rr,identity,False,10.0,-1,0.029065257886218585,0.9869195209077537,6.334120026972354,94.0,0.08209606986899563,3.5687058334866864,0.9942477411220845,7.975769068689423,0.9178739275401954,2.569540741652245,1199.0,1145.0,18.0,4.0,18.0,2.0,0.05278433355810295
primary_trial_zscore,651,2,2,13,651_T2_P1_R2,651_T2_R2_ex13,trunk_spine,120,trial_zscore,target_rr,identity,False,14.0,-1,0.029339143615005683,0.9739105726758454,4.796209133698003,66.0,0.040615384615384616,3.104322766063814,0.989215509002144,6.185672750767242,1.08406102911508,2.6822402655114868,1679.0,1625.0,18.0,4.0,18.0,2.0,0.03996840944748336
primary_trial_zscore,651,2,2,13,651_T2_P1_R2,651_T2_R2_ex13,left_arm,120,trial_zscore,target_rr,identity,False,14.0,-1,0.029339143615005683,0.9601942499935422,4.4774753071549025,73.0,0.04492307692307692,2.9641255998574776,0.9826027432645364,5.856285120468017,1.0260841843892767,2.6821854052561562,1679.0,1625.0,18.0,4.0,18.0,2.0,0.03731229422629086
primary_trial_zscore,651,2,2,13,651_T2_P1_R2,651_T2_R2_ex13,right_arm,120,trial_zscore,target_rr,identity,False,14.0,-1,0.029339143615005683,0.9436881667656859,4.398386708403564,48.0,0.029538461538461538,2.921223225898941,0.9738201637692765,5.924799622819425,0.870628116885414,2.6326695254789554,1679.0,1625.0,18.0,4.0,18.0,2.0,0.036653222570029696
primary_trial_zscore,651,2,2,13,651_T2_P1_R2,651_T2_R2_ex13,left_leg,120,trial_zscore,target_rr,identity,False,14.0,-1,0.029339143615005683,0.982873969984243,6.065678303841862,80.0,0.04923076923076923,3.5752886937492865,0.9908816159946271,8.256564786913474,0.5212096598865336,2.462387471736572,1679.0,1625.0,18.0,4.0,18.0,2.0,0.05054731919868218
primary_trial_zscore,651,2,2,13,651_T2_P1_R2,651_T2_R2_ex13,right_leg,120,trial_zscore,target_rr,identity,False,14.0,-1,0.029339143615005683,0.9803941828326402,5.917368256937948,94.0,0.057846153846153846,3.512411330251807,0.9902487536486452,8.14435946462715,0.5705159627687678,2.4911718435518018,1679.0,1625.0,18.0,4.0,18.0,2.0,0.04931140214114957
primary_trial_zscore,651,3,1,11,651_T3_P1_R1,651_T3_R1_ex11,trunk_spine,120,trial_zscore,target_rr,identity,False,10.0,-1,0.029065257886218585,0.9896511872242068,6.518685121107266,81.0,0.07074235807860262,3.6543208580035413,0.9945629333893675,7.244117084369619,0.9959368779619173,2.7275352767596726,1199.0,1145.0,18.0,4.0,18.0,2.0,0.054322376009227215
primary_trial_zscore,651,3,1,11,651_T3_P1_R1,651_T3_R1_ex11,left_arm,120,trial_zscore,target_rr,identity,False,10.0,-1,0.029065257886218585,0.9627022483715066,5.133333333333334,36.0,0.0314410480349345,3.265191529481653,0.9823754990544232,6.915865384615385,0.9678068560165823,2.6774229770929723,1199.0,1145.0,18.0,4.0,18.0,2.0,0.04277777777777778
primary_trial_zscore,651,3,1,11,651_T3_P1_R1,651_T3_R1_ex11,right_arm,120,trial_zscore,target_rr,identity,False,10.0,-1,0.029065257886218585,0.9673776003362051,5.012248230811105,37.0,0.032314410480349345,3.222242516926165,0.9827169573439798,6.701415009851335,1.009386016294729,2.6570195014158875,1199.0,1145.0,18.0,4.0,18.0,2.0,0.041768735256759205
primary_trial_zscore,651,3,1,11,651_T3_P1_R1,651_T3_R1_ex11,left_leg,120,trial_zscore,target_rr,identity,False,10.0,-1,0.029065257886218585,0.9848182391258667,5.356285714285714,46.0,0.04017467248908297,3.2936210726419857,0.9927768438747636,6.8746817024372495,1.1246936602232205,2.718746788372063,1199.0,1145.0,18.0,4.0,18.0,2.0,0.044635714285714286
primary_trial_zscore,651,3,1,11,651_T3_P1_R1,651_T3_R1_ex11,right_leg,120,trial_zscore,target_rr,identity,False,10.0,-1,0.029065257886218585,0.9870771170413952,6.474844934527912,83.0,0.07248908296943231,3.673973281132064,0.9932233662534146,7.954143878838873,1.0088822761493321,2.712348230776787,1199.0,1145.0,18.0,4.0,18.0,2.0,0.05395704112106593
primary_trial_zscore,651,3,1,13,651_T3_P1_R1,651_T3_R1_ex13,trunk_spine,120,trial_zscore,target_rr,identity,False,12.0,-1,0.029225183113874918,0.9817565155301679,5.160255207355977,66.0,0.047653429602888084,3.20733718906098,0.9921635130310603,6.872882403858044,0.964254710978898,2.6589528575676904,1439.0,1385.0,18.0,4.0,18.0,2.0,0.04300212672796647
primary_trial_zscore,651,3,1,13,651_T3_P1_R1,651_T3_R1_ex13,left_arm,120,trial_zscore,target_rr,identity,False,12.0,-1,0.029225183113874918,0.9785433773652267,5.4599601593625495,48.0,0.034657039711191336,3.3861179394457195,0.9907176008568368,7.3432124900767395,0.95298904260034,2.6917796322801664,1439.0,1385.0,18.0,4.0,18.0,2.0,0.045499667994687916
primary_trial_zscore,651,3,1,13,651_T3_P1_R1,651_T3_R1_ex13,right_arm,120,trial_zscore,target_rr,identity,False,12.0,-1,0.029225183113874918,0.9768654052124242,5.302713178294574,51.0,0.0368231046931408,3.315144034790188,0.9891824348446984,7.0091070073362,0.9640466615983861,2.642538330852203,1439.0,1385.0,18.0,4.0,18.0,2.0,0.04418927648578811
primary_trial_zscore,651,3,1,13,651_T3_P1_R1,651_T3_R1_ex13,left_leg,120,trial_zscore,target_rr,identity,False,12.0,-1,0.029225183113874918,0.982292038557658,5.909364261168385,90.0,0.06498194945848375,3.510614267920078,0.9916458407711531,7.965586464009177,0.6532779293853896,2.4009771663286883,1439.0,1385.0,18.0,4.0,18.0,2.0,0.049244702176403206
primary_trial_zscore,651,3,1,13,651_T3_P1_R1,651_T3_R1_ex13,right_leg,120,trial_zscore,target_rr,identity,False,12.0,-1,0.029225183113874918,0.979471617279543,5.5784871899146,49.0,0.03537906137184116,3.4336268672590533,0.9898429132452695,7.269402202412166,0.716497040537146,2.4826199479921125,1439.0,1385.0,18.0,4.0,18.0,2.0,0.04648739324928833
primary_trial_zscore,651,3,2,11,651_T3_P1_R2,651_T3_R2_ex11,trunk_spine,120,trial_zscore,target_rr,identity,False,10.0,-1,0.029065257886218585,0.9924353855852069,6.790797987059669,65.0,0.056768558951965066,3.7305138160467566,0.9953771800798487,8.200822332828393,0.8794046274081004,2.6683698866974037,1199.0,1145.0,18.0,4.0,18.0,2.0,0.05658998322549724
primary_trial_zscore,651,3,2,11,651_T3_P1_R2,651_T3_R2_ex11,left_arm,120,trial_zscore,target_rr,identity,False,10.0,-1,0.029065257886218585,0.9656440428661484,5.2132728304027225,54.0,0.04716157205240175,3.2797194362866517,0.984292918680395,6.952504638218924,1.0199305020821219,2.6785666702570228,1199.0,1145.0,18.0,4.0,18.0,2.0,0.043443940253356024
primary_trial_zscore,651,3,2,11,651_T3_P1_R2,651_T3_R2_ex11,right_arm,120,trial_zscore,target_rr,identity,False,10.0,-1,0.029065257886218585,0.9803004832948098,5.562146050670641,64.0,0.05589519650655022,3.367733127876417,0.9908331582265182,7.382191780821918,0.8832941079571992,2.6440595652198544,1199.0,1145.0,18.0,4.0,18.0,2.0,0.04635121708892201
primary_trial_zscore,651,3,2,11,651_T3_P1_R2,651_T3_R2_ex11,left_leg,120,trial_zscore,target_rr,identity,False,10.0,-1,0.029065257886218585,0.9889157386005464,6.568387997208653,49.0,0.04279475982532751,3.694230092919204,0.9936698886320655,8.901411764705882,0.6828458439421237,2.59235636610743,1199.0,1145.0,18.0,4.0,18.0,2.0,0.05473656664340544
primary_trial_zscore,651,3,2,11,651_T3_P1_R2,651_T3_R2_ex11,right_leg,120,trial_zscore,target_rr,identity,False,10.0,-1,0.029065257886218585,0.9787245219583947,5.31858407079646,56.0,0.04890829694323144,3.276233981319377,0.9901765076696785,7.322843822843823,0.8076393334725294,2.672812165161457,1199.0,1145.0,18.0,4.0,18.0,2.0,0.04432153392330383
primary_trial_zscore,651,3,2,13,651_T3_P1_R2,651_T3_R2_ex13,trunk_spine,120,trial_zscore,target_rr,identity,False,12.0,-1,0.029225183113874918,0.9808996786861836,4.993638676844784,59.0,0.04259927797833935,3.1809717234191286,0.9916279900035702,6.649628920277712,0.9932849399868062,2.629467847523091,1439.0,1385.0,18.0,4.0,18.0,2.0,0.0416136556403732
primary_trial_zscore,651,3,2,13,651_T3_P1_R2,651_T3_R2_ex13,left_arm,120,trial_zscore,target_rr,identity,False,12.0,-1,0.029225183113874918,0.985540878257765,7.022386161282117,58.0,0.04187725631768953,3.8445985893455443,0.9919671545876473,9.032834850455137,0.9077620159433645,2.6612243748504407,1439.0,1385.0,18.0,4.0,18.0,2.0,0.05851988467735097
primary_trial_zscore,651,3,2,13,651_T3_P1_R2,651_T3_R2_ex13,right_arm,120,trial_zscore,target_rr,identity,False,12.0,-1,0.029225183113874918,0.9684398429132453,5.2784588441331,51.0,0.0368231046931408,3.2978758713937166,0.9857550874687612,7.018556176919167,0.945371509904017,2.6634472368557165,1439.0,1385.0,18.0,4.0,18.0,2.0,0.043987157034442496
primary_trial_zscore,651,3,2,13,651_T3_P1_R2,651_T3_R2_ex13,left_leg,120,trial_zscore,target_rr,identity,False,12.0,-1,0.029225183113874918,0.9861121028204213,7.053370786516854,67.0,0.04837545126353791,3.8087977619961464,0.9921456622634773,9.266422140713571,0.653228313657977,2.561430960566332,1439.0,1385.0,18.0,4.0,18.0,2.0,0.058778089887640446
primary_trial_zscore,651,3,2,13,651_T3_P1_R2,651_T3_R2_ex13,right_leg,120,trial_zscore,target_rr,identity,False,12.0,-1,0.029225183113874918,0.9873616565512316,6.045027322404372,51.0,0.0368231046931408,3.554159629890583,0.9934666190646197,7.973352435530086,0.5740778236365511,2.4533439813898514,1439.0,1385.0,18.0,4.0,18.0,2.0,0.0503752276867031
primary_trial_zscore,790,1,1,11,790_T1_P1_R1,790_T1_R1_ex11,trunk_spine,120,trial_zscore,target_rr,identity,False,10.0,-1,0.029065257886218585,0.9924353855852069,7.667207792207792,61.0,0.05327510917030567,3.984436545896898,0.9956135742803109,8.999287749287749,0.892214950439725,2.6931012577223408,1199.0,1145.0,18.0,4.0,18.0,2.0,0.06389339826839827
primary_trial_zscore,790,1,1,11,790_T1_P1_R1,790_T1_R1_ex11,left_arm,120,trial_zscore,target_rr,identity,False,10.0,-1,0.029065257886218585,0.9792498424038664,6.517832167832168,55.0,0.048034934497816595,3.69427791516819,0.9892571968901029,8.841079812206573,0.6970176139079928,2.5232664632195987,1199.0,1145.0,18.0,4.0,18.0,2.0,0.05431526806526807
primary_trial_zscore,790,1,1,11,790_T1_P1_R1,790_T1_R1_ex11,right_arm,120,trial_zscore,target_rr,identity,False,10.0,-1,0.029065257886218585,0.9782517335574701,5.653309046751669,58.0,0.050655021834061134,3.399099981163299,0.9892046648455558,7.4179633641914515,0.9600513327341282,2.5557404547053304,1199.0,1145.0,18.0,4.0,18.0,2.0,0.047110908722930576
primary_trial_zscore,790,1,1,11,790_T1_P1_R1,790_T1_R1_ex11,left_leg,120,trial_zscore,target_rr,identity,False,10.0,-1,0.029065257886218585,0.9894410590460181,8.01148447469162,76.0,0.06637554585152838,4.0175601054796894,0.9943528052111789,10.443310344827585,0.7487529334027313,2.6110012143797774,1199.0,1145.0,18.0,4.0,18.0,2.0,0.06676237062243016
primary_trial_zscore,790,1,1,11,790_T1_P1_R1,790_T1_R1_ex11,right_leg,120,trial_zscore,target_rr,identity,False,10.0,-1,0.029065257886218585,0.993328430342509,8.548372513562388,80.0,0.06986899563318777,4.0941781671620845,0.9957974364362261,10.435452793834298,0.7858358232482536,2.639769419561836,1199.0,1145.0,18.0,4.0,18.0,2.0,0.0712364376130199
primary_trial_zscore,790,1,1,13,790_T1_P1_R1,790_T1_R1_ex13,trunk_spine,120,trial_zscore,target_rr,identity,False,14.0,-1,0.029339143615005683,0.9399426549221191,5.29665211062591,53.0,0.032615384615384616,3.3055329865153746,0.9698034252060032,7.226948989412897,0.7676444264559438,2.488184340824619,1679.0,1625.0,18.0,4.0,18.0,2.0,0.04413876758854925
primary_trial_zscore,790,1,1,13,790_T1_P1_R1,790_T1_R1_ex13,left_arm,120,trial_zscore,target_rr,identity,False,14.0,-1,0.029339143615005683,0.9653604732260481,5.486200822078684,68.0,0.041846153846153845,3.3682675927615664,0.983506832330225,7.3206114208806,0.7549524626301662,2.600502290257135,1679.0,1625.0,18.0,4.0,18.0,2.0,0.045718340183989035
primary_trial_zscore,790,1,1,13,790_T1_P1_R1,790_T1_R1_ex13,right_arm,120,trial_zscore,target_rr,identity,False,14.0,-1,0.029339143615005683,0.9717149278020303,4.791491529741434,53.0,0.032615384615384616,3.108051839828547,0.9868390463151913,6.55628968594474,0.833753210686987,2.590780375931058,1679.0,1625.0,18.0,4.0,18.0,2.0,0.039929096081178624
primary_trial_zscore,790,1,1,13,790_T1_P1_R1,790_T1_R1_ex13,left_leg,120,trial_zscore,target_rr,identity,False,14.0,-1,0.029339143615005683,0.9561645958721876,5.339873052510098,85.0,0.052307692307692305,3.3185788920837367,0.9783664402138816,7.3673409842443105,0.34708784648643953,2.247125116909799,1679.0,1625.0,18.0,4.0,18.0,2.0,0.04449894210425082
primary_trial_zscore,790,1,1,13,790_T1_P1_R1,790_T1_R1_ex13,right_leg,120,trial_zscore,target_rr,identity,False,14.0,-1,0.029339143615005683,0.8828300570867668,5.685742804857761,53.0,0.032615384615384616,3.394547441877713,0.9385606902074238,7.94283528254454,0.44048216950089003,2.2893480458214204,1679.0,1625.0,18.0,4.0,18.0,2.0,0.047381190040481344
primary_trial_zscore,790,1,2,11,790_T1_P1_R2,790_T1_R2_ex11,trunk_spine,120,trial_zscore,target_rr,identity,False,10.0,-1,0.029065257886218585,0.9947993275898298,9.126265060240964,126.0,0.11004366812227075,4.179961812455498,0.997268333683547,9.0121053880845,0.8036587401522607,2.647234997480198,1199.0,1145.0,18.0,4.0,18.0,2.0,0.07605220883534138
primary_trial_zscore,790,1,2,11,790_T1_P1_R2,790_T1_R2_ex11,left_arm,120,trial_zscore,target_rr,identity,False,10.0,-1,0.029065257886218585,0.982769489388527,6.800436205016358,114.0,0.09956331877729258,3.685268094776671,0.9924353855852069,8.724082198106673,0.9230455509370967,2.6915839341943655,1199.0,1145.0,18.0,4.0,18.0,2.0,0.05667030170846965
primary_trial_zscore,790,1,2,11,790_T1_P1_R2,790_T1_R2_ex11,right_arm,120,trial_zscore,target_rr,identity,False,10.0,-1,0.029065257886218585,0.9883904181550746,7.472200158856235,99.0,0.08646288209606987,3.8560113556301143,0.9936961546543391,9.628913209468058,0.8655306965246242,2.626123477778898,1199.0,1145.0,18.0,4.0,18.0,2.0,0.06226833465713529
primary_trial_zscore,790,1,2,11,790_T1_P1_R2,790_T1_R2_ex11,left_leg,120,trial_zscore,target_rr,identity,False,10.0,-1,0.029065257886218585,0.9932233662534146,7.414509803921568,74.0,0.06462882096069869,3.899873852117497,0.9953771800798487,9.476369092273067,0.7734163530550523,2.5606078817107565,1199.0,1145.0,18.0,4.0,18.0,2.0,0.0617875816993464
primary_trial_zscore,790,1,2,11,790_T1_P1_R2,790_T1_R2_ex11,right_leg,120,trial_zscore,target_rr,identity,False,10.0,-1,0.029065257886218585,0.9940638789661693,8.066069906223358,85.0,0.07423580786026202,3.9804306829829383,0.9966116831267073,9.401139742319128,0.8141279650481985,2.6515124139643738,1199.0,1145.0,18.0,4.0,18.0,2.0,0.06721724921852798
primary_trial_zscore,790,1,2,13,790_T1_P1_R2,790_T1_R2_ex13,trunk_spine,120,trial_zscore,target_rr,identity,False,14.0,-1,0.029339143615005683,0.9870844419187353,6.108216112531969,59.0,0.036307692307692305,3.5352429480567116,0.9942267455376746,8.177076694285107,0.8596281794535353,2.629717411930297,1679.0,1625.0,18.0,4.0,18.0,2.0,0.05090180093776641
primary_trial_zscore,790,1,2,13,790_T1_P1_R2,790_T1_R2_ex13,left_arm,120,trial_zscore,target_rr,identity,False,14.0,-1,0.029339143615005683,0.9734714437010823,4.986239745964541,69.0,0.04246153846153846,3.1787319990131686,0.9873944153126857,6.7577123663042515,0.9025195423475751,2.610051293849429,1679.0,1625.0,18.0,4.0,18.0,2.0,0.041551997883037844
primary_trial_zscore,790,1,2,13,790_T1_P1_R2,790_T1_R2_ex13,right_arm,120,trial_zscore,target_rr,identity,False,14.0,-1,0.029339143615005683,0.9876268953581484,7.330138036809816,115.0,0.07076923076923076,3.802432351521825,0.994342985560406,9.83495145631068,0.7680709840038923,2.608183814504752,1679.0,1625.0,18.0,4.0,18.0,2.0,0.0610844836400818
primary_trial_zscore,790,1,2,13,790_T1_P1_R2,790_T1_R2_ex13,left_leg,120,trial_zscore,target_rr,identity,False,14.0,-1,0.029339143615005683,0.9829514633327306,6.446383194985601,99.0,0.06092307692307692,3.663799334659185,0.991656549479503,8.804036234376792,0.7057417455440506,2.555842305012336,1679.0,1625.0,18.0,4.0,18.0,2.0,0.053719859958213344
primary_trial_zscore,790,1,2,13,790_T1_P1_R2,790_T1_R2_ex13,right_leg,120,trial_zscore,target_rr,identity,False,14.0,-1,0.029339143615005683,0.9846046547671324,6.404065860215054,89.0,0.05476923076923077,3.586862667944002,0.9921085940123473,8.678680375098859,0.8304796327745926,2.6030480088554113,1679.0,1625.0,18.0,4.0,18.0,2.0,0.05336721550179212
primary_trial_zscore,790,2,1,11,790_T2_P1_R1,790_T2_R1_ex11,trunk_spine,120,trial_zscore,target_rr,identity,False,8.0,-1,0.028819733046496845,0.9947408601238442,8.2006993006993,63.0,0.06961325966850829,4.027072558555065,0.9959284078378149,9.695293146160198,0.8662642244398465,2.664424006650263,959.0,905.0,18.0,4.0,18.0,2.0,0.06833916083916083
primary_trial_zscore,790,2,1,11,790_T2_P1_R1,790_T2_R1_ex11,left_arm,120,trial_zscore,target_rr,identity,False,8.0,-1,0.028819733046496845,0.9877003986767325,8.08611111111111,50.0,0.055248618784530384,4.031528377001145,0.9920688777674103,9.693742229589722,0.8317290990780688,2.6845167871466495,959.0,905.0,18.0,4.0,18.0,2.0,0.06738425925925925
primary_trial_zscore,790,2,1,11,790_T2_P1_R1,790_T2_R1_ex11,right_arm,120,trial_zscore,target_rr,identity,False,8.0,-1,0.028819733046496845,0.992789888879464,7.7101449275362315,61.0,0.06740331491712707,3.953292848094412,0.9962677071846636,9.36229573535273,0.904687755527139,2.653541163210654,959.0,905.0,18.0,4.0,18.0,2.0,0.0642512077294686
primary_trial_zscore,790,2,1,11,790_T2_P1_R1,790_T2_R1_ex11,left_leg,120,trial_zscore,target_rr,identity,False,8.0,-1,0.028819733046496845,0.9904996182882347,6.868823529411765,42.0,0.04640883977900553,3.7605100317959606,0.9934260751548053,8.474312590448625,1.0879744955727206,2.765998306317269,959.0,905.0,18.0,4.0,18.0,2.0,0.05724019607843137
primary_trial_zscore,790,2,1,11,790_T2_P1_R1,790_T2_R1_ex11,right_leg,120,trial_zscore,target_rr,identity,False,8.0,-1,0.028819733046496845,0.992365764695903,8.453034682080926,71.0,0.07845303867403315,4.0670487806275375,0.9963525320213759,9.400560224089636,0.9197918923380382,2.696319165357835,959.0,905.0,18.0,4.0,18.0,2.0,0.07044195568400771
primary_trial_zscore,790,2,1,13,790_T2_P1_R1,790_T2_R1_ex13,trunk_spine,120,trial_zscore,target_rr,identity,False,14.0,-1,0.029339143615005683,0.9864903262469972,6.407718120805369,78.0,0.048,3.624546812829787,0.9934388964947175,7.995634095634095,0.9937687532184291,2.650337900641907,1679.0,1625.0,18.0,4.0,18.0,2.0,0.053397651006711414
primary_trial_zscore,790,2,1,13,790_T2_P1_R1,790_T2_R1_ex13,left_arm,120,trial_zscore,target_rr,identity,False,14.0,-1,0.029339143615005683,0.9817632319892543,5.44201030927835,56.0,0.03446153846153846,3.3789804755392634,0.9906878826234081,7.044911829537105,0.8755951037944639,2.6200790444384174,1679.0,1625.0,18.0,4.0,18.0,2.0,0.04535008591065292
primary_trial_zscore,790,2,1,13,790_T2_P1_R1,790_T2_R1_ex13,right_arm,120,trial_zscore,target_rr,identity,False,14.0,-1,0.029339143615005683,0.9823056854286674,6.579238754325259,66.0,0.040615384615384616,3.691455808585317,0.9905974737168393,8.654705484089371,0.748808220338487,2.548944268071488,1679.0,1625.0,18.0,4.0,18.0,2.0,0.05482698961937716
primary_trial_zscore,790,2,1,13,790_T2_P1_R1,790_T2_R1_ex13,left_leg,120,trial_zscore,target_rr,identity,False,14.0,-1,0.029339143615005683,0.9723090434737685,5.271848739495798,75.0,0.046153846153846156,3.3144430662081716,0.986632397385891,7.189741176470588,0.7717610181808278,2.5109024933812494,1679.0,1625.0,18.0,4.0,18.0,2.0,0.043932072829131655
primary_trial_zscore,790,2,1,13,790_T2_P1_R1,790_T2_R1_ex13,right_leg,120,trial_zscore,target_rr,identity,False,14.0,-1,0.029339143615005683,0.9768811510345362,5.675821701936065,55.0,0.033846153846153845,3.441007674410862,0.9884922377495932,7.575472631891517,0.6357380039329454,2.3281906563087973,1679.0,1625.0,18.0,4.0,18.0,2.0,0.04729851418280054
primary_trial_zscore,790,2,2,11,790_T2_P1_R2,790_T2_R2_ex11,trunk_spine,120,trial_zscore,target_rr,identity,False,10.0,-1,0.029065257886218585,0.9918575330951881,7.659634888438134,76.0,0.06637554585152838,3.9596571111732235,0.9953246480353015,8.163291684618699,0.9707025641018423,2.689984400171,1199.0,1145.0,18.0,4.0,18.0,2.0,0.06383029073698446
primary_trial_zscore,790,2,2,11,790_T2_P1_R2,790_T2_R2_ex11,left_arm,120,trial_zscore,target_rr,identity,False,10.0,-1,0.029065257886218585,0.9854486236604328,6.068909737948884,62.0,0.05414847161572053,3.5680223786491596,0.9929607060306788,7.253261703760552,0.9798847909555739,2.6755944171155654,1199.0,1145.0,18.0,4.0,18.0,2.0,0.050574247816240696
primary_trial_zscore,790,2,2,11,790_T2_P1_R2,790_T2_R2_ex11,right_arm,120,trial_zscore,target_rr,identity,False,10.0,-1,0.029065257886218585,0.9881802899768859,6.025304292120436,41.0,0.03580786026200873,3.53941110069081,0.9938537507879807,8.188270937026617,0.9824333691964513,2.6778390185861745,1199.0,1145.0,18.0,4.0,18.0,2.0,0.05021086910100363
primary_trial_zscore,790,2,2,11,790_T2_P1_R2,790_T2_R2_ex11,left_leg,120,trial_zscore,target_rr,identity,False,10.0,-1,0.029065257886218585,0.9841878545913006,5.479672418835917,57.0,0.04978165938864629,3.3537473589407156,0.9920151292288296,7.323637773899554,0.8046757362639833,2.5553589165302983,1199.0,1145.0,18.0,4.0,18.0,2.0,0.04566393682363264
primary_trial_zscore,790,2,2,11,790_T2_P1_R2,790_T2_R2_ex11,right_leg,120,trial_zscore,target_rr,identity,False,10.0,-1,0.029065257886218585,0.9884429501996218,5.998087344596748,49.0,0.04279475982532751,3.5412345906251326,0.993827484765707,8.04357993197279,0.7189468996961178,2.5847818828841937,1199.0,1145.0,18.0,4.0,18.0,2.0,0.0499840612049729
primary_trial_zscore,790,2,2,13,790_T2_P1_R2,790_T2_R2_ex13,trunk_spine,120,trial_zscore,target_rr,identity,False,16.0,-1,0.02942388015050225,0.9750117315814172,4.678300028145229,47.0,0.02520107238605898,3.0454880542537164,0.9881119974972626,6.153921091086215,1.001867363371425,2.6710778839027203,1919.0,1865.0,18.0,4.0,18.0,2.0,0.03898583356787691
primary_trial_zscore,790,2,2,13,790_T2_P1_R2,790_T2_R2_ex13,left_arm,120,trial_zscore,target_rr,identity,False,16.0,-1,0.02942388015050225,0.9759893633661818,5.745395948434623,99.0,0.05308310991957105,3.441153234281916,0.9888647739715314,7.732512804831435,0.8161933610629772,2.598164257833866,1919.0,1865.0,18.0,4.0,18.0,2.0,0.047878299570288524
primary_trial_zscore,790,2,2,13,790_T2_P1_R2,790_T2_R2_ex13,right_arm,120,trial_zscore,target_rr,identity,False,16.0,-1,0.02942388015050225,0.9760675739089629,5.279746166049709,49.0,0.026273458445040216,3.3224572917245903,0.9895002346316284,7.256524232864927,0.7705399770965295,2.567611129737718,1919.0,1865.0,18.0,4.0,18.0,2.0,0.04399788471708091
primary_trial_zscore,790,2,2,13,790_T2_P1_R2,790_T2_R2_ex13,left_leg,120,trial_zscore,target_rr,identity,False,16.0,-1,0.02942388015050225,0.9672688878460817,5.0495049504950495,61.0,0.032707774798927614,3.2385770469873756,0.9853159705928359,6.844550084889644,0.8568023255143589,2.6030579213952567,1919.0,1865.0,18.0,4.0,18.0,2.0,0.04207920792079208
primary_trial_zscore,790,2,2,13,790_T2_P1_R2,790_T2_R2_ex13,right_leg,120,trial_zscore,target_rr,identity,False,16.0,-1,0.02942388015050225,0.9658806507117159,4.82365003417635,61.0,0.032707774798927614,3.1143058046045806,0.9834291412482402,6.426846409404549,0.7664372168290616,2.5571353048189547,1919.0,1865.0,18.0,4.0,18.0,2.0,0.04019708361813625
primary_trial_zscore,790,3,1,11,790_T3_P1_R1,790_T3_R1_ex11,trunk_spine,120,trial_zscore,target_rr,identity,False,10.0,-1,0.029065257886218585,0.9915948728724522,6.466598150051388,36.0,0.0314410480349345,3.678102496159356,0.9955085101912167,8.757162661737523,0.7973512204248657,2.5981883240234445,1199.0,1145.0,18.0,4.0,18.0,2.0,0.0538883179170949
primary_trial_zscore,790,3,1,11,790_T3_P1_R1,790_T3_R1_ex11,left_arm,120,trial_zscore,target_rr,identity,False,10.0,-1,0.029065257886218585,0.990649296070603,6.513989637305699,34.0,0.029694323144104803,3.6899085165105046,0.99516705190166,8.176089771255935,0.8999920819545544,2.6436388488090126,1199.0,1145.0,18.0,4.0,18.0,2.0,0.054283246977547495
primary_trial_zscore,790,3,1,11,790_T3_P1_R1,790_T3_R1_ex11,right_arm,120,trial_zscore,target_rr,identity,False,10.0,-1,0.029065257886218585,0.9901765076696785,7.059550561797753,115.0,0.10043668122270742,3.767224501240265,0.9941426770329901,9.098317307692307,0.977575745156241,2.6322337189105554,1199.0,1145.0,18.0,4.0,18.0,2.0,0.058829588014981275
primary_trial_zscore,790,3,1,11,790_T3_P1_R1,790_T3_R1_ex11,left_leg,120,trial_zscore,target_rr,identity,False,10.0,-1,0.029065257886218585,0.9925404496743013,7.462085308056872,82.0,0.07161572052401746,3.858645990974202,0.9958237024584997,9.419378881987578,0.7675287040293077,2.46473028971599,1199.0,1145.0,18.0,4.0,18.0,2.0,0.062184044233807266
primary_trial_zscore,790,3,1,11,790_T3_P1_R1,790_T3_R1_ex11,right_leg,120,trial_zscore,target_rr,identity,False,10.0,-1,0.029065257886218585,0.9929081739861315,8.852927400468385,53.0,0.0462882096069869,4.190081446763525,0.9961388947257828,10.960982658959537,0.5931693917916134,2.340971704825488,1199.0,1145.0,18.0,4.0,18.0,2.0,0.0737743950039032
primary_trial_zscore,790,3,1,13,790_T3_P1_R1,790_T3_R1_ex13,trunk_spine,120,trial_zscore,target_rr,identity,False,18.0,-1,0.02948935632163146,0.9482719017503024,4.410298411794032,44.0,0.020902612826603325,2.9481577915251713,0.9753074131356906,6.133227406230439,1.0013990737835343,2.6665578812888673,2159.0,2105.0,18.0,4.0,18.0,2.0,0.036752486764950264
primary_trial_zscore,790,3,1,13,790_T3_P1_R1,790_T3_R1_ex13,left_arm,120,trial_zscore,target_rr,identity,False,18.0,-1,0.02948935632163146,0.9713030029248273,4.984205563413484,64.0,0.030403800475059382,3.201735560616198,0.9867157710978056,6.5473251028806585,0.9625387437858207,2.626144667409786,2159.0,2105.0,18.0,4.0,18.0,2.0,0.041535046361779036
primary_trial_zscore,790,3,1,13,790_T3_P1_R1,790_T3_R1_ex13,right_arm,120,trial_zscore,target_rr,identity,False,18.0,-1,0.02948935632163146,0.983323890173499,6.144292412209358,72.0,0.0342042755344418,3.583253653138216,0.9915011561490283,7.914919625939735,0.912191409741968,2.6375099212261537,2159.0,2105.0,18.0,4.0,18.0,2.0,0.05120243676841132
primary_trial_zscore,790,3,1,13,790_T3_P1_R1,790_T3_R1_ex13,left_leg,120,trial_zscore,target_rr,identity,False,18.0,-1,0.02948935632163146,0.9644273616832305,5.254463540797597,57.0,0.027078384798099764,3.275740251947479,0.9826883910386965,6.9443242073368685,0.8125329742424606,2.5796769683061607,2159.0,2105.0,18.0,4.0,18.0,2.0,0.04378719617331331
primary_trial_zscore,790,3,1,13,790_T3_P1_R1,790_T3_R1_ex13,right_leg,120,trial_zscore,target_rr,identity,False,18.0,-1,0.02948935632163146,0.9709354853528934,5.423866552609067,81.0,0.03847980997624703,3.3593298792174306,0.9854753992925287,7.395793828650233,0.7142598492338541,2.6039582311720415,2159.0,2105.0,18.0,4.0,18.0,2.0,0.04519888793840889
primary_trial_zscore,790,3,2,11,790_T3_P1_R2,790_T3_R2_ex11,trunk_spine,120,trial_zscore,target_rr,identity,False,10.0,-1,0.029065257886218585,0.99275057785249,7.8026424442609414,65.0,0.056768558951965066,4.024279542858822,0.9953509140575751,9.13132530120482,0.9794253186246304,2.7021245482749197,1199.0,1145.0,18.0,4.0,18.0,2.0,0.06502202036884118
primary_trial_zscore,790,3,2,11,790_T3_P1_R2,790_T3_R2_ex11,left_arm,120,trial_zscore,target_rr,identity,False,10.0,-1,0.029065257886218585,0.9911746165160749,8.049488054607508,77.0,0.06724890829694323,4.0157619797252275,0.9951933179239336,9.80564182194617,0.9310698109939901,2.694032464050732,1199.0,1145.0,18.0,4.0,18.0,2.0,0.06707906712172923
primary_trial_zscore,790,3,2,11,790_T3_P1_R2,790_T3_R2_ex11,right_arm,120,trial_zscore,target_rr,identity,False,10.0,-1,0.029065257886218585,0.965854171044337,6.878413767302656,92.0,0.08034934497816594,3.646544135664936,0.9825330951880648,8.687180678123548,0.6955959985069616,2.553770362083367,1199.0,1145.0,18.0,4.0,18.0,2.0,0.05732011472752214
primary_trial_zscore,790,3,2,11,790_T3_P1_R2,790_T3_R2_ex11,left_leg,120,trial_zscore,target_rr,identity,False,10.0,-1,0.029065257886218585,0.9817713805421306,5.903032217308907,42.0,0.03668122270742358,3.5016856561907987,0.9908068922042446,7.9987277353689565,0.9165226634611253,2.600493962846435,1199.0,1145.0,18.0,4.0,18.0,2.0,0.049191935144240896
primary_trial_zscore,790,3,2,11,790_T3_P1_R2,790_T3_R2_ex11,right_leg,120,trial_zscore,target_rr,identity,False,10.0,-1,0.029065257886218585,0.9785143937802059,5.334192439862543,45.0,0.039301310043668124,3.31320382713981,0.9887581424669049,7.031004856182293,1.0704992109609022,2.718483368061275,1199.0,1145.0,18.0,4.0,18.0,2.0,0.044451603665521186
primary_trial_zscore,790,3,2,13,790_T3_P1_R2,790_T3_R2_ex13,trunk_spine,120,trial_zscore,target_rr,identity,False,12.0,-1,0.029225183113874918,0.9312745448054266,4.32300298309579,42.0,0.03032490974729242,2.907916131910468,0.9667261692252767,5.859136643946771,0.9146255304020507,2.5878938939063048,1439.0,1385.0,18.0,4.0,18.0,2.0,0.03602502485913159
primary_trial_zscore,790,3,2,13,790_T3_P1_R2,790_T3_R2_ex13,left_arm,120,trial_zscore,target_rr,identity,False,12.0,-1,0.029225183113874918,0.9831845769368083,5.995863270193773,62.0,0.044765342960288806,3.5295482718796847,0.9924312745448054,7.916275096112773,0.8767750843677586,2.641582845560519,1439.0,1385.0,18.0,4.0,18.0,2.0,0.04996552725161477
primary_trial_zscore,790,3,2,13,790_T3_P1_R2,790_T3_R2_ex13,right_arm,120,trial_zscore,target_rr,identity,False,12.0,-1,0.029225183113874918,0.9771153159585863,6.019133494611832,53.0,0.038267148014440436,3.552465378727549,0.9873973580863977,8.36822995461422,0.7794708640230904,2.509090384431814,1439.0,1385.0,18.0,4.0,18.0,2.0,0.05015944578843193
primary_trial_zscore,790,3,2,13,790_T3_P1_R2,790_T3_R2_ex13,left_leg,120,trial_zscore,target_rr,identity,False,12.0,-1,0.029225183113874918,0.9802213495180293,9.222707423580786,81.0,0.05848375451263538,4.171368668977419,0.9904676901106748,11.945317545748116,0.6122583508804869,2.6210378839474675,1439.0,1385.0,18.0,4.0,18.0,2.0,0.07685589519650655
primary_trial_zscore,790,3,2,13,790_T3_P1_R2,790_T3_R2_ex13,right_leg,120,trial_zscore,target_rr,identity,False,12.0,-1,0.029225183113874918,0.9600856836843984,5.081632653061225,44.0,0.03176895306859206,3.2140882899190686,0.9819350232059979,7.115250291036088,0.724482446762363,2.6346694917581615,1439.0,1385.0,18.0,4.0,18.0,2.0,0.042346938775510205
surr_full_shuffle,651,1,1,11,651_T1_P1_R1,651_T1_R1_ex11,trunk_spine,120,amp_preserving,fixed_mean_rescaled,full_shuffle,False,10.0,-1,0.019762115613643997,0.04017615699605965,2.0233463035019454,3.0,0.0026200873362445414,0.15983775134963416,0.06385691107162172,2.010948905109489,10.555004415581644,30.157155473090413,1199.0,1145.0,18.0,4.0,18.0,2.0,0.016861219195849545
surr_full_shuffle,651,1,1,11,651_T1_P1_R1,651_T1_R1_ex11,left_arm,120,amp_preserving,fixed_mean_rescaled,full_shuffle,False,10.0,-1,0.02011634653556051,0.04500948766603415,2.0238907849829353,3.0,0.0026200873362445414,0.16276133642558374,0.08751423149905123,2.0700179533213645,22.105247129191948,63.157848940548426,1199.0,1145.0,18.0,4.0,18.0,2.0,0.01686575654152446
surr_full_shuffle,651,1,1,11,651_T1_P1_R1,651_T1_R1_ex11,right_arm,120,amp_preserving,fixed_mean_rescaled,full_shuffle,False,10.0,-1,0.01893913946315693,0.03805224121251209,2.0257510729613735,3.0,0.0026200873362445414,0.1726141205368354,0.058207029990325704,2.011142061281337,29.567119346218096,84.47748384633742,1199.0,1145.0,18.0,4.0,18.0,2.0,0.01688125894134478
surr_full_shuffle,651,1,1,11,651_T1_P1_R1,651_T1_R1_ex11,left_leg,120,amp_preserving,fixed_mean_rescaled,full_shuffle,False,10.0,-1,0.03310990319723944,0.05589116901083698,2.0438448566610457,4.0,0.0034934497816593887,0.25836422783502555,0.1052340327415264,2.0356824264049957,9.90147352989975,28.289924371142146,1199.0,1145.0,18.0,4.0,18.0,2.0,0.01703204047217538
surr_full_shuffle,651,1,1,11,651_T1_P1_R1,651_T1_R1_ex11,right_leg,120,amp_preserving,fixed_mean_rescaled,full_shuffle,False,10.0,-1,0.04510031453262894,0.09560566050511206,2.064327485380117,4.0,0.0034934497816593887,0.34954765321856673,0.16060667614598145,2.155873665076119,12.566231331034906,35.90351808867116,1199.0,1145.0,18.0,4.0,18.0,2.0,0.01720272904483431
surr_full_shuffle,651,1,1,13,651_T1_P1_R1,651_T1_R1_ex13,trunk_spine,120,amp_preserving,fixed_mean_rescaled,full_shuffle,False,12.0,-1,0.026646981490369568,0.0568150671521986,2.035063113604488,3.0,0.0021660649819494585,0.2191796465569155,0.08314734327890677,2.0507001448575566,11.267854261128413,32.19386931750975,1439.0,1385.0,18.0,4.0,18.0,2.0,0.0169588592800374
surr_full_shuffle,651,1,1,13,651_T1_P1_R1,651_T1_R1_ex13,left_arm,120,amp_preserving,fixed_mean_rescaled,full_shuffle,False,12.0,-1,0.024260762504956075,0.05049028040598658,2.0346620450606587,3.0,0.0021660649819494585,0.21725813073188646,0.08728281438155858,2.0868894601542416,31.250877196179204,89.28822056051202,1439.0,1385.0,18.0,4.0,18.0,2.0,0.016955517042172154
surr_full_shuffle,651,1,1,13,651_T1_P1_R1,651_T1_R1_ex13,right_arm,120,amp_preserving,fixed_mean_rescaled,full_shuffle,False,12.0,-1,0.024095907848333716,0.048151034900840044,2.0291970802919708,4.0,0.002888086642599278,0.1907098983994917,0.093141075604053,2.073253012048193,39.30712174606992,112.30606213162834,1439.0,1385.0,18.0,4.0,18.0,2.0,0.016909975669099755
surr_full_shuffle,651,1,1,13,651_T1_P1_R1,651_T1_R1_ex13,left_leg,120,amp_preserving,fixed_mean_rescaled,full_shuffle,False,12.0,-1,0.08891404603409779,0.15167161481863947,2.0860232408005164,5.0,0.0036101083032490976,0.4331618233773374,0.299441426006548,2.279060420667173,39.121360973357355,111.7753170667353,1439.0,1385.0,18.0,4.0,18.0,2.0,0.01738352700667097
surr_full_shuffle,651,1,1,13,651_T1_P1_R1,651_T1_R1_ex13,right_leg,120,amp_preserving,fixed_mean_rescaled,full_shuffle,False,12.0,-1,0.05656288474781411,0.12676394089760382,2.0624249699879953,4.0,0.002888086642599278,0.34161241155178806,0.2475789046503477,2.210938143480768,51.82078155210219,148.0593758631491,1439.0,1385.0,18.0,4.0,18.0,2.0,0.01718687474989996
surr_full_shuffle,651,1,2,11,651_T1_P1_R2,651_T1_R2_ex11,trunk_spine,120,amp_preserving,fixed_mean_rescaled,full_shuffle,False,10.0,-1,0.038466119033804626,0.07779938871908863,2.033195020746888,3.0,0.0026200873362445414,0.2101699515642052,0.11292819433969753,2.02563189747241,11.00121065754771,31.43203045013632,1199.0,1145.0,18.0,4.0,18.0,2.0,0.0169432918395574
surr_full_shuffle,651,1,2,11,651_T1_P1_R2,651_T1_R2_ex11,left_arm,120,amp_preserving,fixed_mean_rescaled,full_shuffle,False,10.0,-1,0.022302806363941736,0.04785376874101458,2.026086956521739,3.0,0.0026200873362445414,0.17437145292163492,0.09557061682754843,2.083582089552239,39.885631625673625,113.95894750192464,1199.0,1145.0,18.0,4.0,18.0,2.0,0.016884057971014492
surr_full_shuffle,651,1,2,11,651_T1_P1_R2,651_T1_R2_ex11,right_arm,120,amp_preserving,fixed_mean_rescaled,full_shuffle,False,10.0,-1,0.020965279262222494,0.043915228315490495,2.023489932885906,3.0,0.0026200873362445414,0.16061077133224944,0.06372441919743646,2.042007001166861,57.281983879915074,163.66281108547165,1199.0,1145.0,18.0,4.0,18.0,2.0,0.01686241610738255
surr_full_shuffle,651,1,2,11,651_T1_P1_R2,651_T1_R2_ex11,left_leg,120,amp_preserving,fixed_mean_rescaled,full_shuffle,False,10.0,-1,0.0384569578892723,0.08619525945924485,2.042333019755409,4.0,0.0034934497816593887,0.25471249010680874,0.15212212649382617,2.133945976051239,14.153710835793198,40.439173816552,1199.0,1145.0,18.0,4.0,18.0,2.0,0.017019441831295074
surr_full_shuffle,651,1,2,11,651_T1_P1_R2,651_T1_R2_ex11,right_leg,120,amp_preserving,fixed_mean_rescaled,full_shuffle,False,10.0,-1,0.03898983112956912,0.08027882205513784,2.0276953511374876,4.0,0.0034934497816593887,0.1824977313136079,0.15157033208020051,2.0775630703166934,15.636797793803618,44.676565125153196,1199.0,1145.0,18.0,4.0,18.0,2.0,0.016897461259479062
surr_full_shuffle,651,1,2,13,651_T1_P1_R2,651_T1_R2_ex13,trunk_spine,120,amp_preserving,fixed_mean_rescaled,full_shuffle,False,14.0,-1,0.03022811671087533,0.057538986110414685,2.0381882770870337,3.0,0.0018461538461538461,0.23392293547986678,0.09390512961941533,2.050643306871065,15.265231725953017,43.61494778843719,1679.0,1625.0,18.0,4.0,18.0,2.0,0.016984902309058615
surr_full_shuffle,651,1,2,13,651_T1_P1_R2,651_T1_R2_ex13,left_arm,120,amp_preserving,fixed_mean_rescaled,full_shuffle,False,14.0,-1,0.020588859416445622,0.04258843449773622,2.022727272727273,3.0,0.0018461538461538461,0.15649106290570153,0.06927522361688813,2.054585152838428,39.69431435187676,113.41232671964791,1679.0,1625.0,18.0,4.0,18.0,2.0,0.016856060606060607
surr_full_shuffle,651,1,2,13,651_T1_P1_R2,651_T1_R2_ex13,right_arm,120,amp_preserving,fixed_mean_rescaled,full_shuffle,False,14.0,-1,0.026153846153846153,0.049550854824688496,2.021276595744681,3.0,0.0018461538461538461,0.14854949043034824,0.07410895392639814,2.0509222133119485,53.87808643766248,153.93738982189282,1679.0,1625.0,18.0,4.0,18.0,2.0,0.016843971631205674
surr_full_shuffle,651,1,2,13,651_T1_P1_R2,651_T1_R2_ex13,left_leg,120,amp_preserving,fixed_mean_rescaled,full_shuffle,False,14.0,-1,0.029884046987495264,0.05538648813146683,2.0354147250698973,3.0,0.0018461538461538461,0.2208585688356665,0.10220125786163523,2.098411871908357,43.97753825488519,125.65010929967198,1679.0,1625.0,18.0,4.0,18.0,2.0,0.016961789375582476
surr_full_shuffle,651,1,2,13,651_T1_P1_R2,651_T1_R2_ex13,right_leg,120,amp_preserving,fixed_mean_rescaled,full_shuffle,False,14.0,-1,0.052268283440697234,0.11345841549704211,2.061923583662714,4.0,0.0024615384615384616,0.33987383855887493,0.20798776244055214,2.2012583442031763,46.40600872800005,132.58859636571444,1679.0,1625.0,18.0,4.0,18.0,2.0,0.017182696530522616
surr_full_shuffle,651,2,1,11,651_T2_P1_R1,651_T2_R1_ex11,trunk_spine,120,amp_preserving,fixed_mean_rescaled,full_shuffle,False,10.0,-1,0.023084557364033347,0.04365368079899464,2.0245398773006134,3.0,0.0026200873362445414,0.16622269478192106,0.054997023612672793,2.0918238993710694,14.259486816225266,40.741390903500765,1199.0,1145.0,18.0,4.0,18.0,2.0,0.01687116564417178
surr_full_shuffle,651,2,1,11,651_T2_P1_R1,651_T2_R1_ex11,left_arm,120,amp_preserving,fixed_mean_rescaled,full_shuffle,False,10.0,-1,0.024107551836809477,0.05035151054531636,2.0229007633587788,3.0,0.0026200873362445414,0.15743149388734753,0.0793590474380898,2.0258690379951494,39.637816634716266,113.25090467061791,1199.0,1145.0,18.0,4.0,18.0,2.0,0.016857506361323157
surr_full_shuffle,651,2,1,11,651_T2_P1_R1,651_T2_R1_ex11,right_arm,120,amp_preserving,fixed_mean_rescaled,full_shuffle,False,10.0,-1,0.023895318655143983,0.041022364217252395,2.0316455696202533,4.0,0.0034934497816593887,0.20104936359278314,0.09041533546325879,2.082413539367182,48.76693870515965,139.33411058617045,1199.0,1145.0,18.0,4.0,18.0,2.0,0.016930379746835443
surr_full_shuffle,651,2,1,11,651_T2_P1_R1,651_T2_R1_ex11,left_leg,120,amp_preserving,fixed_mean_rescaled,full_shuffle,False,10.0,-1,0.0233777139890677,0.046371889491215464,2.0170454545454546,3.0,0.0026200873362445414,0.12451360225481531,0.08644112076285024,2.114217252396166,13.234210862305748,37.81203103515928,1199.0,1145.0,18.0,4.0,18.0,2.0,0.01680871212121212
surr_full_shuffle,651,2,1,11,651_T2_P1_R1,651_T2_R1_ex11,right_leg,120,amp_preserving,fixed_mean_rescaled,full_shuffle,False,10.0,-1,0.017445872904388187,0.03229476632242254,2.0163934426229506,3.0,0.0026200873362445414,0.12068101401352381,0.04139681428321372,2.008492569002123,13.187230061461504,37.6778001756043,1199.0,1145.0,18.0,4.0,18.0,2.0,0.01680327868852459
surr_full_shuffle,651,2,1,13,651_T2_P1_R1,651_T2_R1_ex13,trunk_spine,120,amp_preserving,fixed_mean_rescaled,full_shuffle,False,14.0,-1,0.02652595680181887,0.04625582126224965,2.0262828535669586,4.0,0.0024615384615384616,0.17599516310886731,0.08612611068255192,2.057679180887372,15.515582328215677,44.330235223473366,1679.0,1625.0,18.0,4.0,18.0,2.0,0.01688569044639132
surr_full_shuffle,651,2,1,13,651_T2_P1_R1,651_T2_R1_ex13,left_arm,120,amp_preserving,fixed_mean_rescaled,full_shuffle,False,14.0,-1,0.025791587722622206,0.05353784673248707,2.031215161649944,3.0,0.0018461538461538461,0.2004496993570242,0.07766220028208745,2.0488372093023255,43.164152759505164,123.32615074144333,1679.0,1625.0,18.0,4.0,18.0,2.0,0.016926793013749535
surr_full_shuffle,651,2,1,13,651_T2_P1_R1,651_T2_R1_ex13,right_arm,120,amp_preserving,fixed_mean_rescaled,full_shuffle,False,14.0,-1,0.02429708222811671,0.04588271990018715,2.0261707988980717,4.0,0.0024615384615384616,0.17524227000674514,0.07072676232064878,2.013765541740675,46.18408736195565,131.9545353198733,1679.0,1625.0,18.0,4.0,18.0,2.0,0.016884756657483933
surr_full_shuffle,651,2,1,13,651_T2_P1_R1,651_T2_R1_ex13,left_leg,120,amp_preserving,fixed_mean_rescaled,full_shuffle,False,14.0,-1,0.023600606290261464,0.04996628239298674,2.0155440414507773,3.0,0.0018461538461538461,0.11563085548029003,0.06859124626697922,2.039140811455847,41.65643117839438,119.01837479541251,1679.0,1625.0,18.0,4.0,18.0,2.0,0.016796200345423142
surr_full_shuffle,651,2,1,13,651_T2_P1_R1,651_T2_R1_ex13,right_leg,120,amp_preserving,fixed_mean_rescaled,full_shuffle,False,14.0,-1,0.029361879499810534,0.05585525127119738,2.031924882629108,4.0,0.0024615384615384616,0.2047617841123911,0.10724517977441086,2.043777668470241,49.85063971623723,142.43039918924924,1679.0,1625.0,18.0,4.0,18.0,2.0,0.016932707355242566
surr_full_shuffle,651,2,2,11,651_T2_P1_R2,651_T2_R2_ex11,trunk_spine,120,amp_preserving,fixed_mean_rescaled,full_shuffle,False,10.0,-1,0.02196231715882371,0.04651001112347052,2.0272727272727273,3.0,0.0026200873362445414,0.1805246676420578,0.07296301446051168,2.0458089668615984,15.535454926691616,44.387014076261764,1199.0,1145.0,18.0,4.0,18.0,2.0,0.016893939393939395
surr_full_shuffle,651,2,2,11,651_T2_P1_R2,651_T2_R2_ex11,left_arm,120,amp_preserving,fixed_mean_rescaled,full_shuffle,False,10.0,-1,0.024223593000885578,0.04929089190040971,2.020671834625323,3.0,0.0026200873362445414,0.14519626656600262,0.0908288685786322,2.0295774647887326,42.271214088018155,120.77489739433759,1199.0,1145.0,18.0,4.0,18.0,2.0,0.016838931955211026
surr_full_shuffle,651,2,2,11,651_T2_P1_R2,651_T2_R2_ex11,right_arm,120,amp_preserving,fixed_mean_rescaled,full_shuffle,False,10.0,-1,0.02469844565914435,0.04766320474777448,2.028947368421053,3.0,0.0026200873362445414,0.18908517927490462,0.06797106824925817,2.049394221808015,51.62967141438163,147.51334689823324,1199.0,1145.0,18.0,4.0,18.0,2.0,0.016907894736842108
surr_full_shuffle,651,2,2,11,651_T2_P1_R2,651_T2_R2_ex11,left_leg,120,amp_preserving,fixed_mean_rescaled,full_shuffle,False,10.0,-1,0.026730692887898127,0.05129376820700291,2.0225225225225225,3.0,0.0026200873362445414,0.15537866853529142,0.06934369109499057,2.0216486261448794,11.3282588976729,32.36645399335114,1199.0,1145.0,18.0,4.0,18.0,2.0,0.016854354354354353
surr_full_shuffle,651,2,2,11,651_T2_P1_R2,651_T2_R2_ex11,right_leg,120,amp_preserving,fixed_mean_rescaled,full_shuffle,False,10.0,-1,0.02153937765291477,0.04033458566669029,2.0249110320284696,4.0,0.0034934497816593887,0.16284700425031104,0.05837527468632594,2.030826140567201,12.404696291095176,35.44198940312908,1199.0,1145.0,18.0,4.0,18.0,2.0,0.016874258600237245
surr_full_shuffle,651,2,2,13,651_T2_P1_R2,651_T2_R2_ex13,trunk_spine,120,amp_preserving,fixed_mean_rescaled,full_shuffle,False,14.0,-1,0.01810079575596817,0.03475129794004354,2.009685230024213,3.0,0.0018461538461538461,0.0786991179735004,0.05363423212192263,2.059485530546624,15.30511942027463,43.72891262935609,1679.0,1625.0,18.0,4.0,18.0,2.0,0.016747376916868444
surr_full_shuffle,651,2,2,13,651_T2_P1_R2,651_T2_R2_ex13,left_arm,120,amp_preserving,fixed_mean_rescaled,full_shuffle,False,14.0,-1,0.02184009094353922,0.03959330973696995,2.023049645390071,3.0,0.0018461538461538461,0.15823698261414454,0.06539315705461864,2.029617662897146,41.10256298619002,117.4358942462572,1679.0,1625.0,18.0,4.0,18.0,2.0,0.016858747044917258
surr_full_shuffle,651,2,2,13,651_T2_P1_R2,651_T2_R2_ex13,right_arm,120,amp_preserving,fixed_mean_rescaled,full_shuffle,False,14.0,-1,0.029677150435771127,0.06537449883807044,2.046362909672262,5.0,0.003076923076923077,0.27218582279738,0.14358129676447304,2.13823920897509,42.5120544015818,121.46301257594801,1679.0,1625.0,18.0,4.0,18.0,2.0,0.01705302424726885
surr_full_shuffle,651,2,2,13,651_T2_P1_R2,651_T2_R2_ex13,left_leg,120,amp_preserving,fixed_mean_rescaled,full_shuffle,False,14.0,-1,0.0552459264873058,0.10889337009753487,2.055944055944056,5.0,0.003076923076923077,0.3149056705366487,0.21210063514273564,2.1562652534690745,46.80835584886614,133.738159568189,1679.0,1625.0,18.0,4.0,18.0,2.0,0.017132867132867134
surr_full_shuffle,651,2,2,13,651_T2_P1_R2,651_T2_R2_ex13,right_leg,120,amp_preserving,fixed_mean_rescaled,full_shuffle,False,14.0,-1,0.05265100416824555,0.10062902134642235,2.0598114319387153,5.0,0.003076923076923077,0.33093881385991447,0.22077641673743756,2.1468262299671075,52.04750639003365,148.70716111438185,1679.0,1625.0,18.0,4.0,18.0,2.0,0.01716509526615596
surr_full_shuffle,651,3,1,11,651_T3_P1_R1,651_T3_R1_ex11,trunk_spine,120,amp_preserving,fixed_mean_rescaled,full_shuffle,False,10.0,-1,0.022041713744770514,0.044957051814907174,2.028125,3.0,0.0026200873362445414,0.18489986200111794,0.06546134663341646,2.0432432432432432,14.87906426026182,42.51161217217663,1199.0,1145.0,18.0,4.0,18.0,2.0,0.01690104166666667
surr_full_shuffle,651,3,1,11,651_T3_P1_R1,651_T3_R1_ex11,left_arm,120,amp_preserving,fixed_mean_rescaled,full_shuffle,False,10.0,-1,0.021327144471249275,0.03959049255441008,2.0182481751824817,3.0,0.0026200873362445414,0.13148822893801324,0.06743986254295532,2.059016393442623,42.85100859757098,122.4314531359171,1199.0,1145.0,18.0,4.0,18.0,2.0,0.016818734793187348
surr_full_shuffle,651,3,1,11,651_T3_P1_R1,651_T3_R1_ex11,right_arm,120,amp_preserving,fixed_mean_rescaled,full_shuffle,False,10.0,-1,0.022815830457751856,0.05193066987887305,2.0208333333333335,4.0,0.0034934497816593887,0.14216462596435048,0.07769524191929332,2.0621669626998225,47.3628640949277,135.32246884265058,1199.0,1145.0,18.0,4.0,18.0,2.0,0.01684027777777778
surr_full_shuffle,651,3,1,11,651_T3_P1_R1,651_T3_R1_ex11,left_leg,120,amp_preserving,fixed_mean_rescaled,full_shuffle,False,10.0,-1,0.017006137966836657,0.031513736757047946,2.0172413793103448,3.0,0.0026200873362445414,0.1256580501725674,0.046103429700125695,2.0256410256410255,9.327305336216963,26.64944381776275,1199.0,1145.0,18.0,4.0,18.0,2.0,0.016810344827586206
surr_full_shuffle,651,3,1,11,651_T3_P1_R1,651_T3_R1_ex11,right_leg,120,amp_preserving,fixed_mean_rescaled,full_shuffle,False,10.0,-1,0.023362445414847163,0.04398405332984772,2.0393939393939395,4.0,0.0034934497816593887,0.23364358150650022,0.05806810012417489,2.0239179954441915,10.244222503457703,29.269207152736296,1199.0,1145.0,18.0,4.0,18.0,2.0,0.016994949494949497
surr_full_shuffle,651,3,1,13,651_T3_P1_R1,651_T3_R1_ex13,trunk_spine,120,amp_preserving,fixed_mean_rescaled,full_shuffle,False,12.0,-1,0.02396757162830492,0.04801706499499369,2.02014652014652,3.0,0.0021660649819494585,0.14226242243200865,0.07633537939140655,2.0377687391051715,15.266238385465421,43.617823958472634,1439.0,1385.0,18.0,4.0,18.0,2.0,0.016834554334554334
surr_full_shuffle,651,3,1,13,651_T3_P1_R1,651_T3_R1_ex13,left_arm,120,amp_preserving,fixed_mean_rescaled,full_shuffle,False,12.0,-1,0.027385697293462158,0.050177163104354786,2.041860465116279,4.0,0.002888086642599278,0.24957292095335074,0.08353335619308873,2.0414338919925514,36.982406171170375,105.66401763191537,1439.0,1385.0,18.0,4.0,18.0,2.0,0.017015503875968993
surr_full_shuffle,651,3,1,13,651_T3_P1_R1,651_T3_R1_ex13,right_arm,120,amp_preserving,fixed_mean_rescaled,full_shuffle,False,12.0,-1,0.021275641159408193,0.041685057133048896,2.0238095238095237,3.0,0.0021660649819494585,0.1623261801753929,0.058726889313913004,2.05932932072227,40.62906373599611,116.08303924570319,1439.0,1385.0,18.0,4.0,18.0,2.0,0.016865079365079364
surr_full_shuffle,651,3,1,13,651_T3_P1_R1,651_T3_R1_ex13,left_leg,120,amp_preserving,fixed_mean_rescaled,full_shuffle,False,12.0,-1,0.04975793493457983,0.0927257858206295,2.041551246537396,4.0,0.002888086642599278,0.2517455580247028,0.15319046320954519,2.1212253193960513,39.2202700275344,112.057914364384,1439.0,1385.0,18.0,4.0,18.0,2.0,0.0170129270544783
surr_full_shuffle,651,3,1,13,651_T3_P1_R1,651_T3_R1_ex13,right_leg,120,amp_preserving,fixed_mean_rescaled,full_shuffle,False,12.0,-1,0.045801423175643244,0.09745540697541974,2.057720057720058,5.0,0.0036101083032490976,0.3227581207395912,0.1532678770758822,2.093993152816682,39.81674126270893,113.7621178934541,1439.0,1385.0,18.0,4.0,18.0,2.0,0.017147667147667148
surr_full_shuffle,651,3,2,11,651_T3_P1_R2,651_T3_R2_ex11,trunk_spine,120,amp_preserving,fixed_mean_rescaled,full_shuffle,False,10.0,-1,0.024533545057562525,0.04400049788399303,2.025787965616046,4.0,0.0034934497816593887,0.17000985013043718,0.07144635299975106,2.019349164467898,16.796423837897205,47.989782393992016,1199.0,1145.0,18.0,4.0,18.0,2.0,0.016881566380133717
surr_full_shuffle,651,3,2,11,651_T3_P1_R2,651_T3_R2_ex11,left_arm,120,amp_preserving,fixed_mean_rescaled,full_shuffle,False,10.0,-1,0.024038843252817053,0.04496951219512195,2.017094017094017,3.0,0.0026200873362445414,0.1247975754927794,0.0898755081300813,2.056686046511628,37.81069284535017,108.03055098671477,1199.0,1145.0,18.0,4.0,18.0,2.0,0.016809116809116807
surr_full_shuffle,651,3,2,11,651_T3_P1_R2,651_T3_R2_ex11,right_arm,120,amp_preserving,fixed_mean_rescaled,full_shuffle,False,10.0,-1,0.02947140196048493,0.06346492591441301,2.038269550748752,4.0,0.0034934497816593887,0.23627179905707232,0.09589679825924774,2.034065934065934,39.724114697625645,113.4974705646447,1199.0,1145.0,18.0,4.0,18.0,2.0,0.016985579589572933
surr_full_shuffle,651,3,2,11,651_T3_P1_R2,651_T3_R2_ex11,left_leg,120,amp_preserving,fixed_mean_rescaled,full_shuffle,False,10.0,-1,0.04436131554035484,0.09410064018723756,2.0540946656649135,4.0,0.0034934497816593887,0.3071513158826595,0.1589282026571212,2.0964812712826335,10.515057146393449,30.043020418266998,1199.0,1145.0,18.0,4.0,18.0,2.0,0.017117455547207613
surr_full_shuffle,651,3,2,11,651_T3_P1_R2,651_T3_R2_ex11,right_leg,120,amp_preserving,fixed_mean_rescaled,full_shuffle,False,10.0,-1,0.03642165694567441,0.07378217489729186,2.051282051282051,3.0,0.0026200873362445414,0.29181825659888583,0.12731617338811102,2.1215508208173244,9.684190951846325,27.66911700527522,1199.0,1145.0,18.0,4.0,18.0,2.0,0.017094017094017092
surr_full_shuffle,651,3,2,13,651_T3_P1_R2,651_T3_R2_ex13,trunk_spine,120,amp_preserving,fixed_mean_rescaled,full_shuffle,False,12.0,-1,0.023350931741825086,0.04128686327077748,2.008695652173913,3.0,0.0021660649819494585,0.07201647168541384,0.07917783735478105,2.0450086555106752,16.7404906035258,47.82997315293086,1439.0,1385.0,18.0,4.0,18.0,2.0,0.016739130434782607
surr_full_shuffle,651,3,2,13,651_T3_P1_R2,651_T3_R2_ex13,left_arm,120,amp_preserving,fixed_mean_rescaled,full_shuffle,False,12.0,-1,0.021971578222491184,0.040744610124418275,2.0140845070422535,3.0,0.0021660649819494585,0.10679203237584188,0.07268021654478109,2.0271523178807946,35.09403878563871,100.26868224468203,1439.0,1385.0,18.0,4.0,18.0,2.0,0.016784037558685447
surr_full_shuffle,651,3,2,13,651_T3_P1_R2,651_T3_R2_ex13,right_arm,120,amp_preserving,fixed_mean_rescaled,full_shuffle,False,12.0,-1,0.02621710732246823,0.050543240339077485,2.0190779014308426,3.0,0.0021660649819494585,0.13623145164265216,0.08232180522943447,2.053101736972705,34.884876843741544,99.67107669640443,1439.0,1385.0,18.0,4.0,18.0,2.0,0.016825649178590356
surr_full_shuffle,651,3,2,13,651_T3_P1_R2,651_T3_R2_ex13,left_leg,120,amp_preserving,fixed_mean_rescaled,full_shuffle,False,12.0,-1,0.0491099935310198,0.09197331520353531,2.0419811320754717,4.0,0.002888086642599278,0.2535102250373324,0.18297994391093736,2.0830813883178134,47.87365886658384,136.78188247595384,1439.0,1385.0,18.0,4.0,18.0,2.0,0.017016509433962265
surr_full_shuffle,651,3,2,13,651_T3_P1_R2,651_T3_R2_ex13,right_leg,120,amp_preserving,fixed_mean_rescaled,full_shuffle,False,12.0,-1,0.07372133302727406,0.1348930027173913,2.0961073235100067,5.0,0.0036101083032490976,0.46925180322545346,0.25532155797101447,2.233502538071066,45.71869026374458,130.62482932498452,1439.0,1385.0,18.0,4.0,18.0,2.0,0.017467561029250057
surr_full_shuffle,790,1,1,11,790_T1_P1_R1,790_T1_R1_ex11,trunk_spine,120,amp_preserving,fixed_mean_rescaled,full_shuffle,False,10.0,-1,0.01965828930894433,0.0378252427184466,2.020746887966805,4.0,0.0034934497816593887,0.13534976157829817,0.05083495145631068,2.048513302034429,14.526812384028203,41.50517824008058,1199.0,1145.0,18.0,4.0,18.0,2.0,0.016839557399723374
surr_full_shuffle,790,1,1,11,790_T1_P1_R1,790_T1_R1_ex11,left_arm,120,amp_preserving,fixed_mean_rescaled,full_shuffle,False,10.0,-1,0.047728036155983755,0.09747592693304329,2.054619015509103,4.0,0.0034934497816593887,0.3096098340506718,0.17886048817940434,2.1746402178140802,59.89436982913396,171.12677094038276,1199.0,1145.0,18.0,4.0,18.0,2.0,0.017121825129242527
surr_full_shuffle,790,1,1,11,790_T1_P1_R1,790_T1_R1_ex11,right_arm,120,amp_preserving,fixed_mean_rescaled,full_shuffle,False,10.0,-1,0.021560753656823525,0.041923376531407125,2.0204778156996586,3.0,0.0026200873362445414,0.14411500131559482,0.07991643651299483,2.0425339366515836,53.34306022562785,152.40874350179388,1199.0,1145.0,18.0,4.0,18.0,2.0,0.016837315130830487
surr_full_shuffle,790,1,1,11,790_T1_P1_R1,790_T1_R1_ex11,left_leg,120,amp_preserving,fixed_mean_rescaled,full_shuffle,False,10.0,-1,0.02952636882767887,0.0586927293411935,2.0267857142857144,3.0,0.0026200873362445414,0.17800689613931447,0.11671320715689316,2.063071297989031,8.91686594231071,25.47675983517346,1199.0,1145.0,18.0,4.0,18.0,2.0,0.016889880952380955
surr_full_shuffle,790,1,1,11,790_T1_P1_R1,790_T1_R1_ex11,right_leg,120,amp_preserving,fixed_mean_rescaled,full_shuffle,False,10.0,-1,0.024602253641554953,0.044560292931173584,2.039772727272727,3.0,0.0026200873362445414,0.24124918007995425,0.06811270402780363,2.0456663560111834,10.061372409824521,28.746778313784347,1199.0,1145.0,18.0,4.0,18.0,2.0,0.016998106060606057
surr_full_shuffle,790,1,1,13,790_T1_P1_R1,790_T1_R1_ex13,trunk_spine,120,amp_preserving,fixed_mean_rescaled,full_shuffle,False,14.0,-1,0.03245320197044335,0.06706832936341132,2.032554847841472,3.0,0.0018461538461538461,0.20704676221213703,0.09861753304376256,2.036162005785921,21.693162644145048,61.98046469755728,1679.0,1625.0,18.0,4.0,18.0,2.0,0.0169379570653456
surr_full_shuffle,790,1,1,13,790_T1_P1_R1,790_T1_R1_ex13,left_arm,120,amp_preserving,fixed_mean_rescaled,full_shuffle,False,14.0,-1,0.03017885562713149,0.06589487958614801,2.0372670807453415,4.0,0.0024615384615384616,0.23092606172710903,0.13098616307978203,2.079330277058003,62.75856793864605,179.3101941104173,1679.0,1625.0,18.0,4.0,18.0,2.0,0.016977225672877846
surr_full_shuffle,790,1,1,13,790_T1_P1_R1,790_T1_R1_ex13,right_arm,120,amp_preserving,fixed_mean_rescaled,full_shuffle,False,14.0,-1,0.02730352406214475,0.05581924667610403,2.0395537525354968,4.0,0.0024615384615384616,0.24221289876522722,0.08812834818330696,2.065712426805465,57.12180232262822,163.2051494932235,1679.0,1625.0,18.0,4.0,18.0,2.0,0.01699628127112914
surr_full_shuffle,790,1,1,13,790_T1_P1_R1,790_T1_R1_ex13,left_leg,120,amp_preserving,fixed_mean_rescaled,full_shuffle,False,14.0,-1,0.11915422508525957,0.23289065282654048,2.1569274269557024,7.0,0.0043076923076923075,0.6623023744012871,0.42249910955070474,2.383544440058847,47.37527901122895,135.35794003208272,1679.0,1625.0,18.0,4.0,18.0,2.0,0.017974395224630853
surr_full_shuffle,790,1,1,13,790_T1_P1_R1,790_T1_R1_ex13,right_leg,120,amp_preserving,fixed_mean_rescaled,full_shuffle,False,14.0,-1,0.09850701023114816,0.19066010155408525,2.113964002388467,5.0,0.003076923076923077,0.5301913468727217,0.33390136944145254,2.2509465276697265,48.67866883993253,139.0819109712358,1679.0,1625.0,18.0,4.0,18.0,2.0,0.01761636668657056
surr_full_shuffle,790,1,2,11,790_T1_P1_R2,790_T1_R2_ex11,trunk_spine,120,amp_preserving,fixed_mean_rescaled,full_shuffle,False,10.0,-1,0.01769933123644914,0.035628019323671496,2.004854368932039,3.0,0.0026200873362445414,0.04429945728702207,0.06349206349206349,2.021978021978022,18.18460666691065,51.95601904831614,1199.0,1145.0,18.0,4.0,18.0,2.0,0.016707119741100326
surr_full_shuffle,790,1,2,11,790_T1_P1_R2,790_T1_R2_ex11,left_arm,120,amp_preserving,fixed_mean_rescaled,full_shuffle,False,10.0,-1,0.02266925214523468,0.04943759682090658,2.0445682451253484,4.0,0.0034934497816593887,0.2651713861174018,0.07644642015221931,2.0902394106813995,50.87202487721479,145.348642506328,1199.0,1145.0,18.0,4.0,18.0,2.0,0.017038068709377904
surr_full_shuffle,790,1,2,11,790_T1_P1_R2,790_T1_R2_ex11,right_arm,120,amp_preserving,fixed_mean_rescaled,full_shuffle,False,10.0,-1,0.023110513940208265,0.04294397463002114,2.018633540372671,3.0,0.0026200873362445414,0.133697960635451,0.07878567653276955,2.0578084555651426,48.788894044222154,139.39684012634902,1199.0,1145.0,18.0,4.0,18.0,2.0,0.01682194616977226
surr_full_shuffle,790,1,2,11,790_T1_P1_R2,790_T1_R2_ex11,left_leg,120,amp_preserving,fixed_mean_rescaled,full_shuffle,False,10.0,-1,0.033216783216783216,0.0525856125028729,2.021201413427562,3.0,0.0026200873362445414,0.14813402021721064,0.12760284991955873,2.084084084084084,12.792716349985907,36.55061814281688,1199.0,1145.0,18.0,4.0,18.0,2.0,0.01684334511189635
surr_full_shuffle,790,1,2,11,790_T1_P1_R2,790_T1_R2_ex11,right_leg,120,amp_preserving,fixed_mean_rescaled,full_shuffle,False,10.0,-1,0.022053928604146945,0.04188590418166713,2.0234113712374584,3.0,0.0026200873362445414,0.16018811016008408,0.08442952090833564,2.0090609555189456,11.929277691583632,34.08365054738181,1199.0,1145.0,18.0,4.0,18.0,2.0,0.01686176142697882
surr_full_shuffle,790,1,2,13,790_T1_P1_R2,790_T1_R2_ex13,trunk_spine,120,amp_preserving,fixed_mean_rescaled,full_shuffle,False,14.0,-1,0.02207805987116332,0.04273650968007689,2.0145631067961167,3.0,0.0018461538461538461,0.10971373742227546,0.08224632706302348,2.070872947277442,19.05782622833325,54.45093208095215,1679.0,1625.0,18.0,4.0,18.0,2.0,0.01678802588996764
surr_full_shuffle,790,1,2,13,790_T1_P1_R2,790_T1_R2_ex13,left_arm,120,amp_preserving,fixed_mean_rescaled,full_shuffle,False,14.0,-1,0.02975293671845396,0.06148908530528032,2.031986531986532,4.0,0.0024615384615384616,0.20568367633770146,0.09439873659543034,2.0761904761904764,60.369630725741786,172.4846592164051,1679.0,1625.0,18.0,4.0,18.0,2.0,0.016933221099887766
surr_full_shuffle,790,1,2,13,790_T1_P1_R2,790_T1_R2_ex13,right_arm,120,amp_preserving,fixed_mean_rescaled,full_shuffle,False,14.0,-1,0.02351572565365669,0.04801959457281898,2.021709633649932,3.0,0.0018461538461538461,0.15093494898294893,0.06824261175029811,2.0360576923076925,59.22862882724681,169.22465379213375,1679.0,1625.0,18.0,4.0,18.0,2.0,0.0168475802804161
surr_full_shuffle,790,1,2,13,790_T1_P1_R2,790_T1_R2_ex13,left_leg,120,amp_preserving,fixed_mean_rescaled,full_shuffle,False,14.0,-1,0.03791208791208791,0.07804097951024488,2.0407736539466805,4.0,0.0024615384615384616,0.2481363805754614,0.1413793103448276,2.148390036452005,29.459514304280408,84.1700408693726,1679.0,1625.0,18.0,4.0,18.0,2.0,0.017006447116222338
surr_full_shuffle,790,1,2,13,790_T1_P1_R2,790_T1_R2_ex13,right_leg,120,amp_preserving,fixed_mean_rescaled,full_shuffle,False,14.0,-1,0.028163698370594924,0.05309186803724234,2.0173824130879345,3.0,0.0018461538461538461,0.12647984016201907,0.08861202303428233,2.0466128029832196,29.222790785112398,83.493687957464,1679.0,1625.0,18.0,4.0,18.0,2.0,0.01681152010906612
surr_full_shuffle,790,2,1,11,790_T2_P1_R1,790_T2_R1_ex11,trunk_spine,120,amp_preserving,fixed_mean_rescaled,full_shuffle,False,8.0,-1,0.02176942257859483,0.03874227961819203,2.017543859649123,3.0,0.0033149171270718232,0.12741851179235877,0.05845030881527232,2.013539651837524,13.782280770555138,39.37794505872897,959.0,905.0,18.0,4.0,18.0,2.0,0.016812865497076022
surr_full_shuffle,790,2,1,11,790_T2_P1_R1,790_T2_R1_ex11,left_arm,120,amp_preserving,fixed_mean_rescaled,full_shuffle,False,8.0,-1,0.025201681904855035,0.04345717334368028,2.0271493212669682,4.0,0.004419889502762431,0.1722659056931999,0.07590454942283442,2.1177266576454667,55.10000453304964,157.42858438014184,959.0,905.0,18.0,4.0,18.0,2.0,0.01689291101055807
surr_full_shuffle,790,2,1,11,790_T2_P1_R1,790_T2_R1_ex11,right_arm,120,amp_preserving,fixed_mean_rescaled,full_shuffle,False,8.0,-1,0.023541778712169364,0.05150571131879543,2.024489795918367,3.0,0.0033149171270718232,0.16595654262817933,0.09719626168224299,2.0481400437636763,33.693707913604314,96.26773689601234,959.0,905.0,18.0,4.0,18.0,2.0,0.016870748299319727
surr_full_shuffle,790,2,1,11,790_T2_P1_R1,790_T2_R1_ex11,left_leg,120,amp_preserving,fixed_mean_rescaled,full_shuffle,False,8.0,-1,0.018158705324402287,0.03594507269789984,2.0381679389312977,3.0,0.0033149171270718232,0.23382826233572285,0.04456112008616048,2.0,9.727725595208035,27.79350170059439,959.0,905.0,18.0,4.0,18.0,2.0,0.01698473282442748
surr_full_shuffle,790,2,1,11,790_T2_P1_R1,790_T2_R1_ex11,right_leg,120,amp_preserving,fixed_mean_rescaled,full_shuffle,False,8.0,-1,0.019659707622353688,0.04140761004725193,2.0304878048780486,3.0,0.0033149171270718232,0.19683230727266107,0.06689878139766227,2.0417457305502844,9.61300566004119,27.46573045726055,959.0,905.0,18.0,4.0,18.0,2.0,0.01692073170731707
surr_full_shuffle,790,2,1,13,790_T2_P1_R1,790_T2_R1_ex13,trunk_spine,120,amp_preserving,fixed_mean_rescaled,full_shuffle,False,14.0,-1,0.02005532398635847,0.04175641461663455,2.0164233576642334,3.0,0.0018461538461538461,0.12085767887917398,0.04050939046971243,2.0093720712277414,18.061317648382747,51.60376470966499,1679.0,1625.0,18.0,4.0,18.0,2.0,0.01680352798053528
surr_full_shuffle,790,2,1,13,790_T2_P1_R1,790_T2_R1_ex13,left_arm,120,amp_preserving,fixed_mean_rescaled,full_shuffle,False,14.0,-1,0.030733611216369836,0.05750499346534165,2.0243055555555554,3.0,0.0018461538461538461,0.16497611103785595,0.10943703301851898,2.119388729703916,43.45463579710044,124.15610227742982,1679.0,1625.0,18.0,4.0,18.0,2.0,0.01686921296296296
surr_full_shuffle,790,2,1,13,790_T2_P1_R1,790_T2_R1_ex13,right_arm,120,amp_preserving,fixed_mean_rescaled,full_shuffle,False,14.0,-1,0.023568776051534672,0.04421364030997781,2.0220588235294117,4.0,0.0024615384615384616,0.15237371730638596,0.06328177754911733,2.01742696053306,46.6920448537966,133.40584243941888,1679.0,1625.0,18.0,4.0,18.0,2.0,0.01685049019607843
surr_full_shuffle,790,2,1,13,790_T2_P1_R1,790_T2_R1_ex13,left_leg,120,amp_preserving,fixed_mean_rescaled,full_shuffle,False,14.0,-1,0.03995528609321713,0.07708503252973199,2.0350525788683025,4.0,0.0024615384615384616,0.22083613843326722,0.1230249805580319,2.0685696061234253,37.51880761999127,107.19659319997507,1679.0,1625.0,18.0,4.0,18.0,2.0,0.016958771490569187
surr_full_shuffle,790,2,1,13,790_T2_P1_R1,790_T2_R1_ex13,right_leg,120,amp_preserving,fixed_mean_rescaled,full_shuffle,False,14.0,-1,0.06589238347859037,0.12544712174363104,2.0618147448015125,4.0,0.0024615384615384616,0.3395283362860736,0.22654551728103975,2.1671250962702167,42.80552190459853,122.3014911559958,1679.0,1625.0,18.0,4.0,18.0,2.0,0.017181789540012603
surr_full_shuffle,790,2,2,11,790_T2_P1_R2,790_T2_R2_ex11,trunk_spine,120,amp_preserving,fixed_mean_rescaled,full_shuffle,False,10.0,-1,0.02081717409228326,0.05038873404723485,2.0265486725663715,3.0,0.0026200873362445414,0.17677669701805482,0.05515622707936042,2.024226110363392,15.415788560954642,44.04511017415612,1199.0,1145.0,18.0,4.0,18.0,2.0,0.016887905604719762
surr_full_shuffle,790,2,2,11,790_T2_P1_R2,790_T2_R2_ex11,left_arm,120,amp_preserving,fixed_mean_rescaled,full_shuffle,False,10.0,-1,0.022395944666687026,0.048813744205072264,2.022598870056497,4.0,0.0034934497816593887,0.15186953921016275,0.06088082901554404,2.057603686635945,48.12664308024666,137.50469451499046,1199.0,1145.0,18.0,4.0,18.0,2.0,0.01685499058380414
surr_full_shuffle,790,2,2,11,790_T2_P1_R2,790_T2_R2_ex11,right_arm,120,amp_preserving,fixed_mean_rescaled,full_shuffle,False,10.0,-1,0.021823373133416802,0.04043937591828168,2.035211267605634,3.0,0.0026200873362445414,0.21988771218053432,0.06261806478695865,2.020316027088036,33.091923089546924,94.54835168441979,1199.0,1145.0,18.0,4.0,18.0,2.0,0.016960093896713616
surr_full_shuffle,790,2,2,11,790_T2_P1_R2,790_T2_R2_ex11,left_leg,120,amp_preserving,fixed_mean_rescaled,full_shuffle,False,10.0,-1,0.037026292484807766,0.08243298969072164,2.048155737704918,4.0,0.0034934497816593887,0.28026620207075664,0.1427422680412371,2.119718309859155,13.870132290538992,39.62894940153998,1199.0,1145.0,18.0,4.0,18.0,2.0,0.017067964480874318
surr_full_shuffle,790,2,2,11,790_T2_P1_R2,790_T2_R2_ex11,right_leg,120,amp_preserving,fixed_mean_rescaled,full_shuffle,False,10.0,-1,0.04421779094268177,0.09509668508287293,2.0475836431226764,4.0,0.0034934497816593887,0.2783275340170629,0.18375345303867402,2.1957912110583866,15.85843107786742,45.309803079621204,1199.0,1145.0,18.0,4.0,18.0,2.0,0.017063197026022305
surr_full_shuffle,790,2,2,13,790_T2_P1_R2,790_T2_R2_ex13,trunk_spine,120,amp_preserving,fixed_mean_rescaled,full_shuffle,False,16.0,-1,0.02172789929696579,0.04281515608864882,2.0237797246558196,3.0,0.0016085790884718498,0.16216650208927286,0.06840628061535203,2.0374605678233437,18.849000874128674,53.85428821179622,1919.0,1865.0,18.0,4.0,18.0,2.0,0.016864831038798496
surr_full_shuffle,790,2,2,13,790_T2_P1_R2,790_T2_R2_ex13,left_arm,120,amp_preserving,fixed_mean_rescaled,full_shuffle,False,16.0,-1,0.03471907397392675,0.06606681248757208,2.034183673469388,3.0,0.0016085790884718498,0.2149571804679866,0.1233760853715119,2.0579049198452184,58.02190870409856,165.77688201171017,1919.0,1865.0,18.0,4.0,18.0,2.0,0.0169515306122449
surr_full_shuffle,790,2,2,13,790_T2_P1_R2,790_T2_R2_ex13,right_arm,120,amp_preserving,fixed_mean_rescaled,full_shuffle,False,16.0,-1,0.03189888273941709,0.06575767413339105,2.026681489716509,4.0,0.0021447721179624667,0.17845430260230025,0.12752948815063306,2.0778724654716427,47.757318871789174,136.44948249082623,1919.0,1865.0,18.0,4.0,18.0,2.0,0.016889012414304242
surr_full_shuffle,790,2,2,13,790_T2_P1_R2,790_T2_R2_ex13,left_leg,120,amp_preserving,fixed_mean_rescaled,full_shuffle,False,16.0,-1,0.031924771887836705,0.06799300787515093,2.0383576445164775,4.0,0.0021447721179624667,0.23672136500685945,0.11158566253987133,2.097560975609756,46.19477690069026,131.98507685911503,1919.0,1865.0,18.0,4.0,18.0,2.0,0.01698631370430398
surr_full_shuffle,790,2,2,13,790_T2_P1_R2,790_T2_R2_ex13,right_leg,120,amp_preserving,fixed_mean_rescaled,full_shuffle,False,16.0,-1,0.042244186447893774,0.08107261535109223,2.0428963623884693,4.0,0.0021447721179624667,0.2561583895060355,0.14145829928637577,2.0971128608923886,53.74336262083154,153.55246463094727,1919.0,1865.0,18.0,4.0,18.0,2.0,0.017024136353237244
surr_full_shuffle,790,3,1,11,790_T3_P1_R1,790_T3_R1_ex11,trunk_spine,120,amp_preserving,fixed_mean_rescaled,full_shuffle,False,10.0,-1,0.02769108620637005,0.060266872518747246,2.027829313543599,3.0,0.0026200873362445414,0.18338633893107376,0.13076202029113365,2.072083879423329,14.50793111548787,41.45123175853677,1199.0,1145.0,18.0,4.0,18.0,2.0,0.016898577612863327
surr_full_shuffle,790,3,1,11,790_T3_P1_R1,790_T3_R1_ex11,left_arm,120,amp_preserving,fixed_mean_rescaled,full_shuffle,False,10.0,-1,0.022400525238953188,0.0500306727557767,2.0220385674931127,3.0,0.0026200873362445414,0.1527384071164786,0.05892577193102038,2.008130081300813,41.013742003923255,117.1821200112093,1199.0,1145.0,18.0,4.0,18.0,2.0,0.016850321395775938
surr_full_shuffle,790,3,1,11,790_T3_P1_R1,790_T3_R1_ex11,right_arm,120,amp_preserving,fixed_mean_rescaled,full_shuffle,False,10.0,-1,0.018955934894799523,0.03995167136528393,2.0411522633744856,3.0,0.0026200873362445414,0.24755055853038624,0.06194120016109545,2.0452127659574466,29.166617226802348,83.33319207657814,1199.0,1145.0,18.0,4.0,18.0,2.0,0.01700960219478738
surr_full_shuffle,790,3,1,11,790_T3_P1_R1,790_T3_R1_ex11,left_leg,120,amp_preserving,fixed_mean_rescaled,full_shuffle,False,10.0,-1,0.028924787003389622,0.061338682432432436,2.0421792618629175,4.0,0.0034934497816593887,0.2546523386997981,0.08543602195945946,2.071017274472169,12.253104301291705,35.00886943226202,1199.0,1145.0,18.0,4.0,18.0,2.0,0.01701816051552431
surr_full_shuffle,790,3,1,11,790_T3_P1_R1,790_T3_R1_ex11,right_leg,120,amp_preserving,fixed_mean_rescaled,full_shuffle,False,10.0,-1,0.046289736464408954,0.07985618629811657,2.0361648444070646,4.0,0.0034934497816593887,0.2261588949689588,0.1559026288880826,2.108632612090118,16.94513659219034,48.41467597768669,1199.0,1145.0,18.0,4.0,18.0,2.0,0.016968040370058873
surr_full_shuffle,790,3,1,13,790_T3_P1_R1,790_T3_R1_ex13,trunk_spine,120,amp_preserving,fixed_mean_rescaled,full_shuffle,False,18.0,-1,0.019537494468177343,0.038391309372471975,2.0182260024301337,3.0,0.0014251781472684087,0.13136072613538272,0.0661273546746793,2.053103695730176,21.10052100887474,60.28720288249926,2159.0,2105.0,18.0,4.0,18.0,2.0,0.016818550020251115
surr_full_shuffle,790,3,1,13,790_T3_P1_R1,790_T3_R1_ex13,left_arm,120,amp_preserving,fixed_mean_rescaled,full_shuffle,False,18.0,-1,0.02411558574099329,0.0511956257139112,2.022189349112426,3.0,0.0014251781472684087,0.15356267594089434,0.07452764825946108,2.0321674751085013,59.649221786014884,170.42634796004253,2159.0,2105.0,18.0,4.0,18.0,2.0,0.016851577909270218
surr_full_shuffle,790,3,1,13,790_T3_P1_R1,790_T3_R1_ex13,right_arm,120,amp_preserving,fixed_mean_rescaled,full_shuffle,False,18.0,-1,0.02007306521680229,0.041056444174484265,2.014348785871965,4.0,0.0019002375296912114,0.10709032973398741,0.046489392814559855,2.0654672663668165,47.823155773282494,136.63758792366428,2159.0,2105.0,18.0,4.0,18.0,2.0,0.016786239882266372
surr_full_shuffle,790,3,1,13,790_T3_P1_R1,790_T3_R1_ex13,left_leg,120,amp_preserving,fixed_mean_rescaled,full_shuffle,False,18.0,-1,0.030156336081934198,0.059613656783468104,2.021838496698832,4.0,0.0019002375296912114,0.15231034040577104,0.09916891284815813,2.039260969976905,43.7865674304101,125.1044783726003,2159.0,2105.0,18.0,4.0,18.0,2.0,0.016848654139156934
surr_full_shuffle,790,3,1,13,790_T3_P1_R1,790_T3_R1_ex13,right_leg,120,amp_preserving,fixed_mean_rescaled,full_shuffle,False,18.0,-1,0.039788481164708324,0.08134150493701056,2.0366581415174765,5.0,0.0023752969121140144,0.2275442079645181,0.1344342299398479,2.11159639896604,62.3109919300821,178.03140551452032,2159.0,2105.0,18.0,4.0,18.0,2.0,0.016972151179312302
surr_full_shuffle,790,3,2,11,790_T3_P1_R2,790_T3_R2_ex11,trunk_spine,120,amp_preserving,fixed_mean_rescaled,full_shuffle,False,10.0,-1,0.021498152502519314,0.04517045454545455,2.0319488817891376,3.0,0.0026200873362445414,0.2040731666093667,0.04897017045454546,2.042962962962963,19.1893477235576,54.82670778159314,1199.0,1145.0,18.0,4.0,18.0,2.0,0.016932907348242814
surr_full_shuffle,790,3,2,11,790_T3_P1_R2,790_T3_R2_ex11,left_arm,120,amp_preserving,fixed_mean_rescaled,full_shuffle,False,10.0,-1,0.025730601276452804,0.04539520531687633,2.013157894736842,3.0,0.0026200873362445414,0.10106696361212417,0.0749465938760978,2.079012345679012,47.40227710693404,135.43507744838297,1199.0,1145.0,18.0,4.0,18.0,2.0,0.016776315789473684
surr_full_shuffle,790,3,2,11,790_T3_P1_R2,790_T3_R2_ex11,right_arm,120,amp_preserving,fixed_mean_rescaled,full_shuffle,False,10.0,-1,0.04359788682932788,0.086152553057365,2.043189368770764,3.0,0.0026200873362445414,0.25672892343338916,0.12847587028087132,2.0802381627445423,63.04253044895184,180.12151556843384,1199.0,1145.0,18.0,4.0,18.0,2.0,0.0170265780730897
surr_full_shuffle,790,3,2,11,790_T3_P1_R2,790_T3_R2_ex11,left_leg,120,amp_preserving,fixed_mean_rescaled,full_shuffle,False,10.0,-1,0.02401899410633035,0.04824868094844574,2.024,3.0,0.0026200873362445414,0.16334554318340233,0.06325090585468184,2.026476578411405,13.359656944102763,38.170448411722184,1199.0,1145.0,18.0,4.0,18.0,2.0,0.016866666666666665
surr_full_shuffle,790,3,2,11,790_T3_P1_R2,790_T3_R2_ex11,right_leg,120,amp_preserving,fixed_mean_rescaled,full_shuffle,False,10.0,-1,0.017595504931749474,0.0393960430406109,2.0542986425339365,3.0,0.0026200873362445414,0.30438396837985526,0.04976570635196113,2.0229276895943564,11.842605552398288,33.83601586399511,1199.0,1145.0,18.0,4.0,18.0,2.0,0.01711915535444947
surr_full_shuffle,790,3,2,13,790_T3_P1_R2,790_T3_R2_ex13,trunk_spine,120,amp_preserving,fixed_mean_rescaled,full_shuffle,False,12.0,-1,0.028564721103482814,0.058479745771998395,2.0368956743002546,3.0,0.0021660649819494585,0.22787327226128015,0.09599298681374877,2.0603684829478635,22.700717252292854,64.85919214940816,1439.0,1385.0,18.0,4.0,18.0,2.0,0.01697413061916879
surr_full_shuffle,790,3,2,13,790_T3_P1_R2,790_T3_R2_ex13,left_arm,120,amp_preserving,fixed_mean_rescaled,full_shuffle,False,12.0,-1,0.020744558752947558,0.03631425409918519,2.0338028169014084,3.0,0.0021660649819494585,0.21311813043168237,0.054069007142138616,2.065321805955812,49.17033086401614,140.4866596114747,1439.0,1385.0,18.0,4.0,18.0,2.0,0.016948356807511736
surr_full_shuffle,790,3,2,13,790_T3_P1_R2,790_T3_R2_ex13,right_arm,120,amp_preserving,fixed_mean_rescaled,full_shuffle,False,12.0,-1,0.032244736128211014,0.0661079471913021,2.032835820895522,3.0,0.0021660649819494585,0.20841982642087006,0.1312451462593839,2.066225165562914,45.95242732209978,131.29264949171366,1439.0,1385.0,18.0,4.0,18.0,2.0,0.016940298507462686
surr_full_shuffle,790,3,2,13,790_T3_P1_R2,790_T3_R2_ex13,left_leg,120,amp_preserving,fixed_mean_rescaled,full_shuffle,False,12.0,-1,0.04672690469731433,0.08605752054305109,2.0598610368786745,4.0,0.002888086642599278,0.3314121566817579,0.17571007502679528,2.184619655746807,68.05028420668705,194.4293834476773,1439.0,1385.0,18.0,4.0,18.0,2.0,0.017165508640655622
surr_full_shuffle,790,3,2,13,790_T3_P1_R2,790_T3_R2_ex13,right_leg,120,amp_preserving,fixed_mean_rescaled,full_shuffle,False,12.0,-1,0.03237933265165585,0.06499532755453871,2.0312185297079557,3.0,0.0021660649819494585,0.20046639070181446,0.10044146553668676,2.0849498327759197,52.95079371887152,151.28798205391865,1439.0,1385.0,18.0,4.0,18.0,2.0,0.016926821080899632
surr_block_shuffle,651,1,1,11,651_T1_P1_R1,651_T1_R1_ex11,trunk_spine,120,amp_preserving,fixed_mean_rescaled,block_shuffle,False,10.0,-1,0.01825052676581061,0.9504726846816699,4.422343324250681,21.0,0.01834061135371179,2.9178765519626064,0.9797540366435205,6.183210137275607,10.378559809012758,29.65302802575074,1199.0,1145.0,18.0,4.0,18.0,2.0,0.03685286103542234
surr_block_shuffle,651,1,1,11,651_T1_P1_R1,651_T1_R1_ex11,left_arm,120,amp_preserving,fixed_mean_rescaled,block_shuffle,False,10.0,-1,0.01301187895074358,0.9213799577563953,3.771373679154659,34.0,0.029694323144104803,2.5719580933573973,0.9646209809903779,5.237655304237018,22.659858398321227,64.74245256663208,1199.0,1145.0,18.0,4.0,18.0,2.0,0.03142811399295549
surr_block_shuffle,651,1,1,11,651_T1_P1_R1,651_T1_R1_ex11,right_arm,120,amp_preserving,fixed_mean_rescaled,block_shuffle,False,10.0,-1,0.018328396494335358,0.9236087970676441,3.8590323703445875,27.0,0.023580786026200874,2.6491920935520215,0.9685521492835721,5.268010874490258,29.064809190551053,83.04231197300301,1199.0,1145.0,18.0,4.0,18.0,2.0,0.0321586030862049
surr_block_shuffle,651,1,1,11,651_T1_P1_R1,651_T1_R1_ex11,left_leg,120,amp_preserving,fixed_mean_rescaled,block_shuffle,False,10.0,-1,0.039692185543713926,0.9679566087090321,5.3583901192504255,29.0,0.025327510917030567,3.344290850695663,0.98807508847515,7.86346242155212,9.739923952498943,27.828354149996983,1199.0,1145.0,18.0,4.0,18.0,2.0,0.04465325099375354
surr_block_shuffle,651,1,1,11,651_T1_P1_R1,651_T1_R1_ex11,right_leg,120,amp_preserving,fixed_mean_rescaled,block_shuffle,False,10.0,-1,0.06511436162091185,0.9812643624255499,6.873685939553219,65.0,0.056768558951965066,3.784427580186531,0.9928832715846738,10.298552839596255,12.709729831898745,36.31351380542499,1199.0,1145.0,18.0,4.0,18.0,2.0,0.057280716162943494
surr_block_shuffle,651,1,1,13,651_T1_P1_R1,651_T1_R1_ex13,trunk_spine,120,amp_preserving,fixed_mean_rescaled,block_shuffle,False,12.0,-1,0.02523945660566349,0.9361719718892104,3.8777397260273974,24.0,0.017328519855595668,2.659884828786633,0.9738941711451012,5.228831428254356,10.946426604558724,31.275504584453497,1439.0,1385.0,18.0,4.0,18.0,2.0,0.03231449771689498
surr_block_shuffle,651,1,1,13,651_T1_P1_R1,651_T1_R1_ex13,left_arm,120,amp_preserving,fixed_mean_rescaled,block_shuffle,False,12.0,-1,0.02355439160284635,0.9227906976744186,3.8385848535102265,27.0,0.019494584837545126,2.639918753823869,0.9685049833887043,5.257032940610724,31.351007337715547,89.57430667918729,1439.0,1385.0,18.0,4.0,18.0,2.0,0.031988207112585224
surr_block_shuffle,651,1,1,13,651_T1_P1_R1,651_T1_R1_ex13,right_arm,120,amp_preserving,fixed_mean_rescaled,block_shuffle,False,12.0,-1,0.021483274556040148,0.9413307430791646,4.178956446744286,21.0,0.01516245487364621,2.839918779475796,0.9771733851384167,5.730561093705497,38.0764552151291,108.78987204322601,1439.0,1385.0,18.0,4.0,18.0,2.0,0.03482463705620239
surr_block_shuffle,651,1,1,13,651_T1_P1_R1,651_T1_R1_ex13,left_leg,120,amp_preserving,fixed_mean_rescaled,block_shuffle,False,12.0,-1,0.09072327372133303,0.981449322031949,7.394333246685729,63.0,0.04548736462093863,3.935575238334507,0.9929155501374337,10.621270837177832,40.0242733985626,114.355066853036,1439.0,1385.0,18.0,4.0,18.0,2.0,0.061619443722381075
surr_block_shuffle,651,1,1,13,651_T1_P1_R1,651_T1_R1_ex13,right_leg,120,amp_preserving,fixed_mean_rescaled,block_shuffle,False,12.0,-1,0.061360363932305255,0.9662296587257052,6.1192117165625675,79.0,0.05703971119133574,3.599409412181718,0.9860735601693619,8.74067375084784,51.837213955931304,148.10632558837517,1439.0,1385.0,18.0,4.0,18.0,2.0,0.05099343097135473
surr_block_shuffle,651,1,2,11,651_T1_P1_R2,651_T1_R2_ex11,trunk_spine,120,amp_preserving,fixed_mean_rescaled,block_shuffle,False,10.0,-1,0.02811097199743488,0.9371571343218728,3.8582289803220036,29.0,0.025327510917030567,2.6408972807749356,0.9751507251099886,5.367264573991031,11.128010893488126,31.794316838537505,1199.0,1145.0,18.0,4.0,18.0,2.0,0.03215190816935003
surr_block_shuffle,651,1,2,11,651_T1_P1_R2,651_T1_R2_ex11,left_arm,120,amp_preserving,fixed_mean_rescaled,block_shuffle,False,10.0,-1,0.02376706263169145,0.951818065013491,4.6343446981545195,26.0,0.022707423580786028,3.059275268859126,0.9805666195554413,6.377062878629622,40.55873701816694,115.88210576619126,1199.0,1145.0,18.0,4.0,18.0,2.0,0.038619539151287664
surr_block_shuffle,651,1,2,11,651_T1_P1_R2,651_T1_R2_ex11,right_arm,120,amp_preserving,fixed_mean_rescaled,block_shuffle,False,10.0,-1,0.016418297859345895,0.9283920766297777,4.027027027027027,45.0,0.039301310043668124,2.742872909954589,0.9736817632288663,5.380267214799589,58.80563622667915,168.01610350479757,1199.0,1145.0,18.0,4.0,18.0,2.0,0.03355855855855856
surr_block_shuffle,651,1,2,11,651_T1_P1_R2,651_T1_R2_ex11,left_leg,120,amp_preserving,fixed_mean_rescaled,block_shuffle,False,10.0,-1,0.035345222463126394,0.9603870577562745,4.766723842195541,46.0,0.04017467248908297,3.1172701886157768,0.9842541794461964,6.750962962962963,13.750486263889064,39.28710361111161,1199.0,1145.0,18.0,4.0,18.0,2.0,0.03972269868496284
surr_block_shuffle,651,1,2,11,651_T1_P1_R2,651_T1_R2_ex11,right_leg,120,amp_preserving,fixed_mean_rescaled,block_shuffle,False,10.0,-1,0.029511100253458333,0.9489859271523179,4.410194758355374,42.0,0.03668122270742358,2.939180389531529,0.9794857201986755,6.2346451506668865,15.50392295947792,44.29692274136549,1199.0,1145.0,18.0,4.0,18.0,2.0,0.03675162298629478
surr_block_shuffle,651,1,2,13,651_T1_P1_R2,651_T1_R2_ex13,trunk_spine,120,amp_preserving,fixed_mean_rescaled,block_shuffle,False,14.0,-1,0.027485411140583553,0.9303774781481788,3.9103024684204426,35.0,0.021538461538461538,2.685946152996321,0.9722061378112333,5.328145069890442,15.643664667004261,44.69618476286932,1679.0,1625.0,18.0,4.0,18.0,2.0,0.032585853903503686
surr_block_shuffle,651,1,2,13,651_T1_P1_R2,651_T1_R2_ex13,left_arm,120,amp_preserving,fixed_mean_rescaled,block_shuffle,False,14.0,-1,0.019761273209549072,0.9249089165867689,3.7303944315545245,27.0,0.016615384615384615,2.5749472121916357,0.9695110258868648,5.082939579772796,38.31142463945498,109.46121325558566,1679.0,1625.0,18.0,4.0,18.0,2.0,0.031086620262954372
surr_block_shuffle,651,1,2,13,651_T1_P1_R2,651_T1_R2_ex13,right_arm,120,amp_preserving,fixed_mean_rescaled,block_shuffle,False,14.0,-1,0.023563471011746873,0.9423967580084909,4.355083234244947,27.0,0.016615384615384615,2.930637008708055,0.9772288691624855,6.077407740774078,53.419438044658634,152.62696584188183,1679.0,1625.0,18.0,4.0,18.0,2.0,0.03629236028537455
surr_block_shuffle,651,1,2,13,651_T1_P1_R2,651_T1_R2_ex13,left_leg,120,amp_preserving,fixed_mean_rescaled,block_shuffle,False,14.0,-1,0.02421523304281925,0.9318665498247372,4.205508474576271,36.0,0.022153846153846152,2.855423123823972,0.9735853780671007,5.8710955930923845,41.30962231504874,118.02749232871071,1679.0,1625.0,18.0,4.0,18.0,2.0,0.035045903954802254
surr_block_shuffle,651,1,2,13,651_T1_P1_R2,651_T1_R2_ex13,right_leg,120,amp_preserving,fixed_mean_rescaled,block_shuffle,False,14.0,-1,0.05945585449033725,0.9683118339876613,6.217547880176788,87.0,0.05353846153846154,3.6257602443380197,0.9867052465201652,8.890432984954634,45.82811805685185,130.93748016243387,1679.0,1625.0,18.0,4.0,18.0,2.0,0.051812899001473234
surr_block_shuffle,651,2,1,11,651_T2_P1_R1,651_T2_R1_ex11,trunk_spine,120,amp_preserving,fixed_mean_rescaled,block_shuffle,False,10.0,-1,0.022499770971386692,0.9394679695982627,3.804341852157186,20.0,0.017467248908296942,2.59667693785404,0.9757736156351792,5.190037899296156,14.363046559208293,41.03727588345227,1199.0,1145.0,18.0,4.0,18.0,2.0,0.03170284876797655
surr_block_shuffle,651,2,1,11,651_T2_P1_R1,651_T2_R1_ex11,left_arm,120,amp_preserving,fixed_mean_rescaled,block_shuffle,False,10.0,-1,0.020188108834397044,0.9184692179700499,3.6164383561643834,15.0,0.013100436681222707,2.4905166478380703,0.9655876569354107,4.885020088004592,39.95117950204092,114.14622714868835,1199.0,1145.0,18.0,4.0,18.0,2.0,0.03013698630136986
surr_block_shuffle,651,2,1,11,651_T2_P1_R1,651_T2_R1_ex11,right_arm,120,amp_preserving,fixed_mean_rescaled,block_shuffle,False,10.0,-1,0.017320670595779766,0.8973906911142454,3.5298196948682388,16.0,0.013973799126637555,2.440199416406098,0.9538963328631875,4.901925254813137,48.05835239992748,137.3095782855071,1199.0,1145.0,18.0,4.0,18.0,2.0,0.02941516412390199
surr_block_shuffle,651,2,1,11,651_T2_P1_R1,651_T2_R1_ex11,left_leg,120,amp_preserving,fixed_mean_rescaled,block_shuffle,False,10.0,-1,0.02061104834030598,0.9527372397955404,4.578497686009256,30.0,0.026200873362445413,3.0324237410275736,0.9827765019631084,6.318885448916409,13.479398244565914,38.51256641304547,1199.0,1145.0,18.0,4.0,18.0,2.0,0.03815414738341047
surr_block_shuffle,651,2,1,11,651_T2_P1_R1,651_T2_R1_ex11,right_leg,120,amp_preserving,fixed_mean_rescaled,block_shuffle,False,10.0,-1,0.01741075518368095,0.9487854073489432,4.251080550098232,17.0,0.014847161572052401,2.865056606954513,0.9813207050776112,6.12814895947426,13.442261380517,38.40646108719143,1199.0,1145.0,18.0,4.0,18.0,2.0,0.0354256712508186
surr_block_shuffle,651,2,1,13,651_T2_P1_R1,651_T2_R1_ex13,trunk_spine,120,amp_preserving,fixed_mean_rescaled,block_shuffle,False,14.0,-1,0.023553618794998104,0.9170500981370057,3.611378611251901,18.0,0.011076923076923076,2.489564391176873,0.966038160815985,4.853459424506951,15.5699103321214,44.485458091775435,1679.0,1625.0,18.0,4.0,18.0,2.0,0.030094821760432506
surr_block_shuffle,651,2,1,13,651_T2_P1_R1,651_T2_R1_ex13,left_arm,120,amp_preserving,fixed_mean_rescaled,block_shuffle,False,14.0,-1,0.02346949602122016,0.9361921983983467,3.963904840032814,35.0,0.021538461538461538,2.7110772180932994,0.9762496770860243,5.379927039772221,43.56043882614869,124.45839664613912,1679.0,1625.0,18.0,4.0,18.0,2.0,0.03303254033360678
surr_block_shuffle,651,2,1,13,651_T2_P1_R1,651_T2_R1_ex13,right_arm,120,amp_preserving,fixed_mean_rescaled,block_shuffle,False,14.0,-1,0.027555134520651763,0.9304436315630242,4.136202469739577,27.0,0.016615384615384615,2.818342681149939,0.971423856541709,5.821178409559127,46.17725666299302,131.9350190371229,1679.0,1625.0,18.0,4.0,18.0,2.0,0.03446835391449647
surr_block_shuffle,651,2,1,13,651_T2_P1_R1,651_T2_R1_ex13,left_leg,120,amp_preserving,fixed_mean_rescaled,block_shuffle,False,14.0,-1,0.02083440697233801,0.9108435487977884,3.751872939766257,36.0,0.022153846153846152,2.585383337119692,0.9638972754719727,5.194256591198667,41.56909939956282,118.76885542732235,1679.0,1625.0,18.0,4.0,18.0,2.0,0.031265607831385475
surr_block_shuffle,651,2,1,13,651_T2_P1_R1,651_T2_R1_ex13,right_leg,120,amp_preserving,fixed_mean_rescaled,block_shuffle,False,14.0,-1,0.03481167108753316,0.950276483650455,4.7652838427947595,84.0,0.05169230769230769,3.1064110256859543,0.9796447076239823,6.599061445959818,50.11964356955488,143.19898162729967,1679.0,1625.0,18.0,4.0,18.0,2.0,0.03971069868995633
surr_block_shuffle,651,2,2,11,651_T2_P1_R2,651_T2_R2_ex11,trunk_spine,120,amp_preserving,fixed_mean_rescaled,block_shuffle,False,10.0,-1,0.01874370171313403,0.9477842945584881,4.48016942626107,28.0,0.02445414847161572,2.987942575294017,0.9784131638970348,5.8790993636808615,15.955039763517759,45.58582789576503,1199.0,1145.0,18.0,4.0,18.0,2.0,0.03733474521884225
surr_block_shuffle,651,2,2,11,651_T2_P1_R2,651_T2_R2_ex11,left_arm,120,amp_preserving,fixed_mean_rescaled,block_shuffle,False,10.0,-1,0.02562066754206492,0.9110250297973779,3.7848477345877694,34.0,0.029694323144104803,2.594129539908892,0.960399284862932,5.309884678747941,40.96586946164446,117.04534131898419,1199.0,1145.0,18.0,4.0,18.0,2.0,0.03154039778823141
surr_block_shuffle,651,2,2,11,651_T2_P1_R2,651_T2_R2_ex11,right_arm,120,amp_preserving,fixed_mean_rescaled,block_shuffle,False,10.0,-1,0.017160350566464103,0.9183201352433491,3.8525569242254574,35.0,0.03056768558951965,2.6526202369378558,0.9689474152504671,4.996558843771507,52.388471490280295,149.68134711508657,1199.0,1145.0,18.0,4.0,18.0,2.0,0.03210464103521214
surr_block_shuffle,651,2,2,11,651_T2_P1_R2,651_T2_R2_ex11,left_leg,120,amp_preserving,fixed_mean_rescaled,block_shuffle,False,10.0,-1,0.025158029743182583,0.9556958184135461,4.61382947553472,34.0,0.029694323144104803,3.040206316266471,0.9834921405595679,6.270071580576514,11.523121277205647,32.92320364915899,1199.0,1145.0,18.0,4.0,18.0,2.0,0.03844857896278933
surr_block_shuffle,651,2,2,11,651_T2_P1_R2,651_T2_R2_ex11,right_leg,120,amp_preserving,fixed_mean_rescaled,block_shuffle,False,10.0,-1,0.015282315937337771,0.9501448696173443,4.158285964145168,19.0,0.016593886462882096,2.8093120431284406,0.9797182535717854,5.807521468759254,11.7033128309395,33.43803665982715,1199.0,1145.0,18.0,4.0,18.0,2.0,0.03465238303454307
surr_block_shuffle,651,2,2,13,651_T2_P1_R2,651_T2_R2_ex13,trunk_spine,120,amp_preserving,fixed_mean_rescaled,block_shuffle,False,14.0,-1,0.015081470253884047,0.9158291457286433,3.5457198443579765,16.0,0.009846153846153846,2.4458401434963486,0.9635678391959799,4.718838439768672,15.330276071153614,43.800788774724616,1679.0,1625.0,18.0,4.0,18.0,2.0,0.029547665369649805
surr_block_shuffle,651,2,2,13,651_T2_P1_R2,651_T2_R2_ex13,left_arm,120,amp_preserving,fixed_mean_rescaled,block_shuffle,False,14.0,-1,0.02259037514209928,0.9261943102522813,3.924936025021325,42.0,0.025846153846153845,2.694393415822908,0.9677435587761675,5.390357843595254,41.46548729557252,118.47282084449293,1679.0,1625.0,18.0,4.0,18.0,2.0,0.032707800208511044
surr_block_shuffle,651,2,2,13,651_T2_P1_R2,651_T2_R2_ex13,right_arm,120,amp_preserving,fixed_mean_rescaled,block_shuffle,False,14.0,-1,0.030949602122015914,0.9163034428718351,3.8681000620219144,29.0,0.017846153846153845,2.6714556330556873,0.9661712130858514,5.262620873624542,43.1511813831188,123.28908966605371,1679.0,1625.0,18.0,4.0,18.0,2.0,0.032234167183515954
surr_block_shuffle,651,2,2,13,651_T2_P1_R2,651_T2_R2_ex13,left_leg,120,amp_preserving,fixed_mean_rescaled,block_shuffle,False,14.0,-1,0.06042061386888973,0.9671746629037316,5.687689016744118,56.0,0.03446153846153846,3.4742810402094975,0.9869802445907808,8.4,46.086449701135486,131.67557057467283,1679.0,1625.0,18.0,4.0,18.0,2.0,0.04739740847286765
surr_block_shuffle,651,2,2,13,651_T2_P1_R2,651_T2_R2_ex13,right_leg,120,amp_preserving,fixed_mean_rescaled,block_shuffle,False,14.0,-1,0.07819401288366806,0.9811004390513389,7.4355075657411485,77.0,0.047384615384615386,3.942208697387735,0.9921494131444023,10.614028721032714,51.72430826790599,147.78373790830284,1679.0,1625.0,18.0,4.0,18.0,2.0,0.0619625630478429
surr_block_shuffle,651,3,1,11,651_T3_P1_R1,651_T3_R1_ex11,trunk_spine,120,amp_preserving,fixed_mean_rescaled,block_shuffle,False,10.0,-1,0.018679573701407763,0.9303580186365865,3.9520833333333334,18.0,0.01572052401746725,2.6916306426553693,0.9744155631845676,5.453339432753888,14.038182485163688,40.109092814753396,1199.0,1145.0,18.0,4.0,18.0,2.0,0.03293402777777778
surr_block_shuffle,651,3,1,11,651_T3_P1_R1,651_T3_R1_ex11,left_arm,120,amp_preserving,fixed_mean_rescaled,block_shuffle,False,10.0,-1,0.020305676855895197,0.9277389277389277,4.046572646769433,27.0,0.023580786026200874,2.766466519369388,0.9708624708624709,5.672891036906854,42.14821777148228,120.42347934709223,1199.0,1145.0,18.0,4.0,18.0,2.0,0.03372143872307861
surr_block_shuffle,651,3,1,11,651_T3_P1_R1,651_T3_R1_ex11,right_arm,120,amp_preserving,fixed_mean_rescaled,block_shuffle,False,10.0,-1,0.017754298103643082,0.9125386996904025,3.803225806451613,16.0,0.013973799126637555,2.6238044167057417,0.9625042999656003,5.304265402843602,46.50106125752609,132.86017502150312,1199.0,1145.0,18.0,4.0,18.0,2.0,0.03169354838709677
surr_block_shuffle,651,3,1,11,651_T3_P1_R1,651_T3_R1_ex11,left_leg,120,amp_preserving,fixed_mean_rescaled,block_shuffle,False,10.0,-1,0.013198155556234159,0.9293151318833873,3.8053055423969684,17.0,0.014847161572052401,2.613543363693878,0.9729291994447016,5.117128080316398,9.421551196096939,26.918717703134114,1199.0,1145.0,18.0,4.0,18.0,2.0,0.031710879519974734
surr_block_shuffle,651,3,1,11,651_T3_P1_R1,651_T3_R1_ex11,right_leg,120,amp_preserving,fixed_mean_rescaled,block_shuffle,False,10.0,-1,0.016945063669954498,0.9536853487114796,4.188365650969529,18.0,0.01572052401746725,2.843586652307211,0.9816183096053342,5.788522848034006,10.505456275687752,30.015589359107867,1199.0,1145.0,18.0,4.0,18.0,2.0,0.034903047091412745
surr_block_shuffle,651,3,1,13,651_T3_P1_R1,651_T3_R1_ex13,trunk_spine,120,amp_preserving,fixed_mean_rescaled,block_shuffle,False,12.0,-1,0.022862628075374054,0.9396677619569186,4.032510771641206,25.0,0.018050541516245487,2.7554174898715775,0.9770673603504929,5.435262757044935,15.009473756834709,42.884210733813454,1439.0,1385.0,18.0,4.0,18.0,2.0,0.033604256430343385
surr_block_shuffle,651,3,1,13,651_T3_P1_R1,651_T3_R1_ex13,left_arm,120,amp_preserving,fixed_mean_rescaled,block_shuffle,False,12.0,-1,0.02433588614594854,0.9270708283313326,3.917210144927536,22.0,0.01588447653429603,2.6887607982939614,0.97020236666095,5.295191295191295,36.95888841716014,105.59682404902898,1439.0,1385.0,18.0,4.0,18.0,2.0,0.03264341787439613
surr_block_shuffle,651,3,1,13,651_T3_P1_R1,651_T3_R1_ex13,right_arm,120,amp_preserving,fixed_mean_rescaled,block_shuffle,False,12.0,-1,0.022812545648045742,0.9470819612147823,4.40106269925611,26.0,0.018772563176895306,2.9485296110204433,0.9803787047200878,5.97324787515675,41.25141392404715,117.86118264013471,1439.0,1385.0,18.0,4.0,18.0,2.0,0.03667552249380092
surr_block_shuffle,651,3,1,13,651_T3_P1_R1,651_T3_R1_ex13,left_leg,120,amp_preserving,fixed_mean_rescaled,block_shuffle,False,12.0,-1,0.04969533190041944,0.9616200214155242,5.2772208779813345,55.0,0.039711191335740074,3.3188823569457253,0.9848621638077641,7.567637331612487,38.927340702509454,111.22097343574131,1439.0,1385.0,18.0,4.0,18.0,2.0,0.04397684064984445
surr_block_shuffle,651,3,1,13,651_T3_P1_R1,651_T3_R1_ex13,right_leg,120,amp_preserving,fixed_mean_rescaled,block_shuffle,False,12.0,-1,0.05022015400346404,0.9649505526468877,5.154255909444013,45.0,0.032490974729241874,3.259711394784457,0.9857890800299177,7.165747942309144,40.34256190735538,115.26446259244396,1439.0,1385.0,18.0,4.0,18.0,2.0,0.042952132578700106
surr_block_shuffle,651,3,2,11,651_T3_P1_R2,651_T3_R2_ex11,trunk_spine,120,amp_preserving,fixed_mean_rescaled,block_shuffle,False,10.0,-1,0.02123247931108193,0.9546958147562203,4.799710773680405,51.0,0.0445414847161572,3.1220545634682906,0.9816625916870416,6.458954341140289,16.421111512359612,46.917461463884614,1199.0,1145.0,18.0,4.0,18.0,2.0,0.03999758978067004
surr_block_shuffle,651,3,2,11,651_T3_P1_R2,651_T3_R2_ex11,left_arm,120,amp_preserving,fixed_mean_rescaled,block_shuffle,False,10.0,-1,0.02426023757901487,0.9406507646799672,3.998394863563403,18.0,0.01572052401746725,2.713819566855769,0.9776574988986091,5.532051282051282,37.99460107527846,108.55600307222419,1199.0,1145.0,18.0,4.0,18.0,2.0,0.03331995719636169
surr_block_shuffle,651,3,2,11,651_T3_P1_R2,651_T3_R2_ex11,right_arm,120,amp_preserving,fixed_mean_rescaled,block_shuffle,False,10.0,-1,0.02456255534858155,0.9570460620376702,4.818779342723005,38.0,0.03318777292576419,3.138661648014049,0.9835270715484553,6.476463364715514,40.39512989591198,115.4146568454628,1199.0,1145.0,18.0,4.0,18.0,2.0,0.0401564945226917
surr_block_shuffle,651,3,2,11,651_T3_P1_R2,651_T3_R2_ex11,left_leg,120,amp_preserving,fixed_mean_rescaled,block_shuffle,False,10.0,-1,0.03959141295385837,0.9612032394909371,5.231738035264484,56.0,0.04890829694323144,3.2905709610895735,0.985055919784034,7.537996163494172,10.525234267361107,30.07209790674602,1199.0,1145.0,18.0,4.0,18.0,2.0,0.04359781696053736
surr_block_shuffle,651,3,2,11,651_T3_P1_R2,651_T3_R2_ex11,right_leg,120,amp_preserving,fixed_mean_rescaled,block_shuffle,False,10.0,-1,0.03785842977982716,0.9608388788062109,5.092774690038478,68.0,0.059388646288209605,3.249461994512106,0.9837870538415003,7.147084676237914,9.899384331553968,28.28395523301134,1199.0,1145.0,18.0,4.0,18.0,2.0,0.042439789083653985
surr_block_shuffle,651,3,2,13,651_T3_P1_R2,651_T3_R2_ex13,trunk_spine,120,amp_preserving,fixed_mean_rescaled,block_shuffle,False,12.0,-1,0.02590617891947163,0.949454267187563,4.196902260993413,34.0,0.02454873646209386,2.8265760685116836,0.9790567481573966,5.796828424943365,16.974902683388983,48.49972195253995,1439.0,1385.0,18.0,4.0,18.0,2.0,0.034974185508278445
surr_block_shuffle,651,3,2,13,651_T3_P1_R2,651_T3_R2_ex13,left_arm,120,amp_preserving,fixed_mean_rescaled,block_shuffle,False,12.0,-1,0.02492539805095887,0.9527816149692327,5.134446198962328,45.0,0.032490974729241874,3.2622679420451637,0.9805559043911424,7.042844257366205,35.32910152638225,100.94029007537787,1439.0,1385.0,18.0,4.0,18.0,2.0,0.0427870516580194
surr_block_shuffle,651,3,2,13,651_T3_P1_R2,651_T3_R2_ex13,right_arm,120,amp_preserving,fixed_mean_rescaled,block_shuffle,False,12.0,-1,0.022781244130965547,0.9298800036640102,4.089224572004028,36.0,0.025992779783393503,2.7912108922042194,0.9706879179261702,5.705747745322385,34.16070688026816,97.60201965790903,1439.0,1385.0,18.0,4.0,18.0,2.0,0.0340768714333669
surr_block_shuffle,651,3,2,13,651_T3_P1_R2,651_T3_R2_ex13,left_leg,120,amp_preserving,fixed_mean_rescaled,block_shuffle,False,12.0,-1,0.04648275286408881,0.9704152637485971,5.6431275290432055,54.0,0.03898916967509025,3.4609345684707504,0.9887205387205387,8.144124988444116,48.12721615645063,137.50633187557324,1439.0,1385.0,18.0,4.0,18.0,2.0,0.04702606274202671
surr_block_shuffle,651,3,2,13,651_T3_P1_R2,651_T3_R2_ex13,right_leg,120,amp_preserving,fixed_mean_rescaled,block_shuffle,False,12.0,-1,0.08318795517622754,0.9694966699695218,6.033642963078604,51.0,0.0368231046931408,3.5848875617520166,0.9880344667561364,8.767878012132005,44.9618184458545,128.46233841672714,1439.0,1385.0,18.0,4.0,18.0,2.0,0.05028035802565503
surr_block_shuffle,790,1,1,11,790_T1_P1_R1,790_T1_R1_ex11,trunk_spine,120,amp_preserving,fixed_mean_rescaled,block_shuffle,False,10.0,-1,0.01792835984975723,0.9597172543008006,4.912380122057542,18.0,0.01572052401746725,3.1649265160955626,0.9836484414920798,7.040536421822615,15.183539188424412,43.381540538355466,1199.0,1145.0,18.0,4.0,18.0,2.0,0.04093650101714618
surr_block_shuffle,790,1,1,11,790_T1_P1_R1,790_T1_R1_ex11,left_arm,120,amp_preserving,fixed_mean_rescaled,block_shuffle,False,10.0,-1,0.04146334015329649,0.945684195021358,5.2378135835202935,53.0,0.0462882096069869,3.3202059501426757,0.977610841066431,7.518549985839705,61.078388928962625,174.50968265417893,1199.0,1145.0,18.0,4.0,18.0,2.0,0.04364844652933578
surr_block_shuffle,790,1,1,11,790_T1_P1_R1,790_T1_R1_ex11,right_arm,120,amp_preserving,fixed_mean_rescaled,block_shuffle,False,10.0,-1,0.0181314318868904,0.9294315789473684,3.9333570919458305,15.0,0.013100436681222707,2.699875191160261,0.9713684210526315,5.45132325141777,55.23938347405352,157.8268099258672,1199.0,1145.0,18.0,4.0,18.0,2.0,0.03277797576621525
surr_block_shuffle,790,1,1,11,790_T1_P1_R1,790_T1_R1_ex11,left_leg,120,amp_preserving,fixed_mean_rescaled,block_shuffle,False,10.0,-1,0.03617735975814578,0.9746349286739259,5.640693698094773,84.0,0.07336244541484715,3.4082470849163027,0.9921077065923862,8.237953390572981,8.67342572418219,24.781216354806258,1199.0,1145.0,18.0,4.0,18.0,2.0,0.04700578081745644
surr_block_shuffle,790,1,1,11,790_T1_P1_R1,790_T1_R1_ex11,right_leg,120,amp_preserving,fixed_mean_rescaled,block_shuffle,False,10.0,-1,0.028026994839221914,0.9700915232076706,5.943591455273698,26.0,0.022707423580786028,3.5561977448408553,0.98834168664197,8.61852731591449,10.383174747798238,29.666213565137824,1199.0,1145.0,18.0,4.0,18.0,2.0,0.049529928793947485
surr_block_shuffle,790,1,1,13,790_T1_P1_R1,790_T1_R1_ex13,trunk_spine,120,amp_preserving,fixed_mean_rescaled,block_shuffle,False,14.0,-1,0.02983099658961728,0.9124028250597023,4.11621776504298,25.0,0.015384615384615385,2.814510887028482,0.9618794776688177,5.8261906593829345,21.415381134083603,61.186803240238866,1679.0,1625.0,18.0,4.0,18.0,2.0,0.0343018147086915
surr_block_shuffle,790,1,1,13,790_T1_P1_R1,790_T1_R1_ex13,left_arm,120,amp_preserving,fixed_mean_rescaled,block_shuffle,False,14.0,-1,0.03596665403561955,0.9296851953306081,4.2948505791881635,87.0,0.05353846153846154,2.8736837257362096,0.9716591512495258,6.017617121231893,63.32572654844092,180.93064728125978,1679.0,1625.0,18.0,4.0,18.0,2.0,0.0357904214932347
surr_block_shuffle,790,1,1,13,790_T1_P1_R1,790_T1_R1_ex13,right_arm,120,amp_preserving,fixed_mean_rescaled,block_shuffle,False,14.0,-1,0.02921333838575218,0.9398137338833112,4.182290464096051,37.0,0.02276923076923077,2.8446100978050826,0.9749267128440605,5.777615496963641,57.95783095958885,165.59380274168242,1679.0,1625.0,18.0,4.0,18.0,2.0,0.03485242053413376
surr_block_shuffle,790,1,1,13,790_T1_P1_R1,790_T1_R1_ex13,left_leg,120,amp_preserving,fixed_mean_rescaled,block_shuffle,False,14.0,-1,0.14046305418719213,0.9844179107698783,9.14001603045787,120.0,0.07384615384615385,4.206307671601331,0.9932448837548087,14.037058218002974,46.61081919388852,133.17376912539578,1679.0,1625.0,18.0,4.0,18.0,2.0,0.07616680025381559
surr_block_shuffle,790,1,1,13,790_T1_P1_R1,790_T1_R1_ex13,right_leg,120,amp_preserving,fixed_mean_rescaled,block_shuffle,False,14.0,-1,0.10768927624100037,0.9658962954622228,6.895598874598071,88.0,0.05415384615384616,3.7679790655132654,0.9853268213039073,10.494397181726193,49.129904254603204,140.37115501315202,1679.0,1625.0,18.0,4.0,18.0,2.0,0.05746332395498392
surr_block_shuffle,790,1,2,11,790_T1_P1_R2,790_T1_R2_ex11,trunk_spine,120,amp_preserving,fixed_mean_rescaled,block_shuffle,False,10.0,-1,0.013279078999603016,0.9607910773830056,5.27192429022082,31.0,0.027074235807860263,3.327169082681769,0.9852822812464068,7.038193018480492,18.107483943834257,51.73566841095502,1199.0,1145.0,18.0,4.0,18.0,2.0,0.04393270241850684
surr_block_shuffle,790,1,2,11,790_T1_P1_R2,790_T1_R2_ex11,left_arm,120,amp_preserving,fixed_mean_rescaled,block_shuffle,False,10.0,-1,0.02164015024277033,0.9497636350807874,4.773404255319149,32.0,0.02794759825327511,3.1181392355925266,0.9791152190785296,6.516553181498004,49.794546479497804,142.27013279856516,1199.0,1145.0,18.0,4.0,18.0,2.0,0.039778368794326245
surr_block_shuffle,790,1,2,11,790_T1_P1_R2,790_T1_R2_ex11,right_arm,120,amp_preserving,fixed_mean_rescaled,block_shuffle,False,10.0,-1,0.03193422298225792,0.9699737030839111,6.019881305637982,53.0,0.0462882096069869,3.5554320862561304,0.9876643557255558,8.259496201519392,48.567731016005126,138.76494576001465,1199.0,1145.0,18.0,4.0,18.0,2.0,0.05016567754698319
surr_block_shuffle,790,1,2,11,790_T1_P1_R2,790_T1_R2_ex11,left_leg,120,amp_preserving,fixed_mean_rescaled,block_shuffle,False,10.0,-1,0.032169359025254224,0.9673928520575252,5.402067320434667,32.0,0.02794759825327511,3.3755058464025613,0.9890597560396791,7.97645933014354,12.681605801646485,36.233159433275674,1199.0,1145.0,18.0,4.0,18.0,2.0,0.045017227670288894
surr_block_shuffle,790,1,2,11,790_T1_P1_R2,790_T1_R2_ex11,right_leg,120,amp_preserving,fixed_mean_rescaled,block_shuffle,False,10.0,-1,0.023982349528201056,0.9738333227223531,6.108626198083067,48.0,0.04192139737991266,3.5883693531765015,0.9884446425160757,8.137054507337526,12.118049914167887,34.622999754765395,1199.0,1145.0,18.0,4.0,18.0,2.0,0.0509052183173589
surr_block_shuffle,790,1,2,13,790_T1_P1_R2,790_T1_R2_ex13,trunk_spine,120,amp_preserving,fixed_mean_rescaled,block_shuffle,False,14.0,-1,0.02263584691170898,0.9480045533681533,4.433223735713168,46.0,0.028307692307692308,2.958334937278679,0.9807821079416098,6.321536469572723,19.395532928142483,55.41580836612138,1679.0,1625.0,18.0,4.0,18.0,2.0,0.036943531130943064
surr_block_shuffle,790,1,2,13,790_T1_P1_R2,790_T1_R2_ex13,left_arm,120,amp_preserving,fixed_mean_rescaled,block_shuffle,False,14.0,-1,0.02859037514209928,0.9464546056991385,4.177978001404166,45.0,0.027692307692307693,2.835943418107306,0.9785420808482439,5.759946949602122,61.36726187554682,175.3350339301338,1679.0,1625.0,18.0,4.0,18.0,2.0,0.03481648334503472
surr_block_shuffle,790,1,2,13,790_T1_P1_R2,790_T1_R2_ex13,right_arm,120,amp_preserving,fixed_mean_rescaled,block_shuffle,False,14.0,-1,0.0249518757104964,0.9521625561900133,4.693666716574337,48.0,0.029538461538461538,3.0894419907996444,0.9817762118819099,6.614959582523278,59.38425971021241,169.66931345774975,1679.0,1625.0,18.0,4.0,18.0,2.0,0.03911388930478614
surr_block_shuffle,790,1,2,13,790_T1_P1_R2,790_T1_R2_ex13,left_leg,120,amp_preserving,fixed_mean_rescaled,block_shuffle,False,14.0,-1,0.0350776809397499,0.9562493248352598,4.964666292765003,54.0,0.03323076923076923,3.2034073823127347,0.9827697958301825,7.077563404387739,30.284411600073128,86.52689028592323,1679.0,1625.0,18.0,4.0,18.0,2.0,0.04137221910637502
surr_block_shuffle,790,1,2,13,790_T1_P1_R2,790_T1_R2_ex13,right_leg,120,amp_preserving,fixed_mean_rescaled,block_shuffle,False,14.0,-1,0.027765062523683215,0.9452451140954252,4.5303506017791735,29.0,0.017846153846153845,3.0187558847094005,0.9788186483240529,6.421344793625213,29.48236831301179,84.23533803717655,1679.0,1625.0,18.0,4.0,18.0,2.0,0.037752921681493114
surr_block_shuffle,790,2,1,11,790_T2_P1_R1,790_T2_R1_ex11,trunk_spine,120,amp_preserving,fixed_mean_rescaled,block_shuffle,False,8.0,-1,0.015432943822422138,0.9551718675748455,4.42406456346295,18.0,0.019889502762430938,2.948244338001624,0.9828924441628386,5.842749529190207,13.166851588355192,37.61957596672912,959.0,905.0,18.0,4.0,18.0,2.0,0.03686720469552458
surr_block_shuffle,790,2,1,11,790_T2_P1_R1,790_T2_R1_ex11,left_arm,120,amp_preserving,fixed_mean_rescaled,block_shuffle,False,8.0,-1,0.019278345474991444,0.952700989094598,4.663563004345127,47.0,0.051933701657458566,3.0752785729387995,0.9810423535379152,6.372734761120263,54.684916097953035,156.24261742272296,959.0,905.0,18.0,4.0,18.0,2.0,0.03886302503620939
surr_block_shuffle,790,2,1,11,790_T2_P1_R1,790_T2_R1_ex11,right_arm,120,amp_preserving,fixed_mean_rescaled,block_shuffle,False,8.0,-1,0.01889453869847944,0.9472117997153577,4.431598062953995,28.0,0.030939226519337018,2.9469600442855617,0.9800103506275067,6.31471446436015,34.42042873282972,98.34408209379922,959.0,905.0,18.0,4.0,18.0,2.0,0.03692998385794996
surr_block_shuffle,790,2,1,11,790_T2_P1_R1,790_T2_R1_ex11,left_leg,120,amp_preserving,fixed_mean_rescaled,block_shuffle,False,8.0,-1,0.020996919767271305,0.952497380370241,4.872543180464562,22.0,0.02430939226519337,3.154999785252887,0.9784608219816043,6.643478260869565,9.995610538091046,28.558887251688706,959.0,905.0,18.0,4.0,18.0,2.0,0.04060452650387135
surr_block_shuffle,790,2,1,11,790_T2_P1_R1,790_T2_R1_ex11,right_leg,120,amp_preserving,fixed_mean_rescaled,block_shuffle,False,8.0,-1,0.016190778858847114,0.9524384719915446,4.672592592592593,23.0,0.02541436464088398,3.066250014555252,0.9822587951079571,6.604568527918782,9.107307862681026,26.020879607660078,959.0,905.0,18.0,4.0,18.0,2.0,0.03893827160493827
surr_block_shuffle,790,2,1,13,790_T2_P1_R1,790_T2_R1_ex13,trunk_spine,120,amp_preserving,fixed_mean_rescaled,block_shuffle,False,14.0,-1,0.017145888594164455,0.9490364214992928,4.446262166079934,30.0,0.018461538461538463,2.9593349897115795,0.9783194837340877,6.017808591625884,18.05569113172789,51.58768894779398,1679.0,1625.0,18.0,4.0,18.0,2.0,0.03705218471733278
surr_block_shuffle,790,2,1,13,790_T2_P1_R1,790_T2_R1_ex13,left_arm,120,amp_preserving,fixed_mean_rescaled,block_shuffle,False,14.0,-1,0.028159151193633953,0.9451770911831198,4.457291534458688,46.0,0.028307692307692308,2.9556293918772285,0.9776079233501992,6.083912570136505,43.177153664338945,123.36329618382557,1679.0,1625.0,18.0,4.0,18.0,2.0,0.037144096120489065
surr_block_shuffle,790,2,1,13,790_T2_P1_R1,790_T2_R1_ex13,right_arm,120,amp_preserving,fixed_mean_rescaled,block_shuffle,False,14.0,-1,0.02169761273209549,0.944708347886832,4.604528430371127,41.0,0.02523076923076923,3.0572763207683344,0.9774886482710443,6.5995755217545105,47.26649230255633,135.04712086444667,1679.0,1625.0,18.0,4.0,18.0,2.0,0.03837107025309273
surr_block_shuffle,790,2,1,13,790_T2_P1_R1,790_T2_R1_ex13,left_leg,120,amp_preserving,fixed_mean_rescaled,block_shuffle,False,14.0,-1,0.03283213338385752,0.9460089561885416,4.474126637554585,37.0,0.02276923076923077,2.998708160079916,0.9787521351738147,6.264997044917258,38.01633849017938,108.61810997194108,1679.0,1625.0,18.0,4.0,18.0,2.0,0.03728438864628821
surr_block_shuffle,790,2,1,13,790_T2_P1_R1,790_T2_R1_ex13,right_leg,120,amp_preserving,fixed_mean_rescaled,block_shuffle,False,14.0,-1,0.057575596816976125,0.9581550854931487,5.3284532611082644,89.0,0.05476923076923077,3.3433949737476656,0.9824275052322596,7.696019797896473,44.26376768991816,126.46790768548047,1679.0,1625.0,18.0,4.0,18.0,2.0,0.0444037771759022
surr_block_shuffle,790,2,2,11,790_T2_P1_R2,790_T2_R2_ex11,trunk_spine,120,amp_preserving,fixed_mean_rescaled,block_shuffle,False,10.0,-1,0.016957278529330932,0.9531784620925626,4.363561417971971,23.0,0.020087336244541485,2.9170092049157823,0.9810462812893931,5.8704202586206895,16.05281274528392,45.86517927223977,1199.0,1145.0,18.0,4.0,18.0,2.0,0.03636301181643309
surr_block_shuffle,790,2,2,11,790_T2_P1_R2,790_T2_R2_ex11,left_arm,120,amp_preserving,fixed_mean_rescaled,block_shuffle,False,10.0,-1,0.018490243381073076,0.9417836498761354,4.394990366088632,36.0,0.0314410480349345,2.948166723993741,0.9765070189925681,5.9754926730672056,49.35555163476525,141.015861813615,1199.0,1145.0,18.0,4.0,18.0,2.0,0.036624919717405266
surr_block_shuffle,790,2,2,11,790_T2_P1_R2,790_T2_R2_ex11,right_arm,120,amp_preserving,fixed_mean_rescaled,block_shuffle,False,10.0,-1,0.017294714019604848,0.9549748388805509,4.680657723929035,37.0,0.032314410480349345,3.0693548047265695,0.9825196433300962,6.59691760521636,33.83979218689867,96.6851205339962,1199.0,1145.0,18.0,4.0,18.0,2.0,0.03900548103274196
surr_block_shuffle,790,2,2,11,790_T2_P1_R2,790_T2_R2_ex11,left_leg,120,amp_preserving,fixed_mean_rescaled,block_shuffle,False,10.0,-1,0.02557333496198125,0.9576691145740044,4.5594087549744176,43.0,0.03755458515283843,3.0084089399606686,0.9826258284076661,6.195369847543761,14.366050546047932,41.045858702994096,1199.0,1145.0,18.0,4.0,18.0,2.0,0.037995072958120144
surr_block_shuffle,790,2,2,11,790_T2_P1_R2,790_T2_R2_ex11,right_leg,120,amp_preserving,fixed_mean_rescaled,block_shuffle,False,10.0,-1,0.04353833938986777,0.973207083990882,5.849704890387859,41.0,0.03580786026200873,3.524419652809086,0.9897247062949325,8.328759037922385,16.42838516983009,46.938243342371685,1199.0,1145.0,18.0,4.0,18.0,2.0,0.048747540753232156
surr_block_shuffle,790,2,2,13,790_T2_P1_R2,790_T2_R2_ex13,trunk_spine,120,amp_preserving,fixed_mean_rescaled,block_shuffle,False,16.0,-1,0.01961189289946956,0.9261051952242659,3.6915341440598692,16.0,0.008579088471849867,2.544275617742299,0.9709877086450175,5.020857034508912,18.60638031564925,53.16108661614072,1919.0,1865.0,18.0,4.0,18.0,2.0,0.030762784533832244
surr_block_shuffle,790,2,2,13,790_T2_P1_R2,790_T2_R2_ex13,left_arm,120,amp_preserving,fixed_mean_rescaled,block_shuffle,False,16.0,-1,0.03632822837680792,0.9542323224324967,5.211017901928566,71.0,0.03806970509383378,3.300668773297227,0.9813841159236677,7.290100582318687,58.02815240870682,165.7947211677338,1919.0,1865.0,18.0,4.0,18.0,2.0,0.04342514918273805
surr_block_shuffle,790,2,2,13,790_T2_P1_R2,790_T2_R2_ex13,right_arm,120,amp_preserving,fixed_mean_rescaled,block_shuffle,False,16.0,-1,0.046305330863316806,0.9554834942288817,4.8443464566929135,47.0,0.02520107238605898,3.1620884341568343,0.9826866450482686,6.877695652173913,47.71382851062689,136.32522431607683,1919.0,1865.0,18.0,4.0,18.0,2.0,0.040369553805774276
surr_block_shuffle,790,2,2,13,790_T2_P1_R2,790_T2_R2_ex13,left_leg,120,amp_preserving,fixed_mean_rescaled,block_shuffle,False,16.0,-1,0.029454371814196457,0.9333164052581205,4.1266948786596425,30.0,0.0160857908847185,2.824164250008102,0.9722054026603121,5.706718642513185,45.70206248774486,130.57732139355676,1919.0,1865.0,18.0,4.0,18.0,2.0,0.03438912398883035
surr_block_shuffle,790,2,2,13,790_T2_P1_R2,790_T2_R2_ex13,right_leg,120,amp_preserving,fixed_mean_rescaled,block_shuffle,False,16.0,-1,0.0431508819569895,0.9401365260519439,4.134506009967751,28.0,0.015013404825737266,2.824164933244957,0.9752213215295185,5.8047377192286325,54.01081302735909,154.3166086495974,1919.0,1865.0,18.0,4.0,18.0,2.0,0.03445421674973126
surr_block_shuffle,790,3,1,11,790_T3_P1_R1,790_T3_R1_ex11,trunk_spine,120,amp_preserving,fixed_mean_rescaled,block_shuffle,False,10.0,-1,0.02541759550493175,0.9691836366912957,5.478438030560271,54.0,0.04716157205240175,3.3774694016130313,0.9872049017841052,7.587257617728532,14.634919063252516,41.81405446643576,1199.0,1145.0,18.0,4.0,18.0,2.0,0.04565365025466893
surr_block_shuffle,790,3,1,11,790_T3_P1_R1,790_T3_R1_ex11,left_arm,120,amp_preserving,fixed_mean_rescaled,block_shuffle,False,10.0,-1,0.019131523498335724,0.9470869912210694,4.28876039031442,18.0,0.01572052401746725,2.8794756235278247,0.9778930566640064,5.939408628211343,39.68649023328265,113.38997209509328,1199.0,1145.0,18.0,4.0,18.0,2.0,0.03573966991928683
surr_block_shuffle,790,3,1,11,790_T3_P1_R1,790_T3_R1_ex11,right_arm,120,amp_preserving,fixed_mean_rescaled,block_shuffle,False,10.0,-1,0.01563502000183223,0.9529296875,4.528074245939675,49.0,0.04279475982532751,3.0084362999599477,0.98125,6.4513643659711075,30.172669268477087,86.2076264813631,1199.0,1145.0,18.0,4.0,18.0,2.0,0.03773395204949729
surr_block_shuffle,790,3,1,11,790_T3_P1_R1,790_T3_R1_ex11,left_leg,120,amp_preserving,fixed_mean_rescaled,block_shuffle,False,10.0,-1,0.020336214004336276,0.966438921840979,5.057760314341847,44.0,0.03842794759825328,3.219910002373195,0.9881747878969893,7.131671633703603,10.633505965144924,30.381445614699786,1199.0,1145.0,18.0,4.0,18.0,2.0,0.04214800261951539
surr_block_shuffle,790,3,1,11,790_T3_P1_R1,790_T3_R1_ex11,right_leg,120,amp_preserving,fixed_mean_rescaled,block_shuffle,False,10.0,-1,0.05895501878034629,0.9826478814876204,7.403317073170732,60.0,0.05240174672489083,3.948609741391018,0.9936159743085051,10.75115594787726,16.66990375914366,47.62829645469618,1199.0,1145.0,18.0,4.0,18.0,2.0,0.061694308943089436
surr_block_shuffle,790,3,1,13,790_T3_P1_R1,790_T3_R1_ex13,trunk_spine,120,amp_preserving,fixed_mean_rescaled,block_shuffle,False,18.0,-1,0.018462288774689993,0.8976127580471578,3.4692758555492533,23.0,0.010926365795724466,2.39371328057244,0.9583333333333334,4.722818225650916,21.125271896571466,60.35791970448991,2159.0,2105.0,18.0,4.0,18.0,2.0,0.02891063212957711
surr_block_shuffle,790,3,1,13,790_T3_P1_R1,790_T3_R1_ex13,left_arm,120,amp_preserving,fixed_mean_rescaled,block_shuffle,False,18.0,-1,0.023074699926844466,0.9226975615483972,3.8124039783294252,38.0,0.018052256532066508,2.629071072498687,0.9676699675134056,5.309637583892617,58.64332937471874,167.55236964205355,2159.0,2105.0,18.0,4.0,18.0,2.0,0.03177003315274521
surr_block_shuffle,790,3,1,13,790_T3_P1_R1,790_T3_R1_ex13,right_arm,120,amp_preserving,fixed_mean_rescaled,block_shuffle,False,18.0,-1,0.022999738085131363,0.9430613366842064,4.3428571428571425,43.0,0.020427553444180523,2.9302660362717847,0.9772638027173486,6.053758209681343,47.61816753969114,136.05190725626042,2159.0,2105.0,18.0,4.0,18.0,2.0,0.03619047619047619
surr_block_shuffle,790,3,1,13,790_T3_P1_R1,790_T3_R1_ex13,left_leg,120,amp_preserving,fixed_mean_rescaled,block_shuffle,False,18.0,-1,0.031244637518853355,0.932894927012574,4.201731545371697,58.0,0.027553444180522565,2.8421122283680615,0.9715132244544009,5.800241608421779,43.91656083184108,125.47588809097452,2159.0,2105.0,18.0,4.0,18.0,2.0,0.03501442954476414
surr_block_shuffle,790,3,1,13,790_T3_P1_R1,790_T3_R1_ex13,right_leg,120,amp_preserving,fixed_mean_rescaled,block_shuffle,False,18.0,-1,0.039787126432629175,0.942513080685984,4.486574099086931,47.0,0.022327790973871733,3.003884840470567,0.9770392817823782,6.352359517396598,62.87466751326981,179.64190718077091,2159.0,2105.0,18.0,4.0,18.0,2.0,0.03738811749239109
surr_block_shuffle,790,3,2,11,790_T3_P1_R2,790_T3_R2_ex11,trunk_spine,120,amp_preserving,fixed_mean_rescaled,block_shuffle,False,10.0,-1,0.023341069410938407,0.9648066985019952,5.698995363214838,98.0,0.08558951965065502,3.4205502256544604,0.9857395172368679,8.058288770053476,19.799994895936905,56.571413988391164,1199.0,1145.0,18.0,4.0,18.0,2.0,0.047491628026790314
surr_block_shuffle,790,3,2,11,790_T3_P1_R2,790_T3_R2_ex11,left_arm,120,amp_preserving,fixed_mean_rescaled,block_shuffle,False,10.0,-1,0.017163404281308213,0.9339026776977137,4.2228479485116655,18.0,0.01572052401746725,2.8578484064434453,0.9734009429766035,5.778716662265646,48.021499792974446,137.20428512278414,1199.0,1145.0,18.0,4.0,18.0,2.0,0.03519039957093054
surr_block_shuffle,790,3,2,11,790_T3_P1_R2,790_T3_R2_ex11,right_arm,120,amp_preserving,fixed_mean_rescaled,block_shuffle,False,10.0,-1,0.03907075457293798,0.9559967173394818,5.307658928183987,46.0,0.04017467248908297,3.3175276424893085,0.9822384618390715,7.722998924565985,66.35886847394204,189.59676706840585,1199.0,1145.0,18.0,4.0,18.0,2.0,0.044230491068199894
surr_block_shuffle,790,3,2,11,790_T3_P1_R2,790_T3_R2_ex11,left_leg,120,amp_preserving,fixed_mean_rescaled,block_shuffle,False,10.0,-1,0.01972699789293676,0.9506965944272446,4.901436552274541,31.0,0.027074235807860263,3.1820905778113935,0.9789086687306502,6.628668763102725,13.54252634023977,38.69293240068506,1199.0,1145.0,18.0,4.0,18.0,2.0,0.040845304602287844
surr_block_shuffle,790,3,2,11,790_T3_P1_R2,790_T3_R2_ex11,right_leg,120,amp_preserving,fixed_mean_rescaled,block_shuffle,False,10.0,-1,0.01778788896692827,0.9411158798283262,4.598993288590604,30.0,0.026200873362445413,3.029687582609364,0.9742918454935622,6.130434782608695,11.726585990240178,33.504531400686226,1199.0,1145.0,18.0,4.0,18.0,2.0,0.03832494407158837
surr_block_shuffle,790,3,2,13,790_T3_P1_R2,790_T3_R2_ex13,trunk_spine,120,amp_preserving,fixed_mean_rescaled,block_shuffle,False,12.0,-1,0.028984161432357422,0.8861010115554916,3.8341121495327104,43.0,0.03104693140794224,2.6223310263595696,0.9467943410489938,5.263358014808885,22.964707599110152,65.61345028317187,1439.0,1385.0,18.0,4.0,18.0,2.0,0.031950934579439254
surr_block_shuffle,790,3,2,13,790_T3_P1_R2,790_T3_R2_ex13,left_arm,120,amp_preserving,fixed_mean_rescaled,block_shuffle,False,12.0,-1,0.02105653053984683,0.9388533769387047,4.172428980400793,24.0,0.017328519855595668,2.839389808717707,0.9771567315792081,5.895366218236173,49.844252100776316,142.4121488593609,1439.0,1385.0,18.0,4.0,18.0,2.0,0.03477024150333994
surr_block_shuffle,790,3,2,13,790_T3_P1_R2,790_T3_R2_ex13,right_arm,120,amp_preserving,fixed_mean_rescaled,block_shuffle,False,12.0,-1,0.029585150560297157,0.9411391289014284,4.318821815827804,17.0,0.01227436823104693,2.9161597856614394,0.977746429201199,6.221723518850988,46.587412470351005,133.10689277243145,1439.0,1385.0,18.0,4.0,18.0,2.0,0.03599018179856504
surr_block_shuffle,790,3,2,13,790_T3_P1_R2,790_T3_R2_ex13,left_leg,120,amp_preserving,fixed_mean_rescaled,block_shuffle,False,12.0,-1,0.061722418146532836,0.9672729731557238,6.004197271773347,64.0,0.046209386281588445,3.5552235611509118,0.9872117790249509,8.83301822581865,68.3526296075014,195.29322745000403,1439.0,1385.0,18.0,4.0,18.0,2.0,0.050034977264777895
surr_block_shuffle,790,3,2,13,790_T3_P1_R2,790_T3_R2_ex13,right_leg,120,amp_preserving,fixed_mean_rescaled,block_shuffle,False,12.0,-1,0.03182320903153106,0.9342295081967213,4.250932418320155,33.0,0.023826714801444042,2.8810895066013265,0.972327868852459,5.957412615508236,53.78392514412504,153.668357554643,1439.0,1385.0,18.0,4.0,18.0,2.0,0.035424436819334625
trunc_amp_preserving,651,1,1,11,651_T1_P1_R1,651_T1_R1_ex11,trunk_spine,120,amp_preserving,fixed_mean_rescaled,identity,True,10.0,1199,0.02783919137630928,0.9937476005045796,7.487190082644628,59.0,0.05152838427947598,3.891472517495261,0.9972028739099436,9.615018508725543,10.51514079829874,30.043259423710687,1199.0,1145.0,18.0,4.0,18.0,2.0,0.062393250688705236
trunc_amp_preserving,651,1,1,11,651_T1_P1_R1,651_T1_R1_ex11,left_arm,120,amp_preserving,fixed_mean_rescaled,identity,True,10.0,1199,0.020389654014108163,0.9653287404522989,4.643731988472623,37.0,0.032314410480349345,3.0489358561472693,0.9818406469971545,6.224305720389271,22.462455272949455,64.17844363699845,1199.0,1145.0,18.0,4.0,18.0,2.0,0.03869776657060519
trunc_amp_preserving,651,1,1,11,651_T1_P1_R1,651_T1_R1_ex11,right_arm,120,amp_preserving,fixed_mean_rescaled,identity,True,10.0,1199,0.020017100803127005,0.9700228832951945,4.773648648648648,39.0,0.03406113537117904,3.087329962293763,0.9857360793287566,6.252056119980648,29.94533223691401,85.5580921054686,1199.0,1145.0,18.0,4.0,18.0,2.0,0.0397804054054054
trunc_amp_preserving,651,1,1,11,651_T1_P1_R1,651_T1_R1_ex11,left_leg,120,amp_preserving,fixed_mean_rescaled,identity,True,10.0,1199,0.06335694872812776,0.9957344258344378,12.26053412462908,145.0,0.12663755458515283,4.662003445898553,0.997397276780335,15.437150317045878,9.78167766831755,27.94765048090729,1199.0,1145.0,18.0,4.0,18.0,2.0,0.10217111770524233
trunc_amp_preserving,651,1,1,11,651_T1_P1_R1,651_T1_R1_ex11,right_leg,120,amp_preserving,fixed_mean_rescaled,identity,True,10.0,1199,0.08594375057257153,0.9963757816941444,11.401504370807075,190.0,0.16593886462882096,4.55892439363538,0.9975660886867538,14.3590333716916,12.447084497797691,35.563098565136265,1199.0,1145.0,18.0,4.0,18.0,2.0,0.09501253642339229
trunc_amp_preserving,651,1,1,13,651_T1_P1_R1,651_T1_R1_ex13,trunk_spine,120,amp_preserving,fixed_mean_rescaled,identity,True,12.0,1439,0.02828822436927443,0.9797875479492476,5.113378248315688,52.0,0.03754512635379061,3.2255801357597016,0.9896540277367956,6.9055462617423755,11.206552249323815,32.01872071235376,1439.0,1385.0,18.0,4.0,18.0,2.0,0.04261148540263073
trunc_amp_preserving,651,1,1,13,651_T1_P1_R1,651_T1_R1_ex13,left_arm,120,amp_preserving,fixed_mean_rescaled,identity,True,12.0,1439,0.03305440203668538,0.985290404040404,7.508780370459466,99.0,0.07148014440433213,3.840679719555126,0.9917140151515151,9.220102714600147,31.056013405914776,88.73146687404223,1439.0,1385.0,18.0,4.0,18.0,2.0,0.06257316975382889
trunc_amp_preserving,651,1,1,13,651_T1_P1_R1,651_T1_R1_ex13,right_arm,120,amp_preserving,fixed_mean_rescaled,identity,True,12.0,1439,0.025566035767200183,0.9857976574297025,6.157277593678307,70.0,0.05054151624548736,3.5584546055046338,0.9925315267518263,7.5352439969016265,38.62073718914339,110.34496339755256,1439.0,1385.0,18.0,4.0,18.0,2.0,0.05131064661398589
trunc_amp_preserving,651,1,1,13,651_T1_P1_R1,651_T1_R1_ex13,left_leg,120,amp_preserving,fixed_mean_rescaled,identity,True,12.0,1439,0.1618799691158365,0.9966161560822178,11.190041974236504,145.0,0.10469314079422383,4.556719405689501,0.9981114928230281,15.780699072658718,37.88588303499709,108.2453800999917,1439.0,1385.0,18.0,4.0,18.0,2.0,0.09325034978530419
trunc_amp_preserving,651,1,1,13,651_T1_P1_R1,651_T1_R1_ex13,right_leg,120,amp_preserving,fixed_mean_rescaled,identity,True,12.0,1439,0.09201289622503704,0.9939560252644948,12.865697930427125,132.0,0.09530685920577617,4.737394111418718,0.9966491659768446,17.24377084559545,51.927189108683905,148.3633974533826,1439.0,1385.0,18.0,4.0,18.0,2.0,0.10721414942022604
trunc_amp_preserving,651,1,2,11,651_T1_P1_R2,651_T1_R2_ex11,trunk_spine,120,amp_preserving,fixed_mean_rescaled,identity,True,10.0,1199,0.042072556264696005,0.9829069134458356,5.403830806065443,65.0,0.056768558951965066,3.270432855475847,0.9922518599165305,7.359757738896366,11.19271399746857,31.979182849910202,1199.0,1145.0,18.0,4.0,18.0,2.0,0.045031923383878694
trunc_amp_preserving,651,1,2,11,651_T1_P1_R2,651_T1_R2_ex11,left_arm,120,amp_preserving,fixed_mean_rescaled,identity,True,10.0,1199,0.030074510642196232,0.9862923287810327,6.334202804043039,73.0,0.06375545851528384,3.6124676468029207,0.9939330862567903,8.279763163459505,39.15767970641525,111.87908487547216,1199.0,1145.0,18.0,4.0,18.0,2.0,0.05278502336702532
trunc_amp_preserving,651,1,2,11,651_T1_P1_R2,651_T1_R2_ex11,right_arm,120,amp_preserving,fixed_mean_rescaled,identity,True,10.0,1199,0.028555287507252572,0.984172815741632,7.338915470494418,76.0,0.06637554585152838,3.770716532667898,0.9927013153673404,8.74493641073952,58.75631404504811,167.87518298585175,1199.0,1145.0,18.0,4.0,18.0,2.0,0.06115762892078681
trunc_amp_preserving,651,1,2,11,651_T1_P1_R2,651_T1_R2_ex11,left_leg,120,amp_preserving,fixed_mean_rescaled,identity,True,10.0,1199,0.035754420252236845,0.9878720587607294,6.441938178780284,58.0,0.050655021834061134,3.6323615539812213,0.9940641414357091,8.238541850999823,13.660513373585026,39.030038210242935,1199.0,1145.0,18.0,4.0,18.0,2.0,0.05368281815650237
trunc_amp_preserving,651,1,2,11,651_T1_P1_R2,651_T1_R2_ex11,right_leg,120,amp_preserving,fixed_mean_rescaled,identity,True,10.0,1199,0.042028277399456436,0.9876843711400131,6.275854108956602,62.0,0.05414847161572053,3.5686382408777897,0.9944052895444307,8.324817518248175,15.30289368932546,43.72255339807275,1199.0,1145.0,18.0,4.0,18.0,2.0,0.05229878424130501
trunc_amp_preserving,651,1,2,13,651_T1_P1_R2,651_T1_R2_ex13,trunk_spine,120,amp_preserving,fixed_mean_rescaled,identity,True,14.0,1439,0.03126917217921162,0.9654309453101538,4.360006027727547,48.0,0.034657039711191336,2.914947069817563,0.985418265541059,5.765716516985552,15.445686949440937,44.13053414125982,1439.0,1385.0,18.0,4.0,18.0,2.0,0.03633338356439622
trunc_amp_preserving,651,1,2,13,651_T1_P1_R2,651_T1_R2_ex13,left_arm,120,amp_preserving,fixed_mean_rescaled,identity,True,14.0,1439,0.019703261618079757,0.951652192332133,3.8772384034519956,47.0,0.03393501805054152,2.62836443576156,0.9794270281719974,5.102206896551724,37.151780454225694,106.14794415493056,1439.0,1385.0,18.0,4.0,18.0,2.0,0.03231032002876663
trunc_amp_preserving,651,1,2,13,651_T1_P1_R2,651_T1_R2_ex13,right_arm,120,amp_preserving,fixed_mean_rescaled,identity,True,14.0,1439,0.026742972809415497,0.9672662010846241,4.622785754242028,86.0,0.06209386281588448,3.013569944658128,0.9860130310951583,5.898587933247754,52.733999031893134,150.66856866255182,1439.0,1385.0,18.0,4.0,18.0,2.0,0.03852321461868357
trunc_amp_preserving,651,1,2,13,651_T1_P1_R2,651_T1_R2_ex13,left_leg,120,amp_preserving,fixed_mean_rescaled,identity,True,14.0,1439,0.048030091191753096,0.9823604805248409,6.052871101592825,82.0,0.0592057761732852,3.549286381295145,0.9922555557969283,8.490055762081784,42.76682766162344,122.19093617606697,1439.0,1385.0,18.0,4.0,18.0,2.0,0.05044059251327355
trunc_amp_preserving,651,1,2,13,651_T1_P1_R2,651_T1_R2_ex13,right_leg,120,amp_preserving,fixed_mean_rescaled,identity,True,14.0,1439,0.07124851317793869,0.9904958556658758,8.010066319279963,70.0,0.05054151624548736,4.043284095438718,0.9946328676449052,10.94681279716335,47.1416269863924,134.69036281826402,1439.0,1385.0,18.0,4.0,18.0,2.0,0.06675055266066636
trunc_amp_preserving,651,2,1,11,651_T2_P1_R1,651_T2_R1_ex11,trunk_spine,120,amp_preserving,fixed_mean_rescaled,identity,True,10.0,1199,0.02287995846947812,0.9748415081748415,4.39867509786209,39.0,0.03406113537117904,2.8869452089348857,0.9893226559893227,6.027647895913804,14.43078819772929,41.23082342208369,1199.0,1145.0,18.0,4.0,18.0,2.0,0.036655625815517415
trunc_amp_preserving,651,2,1,11,651_T2_P1_R1,651_T2_R1_ex11,left_arm,120,amp_preserving,fixed_mean_rescaled,identity,True,10.0,1199,0.023157846520291934,0.954836157447089,4.07713963963964,22.0,0.01921397379912664,2.770350889062017,0.9790663941451836,5.566822867853796,39.59329043372622,113.1236869535035,1199.0,1145.0,18.0,4.0,18.0,2.0,0.03397616366366366
trunc_amp_preserving,651,2,1,11,651_T2_P1_R1,651_T2_R1_ex11,right_arm,120,amp_preserving,fixed_mean_rescaled,identity,True,10.0,1199,0.024304516444254437,0.9672069355446664,4.964850048371493,59.0,0.05152838427947598,3.157294882054025,0.9841688654353562,6.650817236255572,47.68783001226902,136.2509428921972,1199.0,1145.0,18.0,4.0,18.0,2.0,0.04137375040309577
trunc_amp_preserving,651,2,1,11,651_T2_P1_R1,651_T2_R1_ex11,left_leg,120,amp_preserving,fixed_mean_rescaled,identity,True,10.0,1199,0.041292332122026446,0.9909776660257359,8.375,93.0,0.08122270742358079,4.0321323737814705,0.9950636000591628,10.886124595469255,12.940111862852966,36.971748179579905,1199.0,1145.0,18.0,4.0,18.0,2.0,0.06979166666666667
trunc_amp_preserving,651,2,1,11,651_T2_P1_R1,651_T2_R1_ex11,right_leg,120,amp_preserving,fixed_mean_rescaled,identity,True,10.0,1199,0.02189360857483128,0.9857730664620964,6.651764705882353,113.0,0.09868995633187773,3.5534666261649197,0.9930260129716159,8.183333333333334,12.926957813421561,36.93416518120446,1199.0,1145.0,18.0,4.0,18.0,2.0,0.05543137254901961
trunc_amp_preserving,651,2,1,13,651_T2_P1_R1,651_T2_R1_ex13,trunk_spine,120,amp_preserving,fixed_mean_rescaled,identity,True,14.0,1439,0.029146929321174433,0.9589761947377842,4.179251170046802,49.0,0.03537906137184116,2.7906451543767736,0.9825666726328978,5.691653706583722,15.191359218605012,43.403883481728606,1439.0,1385.0,18.0,4.0,18.0,2.0,0.03482709308372335
trunc_amp_preserving,651,2,1,13,651_T2_P1_R1,651_T2_R1_ex13,left_arm,120,amp_preserving,fixed_mean_rescaled,identity,True,14.0,1439,0.02617745873416665,0.9814659811072581,5.482965931863728,64.0,0.046209386281588445,3.3587239667797943,0.9919885208657181,6.940323480200781,45.265617091331514,129.33033454666148,1439.0,1385.0,18.0,4.0,18.0,2.0,0.045691382765531065
trunc_amp_preserving,651,2,1,13,651_T2_P1_R1,651_T2_R1_ex13,right_arm,120,amp_preserving,fixed_mean_rescaled,identity,True,14.0,1439,0.026050165898040524,0.9594264429046341,5.050390048492515,50.0,0.036101083032490974,3.150131727471764,0.981375415548524,6.7919611919611915,40.47987927581587,115.65679793090248,1439.0,1385.0,18.0,4.0,18.0,2.0,0.04208658373743763
trunc_amp_preserving,651,2,1,13,651_T2_P1_R1,651_T2_R1_ex13,left_leg,120,amp_preserving,fixed_mean_rescaled,identity,True,14.0,1439,0.031861814235929965,0.9692504175262796,4.901142573273721,47.0,0.03393501805054152,3.1217429507081755,0.9860988309264171,6.768374915711396,42.75488076749885,122.15680219285386,1439.0,1385.0,18.0,4.0,18.0,2.0,0.04084285477728101
trunc_amp_preserving,651,2,1,13,651_T2_P1_R1,651_T2_R1_ex13,right_leg,120,amp_preserving,fixed_mean_rescaled,identity,True,14.0,1439,0.03704951900002087,0.9749640936100706,5.815555182261045,56.0,0.04043321299638989,3.4645464943468407,0.9885099552226196,7.8613661814109745,50.34649769852417,143.84713628149763,1439.0,1385.0,18.0,4.0,18.0,2.0,0.04846295985217538
trunc_amp_preserving,651,2,2,11,651_T2_P1_R2,651_T2_R2_ex11,trunk_spine,120,amp_preserving,fixed_mean_rescaled,identity,True,10.0,1199,0.018673466271719546,0.9869174161896974,6.1082995951417,72.0,0.062882096069869,3.5323097119531504,0.9929681112019624,7.170947741364039,15.729815489666194,44.942329970474844,1199.0,1145.0,18.0,4.0,18.0,2.0,0.050902496626180835
trunc_amp_preserving,651,2,2,11,651_T2_P1_R2,651_T2_R2_ex11,left_arm,120,amp_preserving,fixed_mean_rescaled,identity,True,10.0,1199,0.02797966225913824,0.9715688949522511,5.30196545562835,79.0,0.06899563318777292,3.271521186797781,0.9865757162346521,6.831286604949934,40.614083012827024,116.04023717950578,1199.0,1145.0,18.0,4.0,18.0,2.0,0.04418304546356958
trunc_amp_preserving,651,2,2,11,651_T2_P1_R2,651_T2_R2_ex11,right_arm,120,amp_preserving,fixed_mean_rescaled,identity,True,10.0,1199,0.022000488594375058,0.9562773266708308,4.735051546391753,61.0,0.05327510917030567,3.0624972207195054,0.9797001873828857,5.833264462809917,52.94897867248244,151.2827962070927,1199.0,1145.0,18.0,4.0,18.0,2.0,0.039458762886597935
trunc_amp_preserving,651,2,2,11,651_T2_P1_R2,651_T2_R2_ex11,left_leg,120,amp_preserving,fixed_mean_rescaled,identity,True,10.0,1199,0.031798332671695115,0.98597906463075,5.748600223964166,40.0,0.034934497816593885,3.442506865992856,0.9926774224527034,7.683887753205724,10.94375047786298,31.267858508179945,1199.0,1145.0,18.0,4.0,18.0,2.0,0.04790500186636805
trunc_amp_preserving,651,2,2,11,651_T2_P1_R2,651_T2_R2_ex11,right_leg,120,amp_preserving,fixed_mean_rescaled,identity,True,10.0,1199,0.026744434604696613,0.9878967800867778,6.199928341096381,80.0,0.06986899563318777,3.5300104052809176,0.9933489381137246,7.835847782031074,11.989964379443865,34.25704108412533,1199.0,1145.0,18.0,4.0,18.0,2.0,0.05166606950913651
trunc_amp_preserving,651,2,2,13,651_T2_P1_R2,651_T2_R2_ex13,trunk_spine,120,amp_preserving,fixed_mean_rescaled,identity,True,14.0,1439,0.016419732476367355,0.9623816483446654,4.063590018781862,30.0,0.021660649819494584,2.7567758276415004,0.9826205757132872,5.28125,14.94285514802616,42.69387185150332,1439.0,1385.0,18.0,4.0,18.0,2.0,0.03386325015651551
trunc_amp_preserving,651,2,2,13,651_T2_P1_R2,651_T2_R2_ex13,left_arm,120,amp_preserving,fixed_mean_rescaled,identity,True,14.0,1439,0.021517706224828362,0.9501527420840808,4.297149122807017,59.0,0.04259927797833935,2.849096832725716,0.97740386946613,5.425111021396851,43.32239634985532,123.77827528530092,1439.0,1385.0,18.0,4.0,18.0,2.0,0.03580957602339181
trunc_amp_preserving,651,2,2,13,651_T2_P1_R2,651_T2_R2_ex13,right_arm,120,amp_preserving,fixed_mean_rescaled,identity,True,14.0,1439,0.04128357087706851,0.9559481386003488,4.716797605686494,63.0,0.04548736462093863,3.065299344670803,0.9794652109080799,6.442975893599335,41.728752592312226,119.22500740660637,1439.0,1385.0,18.0,4.0,18.0,2.0,0.03930664671405412
trunc_amp_preserving,651,2,2,13,651_T2_P1_R2,651_T2_R2_ex13,left_leg,120,amp_preserving,fixed_mean_rescaled,identity,True,14.0,1439,0.09239581811731809,0.9945005307495991,9.401836233585993,108.0,0.0779783393501805,4.285933895899396,0.9969905368475732,13.062213345169404,47.222398774245626,134.9211393549875,1439.0,1385.0,18.0,4.0,18.0,2.0,0.07834863527988327
trunc_amp_preserving,651,2,2,13,651_T2_P1_R2,651_T2_R2_ex13,right_leg,120,amp_preserving,fixed_mean_rescaled,identity,True,14.0,1439,0.11271989315748837,0.9941591920987106,11.511468381564844,124.0,0.08953068592057761,4.5692881377625305,0.9968528134921737,15.782662856305414,51.677950565359815,147.65128732959948,1439.0,1385.0,18.0,4.0,18.0,2.0,0.09592890317970704
trunc_amp_preserving,651,3,1,11,651_T3_P1_R1,651_T3_R1_ex11,trunk_spine,120,amp_preserving,fixed_mean_rescaled,identity,True,10.0,1199,0.024695391944300243,0.9886855447013726,6.157489410858683,71.0,0.06200873362445415,3.572665620585811,0.9946828242858909,6.803975470501163,15.238596683436239,43.538847666960685,1199.0,1145.0,18.0,4.0,18.0,2.0,0.051312411757155695
trunc_amp_preserving,651,3,1,11,651_T3_P1_R1,651_T3_R1_ex11,left_arm,120,amp_preserving,fixed_mean_rescaled,identity,True,10.0,1199,0.02595046874522857,0.9598140738997412,4.970444850700792,32.0,0.02794759825327511,3.2025625155960857,0.9814662273476112,6.6710657868426315,43.048442126407195,122.99554893259199,1199.0,1145.0,18.0,4.0,18.0,2.0,0.041420373755839936
trunc_amp_preserving,651,3,1,11,651_T3_P1_R1,651_T3_R1_ex11,right_arm,120,amp_preserving,fixed_mean_rescaled,identity,True,10.0,1199,0.021304241609918464,0.9602236078262739,4.575819672131147,25.0,0.021834061135371178,3.046146713837447,0.9803626460259443,6.090382902938558,47.5463016602057,135.84657617201628,1199.0,1145.0,18.0,4.0,18.0,2.0,0.038131830601092896
trunc_amp_preserving,651,3,1,11,651_T3_P1_R1,651_T3_R1_ex11,left_leg,120,amp_preserving,fixed_mean_rescaled,identity,True,10.0,1199,0.015228875927565885,0.9696210146380589,4.458736745043799,32.0,0.02794759825327511,2.948814933243907,0.9864648085021055,5.6578493387004025,9.430529435894925,26.944369816842645,1199.0,1145.0,18.0,4.0,18.0,2.0,0.03715613954203166
trunc_amp_preserving,651,3,1,11,651_T3_P1_R1,651_T3_R1_ex11,right_leg,120,amp_preserving,fixed_mean_rescaled,identity,True,10.0,1199,0.023223501389440255,0.9842209072978304,6.178291374329344,80.0,0.06986899563318777,3.5834648813593226,0.9923734385272847,7.4630407911001235,10.435406017901068,29.815445765431623,1199.0,1145.0,18.0,4.0,18.0,2.0,0.051485761452744534
trunc_amp_preserving,651,3,1,13,651_T3_P1_R1,651_T3_R1_ex13,trunk_spine,120,amp_preserving,fixed_mean_rescaled,identity,True,12.0,1439,0.02577366916383214,0.97955631122986,4.964505539597866,66.0,0.047653429602888084,3.128449125508182,0.9903853938952312,6.615603028664143,15.581180539649367,44.51765868471248,1439.0,1385.0,18.0,4.0,18.0,2.0,0.04137087949664888
trunc_amp_preserving,651,3,1,13,651_T3_P1_R1,651_T3_R1_ex13,left_arm,120,amp_preserving,fixed_mean_rescaled,identity,True,12.0,1439,0.027978339350180504,0.9780346820809248,5.402966625463535,47.0,0.03393501805054152,3.3645255676231374,0.9896140220026105,7.275257025359836,37.56534040072724,107.32954400207782,1439.0,1385.0,18.0,4.0,18.0,2.0,0.04502472187886279
trunc_amp_preserving,651,3,1,13,651_T3_P1_R1,651_T3_R1_ex13,right_arm,120,amp_preserving,fixed_mean_rescaled,identity,True,12.0,1439,0.024804365518248786,0.9749295419173012,5.119726087916943,50.0,0.036101083032490974,3.24208798288328,0.9876540613300804,6.734404130216549,40.93199944330387,116.94856983801107,1439.0,1385.0,18.0,4.0,18.0,2.0,0.042664384065974524
trunc_amp_preserving,651,3,1,13,651_T3_P1_R1,651_T3_R1_ex13,left_leg,120,amp_preserving,fixed_mean_rescaled,identity,True,12.0,1439,0.06788046994010977,0.9909465400104522,8.146196613596159,162.0,0.11696750902527075,4.04988093396035,0.9951581665590704,11.023837902264601,38.666565191399144,110.4759005468547,1439.0,1385.0,18.0,4.0,18.0,2.0,0.06788497177996798
trunc_amp_preserving,651,3,1,13,651_T3_P1_R1,651_T3_R1_ex13,right_leg,120,amp_preserving,fixed_mean_rescaled,identity,True,12.0,1439,0.05817178272573611,0.9873011317776622,6.966839640551829,54.0,0.03898916967509025,3.8375675026043825,0.9935519164887988,9.110773026315789,39.06580062044058,111.6165732012588,1439.0,1385.0,18.0,4.0,18.0,2.0,0.05805699700459857
trunc_amp_preserving,651,3,2,11,651_T3_P1_R2,651_T3_R2_ex11,trunk_spine,120,amp_preserving,fixed_mean_rescaled,identity,True,10.0,1199,0.03548569334595535,0.9929435050126931,7.379916853213943,129.0,0.11266375545851529,3.8433744866781216,0.9962781291682802,8.879961649089166,16.907352592574444,48.306721693069846,1199.0,1145.0,18.0,4.0,18.0,2.0,0.06149930711011619
trunc_amp_preserving,651,3,2,11,651_T3_P1_R2,651_T3_R2_ex11,left_arm,120,amp_preserving,fixed_mean_rescaled,identity,True,10.0,1199,0.0210843741411427,0.9610399015135057,4.824063976735732,53.0,0.0462882096069869,3.1109683235936396,0.9817510319356941,6.451106352605282,38.36179737911264,109.60513536889326,1199.0,1145.0,18.0,4.0,18.0,2.0,0.04020053313946444
trunc_amp_preserving,651,3,2,11,651_T3_P1_R2,651_T3_R2_ex11,right_arm,120,amp_preserving,fixed_mean_rescaled,identity,True,10.0,1199,0.03388096619537668,0.9825146462370438,5.750989184911633,65.0,0.056768558951965066,3.44856646720577,0.9919558359621451,7.661503654716324,40.33268155289867,115.23623300828191,1199.0,1145.0,18.0,4.0,18.0,2.0,0.04792490987426361
trunc_amp_preserving,651,3,2,11,651_T3_P1_R2,651_T3_R2_ex11,left_leg,120,amp_preserving,fixed_mean_rescaled,identity,True,10.0,1199,0.07220966806119644,0.9949041084304231,10.253214207888428,104.0,0.09082969432314411,4.372378584500602,0.9968071384771531,13.626824685648215,10.534174326348696,30.097640932424845,1199.0,1145.0,18.0,4.0,18.0,2.0,0.08544345173240357
trunc_amp_preserving,651,3,2,11,651_T3_P1_R2,651_T3_R2_ex11,right_leg,120,amp_preserving,fixed_mean_rescaled,identity,True,10.0,1199,0.04720737777506336,0.9864156801862992,6.247029905776321,61.0,0.05327510917030567,3.5641592264796977,0.994129633223365,8.671603893355904,9.926836443484312,28.362389838526607,1199.0,1145.0,18.0,4.0,18.0,2.0,0.05205858254813601
trunc_amp_preserving,651,3,2,13,651_T3_P1_R2,651_T3_R2_ex13,trunk_spine,120,amp_preserving,fixed_mean_rescaled,identity,True,12.0,1439,0.021975751758101875,0.9765929161523123,4.529619026646113,26.0,0.018772563176895306,2.9873928075871556,0.9890323805906371,6.038846209595594,16.578161326558476,47.366175218738505,1439.0,1385.0,18.0,4.0,18.0,2.0,0.037746825222050945
trunc_amp_preserving,651,3,2,13,651_T3_P1_R2,651_T3_R2_ex13,left_arm,120,amp_preserving,fixed_mean_rescaled,identity,True,12.0,1439,0.03214457127355439,0.9868865229810438,7.258056815469086,60.0,0.04332129963898917,3.9050706803665793,0.992988834069073,9.287188828172434,35.135657354070055,100.38759244020017,1439.0,1385.0,18.0,4.0,18.0,2.0,0.06048380679557572
trunc_amp_preserving,651,3,2,13,651_T3_P1_R2,651_T3_R2_ex13,right_arm,120,amp_preserving,fixed_mean_rescaled,identity,True,12.0,1439,0.027807224390142108,0.9669806011031481,5.188443728608818,51.0,0.0368231046931408,3.2634179120595075,0.9848223331207084,6.9142518440463645,35.54908411540487,101.56881175829963,1439.0,1385.0,18.0,4.0,18.0,2.0,0.04323703107174015
trunc_amp_preserving,651,3,2,13,651_T3_P1_R2,651_T3_R2_ex13,left_leg,120,amp_preserving,fixed_mean_rescaled,identity,True,12.0,1439,0.07319964107593747,0.9941986430241176,9.41917623227549,92.0,0.0664259927797834,4.2588208183528975,0.9968641313643879,12.78186968838527,47.48219354353058,135.6634101243731,1439.0,1385.0,18.0,4.0,18.0,2.0,0.07849313526896241
trunc_amp_preserving,651,3,2,13,651_T3_P1_R2,651_T3_R2_ex13,right_leg,120,amp_preserving,fixed_mean_rescaled,identity,True,12.0,1439,0.10977546378414474,0.9946678579236011,10.301210749089478,128.0,0.09241877256317689,4.396006919957458,0.9970582923838762,13.734158156585494,44.88634034819296,128.24668670912274,1439.0,1385.0,18.0,4.0,18.0,2.0,0.08584342290907898
trunc_amp_preserving,790,1,1,11,790_T1_P1_R1,790_T1_R1_ex11,trunk_spine,120,amp_preserving,fixed_mean_rescaled,identity,True,10.0,959,0.036801447220456654,0.9955493556529826,8.583619702176403,59.0,0.06519337016574586,4.180143459029034,0.9968114786767637,10.309859154929578,15.038796851835247,42.96799100524357,959.0,905.0,18.0,4.0,18.0,2.0,0.07153016418480336
trunc_amp_preserving,790,1,1,11,790_T1_P1_R1,790_T1_R1_ex11,left_arm,120,amp_preserving,fixed_mean_rescaled,identity,True,10.0,959,0.06760621913655698,0.9813053697342253,8.064784546805349,72.0,0.07955801104972375,4.054601766380761,0.9898752485988067,10.939060939060939,59.71645919773884,170.6184548506824,959.0,905.0,18.0,4.0,18.0,2.0,0.06720653789004458
trunc_amp_preserving,790,1,1,11,790_T1_P1_R1,790_T1_R1_ex11,right_arm,120,amp_preserving,fixed_mean_rescaled,identity,True,10.0,959,0.026218647631154352,0.9840559440559441,6.082997118155619,56.0,0.061878453038674036,3.535987013894641,0.9911888111888112,7.933208955223881,51.51629827328651,147.18942363796145,959.0,905.0,18.0,4.0,18.0,2.0,0.050691642651296824
trunc_amp_preserving,790,1,1,11,790_T1_P1_R1,790_T1_R1_ex11,left_leg,120,amp_preserving,fixed_mean_rescaled,identity,True,10.0,959,0.047379357551459444,0.9915897012538053,9.151428571428571,79.0,0.08729281767955802,4.1602443404472815,0.9946855167432022,11.929455445544555,9.424926869502634,26.928362484293242,959.0,905.0,18.0,4.0,18.0,2.0,0.07626190476190477
trunc_amp_preserving,790,1,1,11,790_T1_P1_R1,790_T1_R1_ex11,right_leg,120,amp_preserving,fixed_mean_rescaled,identity,True,10.0,959,0.041421796313499244,0.9945113314447592,9.504230118443317,69.0,0.07624309392265194,4.290870956478235,0.9966949952785646,11.55920602327173,10.708359649470824,30.595313284202355,959.0,905.0,18.0,4.0,18.0,2.0,0.0792019176536943
trunc_amp_preserving,790,1,1,13,790_T1_P1_R1,790_T1_R1_ex13,trunk_spine,120,amp_preserving,fixed_mean_rescaled,identity,True,14.0,1439,0.04279647753594457,0.9396347855767121,5.33956774729842,55.0,0.039711191335740074,3.317425042345975,0.9699514835312187,7.422481343283582,21.879742226332954,62.51354921809416,1439.0,1385.0,18.0,4.0,18.0,2.0,0.0444963978941535
trunc_amp_preserving,790,1,1,13,790_T1_P1_R1,790_T1_R1_ex13,left_arm,120,amp_preserving,fixed_mean_rescaled,identity,True,14.0,1439,0.046246948102084684,0.9740095659236531,5.901845522898155,71.0,0.051263537906137184,3.484397189043464,0.9873883223535782,8.01777044975726,58.892619831419935,168.26462808977126,1439.0,1385.0,18.0,4.0,18.0,2.0,0.04918204602415129
trunc_amp_preserving,790,1,1,13,790_T1_P1_R1,790_T1_R1_ex13,right_arm,120,amp_preserving,fixed_mean_rescaled,identity,True,14.0,1439,0.03892343648922184,0.9788500201045436,4.966136270909833,55.0,0.039711191335740074,3.1629663280050595,0.9896930706339633,6.893940808514611,54.18668212351933,154.81909178148382,1439.0,1385.0,18.0,4.0,18.0,2.0,0.04138446892424861
trunc_amp_preserving,790,1,1,13,790_T1_P1_R1,790_T1_R1_ex13,left_leg,120,amp_preserving,fixed_mean_rescaled,identity,True,14.0,1439,0.25860478704534545,0.9948517663767087,15.835591805279044,317.0,0.22888086642599278,4.915544903426083,0.9973794845310912,23.42374567678969,47.06815102414778,134.4804314975651,1439.0,1385.0,18.0,4.0,18.0,2.0,0.13196326504399203
trunc_amp_preserving,790,1,1,13,790_T1_P1_R1,790_T1_R1_ex13,right_leg,120,amp_preserving,fixed_mean_rescaled,identity,True,14.0,1439,0.15089626677239623,0.9589274107673798,8.01444752658345,92.0,0.0664259927797834,3.904822425616632,0.9787238456113178,12.293295118985583,49.466716515364276,141.33347575818365,1439.0,1385.0,18.0,4.0,18.0,2.0,0.06678706272152875
trunc_amp_preserving,790,1,2,11,790_T1_P1_R2,790_T1_R2_ex11,trunk_spine,120,amp_preserving,fixed_mean_rescaled,identity,True,10.0,959,0.04351195423654232,0.9969661216922299,11.537711313394018,102.0,0.112707182320442,4.514646729477815,0.9979212315298612,10.950678175092479,18.125303198823264,51.78658056806647,959.0,905.0,18.0,4.0,18.0,2.0,0.09614759427828348
trunc_amp_preserving,790,1,2,11,790_T1_P1_R2,790_T1_R2_ex11,left_arm,120,amp_preserving,fixed_mean_rescaled,identity,True,10.0,959,0.02778321028699946,0.9803783545974483,6.179700499168053,51.0,0.056353591160221,3.548983800153024,0.9914210294764628,7.988302020560085,52.00803046242216,148.59437274977762,959.0,905.0,18.0,4.0,18.0,2.0,0.051497504159733774
trunc_amp_preserving,790,1,2,11,790_T1_P1_R2,790_T1_R2_ex11,right_arm,120,amp_preserving,fixed_mean_rescaled,identity,True,10.0,959,0.03172395247640933,0.9892887416197889,8.558666666666667,116.0,0.1281767955801105,3.975384076274372,0.9947599599291054,10.269689737470166,48.41078764633673,138.31653613239067,959.0,905.0,18.0,4.0,18.0,2.0,0.07132222222222223
trunc_amp_preserving,790,1,2,11,790_T1_P1_R2,790_T1_R2_ex11,left_leg,120,amp_preserving,fixed_mean_rescaled,identity,True,10.0,959,0.05004400332469564,0.9935518538420204,8.277981277981278,76.0,0.08397790055248619,4.046631191697925,0.9958233598749451,10.642391020621247,12.909899208817446,36.88542631090699,959.0,905.0,18.0,4.0,18.0,2.0,0.06898317731651064
trunc_amp_preserving,790,1,2,11,790_T1_P1_R2,790_T1_R2_ex11,right_leg,120,amp_preserving,fixed_mean_rescaled,identity,True,10.0,959,0.04217718672077446,0.9950153596475975,9.715336728919072,115.0,0.1270718232044199,4.27836496338464,0.9964354025386889,11.366280991735538,12.275312029124134,35.072320083211814,959.0,905.0,18.0,4.0,18.0,2.0,0.08096113940765894
trunc_amp_preserving,790,1,2,13,790_T1_P1_R2,790_T1_R2_ex13,trunk_spine,120,amp_preserving,fixed_mean_rescaled,identity,True,14.0,1439,0.03278207883808769,0.9872370221840288,5.802095024317246,57.0,0.04115523465703971,3.440465400435107,0.99328431840606,7.902760192453786,16.793819335665415,47.982340959044045,1439.0,1385.0,18.0,4.0,18.0,2.0,0.048350791869310385
trunc_amp_preserving,790,1,2,13,790_T1_P1_R2,790_T1_R2_ex13,left_arm,120,amp_preserving,fixed_mean_rescaled,identity,True,14.0,1439,0.03457565576678283,0.9759792383366528,5.431978501847498,79.0,0.05703971119133574,3.345669649658246,0.9885780674754059,7.368308591992802,61.84683006427453,176.7052287550701,1439.0,1385.0,18.0,4.0,18.0,2.0,0.04526648751539582
trunc_amp_preserving,790,1,2,13,790_T1_P1_R2,790_T1_R2_ex13,right_arm,120,amp_preserving,fixed_mean_rescaled,identity,True,14.0,1439,0.05248951399177813,0.9918897966485777,10.040040241448692,199.0,0.14368231046931407,4.040689277045109,0.9958554475520305,13.3596,60.70081230006738,173.43089228590682,1439.0,1385.0,18.0,4.0,18.0,2.0,0.08366700201207243
trunc_amp_preserving,790,1,2,13,790_T1_P1_R2,790_T1_R2_ex13,left_leg,120,amp_preserving,fixed_mean_rescaled,identity,True,14.0,1439,0.059014836919096016,0.9882074220752816,7.732982844493636,106.0,0.07653429602888087,3.951189370072433,0.9938827107017203,10.815776815776816,30.341450751186386,86.68985928910396,1439.0,1385.0,18.0,4.0,18.0,2.0,0.06444152370411363
trunc_amp_preserving,790,1,2,13,790_T1_P1_R2,790_T1_R2_ex13,right_leg,120,amp_preserving,fixed_mean_rescaled,identity,True,14.0,1439,0.029929467248179294,0.9822206728255186,6.322935368043088,88.0,0.06353790613718412,3.5542997219141608,0.99119748997734,8.3625,24.835735266920395,70.95924361977256,1439.0,1385.0,18.0,4.0,18.0,2.0,0.05269112806702573
trunc_amp_preserving,790,2,1,11,790_T2_P1_R1,790_T2_R1_ex11,trunk_spine,120,amp_preserving,fixed_mean_rescaled,identity,True,8.0,959,0.03653009338483352,0.9961855049186911,9.166256157635468,66.0,0.07292817679558011,4.180085655505975,0.9972227798969417,10.568439716312056,13.916955894554674,39.76273112729907,959.0,905.0,18.0,4.0,18.0,2.0,0.07638546798029557
trunc_amp_preserving,790,2,1,11,790_T2_P1_R1,790_T2_R1_ex11,left_arm,120,amp_preserving,fixed_mean_rescaled,identity,True,8.0,959,0.04214540654182761,0.9904292343387471,8.828852119958635,90.0,0.09944751381215469,4.125964462508404,0.99457656612529,10.783962264150944,55.814286677661975,159.46939050760565,959.0,905.0,18.0,4.0,18.0,2.0,0.07357376766632195
trunc_amp_preserving,790,2,1,11,790_T2_P1_R1,790_T2_R1_ex11,right_arm,120,amp_preserving,fixed_mean_rescaled,identity,True,8.0,959,0.03178017894685376,0.9935384615384616,7.963008631319359,64.0,0.0707182320441989,4.012038188904899,0.9963076923076923,9.723723723723724,33.81832671080299,96.62379060229428,959.0,905.0,18.0,4.0,18.0,2.0,0.06635840526099465
trunc_amp_preserving,790,2,1,11,790_T2_P1_R1,790_T2_R1_ex11,left_leg,120,amp_preserving,fixed_mean_rescaled,identity,True,8.0,959,0.018371388060431232,0.9886892880904857,6.045565500406835,30.0,0.03314917127071823,3.5324314803649477,0.9936793080505656,7.486215538847118,10.059488460379285,28.741395601083674,959.0,905.0,18.0,4.0,18.0,2.0,0.05037971250339029
trunc_amp_preserving,790,2,1,11,790_T2_P1_R1,790_T2_R1_ex11,right_leg,120,amp_preserving,fixed_mean_rescaled,identity,True,8.0,959,0.031205691096660635,0.9937328632980806,8.676470588235293,71.0,0.07845303867403315,4.098558540120223,0.9967489228358793,9.753545419701036,9.748304465785754,27.852298473673585,959.0,905.0,18.0,4.0,18.0,2.0,0.07230392156862744
trunc_amp_preserving,790,2,1,13,790_T2_P1_R1,790_T2_R1_ex13,trunk_spine,120,amp_preserving,fixed_mean_rescaled,identity,True,14.0,1439,0.021690907952672107,0.981865409591611,5.58467852257182,67.0,0.04837545126353791,3.4011959006697947,0.9904997835393717,7.071256868131868,17.415892306694445,49.75969230484127,1439.0,1385.0,18.0,4.0,18.0,2.0,0.0465389876880985
trunc_amp_preserving,790,2,1,13,790_T2_P1_R1,790_T2_R1_ex13,left_arm,120,amp_preserving,fixed_mean_rescaled,identity,True,14.0,1439,0.031135619039669455,0.9799604570892396,5.321747042766151,56.0,0.04043321299638989,3.330010561242136,0.9905666700177608,6.940478985677389,41.87286650297754,119.63676143707869,1439.0,1385.0,18.0,4.0,18.0,2.0,0.044347892023051255
trunc_amp_preserving,790,2,1,13,790_T2_P1_R1,790_T2_R1_ex13,right_arm,120,amp_preserving,fixed_mean_rescaled,identity,True,14.0,1439,0.04267857515494251,0.9844025034226481,6.736824493893257,96.0,0.06931407942238267,3.7454458602722656,0.9905754938392334,8.896366231199913,44.91002499468213,128.31435712766324,1439.0,1385.0,18.0,4.0,18.0,2.0,0.056140204115777144
trunc_amp_preserving,790,2,1,13,790_T2_P1_R1,790_T2_R1_ex13,left_leg,120,amp_preserving,fixed_mean_rescaled,identity,True,14.0,1439,0.030006677656977107,0.9684968183872874,4.863453815261044,40.0,0.02888086642599278,3.155008679891557,0.9847352133245245,6.641651031894934,30.882640673947787,88.2361162112794,1439.0,1385.0,18.0,4.0,18.0,2.0,0.040528781793842034
trunc_amp_preserving,790,2,1,13,790_T2_P1_R1,790_T2_R1_ex13,right_leg,120,amp_preserving,fixed_mean_rescaled,identity,True,14.0,1439,0.0829678011727635,0.9912346890012325,8.449029906742416,120.0,0.08664259927797834,4.151544317512025,0.9950765864332604,11.303785714285715,44.60972052816474,127.456344366185,1439.0,1385.0,18.0,4.0,18.0,2.0,0.0704085825561868
trunc_amp_preserving,790,2,2,11,790_T2_P1_R2,790_T2_R2_ex11,trunk_spine,120,amp_preserving,fixed_mean_rescaled,identity,True,10.0,959,0.024470737789077397,0.9895104895104895,6.931420573827852,49.0,0.05414364640883978,3.7657776341585563,0.9948551448551448,8.099633997559984,15.231536611403271,43.51867603258078,959.0,905.0,18.0,4.0,18.0,2.0,0.0577618381152321
trunc_amp_preserving,790,2,2,11,790_T2_P1_R2,790_T2_R2_ex11,left_arm,120,amp_preserving,fixed_mean_rescaled,identity,True,10.0,959,0.02101403217131961,0.9762680316426244,5.04024024024024,30.0,0.03314917127071823,3.2298805334277874,0.988075849232201,6.293812523156725,50.01042455388519,142.88692729681483,959.0,905.0,18.0,4.0,18.0,2.0,0.042002002002002
trunc_amp_preserving,790,2,2,11,790_T2_P1_R2,790_T2_R2_ex11,right_arm,120,amp_preserving,fixed_mean_rescaled,identity,True,10.0,959,0.024788539578545935,0.9856015779092702,5.847864248098303,38.0,0.041988950276243095,3.480611048139886,0.9923076923076923,8.1440712262242,35.44812203277214,101.28034866506327,959.0,905.0,18.0,4.0,18.0,2.0,0.04873220206748586
trunc_amp_preserving,790,2,2,11,790_T2_P1_R2,790_T2_R2_ex11,left_leg,120,amp_preserving,fixed_mean_rescaled,identity,True,10.0,959,0.05334914193516843,0.9918892911148788,7.312837837837838,62.0,0.06850828729281767,3.886043171076585,0.995074004490675,9.97725706409373,14.655184447872399,41.871955565349715,959.0,905.0,18.0,4.0,18.0,2.0,0.06094031531531532
trunc_amp_preserving,790,2,2,11,790_T2_P1_R2,790_T2_R2_ex11,right_leg,120,amp_preserving,fixed_mean_rescaled,identity,True,10.0,959,0.08063609250476703,0.9943307564044263,7.951030303030303,102.0,0.112707182320442,4.008743814493298,0.9971047445808701,10.706217447916666,15.456089092473865,44.160254549925334,959.0,905.0,18.0,4.0,18.0,2.0,0.06625858585858586
trunc_amp_preserving,790,2,2,13,790_T2_P1_R2,790_T2_R2_ex13,trunk_spine,120,amp_preserving,fixed_mean_rescaled,identity,True,16.0,1439,0.023802716971682562,0.9707184500065752,4.5120211898940505,47.0,0.03393501805054152,2.9509197270607532,0.9845482838732301,5.828597379006099,19.72186145041141,56.348175572604035,1439.0,1385.0,18.0,4.0,18.0,2.0,0.03760017658245042
trunc_amp_preserving,790,2,2,13,790_T2_P1_R2,790_T2_R2_ex13,left_arm,120,amp_preserving,fixed_mean_rescaled,identity,True,16.0,1439,0.035636777195801425,0.9802664324403455,5.911193502824859,48.0,0.034657039711191336,3.5071657008805626,0.9895769287073635,8.034945917033163,60.85945965057628,173.88417043021795,1439.0,1385.0,18.0,4.0,18.0,2.0,0.04925994585687383
trunc_amp_preserving,790,2,2,13,790_T2_P1_R2,790_T2_R2_ex13,right_arm,120,amp_preserving,fixed_mean_rescaled,identity,True,16.0,1439,0.05095260950314059,0.9879387312118606,6.896083476272156,72.0,0.05198555956678701,3.818404004640958,0.994348200024573,9.551140833988985,49.981639308642045,142.80468373897727,1439.0,1385.0,18.0,4.0,18.0,2.0,0.05746736230226797
trunc_amp_preserving,790,2,2,13,790_T2_P1_R2,790_T2_R2_ex13,left_leg,120,amp_preserving,fixed_mean_rescaled,identity,True,16.0,1439,0.03201519166962292,0.9702124885934037,5.108975459069847,60.0,0.04332129963898917,3.2588915272305568,0.9861491330986834,6.898210418328964,41.88918744935245,119.68339271243558,1439.0,1385.0,18.0,4.0,18.0,2.0,0.042574795492248727
trunc_amp_preserving,790,2,2,13,790_T2_P1_R2,790_T2_R2_ex13,right_leg,120,amp_preserving,fixed_mean_rescaled,identity,True,16.0,1439,0.04878341436948311,0.9797882579403272,6.268472906403941,86.0,0.06209386281588448,3.601331648362179,0.990279114533205,8.302788487402493,59.537749254605345,170.10785501315814,1439.0,1385.0,18.0,4.0,18.0,2.0,0.052237274220032846
trunc_amp_preserving,790,3,1,11,790_T3_P1_R1,790_T3_R1_ex11,trunk_spine,120,amp_preserving,fixed_mean_rescaled,identity,True,10.0,959,0.04798318095144966,0.9942938659058488,7.443173150266972,49.0,0.05414364640883978,3.9069365023621763,0.9965610352557571,10.06198559670782,13.177635859588712,37.650388170253464,959.0,905.0,18.0,4.0,18.0,2.0,0.062026442918891436
trunc_amp_preserving,790,3,1,11,790_T3_P1_R1,790_T3_R1_ex11,left_arm,120,amp_preserving,fixed_mean_rescaled,identity,True,10.0,959,0.03163594582701804,0.989645313345182,6.867024128686327,63.0,0.06961325966850829,3.791391330364251,0.9942431033150452,8.670148247978437,41.43560640023002,118.38744685780007,959.0,905.0,18.0,4.0,18.0,2.0,0.05722520107238606
trunc_amp_preserving,790,3,1,11,790_T3_P1_R1,790_T3_R1_ex11,right_arm,120,amp_preserving,fixed_mean_rescaled,identity,True,10.0,959,0.02564171515181147,0.9883687672800077,7.0668029993183366,100.0,0.11049723756906077,3.7596091126679765,0.9935646868147583,8.957026214009455,27.277034247322174,77.93438356377764,959.0,905.0,18.0,4.0,18.0,2.0,0.05889002499431947
trunc_amp_preserving,790,3,1,11,790_T3_P1_R1,790_T3_R1_ex11,left_leg,120,amp_preserving,fixed_mean_rescaled,identity,True,10.0,959,0.02119737935755146,0.9898512282320379,6.0358649789029535,31.0,0.03425414364640884,3.523919739157253,0.993022719409526,7.921343146274149,9.056330548886573,25.875230139675924,959.0,905.0,18.0,4.0,18.0,2.0,0.05029887482419128
trunc_amp_preserving,790,3,1,11,790_T3_P1_R1,790_T3_R1_ex11,right_leg,120,amp_preserving,fixed_mean_rescaled,identity,True,10.0,959,0.0314990465946316,0.9927046953822274,8.707283866575901,46.0,0.05082872928176796,4.136278261046631,0.9960031043849438,10.341257050765511,10.747544963651695,30.70727132471913,959.0,905.0,18.0,4.0,18.0,2.0,0.0725606988881325
trunc_amp_preserving,790,3,1,13,790_T3_P1_R1,790_T3_R1_ex13,trunk_spine,120,amp_preserving,fixed_mean_rescaled,identity,True,18.0,1439,0.02466350869138791,0.9321854640832558,4.088126159554731,42.0,0.03032490974729242,2.7665827415687607,0.9672138082748117,5.737264742785445,20.363955681254783,58.18273051787081,1439.0,1385.0,18.0,4.0,18.0,2.0,0.03406771799628942
trunc_amp_preserving,790,3,1,13,790_T3_P1_R1,790_T3_R1_ex13,left_arm,120,amp_preserving,fixed_mean_rescaled,identity,True,18.0,1439,0.024784541224097994,0.975835648732845,5.098988121425429,52.0,0.03754512635379061,3.246856289013995,0.9882967079228762,6.522016946798167,59.012008069769834,168.60573734219955,1439.0,1385.0,18.0,4.0,18.0,2.0,0.04249156767854524
trunc_amp_preserving,790,3,1,13,790_T3_P1_R1,790_T3_R1_ex13,right_arm,120,amp_preserving,fixed_mean_rescaled,identity,True,18.0,1439,0.024300411093257653,0.9757406612279949,5.058993766696349,50.0,0.036101083032490974,3.234604782004636,0.9875053671103478,6.340179186767746,44.327603806009094,126.65029658859743,1439.0,1385.0,18.0,4.0,18.0,2.0,0.04215828138913624
trunc_amp_preserving,790,3,1,13,790_T3_P1_R1,790_T3_R1_ex13,left_leg,120,amp_preserving,fixed_mean_rescaled,identity,True,18.0,1439,0.06314037687026565,0.9875733289267123,7.581250792845363,93.0,0.06714801444043321,3.9199447830816925,0.9935470544493101,10.072792762606802,44.07594843661878,125.93128124748225,1439.0,1385.0,18.0,4.0,18.0,2.0,0.06317708994037803
trunc_amp_preserving,790,3,1,13,790_T3_P1_R1,790_T3_R1_ex13,right_leg,120,amp_preserving,fixed_mean_rescaled,identity,True,18.0,1439,0.056729826172241815,0.982067646355594,6.682017269428107,98.0,0.07075812274368232,3.73433031285778,0.9906291957109489,9.283264391589107,60.776758680766584,173.6478819450474,1439.0,1385.0,18.0,4.0,18.0,2.0,0.055683477245234224
trunc_amp_preserving,790,3,2,11,790_T3_P1_R2,790_T3_R2_ex11,trunk_spine,120,amp_preserving,fixed_mean_rescaled,identity,True,10.0,959,0.023981811959125802,0.9920489296636086,7.886547811993517,63.0,0.06961325966850829,4.003952986428405,0.9951070336391438,8.654255319148936,19.034259361542993,54.38359817583713,959.0,905.0,18.0,4.0,18.0,2.0,0.06572123176661264
trunc_amp_preserving,790,3,2,11,790_T3_P1_R2,790_T3_R2_ex11,left_arm,120,amp_preserving,fixed_mean_rescaled,identity,True,10.0,959,0.020317312863638585,0.9858019492239201,6.395784543325527,39.0,0.0430939226519337,3.6734661646910327,0.99290097461196,7.612546125461255,52.073277609776014,148.78079317078863,959.0,905.0,18.0,4.0,18.0,2.0,0.05329820452771272
trunc_amp_preserving,790,3,2,11,790_T3_P1_R2,790_T3_R2_ex11,right_arm,120,amp_preserving,fixed_mean_rescaled,identity,True,10.0,959,0.058935119542365424,0.9722498755599801,6.609983079526227,80.0,0.08839779005524862,3.6835917160681753,0.9868093578894973,8.728673637864611,68.699238034217,196.28353724062,959.0,905.0,18.0,4.0,18.0,2.0,0.055083192329385224
trunc_amp_preserving,790,3,2,11,790_T3_P1_R2,790_T3_R2_ex11,left_leg,120,amp_preserving,fixed_mean_rescaled,identity,True,10.0,959,0.028475040336380972,0.9878090659340659,6.087830687830688,39.0,0.0430939226519337,3.539237439289894,0.9940333104395604,8.191368942341706,12.535829650405653,35.81665614401615,959.0,905.0,18.0,4.0,18.0,2.0,0.05073192239858906
trunc_amp_preserving,790,3,2,11,790_T3_P1_R2,790_T3_R2_ex11,right_leg,120,amp_preserving,fixed_mean_rescaled,identity,True,10.0,959,0.019156114017503546,0.9698825931597754,4.909560723514212,31.0,0.03425414364640884,3.097229824427341,0.9865364982133742,6.2167269802975476,12.015334112058342,34.32952603445241,959.0,905.0,18.0,4.0,18.0,2.0,0.0409130060292851
trunc_amp_preserving,790,3,2,13,790_T3_P1_R2,790_T3_R2_ex13,trunk_spine,120,amp_preserving,fixed_mean_rescaled,identity,True,12.0,1439,0.028246489013167505,0.9287086288416075,4.297043240471714,38.0,0.027436823104693142,2.896491978693741,0.9657764479905437,5.820458593054319,22.842588352722608,65.26453815063603,1439.0,1385.0,18.0,4.0,18.0,2.0,0.035808693670597615
trunc_amp_preserving,790,3,2,13,790_T3_P1_R2,790_T3_R2_ex13,left_arm,120,amp_preserving,fixed_mean_rescaled,identity,True,12.0,1439,0.034599653596544315,0.9856759446337565,6.319798917246713,67.0,0.04837545126353791,3.6244821243493965,0.9931847652362715,8.40929401251117,48.79151099282899,139.40431712236855,1439.0,1385.0,18.0,4.0,18.0,2.0,0.05266499097705594
trunc_amp_preserving,790,3,2,13,790_T3_P1_R2,790_T3_R2_ex13,right_arm,120,amp_preserving,fixed_mean_rescaled,identity,True,12.0,1439,0.04338077252144154,0.9834042860235226,6.817908954477239,61.0,0.04404332129963899,3.7837691316942133,0.9909445125910961,9.44207631488484,45.217326976481544,129.19236278994728,1439.0,1385.0,18.0,4.0,18.0,2.0,0.056815907953976987
trunc_amp_preserving,790,3,2,13,790_T3_P1_R2,790_T3_R2_ex13,left_leg,120,amp_preserving,fixed_mean_rescaled,identity,True,12.0,1439,0.07508399240416519,0.9907451154776132,11.432969852469531,119.0,0.08592057761732852,4.50566025647157,0.9954628831883494,15.27572235846039,69.04794837943587,197.27985251267393,1439.0,1385.0,18.0,4.0,18.0,2.0,0.09527474877057943
trunc_amp_preserving,790,3,2,13,790_T3_P1_R2,790_T3_R2_ex13,right_leg,120,amp_preserving,fixed_mean_rescaled,identity,True,12.0,1439,0.05785981093883683,0.9813539149565406,6.706099815157116,78.0,0.05631768953068592,3.7062615709861415,0.9907220398889169,9.549713193116634,53.15326964978522,151.86648471367207,1439.0,1385.0,18.0,4.0,18.0,2.0,0.0558841651263093
lmin3_amp_preserving,651,1,1,11,651_T1_P1_R1,651_T1_R1_ex11,trunk_spine,120,amp_preserving,fixed_mean_rescaled,identity,False,10.0,-1,0.02783919137630928,0.9722481215378709,7.970773381294964,59.0,0.05152838427947598,3.793011035831949,0.9861240607689354,10.044692737430168,10.51514079829874,30.043259423710687,1199.0,1145.0,18.0,4.0,18.0,3.0,0.06642311151079136
lmin3_amp_preserving,651,1,1,11,651_T1_P1_R1,651_T1_R1_ex11,left_arm,120,amp_preserving,fixed_mean_rescaled,identity,False,10.0,-1,0.020389654014108163,0.8609405421596525,5.53006253006253,37.0,0.032314410480349345,2.9855677905629667,0.9279242174629324,7.095047237331807,22.462455272949455,64.17844363699845,1199.0,1145.0,18.0,4.0,18.0,3.0,0.04608385441718775
lmin3_amp_preserving,651,1,1,11,651_T1_P1_R1,651_T1_R1_ex11,right_arm,120,amp_preserving,fixed_mean_rescaled,identity,False,10.0,-1,0.020017100803127005,0.8707093821510298,5.670640834575261,39.0,0.03406113537117904,3.0240949392678735,0.9375286041189931,7.019417475728155,29.94533223691401,85.5580921054686,1199.0,1145.0,18.0,4.0,18.0,3.0,0.047255340288127175
lmin3_amp_preserving,651,1,1,11,651_T1_P1_R1,651_T1_R1_ex11,left_leg,120,amp_preserving,fixed_mean_rescaled,identity,False,10.0,-1,0.06335694872812776,0.9814676467044222,13.248536109303839,145.0,0.12663755458515283,4.640388768022265,0.9907699722858175,16.163554157656773,9.78167766831755,27.94765048090729,1199.0,1145.0,18.0,4.0,18.0,3.0,0.11040446757753199
lmin3_amp_preserving,651,1,1,11,651_T1_P1_R1,651_T1_R1_ex11,right_leg,120,amp_preserving,fixed_mean_rescaled,identity,False,10.0,-1,0.08594375057257153,0.985041216600341,12.053478260869566,190.0,0.16593886462882096,4.504647083654428,0.989837976122797,15.086921202274574,12.447084497797691,35.563098565136265,1199.0,1145.0,18.0,4.0,18.0,3.0,0.10044565217391305
lmin3_amp_preserving,651,1,1,13,651_T1_P1_R1,651_T1_R1_ex13,trunk_spine,120,amp_preserving,fixed_mean_rescaled,identity,False,12.0,-1,0.02828822436927443,0.9159781646503393,5.735334872979215,52.0,0.03754512635379061,3.0905214686689946,0.9586345529654765,7.5008658008658005,11.206552249323815,32.01872071235376,1439.0,1385.0,18.0,4.0,18.0,3.0,0.04779445727482679
lmin3_amp_preserving,651,1,1,13,651_T1_P1_R1,651_T1_R1_ex13,left_arm,120,amp_preserving,fixed_mean_rescaled,identity,False,12.0,-1,0.03305440203668538,0.9378787878787879,8.723429242513213,99.0,0.07148014440433213,3.8557369451055425,0.9673137626262627,10.143826547500828,31.056013405914776,88.73146687404223,1439.0,1385.0,18.0,4.0,18.0,3.0,0.0726952436876101
lmin3_amp_preserving,651,1,1,13,651_T1_P1_R1,651_T1_R1_ex13,right_arm,120,amp_preserving,fixed_mean_rescaled,identity,False,12.0,-1,0.025566035767200183,0.9406603273068603,6.83946587537092,70.0,0.05054151624548736,3.45933853407279,0.9682079745337305,8.09831029185868,38.62073718914339,110.34496339755256,1439.0,1385.0,18.0,4.0,18.0,3.0,0.056995548961424336
lmin3_amp_preserving,651,1,1,13,651_T1_P1_R1,651_T1_R1_ex13,left_leg,120,amp_preserving,fixed_mean_rescaled,identity,False,12.0,-1,0.1618799691158365,0.9848597154992942,11.839454517278785,145.0,0.10469314079422383,4.503109278942084,0.9919174470992401,16.49022234128047,37.88588303499709,108.2453800999917,1439.0,1385.0,18.0,4.0,18.0,3.0,0.09866212097732321
lmin3_amp_preserving,651,1,1,13,651_T1_P1_R1,651_T1_R1_ex13,right_leg,120,amp_preserving,fixed_mean_rescaled,identity,False,12.0,-1,0.09201289622503704,0.9759715150759182,14.29700996677741,132.0,0.09530685920577617,4.774175674665292,0.986783766314763,18.666130416130414,51.927189108683905,148.3633974533826,1439.0,1385.0,18.0,4.0,18.0,3.0,0.11914174972314508
lmin3_amp_preserving,651,1,2,11,651_T1_P1_R2,651_T1_R2_ex11,trunk_spine,120,amp_preserving,fixed_mean_rescaled,identity,False,10.0,-1,0.042072556264696005,0.9217927780802032,6.091127098321343,65.0,0.056768558951965066,3.1458185927602482,0.9647432407911449,7.968675059952038,11.19271399746857,31.979182849910202,1199.0,1145.0,18.0,4.0,18.0,3.0,0.0507593924860112
lmin3_amp_preserving,651,1,2,11,651_T1_P1_R2,651_T1_R2_ex11,left_arm,120,amp_preserving,fixed_mean_rescaled,identity,False,10.0,-1,0.030074510642196232,0.9411077829111032,7.0697940503432495,73.0,0.06375545851528384,3.5267514605777928,0.9698177387419404,8.98095909732017,39.15767970641525,111.87908487547216,1199.0,1145.0,18.0,4.0,18.0,3.0,0.05891495041952708
lmin3_amp_preserving,651,1,2,11,651_T1_P1_R2,651_T1_R2_ex11,right_arm,120,amp_preserving,fixed_mean_rescaled,identity,False,10.0,-1,0.028555287507252572,0.9407549994652978,8.370123691722169,76.0,0.06637554585152838,3.73685275379127,0.9692813602823227,9.520745798319327,58.75631404504811,167.87518298585175,1199.0,1145.0,18.0,4.0,18.0,3.0,0.06975103076435141
lmin3_amp_preserving,651,1,2,11,651_T1_P1_R2,651_T1_R2_ex11,left_leg,120,amp_preserving,fixed_mean_rescaled,identity,False,10.0,-1,0.035754420252236845,0.9467907930136226,7.128938906752412,58.0,0.050655021834061134,3.5381164429877927,0.9766409019088697,8.72401296967385,13.660513373585026,39.030038210242935,1199.0,1145.0,18.0,4.0,18.0,3.0,0.059407824222936764
lmin3_amp_preserving,651,1,2,11,651_T1_P1_R2,651_T1_R2_ex11,right_leg,120,amp_preserving,fixed_mean_rescaled,identity,False,10.0,-1,0.042028277399456436,0.9477948121775776,6.896378535553794,62.0,0.05414847161572053,3.458538152246089,0.9773668531570152,8.810545275912887,15.30289368932546,43.72255339807275,1199.0,1145.0,18.0,4.0,18.0,3.0,0.05746982112961495
lmin3_amp_preserving,651,1,2,13,651_T1_P1_R2,651_T1_R2_ex13,trunk_spine,120,amp_preserving,fixed_mean_rescaled,identity,False,14.0,-1,0.03482758620689655,0.8851267544336852,5.7169360505973295,63.0,0.03876923076923077,3.0767425387941514,0.947959960831248,7.204746547589514,15.104288676528554,43.1551105043673,1679.0,1625.0,18.0,4.0,18.0,3.0,0.04764113375497774
lmin3_amp_preserving,651,1,2,13,651_T1_P1_R2,651_T1_R2_ex13,left_arm,120,amp_preserving,fixed_mean_rescaled,identity,False,14.0,-1,0.021850701023114816,0.8401775804661488,5.159531416400426,48.0,0.029538461538461538,2.7781548794327176,0.9276845172031076,6.418766498680106,39.08661864858077,111.67605328165934,1679.0,1625.0,18.0,4.0,18.0,3.0,0.042996095136670215
lmin3_amp_preserving,651,1,2,13,651_T1_P1_R2,651_T1_R2_ex13,right_arm,120,amp_preserving,fixed_mean_rescaled,identity,False,14.0,-1,0.025398256915498296,0.8818368991137767,5.664749856239218,86.0,0.05292307692307692,3.038153810904304,0.9429624324888849,6.918016637478108,54.21205679577824,154.89159084508069,1679.0,1625.0,18.0,4.0,18.0,3.0,0.047206248801993485
lmin3_amp_preserving,651,1,2,13,651_T1_P1_R2,651_T1_R2_ex13,left_leg,120,amp_preserving,fixed_mean_rescaled,identity,False,14.0,-1,0.049275483137552104,0.9381257786185576,7.924645965960764,99.0,0.06092307692307692,3.6932814396292586,0.9710623048647319,10.571368773545416,43.199466567291395,123.42704733511829,1679.0,1625.0,18.0,4.0,18.0,3.0,0.06603871638300636
lmin3_amp_preserving,651,1,2,13,651_T1_P1_R2,651_T1_R2_ex13,right_leg,120,amp_preserving,fixed_mean_rescaled,identity,False,14.0,-1,0.07264569912845775,0.965792438657987,9.306091676718939,73.0,0.04492307692307692,4.110482441194823,0.9817330161909531,12.514794866679965,45.687493004792046,130.53569429940586,1679.0,1625.0,18.0,4.0,18.0,3.0,0.07755076397265782
lmin3_amp_preserving,651,2,1,11,651_T2_P1_R1,651_T2_R1_ex11,trunk_spine,120,amp_preserving,fixed_mean_rescaled,identity,False,10.0,-1,0.02287995846947812,0.8902235568902236,4.9646445850390775,39.0,0.03406113537117904,2.698799555423156,0.9560894227560894,6.481339063560281,14.43078819772929,41.23082342208369,1199.0,1145.0,18.0,4.0,18.0,3.0,0.04137203820865898
lmin3_amp_preserving,651,2,1,11,651_T2_P1_R1,651_T2_R1_ex11,left_arm,120,amp_preserving,fixed_mean_rescaled,identity,False,10.0,-1,0.023157846520291934,0.8287729940001318,4.842064714946071,22.0,0.01921397379912664,2.6408997331387005,0.9246060526142282,6.22022621423819,39.59329043372622,113.1236869535035,1199.0,1145.0,18.0,4.0,18.0,3.0,0.040350539291217256
lmin3_amp_preserving,651,2,1,11,651_T2_P1_R1,651_T2_R1_ex11,right_arm,120,amp_preserving,fixed_mean_rescaled,identity,False,10.0,-1,0.024304516444254437,0.865058424425179,6.018356643356643,59.0,0.05152838427947598,3.154246066781355,0.9334715416509611,7.61219262295082,47.68783001226902,136.2509428921972,1199.0,1145.0,18.0,4.0,18.0,3.0,0.050152972027972025
lmin3_amp_preserving,651,2,1,11,651_T2_P1_R1,651_T2_R1_ex11,left_leg,120,amp_preserving,fixed_mean_rescaled,identity,False,10.0,-1,0.041292332122026446,0.961396243159296,9.285714285714286,93.0,0.08122270742358079,3.986934777807854,0.9804947492974412,11.655604395604396,12.940111862852966,36.971748179579905,1199.0,1145.0,18.0,4.0,18.0,3.0,0.07738095238095238
lmin3_amp_preserving,651,2,1,11,651_T2_P1_R1,651_T2_R1_ex11,right_leg,120,amp_preserving,fixed_mean_rescaled,identity,False,10.0,-1,0.02189360857483128,0.929283771532185,7.747093023255814,113.0,0.09868995633187773,3.522022249376788,0.9712671734430574,8.79229797979798,12.926957813421561,36.93416518120446,1199.0,1145.0,18.0,4.0,18.0,3.0,0.06455910852713179
lmin3_amp_preserving,651,2,1,13,651_T2_P1_R1,651_T2_R1_ex13,trunk_spine,120,amp_preserving,fixed_mean_rescaled,identity,False,14.0,-1,0.029690034103827208,0.8403103941188482,4.8857227663995255,49.0,0.030153846153846153,2.626933893238296,0.9255411476414132,6.347864145658264,14.987866226387304,42.82247493253516,1679.0,1625.0,18.0,4.0,18.0,3.0,0.040714356386662716
lmin3_amp_preserving,651,2,1,13,651_T2_P1_R1,651_T2_R1_ex13,left_arm,120,amp_preserving,fixed_mean_rescaled,identity,False,14.0,-1,0.025261841606669194,0.9070590705907059,5.849293867285742,64.0,0.039384615384615386,3.1255465184392586,0.9560345603456034,7.254980079681275,43.400643221577,124.00183777593429,1679.0,1625.0,18.0,4.0,18.0,3.0,0.04874411556071452
lmin3_amp_preserving,651,2,1,13,651_T2_P1_R1,651_T2_R1_ex13,right_arm,120,amp_preserving,fixed_mean_rescaled,identity,False,14.0,-1,0.03261083743842365,0.8855682082268185,6.369045629282969,52.0,0.032,3.2780849953838085,0.9443295375319545,8.214798342262206,45.07745565557446,128.79273044449846,1679.0,1625.0,18.0,4.0,18.0,3.0,0.053075380244024736
lmin3_amp_preserving,651,2,1,13,651_T2_P1_R1,651_T2_R1_ex13,left_leg,120,amp_preserving,fixed_mean_rescaled,identity,False,14.0,-1,0.029874952633573322,0.867351598173516,5.565847305876607,46.0,0.028307692307692308,2.968290637769854,0.9380263825469305,7.150841229936183,41.83594906584118,119.53128304526051,1679.0,1625.0,18.0,4.0,18.0,3.0,0.04638206088230506
lmin3_amp_preserving,651,2,1,13,651_T2_P1_R1,651_T2_R1_ex13,right_leg,120,amp_preserving,fixed_mean_rescaled,identity,False,14.0,-1,0.04136718453959833,0.9064377839659974,6.800962199312715,58.0,0.03569230769230769,3.4646137588932486,0.9523761541843764,8.919018615424209,50.080321143447215,143.08663183842063,1679.0,1625.0,18.0,4.0,18.0,3.0,0.056674684994272626
lmin3_amp_preserving,651,2,2,11,651_T2_P1_R2,651_T2_R2_ex11,trunk_spine,120,amp_preserving,fixed_mean_rescaled,identity,False,10.0,-1,0.018673466271719546,0.9398201144726084,6.809241706161138,72.0,0.062882096069869,3.4336636091002455,0.9655764513491415,7.738532110091743,15.729815489666194,44.942329970474844,1199.0,1145.0,18.0,4.0,18.0,3.0,0.05674368088467615
lmin3_amp_preserving,651,2,2,11,651_T2_P1_R2,651_T2_R2_ex11,left_arm,120,amp_preserving,fixed_mean_rescaled,identity,False,10.0,-1,0.02797966225913824,0.8890586630286493,6.261337432744043,79.0,0.06899563318777292,3.229060704373264,0.9458117326057299,7.625164980202376,40.614083012827024,116.04023717950578,1199.0,1145.0,18.0,4.0,18.0,3.0,0.0521778119395337
lmin3_amp_preserving,651,2,2,11,651_T2_P1_R2,651_T2_R2_ex11,right_arm,120,amp_preserving,fixed_mean_rescaled,identity,False,10.0,-1,0.022000488594375058,0.8420431674647789,5.813608049832295,61.0,0.05327510917030567,3.072072107448015,0.9175862308279548,6.702915082382763,52.94897867248244,151.2827962070927,1199.0,1145.0,18.0,4.0,18.0,3.0,0.04844673374860246
lmin3_amp_preserving,651,2,2,11,651_T2_P1_R2,651_T2_R2_ex11,left_leg,120,amp_preserving,fixed_mean_rescaled,identity,False,10.0,-1,0.031798332671695115,0.9365216556227792,6.380111220150474,40.0,0.034934497816593885,3.327127794518576,0.9682848362623644,8.276421095834188,10.94375047786298,31.267858508179945,1199.0,1145.0,18.0,4.0,18.0,3.0,0.053167593501253954
lmin3_amp_preserving,651,2,2,11,651_T2_P1_R2,651_T2_R2_ex11,right_leg,120,amp_preserving,fixed_mean_rescaled,identity,False,10.0,-1,0.026744434604696613,0.9505594884676867,6.757305194805195,80.0,0.06986899563318777,3.40817095846013,0.972796300525234,8.35064935064935,11.989964379443865,34.25704108412533,1199.0,1145.0,18.0,4.0,18.0,3.0,0.056310876623376624
lmin3_amp_preserving,651,2,2,13,651_T2_P1_R2,651_T2_R2_ex13,trunk_spine,120,amp_preserving,fixed_mean_rescaled,identity,False,14.0,-1,0.01721712769988632,0.8494145611409455,4.917686034658511,49.0,0.030153846153846153,2.669039947501387,0.9255436217976934,5.9896026207093005,15.28221739989288,43.66347828540823,1679.0,1625.0,18.0,4.0,18.0,3.0,0.04098071695548759
lmin3_amp_preserving,651,2,2,13,651_T2_P1_R2,651_T2_R2_ex13,left_arm,120,amp_preserving,fixed_mean_rescaled,identity,False,14.0,-1,0.02073133762788935,0.7990860902942789,5.112020579981291,58.0,0.03569230769230769,2.7712147322098284,0.9018095412173277,6.113754646840149,41.458466662458264,118.4527618927379,1679.0,1625.0,18.0,4.0,18.0,3.0,0.04260017149984409
lmin3_amp_preserving,651,2,2,13,651_T2_P1_R2,651_T2_R2_ex13,right_arm,120,amp_preserving,fixed_mean_rescaled,identity,False,14.0,-1,0.03521788556271315,0.827437056165268,5.731256521091072,64.0,0.039384615384615386,3.043079671246182,0.9147191736604261,7.318698347107438,42.56290596513034,121.60830275751526,1679.0,1625.0,18.0,4.0,18.0,3.0,0.04776047100909227
lmin3_amp_preserving,651,2,2,13,651_T2_P1_R2,651_T2_R2_ex13,left_leg,120,amp_preserving,fixed_mean_rescaled,identity,False,14.0,-1,0.12009321712769988,0.9818127891053432,12.796594834676757,331.0,0.2036923076923077,4.528687956191692,0.9903447492474584,17.370413415241575,45.20785232203527,129.1652923486722,1679.0,1625.0,18.0,4.0,18.0,3.0,0.10663829028897297
lmin3_amp_preserving,651,2,2,13,651_T2_P1_R2,651_T2_R2_ex13,right_leg,120,amp_preserving,fixed_mean_rescaled,identity,False,14.0,-1,0.11359226979916635,0.9766821229609367,11.758232931726907,168.0,0.10338461538461538,4.456206595723954,0.9870000333589085,16.020846870262076,50.40736609131741,144.0210459751926,1679.0,1625.0,18.0,4.0,18.0,3.0,0.09798527443105756
lmin3_amp_preserving,651,3,1,11,651_T3_P1_R1,651_T3_R1_ex11,trunk_spine,120,amp_preserving,fixed_mean_rescaled,identity,False,10.0,-1,0.024695391944300243,0.9454062074935081,6.805073431241656,71.0,0.06200873362445415,3.4699328827601663,0.9705700506986522,7.235768610278866,15.238596683436239,43.538847666960685,1199.0,1145.0,18.0,4.0,18.0,3.0,0.05670894526034713
lmin3_amp_preserving,651,3,1,11,651_T3_P1_R1,651_T3_R1_ex11,left_arm,120,amp_preserving,fixed_mean_rescaled,identity,False,10.0,-1,0.02595046874522857,0.8589668157213461,6.020206185567011,32.0,0.02794759825327511,3.213150873103608,0.930160037655919,7.657544199564059,43.048442126407195,122.99554893259199,1199.0,1145.0,18.0,4.0,18.0,3.0,0.05016838487972509
lmin3_amp_preserving,651,3,1,11,651_T3_P1_R1,651_T3_R1_ex11,right_arm,120,amp_preserving,fixed_mean_rescaled,identity,False,10.0,-1,0.021304241609918464,0.851573138393177,5.475576036866359,25.0,0.021834061135371178,2.996943572748457,0.9216655916290404,7.002450313095562,47.5463016602057,135.84657617201628,1199.0,1145.0,18.0,4.0,18.0,3.0,0.04562980030721966
lmin3_amp_preserving,651,3,1,11,651_T3_P1_R1,651_T3_R1_ex11,left_leg,120,amp_preserving,fixed_mean_rescaled,identity,False,10.0,-1,0.015228875927565885,0.8793864046520955,5.10238510762071,32.0,0.02794759825327511,2.7913077723765705,0.9423501102867455,6.1876234364713625,9.430529435894925,26.944369816842645,1199.0,1145.0,18.0,4.0,18.0,3.0,0.04251987589683925
lmin3_amp_preserving,651,3,1,11,651_T3_P1_R1,651_T3_R1_ex11,right_leg,120,amp_preserving,fixed_mean_rescaled,identity,False,10.0,-1,0.023223501389440255,0.9418803418803419,6.818657782008567,80.0,0.06986899563318777,3.4807074137106153,0.9687705456936226,7.9951166576234405,10.435406017901068,29.815445765431623,1199.0,1145.0,18.0,4.0,18.0,3.0,0.056822148183404725
lmin3_amp_preserving,651,3,1,13,651_T3_P1_R1,651_T3_R1_ex13,trunk_spine,120,amp_preserving,fixed_mean_rescaled,identity,False,12.0,-1,0.02577366916383214,0.8950287426119342,5.7725848563968665,66.0,0.047653429602888084,3.027503200841111,0.9582827301433082,7.169922762380736,15.581180539649367,44.51765868471248,1439.0,1385.0,18.0,4.0,18.0,3.0,0.04810487380330722
lmin3_amp_preserving,651,3,1,13,651_T3_P1_R1,651_T3_R1_ex13,left_arm,120,amp_preserving,fixed_mean_rescaled,identity,False,12.0,-1,0.027978339350180504,0.9085213499906769,6.211626721060683,47.0,0.03393501805054152,3.290714093446836,0.9565355211635279,8.005461922596755,37.56534040072724,107.32954400207782,1439.0,1385.0,18.0,4.0,18.0,3.0,0.05176355600883902
lmin3_amp_preserving,651,3,1,13,651_T3_P1_R1,651_T3_R1_ex13,right_arm,120,amp_preserving,fixed_mean_rescaled,identity,False,12.0,-1,0.024804365518248786,0.8905481007866066,6.0076617480136205,50.0,0.036101083032490974,3.184679019708625,0.9468935346822025,7.4985009993337775,40.93199944330387,116.94856983801107,1439.0,1385.0,18.0,4.0,18.0,3.0,0.050063847900113506
lmin3_amp_preserving,651,3,1,13,651_T3_P1_R1,651_T3_R1_ex13,left_leg,120,amp_preserving,fixed_mean_rescaled,identity,False,12.0,-1,0.06788046994010977,0.9618647975652495,8.980625717566015,162.0,0.11696750902527075,3.9999979293878036,0.9796335577484706,11.872764530551416,38.666565191399144,110.4759005468547,1439.0,1385.0,18.0,4.0,18.0,3.0,0.07483854764638347
lmin3_amp_preserving,651,3,1,13,651_T3_P1_R1,651_T3_R1_ex13,right_leg,120,amp_preserving,fixed_mean_rescaled,identity,False,12.0,-1,0.05817178272573611,0.9481283518375693,7.763401380525774,54.0,0.03898916967509025,3.7805453854029607,0.9743959966279842,9.795438153624234,39.06580062044058,111.6165732012588,1439.0,1385.0,18.0,4.0,18.0,3.0,0.06469501150438145
lmin3_amp_preserving,651,3,2,11,651_T3_P1_R2,651_T3_R2_ex11,trunk_spine,120,amp_preserving,fixed_mean_rescaled,identity,False,10.0,-1,0.03548569334595535,0.9677294436556086,7.936132674664785,129.0,0.11266375545851529,3.7456401690346754,0.9824663310528807,9.3312219043727,16.907352592574444,48.306721693069846,1199.0,1145.0,18.0,4.0,18.0,3.0,0.06613443895553987
lmin3_amp_preserving,651,3,2,11,651_T3_P1_R2,651_T3_R2_ex11,left_arm,120,amp_preserving,fixed_mean_rescaled,identity,False,10.0,-1,0.0210843741411427,0.8693605619523499,5.668083097261568,53.0,0.0462882096069869,3.0299783755600185,0.9338112824969222,7.283253318271675,38.36179737911264,109.60513536889326,1199.0,1145.0,18.0,4.0,18.0,3.0,0.047234025810513065
lmin3_amp_preserving,651,3,2,11,651_T3_P1_R2,651_T3_R2_ex11,right_arm,120,amp_preserving,fixed_mean_rescaled,identity,False,10.0,-1,0.03388096619537668,0.922397476340694,6.551856594110116,65.0,0.056768558951965066,3.3704532176039774,0.9635196034249662,8.359921798631476,40.33268155289867,115.23623300828191,1199.0,1145.0,18.0,4.0,18.0,3.0,0.05459880495091763
lmin3_amp_preserving,651,3,2,11,651_T3_P1_R2,651_T3_R2_ex11,left_leg,120,amp_preserving,fixed_mean_rescaled,identity,False,10.0,-1,0.07220966806119644,0.9800181845093354,10.938871843285343,104.0,0.09082969432314411,4.3127249914952746,0.9885606749413233,14.321335579721243,10.534174326348696,30.097640932424845,1199.0,1145.0,18.0,4.0,18.0,3.0,0.09115726536071118
lmin3_amp_preserving,651,3,2,11,651_T3_P1_R2,651_T3_R2_ex11,right_leg,120,amp_preserving,fixed_mean_rescaled,identity,False,10.0,-1,0.04720737777506336,0.9421049226987516,6.940195377650703,61.0,0.05327510917030567,3.4653308448618665,0.9747234620609354,9.288488210818308,9.926836443484312,28.362389838526607,1199.0,1145.0,18.0,4.0,18.0,3.0,0.057834961480422525
lmin3_amp_preserving,651,3,2,13,651_T3_P1_R2,651_T3_R2_ex13,trunk_spine,120,amp_preserving,fixed_mean_rescaled,identity,False,12.0,-1,0.021975751758101875,0.8917956509353338,5.1488486842105265,26.0,0.018772563176895306,2.8284280732981344,0.9505744943500143,6.576120873706684,16.578161326558476,47.366175218738505,1439.0,1385.0,18.0,4.0,18.0,3.0,0.042907072368421055
lmin3_amp_preserving,651,3,2,13,651_T3_P1_R2,651_T3_R2_ex13,left_arm,120,amp_preserving,fixed_mean_rescaled,identity,False,12.0,-1,0.03214457127355439,0.9456634640353155,8.197523916713562,60.0,0.04332129963898917,3.879329760915433,0.9698779537782394,10.170183798502382,35.135657354070055,100.38759244020017,1439.0,1385.0,18.0,4.0,18.0,3.0,0.06831269930594636
lmin3_amp_preserving,651,3,2,13,651_T3_P1_R2,651_T3_R2_ex13,right_arm,120,amp_preserving,fixed_mean_rescaled,identity,False,12.0,-1,0.027807224390142108,0.8878090878391055,6.048312883435583,51.0,0.0368231046931408,3.1962608605358387,0.9426100333946194,7.769135611566414,35.54908411540487,101.56881175829963,1439.0,1385.0,18.0,4.0,18.0,3.0,0.05040260736196319
lmin3_amp_preserving,651,3,2,13,651_T3_P1_R2,651_T3_R2_ex13,left_leg,120,amp_preserving,fixed_mean_rescaled,identity,False,12.0,-1,0.07319964107593747,0.9740435600661383,10.202299193789191,92.0,0.0664259927797834,4.205894242477187,0.9869433833171789,13.514199277837417,47.48219354353058,135.6634101243731,1439.0,1385.0,18.0,4.0,18.0,3.0,0.08501915994824326
lmin3_amp_preserving,651,3,2,13,651_T3_P1_R2,651_T3_R2_ex13,right_leg,120,amp_preserving,fixed_mean_rescaled,identity,False,12.0,-1,0.10977546378414474,0.9799925863265248,10.983913923511238,128.0,0.09241877256317689,4.33774369353909,0.9896066000703349,14.368962186033674,44.88634034819296,128.24668670912274,1439.0,1385.0,18.0,4.0,18.0,3.0,0.09153261602926031
lmin3_amp_preserving,790,1,1,11,790_T1_P1_R1,790_T1_R1_ex11,trunk_spine,120,amp_preserving,fixed_mean_rescaled,identity,False,10.0,-1,0.035160472715057865,0.9709484106305367,8.799291617473436,62.0,0.05414847161572053,4.016725516347167,0.9824995657460482,10.127573858549686,14.738407113156402,42.1097346090183,1199.0,1145.0,18.0,4.0,18.0,3.0,0.07332743014561197
lmin3_amp_preserving,790,1,1,11,790_T1_P1_R1,790_T1_R1_ex11,left_arm,120,amp_preserving,fixed_mean_rescaled,identity,False,10.0,-1,0.06169267413808899,0.9605989357752753,9.243391283638962,76.0,0.06637554585152838,4.058647000595563,0.9797426061131048,12.178587909552377,59.89005029248162,171.11442940709034,1199.0,1145.0,18.0,4.0,18.0,3.0,0.07702826069699135
lmin3_amp_preserving,790,1,1,11,790_T1_P1_R1,790_T1_R1_ex11,right_arm,120,amp_preserving,fixed_mean_rescaled,identity,False,10.0,-1,0.022458545820991237,0.8934665850839622,6.324350336862367,56.0,0.04890829694323144,3.273420089998703,0.9443877897885649,7.921870544625036,51.46938049749256,147.05537284997874,1199.0,1145.0,18.0,4.0,18.0,3.0,0.05270291947385306
lmin3_amp_preserving,790,1,1,11,790_T1_P1_R1,790_T1_R1_ex11,left_leg,120,amp_preserving,fixed_mean_rescaled,identity,False,10.0,-1,0.05768009283293126,0.9733170977049528,10.891291469194313,123.0,0.10742358078602621,4.295732927354489,0.9855335256902348,13.76613052320207,8.806710439833866,25.162029828096763,1199.0,1145.0,18.0,4.0,18.0,3.0,0.09076076224328594
lmin3_amp_preserving,790,1,1,11,790_T1_P1_R1,790_T1_R1_ex11,right_leg,120,amp_preserving,fixed_mean_rescaled,identity,False,10.0,-1,0.04788988304272147,0.980105212816834,11.343542435424354,102.0,0.0890829694323144,4.436320882218172,0.9877251713693608,13.65359189070075,10.001162427792515,28.574749793692902,1199.0,1145.0,18.0,4.0,18.0,3.0,0.09452952029520295
lmin3_amp_preserving,790,1,1,13,790_T1_P1_R1,790_T1_R1_ex13,trunk_spine,120,amp_preserving,fixed_mean_rescaled,identity,False,14.0,-1,0.044107616521409626,0.8737113402061856,6.993535964791638,73.0,0.04492307692307692,3.5274598892641587,0.9348625429553264,9.280061402012622,22.02640306898244,62.93258019709269,1679.0,1625.0,18.0,4.0,18.0,3.0,0.05827946637326365
lmin3_amp_preserving,790,1,1,13,790_T1_P1_R1,790_T1_R1_ex13,left_arm,120,amp_preserving,fixed_mean_rescaled,identity,False,14.0,-1,0.05213868889730959,0.9175981510821692,7.582942942942943,81.0,0.049846153846153846,3.663385844949323,0.9578033925897932,9.920806985847637,62.23531176223542,177.81517646352978,1679.0,1625.0,18.0,4.0,18.0,3.0,0.0631911911911912
lmin3_amp_preserving,790,1,1,13,790_T1_P1_R1,790_T1_R1_ex13,right_arm,120,amp_preserving,fixed_mean_rescaled,identity,False,14.0,-1,0.039241379310344826,0.9098862473203422,5.965181058495822,63.0,0.03876923076923077,3.166354407376739,0.9566136850846868,7.890481879729191,56.332182062212375,160.94909160632108,1679.0,1625.0,18.0,4.0,18.0,3.0,0.04970984215413185
lmin3_amp_preserving,790,1,1,13,790_T1_P1_R1,790_T1_R1_ex13,left_leg,120,amp_preserving,fixed_mean_rescaled,identity,False,14.0,-1,0.2397536945812808,0.9831265508684863,17.22894970086417,196.0,0.12061538461538461,4.983446255582302,0.9913751955872359,24.795548879313753,44.01037561208018,125.7439303202291,1679.0,1625.0,18.0,4.0,18.0,3.0,0.14357458084053476
lmin3_amp_preserving,790,1,1,13,790_T1_P1_R1,790_T1_R1_ex13,right_leg,120,amp_preserving,fixed_mean_rescaled,identity,False,14.0,-1,0.15256309208033347,0.9194116449005747,10.773224679860302,112.0,0.06892307692307692,4.220296595440522,0.9590724614643306,15.831734317343173,48.017226876252245,137.19207678929214,1679.0,1625.0,18.0,4.0,18.0,3.0,0.08977687233216919
lmin3_amp_preserving,790,1,2,11,790_T1_P1_R2,790_T1_R2_ex11,trunk_spine,120,amp_preserving,fixed_mean_rescaled,identity,False,10.0,-1,0.04492319907167069,0.9835497246958058,11.151445086705202,145.0,0.12663755458515283,4.321340955012032,0.9895826252464143,10.968355622527783,17.857666349516492,51.02190385576141,1199.0,1145.0,18.0,4.0,18.0,3.0,0.09292870905587668
lmin3_amp_preserving,790,1,2,11,790_T1_P1_R2,790_T1_R2_ex11,left_arm,120,amp_preserving,fixed_mean_rescaled,identity,False,10.0,-1,0.030886798790728923,0.9417173364971081,7.740755790329135,114.0,0.09956331877729258,3.6499145110031104,0.9739730090464185,9.52962515114873,51.696387177984015,147.7039633656686,1199.0,1145.0,18.0,4.0,18.0,3.0,0.06450629825274279
lmin3_amp_preserving,790,1,2,11,790_T1_P1_R2,790_T1_R2_ex11,right_arm,120,amp_preserving,fixed_mean_rescaled,identity,False,10.0,-1,0.03691025132073167,0.9641350210970464,9.111415168100079,117.0,0.10218340611353711,3.983730079338226,0.9786961197981302,11.355411567074635,48.758450692427296,139.30985912122085,1199.0,1145.0,18.0,4.0,18.0,3.0,0.07592845973416733
lmin3_amp_preserving,790,1,2,11,790_T1_P1_R2,790_T1_R2_ex11,left_leg,120,amp_preserving,fixed_mean_rescaled,identity,False,10.0,-1,0.048734235197117295,0.975217745472774,9.37277928334839,85.0,0.07423580786026202,4.051899264064638,0.9854470831505734,11.701450892857142,12.565545507684428,35.90155859338408,1199.0,1145.0,18.0,4.0,18.0,3.0,0.07810649402790325
lmin3_amp_preserving,790,1,2,11,790_T1_P1_R2,790_T1_R2_ex11,right_leg,120,amp_preserving,fixed_mean_rescaled,identity,False,10.0,-1,0.04476440589977708,0.9828091957159424,10.106629252893722,88.0,0.07685589519650655,4.221959617571269,0.9893069104304523,11.723726758286176,11.879280504418261,33.940801441195035,1199.0,1145.0,18.0,4.0,18.0,3.0,0.08422191044078102
lmin3_amp_preserving,790,1,2,13,790_T1_P1_R2,790_T1_R2_ex13,trunk_spine,120,amp_preserving,fixed_mean_rescaled,identity,False,14.0,-1,0.0370079575596817,0.9522649082568807,7.296563627804802,61.0,0.03753846153846154,3.6013400023565985,0.976316759501966,9.510373030121684,18.828090847709028,53.79454527916865,1679.0,1625.0,18.0,4.0,18.0,3.0,0.060804696898373346
lmin3_amp_preserving,790,1,2,13,790_T1_P1_R2,790_T1_R2_ex13,left_arm,120,amp_preserving,fixed_mean_rescaled,identity,False,14.0,-1,0.030687381583933308,0.898128025288946,5.819651144183069,78.0,0.048,3.104286377525124,0.9513607626197768,7.543078128059526,60.58596397334711,173.1027542095632,1679.0,1625.0,18.0,4.0,18.0,3.0,0.048497092868192246
lmin3_amp_preserving,790,1,2,13,790_T1_P1_R2,790_T1_R2_ex13,right_arm,120,amp_preserving,fixed_mean_rescaled,identity,False,14.0,-1,0.04734369079196665,0.9631343044661438,9.878016746018716,161.0,0.09907692307692308,3.9340273959341974,0.98101488714583,12.82092050209205,58.20250848453555,166.2928813843873,1679.0,1625.0,18.0,4.0,18.0,3.0,0.08231680621682264
lmin3_amp_preserving,790,1,2,13,790_T1_P1_R2,790_T1_R2_ex13,left_leg,120,amp_preserving,fixed_mean_rescaled,identity,False,14.0,-1,0.06081924971580144,0.9602870992261778,9.31287009063444,114.0,0.07015384615384615,4.053100891574393,0.9791466772999713,12.585488908464804,29.342168379518483,83.83476679862424,1679.0,1625.0,18.0,4.0,18.0,3.0,0.077607250755287
lmin3_amp_preserving,790,1,2,13,790_T1_P1_R2,790_T1_R2_ex13,right_leg,120,amp_preserving,fixed_mean_rescaled,identity,False,14.0,-1,0.0403956043956044,0.9513901917376458,7.727979274611399,147.0,0.09046153846153847,3.649642450361368,0.9752260703163108,10.218498132494593,29.057689718699056,83.02197062485445,1679.0,1625.0,18.0,4.0,18.0,3.0,0.06439982728842833
lmin3_amp_preserving,790,2,1,11,790_T2_P1_R1,790_T2_R1_ex11,trunk_spine,120,amp_preserving,fixed_mean_rescaled,identity,False,8.0,-1,0.03653009338483352,0.9813290503914877,9.692002643754131,66.0,0.07292817679558011,4.100627690721589,0.98818844944121,10.99925512104283,13.916955894554674,39.76273112729907,959.0,905.0,18.0,4.0,18.0,3.0,0.08076668869795109
lmin3_amp_preserving,790,2,1,11,790_T2_P1_R1,790_T2_R1_ex11,left_arm,120,amp_preserving,fixed_mean_rescaled,identity,False,8.0,-1,0.04214540654182761,0.9589907192575406,9.94167167769092,90.0,0.09944751381215469,4.118502133978755,0.9777552204176334,11.665397923875432,55.814286677661975,159.46939050760565,959.0,905.0,18.0,4.0,18.0,3.0,0.08284726398075766
lmin3_amp_preserving,790,2,1,11,790_T2_P1_R1,790_T2_R1_ex11,right_arm,120,amp_preserving,fixed_mean_rescaled,identity,False,8.0,-1,0.03178017894685376,0.9707692307692307,8.561736770691995,64.0,0.0707182320441989,3.930021348766993,0.9836923076923076,10.2304,33.81832671080299,96.62379060229428,959.0,905.0,18.0,4.0,18.0,3.0,0.0713478064224333
lmin3_amp_preserving,790,2,1,11,790_T2_P1_R1,790_T2_R1_ex11,left_leg,120,amp_preserving,fixed_mean_rescaled,identity,False,8.0,-1,0.018371388060431232,0.9500998003992016,6.586715867158672,30.0,0.03314917127071823,3.4113808311718468,0.9698602794411177,8.026982378854626,10.059488460379285,28.741395601083674,959.0,905.0,18.0,4.0,18.0,3.0,0.05488929889298893
lmin3_amp_preserving,790,2,1,11,790_T2_P1_R1,790_T2_R1_ex11,right_leg,120,amp_preserving,fixed_mean_rescaled,identity,False,8.0,-1,0.031205691096660635,0.9686643164904034,9.496927803379416,71.0,0.07845303867403315,4.04277435955218,0.9864081472777125,10.166733952361728,9.748304465785754,27.852298473673585,959.0,905.0,18.0,4.0,18.0,3.0,0.0791410650281618
lmin3_amp_preserving,790,2,1,13,790_T2_P1_R1,790_T2_R1_ex13,trunk_spine,120,amp_preserving,fixed_mean_rescaled,identity,False,14.0,-1,0.023079196665403562,0.9314681640560865,6.758637121753633,77.0,0.047384615384615386,3.412413284886497,0.9631727580205562,8.196590750314378,17.937369387324427,51.24962682092694,1679.0,1625.0,18.0,4.0,18.0,3.0,0.05632197601461361
lmin3_amp_preserving,790,2,1,13,790_T2_P1_R1,790_T2_R1_ex13,left_arm,120,amp_preserving,fixed_mean_rescaled,identity,False,14.0,-1,0.034228116710875334,0.925427331502967,6.4390694808195965,57.0,0.035076923076923075,3.364823372944548,0.964651049508458,7.988173817381738,43.119876134454096,123.19964609844028,1679.0,1625.0,18.0,4.0,18.0,3.0,0.0536589123401633
lmin3_amp_preserving,790,2,1,13,790_T2_P1_R1,790_T2_R1_ex13,right_arm,120,amp_preserving,fixed_mean_rescaled,identity,False,14.0,-1,0.050874573702159906,0.9513474057411849,8.8026188835286,173.0,0.10646153846153845,3.9797815672794608,0.9750033517555751,11.233330472839612,45.11140856432517,128.88973875521478,1679.0,1625.0,18.0,4.0,18.0,3.0,0.07335515736273833
lmin3_amp_preserving,790,2,1,13,790_T2_P1_R1,790_T2_R1_ex13,left_leg,120,amp_preserving,fixed_mean_rescaled,identity,False,14.0,-1,0.04632284956422887,0.9257726224170933,7.016243025418475,99.0,0.06092307692307692,3.5443844139277014,0.9634916479884822,9.273521769939375,37.01964028439148,105.77040081254708,1679.0,1625.0,18.0,4.0,18.0,3.0,0.058468691878487286
lmin3_amp_preserving,790,2,1,13,790_T2_P1_R1,790_T2_R1_ex13,right_leg,120,amp_preserving,fixed_mean_rescaled,identity,False,14.0,-1,0.07001439939370974,0.9541370800138552,8.336990447365933,119.0,0.07323076923076922,3.9004597094617455,0.9763649549705576,10.92412498486133,42.492391968078984,121.40683419451139,1679.0,1625.0,18.0,4.0,18.0,3.0,0.0694749203947161
lmin3_amp_preserving,790,2,2,11,790_T2_P1_R2,790_T2_R2_ex11,trunk_spine,120,amp_preserving,fixed_mean_rescaled,identity,False,10.0,-1,0.026190185360491038,0.9661283740453565,8.139489194499017,76.0,0.06637554585152838,3.842141915197683,0.9759808779805282,8.410449635769908,15.808672385778356,45.16763538793816,1199.0,1145.0,18.0,4.0,18.0,3.0,0.06782907662082514
lmin3_amp_preserving,790,2,2,11,790_T2_P1_R2,790_T2_R2_ex11,left_arm,120,amp_preserving,fixed_mean_rescaled,identity,False,10.0,-1,0.025096955446300424,0.9241954127882217,6.633624454148472,39.0,0.03406113537117904,3.4518465328851256,0.9603638133479345,7.506181645268664,48.724857258617426,139.2138778817641,1199.0,1145.0,18.0,4.0,18.0,3.0,0.055280203784570596
lmin3_amp_preserving,790,2,2,11,790_T2_P1_R2,790_T2_R2_ex11,right_arm,120,amp_preserving,fixed_mean_rescaled,identity,False,10.0,-1,0.02413503527040645,0.9336369962674764,6.383217993079585,41.0,0.03580786026200873,3.3493249845565765,0.96960207503005,8.365993449781659,33.53258420899755,95.8073834542787,1199.0,1145.0,18.0,4.0,18.0,3.0,0.05319348327566321
lmin3_amp_preserving,790,2,2,11,790_T2_P1_R2,790_T2_R2_ex11,left_leg,120,amp_preserving,fixed_mean_rescaled,identity,False,10.0,-1,0.04273979295813357,0.9486281794798513,6.6886649874055415,60.0,0.05240174672489083,3.4445546696303486,0.972795798799657,8.731922398589065,13.654702490095865,39.013435685988185,1199.0,1145.0,18.0,4.0,18.0,3.0,0.05573887489504618
lmin3_amp_preserving,790,2,2,11,790_T2_P1_R2,790_T2_R2_ex11,right_leg,120,amp_preserving,fixed_mean_rescaled,identity,False,10.0,-1,0.06339664702110116,0.9732906240215794,8.662808145766345,103.0,0.08995633187772925,3.959206594253142,0.9852604706052359,11.296148004970316,15.966574743687985,45.618784981965675,1199.0,1145.0,18.0,4.0,18.0,3.0,0.07219006788138621
lmin3_amp_preserving,790,2,2,13,790_T2_P1_R2,790_T2_R2_ex13,trunk_spine,120,amp_preserving,fixed_mean_rescaled,identity,False,16.0,-1,0.023092545075883972,0.8682079772789556,5.0971186192774605,46.0,0.024664879356568366,2.7754348885597944,0.9363461969655448,6.365314590566517,19.04604148488437,54.41726138538392,1919.0,1865.0,18.0,4.0,18.0,3.0,0.042475988493978836
lmin3_amp_preserving,790,2,2,13,790_T2_P1_R2,790_T2_R2_ex13,left_arm,120,amp_preserving,fixed_mean_rescaled,identity,False,16.0,-1,0.04203419668849026,0.9288559188645416,7.2513089005235605,100.0,0.05361930294906166,3.553835327449731,0.9652354817075675,9.438934618215887,58.33743183054536,166.67837665870104,1919.0,1865.0,18.0,4.0,18.0,3.0,0.06042757417102967
lmin3_amp_preserving,790,2,2,13,790_T2_P1_R2,790_T2_R2_ex13,right_arm,120,amp_preserving,fixed_mean_rescaled,identity,False,16.0,-1,0.0497600938913116,0.9384567358830874,6.966698137498927,69.0,0.036997319034852545,3.5530681256681347,0.9718702307727882,9.377921570814971,47.23088671417895,134.94539061193987,1919.0,1865.0,18.0,4.0,18.0,3.0,0.058055817812491056
lmin3_amp_preserving,790,2,2,13,790_T2_P1_R2,790_T2_R2_ex13,left_leg,120,amp_preserving,fixed_mean_rescaled,identity,False,16.0,-1,0.03657791483045485,0.9016184589251168,6.241045182362548,63.0,0.033780160857908845,3.309635058696073,0.9508878717815631,8.181406049123757,46.665776462711854,133.33078989346245,1919.0,1865.0,18.0,4.0,18.0,3.0,0.05200870985302123
lmin3_amp_preserving,790,2,2,13,790_T2_P1_R2,790_T2_R2_ex13,right_leg,120,amp_preserving,fixed_mean_rescaled,identity,False,16.0,-1,0.05040214477211796,0.9144027942653639,6.629344587884806,64.0,0.03431635388739947,3.4186007677438863,0.9582229933339421,8.553466809312752,53.94527753088238,154.12936437394967,1919.0,1865.0,18.0,4.0,18.0,3.0,0.05524453823237339
lmin3_amp_preserving,790,3,1,11,790_T3_P1_R1,790_T3_R1_ex11,trunk_spine,120,amp_preserving,fixed_mean_rescaled,identity,False,10.0,-1,0.04488197392127523,0.9728865453308386,8.396359365825015,55.0,0.048034934497816595,3.926890407259194,0.9865623405341044,10.957868883430946,14.198937870287061,40.568393915105894,1199.0,1145.0,18.0,4.0,18.0,3.0,0.06996966138187513
lmin3_amp_preserving,790,3,1,11,790_T3_P1_R1,790_T3_R1_ex11,left_arm,120,amp_preserving,fixed_mean_rescaled,identity,False,10.0,-1,0.031860933825999325,0.9567738534528203,7.3725997045790255,63.0,0.05502183406113537,3.658040139530569,0.9779316624335075,8.891721132897603,40.54035472120399,115.8295849177257,1199.0,1145.0,18.0,4.0,18.0,3.0,0.06143833087149188
lmin3_amp_preserving,790,3,1,11,790_T3_P1_R1,790_T3_R1_ex11,right_arm,120,amp_preserving,fixed_mean_rescaled,identity,False,10.0,-1,0.023518184871896664,0.9368954099850678,7.6924307036247335,114.0,0.09956331877729258,3.630945015756979,0.96542881256898,9.572256195687158,28.845795638565267,82.41655896732934,1199.0,1145.0,18.0,4.0,18.0,3.0,0.06410358919687278
lmin3_amp_preserving,790,3,1,11,790_T3_P1_R1,790_T3_R1_ex11,left_leg,120,amp_preserving,fixed_mean_rescaled,identity,False,10.0,-1,0.04400708461843833,0.9757476927347165,9.272337619518629,110.0,0.09606986899563319,4.057225958791243,0.9857053639580876,11.40048154093098,11.778785956967443,33.653674162764126,1199.0,1145.0,18.0,4.0,18.0,3.0,0.07726948016265524
lmin3_amp_preserving,790,3,1,11,790_T3_P1_R1,790_T3_R1_ex11,right_leg,120,amp_preserving,fixed_mean_rescaled,identity,False,10.0,-1,0.07900112987449232,0.9875147368624495,12.997964894428899,90.0,0.07860262008733625,4.627740886774412,0.9921338976826888,16.44529873458273,16.38544402524971,46.81555435785632,1199.0,1145.0,18.0,4.0,18.0,3.0,0.10831637412024082
lmin3_amp_preserving,790,3,1,13,790_T3_P1_R1,790_T3_R1_ex13,trunk_spine,120,amp_preserving,fixed_mean_rescaled,identity,False,18.0,-1,0.022768530476956008,0.8151527171757239,4.920387884592362,43.0,0.020427553444180523,2.6874368032783473,0.9136552955176517,6.455507286995516,21.157776191016982,60.45078911719138,2159.0,2105.0,18.0,4.0,18.0,3.0,0.04100323237160301
lmin3_amp_preserving,790,3,1,13,790_T3_P1_R1,790_T3_R1_ex13,left_arm,120,amp_preserving,fixed_mean_rescaled,identity,False,18.0,-1,0.02490629769785862,0.8704899010044602,5.663010143901864,52.0,0.02470308788598575,3.0585972882820887,0.9383090981615114,6.979769370827433,59.38541486166576,169.6726138904736,2159.0,2105.0,18.0,4.0,18.0,3.0,0.047191751199182196
lmin3_amp_preserving,790,3,1,13,790_T3_P1_R1,790_T3_R1_ex13,right_arm,120,amp_preserving,fixed_mean_rescaled,identity,False,18.0,-1,0.030640878588911066,0.9312484341149249,7.047512826232434,74.0,0.03515439429928741,3.543029671097503,0.9643567712555082,8.772556642981632,47.54090567835659,135.83115908101882,2159.0,2105.0,18.0,4.0,18.0,3.0,0.058729273551936946
lmin3_amp_preserving,790,3,1,13,790_T3_P1_R1,790_T3_R1_ex13,left_leg,120,amp_preserving,fixed_mean_rescaled,identity,False,18.0,-1,0.0420490774274541,0.9013273766055243,6.896869093598488,80.0,0.03800475059382423,3.4648858904134725,0.9494662571416298,8.77044789444968,42.7871857109231,122.24910203120886,2159.0,2105.0,18.0,4.0,18.0,3.0,0.05747390911332073
lmin3_amp_preserving,790,3,1,13,790_T3_P1_R1,790_T3_R1_ex13,right_leg,120,amp_preserving,fixed_mean_rescaled,identity,False,18.0,-1,0.06192073914182238,0.9385797944880798,8.071939287506272,99.0,0.04703087885985748,3.8264105976574516,0.9688632667498049,10.838826792853064,62.46983923848755,178.4852549671073,2159.0,2105.0,18.0,4.0,18.0,3.0,0.06726616072921893
lmin3_amp_preserving,790,3,2,11,790_T3_P1_R2,790_T3_R2_ex11,trunk_spine,120,amp_preserving,fixed_mean_rescaled,identity,False,10.0,-1,0.025602345253000276,0.9596254770992366,8.12266532054518,63.0,0.05502183406113537,3.8669833907136697,0.9736999045801527,9.359128690169102,19.466807007973582,55.61944859421023,1199.0,1145.0,18.0,4.0,18.0,3.0,0.06768887767120983
lmin3_amp_preserving,790,3,2,11,790_T3_P1_R2,790_T3_R2_ex11,left_arm,120,amp_preserving,fixed_mean_rescaled,identity,False,10.0,-1,0.030181390661740005,0.9629179946375271,8.99952718676123,77.0,0.06724890829694323,4.000601506755702,0.9796883695047301,10.660886319845858,48.013947076036786,137.1827059315337,1199.0,1145.0,18.0,4.0,18.0,3.0,0.0749960598896769
lmin3_amp_preserving,790,3,2,11,790_T3_P1_R2,790_T3_R2_ex11,right_arm,120,amp_preserving,fixed_mean_rescaled,identity,False,10.0,-1,0.056625034354291996,0.9251739200776573,8.732756426571648,92.0,0.08034934497816594,3.853927336297178,0.9621016016825756,11.00231267345051,64.86452347201559,185.32720992004457,1199.0,1145.0,18.0,4.0,18.0,3.0,0.0727729702214304
lmin3_amp_preserving,790,3,2,11,790_T3_P1_R2,790_T3_R2_ex11,left_leg,120,amp_preserving,fixed_mean_rescaled,identity,False,10.0,-1,0.028292668030659298,0.9273070696168375,6.636925453843182,41.0,0.03580786026200873,3.409099735556722,0.9637884511602807,8.698977106673162,13.088079362067374,37.394512463049644,1199.0,1145.0,18.0,4.0,18.0,3.0,0.055307712115359856
lmin3_amp_preserving,790,3,2,11,790_T3_P1_R2,790_T3_R2_ex11,right_leg,120,amp_preserving,fixed_mean_rescaled,identity,False,10.0,-1,0.018726906281491436,0.8874031797798614,5.6189984512132165,31.0,0.027074235807860263,3.0103061666343938,0.9460252751732572,6.9855508729680915,12.073856446126486,34.496732703218534,1199.0,1145.0,18.0,4.0,18.0,3.0,0.046824987093443474
lmin3_amp_preserving,790,3,2,13,790_T3_P1_R2,790_T3_R2_ex13,trunk_spine,120,amp_preserving,fixed_mean_rescaled,identity,False,12.0,-1,0.028246489013167505,0.7932919621749409,5.344947735191638,38.0,0.027436823104693142,2.911766288912769,0.8939309988179669,6.876118766870294,22.842588352722608,65.26453815063603,1439.0,1385.0,18.0,4.0,18.0,3.0,0.044541231126596983
lmin3_amp_preserving,790,3,2,13,790_T3_P1_R2,790_T3_R2_ex13,left_arm,120,amp_preserving,fixed_mean_rescaled,identity,False,12.0,-1,0.034599653596544315,0.9333856035704593,7.189779326364692,67.0,0.04837545126353791,3.570806273654653,0.9703869002744188,9.093966369930762,48.79151099282899,139.40431712236855,1439.0,1385.0,18.0,4.0,18.0,3.0,0.05991482771970577
lmin3_amp_preserving,790,3,2,13,790_T3_P1_R2,790_T3_R2_ex13,right_arm,120,amp_preserving,fixed_mean_rescaled,identity,False,12.0,-1,0.04338077252144154,0.9334728335377733,7.82637628554144,61.0,0.04404332129963899,3.7719208642750917,0.9641749043942565,10.529944838455476,45.217326976481544,129.19236278994728,1439.0,1385.0,18.0,4.0,18.0,3.0,0.065219802379512
lmin3_amp_preserving,790,3,2,13,790_T3_P1_R2,790_T3_R2_ex13,left_leg,120,amp_preserving,fixed_mean_rescaled,identity,False,12.0,-1,0.07508399240416519,0.9651204802534671,13.069627399322544,119.0,0.08592057761732852,4.5781012938320895,0.9816361412967956,16.8512643129771,69.04794837943587,197.27985251267393,1439.0,1385.0,18.0,4.0,18.0,3.0,0.1089135616610212
lmin3_amp_preserving,790,3,2,13,790_T3_P1_R2,790_T3_R2_ex13,right_leg,120,amp_preserving,fixed_mean_rescaled,identity,False,12.0,-1,0.05785981093883683,0.9278320770368234,7.759312320916905,78.0,0.05631768953068592,3.6957987208536722,0.9623381541457785,10.746173983084978,53.15326964978522,151.86648471367207,1439.0,1385.0,18.0,4.0,18.0,3.0,0.06466093600764088
tau_17,651,1,1,11,651_T1_P1_R1,651_T1_R1_ex11,trunk_spine,120,amp_preserving,fixed_mean_rescaled,identity,False,10.0,-1,0.029396486516864172,0.9920946574351556,7.5505308690523005,61.0,0.05313588850174216,3.9060858246913117,0.9965898522269299,9.55324418028727,10.474633494892128,29.927524271120365,1199.0,1148.0,17.0,4.0,17.0,2.0,0.06292109057543584
tau_17,651,1,1,11,651_T1_P1_R1,651_T1_R1_ex11,left_arm,120,amp_preserving,fixed_mean_rescaled,identity,False,10.0,-1,0.02163346891907081,0.9688267921084042,4.816404886561955,40.0,0.03484320557491289,3.10773741839134,0.9849399705118304,6.366462446108464,22.407346372045517,64.02098963441577,1199.0,1148.0,17.0,4.0,17.0,2.0,0.04013670738801629
tau_17,651,1,1,11,651_T1_P1_R1,651_T1_R1_ex11,right_arm,120,amp_preserving,fixed_mean_rescaled,identity,False,10.0,-1,0.02118539805400545,0.9716088328075709,5.022979985174203,42.0,0.036585365853658534,3.1872798064807677,0.985553484370519,6.514928909952607,29.877333589837804,85.36381025667944,1199.0,1148.0,17.0,4.0,17.0,2.0,0.04185816654311836
tau_17,651,1,1,11,651_T1_P1_R1,651_T1_R1_ex11,left_leg,120,amp_preserving,fixed_mean_rescaled,identity,False,10.0,-1,0.06724100744557078,0.9961825163767789,12.172508970466465,148.0,0.1289198606271777,4.643607506386791,0.9973006550711543,15.466981958311438,9.726428872233708,27.789796777810594,1199.0,1148.0,17.0,4.0,17.0,2.0,0.1014375747538872
tau_17,651,1,1,11,651_T1_P1_R1,651_T1_R1_ex11,right_leg,120,amp_preserving,fixed_mean_rescaled,identity,False,10.0,-1,0.08964758846741537,0.9961031479787198,11.38938395970554,193.0,0.1681184668989547,4.555245172036011,0.9976534173697943,14.257506053268765,12.368326401339973,35.338075432399926,1199.0,1148.0,17.0,4.0,17.0,2.0,0.09491153299754616
tau_17,651,1,1,13,651_T1_P1_R1,651_T1_R1_ex13,trunk_spine,120,amp_preserving,fixed_mean_rescaled,identity,False,12.0,-1,0.029406448100829232,0.9795096445983184,5.156406918355961,51.0,0.03674351585014409,3.2387440325588948,0.9905673708754328,6.940346534653465,11.187513461788841,31.964324176539545,1439.0,1388.0,17.0,4.0,17.0,2.0,0.04297005765296634
tau_17,651,1,1,13,651_T1_P1_R1,651_T1_R1_ex13,left_arm,120,amp_preserving,fixed_mean_rescaled,identity,False,12.0,-1,0.0345925213333361,0.986125292810379,7.697140178152837,101.0,0.07276657060518732,3.8482396383542734,0.9924169619796985,9.215142219743447,31.03815831618262,88.68045233195035,1439.0,1388.0,17.0,4.0,17.0,2.0,0.06414283481794031
tau_17,651,1,1,13,651_T1_P1_R1,651_T1_R1_ex13,right_arm,120,amp_preserving,fixed_mean_rescaled,identity,False,12.0,-1,0.0268238002530704,0.9866382649109218,6.395932714034648,73.0,0.05259365994236311,3.6271639143297016,0.9928931061192874,7.6894121175764845,38.56273562919126,110.17924465483217,1439.0,1388.0,17.0,4.0,17.0,2.0,0.05329943928362206
tau_17,651,1,1,13,651_T1_P1_R1,651_T1_R1_ex13,left_leg,120,amp_preserving,fixed_mean_rescaled,identity,False,12.0,-1,0.16686647731404625,0.9966878758825067,11.369220936013066,147.0,0.10590778097982709,4.531075624426285,0.9982567767802667,16.026186906546727,37.73361407241217,107.81032592117765,1439.0,1388.0,17.0,4.0,17.0,2.0,0.09474350780010889
tau_17,651,1,1,13,651_T1_P1_R1,651_T1_R1_ex13,right_leg,120,amp_preserving,fixed_mean_rescaled,identity,False,12.0,-1,0.09718277375963298,0.9939708806362645,13.222696245733788,118.0,0.08501440922190202,4.763303954516135,0.9969587154982575,17.76240358061137,51.7637889288712,147.89653979677487,1439.0,1388.0,17.0,4.0,17.0,2.0,0.1101891353811149
tau_17,651,1,2,11,651_T1_P1_R2,651_T1_R2_ex11,trunk_spine,120,amp_preserving,fixed_mean_rescaled,identity,False,10.0,-1,0.04289784895607083,0.981411323159721,5.5204142601075485,69.0,0.06010452961672474,3.3058169483912114,0.9924937152568778,7.411686938127975,11.16702881286783,31.905796608193803,1199.0,1148.0,17.0,4.0,17.0,2.0,0.0460034521675629
tau_17,651,1,2,11,651_T1_P1_R2,651_T1_R2_ex11,left_arm,120,amp_preserving,fixed_mean_rescaled,identity,False,10.0,-1,0.03136799832315174,0.9885725353476661,6.3541861188920015,75.0,0.06533101045296168,3.5855720489748686,0.9942620569436375,8.413644744929318,39.10301164766586,111.72289042190246,1199.0,1148.0,17.0,4.0,17.0,2.0,0.05295155099076668
tau_17,651,1,2,11,651_T1_P1_R2,651_T1_R2_ex11,right_arm,120,amp_preserving,fixed_mean_rescaled,identity,False,10.0,-1,0.03013162651242903,0.989010989010989,7.451576148879605,77.0,0.06707317073170732,3.780094919224639,0.9935981449742918,8.994296144193475,58.59520712260996,167.41487749317133,1199.0,1148.0,17.0,4.0,17.0,2.0,0.06209646790733004
tau_17,651,1,2,11,651_T1_P1_R2,651_T1_R2_ex11,left_leg,120,amp_preserving,fixed_mean_rescaled,identity,False,10.0,-1,0.03566644085920247,0.9889276892939273,6.738827626233314,59.0,0.05139372822299652,3.673431598926007,0.9951239247082871,8.369448424068768,13.669478715395721,39.05565347255921,1199.0,1148.0,17.0,4.0,17.0,2.0,0.05615689688527761
tau_17,651,1,2,11,651_T1_P1_R2,651_T1_R2_ex11,right_leg,120,amp_preserving,fixed_mean_rescaled,identity,False,10.0,-1,0.043537299241469186,0.9889408317052749,6.463064295485636,67.0,0.05836236933797909,3.6067364023033153,0.9946274072006698,8.485119047619047,15.265287649100848,43.61510756885957,1199.0,1148.0,17.0,4.0,17.0,2.0,0.053858869129046964
tau_17,651,1,2,13,651_T1_P1_R2,651_T1_R2_ex13,trunk_spine,120,amp_preserving,fixed_mean_rescaled,identity,False,14.0,-1,0.035122902977850735,0.9747828704101814,4.935023944275142,65.0,0.03992628992628992,3.1694989089451315,0.9887780548628429,6.577148577148577,15.072454707896643,43.064156308276125,1679.0,1628.0,17.0,4.0,17.0,2.0,0.04112519953562618
tau_17,651,1,2,13,651_T1_P1_R2,651_T1_R2_ex13,left_arm,120,amp_preserving,fixed_mean_rescaled,identity,False,14.0,-1,0.022454314402685638,0.9659022126572062,4.432032093812683,56.0,0.0343980343980344,2.9328062390076264,0.9852041159459277,5.7964190325452565,39.100973715385564,111.71706775824447,1679.0,1628.0,17.0,4.0,17.0,2.0,0.03693360078177236
tau_17,651,1,2,13,651_T1_P1_R2,651_T1_R2_ex13,right_arm,120,amp_preserving,fixed_mean_rescaled,identity,False,14.0,-1,0.027023251669840483,0.9721981614462545,5.089074155331286,96.0,0.05896805896805897,3.226941645710763,0.9876218949956691,6.417793917385383,54.112425325745434,154.60692950212982,1679.0,1628.0,17.0,4.0,17.0,2.0,0.04240895129442738
tau_17,651,1,2,13,651_T1_P1_R2,651_T1_R2_ex13,left_leg,120,amp_preserving,fixed_mean_rescaled,identity,False,14.0,-1,0.05007407250799998,0.9858256555634302,7.216800971409648,98.0,0.060196560196560195,3.7973222851698205,0.9928826696020628,9.940368357487923,43.10584594925016,123.15955985500047,1679.0,1628.0,17.0,4.0,17.0,2.0,0.0601400080950804
tau_17,651,1,2,13,651_T1_P1_R2,651_T1_R2_ex13,right_leg,120,amp_preserving,fixed_mean_rescaled,identity,False,14.0,-1,0.07581823316303955,0.9907779946619926,8.688733624454148,75.0,0.04606879606879607,4.183247058666783,0.9947217464048121,11.851210251542478,45.5343310149118,130.0980886140337,1679.0,1628.0,17.0,4.0,17.0,2.0,0.0724061135371179
tau_17,651,2,1,11,651_T2_P1_R1,651_T2_R1_ex11,trunk_spine,120,amp_preserving,fixed_mean_rescaled,identity,False,10.0,-1,0.02321766523182731,0.976449038335732,4.387419165196943,29.0,0.025261324041811847,2.8929654213648526,0.9891403898992542,5.992865636147443,14.39825451350879,41.137870038596546,1199.0,1148.0,17.0,4.0,17.0,2.0,0.03656182637664119
tau_17,651,2,1,11,651_T2_P1_R1,651_T2_R1_ex11,left_arm,120,amp_preserving,fixed_mean_rescaled,identity,False,10.0,-1,0.023176655356041666,0.9557638115210695,4.101237345331834,27.0,0.023519163763066203,2.7773542696039657,0.9826332000786421,5.5125,39.5037120233922,112.86774863826342,1199.0,1148.0,17.0,4.0,17.0,2.0,0.03417697787776528
tau_17,651,2,1,11,651_T2_P1_R1,651_T2_R1_ex11,right_arm,120,amp_preserving,fixed_mean_rescaled,identity,False,10.0,-1,0.02475021947877967,0.9672292114145443,5.076006441223832,61.0,0.05313588850174216,3.1906825086775634,0.9850260816201288,6.71871075763918,47.762985032289095,136.465671520826,1199.0,1148.0,17.0,4.0,17.0,2.0,0.04230005367686527
tau_17,651,2,1,11,651_T2_P1_R1,651_T2_R1_ex11,left_leg,120,amp_preserving,fixed_mean_rescaled,identity,False,10.0,-1,0.043116568293594254,0.9916863352943248,8.535779260157671,97.0,0.08449477351916376,4.0532054910472795,0.9955789622010075,11.203766105054509,12.912709911881635,36.89345689109039,1199.0,1148.0,17.0,4.0,17.0,2.0,0.07113149383464726
tau_17,651,2,1,11,651_T2_P1_R1,651_T2_R1_ex11,right_leg,120,amp_preserving,fixed_mean_rescaled,identity,False,10.0,-1,0.023079446761586807,0.9849292530437644,6.708202599731062,114.0,0.09930313588850175,3.5532417969679098,0.9927936821322804,8.156528791565288,12.900173458565405,36.85763845304402,1199.0,1148.0,17.0,4.0,17.0,2.0,0.055901688331092186
tau_17,651,2,1,13,651_T2_P1_R1,651_T2_R1_ex13,trunk_spine,120,amp_preserving,fixed_mean_rescaled,identity,False,14.0,-1,0.029521783055894917,0.9653690725868331,4.215793588741204,46.0,0.028255528255528257,2.809565472783332,0.9842063532661517,5.748935534473743,14.991792255085707,42.83369215738774,1679.0,1628.0,17.0,4.0,17.0,2.0,0.035131613239510036
tau_17,651,2,1,13,651_T2_P1_R1,651_T2_R1_ex13,left_arm,120,amp_preserving,fixed_mean_rescaled,identity,False,14.0,-1,0.025713202726109916,0.9807658424854643,5.322549800796812,65.0,0.03992628992628992,3.2980771360990686,0.991205144770071,6.808087938684953,43.306729045896624,123.73351155970464,1679.0,1628.0,17.0,4.0,17.0,2.0,0.04435458167330677
tau_17,651,2,1,13,651_T2_P1_R1,651_T2_R1_ex13,right_arm,120,amp_preserving,fixed_mean_rescaled,identity,False,14.0,-1,0.033483642887453584,0.9694892321569512,5.519578893311079,55.0,0.033783783783783786,3.3432289982396144,0.9857255609426091,7.4657557643040136,44.956904632954675,128.44829895129908,1679.0,1628.0,17.0,4.0,17.0,2.0,0.04599649077759233
tau_17,651,2,1,13,651_T2_P1_R1,651_T2_R1_ex13,left_leg,120,amp_preserving,fixed_mean_rescaled,identity,False,14.0,-1,0.03106363893087925,0.9665046183762761,4.787718242022878,57.0,0.03501228501228501,3.0813436765732507,0.9852941176470589,6.447431207253062,41.780121785907845,119.37177653116528,1679.0,1628.0,17.0,4.0,17.0,2.0,0.03989765201685732
tau_17,651,2,1,13,651_T2_P1_R1,651_T2_R1_ex13,right_leg,120,amp_preserving,fixed_mean_rescaled,identity,False,14.0,-1,0.042901648925004796,0.976961526276884,6.066557377049181,78.0,0.04791154791154791,3.5590761383372342,0.9895807666584533,8.18785495849716,49.94528195839435,142.70080559541242,1679.0,1628.0,17.0,4.0,17.0,2.0,0.05055464480874317
tau_17,651,2,2,11,651_T2_P1_R2,651_T2_R2_ex11,trunk_spine,120,amp_preserving,fixed_mean_rescaled,identity,False,10.0,-1,0.019611833931267447,0.9884603469640645,6.195631067961165,74.0,0.06445993031358885,3.5536000564814567,0.9935718711276332,7.223536036036036,15.68695775905006,44.819879311571604,1199.0,1148.0,17.0,4.0,17.0,2.0,0.05163025889967638
tau_17,651,2,2,11,651_T2_P1_R2,651_T2_R2_ex11,left_arm,120,amp_preserving,fixed_mean_rescaled,identity,False,10.0,-1,0.029555969367141673,0.9756410915257722,5.384288145207034,82.0,0.07142857142857142,3.3009414173324987,0.9884115319389486,6.97877358490566,40.594745240921576,115.98498640263308,1199.0,1148.0,17.0,4.0,17.0,2.0,0.04486906787672528
tau_17,651,2,2,11,651_T2_P1_R2,651_T2_R2_ex11,right_arm,120,amp_preserving,fixed_mean_rescaled,identity,False,10.0,-1,0.02312653217452588,0.9550111651123079,4.7318581191018545,48.0,0.041811846689895474,3.045871648187698,0.9789833180086693,5.832909411074154,52.89336987390749,151.12391392544998,1199.0,1148.0,17.0,4.0,17.0,2.0,0.03943215099251545
tau_17,651,2,2,11,651_T2_P1_R2,651_T2_R2_ex11,left_leg,120,amp_preserving,fixed_mean_rescaled,identity,False,10.0,-1,0.03297194013165689,0.9869633314906947,5.898953744493392,55.0,0.04790940766550523,3.468520472365496,0.9937580615441312,7.766876687668767,10.919823582517184,31.199495950049098,1199.0,1148.0,17.0,4.0,17.0,2.0,0.04915794787077827
tau_17,651,2,2,11,651_T2_P1_R2,651_T2_R2_ex11,right_leg,120,amp_preserving,fixed_mean_rescaled,identity,False,10.0,-1,0.027756091485438457,0.989657436795447,6.310188415910677,80.0,0.06968641114982578,3.5903084090989514,0.9938163510999234,7.911566107601829,11.9798752646116,34.22821504174743,1199.0,1148.0,17.0,4.0,17.0,2.0,0.0525849034659223
tau_17,651,2,2,13,651_T2_P1_R2,651_T2_R2_ex13,trunk_spine,120,amp_preserving,fixed_mean_rescaled,identity,False,14.0,-1,0.01793898720757971,0.9630440272750231,4.212076583210604,51.0,0.03132678132678133,2.825179048800238,0.983563431265258,5.4066404442387785,15.268882749404279,43.625379284012226,1679.0,1628.0,17.0,4.0,17.0,2.0,0.0351006381934217
tau_17,651,2,2,13,651_T2_P1_R2,651_T2_R2_ex13,left_arm,120,amp_preserving,fixed_mean_rescaled,identity,False,14.0,-1,0.021237894317181347,0.9506879510790344,4.197143305603516,42.0,0.025798525798525797,2.8289934156971692,0.9784548654317915,5.3699512195121955,41.388745951967664,118.25355986276476,1679.0,1628.0,17.0,4.0,17.0,2.0,0.034976194213362635
tau_17,651,2,2,13,651_T2_P1_R2,651_T2_R2_ex13,right_arm,120,amp_preserving,fixed_mean_rescaled,identity,False,14.0,-1,0.03671610371057206,0.953810718545634,4.721091205211726,66.0,0.04054054054054054,3.047862363937748,0.9783449183564348,6.377932698753184,42.52645016869308,121.50414333912309,1679.0,1628.0,17.0,4.0,17.0,2.0,0.039342426710097717
tau_17,651,2,2,13,651_T2_P1_R2,651_T2_R2_ex13,left_leg,120,amp_preserving,fixed_mean_rescaled,identity,False,14.0,-1,0.12261756084743178,0.9960158135868762,12.130268486575671,298.0,0.18304668304668303,4.578188736193235,0.9977431154244052,16.728666563419544,45.03693826384404,128.67696646812584,1679.0,1628.0,17.0,4.0,17.0,2.0,0.10108557072146393
tau_17,651,2,2,13,651_T2_P1_R2,651_T2_R2_ex13,right_leg,120,amp_preserving,fixed_mean_rescaled,identity,False,14.0,-1,0.11678161370847295,0.9942261562235312,10.956180976131101,185.0,0.11363636363636363,4.4950062125126005,0.9967833289151251,15.18198828105766,50.213348634259866,143.46671038359963,1679.0,1628.0,17.0,4.0,17.0,2.0,0.09130150813442585
tau_17,651,3,1,11,651_T3_P1_R1,651_T3_R1_ex11,trunk_spine,120,amp_preserving,fixed_mean_rescaled,identity,False,10.0,-1,0.026399727815935525,0.9906794775904724,6.434603886397609,77.0,0.06707317073170732,3.6334689881013613,0.9943904263275991,7.04873572593801,15.189392195619115,43.39826341605462,1199.0,1148.0,17.0,4.0,17.0,2.0,0.053621699053313404
tau_17,651,3,1,11,651_T3_P1_R1,651_T3_R1_ex11,left_arm,120,amp_preserving,fixed_mean_rescaled,identity,False,10.0,-1,0.02697234719264617,0.955625633517288,5.136198547215496,45.0,0.039198606271777,3.25508423611008,0.9796148214889064,6.850167355778696,43.12455761755998,123.21302176445708,1199.0,1148.0,17.0,4.0,17.0,2.0,0.04280165456012914
tau_17,651,3,1,11,651_T3_P1_R1,651_T3_R1_ex11,right_arm,120,amp_preserving,fixed_mean_rescaled,identity,False,10.0,-1,0.02296704932424838,0.9573440909992725,4.583913869537682,28.0,0.024390243902439025,3.0472621471449,0.9768864493089081,6.210426739541728,47.49226405562985,135.6921830160853,1199.0,1148.0,17.0,4.0,17.0,2.0,0.03819928224614735
tau_17,651,3,1,11,651_T3_P1_R1,651_T3_R1_ex11,left_leg,120,amp_preserving,fixed_mean_rescaled,identity,False,10.0,-1,0.015810066557509515,0.9719473532519934,4.559260928346101,34.0,0.029616724738675958,3.001792800565807,0.9874627726006341,5.696037683568855,9.41308434049465,26.894526687127577,1199.0,1148.0,17.0,4.0,17.0,2.0,0.037993841069550845
tau_17,651,3,1,11,651_T3_P1_R1,651_T3_R1_ex11,right_leg,120,amp_preserving,fixed_mean_rescaled,identity,False,10.0,-1,0.024434291546801382,0.9851432833965313,6.1024258760107815,83.0,0.07229965156794425,3.540751363261438,0.9916702927829925,7.394206257242178,10.411999892698576,29.748571121995933,1199.0,1148.0,17.0,4.0,17.0,2.0,0.050853548966756514
tau_17,651,3,1,13,651_T3_P1_R1,651_T3_R1_ex13,trunk_spine,120,amp_preserving,fixed_mean_rescaled,identity,False,12.0,-1,0.025763106989771217,0.9779023347715634,5.246862829943748,70.0,0.05043227665706052,3.23130360707058,0.9906649461671841,6.753951890034364,15.543768664091106,44.410767611688875,1439.0,1388.0,17.0,4.0,17.0,2.0,0.043723856916197894
tau_17,651,3,1,13,651_T3_P1_R1,651_T3_R1_ex13,left_arm,120,amp_preserving,fixed_mean_rescaled,identity,False,12.0,-1,0.03007236816133342,0.9801706567174492,5.476355915846361,51.0,0.03674351585014409,3.3765053350768177,0.9901026013058348,7.434630350194553,37.479319345224425,107.08376955778408,1439.0,1388.0,17.0,4.0,17.0,2.0,0.04563629929871968
tau_17,651,3,1,13,651_T3_P1_R1,651_T3_R1_ex13,right_arm,120,amp_preserving,fixed_mean_rescaled,identity,False,12.0,-1,0.026548497887963363,0.9760907845822735,5.3932972972972975,54.0,0.03890489913544669,3.335647563660958,0.9890432400704363,7.059069962295768,40.87283401072282,116.77952574492234,1439.0,1388.0,17.0,4.0,17.0,2.0,0.044944144144144146
tau_17,651,3,1,13,651_T3_P1_R1,651_T3_R1_ex13,left_leg,120,amp_preserving,fixed_mean_rescaled,identity,False,12.0,-1,0.06983018519018719,0.9899132659892587,8.306991260923844,165.0,0.11887608069164265,4.053928642581608,0.9948822470505974,11.108471760797341,38.43557053159695,109.81591580456274,1439.0,1388.0,17.0,4.0,17.0,2.0,0.06922492717436537
tau_17,651,3,1,13,651_T3_P1_R1,651_T3_R1_ex13,right_leg,120,amp_preserving,fixed_mean_rescaled,identity,False,12.0,-1,0.06068287453068738,0.9879134424433336,7.126837100160554,66.0,0.04755043227665706,3.8695456862269295,0.9941107991508594,9.347714101738571,38.87996134504168,111.08560384297624,1439.0,1388.0,17.0,4.0,17.0,2.0,0.05939030916800461
tau_17,651,3,2,11,651_T3_P1_R2,651_T3_R2_ex11,trunk_spine,120,amp_preserving,fixed_mean_rescaled,identity,False,10.0,-1,0.03667194225809489,0.9935801855533466,7.304811205846528,131.0,0.11411149825783973,3.799491263251383,0.9970593108018555,8.7937899543379,16.857137755368534,48.16325072962439,1199.0,1148.0,17.0,4.0,17.0,2.0,0.060873426715387736
tau_17,651,3,2,11,651_T3_P1_R2,651_T3_R2_ex11,left_arm,120,amp_preserving,fixed_mean_rescaled,identity,False,10.0,-1,0.022655678045135165,0.9627245910431751,4.917808219178082,38.0,0.033101045296167246,3.174021303019512,0.9824349691606329,6.472614840989399,38.22796052127662,109.22274434650464,1199.0,1148.0,17.0,4.0,17.0,2.0,0.04098173515981735
tau_17,651,3,2,11,651_T3_P1_R2,651_T3_R2_ex11,right_arm,120,amp_preserving,fixed_mean_rescaled,identity,False,10.0,-1,0.034355643718350246,0.9821389097661258,6.189746447478406,68.0,0.059233449477351915,3.5894606468518524,0.9911357708121491,8.049730700179532,40.23776671436033,114.96504775531525,1199.0,1148.0,17.0,4.0,17.0,2.0,0.05158122039565338
tau_17,651,3,2,11,651_T3_P1_R2,651_T3_R2_ex11,left_leg,120,amp_preserving,fixed_mean_rescaled,identity,False,10.0,-1,0.07623584020122179,0.9948995855913293,10.222313203684749,113.0,0.09843205574912892,4.372080039738835,0.9972206726171502,13.442325768765945,10.477230646510272,29.93494470431506,1199.0,1148.0,17.0,4.0,17.0,2.0,0.08518594336403958
tau_17,651,3,2,11,651_T3_P1_R2,651_T3_R2_ex11,right_leg,120,amp_preserving,fixed_mean_rescaled,identity,False,10.0,-1,0.04985889564961162,0.9887284469627734,6.215243201838376,74.0,0.06445993031358885,3.542680287369661,0.9943642234813868,8.618085808580858,9.905374970228738,28.30107134351068,1199.0,1148.0,17.0,4.0,17.0,2.0,0.051793693348653136
tau_17,651,3,2,13,651_T3_P1_R2,651_T3_R2_ex13,trunk_spine,120,amp_preserving,fixed_mean_rescaled,identity,False,12.0,-1,0.022932167574991325,0.9768052912929238,4.679253472222222,33.0,0.02377521613832853,3.059304454425773,0.9890142248799493,6.074429604897051,16.546985953035442,47.27710272295841,1439.0,1388.0,17.0,4.0,17.0,2.0,0.038993778935185186
tau_17,651,3,2,13,651_T3_P1_R2,651_T3_R2_ex13,left_arm,120,amp_preserving,fixed_mean_rescaled,identity,False,12.0,-1,0.03462888202306722,0.987579875798758,7.546767537826685,62.0,0.0446685878962536,3.95986476933795,0.993159931599316,9.572068815960677,35.004026139615114,100.01150325604318,1439.0,1388.0,17.0,4.0,17.0,2.0,0.06288972948188905
tau_17,651,3,2,13,651_T3_P1_R2,651_T3_R2_ex13,right_arm,120,amp_preserving,fixed_mean_rescaled,identity,False,12.0,-1,0.029106212691335145,0.9689831173930114,5.334643348398506,58.0,0.04178674351585014,3.3099140669183327,0.9856515686904379,7.049138481174218,35.44180194535865,101.2622912724533,1439.0,1388.0,17.0,4.0,17.0,2.0,0.044455361236654216
tau_17,651,3,2,13,651_T3_P1_R2,651_T3_R2_ex13,left_leg,120,amp_preserving,fixed_mean_rescaled,identity,False,12.0,-1,0.07606136853325134,0.9948507819435908,9.880358111774282,98.0,0.07060518731988473,4.333841656441887,0.996851738031824,13.36467679912104,47.230684593818644,134.94481312519613,1439.0,1388.0,17.0,4.0,17.0,2.0,0.08233631759811902
tau_17,651,3,2,13,651_T3_P1_R2,651_T3_R2_ex13,right_leg,120,amp_preserving,fixed_mean_rescaled,identity,False,12.0,-1,0.11157225700151052,0.9951302177900686,10.420631825273011,132.0,0.09510086455331412,4.392003532483312,0.997350950212762,13.720058921480723,44.64839134578365,127.56683241652472,1439.0,1388.0,17.0,4.0,17.0,2.0,0.08683859854394176
tau_17,790,1,1,11,790_T1_P1_R1,790_T1_R1_ex11,trunk_spine,120,amp_preserving,fixed_mean_rescaled,identity,False,10.0,-1,0.037560489566783824,0.9934489870192891,8.471379310344828,64.0,0.05574912891986063,4.163872215703282,0.9951676169679324,9.820231444533121,14.685055725719945,41.95730207348556,1199.0,1148.0,17.0,4.0,17.0,2.0,0.0705948275862069
tau_17,790,1,1,11,790_T1_P1_R1,790_T1_R1_ex11,left_arm,120,amp_preserving,fixed_mean_rescaled,identity,False,10.0,-1,0.06352885424482592,0.9846028785922631,8.646231366785639,89.0,0.07752613240418119,4.112684207071055,0.9918352221106489,11.550744814144508,59.713964951808954,170.61132843373989,1199.0,1148.0,17.0,4.0,17.0,2.0,0.07205192805654699
tau_17,790,1,1,11,790_T1_P1_R1,790_T1_R1_ex11,right_arm,120,amp_preserving,fixed_mean_rescaled,identity,False,10.0,-1,0.023933059731643523,0.9773434029320303,5.59593023255814,61.0,0.05313588850174216,3.3891332866357122,0.9893698038966808,7.272918124562631,51.480704270647514,147.08772648756434,1199.0,1148.0,17.0,4.0,17.0,2.0,0.0466327519379845
tau_17,790,1,1,11,790_T1_P1_R1,790_T1_R1_ex11,left_leg,120,amp_preserving,fixed_mean_rescaled,identity,False,10.0,-1,0.0598364465398297,0.9944663028303085,10.715809628008753,121.0,0.10540069686411149,4.465053736351156,0.9967889326056606,13.597126038781163,8.764998595981888,25.042853131376827,1199.0,1148.0,17.0,4.0,17.0,2.0,0.0892984135667396
tau_17,790,1,1,11,790_T1_P1_R1,790_T1_R1_ex11,right_leg,120,amp_preserving,fixed_mean_rescaled,identity,False,10.0,-1,0.050958567874382195,0.9958867362146051,10.979953992770293,106.0,0.09233449477351917,4.535434000430575,0.9974366616989567,13.23996043521266,9.955498546757655,28.44428156216473,1199.0,1148.0,17.0,4.0,17.0,2.0,0.0914996166064191
tau_17,790,1,1,13,790_T1_P1_R1,790_T1_R1_ex13,trunk_spine,120,amp_preserving,fixed_mean_rescaled,identity,False,14.0,-1,0.04676232918396409,0.9524309311976231,5.978613419825664,76.0,0.04668304668304668,3.5343061967269387,0.975811790541086,8.2221768707483,21.96348114650249,62.75280327572141,1679.0,1628.0,17.0,4.0,17.0,2.0,0.0498217784985472
tau_17,790,1,1,13,790_T1_P1_R1,790_T1_R1_ex13,left_arm,120,amp_preserving,fixed_mean_rescaled,identity,False,14.0,-1,0.05345603747570558,0.9796316176055144,6.632303719996175,87.0,0.05343980343980344,3.6774310861292103,0.989773433527318,9.01421496108574,62.136715232512145,177.53347209289186,1679.0,1628.0,17.0,4.0,17.0,2.0,0.05526919766663479
tau_17,790,1,1,13,790_T1_P1_R1,790_T1_R1_ex13,right_arm,120,amp_preserving,fixed_mean_rescaled,identity,False,14.0,-1,0.03994025874788014,0.976690108892922,5.353678756476684,65.0,0.03992628992628992,3.3211382882307166,0.9888743950393224,7.315734265734266,56.236315843576044,160.675188124503,1679.0,1628.0,17.0,4.0,17.0,2.0,0.0446139896373057
tau_17,790,1,1,13,790_T1_P1_R1,790_T1_R1_ex13,left_leg,120,amp_preserving,fixed_mean_rescaled,identity,False,14.0,-1,0.24177613944055248,0.9950094159017873,15.83051773824903,192.0,0.11793611793611794,4.927004493646407,0.9973688566315744,23.310985401459853,43.806664185227675,125.16189767207908,1679.0,1628.0,17.0,4.0,17.0,2.0,0.13192098115207526
tau_17,790,1,1,13,790_T1_P1_R1,790_T1_R1_ex13,right_leg,120,amp_preserving,fixed_mean_rescaled,identity,False,14.0,-1,0.1573750092496251,0.9630272905231643,9.466937081407414,115.0,0.07063882063882064,4.17194332851778,0.9809163052239666,14.37082205742804,47.82598550368049,136.64567286765856,1679.0,1628.0,17.0,4.0,17.0,2.0,0.07889114234506178
tau_17,790,1,2,11,790_T1_P1_R2,790_T1_R2_ex11,trunk_spine,120,amp_preserving,fixed_mean_rescaled,identity,False,10.0,-1,0.04655228455385812,0.9972266631864009,10.994244604316547,147.0,0.12804878048780488,4.4259177629814905,0.9977323893112336,10.820771408351026,17.83053199850972,50.9443771385992,1199.0,1148.0,17.0,4.0,17.0,2.0,0.09161870503597122
tau_17,790,1,2,11,790_T1_P1_R2,790_T1_R2_ex11,left_arm,120,amp_preserving,fixed_mean_rescaled,identity,False,10.0,-1,0.03253753922518675,0.9838483801699188,6.887581699346406,118.0,0.10278745644599303,3.7085689215873985,0.9930678741480721,8.816203895565685,51.56054276037879,147.3158364582251,1199.0,1148.0,17.0,4.0,17.0,2.0,0.05739651416122005
tau_17,790,1,2,11,790_T1_P1_R2,790_T1_R2_ex11,right_arm,120,amp_preserving,fixed_mean_rescaled,identity,False,10.0,-1,0.03886976782334768,0.9905435504669611,8.47509194249415,140.0,0.12195121951219512,4.073246397267236,0.9948810128560822,10.612755314714464,48.618435791149906,138.9098165461426,1199.0,1148.0,17.0,4.0,17.0,2.0,0.07062576618745124
tau_17,790,1,2,11,790_T1_P1_R2,790_T1_R2_ex11,left_leg,120,amp_preserving,fixed_mean_rescaled,identity,False,10.0,-1,0.051318543450722835,0.9931038565128599,8.763123530948029,89.0,0.07752613240418119,4.135424622380452,0.9960783733388582,11.034262295081968,12.524840424691943,35.785258356262695,1199.0,1148.0,17.0,4.0,17.0,2.0,0.0730260294245669
tau_17,790,1,2,11,790_T1_P1_R2,790_T1_R2_ex11,right_leg,120,amp_preserving,fixed_mean_rescaled,identity,False,10.0,-1,0.04582170121115833,0.9953261734287987,9.799934725848564,125.0,0.10888501742160278,4.330772046231808,0.9970830018562715,11.335971358583004,11.83848295754903,33.824237021568656,1199.0,1148.0,17.0,4.0,17.0,2.0,0.0816661227154047
tau_17,790,1,2,13,790_T1_P1_R2,790_T1_R2_ex13,trunk_spine,120,amp_preserving,fixed_mean_rescaled,identity,False,14.0,-1,0.038576599732100654,0.9899197494617342,6.729873586161012,79.0,0.048525798525798525,3.7129142527441803,0.9953611274221962,8.990983026874115,18.805695358584675,53.73055816738479,1679.0,1628.0,17.0,4.0,17.0,2.0,0.056082279884675096
tau_17,790,1,2,13,790_T1_P1_R2,790_T1_R2_ex13,left_arm,120,amp_preserving,fixed_mean_rescaled,identity,False,14.0,-1,0.031864769725863766,0.9779626075211488,5.208354366481575,65.0,0.03992628992628992,3.2659253624998663,0.990130565626407,6.971635938933845,60.627551203630205,173.22157486751487,1679.0,1628.0,17.0,4.0,17.0,2.0,0.04340295305401312
tau_17,790,1,2,13,790_T1_P1_R2,790_T1_R2_ex13,right_arm,120,amp_preserving,fixed_mean_rescaled,identity,False,14.0,-1,0.049786390290385375,0.9917040766804174,9.056648199445984,203.0,0.1246928746928747,3.993725858294765,0.9956548774569279,11.954748247291269,58.02266408115576,165.7790402318736,1679.0,1628.0,17.0,4.0,17.0,2.0,0.07547206832871653
tau_17,790,1,2,13,790_T1_P1_R2,790_T1_R2_ex13,left_leg,120,amp_preserving,fixed_mean_rescaled,identity,False,14.0,-1,0.06254785265233943,0.990861571519973,8.728200765631646,105.0,0.0644963144963145,4.155854159262641,0.9953161027077272,12.017928722396327,29.266848673065734,83.61956763733068,1679.0,1628.0,17.0,4.0,17.0,2.0,0.07273500638026371
tau_17,790,1,2,13,790_T1_P1_R2,790_T1_R2_ex13,right_leg,120,amp_preserving,fixed_mean_rescaled,identity,False,14.0,-1,0.0421624339878796,0.9890220097064776,7.0146068842880736,150.0,0.09213759213759214,3.7322332464602916,0.9944841419079855,9.44163903766046,28.974182042400006,82.78337726400002,1679.0,1628.0,17.0,4.0,17.0,2.0,0.05845505736906728
tau_17,790,2,1,11,790_T2_P1_R1,790_T2_R1_ex11,trunk_spine,120,amp_preserving,fixed_mean_rescaled,identity,False,8.0,-1,0.037838349790421055,0.9960207945574738,9.405454545454546,70.0,0.07709251101321586,4.240237733742103,0.9972402284834093,10.488018899763754,13.863605489097738,39.61030139742211,959.0,908.0,17.0,4.0,17.0,2.0,0.07837878787878788
tau_17,790,2,1,11,790_T2_P1_R1,790_T2_R1_ex11,left_arm,120,amp_preserving,fixed_mean_rescaled,identity,False,8.0,-1,0.044693985594179385,0.9930993262334276,9.230808080808082,92.0,0.1013215859030837,4.193052041900515,0.9949467507063682,11.237189321877876,55.69485803317487,159.12816580907105,959.0,908.0,17.0,4.0,17.0,2.0,0.07692340067340069
tau_17,790,2,1,11,790_T2_P1_R1,790_T2_R1_ex11,right_arm,120,amp_preserving,fixed_mean_rescaled,identity,False,8.0,-1,0.033233927018927675,0.9924735111435878,8.216575922565033,78.0,0.08590308370044053,4.083003707165672,0.9963463646328097,9.909156976744185,33.74621970489697,96.41777058541993,959.0,908.0,17.0,4.0,17.0,2.0,0.06847146602137527
tau_17,790,2,1,11,790_T2_P1_R1,790_T2_R1_ex11,left_leg,120,amp_preserving,fixed_mean_rescaled,identity,False,8.0,-1,0.019721791839292045,0.9899027213397364,6.354940711462451,34.0,0.037444933920704845,3.63166769519544,0.9941509666297254,7.620103822557811,10.031904690313468,28.662584829467054,959.0,908.0,17.0,4.0,17.0,2.0,0.05295783926218709
tau_17,790,2,1,11,790_T2_P1_R1,790_T2_R1_ex11,right_leg,120,amp_preserving,fixed_mean_rescaled,identity,False,8.0,-1,0.03286965306548674,0.993793867750277,9.021462105969148,74.0,0.08149779735682819,4.159181675550174,0.9968969338751386,10.017074981440238,9.732482925661738,27.807094073319256,959.0,908.0,17.0,4.0,17.0,2.0,0.07517885088307623
tau_17,790,2,1,13,790_T2_P1_R1,790_T2_R1_ex13,trunk_spine,120,amp_preserving,fixed_mean_rescaled,identity,False,14.0,-1,0.024309524924153073,0.9843764559714241,6.2644791460763,79.0,0.048525798525798525,3.5728545059527095,0.9914427706165554,7.749332362223841,17.910100397353833,51.17171542101095,1679.0,1628.0,17.0,4.0,17.0,2.0,0.052203992883969166
tau_17,790,2,1,13,790_T2_P1_R1,790_T2_R1_ex13,left_arm,120,amp_preserving,fixed_mean_rescaled,identity,False,14.0,-1,0.03584248605760591,0.9824306389433104,5.906903103229892,61.0,0.03746928746928747,3.502639179932275,0.9921106406286208,7.626022184438507,43.06530124814449,123.04371785184142,1679.0,1628.0,17.0,4.0,17.0,2.0,0.04922419252691577
tau_17,790,2,1,13,790_T2_P1_R1,790_T2_R1_ex13,right_arm,120,amp_preserving,fixed_mean_rescaled,identity,False,14.0,-1,0.05327859568793804,0.9871742180524652,8.129785247432306,186.0,0.11425061425061425,4.0447412332181,0.9931832031858959,10.669102534825303,45.037251195432475,128.6778605583785,1679.0,1628.0,17.0,4.0,17.0,2.0,0.06774821039526921
tau_17,790,2,1,13,790_T2_P1_R1,790_T2_R1_ex13,left_leg,120,amp_preserving,fixed_mean_rescaled,identity,False,14.0,-1,0.04875043227839786,0.9814912335047394,6.271674584323041,100.0,0.06142506142506143,3.6170412093206528,0.9907533610061334,8.493261634468565,36.90974200853577,105.45640573867365,1679.0,1628.0,17.0,4.0,17.0,2.0,0.05226395486935867
tau_17,790,2,1,13,790_T2_P1_R1,790_T2_R1_ex13,right_leg,120,amp_preserving,fixed_mean_rescaled,identity,False,14.0,-1,0.07314830056071604,0.987840125521285,7.573440962329851,121.0,0.07432432432432433,3.952531989461927,0.9936000660638342,10.218801422580816,42.260494491019585,120.74426997434168,1679.0,1628.0,17.0,4.0,17.0,2.0,0.06311200801941542
tau_17,790,2,2,11,790_T2_P1_R2,790_T2_R2_ex11,trunk_spine,120,amp_preserving,fixed_mean_rescaled,identity,False,10.0,-1,0.0280522739216681,0.9913909794791271,7.5010241704219585,77.0,0.06707317073170732,3.927898202816197,0.9941252910282095,7.958604247941049,15.767744028889382,45.05069722539824,1199.0,1148.0,17.0,4.0,17.0,2.0,0.06250853475351632
tau_17,790,2,2,11,790_T2_P1_R2,790_T2_R2_ex11,left_arm,120,amp_preserving,fixed_mean_rescaled,identity,False,10.0,-1,0.025951656950870167,0.9877092356315111,6.138959621680611,43.0,0.037456445993031356,3.6001222554487335,0.9933863982207656,7.169165786694826,48.68083263102525,139.08809323150072,1199.0,1148.0,17.0,4.0,17.0,2.0,0.051157996847338426
tau_17,790,2,2,11,790_T2_P1_R2,790_T2_R2_ex11,right_arm,120,amp_preserving,fixed_mean_rescaled,identity,False,10.0,-1,0.026411878890242383,0.9881534303295186,5.8967055593685656,42.0,0.036585365853658534,3.4604078803709784,0.9941054689746391,7.988216266173752,33.4102703517289,95.457915290654,1199.0,1148.0,17.0,4.0,17.0,2.0,0.049139212994738043
tau_17,790,2,2,11,790_T2_P1_R2,790_T2_R2_ex11,left_leg,120,amp_preserving,fixed_mean_rescaled,identity,False,10.0,-1,0.0442739581213224,0.9879584205290062,6.099978818047024,62.0,0.05400696864111498,3.5465665427602167,0.9934989193454321,8.136976678842371,13.603674495401815,38.86764141543376,1199.0,1148.0,17.0,4.0,17.0,2.0,0.050833156817058536
tau_17,790,2,2,11,790_T2_P1_R2,790_T2_R2_ex11,right_leg,120,amp_preserving,fixed_mean_rescaled,identity,False,10.0,-1,0.06614741075795363,0.993593570608496,7.993903565490486,134.0,0.11672473867595819,3.9912094204479476,0.9965671641791045,10.580326669917113,15.901026979302301,45.43150565514944,1199.0,1148.0,17.0,4.0,17.0,2.0,0.06661586304575405
tau_17,790,2,2,13,790_T2_P1_R2,790_T2_R2_ex13,trunk_spine,120,amp_preserving,fixed_mean_rescaled,identity,False,16.0,-1,0.02389581701340423,0.9674578223619478,4.446613721597176,49.0,0.026231263383297645,2.947537831302387,0.9847128560800595,5.784450553323465,19.024919451324585,54.35691271807025,1919.0,1868.0,17.0,4.0,17.0,2.0,0.03705511434664313
tau_17,790,2,2,13,790_T2_P1_R2,790_T2_R2_ex13,left_arm,120,amp_preserving,fixed_mean_rescaled,identity,False,16.0,-1,0.04402280565530704,0.9838209624052315,6.585629577956052,104.0,0.055674518201284794,3.660772631558083,0.9920993669072246,8.85009586892104,58.18145496321777,166.23272846633648,1919.0,1868.0,17.0,4.0,17.0,2.0,0.0548802464829671
tau_17,790,2,2,13,790_T2_P1_R2,790_T2_R2_ex13,right_arm,120,amp_preserving,fixed_mean_rescaled,identity,False,16.0,-1,0.05119114933208241,0.9857952635942016,6.311719982785827,72.0,0.03854389721627409,3.638511883823903,0.9932505097125446,8.724146413460593,47.13289337700899,134.66540964859712,1919.0,1868.0,17.0,4.0,17.0,2.0,0.05259766652321522
tau_17,790,2,2,13,790_T2_P1_R2,790_T2_R2_ex13,left_leg,120,amp_preserving,fixed_mean_rescaled,identity,False,16.0,-1,0.03787179331313963,0.9739400363416112,5.495471633629529,69.0,0.03693790149892934,3.3943409567154617,0.9884009691096305,7.4744074201305395,46.55681937364445,133.01948392469845,1919.0,1868.0,17.0,4.0,17.0,2.0,0.04579559694691274
tau_17,790,2,2,13,790_T2_P1_R2,790_T2_R2_ex13,right_leg,120,amp_preserving,fixed_mean_rescaled,identity,False,16.0,-1,0.05298724952373524,0.9798264031688998,5.786029270786733,65.0,0.034796573875803,3.4715484894639634,0.9901188337409901,7.8538009185732065,53.755670054862925,153.5876287281798,1919.0,1868.0,17.0,4.0,17.0,2.0,0.04821691058988944
tau_17,790,3,1,11,790_T3_P1_R1,790_T3_R1_ex11,trunk_spine,120,amp_preserving,fixed_mean_rescaled,identity,False,10.0,-1,0.04756841814276905,0.993262660450859,7.913253625031799,55.0,0.04790940766550523,4.049381747879243,0.9968388786001661,10.474417044120115,14.138803557427325,40.396581592649504,1199.0,1148.0,17.0,4.0,17.0,2.0,0.06594378020859833
tau_17,790,3,1,11,790_T3_P1_R1,790_T3_R1_ex11,left_arm,120,amp_preserving,fixed_mean_rescaled,identity,False,10.0,-1,0.033176989510585106,0.9911184361122557,7.024334847501622,65.0,0.05662020905923345,3.8030466206689884,0.9952387492560546,8.692123150739704,40.483684507117474,115.66767002033565,1199.0,1148.0,17.0,4.0,17.0,2.0,0.058536123729180184
tau_17,790,3,1,11,790_T3_P1_R1,790_T3_R1_ex11,right_arm,120,amp_preserving,fixed_mean_rescaled,identity,False,10.0,-1,0.024970457700591454,0.9888686131386861,7.065189048239896,116.0,0.10104529616724739,3.7793945425349773,0.993065693430657,8.982668500687758,28.825174758486604,82.35764216710459,1199.0,1148.0,17.0,4.0,17.0,2.0,0.05887657540199913
tau_17,790,3,1,11,790_T3_P1_R1,790_T3_R1_ex11,left_leg,120,amp_preserving,fixed_mean_rescaled,identity,False,10.0,-1,0.04600396732576119,0.9952126254622292,8.928613744075829,115.0,0.10017421602787456,4.162052540723039,0.9968304278922345,11.069477543538039,11.747885595818879,33.56538741662537,1199.0,1148.0,17.0,4.0,17.0,2.0,0.07440511453396524
tau_17,790,3,1,11,790_T3_P1_R1,790_T3_R1_ex11,right_leg,120,amp_preserving,fixed_mean_rescaled,identity,False,10.0,-1,0.08295842206149051,0.9972170346772127,12.675354898766582,95.0,0.08275261324041812,4.686706474461833,0.998214874217291,15.814503263234228,16.316354373908748,46.618155354025,1199.0,1148.0,17.0,4.0,17.0,2.0,0.10562795748972151
tau_17,790,3,1,13,790_T3_P1_R1,790_T3_R1_ex13,trunk_spine,120,amp_preserving,fixed_mean_rescaled,identity,False,18.0,-1,0.023604340460865517,0.9456886684471576,4.210736430816275,47.0,0.022296015180265655,2.8377189753221352,0.9743323159099581,5.784856722165591,21.122835024192984,60.35095721197996,2159.0,2108.0,17.0,4.0,17.0,2.0,0.03508947025680229
tau_17,790,3,1,13,790_T3_P1_R1,790_T3_R1_ex13,left_arm,120,amp_preserving,fixed_mean_rescaled,identity,False,18.0,-1,0.025871113636752527,0.9683572945312772,4.9322695035461,52.0,0.024667931688804556,3.178037039770306,0.9851272322205591,6.397592404204815,59.29245715180241,169.4070204337212,2159.0,2108.0,17.0,4.0,17.0,2.0,0.04110224586288416
tau_17,790,3,1,13,790_T3_P1_R1,790_T3_R1_ex13,right_arm,120,amp_preserving,fixed_mean_rescaled,identity,False,18.0,-1,0.032344070411360344,0.9841568168845453,6.35653268590954,75.0,0.03557874762808349,3.634706897480561,0.9913962327193752,8.138865078004457,47.457707573412655,135.59345020975044,2159.0,2108.0,17.0,4.0,17.0,2.0,0.05297110571591283
tau_17,790,3,1,13,790_T3_P1_R1,790_T3_R1_ex13,left_leg,120,amp_preserving,fixed_mean_rescaled,identity,False,18.0,-1,0.043545550253109494,0.9755234993020009,5.942925538616605,81.0,0.03842504743833017,3.489056067910003,0.9881753787291246,7.8638495720869,42.69714636733308,121.99184676380881,2159.0,2108.0,17.0,4.0,17.0,2.0,0.04952437948847171
tau_17,790,3,1,13,790_T3_P1_R1,790_T3_R1_ex13,right_leg,120,amp_preserving,fixed_mean_rescaled,identity,False,18.0,-1,0.06552883719129061,0.9853083662600928,7.186958047215678,110.0,0.05218216318785579,3.8636277976517506,0.9926095172650747,10.02947404964416,62.24844395637573,177.8526970182164,2159.0,2108.0,17.0,4.0,17.0,2.0,0.05989131706013065
tau_17,790,3,2,11,790_T3_P1_R2,790_T3_R2_ex11,trunk_spine,120,amp_preserving,fixed_mean_rescaled,identity,False,10.0,-1,0.027889753302813885,0.9912863522492104,7.80197171024432,66.0,0.05749128919860627,4.014513299941262,0.9937642958283411,9.002220029600394,19.407586078815207,55.45024593947202,1199.0,1148.0,17.0,4.0,17.0,2.0,0.06501643091870267
tau_17,790,3,2,11,790_T3_P1_R2,790_T3_R2_ex11,left_arm,120,amp_preserving,fixed_mean_rescaled,identity,False,10.0,-1,0.032660568852543675,0.9911175184857927,8.33150899139953,80.0,0.06968641114982578,4.067093544721531,0.9952797284099894,10.028819119025304,47.89355798947589,136.83873711278827,1199.0,1148.0,17.0,4.0,17.0,2.0,0.0694292415949961
tau_17,790,3,2,11,790_T3_P1_R2,790_T3_R2_ex11,right_arm,120,amp_preserving,fixed_mean_rescaled,identity,False,10.0,-1,0.05978784224260227,0.976678606813505,7.705953096812989,95.0,0.08275261324041812,3.8806784270999946,0.9893554861164038,10.121897335932424,64.56180709851111,184.46230599574605,1199.0,1148.0,17.0,4.0,17.0,2.0,0.0642162758067749
tau_17,790,3,2,11,790_T3_P1_R2,790_T3_R2_ex11,left_leg,120,amp_preserving,fixed_mean_rescaled,identity,False,10.0,-1,0.029672923457345173,0.9832616707616708,5.778880866425993,44.0,0.03832752613240418,3.4603487466970937,0.9915796478296478,7.757909491389667,13.058213394587524,37.309181127392925,1199.0,1148.0,17.0,4.0,17.0,2.0,0.04815734055354994
tau_17,790,3,2,11,790_T3_P1_R2,790_T3_R2_ex11,right_leg,120,amp_preserving,fixed_mean_rescaled,identity,False,10.0,-1,0.019377925750860447,0.969117416522966,4.97946033024567,34.0,0.029616724738675958,3.165140286887067,0.9860087788054555,6.39852492370295,12.062569794642407,34.464485127549736,1199.0,1148.0,17.0,4.0,17.0,2.0,0.041495502752047254
tau_17,790,3,2,13,790_T3_P1_R2,790_T3_R2_ex13,trunk_spine,120,amp_preserving,fixed_mean_rescaled,identity,False,12.0,-1,0.02926100534190476,0.92267272598168,4.309784411276949,45.0,0.032420749279538905,2.8886018219019625,0.9630050415394448,5.824975840223344,22.7824788608883,65.09279674539515,1439.0,1388.0,17.0,4.0,17.0,2.0,0.03591487009397457
tau_17,790,3,2,13,790_T3_P1_R2,790_T3_R2_ex13,left_arm,120,amp_preserving,fixed_mean_rescaled,identity,False,12.0,-1,0.03591189493215095,0.9861721823651932,6.509451976322322,68.0,0.04899135446685879,3.6701509424566274,0.9942432307336265,8.565482866043613,48.68481428027336,139.0994693722096,1439.0,1388.0,17.0,4.0,17.0,2.0,0.05424543313601935
tau_17,790,3,2,13,790_T3_P1_R2,790_T3_R2_ex13,right_arm,120,amp_preserving,fixed_mean_rescaled,identity,False,12.0,-1,0.04633182973223988,0.984169693708238,7.0611325611325615,64.0,0.04610951008645533,3.835196369467472,0.9910870442620745,9.634986376021798,45.14515682317918,128.98616235194052,1439.0,1388.0,17.0,4.0,17.0,2.0,0.05884277134277135
tau_17,790,3,2,13,790_T3_P1_R2,790_T3_R2_ex13,left_leg,120,amp_preserving,fixed_mean_rescaled,identity,False,12.0,-1,0.07921851527876182,0.9921315603115902,12.029575449197011,123.0,0.08861671469740634,4.588872513529557,0.9960854512550161,16.059942911512845,68.68708618712473,196.24881767749926,1439.0,1388.0,17.0,4.0,17.0,2.0,0.10024646207664176
tau_17,790,3,2,13,790_T3_P1_R2,790_T3_R2_ex13,right_leg,120,amp_preserving,fixed_mean_rescaled,identity,False,12.0,-1,0.0603192676333762,0.9811064034997072,6.842642642642643,82.0,0.059077809798270896,3.7358593277561645,0.9910440563535531,9.69536647009267,52.928937772765174,151.22553649361478,1439.0,1388.0,17.0,4.0,17.0,2.0,0.05702202202202202
tau_19,651,1,1,11,651_T1_P1_R1,651_T1_R1_ex11,trunk_spine,120,amp_preserving,fixed_mean_rescaled,identity,False,10.0,-1,0.026545983106962122,0.9926568372361955,7.346170303808301,55.0,0.04816112084063047,3.854802222577589,0.9962416883492339,9.553645688938175,10.55098623024539,30.14567494355826,1199.0,1142.0,19.0,4.0,19.0,2.0,0.061218085865069174
tau_19,651,1,1,11,651_T1_P1_R1,651_T1_R1_ex11,left_arm,120,amp_preserving,fixed_mean_rescaled,identity,False,10.0,-1,0.018799375605323625,0.9617080339647289,4.641055949566588,34.0,0.0297723292469352,3.0520216637206596,0.9828543435662965,6.15439672801636,22.52089981458454,64.34542804167012,1199.0,1142.0,19.0,4.0,19.0,2.0,0.03867546624638823
tau_19,651,1,1,11,651_T1_P1_R1,651_T1_R1_ex11,right_arm,120,amp_preserving,fixed_mean_rescaled,identity,False,10.0,-1,0.019381100242359683,0.9675298962540587,4.539947974730583,37.0,0.03239929947460595,2.989472050192298,0.985903223251762,6.006755126658625,30.003207044141373,85.72344869754679,1199.0,1142.0,19.0,4.0,19.0,2.0,0.037832899789421524
tau_19,651,1,1,11,651_T1_P1_R1,651_T1_R1_ex11,left_leg,120,amp_preserving,fixed_mean_rescaled,identity,False,10.0,-1,0.0592453542610946,0.9954402963807353,12.014696685428392,143.0,0.12521891418563924,4.5940587691053665,0.9970336019067851,15.094920572661307,9.833809479926634,28.0965985140761,1199.0,1142.0,19.0,4.0,19.0,2.0,0.10012247237856993
tau_19,651,1,1,11,651_T1_P1_R1,651_T1_R1_ex11,right_leg,120,amp_preserving,fixed_mean_rescaled,identity,False,10.0,-1,0.08223959380578379,0.9965285554311311,11.554641852412898,185.0,0.16199649737302976,4.568546182614638,0.9980029861888764,14.60212998361551,12.522202511290276,35.77772146082936,1199.0,1142.0,19.0,4.0,19.0,2.0,0.09628868210344081
tau_19,651,1,1,13,651_T1_P1_R1,651_T1_R1_ex13,trunk_spine,120,amp_preserving,fixed_mean_rescaled,identity,False,12.0,-1,0.027472279886950352,0.9794018919743668,5.083349831716491,63.0,0.045586107091172216,3.236458216120313,0.9914555996338114,6.828319978983318,11.22659458676831,32.075984533623746,1439.0,1382.0,19.0,4.0,19.0,2.0,0.04236124859763743
tau_19,651,1,1,13,651_T1_P1_R1,651_T1_R1_ex13,left_arm,120,amp_preserving,fixed_mean_rescaled,identity,False,12.0,-1,0.031913366328852076,0.9860116897616077,7.348996573666177,104.0,0.07525325615050651,3.7804607371846997,0.9926774807907007,9.077015463143672,31.074631956150853,88.78466273185958,1439.0,1382.0,19.0,4.0,19.0,2.0,0.06124163811388481
tau_19,651,1,1,13,651_T1_P1_R1,651_T1_R1_ex13,right_arm,120,amp_preserving,fixed_mean_rescaled,identity,False,12.0,-1,0.02473092025221347,0.9858050847457627,5.942528735632184,64.0,0.04630969609261939,3.5169692610099035,0.9921186440677966,7.391949486977111,38.67383163026077,110.49666180074507,1439.0,1382.0,19.0,4.0,19.0,2.0,0.049521072796934865
tau_19,651,1,1,13,651_T1_P1_R1,651_T1_R1_ex13,left_leg,120,amp_preserving,fixed_mean_rescaled,identity,False,12.0,-1,0.15801066992500035,0.9959545047584308,11.065875764497827,133.0,0.09623733719247468,4.554677894261087,0.9978313492721425,15.571332470892626,38.02876118024586,108.65360337213103,1439.0,1382.0,19.0,4.0,19.0,2.0,0.09221563137081522
tau_19,651,1,1,13,651_T1_P1_R1,651_T1_R1_ex13,right_leg,120,amp_preserving,fixed_mean_rescaled,identity,False,12.0,-1,0.08695852645632111,0.9930346340170157,12.359982000899954,109.0,0.0788712011577424,4.697568311745717,0.9963666819310212,16.595845042151748,52.04523332247252,148.70066663563577,1439.0,1382.0,19.0,4.0,19.0,2.0,0.10299985000749962
tau_19,651,1,2,11,651_T1_P1_R2,651_T1_R2_ex11,trunk_spine,120,amp_preserving,fixed_mean_rescaled,identity,False,10.0,-1,0.04033086164316489,0.9809331709544832,5.38662486938349,63.0,0.05516637478108581,3.274395387538871,0.9910374486223169,7.298346412556054,11.215014771709422,32.042899347741205,1199.0,1142.0,19.0,4.0,19.0,2.0,0.04488854057819575
tau_19,651,1,2,11,651_T1_P1_R2,651_T1_R2_ex11,left_arm,120,amp_preserving,fixed_mean_rescaled,identity,False,10.0,-1,0.02973702669640267,0.9878187261278002,6.246083550913838,72.0,0.06304728546409807,3.617062765685175,0.9933932073913492,8.245929734361612,39.210666588173034,112.03047596620868,1199.0,1142.0,19.0,4.0,19.0,2.0,0.05205069625761531
tau_19,651,1,2,11,651_T1_P1_R2,651_T1_R2_ex11,right_arm,120,amp_preserving,fixed_mean_rescaled,identity,False,10.0,-1,0.027058637536434536,0.9853650235407567,6.981913183279743,73.0,0.063922942206655,3.7002658960314903,0.9925690623404617,8.414522721808128,58.86809861351946,168.19456746719845,1199.0,1142.0,19.0,4.0,19.0,2.0,0.05818260986066452
tau_19,651,1,2,11,651_T1_P1_R2,651_T1_R2_ex11,left_leg,120,amp_preserving,fixed_mean_rescaled,identity,False,10.0,-1,0.036073067070241334,0.9885967151731767,6.274372130704834,55.0,0.04816112084063047,3.6001226702030498,0.9948302272147052,8.059462254395036,13.643425663553995,38.981216181582845,1199.0,1142.0,19.0,4.0,19.0,2.0,0.05228643442254029
tau_19,651,1,2,11,651_T1_P1_R2,651_T1_R2_ex11,right_leg,120,amp_preserving,fixed_mean_rescaled,identity,False,10.0,-1,0.04072379437952698,0.9895597768732097,6.168937969924812,57.0,0.049912434325744305,3.569975335652724,0.9950625659580884,8.26063829787234,15.325711942160554,43.787748406173016,1199.0,1142.0,19.0,4.0,19.0,2.0,0.0514078164160401
tau_19,651,1,2,13,651_T1_P1_R2,651_T1_R2_ex13,trunk_spine,120,amp_preserving,fixed_mean_rescaled,identity,False,14.0,-1,0.034859211444123864,0.9730726427651821,4.760140905209223,59.0,0.036374845869297165,3.0981218788158653,0.9884456761297925,6.454934093338084,15.14359866647143,43.267424761346945,1679.0,1622.0,19.0,4.0,19.0,2.0,0.03966784087674353
tau_19,651,1,2,13,651_T1_P1_R2,651_T1_R2_ex13,left_arm,120,amp_preserving,fixed_mean_rescaled,identity,False,14.0,-1,0.021636489630930657,0.9644564758824357,4.224360948567909,55.0,0.03390875462392109,2.818023545236595,0.9841442835044297,5.659725030327538,39.11846944812217,111.76705556606335,1679.0,1622.0,19.0,4.0,19.0,2.0,0.03520300790473257
tau_19,651,1,2,13,651_T1_P1_R2,651_T1_R2_ex13,right_arm,120,amp_preserving,fixed_mean_rescaled,identity,False,14.0,-1,0.024352841215519793,0.9703888802124004,4.678060533052252,84.0,0.051787916152897656,3.041817758740961,0.9863032953303139,6.111186375072576,54.28723914009059,155.10639754311597,1679.0,1622.0,19.0,4.0,19.0,2.0,0.03898383777543543
tau_19,651,1,2,13,651_T1_P1_R2,651_T1_R2_ex13,left_leg,120,amp_preserving,fixed_mean_rescaled,identity,False,14.0,-1,0.048847166999713226,0.9848791578422823,6.734639548503886,84.0,0.051787916152897656,3.691574968902778,0.9926030895726922,9.402020797993952,43.26917421014391,123.62621202898261,1679.0,1622.0,19.0,4.0,19.0,2.0,0.05612199623753238
tau_19,651,1,2,13,651_T1_P1_R2,651_T1_R2_ex13,right_leg,120,amp_preserving,fixed_mean_rescaled,identity,False,14.0,-1,0.07007213430993184,0.9906859605510264,8.262652784065187,67.0,0.04130702836004932,4.114994532333959,0.9949956035128475,11.348727790503313,45.812284050544235,130.8922401444121,1679.0,1622.0,19.0,4.0,19.0,2.0,0.06885543986720989
tau_19,651,2,1,11,651_T2_P1_R1,651_T2_R1_ex11,trunk_spine,120,amp_preserving,fixed_mean_rescaled,identity,False,10.0,-1,0.022671911909392165,0.9770496242637601,4.279952550415184,35.0,0.03064798598949212,2.839946817529622,0.990081917270327,5.861523046092184,14.454138502405469,41.29753857830134,1199.0,1142.0,19.0,4.0,19.0,2.0,0.03566627125345987
tau_19,651,2,1,11,651_T2_P1_R1,651_T2_R1_ex11,left_arm,120,amp_preserving,fixed_mean_rescaled,identity,False,10.0,-1,0.023608196945254952,0.9621611078603471,4.002975385447661,19.0,0.016637478108581436,2.7292018489742693,0.9833235810415447,5.519890510948905,39.62532550594174,113.21521573126212,1199.0,1142.0,19.0,4.0,19.0,2.0,0.03335812821206384
tau_19,651,2,1,11,651_T2_P1_R1,651_T2_R1_ex11,right_arm,120,amp_preserving,fixed_mean_rescaled,identity,False,10.0,-1,0.0236450343892889,0.9583252190847128,4.899767673415201,57.0,0.049912434325744305,3.1308400959201568,0.9816942551119766,6.562377956172705,47.670827827587786,136.2023652216794,1199.0,1142.0,19.0,4.0,19.0,2.0,0.040831397278460003
tau_19,651,2,1,11,651_T2_P1_R1,651_T2_R1_ex11,left_leg,120,amp_preserving,fixed_mean_rescaled,identity,False,10.0,-1,0.03934546001525684,0.990481391901381,8.153500321130378,90.0,0.07880910683012259,3.988071628798923,0.995572286806585,10.68026783845993,12.966071583611003,37.045918810317154,1199.0,1142.0,19.0,4.0,19.0,2.0,0.06794583600941982
tau_19,651,2,1,11,651_T2_P1_R1,651_T2_R1_ex11,right_leg,120,amp_preserving,fixed_mean_rescaled,identity,False,10.0,-1,0.021388740942209723,0.9850017940437746,6.526866381359962,87.0,0.07618213660245184,3.5331762528584862,0.9933979189092214,8.081144191476941,12.954361597284423,37.01246170652693,1199.0,1142.0,19.0,4.0,19.0,2.0,0.054390553177999686
tau_19,651,2,1,13,651_T2_P1_R1,651_T2_R1_ex13,trunk_spine,120,amp_preserving,fixed_mean_rescaled,identity,False,14.0,-1,0.029729254825118227,0.9635391346621293,4.138241758241758,46.0,0.02836004932182491,2.7707402891484216,0.9833431415193307,5.6550912301353735,14.993059910866268,42.83731403104648,1679.0,1622.0,19.0,4.0,19.0,2.0,0.03448534798534798
tau_19,651,2,1,13,651_T2_P1_R1,651_T2_R1_ex13,left_arm,120,amp_preserving,fixed_mean_rescaled,identity,False,14.0,-1,0.024955291636968854,0.9782668332977719,5.0209637046307884,62.0,0.03822441430332922,3.1945921172196226,0.9898954491419514,6.598699583460327,43.475596890905265,124.2159911168722,1679.0,1622.0,19.0,4.0,19.0,2.0,0.04184136420525657
tau_19,651,2,1,13,651_T2_P1_R1,651_T2_R1_ex13,right_arm,120,amp_preserving,fixed_mean_rescaled,identity,False,14.0,-1,0.03177925973143795,0.9671836851931639,5.2558532778355875,49.0,0.03020961775585697,3.27311780389654,0.9844415721192973,7.186440677966102,45.19411033770759,129.1260295363074,1679.0,1622.0,19.0,4.0,19.0,2.0,0.043798777315296564
tau_19,651,2,1,13,651_T2_P1_R1,651_T2_R1_ex13,left_leg,120,amp_preserving,fixed_mean_rescaled,identity,False,14.0,-1,0.0290378060459551,0.9658668203489286,4.6513182792986,46.0,0.02836004932182491,3.032658256486781,0.9856446796248756,6.270477460211649,41.89312646474153,119.69464704211866,1679.0,1622.0,19.0,4.0,19.0,2.0,0.038760985660821666
tau_19,651,2,1,13,651_T2_P1_R1,651_T2_R1_ex13,right_leg,120,amp_preserving,fixed_mean_rescaled,identity,False,14.0,-1,0.03999525342092192,0.9725555830274444,5.5594694498804085,56.0,0.0345252774352651,3.414319942222806,0.9868483615131516,7.62322779695879,50.1993875540886,143.4268215831103,1679.0,1622.0,19.0,4.0,19.0,2.0,0.046328912082336735
tau_19,651,2,2,11,651_T2_P1_R2,651_T2_R2_ex11,trunk_spine,120,amp_preserving,fixed_mean_rescaled,identity,False,10.0,-1,0.01860904881114824,0.9887825800065985,6.027149321266968,71.0,0.06217162872154115,3.495183093774968,0.9948861761794787,7.261890427453341,15.767027671536544,45.048650490104414,1199.0,1142.0,19.0,4.0,19.0,2.0,0.050226244343891405
tau_19,651,2,2,11,651_T2_P1_R2,651_T2_R2_ex11,left_arm,120,amp_preserving,fixed_mean_rescaled,identity,False,10.0,-1,0.0275666872854027,0.9728285077951002,5.2,77.0,0.06742556917688267,3.240298839619643,0.9869432071269488,6.814878892733564,40.51550522868982,115.75858636768521,1199.0,1142.0,19.0,4.0,19.0,2.0,0.043333333333333335
tau_19,651,2,2,11,651_T2_P1_R2,651_T2_R2_ex11,right_arm,120,amp_preserving,fixed_mean_rescaled,identity,False,10.0,-1,0.021193809467530095,0.9611095017381228,4.616,58.0,0.050788091068301226,3.0374442478129495,0.9816048667439166,5.784891165172855,53.01407977528857,151.46879935796736,1199.0,1142.0,19.0,4.0,19.0,2.0,0.03846666666666666
tau_19,651,2,2,11,651_T2_P1_R2,651_T2_R2_ex11,left_leg,120,amp_preserving,fixed_mean_rescaled,identity,False,10.0,-1,0.030989499793556825,0.9850916295195642,5.6422695035461,40.0,0.03502626970227671,3.408101438428088,0.9919266963843487,7.632240853658536,10.963027899934817,31.322936856956623,1199.0,1142.0,19.0,4.0,19.0,2.0,0.04701891252955083
tau_19,651,2,2,11,651_T2_P1_R2,651_T2_R2_ex11,right_leg,120,amp_preserving,fixed_mean_rescaled,identity,False,10.0,-1,0.02657975076399324,0.9863140266789859,5.98458304134548,62.0,0.0542907180385289,3.4723277124907854,0.993388000230987,7.738416554206028,11.997021547505733,34.27720442144496,1199.0,1142.0,19.0,4.0,19.0,2.0,0.04987152534454566
tau_19,651,2,2,13,651_T2_P1_R2,651_T2_R2_ex13,trunk_spine,120,amp_preserving,fixed_mean_rescaled,identity,False,14.0,-1,0.01658488199350236,0.9608769435398798,4.168324711500199,46.0,0.02836004932182491,2.81011270910785,0.9814245745998257,5.370309951060359,15.294346185825573,43.69813195950164,1679.0,1622.0,19.0,4.0,19.0,2.0,0.03473603926250166
tau_19,651,2,2,13,651_T2_P1_R2,651_T2_R2_ex13,left_arm,120,amp_preserving,fixed_mean_rescaled,identity,False,14.0,-1,0.020539603888847898,0.9464484112287979,4.076567235603765,63.0,0.03884093711467324,2.774156267064364,0.9757980890304422,5.312197580645162,41.5190806614118,118.62594474689087,1679.0,1622.0,19.0,4.0,19.0,2.0,0.03397139363003137
tau_19,651,2,2,13,651_T2_P1_R2,651_T2_R2_ex13,right_arm,120,amp_preserving,fixed_mean_rescaled,identity,False,14.0,-1,0.03457928498567279,0.9473591588024374,4.496815286624204,63.0,0.03884093711467324,2.9641960096712014,0.9766602872918454,6.098626373626374,42.58737070886058,121.67820202531595,1679.0,1622.0,19.0,4.0,19.0,2.0,0.03747346072186837
tau_19,651,2,2,13,651_T2_P1_R2,651_T2_R2_ex13,left_leg,120,amp_preserving,fixed_mean_rescaled,identity,False,14.0,-1,0.11788479048493455,0.9962961768027101,11.743306966839063,292.0,0.18002466091245375,4.550863345632746,0.9979319245039523,16.337030581524324,45.3591573575968,129.59759245027658,1679.0,1622.0,19.0,4.0,19.0,2.0,0.09786089139032553
tau_19,651,2,2,13,651_T2_P1_R2,651_T2_R2_ex13,right_leg,120,amp_preserving,fixed_mean_rescaled,identity,False,14.0,-1,0.11079763066594352,0.9941575471309506,10.621800044010856,147.0,0.0906288532675709,4.462186799796728,0.9971131005506049,14.770415946303265,50.585879736252,144.53108496072,1679.0,1622.0,19.0,4.0,19.0,2.0,0.08851500036675714
tau_19,651,3,1,11,651_T3_P1_R1,651_T3_R1_ex11,trunk_spine,120,amp_preserving,fixed_mean_rescaled,identity,False,10.0,-1,0.023509963761164432,0.9885094992492003,6.0035685963521015,74.0,0.0647985989492119,3.5273110858153616,0.9939283149441797,6.757212605415003,15.28261965730037,43.66462759228677,1199.0,1142.0,19.0,4.0,19.0,2.0,0.05002973830293418
tau_19,651,3,1,11,651_T3_P1_R1,651_T3_R1_ex11,left_arm,120,amp_preserving,fixed_mean_rescaled,identity,False,10.0,-1,0.025107787896136827,0.9604474874679056,4.792861500915192,29.0,0.025394045534150613,3.144343789505471,0.9812935566695195,6.44012036108325,43.016471060977466,122.9042030313642,1199.0,1142.0,19.0,4.0,19.0,2.0,0.039940512507626605
tau_19,651,3,1,11,651_T3_P1_R1,651_T3_R1_ex11,right_arm,120,amp_preserving,fixed_mean_rescaled,identity,False,10.0,-1,0.020265198899174382,0.9608422328258729,4.459050966608085,24.0,0.021015761821366025,2.9871741399432534,0.9787169582670605,5.932966023875115,47.57123093637064,135.9178026753447,1199.0,1142.0,19.0,4.0,19.0,2.0,0.037158758055067374
tau_19,651,3,1,11,651_T3_P1_R1,651_T3_R1_ex11,left_leg,120,amp_preserving,fixed_mean_rescaled,identity,False,10.0,-1,0.014767210377107985,0.9722482070470845,4.439487422876128,39.0,0.03415061295971979,2.93583864140618,0.9881509198628001,5.665673420738975,9.443992548863957,26.98283585389702,1199.0,1142.0,19.0,4.0,19.0,2.0,0.03699572852396773
tau_19,651,3,1,11,651_T3_P1_R1,651_T3_R1_ex11,right_leg,120,amp_preserving,fixed_mean_rescaled,identity,False,10.0,-1,0.02289600636059867,0.9859221022993899,6.037356321839081,78.0,0.06830122591943957,3.5406879571266536,0.9936649460347254,7.413103275818955,10.454761500631793,29.870747144662268,1199.0,1142.0,19.0,4.0,19.0,2.0,0.05031130268199234
tau_19,651,3,1,13,651_T3_P1_R1,651_T3_R1_ex13,trunk_spine,120,amp_preserving,fixed_mean_rescaled,identity,False,12.0,-1,0.02525697626774784,0.9765994523276077,4.849196538936959,62.0,0.04486251808972504,3.1043673744564084,0.9891502779852295,6.465220338983051,15.609632515237944,44.59895004353699,1439.0,1382.0,19.0,4.0,19.0,2.0,0.04040997115780799
tau_19,651,3,1,13,651_T3_P1_R1,651_T3_R1_ex13,left_arm,120,amp_preserving,fixed_mean_rescaled,identity,False,12.0,-1,0.026668524978753414,0.9774450862509333,5.235739844243318,39.0,0.028219971056439943,3.304069645556177,0.9890958387362961,7.095560253699788,37.61436186653021,107.46960533294346,1439.0,1382.0,19.0,4.0,19.0,2.0,0.04363116536869431
tau_19,651,3,1,13,651_T3_P1_R1,651_T3_R1_ex13,right_arm,120,amp_preserving,fixed_mean_rescaled,identity,False,12.0,-1,0.023309940258060866,0.9750944074806689,5.0046146746654365,47.0,0.03400868306801737,3.1965241537561733,0.9881316310016184,6.592681463707258,40.98611145068421,117.10317557338347,1439.0,1382.0,19.0,4.0,19.0,2.0,0.04170512228887864
tau_19,651,3,1,13,651_T3_P1_R1,651_T3_R1_ex13,left_leg,120,amp_preserving,fixed_mean_rescaled,identity,False,12.0,-1,0.06671060945999617,0.9909362236883443,7.979129774854541,159.0,0.1150506512301013,4.010100260893166,0.9952560477536915,10.811022950260217,38.88690055289042,111.10543015111548,1439.0,1382.0,19.0,4.0,19.0,2.0,0.06649274812378785
tau_19,651,3,1,13,651_T3_P1_R1,651_T3_R1_ex13,right_leg,120,amp_preserving,fixed_mean_rescaled,identity,False,12.0,-1,0.0570414483935905,0.9868829570297429,6.753708825748051,56.0,0.04052098408104197,3.7798610560843686,0.9934139217019088,8.890907596185466,39.24123958362937,112.11782738179822,1439.0,1382.0,19.0,4.0,19.0,2.0,0.05628090688123376
tau_19,651,3,2,11,651_T3_P1_R2,651_T3_R2_ex11,trunk_spine,120,amp_preserving,fixed_mean_rescaled,identity,False,10.0,-1,0.034088449772912505,0.9922103651672746,7.469830508474576,126.0,0.11033274956217162,3.8922970760323694,0.9959250754198749,8.854483586869495,16.955016024454274,48.44290292701221,1199.0,1142.0,19.0,4.0,19.0,2.0,0.06224858757062147
tau_19,651,3,2,11,651_T3_P1_R2,651_T3_R2_ex11,left_arm,120,amp_preserving,fixed_mean_rescaled,identity,False,10.0,-1,0.01997817381440989,0.9570528580208973,4.639478584729981,33.0,0.028896672504378284,3.0493137351633335,0.980639213275968,6.256862745098039,38.490537709209526,109.9729648834558,1199.0,1142.0,19.0,4.0,19.0,2.0,0.03866232153941651
tau_19,651,3,2,11,651_T3_P1_R2,651_T3_R2_ex11,right_arm,120,amp_preserving,fixed_mean_rescaled,identity,False,10.0,-1,0.03311072261251153,0.9814574448358984,5.5803900896151815,61.0,0.053415061295971976,3.379886270746206,0.9916326719821992,7.450888192267502,40.428308288635506,115.5094522532443,1199.0,1142.0,19.0,4.0,19.0,2.0,0.04650325074679318
tau_19,651,3,2,11,651_T3_P1_R2,651_T3_R2_ex11,left_leg,120,amp_preserving,fixed_mean_rescaled,identity,False,10.0,-1,0.06818303911983067,0.9950474989869884,10.250927643784786,101.0,0.08844133099824869,4.408497846302569,0.9969947323398316,13.469738442822385,10.588985914334332,30.254245469526666,1199.0,1142.0,19.0,4.0,19.0,2.0,0.08542439703153988
tau_19,651,3,2,11,651_T3_P1_R2,651_T3_R2_ex11,right_leg,120,amp_preserving,fixed_mean_rescaled,identity,False,10.0,-1,0.044943216614915175,0.9865100235647689,6.283663258646944,76.0,0.06654991243432574,3.5758673231334805,0.9937502134489943,8.660119047619048,9.9466620878828,28.419034536808002,1199.0,1142.0,19.0,4.0,19.0,2.0,0.05236386048872453
tau_19,651,3,2,13,651_T3_P1_R2,651_T3_R2_ex13,trunk_spine,120,amp_preserving,fixed_mean_rescaled,identity,False,12.0,-1,0.020936400666058175,0.972370989539016,4.4886783733826245,36.0,0.02604920405209841,2.9524116413808574,0.9879123079233195,6.033165214733303,16.61151530914651,47.461472311847174,1439.0,1382.0,19.0,4.0,19.0,2.0,0.03740565311152187
tau_19,651,3,2,13,651_T3_P1_R2,651_T3_R2_ex13,left_arm,120,amp_preserving,fixed_mean_rescaled,identity,False,12.0,-1,0.03011199124776924,0.9865669044718984,6.946581720166626,56.0,0.04052098408104197,3.8380570472150835,0.9924656342439534,8.952597708366033,35.26093958724372,100.74554167783921,1439.0,1382.0,19.0,4.0,19.0,2.0,0.05788818100138855
tau_19,651,3,2,13,651_T3_P1_R2,651_T3_R2_ex13,right_arm,120,amp_preserving,fixed_mean_rescaled,identity,False,12.0,-1,0.026308040378466912,0.9700059749053973,5.169178518361282,46.0,0.03328509406657019,3.273998462445035,0.985381398127863,6.980248306997742,35.656912618321975,101.87689319520565,1439.0,1382.0,19.0,4.0,19.0,2.0,0.043076487653010684
tau_19,651,3,2,13,651_T3_P1_R2,651_T3_R2_ex13,left_leg,120,amp_preserving,fixed_mean_rescaled,identity,False,12.0,-1,0.06990571860614019,0.9940337885442744,9.295065881693299,88.0,0.06367583212735166,4.243169733744333,0.9968295132590805,12.608551384148655,47.731077644894846,136.37450755684242,1439.0,1382.0,19.0,4.0,19.0,2.0,0.07745888234744416
tau_19,651,3,2,13,651_T3_P1_R2,651_T3_R2_ex13,right_leg,120,amp_preserving,fixed_mean_rescaled,identity,False,12.0,-1,0.10840316849196927,0.9954855673491484,10.16173278073811,124.0,0.08972503617945007,4.385464779531049,0.9977814511919262,13.653879224816457,45.0954402980612,128.84411513731771,1439.0,1382.0,19.0,4.0,19.0,2.0,0.08468110650615092
tau_19,790,1,1,11,790_T1_P1_R1,790_T1_R1_ex11,trunk_spine,120,amp_preserving,fixed_mean_rescaled,identity,False,10.0,-1,0.03284825582376967,0.9944395121723284,8.024886877828054,72.0,0.06304728546409807,4.0176733545452,0.996191766739872,9.538926174496645,14.785092363292833,42.24312103797953,1199.0,1142.0,19.0,4.0,19.0,2.0,0.06687405731523378
tau_19,790,1,1,11,790_T1_P1_R1,790_T1_R1_ex11,left_arm,120,amp_preserving,fixed_mean_rescaled,identity,False,10.0,-1,0.06082782946105284,0.9855412566237699,8.21215306980656,75.0,0.06567425569176882,4.063584061725044,0.9923416603583144,11.276415770609319,60.04009414328162,171.54312612366178,1199.0,1142.0,19.0,4.0,19.0,2.0,0.06843460891505466
tau_19,790,1,1,11,790_T1_P1_R1,790_T1_R1_ex11,right_arm,120,amp_preserving,fixed_mean_rescaled,identity,False,10.0,-1,0.021882976649665164,0.9710317738654696,5.108487084870848,53.0,0.046409807355516634,3.2166633329837424,0.9863225082415655,6.768712394705174,51.39274868372104,146.83642481063154,1199.0,1142.0,19.0,4.0,19.0,2.0,0.04257072570725707
tau_19,790,1,1,11,790_T1_P1_R1,790_T1_R1_ex11,left_leg,120,amp_preserving,fixed_mean_rescaled,identity,False,10.0,-1,0.05612031109221487,0.9939556382134945,9.637231503579953,130.0,0.1138353765323993,4.29544887853162,0.9964718431200941,12.759236561022588,8.848215849655011,25.280616713300034,1199.0,1142.0,19.0,4.0,19.0,2.0,0.08031026252983293
tau_19,790,1,1,11,790_T1_P1_R1,790_T1_R1_ex11,right_leg,120,amp_preserving,fixed_mean_rescaled,identity,False,10.0,-1,0.04530391658774756,0.995731128879252,10.085792724776939,95.0,0.08318739054290718,4.417288907260315,0.9974081853909744,12.692175037723647,10.044045700956248,28.697273431303568,1199.0,1142.0,19.0,4.0,19.0,2.0,0.08404827270647448
tau_19,790,1,1,13,790_T1_P1_R1,790_T1_R1_ex13,trunk_spine,120,amp_preserving,fixed_mean_rescaled,identity,False,14.0,-1,0.041100506529969244,0.9476421379923009,5.743466068424005,70.0,0.04315659679408138,3.4670682736055727,0.9738303227716909,7.962772397094431,22.08797097620107,63.10848850343163,1679.0,1622.0,19.0,4.0,19.0,2.0,0.047862217236866705
tau_19,790,1,1,13,790_T1_P1_R1,790_T1_R1_ex13,left_arm,120,amp_preserving,fixed_mean_rescaled,identity,False,14.0,-1,0.050198116429629305,0.9762395441871742,6.344691747094741,79.0,0.04870530209617756,3.6351381428645473,0.9890592799127167,8.638168343038645,62.30308982196141,178.0088280627469,1679.0,1622.0,19.0,4.0,19.0,2.0,0.05287243122578951
tau_19,790,1,1,13,790_T1_P1_R1,790_T1_R1_ex13,right_arm,120,amp_preserving,fixed_mean_rescaled,identity,False,14.0,-1,0.03797263262466806,0.9767427884615385,5.208738382651426,60.0,0.036991368680641186,3.2710087734886972,0.9889823717948718,7.127183484914104,56.44956805652142,161.2844801614898,1679.0,1622.0,19.0,4.0,19.0,2.0,0.043406153188761884
tau_19,790,1,1,13,790_T1_P1_R1,790_T1_R1_ex13,left_leg,120,amp_preserving,fixed_mean_rescaled,identity,False,14.0,-1,0.23948773458103453,0.9952483499450511,15.514284299648462,313.0,0.19297163995067818,4.952799722135155,0.9975860601325126,22.83456323385074,44.19890436802714,126.28258390864897,1679.0,1622.0,19.0,4.0,19.0,2.0,0.12928570249707053
tau_19,790,1,1,13,790_T1_P1_R1,790_T1_R1_ex13,right_leg,120,amp_preserving,fixed_mean_rescaled,identity,False,14.0,-1,0.14818911162143597,0.9666451076411346,8.665777000598224,109.0,0.06720098643649815,4.052077265537598,0.982947837424415,13.204068264092397,48.20834586114465,137.73813103184187,1679.0,1622.0,19.0,4.0,19.0,2.0,0.07221480833831853
tau_19,790,1,2,11,790_T1_P1_R2,790_T1_R2_ex11,trunk_spine,120,amp_preserving,fixed_mean_rescaled,identity,False,10.0,-1,0.04302613463164858,0.9964326484018264,10.43406798655211,143.0,0.12521891418563924,4.387930381665311,0.9979309360730594,10.622365673058667,17.880790094596613,51.08797169884747,1199.0,1142.0,19.0,4.0,19.0,2.0,0.08695056655460091
tau_19,790,1,2,11,790_T1_P1_R2,790_T1_R2_ex11,left_arm,120,amp_preserving,fixed_mean_rescaled,identity,False,10.0,-1,0.030108470923744957,0.9804241435562806,6.689391304347826,86.0,0.07530647985989491,3.699901207845581,0.9902120717781403,8.75152061275062,51.77854724759323,147.93870642169495,1199.0,1142.0,19.0,4.0,19.0,2.0,0.05574492753623188
tau_19,790,1,2,11,790_T1_P1_R2,790_T1_R2_ex11,right_arm,120,amp_preserving,fixed_mean_rescaled,identity,False,10.0,-1,0.03528720159751716,0.9913440626359287,7.897089397089397,110.0,0.09632224168126094,3.9784175309012393,0.9947150935189213,10.24115539632781,48.88154041391938,139.66154403976967,1199.0,1142.0,19.0,4.0,19.0,2.0,0.06580907830907831
tau_19,790,1,2,11,790_T1_P1_R2,790_T1_R2_ex11,left_leg,120,amp_preserving,fixed_mean_rescaled,identity,False,10.0,-1,0.04678201902960963,0.9937990091538437,8.585600907029479,83.0,0.07267950963222417,4.099923775369436,0.996308934020145,11.068525605977765,12.602525146367459,36.007214703907025,1199.0,1142.0,19.0,4.0,19.0,2.0,0.07154667422524566
tau_19,790,1,2,11,790_T1_P1_R2,790_T1_R2_ex11,right_leg,120,amp_preserving,fixed_mean_rescaled,identity,False,10.0,-1,0.04409595540213442,0.9953009154512862,9.34139170205815,85.0,0.07443082311733801,4.247680603522963,0.9969020850012182,11.079303675048356,11.916903521590623,34.04829577597321,1199.0,1142.0,19.0,4.0,19.0,2.0,0.07784493085048458
tau_19,790,1,2,13,790_T1_P1_R2,790_T1_R2_ex13,trunk_spine,120,amp_preserving,fixed_mean_rescaled,identity,False,14.0,-1,0.034775537774478164,0.9893912548942406,6.527926107663443,78.0,0.04808877928483354,3.6838796443119155,0.9952424699783451,8.750745263967689,18.85219708668586,53.863420247673886,1679.0,1622.0,19.0,4.0,19.0,2.0,0.054399384230528695
tau_19,790,1,2,13,790_T1_P1_R2,790_T1_R2_ex13,left_arm,120,amp_preserving,fixed_mean_rescaled,identity,False,14.0,-1,0.029524634669348283,0.9730767248930798,4.9088900441902785,66.0,0.040690505548705305,3.158881381753576,0.9878265574277323,6.648430726547598,60.629801145010354,173.22800327145816,1679.0,1622.0,19.0,4.0,19.0,2.0,0.040907417034918986
tau_19,790,1,2,13,790_T1_P1_R2,790_T1_R2_ex13,right_arm,120,amp_preserving,fixed_mean_rescaled,identity,False,14.0,-1,0.04516628620502635,0.9907539956548832,8.519623461259956,159.0,0.09802712700369914,3.933296078847559,0.9952843693686108,11.460680694269369,58.38976258990623,166.82789311401783,1679.0,1622.0,19.0,4.0,19.0,2.0,0.0709968621771663
tau_19,790,1,2,13,790_T1_P1_R2,790_T1_R2_ex13,left_leg,120,amp_preserving,fixed_mean_rescaled,identity,False,14.0,-1,0.05901503920111423,0.9904360491344754,7.952085273724516,99.0,0.06103575832305795,4.017914766856648,0.9952502481213668,11.186454183266932,29.398971838473784,83.99706239563939,1679.0,1622.0,19.0,4.0,19.0,2.0,0.06626737728103764
tau_19,790,1,2,13,790_T1_P1_R2,790_T1_R2_ex13,right_leg,120,amp_preserving,fixed_mean_rescaled,identity,False,14.0,-1,0.03907636439426729,0.9867434934106791,6.973448892557435,144.0,0.08877928483353884,3.7354215784393188,0.9933328142337117,9.484851301115242,29.126732119651045,83.21923462757442,1679.0,1622.0,19.0,4.0,19.0,2.0,0.05811207410464529
tau_19,790,2,1,11,790_T2_P1_R1,790_T2_R1_ex11,trunk_spine,120,amp_preserving,fixed_mean_rescaled,identity,False,8.0,-1,0.03564652234152248,0.9956506731101139,8.90246913580247,73.0,0.08093126385809313,4.073029108162823,0.997134967207456,10.762667660208644,13.969989657512027,39.91425616432008,959.0,902.0,19.0,4.0,19.0,2.0,0.07418724279835391
tau_19,790,2,1,11,790_T2_P1_R1,790_T2_R1_ex11,left_arm,120,amp_preserving,fixed_mean_rescaled,identity,False,8.0,-1,0.0397218168529178,0.9910166656340995,8.535752401280684,99.0,0.10975609756097561,4.06976140227755,0.9951675856514466,10.390038809831823,55.946060623901644,159.84588749686185,959.0,902.0,19.0,4.0,19.0,2.0,0.07113127001067236
tau_19,790,2,1,11,790_T2_P1_R1,790_T2_R1_ex11,right_arm,120,amp_preserving,fixed_mean_rescaled,identity,False,8.0,-1,0.03053763864245443,0.9932307196389717,7.9006410256410255,61.0,0.06762749445676275,3.979039449930495,0.9952453864130872,9.655981235340109,33.86820944744302,96.76631270698006,959.0,902.0,19.0,4.0,19.0,2.0,0.06583867521367522
tau_19,790,2,1,11,790_T2_P1_R1,790_T2_R1_ex11,left_leg,120,amp_preserving,fixed_mean_rescaled,identity,False,8.0,-1,0.016879495805350548,0.984400058317539,5.871304347826087,28.0,0.031042128603104215,3.482132328634819,0.992418719930019,7.272435897435898,10.08237858987667,28.806795971076205,959.0,902.0,19.0,4.0,19.0,2.0,0.04892753623188406
tau_19,790,2,1,11,790_T2_P1_R1,790_T2_R1_ex11,right_leg,120,amp_preserving,fixed_mean_rescaled,identity,False,8.0,-1,0.029619713006735555,0.9916915918909937,8.28888888888889,69.0,0.07649667405764966,4.067149282068491,0.9965104685942173,9.3703125,9.758281456381251,27.88080416108929,959.0,902.0,19.0,4.0,19.0,2.0,0.06907407407407408
tau_19,790,2,1,13,790_T2_P1_R1,790_T2_R1_ex13,trunk_spine,120,amp_preserving,fixed_mean_rescaled,identity,False,14.0,-1,0.02223589737348351,0.9829980842911877,5.785182202536743,73.0,0.04500616522811344,3.445319441467344,0.9918924466338259,7.380679648720886,17.957245747611793,51.30641642174798,1679.0,1622.0,19.0,4.0,19.0,2.0,0.04820985168780619
tau_19,790,2,1,13,790_T2_P1_R1,790_T2_R1_ex13,left_arm,120,amp_preserving,fixed_mean_rescaled,identity,False,14.0,-1,0.03261751776734308,0.9819263059701493,5.511125654450262,54.0,0.03329223181257707,3.4046330291717237,0.991767723880597,7.181188787571767,43.14603611501157,123.27438890003306,1679.0,1622.0,19.0,4.0,19.0,2.0,0.045926047120418846
tau_19,790,2,1,13,790_T2_P1_R1,790_T2_R1_ex13,right_arm,120,amp_preserving,fixed_mean_rescaled,identity,False,14.0,-1,0.04805683115642336,0.988904189815914,7.798776682062164,116.0,0.07151664611590629,4.015577096420428,0.9943571236367665,10.306045443359857,45.20259222654663,129.15026350441894,1679.0,1622.0,19.0,4.0,19.0,2.0,0.06498980568385136
tau_19,790,2,1,13,790_T2_P1_R1,790_T2_R1_ex13,left_leg,120,amp_preserving,fixed_mean_rescaled,identity,False,14.0,-1,0.044885599076851225,0.9802908080260304,5.829386274312204,93.0,0.05733662145499383,3.4984313791026618,0.9907978579175705,8.102134146341463,37.09924594040122,105.9978455440035,1679.0,1622.0,19.0,4.0,19.0,2.0,0.0485782189526017
tau_19,790,2,1,13,790_T2_P1_R1,790_T2_R1_ex13,right_leg,120,amp_preserving,fixed_mean_rescaled,identity,False,14.0,-1,0.06704695081737765,0.9873386126931543,7.463636363636364,115.0,0.07090012330456227,3.9483022310372733,0.9935558530552971,10.094403780761915,42.728361625180284,122.08103321480081,1679.0,1622.0,19.0,4.0,19.0,2.0,0.0621969696969697
tau_19,790,2,2,11,790_T2_P1_R2,790_T2_R2_ex11,trunk_spine,120,amp_preserving,fixed_mean_rescaled,identity,False,10.0,-1,0.025434720211938093,0.9929394725725665,7.280530973451327,73.0,0.063922942206655,3.8583540314708107,0.9956852332387907,7.832660811773083,15.847667616630794,45.27905033323084,1199.0,1142.0,19.0,4.0,19.0,2.0,0.060671091445427726
tau_19,790,2,2,11,790_T2_P1_R2,790_T2_R2_ex11,left_arm,120,amp_preserving,fixed_mean_rescaled,identity,False,10.0,-1,0.023916710539039248,0.9841483763316647,5.598758671047828,36.0,0.03152364273204904,3.437404524714588,0.9915928635605186,6.707618840894291,48.7730768895203,139.3516482557723,1199.0,1142.0,19.0,4.0,19.0,2.0,0.046656322258731904
tau_19,790,2,2,11,790_T2_P1_R2,790_T2_R2_ex11,right_arm,120,amp_preserving,fixed_mean_rescaled,identity,False,10.0,-1,0.023081728474269814,0.9852373985902381,5.642041127189642,39.0,0.03415061295971979,3.42680168101896,0.9930176885224099,7.6736896197327855,33.63278432347238,96.09366949563538,1199.0,1142.0,19.0,4.0,19.0,2.0,0.04701700939324702
tau_19,790,2,2,11,790_T2_P1_R2,790_T2_R2_ex11,left_leg,120,amp_preserving,fixed_mean_rescaled,identity,False,10.0,-1,0.041521939000262464,0.9878012716250185,6.107885714285715,59.0,0.05166374781085814,3.572764505579274,0.9930689043323969,8.221729150726855,13.70142984492764,39.14694241407897,1199.0,1142.0,19.0,4.0,19.0,2.0,0.05089904761904762
tau_19,790,2,2,11,790_T2_P1_R2,790_T2_R2_ex11,right_leg,120,amp_preserving,fixed_mean_rescaled,identity,False,10.0,-1,0.0615906715312558,0.9943180402222942,8.140991634360335,98.0,0.08581436077057793,4.066537787136005,0.99674782565355,10.798191144708424,16.016913072990256,45.76260877997216,1199.0,1142.0,19.0,4.0,19.0,2.0,0.06784159695300279
tau_19,790,2,2,13,790_T2_P1_R2,790_T2_R2_ex13,trunk_spine,120,amp_preserving,fixed_mean_rescaled,identity,False,16.0,-1,0.022476741481399824,0.9684153763192358,4.338318187047049,43.0,0.02309344790547798,2.901086363807757,0.9852348303931386,5.7057030262473045,19.063617560903896,54.467478745439706,1919.0,1862.0,19.0,4.0,19.0,2.0,0.03615265155872541
tau_19,790,2,2,13,790_T2_P1_R2,790_T2_R2_ex13,left_arm,120,amp_preserving,fixed_mean_rescaled,identity,False,16.0,-1,0.039623892771000195,0.9819961545184408,6.209450124343741,97.0,0.05209452201933405,3.590108315541233,0.9915078948901708,8.418130101409844,58.47186263375073,167.06246466785925,1919.0,1862.0,19.0,4.0,19.0,2.0,0.05174541770286451
tau_19,790,2,2,13,790_T2_P1_R2,790_T2_R2_ex13,right_arm,120,amp_preserving,fixed_mean_rescaled,identity,False,16.0,-1,0.048061544819290876,0.9866340022336708,6.153235470341522,67.0,0.0359828141783029,3.614040328095322,0.9937132975465648,8.640231805367025,47.327500528533704,135.2214300815249,1919.0,1862.0,19.0,4.0,19.0,2.0,0.05127696225284602
tau_19,790,2,2,13,790_T2_P1_R2,790_T2_R2_ex13,left_leg,120,amp_preserving,fixed_mean_rescaled,identity,False,16.0,-1,0.03511561586086964,0.9720747522230075,5.254731230564194,58.0,0.031149301825993556,3.3279290953954583,0.9864482832300587,7.136325802615933,46.76419111871828,133.61197462490938,1919.0,1862.0,19.0,4.0,19.0,2.0,0.04378942692136829
tau_19,790,2,2,13,790_T2_P1_R2,790_T2_R2_ex13,right_leg,120,amp_preserving,fixed_mean_rescaled,identity,False,16.0,-1,0.04831838558551903,0.9762769363084715,5.703021422091968,79.0,0.04242749731471536,3.4651436751568836,0.9888014238616274,7.628651737167082,54.099069492562386,154.56876997874969,1919.0,1862.0,19.0,4.0,19.0,2.0,0.04752517851743307
tau_19,790,3,1,11,790_T3_P1_R1,790_T3_R1_ex11,trunk_spine,120,amp_preserving,fixed_mean_rescaled,identity,False,10.0,-1,0.042671574232821856,0.9937772022589115,7.706555090655509,67.0,0.05866900175131348,3.972667118214849,0.9966368116254811,10.224169741697416,14.255287361331204,40.7293924609463,1199.0,1142.0,19.0,4.0,19.0,2.0,0.06422129242212923
tau_19,790,3,1,11,790_T3_P1_R1,790_T3_R1_ex11,left_arm,120,amp_preserving,fixed_mean_rescaled,identity,False,10.0,-1,0.03147299124650236,0.9919044135576689,6.631561786762308,61.0,0.053415061295971976,3.7072415712810467,0.9953913679590344,8.266707168894289,40.59843246444948,115.99552132699851,1199.0,1142.0,19.0,4.0,19.0,2.0,0.0552630148896859
tau_19,790,3,1,11,790_T3_P1_R1,790_T3_R1_ex11,right_arm,120,amp_preserving,fixed_mean_rescaled,identity,False,10.0,-1,0.022217583432973503,0.9859758203799655,6.475499092558984,89.0,0.07793345008756568,3.5951847356998585,0.9926079447322971,8.36808386721025,28.858217441339214,82.45204983239776,1199.0,1142.0,19.0,4.0,19.0,2.0,0.05396249243799153
tau_19,790,3,1,11,790_T3_P1_R1,790_T3_R1_ex11,left_leg,120,amp_preserving,fixed_mean_rescaled,identity,False,10.0,-1,0.042651620617303466,0.994494026198359,8.106482839542387,108.0,0.09457092819614711,4.044372040514675,0.9968691521520081,10.459127808193317,11.800498054651863,33.715708727576754,1199.0,1142.0,19.0,4.0,19.0,2.0,0.06755402366285322
tau_19,790,3,1,11,790_T3_P1_R1,790_T3_R1_ex11,right_leg,120,amp_preserving,fixed_mean_rescaled,identity,False,10.0,-1,0.0754645738905406,0.9968067363625269,12.24918770307423,88.0,0.07705779334500876,4.666031942739599,0.9976406459748607,15.781853281853282,16.44382470930299,46.98235631229426,1199.0,1142.0,19.0,4.0,19.0,2.0,0.10207656419228525
tau_19,790,3,1,13,790_T3_P1_R1,790_T3_R1_ex13,trunk_spine,120,amp_preserving,fixed_mean_rescaled,identity,False,18.0,-1,0.02185403081582736,0.9356777255113248,4.0932825673103075,39.0,0.018553758325404377,2.7893789734972088,0.9699318233624138,5.641316138363264,21.190692505561092,60.544835730174555,2159.0,2102.0,19.0,4.0,19.0,2.0,0.03411068806091923
tau_19,790,3,1,13,790_T3_P1_R1,790_T3_R1_ex13,left_arm,120,amp_preserving,fixed_mean_rescaled,identity,False,18.0,-1,0.02378279383973288,0.9673242440399117,4.7045749212817185,51.0,0.024262607040913417,3.087706502665966,0.9849284027724884,6.1314011379800855,59.48463865031972,169.9561104294849,2159.0,2102.0,19.0,4.0,19.0,2.0,0.03920479101068099
tau_19,790,3,1,13,790_T3_P1_R1,790_T3_R1_ex13,right_arm,120,amp_preserving,fixed_mean_rescaled,identity,False,18.0,-1,0.02868327392465461,0.9831062412176137,6.179734021437079,71.0,0.03377735490009515,3.601192440433218,0.9914662835309535,7.962530907246561,47.627781586571885,136.07937596163396,2159.0,2102.0,19.0,4.0,19.0,2.0,0.051497783511975655
tau_19,790,3,1,13,790_T3_P1_R1,790_T3_R1_ex13,left_leg,120,amp_preserving,fixed_mean_rescaled,identity,False,18.0,-1,0.04033102808639445,0.9717259732530851,5.777354963615728,83.0,0.03948620361560418,3.4574816499009904,0.9864637254791875,7.715747409098894,42.86954808478228,122.48442309937795,2159.0,2102.0,19.0,4.0,19.0,2.0,0.048144624696797735
tau_19,790,3,1,13,790_T3_P1_R1,790_T3_R1_ex13,right_leg,120,amp_preserving,fixed_mean_rescaled,identity,False,18.0,-1,0.0584525243065352,0.9839082062724681,6.988498789346247,89.0,0.042340627973358705,3.8266852003559566,0.9919850935911739,9.610981834559375,62.671551298154846,179.0615751375853,2159.0,2102.0,19.0,4.0,19.0,2.0,0.05823748991121872
tau_19,790,3,2,11,790_T3_P1_R2,790_T3_R2_ex11,trunk_spine,120,amp_preserving,fixed_mean_rescaled,identity,False,10.0,-1,0.023292008883963586,0.9913014827018122,7.270662155630739,62.0,0.0542907180385289,3.8912307842046645,0.9945963756177925,8.6592082616179,19.519958387079505,55.77130967737002,1199.0,1142.0,19.0,4.0,19.0,2.0,0.060588851296922826
tau_19,790,3,2,11,790_T3_P1_R2,790_T3_R2_ex11,left_arm,120,amp_preserving,fixed_mean_rescaled,identity,False,10.0,-1,0.028390925095662236,0.990484943504352,7.917458945548833,73.0,0.063922942206655,3.983959483573565,0.995350597394172,9.795690343176377,48.113572509084854,137.46735002595673,1199.0,1142.0,19.0,4.0,19.0,2.0,0.06597882454624028
tau_19,790,3,2,11,790_T3_P1_R2,790_T3_R2_ex11,right_arm,120,amp_preserving,fixed_mean_rescaled,identity,False,10.0,-1,0.05456546397528207,0.9791279887482419,7.06474528110412,89.0,0.07793345008756568,3.738537382047779,0.989676511954993,9.567097212780421,65.11783972906566,186.05097065447333,1199.0,1142.0,19.0,4.0,19.0,2.0,0.05887287734253433
tau_19,790,3,2,11,790_T3_P1_R2,790_T3_R2_ex11,left_leg,120,amp_preserving,fixed_mean_rescaled,identity,False,10.0,-1,0.027216731567080217,0.9800360929393187,5.937137000341647,41.0,0.03590192644483362,3.531126052081024,0.9908357771260997,7.995221843003413,13.115033539373616,37.471524398210335,1199.0,1142.0,19.0,4.0,19.0,2.0,0.049476141669513723
tau_19,790,3,2,11,790_T3_P1_R2,790_T3_R2_ex11,right_leg,120,amp_preserving,fixed_mean_rescaled,identity,False,10.0,-1,0.018793236031317967,0.9710062071218556,4.721604447974583,27.0,0.023642732049036778,3.0629105347182257,0.987218229336818,6.338489774514945,12.07517733773142,34.50050667923263,1199.0,1142.0,19.0,4.0,19.0,2.0,0.039346703733121526
tau_19,790,3,2,13,790_T3_P1_R2,790_T3_R2_ex13,trunk_spine,120,amp_preserving,fixed_mean_rescaled,identity,False,12.0,-1,0.027343385683940936,0.9286781895527536,4.278248587570621,40.0,0.02894356005788712,2.8932571042478035,0.9652972061472426,5.792227204783258,22.879011126678403,65.36860321908115,1439.0,1382.0,19.0,4.0,19.0,2.0,0.03565207156308851
tau_19,790,3,2,13,790_T3_P1_R2,790_T3_R2_ex13,left_arm,120,amp_preserving,fixed_mean_rescaled,identity,False,12.0,-1,0.03334272968580204,0.9849770570117543,6.223193010325655,79.0,0.057163531114327065,3.597198048279719,0.9927556728895593,8.313593893933412,48.89362701210056,139.69607717743017,1439.0,1382.0,19.0,4.0,19.0,2.0,0.051859941752713794
tau_19,790,3,2,13,790_T3_P1_R2,790_T3_R2_ex13,right_arm,120,amp_preserving,fixed_mean_rescaled,identity,False,12.0,-1,0.040736855673074,0.983330760919895,6.635306370421802,65.0,0.04703328509406657,3.7295438741376863,0.9911380357050985,9.258560615162802,45.30238227892842,129.4353779397955,1439.0,1382.0,19.0,4.0,19.0,2.0,0.05529421975351501
tau_19,790,3,2,13,790_T3_P1_R2,790_T3_R2_ex13,left_leg,120,amp_preserving,fixed_mean_rescaled,identity,False,12.0,-1,0.07121876280427678,0.9901268355845914,10.806327284406617,117.0,0.08465991316931983,4.394890551347526,0.9946293516965363,14.562042223179663,69.37737422392016,198.22106921120047,1439.0,1382.0,19.0,4.0,19.0,2.0,0.09005272737005514
tau_19,790,3,2,13,790_T3_P1_R2,790_T3_R2_ex13,right_leg,120,amp_preserving,fixed_mean_rescaled,identity,False,12.0,-1,0.05596313835378001,0.9811250093625946,6.6424949290060855,75.0,0.05426917510853835,3.6897736828648258,0.9905905924649839,9.461056961459358,53.32388333382131,152.3539523823466,1439.0,1382.0,19.0,4.0,19.0,2.0,0.055354124408384046
radius_0.3,651,1,1,11,651_T1_P1_R1,651_T1_R1_ex11,trunk_spine,120,amp_preserving,fixed_mean_rescaled,identity,False,10.0,-1,0.01609765780071457,0.9881437920895381,6.149940968122786,44.0,0.03842794759825328,3.564013782758521,0.9952100920041734,7.8448598130841125,9.012977827113206,30.043259423710687,1199.0,1145.0,18.0,4.0,18.0,2.0,0.05124950806768989
radius_0.3,651,1,1,11,651_T1_P1_R1,651_T1_R1_ex11,left_arm,120,amp_preserving,fixed_mean_rescaled,identity,False,10.0,-1,0.01193544446819556,0.94627094793399,4.091261061946903,25.0,0.021834061135371178,2.777105796013524,0.9738390686964309,5.443332141580265,19.253533091099534,64.17844363699845,1199.0,1145.0,18.0,4.0,18.0,2.0,0.03409384218289086
radius_0.3,651,1,1,11,651_T1_P1_R1,651_T1_R1_ex11,right_arm,120,amp_preserving,fixed_mean_rescaled,identity,False,10.0,-1,0.010868171130179865,0.9485810620960944,4.188585607940446,28.0,0.02445414847161572,2.8299188694307116,0.9749929755549311,5.375677769171185,25.66742763164058,85.5580921054686,1199.0,1145.0,18.0,4.0,18.0,2.0,0.03490488006617039
radius_0.3,651,1,1,11,651_T1_P1_R1,651_T1_R1_ex11,left_leg,120,amp_preserving,fixed_mean_rescaled,identity,False,10.0,-1,0.041576327602528475,0.995225853837679,10.443159922928709,124.0,0.10829694323144105,4.411191006047332,0.9970069775982372,13.137430437938544,8.384295144272187,27.94765048090729,1199.0,1145.0,18.0,4.0,18.0,2.0,0.08702633269107257
radius_0.3,651,1,1,11,651_T1_P1_R1,651_T1_R1_ex11,right_leg,120,amp_preserving,fixed_mean_rescaled,identity,False,10.0,-1,0.05455919626225303,0.9949346542411777,9.113560625480646,182.0,0.1589519650655022,4.207746607905811,0.9965298183751714,11.570755483346872,10.668929569540879,35.563098565136265,1199.0,1145.0,18.0,4.0,18.0,2.0,0.07594633854567205
radius_0.3,651,1,1,13,651_T1_P1_R1,651_T1_R1_ex13,trunk_spine,120,amp_preserving,fixed_mean_rescaled,identity,False,12.0,-1,0.016348782370985582,0.9688557023422043,4.312784090909091,39.0,0.02815884476534296,2.8807821120531427,0.9862467292105431,5.856926283873413,9.605616213706128,32.01872071235376,1439.0,1385.0,18.0,4.0,18.0,2.0,0.03593986742424242
radius_0.3,651,1,1,13,651_T1_P1_R1,651_T1_R1_ex13,left_arm,120,amp_preserving,fixed_mean_rescaled,identity,False,12.0,-1,0.021433192128711837,0.9815499951319249,6.676490066225165,96.0,0.06931407942238267,3.6863080594443782,0.9900691266673157,8.093115797851175,26.619440062212668,88.73146687404223,1439.0,1385.0,18.0,4.0,18.0,2.0,0.055637417218543046
radius_0.3,651,1,1,13,651_T1_P1_R1,651_T1_R1_ex13,right_arm,120,amp_preserving,fixed_mean_rescaled,identity,False,12.0,-1,0.014171240166106717,0.9793108525990282,5.253159557661927,60.0,0.04332129963898917,3.2643296868544605,0.9882933294065676,6.486107755496497,33.103489019265766,110.34496339755256,1439.0,1385.0,18.0,4.0,18.0,2.0,0.04377632964718273
radius_0.3,651,1,1,13,651_T1_P1_R1,651_T1_R1_ex13,left_leg,120,amp_preserving,fixed_mean_rescaled,identity,False,12.0,-1,0.11012812754324826,0.9944386019763333,8.636715214350366,133.0,0.096028880866426,4.163832093373253,0.9967597987664497,12.155632582322356,32.47361402999751,108.2453800999917,1439.0,1385.0,18.0,4.0,18.0,2.0,0.07197262678625305
radius_0.3,651,1,1,13,651_T1_P1_R1,651_T1_R1_ex13,right_leg,120,amp_preserving,fixed_mean_rescaled,identity,False,12.0,-1,0.0643507021973665,0.9917146331576814,10.458960328317373,107.0,0.07725631768953069,4.455715410602347,0.9953952168625861,14.082119509118018,44.50901923601477,148.3633974533826,1439.0,1385.0,18.0,4.0,18.0,2.0,0.08715800273597811
radius_0.3,651,1,2,11,651_T1_P1_R2,651_T1_R2_ex11,trunk_spine,120,amp_preserving,fixed_mean_rescaled,identity,False,10.0,-1,0.02544507893852872,0.9700570057005701,4.646737568266743,49.0,0.04279475982532751,3.005707100451459,0.987068706870687,6.258132014456915,9.59375485497306,31.979182849910202,1199.0,1145.0,18.0,4.0,18.0,2.0,0.03872281306888952
radius_0.3,651,1,2,11,651_T1_P1_R2,651_T1_R2_ex11,left_arm,120,amp_preserving,fixed_mean_rescaled,identity,False,10.0,-1,0.017665740373163954,0.9819360414866033,5.303921568627451,41.0,0.03580786026200873,3.2913768401048027,0.991961970613656,6.962086745526236,33.56372546264165,111.87908487547216,1199.0,1145.0,18.0,4.0,18.0,2.0,0.044199346405228754
radius_0.3,651,1,2,11,651_T1_P1_R2,651_T1_R2_ex11,right_arm,120,amp_preserving,fixed_mean_rescaled,identity,False,10.0,-1,0.017677955232540385,0.979184660563137,6.672748675691583,71.0,0.06200873362445415,3.5987421906542956,0.9888581793055795,7.914967162115451,50.36255489575552,167.87518298585175,1199.0,1145.0,18.0,4.0,18.0,2.0,0.05560623896409653
radius_0.3,651,1,2,11,651_T1_P1_R2,651_T1_R2_ex11,left_leg,120,amp_preserving,fixed_mean_rescaled,identity,False,10.0,-1,0.019760588756221945,0.9827692783186525,5.647868561278863,48.0,0.04192139737991266,3.3593514814861067,0.9914619069695565,7.02710843373494,11.70901146307288,39.030038210242935,1199.0,1145.0,18.0,4.0,18.0,2.0,0.047065571343990524
radius_0.3,651,1,2,11,651_T1_P1_R2,651_T1_R2_ex11,right_leg,120,amp_preserving,fixed_mean_rescaled,identity,False,10.0,-1,0.02531224234281003,0.9813608396670286,5.356931182087586,48.0,0.04192139737991266,3.3070755815744564,0.9917661961635903,6.9815286624203825,13.116766019421824,43.72255339807275,1199.0,1145.0,18.0,4.0,18.0,2.0,0.044641093184063216
radius_0.3,651,1,2,13,651_T1_P1_R2,651_T1_R2_ex13,trunk_spine,120,amp_preserving,fixed_mean_rescaled,identity,False,14.0,-1,0.020546419098143236,0.9623031241931319,4.251099885937754,39.0,0.024,2.868419697598443,0.9834937848105935,5.5933501153765475,12.94653315131019,43.1551105043673,1679.0,1625.0,18.0,4.0,18.0,2.0,0.03542583238281462
radius_0.3,651,1,2,13,651_T1_P1_R2,651_T1_R2_ex13,left_arm,120,amp_preserving,fixed_mean_rescaled,identity,False,14.0,-1,0.012131110269041304,0.9416505278940464,3.787185929648241,42.0,0.025846153846153845,2.5913581188226504,0.9739176610233024,4.947476991431292,33.5028159844978,111.67605328165934,1679.0,1625.0,18.0,4.0,18.0,2.0,0.031559882747068675
radius_0.3,651,1,2,13,651_T1_P1_R2,651_T1_R2_ex13,right_arm,120,amp_preserving,fixed_mean_rescaled,identity,False,14.0,-1,0.014266767715043578,0.9580345285524569,4.225632614807872,85.0,0.052307692307692305,2.8212179929501144,0.9810358565737052,5.37955141275852,46.4674772535242,154.89159084508069,1679.0,1625.0,18.0,4.0,18.0,2.0,0.03521360512339893
radius_0.3,651,1,2,13,651_T1_P1_R2,651_T1_R2_ex13,left_leg,120,amp_preserving,fixed_mean_rescaled,identity,False,14.0,-1,0.0302326638878363,0.978391657475183,6.053978594695207,73.0,0.04492307692307692,3.5107322510807637,0.9900481299508673,8.334916112693891,37.028114200535484,123.42704733511829,1679.0,1625.0,18.0,4.0,18.0,2.0,0.050449821622460055
radius_0.3,651,1,2,13,651_T1_P1_R2,651_T1_R2_ex13,right_leg,120,amp_preserving,fixed_mean_rescaled,identity,False,14.0,-1,0.04538537324744221,0.9855892863106569,6.999051345903,68.0,0.041846153846153845,3.8315190605109963,0.9924439768894232,9.542951188182402,39.160708289821756,130.53569429940586,1679.0,1625.0,18.0,4.0,18.0,2.0,0.058325427882525004
radius_0.3,651,2,1,11,651_T2_P1_R1,651_T2_R1_ex11,trunk_spine,120,amp_preserving,fixed_mean_rescaled,identity,False,10.0,-1,0.012912633218310075,0.9592053919829727,3.6623024830699773,16.0,0.013973799126637555,2.5000750270738212,0.983445666311931,4.990699069906991,12.369247026625105,41.23082342208369,1199.0,1145.0,18.0,4.0,18.0,2.0,0.030519187358916476
radius_0.3,651,2,1,11,651_T2_P1_R1,651_T2_R1_ex11,left_arm,120,amp_preserving,fixed_mean_rescaled,identity,False,10.0,-1,0.01334626072617339,0.9435991305342638,3.6064713598600786,11.0,0.00960698689956332,2.4623628684225776,0.9751744651641688,4.870857142857143,33.937106086051045,113.1236869535035,1199.0,1145.0,18.0,4.0,18.0,2.0,0.03005392799883399
radius_0.3,651,2,1,11,651_T2_P1_R1,651_T2_R1_ex11,right_arm,120,amp_preserving,fixed_mean_rescaled,identity,False,10.0,-1,0.014891440437291965,0.9461704091048908,4.49269717624148,49.0,0.04279475982532751,2.973982952011301,0.9760073823438942,5.917935965184955,40.87528286765916,136.2509428921972,1199.0,1145.0,18.0,4.0,18.0,2.0,0.037439143135345666
radius_0.3,651,2,1,11,651_T2_P1_R1,651_T2_R1_ex11,left_leg,120,amp_preserving,fixed_mean_rescaled,identity,False,10.0,-1,0.024657220508748894,0.9847049352901108,6.848406546080965,82.0,0.07161572052401746,3.714806101660378,0.9920738126199765,9.061651583710407,11.091524453873971,36.971748179579905,1199.0,1145.0,18.0,4.0,18.0,2.0,0.05707005455067471
radius_0.3,651,2,1,11,651_T2_P1_R1,651_T2_R1_ex11,right_leg,120,amp_preserving,fixed_mean_rescaled,identity,False,10.0,-1,0.01324090756405167,0.977629151291513,6.0513918629550325,88.0,0.07685589519650655,3.3385818678584562,0.9909478782287823,7.2153652392947105,11.08024955436134,36.93416518120446,1199.0,1145.0,18.0,4.0,18.0,2.0,0.050428265524625274
radius_0.3,651,2,1,13,651_T2_P1_R1,651_T2_R1_ex13,trunk_spine,120,amp_preserving,fixed_mean_rescaled,identity,False,14.0,-1,0.016688139446760137,0.9398728428701181,3.5874501646732537,31.0,0.019076923076923078,2.4542467541601725,0.9747048138056312,4.819896698854705,12.846742479760547,42.82247493253516,1679.0,1625.0,18.0,4.0,18.0,2.0,0.029895418038943782
radius_0.3,651,2,1,13,651_T2_P1_R1,651_T2_R1_ex13,left_arm,120,amp_preserving,fixed_mean_rescaled,identity,False,14.0,-1,0.01411898446381205,0.966988727858293,4.4646840148698885,58.0,0.03569230769230769,2.9290810781304484,0.9856951154052603,5.718044527479371,37.200551332780286,124.00183777593429,1679.0,1625.0,18.0,4.0,18.0,2.0,0.03720570012391574
radius_0.3,651,2,1,13,651_T2_P1_R1,651_T2_R1_ex13,right_arm,120,amp_preserving,fixed_mean_rescaled,identity,False,14.0,-1,0.018954149298976885,0.9510595761695322,4.813031161473088,43.0,0.02646153846153846,3.0602737376124707,0.9768092762894842,6.367783135670533,38.63781913334954,128.79273044449846,1679.0,1625.0,18.0,4.0,18.0,2.0,0.040108593012275734
radius_0.3,651,2,1,13,651_T2_P1_R1,651_T2_R1_ex13,left_leg,120,amp_preserving,fixed_mean_rescaled,identity,False,14.0,-1,0.017351269420234936,0.9486787508189561,4.110522331566995,44.0,0.02707692307692308,2.7718334542566185,0.9787508189561039,5.422504537205081,35.859384913578154,119.53128304526051,1679.0,1625.0,18.0,4.0,18.0,2.0,0.03425435276305829
radius_0.3,651,2,1,13,651_T2_P1_R1,651_T2_R1_ex13,right_leg,120,amp_preserving,fixed_mean_rescaled,identity,False,14.0,-1,0.024756347101174688,0.9638462009428764,5.0586439588688945,43.0,0.02646153846153846,3.240049487290244,0.9836374211718607,6.771654373024236,42.925989551526186,143.08663183842063,1679.0,1625.0,18.0,4.0,18.0,2.0,0.042155366323907456
radius_0.3,651,2,2,11,651_T2_P1_R2,651_T2_R2_ex11,trunk_spine,120,amp_preserving,fixed_mean_rescaled,identity,False,10.0,-1,0.010010077258985556,0.9829164124466138,5.226277372262774,46.0,0.04017467248908297,3.23111989993141,0.9893227577791336,6.162470308788598,13.482698991142453,44.942329970474844,1199.0,1145.0,18.0,4.0,18.0,2.0,0.043552311435523114
radius_0.3,651,2,2,11,651_T2_P1_R2,651_T2_R2_ex11,left_arm,120,amp_preserving,fixed_mean_rescaled,identity,False,10.0,-1,0.015873209759672643,0.9579646017699115,4.735615786970993,52.0,0.045414847161572056,3.059044218102997,0.9800404001539054,6.028698224852071,34.81207115385173,116.04023717950578,1199.0,1145.0,18.0,4.0,18.0,2.0,0.039463464891424944
radius_0.3,651,2,2,11,651_T2_P1_R2,651_T2_R2_ex11,right_arm,120,amp_preserving,fixed_mean_rescaled,identity,False,10.0,-1,0.012356857116682444,0.9356233782280984,4.246775098149187,27.0,0.023580786026200874,2.8426049451997453,0.9688001977017175,5.185515873015873,45.38483886212781,151.2827962070927,1199.0,1145.0,18.0,4.0,18.0,2.0,0.035389792484576556
radius_0.3,651,2,2,11,651_T2_P1_R2,651_T2_R2_ex11,left_leg,120,amp_preserving,fixed_mean_rescaled,identity,False,10.0,-1,0.017740556386844596,0.9822704191410621,4.838066977532853,36.0,0.0314410480349345,3.0967229592992185,0.9903175832687839,6.539641943734015,9.380357552453983,31.267858508179945,1199.0,1145.0,18.0,4.0,18.0,2.0,0.04031722481277378
radius_0.3,651,2,2,11,651_T2_P1_R2,651_T2_R2_ex11,right_leg,120,amp_preserving,fixed_mean_rescaled,identity,False,10.0,-1,0.014943353589641798,0.9817104322059875,5.199134199134199,40.0,0.034934497816593885,3.209228447451856,0.9913660978849494,6.5535292131036815,10.2771123252376,34.25704108412533,1199.0,1145.0,18.0,4.0,18.0,2.0,0.043326118326118324
radius_0.3,651,2,2,13,651_T2_P1_R2,651_T2_R2_ex13,trunk_spine,120,amp_preserving,fixed_mean_rescaled,identity,False,14.0,-1,0.009731716559302767,0.9482906315707499,3.672195416164053,27.0,0.016615384615384615,2.529764563469243,0.9757417646600732,4.676058966225042,13.099043485622468,43.66347828540823,1679.0,1625.0,18.0,4.0,18.0,2.0,0.030601628468033774
radius_0.3,651,2,2,13,651_T2_P1_R2,651_T2_R2_ex13,left_arm,120,amp_preserving,fixed_mean_rescaled,identity,False,14.0,-1,0.010992042440318303,0.9205046883618312,3.6729023383768915,25.0,0.015384615384615385,2.5267375564838606,0.9629412575841148,4.559001142484087,35.53582856782137,118.4527618927379,1679.0,1625.0,18.0,4.0,18.0,2.0,0.030607519486474097
radius_0.3,651,2,2,13,651_T2_P1_R2,651_T2_R2_ex13,right_arm,120,amp_preserving,fixed_mean_rescaled,identity,False,14.0,-1,0.021218643425539977,0.9304950353596686,4.05668016194332,45.0,0.027692307692307693,2.746119863420809,0.967408386313308,5.425237856785178,36.48249082725458,121.60830275751526,1679.0,1625.0,18.0,4.0,18.0,2.0,0.033805668016194335
radius_0.3,651,2,2,13,651_T2_P1_R2,651_T2_R2_ex13,left_leg,120,amp_preserving,fixed_mean_rescaled,identity,False,14.0,-1,0.0817355058734369,0.9940101993509504,9.495482728077945,141.0,0.08676923076923077,4.305539260947668,0.996810384793695,13.103296971174355,38.74958770460166,129.1652923486722,1679.0,1625.0,18.0,4.0,18.0,2.0,0.07912902273398288
radius_0.3,651,2,2,13,651_T2_P1_R2,651_T2_R2_ex13,right_leg,120,amp_preserving,fixed_mean_rescaled,identity,False,14.0,-1,0.07303524062144752,0.9909930476289301,8.403907074973601,115.0,0.07076923076923076,4.116253670772754,0.9950295735187299,11.647859095050107,43.20631379255778,144.0210459751926,1679.0,1625.0,18.0,4.0,18.0,2.0,0.07003255895811335
radius_0.3,651,3,1,11,651_T3_P1_R1,651_T3_R1_ex11,trunk_spine,120,amp_preserving,fixed_mean_rescaled,identity,False,10.0,-1,0.013462301890249488,0.9817398208007259,5.300673606858543,38.0,0.03318777292576419,3.269371698120319,0.9899625723035046,5.803523936170213,13.061654300088206,43.538847666960685,1199.0,1145.0,18.0,4.0,18.0,2.0,0.044172280057154525
radius_0.3,651,3,1,11,651_T3_P1_R1,651_T3_R1_ex11,left_arm,120,amp_preserving,fixed_mean_rescaled,identity,False,10.0,-1,0.014654777536873607,0.9405084392581788,4.2883610451306415,28.0,0.02445414847161572,2.89431078150329,0.9718691394040425,5.691275167785235,36.898664679777596,122.99554893259199,1199.0,1145.0,18.0,4.0,18.0,2.0,0.035736342042755345
radius_0.3,651,3,1,11,651_T3_P1_R1,651_T3_R1_ex11,right_arm,120,amp_preserving,fixed_mean_rescaled,identity,False,10.0,-1,0.011730845573640333,0.9398672393596251,3.8614973262032084,20.0,0.017467248908296942,2.6584794974655566,0.9685018872836132,5.174547983310153,40.753972851604885,135.84657617201628,1199.0,1145.0,18.0,4.0,18.0,2.0,0.03217914438502674
radius_0.3,651,3,1,11,651_T3_P1_R1,651_T3_R1_ex11,left_leg,120,amp_preserving,fixed_mean_rescaled,identity,False,10.0,-1,0.008335114666992396,0.9545704341454478,3.8259911894273126,17.0,0.014847161572052401,2.633237466018628,0.9796666056054223,4.796412556053812,8.083310945052792,26.944369816842645,1199.0,1145.0,18.0,4.0,18.0,2.0,0.03188325991189427
radius_0.3,651,3,1,11,651_T3_P1_R1,651_T3_R1_ex11,right_leg,120,amp_preserving,fixed_mean_rescaled,identity,False,10.0,-1,0.013028674382386174,0.9832415328723778,5.115853658536586,35.0,0.03056768558951965,3.222457101099024,0.989569905074417,6.294446515095043,8.944633729629487,29.815445765431623,1199.0,1145.0,18.0,4.0,18.0,2.0,0.04263211382113821
radius_0.3,651,3,1,13,651_T3_P1_R1,651_T3_R1_ex13,trunk_spine,120,amp_preserving,fixed_mean_rescaled,identity,False,12.0,-1,0.014925606727739404,0.9608528486543166,4.4496600841696345,61.0,0.04404332129963899,2.9174670407189756,0.9858091576371898,5.7046925566343045,13.355297605413744,44.51765868471248,1439.0,1385.0,18.0,4.0,18.0,2.0,0.037080500701413624
radius_0.3,651,3,1,13,651_T3_P1_R1,651_T3_R1_ex13,left_arm,120,amp_preserving,fixed_mean_rescaled,identity,False,12.0,-1,0.01628617933682519,0.9725158562367865,4.7556390977443606,33.0,0.023826714801444042,3.1080737573780013,0.9869626497533475,6.359339525283798,32.19886320062334,107.32954400207782,1439.0,1385.0,18.0,4.0,18.0,2.0,0.039630325814536335
radius_0.3,651,3,1,13,651_T3_P1_R1,651_T3_R1_ex13,right_arm,120,amp_preserving,fixed_mean_rescaled,identity,False,12.0,-1,0.013563990734750944,0.9583846153846154,4.6042128603104215,36.0,0.025992779783393503,3.0289842765884596,0.9807307692307692,5.892997457822972,35.08457095140332,116.94856983801107,1439.0,1385.0,18.0,4.0,18.0,2.0,0.038368440502586844
radius_0.3,651,3,1,13,651_T3_P1_R1,651_T3_R1_ex13,left_leg,120,amp_preserving,fixed_mean_rescaled,identity,False,12.0,-1,0.04092986373406231,0.9860813704496788,6.789889415481833,111.0,0.08014440433212996,3.756342357047769,0.993142653206893,9.113216374269006,33.14277016405641,110.4759005468547,1439.0,1385.0,18.0,4.0,18.0,2.0,0.056582411795681936
radius_0.3,651,3,1,13,651_T3_P1_R1,651_T3_R1_ex13,right_leg,120,amp_preserving,fixed_mean_rescaled,identity,False,12.0,-1,0.033593831514367394,0.9820480168959841,5.821948075860799,50.0,0.036101083032490974,3.5112493639384117,0.9906978911078672,7.6055078683834045,33.48497196037764,111.6165732012588,1439.0,1385.0,18.0,4.0,18.0,2.0,0.04851623396550666
radius_0.3,651,3,2,11,651_T3_P1_R2,651_T3_R2_ex11,trunk_spine,120,amp_preserving,fixed_mean_rescaled,identity,False,10.0,-1,0.021096589000519132,0.9878410653542737,6.187216681776972,47.0,0.04104803493449782,3.586218698827373,0.9941376565100962,7.331732052308514,14.492016507920953,48.306721693069846,1199.0,1145.0,18.0,4.0,18.0,2.0,0.0515601390148081
radius_0.3,651,3,2,11,651_T3_P1_R2,651_T3_R2_ex11,left_arm,120,amp_preserving,fixed_mean_rescaled,identity,False,10.0,-1,0.011710996427153633,0.9418513689700131,4.1541115583668775,32.0,0.02794759825327511,2.806731133850329,0.9736636245110821,5.453085067542899,32.881540610667976,109.60513536889326,1199.0,1145.0,18.0,4.0,18.0,2.0,0.03461759631972398
radius_0.3,651,3,2,11,651_T3_P1_R2,651_T3_R2_ex11,right_arm,120,amp_preserving,fixed_mean_rescaled,identity,False,10.0,-1,0.020285827709408497,0.9758392292638868,5.104330708661418,62.0,0.05414847161572053,3.190580039984511,0.9894625922023182,6.683274021352313,34.570869902484574,115.23623300828191,1199.0,1145.0,18.0,4.0,18.0,2.0,0.042536089238845144
radius_0.3,651,3,2,11,651_T3_P1_R2,651_T3_R2_ex11,left_leg,120,amp_preserving,fixed_mean_rescaled,identity,False,10.0,-1,0.045124744251381806,0.992488326453272,8.170473537604456,68.0,0.059388646288209605,4.073699547912084,0.995736617716722,11.040330144438192,9.029292279727454,30.097640932424845,1199.0,1145.0,18.0,4.0,18.0,2.0,0.06808727948003714
radius_0.3,651,3,2,11,651_T3_P1_R2,651_T3_R2_ex11,right_leg,120,amp_preserving,fixed_mean_rescaled,identity,False,10.0,-1,0.028358322899807616,0.9773865288321757,5.2877949315467525,56.0,0.04890829694323144,3.263469072841731,0.9902815915576374,7.259719755279258,8.508716951557982,28.362389838526607,1199.0,1145.0,18.0,4.0,18.0,2.0,0.04406495776288961
radius_0.3,651,3,2,13,651_T3_P1_R2,651_T3_R2_ex13,trunk_spine,120,amp_preserving,fixed_mean_rescaled,identity,False,12.0,-1,0.012166899689071597,0.9590944172883972,3.8927949878176125,17.0,0.01227436823104693,2.66027677450178,0.9832347140039448,5.1219566674112125,14.209852565621551,47.366175218738505,1439.0,1385.0,18.0,4.0,18.0,2.0,0.032439958231813434
radius_0.3,651,3,2,13,651_T3_P1_R2,651_T3_R2_ex13,left_arm,120,amp_preserving,fixed_mean_rescaled,identity,False,12.0,-1,0.01809749379186578,0.9763620639953877,6.080789946140036,53.0,0.038267148014440436,3.5785952766715776,0.9882386855001442,7.7211711711711715,30.11627773206005,100.38759244020017,1439.0,1385.0,18.0,4.0,18.0,2.0,0.05067324955116696
radius_0.3,651,3,2,13,651_T3_P1_R2,651_T3_R2_ex13,right_arm,120,amp_preserving,fixed_mean_rescaled,identity,False,12.0,-1,0.01563615116545982,0.9516882423595355,4.49763481551561,45.0,0.032490974729241874,2.9851965897430963,0.9778793540637929,5.9498578968737315,30.470643527489887,101.56881175829963,1439.0,1385.0,18.0,4.0,18.0,2.0,0.03748029012929675
radius_0.3,651,3,2,13,651_T3_P1_R2,651_T3_R2_ex13,left_leg,120,amp_preserving,fixed_mean_rescaled,identity,False,12.0,-1,0.04773481354729659,0.9909945355191256,8.065824586372532,78.0,0.05631768953068592,4.0069875353575455,0.9954863387978142,10.75661313179027,40.699023037311925,135.6634101243731,1439.0,1385.0,18.0,4.0,18.0,2.0,0.06721520488643777
radius_0.3,651,3,2,13,651_T3_P1_R2,651_T3_R2_ex13,right_leg,120,amp_preserving,fixed_mean_rescaled,identity,False,12.0,-1,0.06792324868011937,0.9925498087528226,8.39906408423242,100.0,0.07220216606498195,4.083401738843961,0.9959676799950844,11.128819086852042,38.47400601273682,128.24668670912274,1439.0,1385.0,18.0,4.0,18.0,2.0,0.06999220070193683
radius_0.3,790,1,1,11,790_T1_P1_R1,790_T1_R1_ex11,trunk_spine,120,amp_preserving,fixed_mean_rescaled,identity,False,10.0,-1,0.02044614773872416,0.9888731237398253,6.925732217573222,36.0,0.0314410480349345,3.836562767526285,0.9932790680307669,8.06365565322825,12.632920382705489,42.1097346090183,1199.0,1145.0,18.0,4.0,18.0,2.0,0.05771443514644351
radius_0.3,790,1,1,11,790_T1_P1_R1,790_T1_R1_ex11,left_arm,120,amp_preserving,fixed_mean_rescaled,identity,False,10.0,-1,0.03792255779155342,0.98123766960583,7.174271415955254,71.0,0.06200873362445415,3.8474997212044286,0.9904376535008254,9.75396510705789,51.3343288221271,171.11442940709034,1199.0,1145.0,18.0,4.0,18.0,2.0,0.05978559513296045
radius_0.3,790,1,1,11,790_T1_P1_R1,790_T1_R1_ex11,right_arm,120,amp_preserving,fixed_mean_rescaled,identity,False,10.0,-1,0.0129614926558158,0.9611261632701142,4.810731132075472,40.0,0.034934497816593885,3.1282986700430837,0.9822122747084462,6.213114754098361,44.11661185499362,147.05537284997874,1199.0,1145.0,18.0,4.0,18.0,2.0,0.04008942610062893
radius_0.3,790,1,1,11,790_T1_P1_R1,790_T1_R1_ex11,left_leg,120,amp_preserving,fixed_mean_rescaled,identity,False,10.0,-1,0.03389470791217516,0.9896391729357178,8.495359628770302,98.0,0.08558951965065502,4.089809464238165,0.994661921708185,10.99079143852663,7.548608948429028,25.162029828096763,1199.0,1145.0,18.0,4.0,18.0,2.0,0.07079466357308585
radius_0.3,790,1,1,11,790_T1_P1_R1,790_T1_R1_ex11,right_leg,120,amp_preserving,fixed_mean_rescaled,identity,False,10.0,-1,0.029834794026933766,0.9936028659160696,8.679034421099686,81.0,0.07074235807860262,4.11872960873346,0.9958034800409417,10.569255839217817,8.57242493810787,28.574749793692902,1199.0,1145.0,18.0,4.0,18.0,2.0,0.07232528684249738
radius_0.3,790,1,1,13,790_T1_P1_R1,790_T1_R1_ex13,trunk_spine,120,amp_preserving,fixed_mean_rescaled,identity,False,14.0,-1,0.02674725274725275,0.9368146657977503,5.180664368536509,52.0,0.032,3.2648907093310924,0.9678548154024877,7.049530492209266,18.879774059127808,62.93258019709269,1679.0,1625.0,18.0,4.0,18.0,2.0,0.043172203071137574
radius_0.3,790,1,1,13,790_T1_P1_R1,790_T1_R1_ex13,left_arm,120,amp_preserving,fixed_mean_rescaled,identity,False,14.0,-1,0.03261007957559682,0.9689279323247112,5.624932541824069,69.0,0.04246153846153846,3.4216705905164857,0.9845685467940226,7.571262621749621,53.344552939058936,177.81517646352978,1679.0,1625.0,18.0,4.0,18.0,2.0,0.046874437848533915
radius_0.3,790,1,1,13,790_T1_P1_R1,790_T1_R1_ex13,right_arm,120,amp_preserving,fixed_mean_rescaled,identity,False,14.0,-1,0.022885183781735506,0.9655594926648342,4.462350780532598,52.0,0.032,2.9694870035938576,0.9838725701228599,6.038617886178862,48.28472748189632,160.94909160632108,1679.0,1625.0,18.0,4.0,18.0,2.0,0.03718625650443832
radius_0.3,790,1,1,13,790_T1_P1_R1,790_T1_R1_ex13,left_leg,120,amp_preserving,fixed_mean_rescaled,identity,False,14.0,-1,0.17975824175824176,0.9925966836853001,12.657795698924732,161.0,0.09907692307692308,4.697623092417418,0.9960896492699975,18.261207296336373,37.723179096068726,125.7439303202291,1679.0,1625.0,18.0,4.0,18.0,2.0,0.10548163082437276
radius_0.3,790,1,1,13,790_T1_P1_R1,790_T1_R1_ex13,right_leg,120,amp_preserving,fixed_mean_rescaled,identity,False,14.0,-1,0.10578021978021979,0.9396892038086504,7.902572754112189,97.0,0.05969230769230769,3.892490610523833,0.9693359221075105,11.705917978889081,41.15762303678764,137.19207678929214,1679.0,1625.0,18.0,4.0,18.0,2.0,0.0658547729509349
radius_0.3,790,1,2,11,790_T1_P1_R2,790_T1_R2_ex11,trunk_spine,120,amp_preserving,fixed_mean_rescaled,identity,False,10.0,-1,0.028062112559929155,0.9948854671092007,8.998523622047244,91.0,0.0794759825327511,4.165841675083291,0.9969258392730834,8.868586640851888,15.306571156728422,51.02190385576141,1199.0,1145.0,18.0,4.0,18.0,2.0,0.0749876968503937
radius_0.3,790,1,2,11,790_T1_P1_R2,790_T1_R2_ex11,left_arm,120,amp_preserving,fixed_mean_rescaled,identity,False,10.0,-1,0.01928878981280728,0.9784690888941661,6.152812344449975,68.0,0.059388646288209605,3.5488671688597435,0.9901052798226866,7.709090909090909,44.311189009700584,147.7039633656686,1199.0,1145.0,18.0,4.0,18.0,2.0,0.05127343620374979
radius_0.3,790,1,2,11,790_T1_P1_R2,790_T1_R2_ex11,right_arm,120,amp_preserving,fixed_mean_rescaled,identity,False,10.0,-1,0.019264360094054418,0.9862090829832766,6.511250654107797,42.0,0.03668122270742358,3.6833381473935205,0.9914401204723785,8.423569023569023,41.792957736366255,139.30985912122085,1199.0,1145.0,18.0,4.0,18.0,2.0,0.054260422117564974
radius_0.3,790,1,2,11,790_T1_P1_R2,790_T1_R2_ex11,left_leg,120,amp_preserving,fixed_mean_rescaled,identity,False,10.0,-1,0.02835984975722967,0.9923549047055024,7.340501792114695,73.0,0.06375545851528384,3.8867669860369336,0.9953967912135243,9.373130544993662,10.770467578015223,35.90155859338408,1199.0,1145.0,18.0,4.0,18.0,2.0,0.06117084826762246
radius_0.3,790,1,2,11,790_T1_P1_R2,790_T1_R2_ex11,right_leg,120,amp_preserving,fixed_mean_rescaled,identity,False,10.0,-1,0.02692155006565487,0.9941016333938294,7.895495495495496,85.0,0.07423580786026202,3.9316555481757716,0.996682168784029,9.186356508102456,10.18224043235851,33.940801441195035,1199.0,1145.0,18.0,4.0,18.0,2.0,0.0657957957957958
radius_0.3,790,1,2,13,790_T1_P1_R2,790_T1_R2_ex13,trunk_spine,120,amp_preserving,fixed_mean_rescaled,identity,False,14.0,-1,0.021746873815839333,0.9843875239588779,5.518069935534284,57.0,0.035076923076923075,3.343164157673866,0.9923505837253876,7.433885915676805,16.138363583750596,53.79454527916865,1679.0,1625.0,18.0,4.0,18.0,2.0,0.04598391612945237
radius_0.3,790,1,2,13,790_T1_P1_R2,790_T1_R2_ex13,left_arm,120,amp_preserving,fixed_mean_rescaled,identity,False,14.0,-1,0.017168624478969306,0.962523174715282,4.348823294774631,50.0,0.03076923076923077,2.89224651115839,0.9832038492098526,5.828470495878582,51.930826262868955,173.1027542095632,1679.0,1625.0,18.0,4.0,18.0,2.0,0.036240194123121926
radius_0.3,790,1,2,13,790_T1_P1_R2,790_T1_R2_ex13,right_arm,120,amp_preserving,fixed_mean_rescaled,identity,False,14.0,-1,0.030976885183781735,0.988427851445907,7.477512493059411,115.0,0.07076923076923076,3.8284606628032574,0.9943729510202084,10.035555555555556,49.88786441531619,166.2928813843873,1679.0,1625.0,18.0,4.0,18.0,2.0,0.062312604108828426
radius_0.3,790,1,2,13,790_T1_P1_R2,790_T1_R2_ex13,left_leg,120,amp_preserving,fixed_mean_rescaled,identity,False,14.0,-1,0.038174308450170516,0.9857060610271783,7.144028776978417,101.0,0.06215384615384616,3.8272765723843207,0.9933692005320521,9.75,25.150430039587274,83.83476679862424,1679.0,1625.0,18.0,4.0,18.0,2.0,0.05953357314148681
radius_0.3,790,1,2,13,790_T1_P1_R2,790_T1_R2_ex13,right_leg,120,amp_preserving,fixed_mean_rescaled,identity,False,14.0,-1,0.023733232284956423,0.9810001277302337,6.146658663465386,88.0,0.05415384615384616,3.516125806120164,0.9902605696768425,8.173695308381655,24.906591187456332,83.02197062485445,1679.0,1625.0,18.0,4.0,18.0,2.0,0.05122215552887822
radius_0.3,790,2,1,11,790_T2_P1_R1,790_T2_R1_ex11,trunk_spine,120,amp_preserving,fixed_mean_rescaled,identity,False,8.0,-1,0.021945435877377403,0.9943188147488025,7.152243589743589,56.0,0.061878453038674036,3.8039739767998872,0.9967138242174446,8.586852207293665,11.92881933818972,39.76273112729907,959.0,905.0,18.0,4.0,18.0,2.0,0.05960202991452991
radius_0.3,790,2,1,11,790_T2_P1_R1,790_T2_R1_ex11,left_arm,120,amp_preserving,fixed_mean_rescaled,identity,False,8.0,-1,0.026125751723463552,0.9869935435575934,7.918918918918919,49.0,0.05414364640883978,4.0057155133212365,0.9916721250116964,9.492163009404388,47.840817152281694,159.46939050760565,959.0,905.0,18.0,4.0,18.0,2.0,0.065990990990991
radius_0.3,790,2,1,11,790_T2_P1_R1,790_T2_R1_ex11,right_arm,120,amp_preserving,fixed_mean_rescaled,identity,False,8.0,-1,0.017508433970566666,0.9917620776319463,6.422242314647378,48.0,0.05303867403314917,3.6463233969448674,0.9951130969003071,7.801860974274767,28.987137180688283,96.62379060229428,959.0,905.0,18.0,4.0,18.0,2.0,0.053518685955394815
radius_0.3,790,2,1,11,790_T2_P1_R1,790_T2_R1_ex11,left_leg,120,amp_preserving,fixed_mean_rescaled,identity,False,8.0,-1,0.009815186036278296,0.9803237858032379,4.96969696969697,28.0,0.030939226519337018,3.114709175903314,0.9880448318804483,6.257097791798107,8.622418680325103,28.741395601083674,959.0,905.0,18.0,4.0,18.0,2.0,0.04141414141414142
radius_0.3,790,2,1,11,790_T2_P1_R1,790_T2_R1_ex11,right_leg,120,amp_preserving,fixed_mean_rescaled,identity,False,8.0,-1,0.01924412066689483,0.9871697154471545,7.626104023552503,70.0,0.07734806629834254,3.876907419645303,0.9941565040650406,8.233561283534982,8.355689542102075,27.852298473673585,959.0,905.0,18.0,4.0,18.0,2.0,0.06355086686293752
radius_0.3,790,2,1,13,790_T2_P1_R1,790_T2_R1_ex13,trunk_spine,120,amp_preserving,fixed_mean_rescaled,identity,False,14.0,-1,0.013258810155361879,0.9773649614175479,5.279098487187404,56.0,0.03446153846153846,3.248927201516905,0.9876250357244927,6.527578390630903,15.374888046278082,51.24962682092694,1679.0,1625.0,18.0,4.0,18.0,2.0,0.04399248739322836
radius_0.3,790,2,1,13,790_T2_P1_R1,790_T2_R1_ex13,left_arm,120,amp_preserving,fixed_mean_rescaled,identity,False,14.0,-1,0.020472906403940887,0.9750499740875102,4.998102466793169,35.0,0.021538461538461538,3.2161284232073957,0.9873954245946546,6.452225447508466,36.959893829532085,123.19964609844028,1679.0,1625.0,18.0,4.0,18.0,2.0,0.04165085388994307
radius_0.3,790,2,1,13,790_T2_P1_R1,790_T2_R1_ex13,right_arm,120,amp_preserving,fixed_mean_rescaled,identity,False,14.0,-1,0.031346722243273964,0.9830762535660751,6.718770654329147,66.0,0.040615384615384616,3.731238541407912,0.9917073642473768,8.834589704932156,38.66692162656443,128.88973875521478,1679.0,1625.0,18.0,4.0,18.0,2.0,0.055989755452742894
radius_0.3,790,2,1,13,790_T2_P1_R1,790_T2_R1_ex13,left_leg,120,amp_preserving,fixed_mean_rescaled,identity,False,14.0,-1,0.026847290640394088,0.9700211714890614,5.124217118997913,58.0,0.03569230769230769,3.260059107998064,0.9857586450247001,6.976425931475377,31.731120243764124,105.77040081254708,1679.0,1625.0,18.0,4.0,18.0,2.0,0.042701809324982604
radius_0.3,790,2,1,13,790_T2_P1_R1,790_T2_R1_ex13,right_leg,120,amp_preserving,fixed_mean_rescaled,identity,False,14.0,-1,0.04098673740053051,0.9826929477460153,6.267956126901757,59.0,0.036307692307692305,3.631413459024224,0.9907640249990755,8.439518034336116,36.422050258353416,121.40683419451139,1679.0,1625.0,18.0,4.0,18.0,2.0,0.05223296772418131
radius_0.3,790,2,2,11,790_T2_P1_R2,790_T2_R2_ex11,trunk_spine,120,amp_preserving,fixed_mean_rescaled,identity,False,10.0,-1,0.015551042843619262,0.9891016200294551,6.567144719687093,72.0,0.062882096069869,3.674389327691857,0.9914580265095729,6.895186070331171,13.550290616381448,45.16763538793816,1199.0,1145.0,18.0,4.0,18.0,2.0,0.05472620599739244
radius_0.3,790,2,2,11,790_T2_P1_R2,790_T2_R2_ex11,left_arm,120,amp_preserving,fixed_mean_rescaled,identity,False,10.0,-1,0.015053287324029682,0.9806268384217466,5.10454065469905,29.0,0.025327510917030567,3.2441845547476573,0.9898062683842175,5.898156542762163,41.764163364529225,139.2138778817641,1199.0,1145.0,18.0,4.0,18.0,2.0,0.04253783878915875
radius_0.3,790,2,2,11,790_T2_P1_R2,790_T2_R2_ex11,right_arm,120,amp_preserving,fixed_mean_rescaled,identity,False,10.0,-1,0.013541698476196292,0.9760965159544481,4.7855168601437255,34.0,0.029694323144104803,3.0917169500954724,0.988950276243094,6.528470413100112,28.74221503628361,95.8073834542787,1199.0,1145.0,18.0,4.0,18.0,2.0,0.03987930716786438
radius_0.3,790,2,2,11,790_T2_P1_R2,790_T2_R2_ex11,left_leg,120,amp_preserving,fixed_mean_rescaled,identity,False,10.0,-1,0.02428008672550157,0.9818890705571626,5.222073578595317,40.0,0.034934497816593885,3.2659563925508714,0.9901584706326249,6.97011952191235,11.704030705796455,39.013435685988185,1199.0,1145.0,18.0,4.0,18.0,2.0,0.04351727982162765
radius_0.3,790,2,2,11,790_T2_P1_R2,790_T2_R2_ex11,right_leg,120,amp_preserving,fixed_mean_rescaled,identity,False,10.0,-1,0.037827892631386084,0.9899899091826438,6.559775341000267,100.0,0.08733624454148471,3.704920090331683,0.9936427850655903,8.723423104181432,13.685635494589702,45.618784981965675,1199.0,1145.0,18.0,4.0,18.0,2.0,0.054664794508335564
radius_0.3,790,2,2,13,790_T2_P1_R2,790_T2_R2_ex13,trunk_spine,120,amp_preserving,fixed_mean_rescaled,identity,False,16.0,-1,0.01346063123496991,0.9512758045903321,3.822913088285812,43.0,0.023056300268096516,2.617522050825823,0.9781168525879387,4.965285311347364,16.325178415615174,54.41726138538392,1919.0,1865.0,18.0,4.0,18.0,2.0,0.031857609069048436
radius_0.3,790,2,2,13,790_T2_P1_R2,790_T2_R2_ex13,left_arm,120,amp_preserving,fixed_mean_rescaled,identity,False,16.0,-1,0.02536273573507922,0.9742542815016445,5.552682611506141,97.0,0.05201072386058981,3.375144637321906,0.9879891119428377,7.427609140518418,50.00351299761031,166.67837665870104,1919.0,1865.0,18.0,4.0,18.0,2.0,0.0462723550958845
radius_0.3,790,2,2,13,790_T2_P1_R2,790_T2_R2_ex13,right_arm,120,amp_preserving,fixed_mean_rescaled,identity,False,16.0,-1,0.029388785971533445,0.9760977233130396,5.279754341380771,49.0,0.026273458445040216,3.32221303492264,0.989575788422763,7.253102805079274,40.48361718358196,134.94539061193987,1919.0,1865.0,18.0,4.0,18.0,2.0,0.04399795284483976
radius_0.3,790,2,2,13,790_T2_P1_R2,790_T2_R2_ex13,left_leg,120,amp_preserving,fixed_mean_rescaled,identity,False,16.0,-1,0.021013934114993846,0.9583310518534742,4.60882159315339,59.0,0.03163538873994638,3.050280730932305,0.98052072496304,6.1813082499137035,39.99923696803874,133.33078989346245,1919.0,1865.0,18.0,4.0,18.0,2.0,0.038406846609611585
radius_0.3,790,2,2,13,790_T2_P1_R2,790_T2_R2_ex13,right_leg,120,amp_preserving,fixed_mean_rescaled,identity,False,16.0,-1,0.029528587372999345,0.965767836963722,4.8312865497076025,61.0,0.032707774798927614,3.1166169043272025,0.9835171258231695,6.429344711201681,46.2388093121849,154.12936437394967,1919.0,1865.0,18.0,4.0,18.0,2.0,0.04026072124756335
radius_0.3,790,3,1,11,790_T3_P1_R1,790_T3_R1_ex11,trunk_spine,120,amp_preserving,fixed_mean_rescaled,identity,False,10.0,-1,0.02690170091916817,0.9901810545433907,6.282319049333814,36.0,0.0314410480349345,3.6324092247028417,0.9953459333673875,8.463803088803088,12.170518174531768,40.568393915105894,1199.0,1145.0,18.0,4.0,18.0,2.0,0.05235265874444845
radius_0.3,790,3,1,11,790_T3_P1_R1,790_T3_R1_ex11,left_arm,120,amp_preserving,fixed_mean_rescaled,identity,False,10.0,-1,0.01953766757260207,0.985464207564864,5.6750675067506755,29.0,0.025327510917030567,3.4193538993321444,0.9928884026258206,7.190152801358234,34.74887547531771,115.8295849177257,1199.0,1145.0,18.0,4.0,18.0,2.0,0.0472922292229223
radius_0.3,790,3,1,11,790_T3_P1_R1,790_T3_R1_ex11,right_arm,120,amp_preserving,fixed_mean_rescaled,identity,False,10.0,-1,0.013321831007420527,0.978567335243553,6.068230277185501,81.0,0.07074235807860262,3.526463191360849,0.9887106017191977,7.590409150901892,24.7249676901988,82.41655896732934,1199.0,1145.0,18.0,4.0,18.0,2.0,0.05056858564321251
radius_0.3,790,3,1,11,790_T3_P1_R1,790_T3_R1_ex11,left_leg,120,amp_preserving,fixed_mean_rescaled,identity,False,10.0,-1,0.02542522979204202,0.99207302426135,7.093173035637613,80.0,0.06986899563318777,3.789631509148542,0.9954960365121307,8.96054054054054,10.096102248829238,33.653674162764126,1199.0,1145.0,18.0,4.0,18.0,2.0,0.05910977529698011
radius_0.3,790,3,1,11,790_T3_P1_R1,790_T3_R1_ex11,right_leg,120,amp_preserving,fixed_mean_rescaled,identity,False,10.0,-1,0.04994961370507222,0.9962095738827413,10.546925566343042,86.0,0.07510917030567686,4.413470413617877,0.9974934278901999,13.464823602228183,14.044666307356897,46.81555435785632,1199.0,1145.0,18.0,4.0,18.0,2.0,0.08789104638619201
radius_0.3,790,3,1,13,790_T3_P1_R1,790_T3_R1_ex13,trunk_spine,120,amp_preserving,fixed_mean_rescaled,identity,False,18.0,-1,0.012694742736378169,0.9176863972680706,3.5652294085129905,32.0,0.015201900237529691,2.4575004426805833,0.9603194365395561,4.860293455756594,18.135236735157413,60.45078911719138,2159.0,2105.0,18.0,4.0,18.0,2.0,0.02971024507094159
radius_0.3,790,3,1,13,790_T3_P1_R1,790_T3_R1_ex13,left_arm,120,amp_preserving,fixed_mean_rescaled,identity,False,18.0,-1,0.013834072414945404,0.9509058266688428,4.22617147831133,44.0,0.020902612826603325,2.8506214814802244,0.9773461726783091,5.409883458306983,50.901784167142075,169.6726138904736,2159.0,2105.0,18.0,4.0,18.0,2.0,0.035218095652594414
radius_0.3,790,3,1,13,790_T3_P1_R1,790_T3_R1_ex13,right_arm,120,amp_preserving,fixed_mean_rescaled,identity,False,18.0,-1,0.018418937348157114,0.9774443463763852,5.282628859149331,65.0,0.030878859857482184,3.2790824079159004,0.9878273021476905,6.8232853513971214,40.74934772430564,135.83115908101882,2159.0,2105.0,18.0,4.0,18.0,2.0,0.04402190715957776
radius_0.3,790,3,1,13,790_T3_P1_R1,790_T3_R1_ex13,left_leg,120,amp_preserving,fixed_mean_rescaled,identity,False,18.0,-1,0.0248670104675632,0.9581237401710644,5.032525753529187,55.0,0.026128266033254157,3.202693134395095,0.9800243339931356,6.600256833608512,36.674730609362655,122.24910203120886,2159.0,2105.0,18.0,4.0,18.0,2.0,0.041937714612743225
radius_0.3,790,3,1,13,790_T3_P1_R1,790_T3_R1_ex13,right_leg,120,amp_preserving,fixed_mean_rescaled,identity,False,18.0,-1,0.03916801387245649,0.976238240177089,5.932114333753678,83.0,0.039429928741092635,3.5305821883857083,0.9882805294226158,8.152116024726581,53.545576490132184,178.4852549671073,2159.0,2105.0,18.0,4.0,18.0,2.0,0.049434286114613986
radius_0.3,790,3,2,11,790_T3_P1_R2,790_T3_R2_ex11,trunk_spine,120,amp_preserving,fixed_mean_rescaled,identity,False,10.0,-1,0.014161602589550187,0.9836118598382749,5.947196870925684,36.0,0.0314410480349345,3.535609979500508,0.9902964959568733,7.051823416506718,16.68583457826307,55.61944859421023,1199.0,1145.0,18.0,4.0,18.0,2.0,0.049559973924380704
radius_0.3,790,3,2,11,790_T3_P1_R2,790_T3_R2_ex11,left_arm,120,amp_preserving,fixed_mean_rescaled,identity,False,10.0,-1,0.017887134699361772,0.9855740503627828,6.901374775851763,67.0,0.05851528384279476,3.753370860040286,0.9919334186939821,8.384199134199134,41.154811779460104,137.1827059315337,1199.0,1145.0,18.0,4.0,18.0,2.0,0.057511456465431356
radius_0.3,790,3,2,11,790_T3_P1_R2,790_T3_R2_ex11,right_arm,120,amp_preserving,fixed_mean_rescaled,identity,False,10.0,-1,0.03770727089504382,0.9697521865889213,7.144689737470167,92.0,0.08034934497816594,3.742997595688024,0.9856049562682215,9.128258016126008,55.59816297601337,185.32720992004457,1199.0,1145.0,18.0,4.0,18.0,2.0,0.059539081145584725
radius_0.3,790,3,2,11,790_T3_P1_R2,790_T3_R2_ex11,left_leg,120,amp_preserving,fixed_mean_rescaled,identity,False,10.0,-1,0.01575106116590833,0.9712097712291586,4.979622266401591,35.0,0.03056768558951965,3.2000923421560596,0.9869620007754943,6.511992324912057,11.218353738914892,37.394512463049644,1199.0,1145.0,18.0,4.0,18.0,2.0,0.04149685222001325
radius_0.3,790,3,2,11,790_T3_P1_R2,790_T3_R2_ex11,right_leg,120,amp_preserving,fixed_mean_rescaled,identity,False,10.0,-1,0.010672733380156962,0.9608011444921316,4.45062955599735,26.0,0.022707423580786028,2.9286639006201756,0.98068669527897,5.674668874172186,10.34901981096556,34.496732703218534,1199.0,1145.0,18.0,4.0,18.0,2.0,0.03708857963331125
radius_0.3,790,3,2,13,790_T3_P1_R2,790_T3_R2_ex13,trunk_spine,120,amp_preserving,fixed_mean_rescaled,identity,False,12.0,-1,0.016534504705661403,0.904019688269073,3.8929347826086955,24.0,0.017328519855595668,2.6818452664700194,0.9520098441345365,5.195075757575758,19.57936144519081,65.26453815063603,1439.0,1385.0,18.0,4.0,18.0,2.0,0.03244112318840579
radius_0.3,790,3,2,13,790_T3_P1_R2,790_T3_R2_ex13,left_arm,120,amp_preserving,fixed_mean_rescaled,identity,False,12.0,-1,0.02094280169445546,0.9766839378238342,5.569318181818182,61.0,0.04404332129963899,3.367408154191828,0.9891889198884017,7.2463503649635035,41.82129513671057,139.40431712236855,1439.0,1385.0,18.0,4.0,18.0,2.0,0.04641098484848485
radius_0.3,790,3,2,13,790_T3_P1_R2,790_T3_R2_ex13,right_arm,120,amp_preserving,fixed_mean_rescaled,identity,False,12.0,-1,0.025984432712172118,0.9747028589784773,5.814131736526946,52.0,0.03754512635379061,3.492889758762383,0.9872309669129458,8.014995925020376,38.757708836984186,129.19236278994728,1439.0,1385.0,18.0,4.0,18.0,2.0,0.04845109780439121
radius_0.3,790,3,2,13,790_T3_P1_R2,790_T3_R2_ex13,left_leg,120,amp_preserving,fixed_mean_rescaled,identity,False,12.0,-1,0.05231839903173974,0.988453024350358,10.527612574341546,99.0,0.07148014440433213,4.3347877340509084,0.9947450292164409,13.93282122905028,59.183955753802174,197.27985251267393,1439.0,1385.0,18.0,4.0,18.0,2.0,0.08773010478617956
radius_0.3,790,3,2,13,790_T3_P1_R2,790_T3_R2_ex13,right_leg,120,amp_preserving,fixed_mean_rescaled,identity,False,12.0,-1,0.037665115502598025,0.968835701819995,5.594944808830587,73.0,0.05270758122743682,3.3913348307294817,0.9854428100501399,7.898201598579041,45.55994541410162,151.86648471367207,1439.0,1385.0,18.0,4.0,18.0,2.0,0.046624540073588225
radius_0.4,651,1,1,11,651_T1_P1_R1,651_T1_R1_ex11,trunk_spine,120,amp_preserving,fixed_mean_rescaled,identity,False,10.0,-1,0.04404983662625584,0.9954246100519931,8.758157974992375,60.0,0.05240174672489083,4.1272132778113395,0.9967764298093588,11.235397538581754,12.017303769484275,30.043259423710687,1199.0,1145.0,18.0,4.0,18.0,2.0,0.07298464979160313
radius_0.4,651,1,1,11,651_T1_P1_R1,651_T1_R1_ex11,left_arm,120,amp_preserving,fixed_mean_rescaled,identity,False,10.0,-1,0.03190979326350506,0.9764582037418058,5.279948253557568,44.0,0.03842794759825328,3.3009636381631413,0.9882530264605962,7.071905495634309,25.671377454799384,64.17844363699845,1199.0,1145.0,18.0,4.0,18.0,2.0,0.0439995687796464
radius_0.4,651,1,1,11,651_T1_P1_R1,651_T1_R1_ex11,right_arm,120,amp_preserving,fixed_mean_rescaled,identity,False,10.0,-1,0.0333465660976578,0.9805860805860805,5.581443836330466,59.0,0.05152838427947598,3.3962522832943813,0.9910256410256411,7.412328767123288,34.22323684218744,85.5580921054686,1199.0,1145.0,18.0,4.0,18.0,2.0,0.04651203196942055
radius_0.4,651,1,1,11,651_T1_P1_R1,651_T1_R1_ex11,left_leg,120,amp_preserving,fixed_mean_rescaled,identity,False,10.0,-1,0.08933032033468714,0.9969746692646908,14.524153386454183,154.0,0.13449781659388646,4.85581017733706,0.9979232899189827,18.23376014990631,11.179060192362916,27.94765048090729,1199.0,1145.0,18.0,4.0,18.0,2.0,0.12103461155378485
radius_0.4,651,1,1,11,651_T1_P1_R1,651_T1_R1_ex11,right_leg,120,amp_preserving,fixed_mean_rescaled,identity,False,10.0,-1,0.12155464622713531,0.997990227481127,14.34910601408705,193.0,0.1685589519650655,4.898219432423543,0.9986559646280037,17.790109644215708,14.225239426054507,35.563098565136265,1199.0,1145.0,18.0,4.0,18.0,2.0,0.11957588345072542
radius_0.4,651,1,1,13,651_T1_P1_R1,651_T1_R1_ex13,trunk_spine,120,amp_preserving,fixed_mean_rescaled,identity,False,12.0,-1,0.04641180275870704,0.985657119733825,5.913676827623415,83.0,0.059927797833935016,3.5026134303570293,0.9932669394361764,8.010606472667936,12.807488284941506,32.01872071235376,1439.0,1385.0,18.0,4.0,18.0,2.0,0.04928064023019512
radius_0.4,651,1,1,13,651_T1_P1_R1,651_T1_R1_ex13,left_arm,120,amp_preserving,fixed_mean_rescaled,identity,False,12.0,-1,0.047897581436113605,0.988498235524768,8.195412678345674,117.0,0.08447653429602887,3.929869201320016,0.9940639567812486,10.063623332230677,35.49258674961689,88.73146687404223,1439.0,1385.0,18.0,4.0,18.0,2.0,0.06829510565288062
radius_0.4,651,1,1,13,651_T1_P1_R1,651_T1_R1_ex13,right_arm,120,amp_preserving,fixed_mean_rescaled,identity,False,12.0,-1,0.04250850357880678,0.9906236960310253,7.188991806198788,75.0,0.05415162454873646,3.856969126224973,0.9950663950320316,8.899132916255077,44.13798535902103,110.34496339755256,1439.0,1385.0,18.0,4.0,18.0,2.0,0.05990826505165657
radius_0.4,651,1,1,13,651_T1_P1_R1,651_T1_R1_ex13,left_leg,120,amp_preserving,fixed_mean_rescaled,identity,False,12.0,-1,0.2157884852152501,0.9979837149930373,14.463840224246672,200.0,0.1444043321299639,4.925470687903376,0.9989096588271701,20.632228103465494,43.29815203999669,108.2453800999917,1439.0,1385.0,18.0,4.0,18.0,2.0,0.12053200186872227
radius_0.4,651,1,1,13,651_T1_P1_R1,651_T1_R1_ex13,right_leg,120,amp_preserving,fixed_mean_rescaled,identity,False,12.0,-1,0.11933599048433881,0.9946841065277073,14.55180353031466,183.0,0.13212996389891696,4.8821967364775425,0.9969660936926225,19.64797105195141,59.34535898135304,148.3633974533826,1439.0,1385.0,18.0,4.0,18.0,2.0,0.12126502941928882
radius_0.4,651,1,2,11,651_T1_P1_R2,651_T1_R2_ex11,trunk_spine,120,amp_preserving,fixed_mean_rescaled,identity,False,10.0,-1,0.06409289400555776,0.9885413440693713,6.236248872858431,80.0,0.06986899563318777,3.544378144540299,0.9946756557162255,8.507233088834555,12.791673139964082,31.979182849910202,1199.0,1145.0,18.0,4.0,18.0,2.0,0.05196874060715359
radius_0.4,651,1,2,11,651_T1_P1_R2,651_T1_R2_ex11,left_arm,120,amp_preserving,fixed_mean_rescaled,identity,False,10.0,-1,0.04693865086878187,0.9910220545182487,7.226280834914611,91.0,0.0794759825327511,3.817490389453215,0.9950881530154186,9.494413407821229,44.75163395018887,111.87908487547216,1199.0,1145.0,18.0,4.0,18.0,2.0,0.06021900695762176
radius_0.4,651,1,2,11,651_T1_P1_R2,651_T1_R2_ex11,right_arm,120,amp_preserving,fixed_mean_rescaled,identity,False,10.0,-1,0.043150517604666074,0.9891369732139698,7.991423670668953,79.0,0.06899563318777292,3.9293893086437772,0.9941969498602314,9.7339338298978,67.1500731943407,167.87518298585175,1199.0,1145.0,18.0,4.0,18.0,2.0,0.06659519725557461
radius_0.4,651,1,2,11,651_T1_P1_R2,651_T1_R2_ex11,left_leg,120,amp_preserving,fixed_mean_rescaled,identity,False,10.0,-1,0.05898402907136532,0.9931919960653361,7.719919517102616,81.0,0.07074235807860262,3.9426197224196953,0.9961688799150941,9.913189077794952,15.612015284097176,39.030038210242935,1199.0,1145.0,18.0,4.0,18.0,2.0,0.0643326626425218
radius_0.4,651,1,2,11,651_T1_P1_R2,651_T1_R2_ex11,right_leg,120,amp_preserving,fixed_mean_rescaled,identity,False,10.0,-1,0.06490976272635661,0.9923080541964622,7.249527410207939,100.0,0.08733624454148471,3.794958875910538,0.9963186864885208,9.67130951021806,17.4890213592291,43.72255339807275,1199.0,1145.0,18.0,4.0,18.0,2.0,0.060412728418399494
radius_0.4,651,1,2,13,651_T1_P1_R2,651_T1_R2_ex13,trunk_spine,120,amp_preserving,fixed_mean_rescaled,identity,False,14.0,-1,0.0547086017430845,0.981354241702222,5.540591271703426,96.0,0.059076923076923075,3.379990427248745,0.9911134814650634,7.474561220225659,17.26204420174692,43.1551105043673,1679.0,1625.0,18.0,4.0,18.0,2.0,0.046171593930861884
radius_0.4,651,1,2,13,651_T1_P1_R2,651_T1_R2_ex13,left_arm,120,amp_preserving,fixed_mean_rescaled,identity,False,14.0,-1,0.035937855248200076,0.9772669759595107,4.865812683746325,86.0,0.05292307692307692,3.108572773137688,0.9898038802193168,6.610309133159637,44.670421312663734,111.67605328165934,1679.0,1625.0,18.0,4.0,18.0,2.0,0.04054843903121938
radius_0.4,651,1,2,13,651_T1_P1_R2,651_T1_R2_ex13,right_arm,120,amp_preserving,fixed_mean_rescaled,identity,False,14.0,-1,0.04167411898446381,0.9811234974267581,5.560812203669347,115.0,0.07076923076923076,3.3893300732400844,0.9914437432941133,7.252693893840628,61.956636338032276,154.89159084508069,1679.0,1625.0,18.0,4.0,18.0,2.0,0.046340101697244555
radius_0.4,651,1,2,13,651_T1_P1_R2,651_T1_R2_ex13,left_leg,120,amp_preserving,fixed_mean_rescaled,identity,False,14.0,-1,0.07379992421371731,0.9887244683145237,7.877035097766505,101.0,0.06215384615384616,3.9495728349988903,0.9946754433707473,10.985029770343068,49.37081893404732,123.42704733511829,1679.0,1625.0,18.0,4.0,18.0,2.0,0.06564195914805421
radius_0.4,651,1,2,13,651_T1_P1_R2,651_T1_R2_ex13,right_leg,120,amp_preserving,fixed_mean_rescaled,identity,False,14.0,-1,0.1064918529746116,0.9941358991146916,10.169032539855865,90.0,0.055384615384615386,4.44672574405223,0.996737026388454,13.993855223060399,52.21427771976235,130.53569429940586,1679.0,1625.0,18.0,4.0,18.0,2.0,0.0847419378321322
radius_0.4,651,2,1,11,651_T2_P1_R1,651_T2_R1_ex11,trunk_spine,120,amp_preserving,fixed_mean_rescaled,identity,False,10.0,-1,0.036923993037530155,0.9838729686143158,5.066652470187393,44.0,0.03842794759825328,3.171979524454805,0.993156349501716,6.970686402554056,16.492329368833477,41.23082342208369,1199.0,1145.0,18.0,4.0,18.0,2.0,0.042222103918228275
radius_0.4,651,2,1,11,651_T2_P1_R1,651_T2_R1_ex11,left_arm,120,amp_preserving,fixed_mean_rescaled,identity,False,10.0,-1,0.03817296240877027,0.9700411983520659,4.574122972463221,28.0,0.02445414847161572,3.025527178755915,0.9864805407783689,6.282766526557126,45.2494747814014,113.1236869535035,1199.0,1145.0,18.0,4.0,18.0,2.0,0.038117691437193506
radius_0.4,651,2,1,11,651_T2_P1_R1,651_T2_R1_ex11,right_arm,120,amp_preserving,fixed_mean_rescaled,identity,False,10.0,-1,0.03740800684032125,0.9702857142857143,5.468599033816425,67.0,0.05851528384279476,3.33813083606357,0.9866326530612245,7.323890319648538,54.50037715687888,136.2509428921972,1199.0,1145.0,18.0,4.0,18.0,2.0,0.04557165861513688
radius_0.4,651,2,1,11,651_T2_P1_R1,651_T2_R1_ex11,left_leg,120,amp_preserving,fixed_mean_rescaled,identity,False,10.0,-1,0.06165450270253764,0.9935116394254582,9.713801452784503,109.0,0.09519650655021834,4.195272855630695,0.9968301139177811,12.766254360926101,14.788699271831963,36.971748179579905,1199.0,1145.0,18.0,4.0,18.0,2.0,0.08094834543987087
radius_0.4,651,2,1,11,651_T2_P1_R1,651_T2_R1_ex11,right_leg,120,amp_preserving,fixed_mean_rescaled,identity,False,10.0,-1,0.03466424405289034,0.9892525216931684,7.280064829821718,116.0,0.10131004366812227,3.7153543770837083,0.9947584019733074,9.089957737975448,14.773666072481786,36.93416518120446,1199.0,1145.0,18.0,4.0,18.0,2.0,0.06066720691518099
radius_0.4,651,2,1,13,651_T2_P1_R1,651_T2_R1_ex13,trunk_spine,120,amp_preserving,fixed_mean_rescaled,identity,False,14.0,-1,0.047838575217885565,0.9775517640162856,4.753562899622525,59.0,0.036307692307692305,3.072552927460889,0.9898769069911126,6.5575903867345335,17.128989973014065,42.82247493253516,1679.0,1625.0,18.0,4.0,18.0,2.0,0.03961302416352105
radius_0.4,651,2,1,13,651_T2_P1_R1,651_T2_R1_ex13,left_arm,120,amp_preserving,fixed_mean_rescaled,identity,False,14.0,-1,0.04135884804850322,0.986403532882561,5.976573775952037,66.0,0.040615384615384616,3.523443886226484,0.9936965165924542,7.7775546790964505,49.60073511037372,124.00183777593429,1679.0,1625.0,18.0,4.0,18.0,2.0,0.049804781466266976
radius_0.4,651,2,1,13,651_T2_P1_R1,651_T2_R1_ex13,right_arm,120,amp_preserving,fixed_mean_rescaled,identity,False,14.0,-1,0.05187874194770747,0.9763344727846437,6.031949458483754,63.0,0.03876923076923077,3.5373541781313165,0.9884667075700471,8.32435258657809,51.517092177799384,128.79273044449846,1679.0,1625.0,18.0,4.0,18.0,2.0,0.050266245487364615
radius_0.4,651,2,1,13,651_T2_P1_R1,651_T2_R1_ex13,left_leg,120,amp_preserving,fixed_mean_rescaled,identity,False,14.0,-1,0.04728836680560818,0.9777232879785888,5.3374453193350835,60.0,0.036923076923076927,3.3085499466684594,0.9894546212157636,7.352944679330673,47.81251321810421,119.53128304526051,1679.0,1625.0,18.0,4.0,18.0,2.0,0.04447871099445903
radius_0.4,651,2,1,13,651_T2_P1_R1,651_T2_R1_ex13,right_leg,120,amp_preserving,fixed_mean_rescaled,identity,False,14.0,-1,0.0627086017430845,0.9822464468722808,6.636861015841908,89.0,0.05476923076923077,3.7197226867127173,0.9917939669341583,9.127968411100607,57.23465273536826,143.08663183842063,1679.0,1625.0,18.0,4.0,18.0,2.0,0.0553071751320159
radius_0.4,651,2,2,11,651_T2_P1_R2,651_T2_R2_ex11,trunk_spine,120,amp_preserving,fixed_mean_rescaled,identity,False,10.0,-1,0.031233395425535163,0.9911517403206883,7.047271463329857,101.0,0.08820960698689956,3.758583702463686,0.996064724286273,8.36776180698152,17.97693198818994,44.942329970474844,1199.0,1145.0,18.0,4.0,18.0,2.0,0.05872726219441548
radius_0.4,651,2,2,11,651_T2_P1_R2,651_T2_R2_ex11,left_arm,120,amp_preserving,fixed_mean_rescaled,identity,False,10.0,-1,0.045103368247473054,0.9805010155721057,6.174376465572372,85.0,0.07423580786026202,3.5647915077970764,0.9910460392687881,8.027282698108033,46.416094871802315,116.04023717950578,1199.0,1145.0,18.0,4.0,18.0,2.0,0.0514531372131031
radius_0.4,651,2,2,11,651_T2_P1_R2,651_T2_R2_ex11,right_arm,120,amp_preserving,fixed_mean_rescaled,identity,False,10.0,-1,0.03504443155098177,0.9701115371209481,5.203552231829867,64.0,0.05589519650655022,3.262231960033191,0.9858617985360753,6.582545454545454,60.513118482837086,151.2827962070927,1199.0,1145.0,18.0,4.0,18.0,2.0,0.04336293526524889
radius_0.4,651,2,2,11,651_T2_P1_R2,651_T2_R2_ex11,left_leg,120,amp_preserving,fixed_mean_rescaled,identity,False,10.0,-1,0.05191773292209973,0.990353792312443,6.760690624372616,62.0,0.05414847161572053,3.701429226220621,0.9946034173455284,8.977833820015928,12.507143403271979,31.267858508179945,1199.0,1145.0,18.0,4.0,18.0,2.0,0.056339088536438466
radius_0.4,651,2,2,11,651_T2_P1_R2,651_T2_R2_ex11,right_leg,120,amp_preserving,fixed_mean_rescaled,identity,False,10.0,-1,0.044941521360735336,0.9925256506081402,7.197339246119734,96.0,0.08384279475982533,3.8203296040352726,0.9958041720459333,9.218587828274886,13.702816433650135,34.25704108412533,1199.0,1145.0,18.0,4.0,18.0,2.0,0.05997782705099778
radius_0.4,651,2,2,13,651_T2_P1_R2,651_T2_R2_ex13,trunk_spine,120,amp_preserving,fixed_mean_rescaled,identity,False,14.0,-1,0.028214475179992423,0.9729780547422708,4.743092837501637,53.0,0.032615384615384616,3.081033185961878,0.9884498643530581,6.11431419788984,17.465391314163295,43.66347828540823,1679.0,1625.0,18.0,4.0,18.0,2.0,0.03952577364584697
radius_0.4,651,2,2,13,651_T2_P1_R2,651_T2_R2_ex13,left_arm,120,amp_preserving,fixed_mean_rescaled,identity,False,14.0,-1,0.03461917392951876,0.9655866900175132,4.648329644851934,73.0,0.04492307692307692,3.047500799206173,0.9851685639229422,6.142847392847393,47.38110475709516,118.4527618927379,1679.0,1625.0,18.0,4.0,18.0,2.0,0.038736080373766114
radius_0.4,651,2,2,13,651_T2_P1_R2,651_T2_R2_ex13,right_arm,120,amp_preserving,fixed_mean_rescaled,identity,False,14.0,-1,0.05335126942023494,0.9669304089662911,5.219214844349026,71.0,0.04369230769230769,3.2472545265656554,0.9843459238319815,7.1693135378407735,48.64332110300611,121.60830275751526,1679.0,1625.0,18.0,4.0,18.0,2.0,0.043493457036241884
radius_0.4,651,2,2,13,651_T2_P1_R2,651_T2_R2_ex13,left_leg,120,amp_preserving,fixed_mean_rescaled,identity,False,14.0,-1,0.16177491474043199,0.9972219879884945,14.281717544448172,378.0,0.2326153846153846,4.760720547339457,0.9984704537575775,19.83855354400335,51.666116939468886,129.1652923486722,1679.0,1625.0,18.0,4.0,18.0,2.0,0.11901431287040144
radius_0.4,651,2,2,13,651_T2_P1_R2,651_T2_R2_ex13,right_leg,120,amp_preserving,fixed_mean_rescaled,identity,False,14.0,-1,0.15826676771504358,0.9956616052060737,13.078814945276136,217.0,0.13353846153846155,4.734989166226407,0.9976847528886718,18.33981778970996,57.60841839007705,144.0210459751926,1679.0,1625.0,18.0,4.0,18.0,2.0,0.1089901245439678
radius_0.4,651,3,1,11,651_T3_P1_R1,651_T3_R1_ex11,trunk_spine,120,amp_preserving,fixed_mean_rescaled,identity,False,10.0,-1,0.040513634836778945,0.9938946257631718,7.335744089012517,94.0,0.08209606986899563,3.849344444806625,0.9962500942187382,8.235046728971962,17.415539066784273,43.538847666960685,1199.0,1145.0,18.0,4.0,18.0,2.0,0.06113120074177098
radius_0.4,651,3,1,11,651_T3_P1_R1,651_T3_R1_ex11,left_arm,120,amp_preserving,fixed_mean_rescaled,identity,False,10.0,-1,0.04078388860048249,0.969188723746771,5.438655462184874,44.0,0.03842794759825328,3.3704729596462433,0.9851933660289768,7.473871059358137,49.198219573036795,122.99554893259199,1199.0,1145.0,18.0,4.0,18.0,2.0,0.04532212885154062
radius_0.4,651,3,1,11,651_T3_P1_R1,651_T3_R1_ex11,right_arm,120,amp_preserving,fixed_mean_rescaled,identity,False,10.0,-1,0.03495892753534675,0.9718291404612159,5.294075660242684,63.0,0.05502183406113537,3.334036372946838,0.9862421383647799,7.0809031044214485,54.338630468806514,135.84657617201628,1199.0,1145.0,18.0,4.0,18.0,2.0,0.044117297168689035
radius_0.4,651,3,1,11,651_T3_P1_R1,651_T3_R1_ex11,left_leg,120,amp_preserving,fixed_mean_rescaled,identity,False,10.0,-1,0.025672580694414755,0.9832282621624836,5.118266253869969,45.0,0.039301310043668124,3.2098977628230885,0.991941239443321,6.59098992294013,10.777747926737058,26.944369816842645,1199.0,1145.0,18.0,4.0,18.0,2.0,0.04265221878224974
radius_0.4,651,3,1,11,651_T3_P1_R1,651_T3_R1_ex11,right_leg,120,amp_preserving,fixed_mean_rescaled,identity,False,10.0,-1,0.03767062631691453,0.9891374837872893,7.045034642032332,88.0,0.07685589519650655,3.8169682698267855,0.9943458171206225,8.601858345021038,11.92617830617265,29.815445765431623,1199.0,1145.0,18.0,4.0,18.0,2.0,0.0587086220169361
radius_0.4,651,3,1,13,651_T3_P1_R1,651_T3_R1_ex13,trunk_spine,120,amp_preserving,fixed_mean_rescaled,identity,False,12.0,-1,0.04121053400388139,0.9850874749981011,5.656876999127653,74.0,0.053429602888086646,3.3658783995186483,0.9930754234498823,7.549514002502165,17.80706347388499,44.51765868471248,1439.0,1385.0,18.0,4.0,18.0,2.0,0.04714064165939711
radius_0.4,651,3,1,13,651_T3_P1_R1,651_T3_R1_ex13,left_arm,120,amp_preserving,fixed_mean_rescaled,identity,False,12.0,-1,0.044723607604181884,0.9876586412840612,6.079121194715681,56.0,0.04043321299638989,3.576974533398982,0.9937826614408362,8.370505010807625,42.93181760083113,107.32954400207782,1439.0,1385.0,18.0,4.0,18.0,2.0,0.05065934328929734
radius_0.4,651,3,1,13,651_T3_P1_R1,651_T3_R1_ex13,right_arm,120,amp_preserving,fixed_mean_rescaled,identity,False,12.0,-1,0.041806306212307756,0.9818808026355196,5.840558194774347,53.0,0.038267148014440436,3.4974121870368062,0.9920634920634921,7.771260997067449,46.77942793520443,116.94856983801107,1439.0,1385.0,18.0,4.0,18.0,2.0,0.04867131828978622
radius_0.4,651,3,1,13,651_T3_P1_R1,651_T3_R1_ex13,left_leg,120,amp_preserving,fixed_mean_rescaled,identity,False,12.0,-1,0.10130840341395213,0.9934085853176238,9.53970922757393,172.0,0.12418772563176896,4.2813823436542595,0.9967042926588119,12.955287817938421,44.19036021874189,110.4759005468547,1439.0,1385.0,18.0,4.0,18.0,2.0,0.07949757689644942
radius_0.4,651,3,1,13,651_T3_P1_R1,651_T3_R1_ex13,right_leg,120,amp_preserving,fixed_mean_rescaled,identity,False,12.0,-1,0.09154337346883412,0.991862042239876,8.183468121120933,72.0,0.05198555956678701,4.106086395267482,0.9955378004718648,10.904556803995007,44.646629280503525,111.6165732012588,1439.0,1385.0,18.0,4.0,18.0,2.0,0.06819556767600778
radius_0.4,651,3,2,11,651_T3_P1_R2,651_T3_R2_ex11,trunk_spine,120,amp_preserving,fixed_mean_rescaled,identity,False,10.0,-1,0.053756069258252666,0.9947737665805095,8.736093788974806,135.0,0.11790393013100436,4.102593691292425,0.9976567159939784,10.544731311918342,19.32268867722794,48.306721693069846,1199.0,1145.0,18.0,4.0,18.0,2.0,0.07280078157479004
radius_0.4,651,3,2,11,651_T3_P1_R2,651_T3_R2_ex11,left_arm,120,amp_preserving,fixed_mean_rescaled,identity,False,10.0,-1,0.03509023727364339,0.9691497693847358,5.40082444228904,54.0,0.04716157205240175,3.349148150850222,0.9854016186580803,7.274815290716351,43.842054147557306,109.60513536889326,1199.0,1145.0,18.0,4.0,18.0,2.0,0.04500687035240867
radius_0.4,651,3,2,11,651_T3_P1_R2,651_T3_R2_ex11,right_arm,120,amp_preserving,fixed_mean_rescaled,identity,False,10.0,-1,0.0521574495373622,0.9893735362997658,6.5855416991426345,73.0,0.06375545851528384,3.6881289507100083,0.994306206088993,8.844030725165995,46.094493203312766,115.23623300828191,1199.0,1145.0,18.0,4.0,18.0,2.0,0.054879514159521955
radius_0.4,651,3,2,11,651_T3_P1_R2,651_T3_R2_ex11,left_leg,120,amp_preserving,fixed_mean_rescaled,identity,False,10.0,-1,0.10438208080129477,0.9962114563220409,12.4324571011318,154.0,0.13449781659388646,4.662557747357767,0.9979740799251068,16.230641132389675,12.039056372969938,30.097640932424845,1199.0,1145.0,18.0,4.0,18.0,2.0,0.10360380917609832
radius_0.4,651,3,2,11,651_T3_P1_R2,651_T3_R2_ex11,right_leg,120,amp_preserving,fixed_mean_rescaled,identity,False,10.0,-1,0.07135768161969035,0.992232801968546,7.278606184272484,82.0,0.07161572052401746,3.823630022141251,0.9958596341072001,10.111123180534435,11.344955935410644,28.362389838526607,1199.0,1145.0,18.0,4.0,18.0,2.0,0.060655051535604035
radius_0.4,651,3,2,13,651_T3_P1_R2,651_T3_R2_ex13,trunk_spine,120,amp_preserving,fixed_mean_rescaled,identity,False,12.0,-1,0.035908057010496444,0.9842510533197734,5.301768664892784,61.0,0.04404332129963899,3.295205341385626,0.9929972395757664,7.124778484311477,18.946470087495403,47.366175218738505,1439.0,1385.0,18.0,4.0,18.0,2.0,0.044181405540773204
radius_0.4,651,3,2,13,651_T3_P1_R2,651_T3_R2_ex13,left_arm,120,amp_preserving,fixed_mean_rescaled,identity,False,12.0,-1,0.050581164833788946,0.9909443458888568,8.666606530759516,73.0,0.05270758122743682,4.1983878535635775,0.9952555798506539,11.126023290672201,40.15503697608007,100.38759244020017,1439.0,1385.0,18.0,4.0,18.0,2.0,0.07222172108966264
radius_0.4,651,3,2,13,651_T3_P1_R2,651_T3_R2_ex13,right_arm,120,amp_preserving,fixed_mean_rescaled,identity,False,12.0,-1,0.04472986790759792,0.9788430137625379,5.9691322901849215,60.0,0.04332129963898917,3.5254864234423335,0.9890832750174947,8.03829383886256,40.62752470331986,101.56881175829963,1439.0,1385.0,18.0,4.0,18.0,2.0,0.04974276908487434
radius_0.4,651,3,2,13,651_T3_P1_R2,651_T3_R2_ex13,left_leg,120,amp_preserving,fixed_mean_rescaled,identity,False,12.0,-1,0.10399720373114084,0.9960169755099174,10.81791435109513,103.0,0.07436823104693141,4.499215155999057,0.9977225527474842,14.921749568609798,54.26536404974924,135.6634101243731,1439.0,1385.0,18.0,4.0,18.0,2.0,0.09014928625912608
radius_0.4,651,3,2,13,651_T3_P1_R2,651_T3_R2_ex13,right_leg,120,amp_preserving,fixed_mean_rescaled,identity,False,12.0,-1,0.1601114334008055,0.9968720267963038,12.50707219360641,161.0,0.11624548736462094,4.672474500809072,0.9981395076048849,16.828929297368564,51.2986746836491,128.24668670912274,1439.0,1385.0,18.0,4.0,18.0,2.0,0.10422560161338675
radius_0.4,790,1,1,11,790_T1_P1_R1,790_T1_R1_ex11,trunk_spine,120,amp_preserving,fixed_mean_rescaled,identity,False,10.0,-1,0.05423397563135554,0.995213963963964,9.66375068343357,81.0,0.07074235807860262,4.346562027614868,0.9970861486486486,11.402607855763039,16.84389384360732,42.1097346090183,1199.0,1145.0,18.0,4.0,18.0,2.0,0.08053125569527975
radius_0.4,790,1,1,11,790_T1_P1_R1,790_T1_R1_ex11,left_arm,120,amp_preserving,fixed_mean_rescaled,identity,False,10.0,-1,0.09328793477265093,0.9869390160070706,9.92919479664087,102.0,0.0890829694323144,4.35322002421658,0.9928884742544765,13.513811539318334,68.44577176283615,171.11442940709034,1199.0,1145.0,18.0,4.0,18.0,2.0,0.08274328997200725
radius_0.4,790,1,1,11,790_T1_P1_R1,790_T1_R1_ex11,right_arm,120,amp_preserving,fixed_mean_rescaled,identity,False,10.0,-1,0.0367667267230586,0.9808970099667774,5.945129624968538,59.0,0.05152838427947598,3.488007037785409,0.9912167774086379,7.833442730554644,58.822149139991495,147.05537284997874,1199.0,1145.0,18.0,4.0,18.0,2.0,0.049542746874737816
radius_0.4,790,1,1,11,790_T1_P1_R1,790_T1_R1_ex11,left_leg,120,amp_preserving,fixed_mean_rescaled,identity,False,10.0,-1,0.08871957736586558,0.9956803084018863,11.936249226325563,138.0,0.1205240174672489,4.62876190457824,0.9972119918769146,15.599407726477319,10.064811931238706,25.162029828096763,1199.0,1145.0,18.0,4.0,18.0,2.0,0.09946874355271303
radius_0.4,790,1,1,11,790_T1_P1_R1,790_T1_R1_ex11,right_leg,120,amp_preserving,fixed_mean_rescaled,identity,False,10.0,-1,0.07080495923290683,0.9966144092467599,12.226455026455026,104.0,0.09082969432314411,4.688439781151024,0.9977249692709119,15.100359007832898,11.429899917477162,28.574749793692902,1199.0,1145.0,18.0,4.0,18.0,2.0,0.10188712522045855
radius_0.4,790,1,1,13,790_T1_P1_R1,790_T1_R1_ex13,trunk_spine,120,amp_preserving,fixed_mean_rescaled,identity,False,14.0,-1,0.06739598332701781,0.9600017991881163,6.518937080024435,75.0,0.046153846153846156,3.687867729726236,0.9799053177253765,9.14492601532165,25.17303207883708,62.93258019709269,1679.0,1625.0,18.0,4.0,18.0,2.0,0.05432447566687029
radius_0.4,790,1,1,13,790_T1_P1_R1,790_T1_R1_ex13,left_arm,120,amp_preserving,fixed_mean_rescaled,identity,False,14.0,-1,0.07678969306555514,0.9830050136196755,7.2659760723665014,91.0,0.056,3.824030870612323,0.9916456120958509,10.059821786143372,71.12607058541191,177.81517646352978,1679.0,1625.0,18.0,4.0,18.0,2.0,0.06054980060305418
radius_0.4,790,1,1,13,790_T1_P1_R1,790_T1_R1_ex13,right_arm,120,amp_preserving,fixed_mean_rescaled,identity,False,14.0,-1,0.06147707464948844,0.9846398500967715,6.080003044835198,76.0,0.04676923076923077,3.5608941787929616,0.9923137612643154,8.403768857336743,64.37963664252844,160.94909160632108,1679.0,1625.0,18.0,4.0,18.0,2.0,0.05066669204029332
radius_0.4,790,1,1,13,790_T1_P1_R1,790_T1_R1_ex13,left_leg,120,amp_preserving,fixed_mean_rescaled,identity,False,14.0,-1,0.2953474801061008,0.9962844261516868,18.85504079254079,323.0,0.19876923076923078,5.132695899799098,0.9981242510475712,28.229915088177663,50.297572128091645,125.7439303202291,1679.0,1625.0,18.0,4.0,18.0,2.0,0.15712533993783992
radius_0.4,790,1,1,13,790_T1_P1_R1,790_T1_R1_ex13,right_leg,120,amp_preserving,fixed_mean_rescaled,identity,False,14.0,-1,0.20325047366426677,0.9783734605073288,10.226799703784542,173.0,0.10646153846153845,4.2991709118009265,0.9886199657704082,15.907424628768561,54.87683071571686,137.19207678929214,1679.0,1625.0,18.0,4.0,18.0,2.0,0.08522333086487117
radius_0.4,790,1,2,11,790_T1_P1_R2,790_T1_R2_ex11,trunk_spine,120,amp_preserving,fixed_mean_rescaled,identity,False,10.0,-1,0.06625339725776407,0.9976493362831859,12.551464192519571,148.0,0.12925764192139738,4.627078475282856,0.99812177359882,12.555587766342947,20.408761542304564,51.02190385576141,1199.0,1145.0,18.0,4.0,18.0,2.0,0.10459553493766309
radius_0.4,790,1,2,11,790_T1_P1_R2,790_T1_R2_ex11,left_arm,120,amp_preserving,fixed_mean_rescaled,identity,False,10.0,-1,0.046743213118758974,0.9879140262624942,7.574254946155772,120.0,0.10480349344978165,3.875359994004057,0.9937120271771085,9.90928338762215,59.081585346267445,147.7039633656686,1199.0,1145.0,18.0,4.0,18.0,2.0,0.06311879121796476
radius_0.4,790,1,2,11,790_T1_P1_R2,790_T1_R2_ex11,right_arm,120,amp_preserving,fixed_mean_rescaled,identity,False,10.0,-1,0.05954591260268116,0.9927690453601374,10.030310880829015,148.0,0.12925764192139738,4.375031309970031,0.9959998974332676,12.943352215928025,55.723943648488344,139.30985912122085,1199.0,1145.0,18.0,4.0,18.0,2.0,0.08358592400690847
radius_0.4,790,1,2,11,790_T1_P1_R2,790_T1_R2_ex11,left_leg,120,amp_preserving,fixed_mean_rescaled,identity,False,10.0,-1,0.07693223806760925,0.9960306434326995,10.039207841568313,108.0,0.0943231441048035,4.339592753866966,0.9974496884055095,12.851937092443421,14.360623437353633,35.90155859338408,1199.0,1145.0,18.0,4.0,18.0,2.0,0.0836600653464026
radius_0.4,790,1,2,11,790_T1_P1_R2,790_T1_R2_ex11,right_leg,120,amp_preserving,fixed_mean_rescaled,identity,False,10.0,-1,0.06866125141234311,0.997042406991483,11.353760445682452,139.0,0.12139737991266375,4.57299573752514,0.9980875714381018,13.338187221396732,13.576320576478015,33.940801441195035,1199.0,1145.0,18.0,4.0,18.0,2.0,0.0946146703806871
radius_0.4,790,1,2,13,790_T1_P1_R2,790_T1_R2_ex13,trunk_spine,120,amp_preserving,fixed_mean_rescaled,identity,False,14.0,-1,0.05668889730958696,0.9926738947340277,7.780886513674945,90.0,0.055384615384615386,3.97421344273,0.9961430996911806,10.516937191249118,21.517818111667463,53.79454527916865,1679.0,1625.0,18.0,4.0,18.0,2.0,0.06484072094729121
radius_0.4,790,1,2,13,790_T1_P1_R2,790_T1_R2_ex13,left_arm,120,amp_preserving,fixed_mean_rescaled,identity,False,14.0,-1,0.04982796513830996,0.983436758532579,5.794336410072587,81.0,0.049846153846153846,3.4781725490723816,0.9923495771734502,7.8984322982870285,69.24110168382528,173.1027542095632,1679.0,1625.0,18.0,4.0,18.0,2.0,0.04828613675060489
radius_0.4,790,1,2,13,790_T1_P1_R2,790_T1_R2_ex13,right_arm,120,amp_preserving,fixed_mean_rescaled,identity,False,14.0,-1,0.06771428571428571,0.9929042294821431,9.40375238499046,284.0,0.17476923076923076,4.099976145052079,0.9962842337351285,12.611319685485585,66.51715255375493,166.2928813843873,1679.0,1625.0,18.0,4.0,18.0,2.0,0.07836460320825384
radius_0.4,790,1,2,13,790_T1_P1_R2,790_T1_R2_ex13,left_leg,120,amp_preserving,fixed_mean_rescaled,identity,False,14.0,-1,0.08971428571428572,0.9927942692054267,9.716021825396826,148.0,0.09107692307692308,4.304266996705637,0.9962493030799642,13.647399178383383,33.533906719449696,83.83476679862424,1679.0,1625.0,18.0,4.0,18.0,2.0,0.08096684854497355
radius_0.4,790,1,2,13,790_T1_P1_R2,790_T1_R2_ex13,right_leg,120,amp_preserving,fixed_mean_rescaled,identity,False,14.0,-1,0.0634543387646836,0.9915082170838907,8.113467552775607,169.0,0.104,4.007341229228244,0.9955570418497993,11.081627226801382,33.20878824994178,83.02197062485445,1679.0,1625.0,18.0,4.0,18.0,2.0,0.06761222960646339
radius_0.4,790,2,1,11,790_T2_P1_R1,790_T2_R1_ex11,trunk_spine,120,amp_preserving,fixed_mean_rescaled,identity,False,8.0,-1,0.056065124920549554,0.9969041597627976,10.599443671766343,109.0,0.12044198895027625,4.390788006261087,0.997776227435249,12.26641651031895,15.905092450919629,39.76273112729907,959.0,905.0,18.0,4.0,18.0,2.0,0.08832869726471952
radius_0.4,790,2,1,11,790_T2_P1_R1,790_T2_R1_ex11,left_arm,120,amp_preserving,fixed_mean_rescaled,identity,False,8.0,-1,0.06282207989048061,0.9934625262666356,10.45882834903728,103.0,0.1138121546961326,4.34925103328687,0.9960697330531559,12.792103948025987,63.787756203042264,159.46939050760565,959.0,905.0,18.0,4.0,18.0,2.0,0.087156902908644
radius_0.4,790,2,1,11,790_T2_P1_R1,790_T2_R1_ex11,right_arm,120,amp_preserving,fixed_mean_rescaled,identity,False,8.0,-1,0.0506282696914878,0.9954611298889425,9.633644859813083,102.0,0.112707182320442,4.240078871421989,0.9968855625301787,11.814306151645207,38.64951624091771,96.62379060229428,959.0,905.0,18.0,4.0,18.0,2.0,0.08028037383177569
radius_0.4,790,2,1,11,790_T2_P1_R1,790_T2_R1_ex11,left_leg,120,amp_preserving,fixed_mean_rescaled,identity,False,8.0,-1,0.030841441353346696,0.9927869372225745,6.9390581717451525,42.0,0.04640883977900553,3.7814799239350987,0.9938570069752695,8.620488140254382,11.49655824043347,28.741395601083674,959.0,905.0,18.0,4.0,18.0,2.0,0.05782548476454294
radius_0.4,790,2,1,11,790_T2_P1_R1,790_T2_R1_ex11,right_leg,120,amp_preserving,fixed_mean_rescaled,identity,False,8.0,-1,0.04670952916442576,0.9933532213324959,9.576185671039354,72.0,0.07955801104972375,4.250595072291211,0.9965719369864448,11.11912408759124,11.140919389469435,27.852298473673585,959.0,905.0,18.0,4.0,18.0,2.0,0.07980154725866129
radius_0.4,790,2,1,13,790_T2_P1_R1,790_T2_R1_ex13,trunk_spine,120,amp_preserving,fixed_mean_rescaled,identity,False,14.0,-1,0.03677908298597954,0.9886874098495776,6.830035587188612,81.0,0.049846153846153846,3.7469401274324867,0.9942406758705955,8.562644188110026,20.499850728370777,51.24962682092694,1679.0,1625.0,18.0,4.0,18.0,2.0,0.05691696322657177
radius_0.4,790,2,1,13,790_T2_P1_R1,790_T2_R1_ex13,left_arm,120,amp_preserving,fixed_mean_rescaled,identity,False,14.0,-1,0.05263433118605532,0.9890282357345467,6.484376475030681,60.0,0.036923076923076927,3.6797774392887734,0.9949892730126276,8.519139493311965,49.27985843937611,123.19964609844028,1679.0,1625.0,18.0,4.0,18.0,2.0,0.05403647062525567
radius_0.4,790,2,1,13,790_T2_P1_R1,790_T2_R1_ex13,right_arm,120,amp_preserving,fixed_mean_rescaled,identity,False,14.0,-1,0.07644031830238726,0.9923063958042097,9.2450581932385,182.0,0.112,4.2502953412077575,0.995860721969404,12.364044805514524,51.55589550208592,128.88973875521478,1679.0,1625.0,18.0,4.0,18.0,2.0,0.07704215161032082
radius_0.4,790,2,1,13,790_T2_P1_R1,790_T2_R1_ex13,left_leg,120,amp_preserving,fixed_mean_rescaled,identity,False,14.0,-1,0.07259189086775293,0.987284021506499,7.124764559632336,102.0,0.06276923076923077,3.8482976344999495,0.9935950305371405,9.829735591819873,42.30816032501883,105.77040081254708,1679.0,1625.0,18.0,4.0,18.0,2.0,0.059373037996936134
radius_0.4,790,2,1,13,790_T2_P1_R1,790_T2_R1_ex13,right_leg,120,amp_preserving,fixed_mean_rescaled,identity,False,14.0,-1,0.10883289124668435,0.9913582396156123,8.875007792531637,126.0,0.07753846153846154,4.220185787746799,0.995317015424254,12.106767745214297,48.56273367780456,121.40683419451139,1679.0,1625.0,18.0,4.0,18.0,2.0,0.07395839827109697
radius_0.4,790,2,2,11,790_T2_P1_R2,790_T2_R2_ex11,trunk_spine,120,amp_preserving,fixed_mean_rescaled,identity,False,10.0,-1,0.041808409930680676,0.994156745307136,8.27919708029197,83.0,0.07248908296943231,4.0946756640833595,0.9954532174421152,9.046631264520412,18.067054155175267,45.16763538793816,1199.0,1145.0,18.0,4.0,18.0,2.0,0.06899330900243308
radius_0.4,790,2,2,11,790_T2_P1_R2,790_T2_R2_ex11,left_arm,120,amp_preserving,fixed_mean_rescaled,identity,False,10.0,-1,0.03857147219592635,0.989589106167366,6.515246286161063,65.0,0.056768558951965066,3.6867831844165293,0.9941216055735888,7.8676378446115285,55.68555115270564,139.2138778817641,1199.0,1145.0,18.0,4.0,18.0,2.0,0.05429371905134219
radius_0.4,790,2,2,11,790_T2_P1_R2,790_T2_R2_ex11,right_arm,120,amp_preserving,fixed_mean_rescaled,identity,False,10.0,-1,0.04046324854185116,0.9903022527451795,6.67107269954245,58.0,0.050655021834061134,3.7293039983754106,0.9953775329232859,9.069451607357745,38.322953381711486,95.8073834542787,1199.0,1145.0,18.0,4.0,18.0,2.0,0.05559227249618708
radius_0.4,790,2,2,11,790_T2_P1_R2,790_T2_R2_ex11,left_leg,120,amp_preserving,fixed_mean_rescaled,identity,False,10.0,-1,0.06916511436162091,0.992030729155169,7.223597492364572,68.0,0.059388646288209605,3.863311020771219,0.9960595156625974,9.722150398620986,15.605374274395274,39.013435685988185,1199.0,1145.0,18.0,4.0,18.0,2.0,0.060196645769704765
radius_0.4,790,2,2,11,790_T2_P1_R2,790_T2_R2_ex11,right_leg,120,amp_preserving,fixed_mean_rescaled,identity,False,10.0,-1,0.09498121965370873,0.9955792756442201,9.992255566311714,147.0,0.12838427947598252,4.360331599678768,0.9972350378574758,13.0820328975116,18.24751399278627,45.618784981965675,1199.0,1145.0,18.0,4.0,18.0,2.0,0.08326879638593095
radius_0.4,790,2,2,13,790_T2_P1_R2,790_T2_R2_ex13,trunk_spine,120,amp_preserving,fixed_mean_rescaled,identity,False,16.0,-1,0.03678445270340241,0.9785886327379649,5.002718477652515,49.0,0.026273458445040216,3.186897098274527,0.9901858049985924,6.599312034189816,21.76690455415357,54.41726138538392,1919.0,1865.0,18.0,4.0,18.0,2.0,0.04168932064710429
radius_0.4,790,2,2,13,790_T2_P1_R2,790_T2_R2_ex13,left_arm,120,amp_preserving,fixed_mean_rescaled,identity,False,16.0,-1,0.06384724251803611,0.9877092757123034,7.151693090624389,113.0,0.06058981233243968,3.8166063016740233,0.9939357350105427,9.793137124339681,66.67135066348042,166.67837665870104,1919.0,1865.0,18.0,4.0,18.0,2.0,0.05959744242186991
radius_0.4,790,2,2,13,790_T2_P1_R2,790_T2_R2_ex13,right_arm,120,amp_preserving,fixed_mean_rescaled,identity,False,16.0,-1,0.07580630314466856,0.9913406443289189,7.469777549036427,81.0,0.043431635388739946,3.9342990840658105,0.9957044738739422,10.472879664737578,53.97815624477595,134.94539061193987,1919.0,1865.0,18.0,4.0,18.0,2.0,0.06224814624197022
radius_0.4,790,2,2,13,790_T2_P1_R2,790_T2_R2_ex13,left_leg,120,amp_preserving,fixed_mean_rescaled,identity,False,16.0,-1,0.05722997618198345,0.9814930234428405,6.203380138509435,75.0,0.040214477211796246,3.616396246550554,0.9912843298886164,8.565385450597176,53.332315957384985,133.33078989346245,1919.0,1865.0,18.0,4.0,18.0,2.0,0.051694834487578625
radius_0.4,790,2,2,13,790_T2_P1_R2,790_T2_R2_ex13,right_leg,120,amp_preserving,fixed_mean_rescaled,identity,False,16.0,-1,0.0778549977562738,0.9847848898216159,6.652373583587082,87.0,0.04664879356568365,3.7360605003570457,0.9924552561961486,9.075581984660607,61.651745749579874,154.12936437394967,1919.0,1865.0,18.0,4.0,18.0,2.0,0.055436446529892346
radius_0.4,790,3,1,11,790_T3_P1_R1,790_T3_R1_ex11,trunk_spine,120,amp_preserving,fixed_mean_rescaled,identity,False,10.0,-1,0.06711759855864659,0.9960416761454115,9.637684349548756,72.0,0.062882096069869,4.339689753553259,0.9978615951590154,12.59916702570731,16.227357566042357,40.568393915105894,1199.0,1145.0,18.0,4.0,18.0,2.0,0.08031403624623963
radius_0.4,790,3,1,11,790_T3_P1_R1,790_T3_R1_ex11,left_arm,120,amp_preserving,fixed_mean_rescaled,identity,False,10.0,-1,0.048940360949094576,0.9936355411349952,8.022418136020152,89.0,0.0777292576419214,4.027010438602873,0.996193804012105,9.924164724164724,46.33183396709028,115.8295849177257,1199.0,1145.0,18.0,4.0,18.0,2.0,0.0668534844668346
radius_0.4,790,3,1,11,790_T3_P1_R1,790_T3_R1_ex11,right_arm,120,amp_preserving,fixed_mean_rescaled,identity,False,10.0,-1,0.03758664915870156,0.9909818418166307,7.602056715487691,118.0,0.10305676855895196,3.8962811840151343,0.9955721655766341,9.85048231511254,32.96662358693174,82.41655896732934,1199.0,1145.0,18.0,4.0,18.0,2.0,0.06335047262906408
radius_0.4,790,3,1,11,790_T3_P1_R1,790_T3_R1_ex11,left_leg,120,amp_preserving,fixed_mean_rescaled,identity,False,10.0,-1,0.07011634653556051,0.9962109664213231,10.485445794178318,116.0,0.10131004366812227,4.448379228665411,0.9978877226601629,13.07791095890411,13.461469665105652,33.653674162764126,1199.0,1145.0,18.0,4.0,18.0,2.0,0.08737871495148598
radius_0.4,790,3,1,11,790_T3_P1_R1,790_T3_R1_ex11,right_leg,120,amp_preserving,fixed_mean_rescaled,identity,False,10.0,-1,0.11646715729685161,0.9981384129314752,15.020122312093115,121.0,0.1056768558951965,4.96835299669445,0.99857759016243,19.047386846711678,18.726221743142528,46.81555435785632,1199.0,1145.0,18.0,4.0,18.0,2.0,0.1251676859341093
radius_0.4,790,3,1,13,790_T3_P1_R1,790_T3_R1_ex13,trunk_spine,120,amp_preserving,fixed_mean_rescaled,identity,False,18.0,-1,0.03703882662138851,0.9552675534314383,4.713469289538591,49.0,0.02327790973871734,3.0853051917007432,0.9784384486899697,6.562742773030216,24.18031564687655,60.45078911719138,2159.0,2105.0,18.0,4.0,18.0,2.0,0.03927891074615493
radius_0.4,790,3,1,13,790_T3_P1_R1,790_T3_R1_ex13,left_arm,120,amp_preserving,fixed_mean_rescaled,identity,False,18.0,-1,0.04076027564282037,0.977665019609581,5.496823221627009,82.0,0.03895486935866983,3.3912978098344593,0.9896800425428198,7.2235879189746495,67.86904555618945,169.6726138904736,2159.0,2105.0,18.0,4.0,18.0,2.0,0.045806860180225076
radius_0.4,790,3,1,13,790_T3_P1_R1,790_T3_R1_ex13,right_arm,120,amp_preserving,fixed_mean_rescaled,identity,False,18.0,-1,0.04696856118421647,0.9887703105470628,7.119556940117688,113.0,0.05368171021377672,3.849482876290117,0.9939140467262764,9.242880772497653,54.33246363240753,135.83115908101882,2159.0,2105.0,18.0,4.0,18.0,2.0,0.0593296411676474
radius_0.4,790,3,1,13,790_T3_P1_R1,790_T3_R1_ex13,left_leg,120,amp_preserving,fixed_mean_rescaled,identity,False,18.0,-1,0.06408243996279002,0.9823124841446571,6.786990603242612,96.0,0.04560570071258908,3.722612159957434,0.9913887871015024,9.11119746130432,48.89964081248355,122.24910203120886,2159.0,2105.0,18.0,4.0,18.0,2.0,0.05655825502702176
radius_0.4,790,3,1,13,790_T3_P1_R1,790_T3_R1_ex13,right_leg,120,amp_preserving,fixed_mean_rescaled,identity,False,18.0,-1,0.08827705174173388,0.9885823025689819,8.32130554598691,113.0,0.05368171021377672,4.0942257669616104,0.9942246503585934,11.589910253734459,71.39410198684293,178.4852549671073,2159.0,2105.0,18.0,4.0,18.0,2.0,0.06934421288322425
radius_0.4,790,3,2,11,790_T3_P1_R2,790_T3_R2_ex11,trunk_spine,120,amp_preserving,fixed_mean_rescaled,identity,False,10.0,-1,0.04098696063761566,0.9937788705111011,8.622171945701357,75.0,0.06550218340611354,4.20597059452289,0.9961630159439726,10.214285714285714,22.247779437684095,55.61944859421023,1199.0,1145.0,18.0,4.0,18.0,2.0,0.07185143288084464
radius_0.4,790,3,2,11,790_T3_P1_R2,790_T3_R2_ex11,left_arm,120,amp_preserving,fixed_mean_rescaled,identity,False,10.0,-1,0.04581793752099429,0.993635030658491,9.214153275648949,79.0,0.06899563318777292,4.241054960308744,0.9960843774993335,11.461081288343559,54.87308237261348,137.1827059315337,1199.0,1145.0,18.0,4.0,18.0,2.0,0.07678461063040791
radius_0.4,790,3,2,11,790_T3_P1_R2,790_T3_R2_ex11,right_arm,120,amp_preserving,fixed_mean_rescaled,identity,False,10.0,-1,0.08287476715424313,0.98376874608497,7.905981640509328,92.0,0.08034934497816594,3.942917642962182,0.992943734109584,10.707261348961955,74.13088396801783,185.32720992004457,1199.0,1145.0,18.0,4.0,18.0,2.0,0.06588318033757773
radius_0.4,790,3,2,11,790_T3_P1_R2,790_T3_R2_ex11,left_leg,120,amp_preserving,fixed_mean_rescaled,identity,False,10.0,-1,0.045824044950682506,0.9887378381980542,6.896118986753428,58.0,0.050655021834061134,3.789038455814235,0.9935858989737438,9.420154793871426,14.957804985219859,37.394512463049644,1199.0,1145.0,18.0,4.0,18.0,2.0,0.05746765822294523
radius_0.4,790,3,2,11,790_T3_P1_R2,790_T3_R2_ex11,right_leg,120,amp_preserving,fixed_mean_rescaled,identity,False,10.0,-1,0.030810455919626226,0.9796322909955895,5.373199238923621,45.0,0.039301310043668124,3.326280196389856,0.9902621537241687,7.1112099644128115,13.798693081287414,34.496732703218534,1199.0,1145.0,18.0,4.0,18.0,2.0,0.04477666032436351
radius_0.4,790,3,2,13,790_T3_P1_R2,790_T3_R2_ex13,trunk_spine,120,amp_preserving,fixed_mean_rescaled,identity,False,12.0,-1,0.04473299805930594,0.9463531826557507,4.746490407112775,47.0,0.03393501805054152,3.093848602756959,0.9739812935880391,6.536354386788761,26.105815260254413,65.26453815063603,1439.0,1385.0,18.0,4.0,18.0,2.0,0.03955408672593979
radius_0.4,790,3,2,13,790_T3_P1_R2,790_T3_R2_ex13,left_arm,120,amp_preserving,fixed_mean_rescaled,identity,False,12.0,-1,0.05221406064147242,0.9888695721679356,7.226343457943925,91.0,0.06570397111913358,3.871571733330498,0.9945946486022021,9.618803749154507,55.761726848947426,139.40431712236855,1439.0,1385.0,18.0,4.0,18.0,2.0,0.06021952881619938
radius_0.4,790,3,2,13,790_T3_P1_R2,790_T3_R2_ex13,right_arm,120,amp_preserving,fixed_mean_rescaled,identity,False,12.0,-1,0.06618601448216857,0.9888387930762682,7.861386138613861,89.0,0.06425992779783393,4.020810556786676,0.9941435192483526,10.825251051411897,51.67694511597892,129.19236278994728,1439.0,1385.0,18.0,4.0,18.0,2.0,0.0655115511551155
radius_0.4,790,3,2,13,790_T3_P1_R2,790_T3_R2_ex13,left_leg,120,amp_preserving,fixed_mean_rescaled,identity,False,12.0,-1,0.10338578076417437,0.9939548073914842,12.70976900245193,121.0,0.08736462093862817,4.632804593888119,0.9967957451532492,17.277967287676027,78.91194100506958,197.27985251267393,1439.0,1385.0,18.0,4.0,18.0,2.0,0.10591474168709941
radius_0.4,790,3,2,13,790_T3_P1_R2,790_T3_R2_ex13,right_leg,120,amp_preserving,fixed_mean_rescaled,identity,False,12.0,-1,0.08184825024519522,0.9871247370769329,7.98628300330033,91.0,0.06570397111913358,3.96806283111785,0.9935496207533941,11.381279205607477,60.746593885468826,151.86648471367207,1439.0,1385.0,18.0,4.0,18.0,2.0,0.06655235836083609
