delta,participant,exercise_id,region,normalization,setting,repetition,duration_s_a,duration_s_b,N_embed_a,N_embed_b,abs_delta_DET,Drep_max_DET,ratio_DET,DET_a,DET_b,abs_delta_LAM,Drep_max_LAM,ratio_LAM,LAM_a,LAM_b,abs_delta_Lmean,Drep_max_Lmean,ratio_Lmean,Lmean_a,Lmean_b,abs_delta_ENTR,Drep_max_ENTR,ratio_ENTR,ENTR_a,ENTR_b,abs_delta_RR,Drep_max_RR,ratio_RR,RR_a,RR_b
D12,651,11,left_arm,amp_preserving,primary_amp_preserving,1,10.0,10.0,1145.0,1145.0,0.010492583005209721,0.020963588328734017,0.5005146466660922,0.9653287404522988,0.954836157447089,0.00277425285197086,0.01209243925963599,0.2294204496218715,0.9818406469971545,0.9790663941451836,0.5665923488329829,1.690470815570416,0.33516837061857085,4.643731988472623,4.07713963963964,0.27858496708525227,0.5635317906556514,0.49435537037072474,3.0489358561472693,2.770350889062017,0.002768192506183799,0.009684856628088101,0.28582689579063714,0.0203896540141081,0.0231578465202919
D13,651,11,left_arm,amp_preserving,primary_amp_preserving,1,10.0,10.0,1145.0,1145.0,0.005514666552557612,0.020963588328734017,0.26305928479805446,0.9653287404522988,0.9598140738997412,0.0003744196495432117,0.01209243925963599,0.03096312013681205,0.9818406469971545,0.9814662273476112,0.3267128622281694,1.690470815570416,0.19326737806942063,4.643731988472623,4.970444850700792,0.15362665944881648,0.5635317906556514,0.2726140068692074,3.0489358561472693,3.2025625155960857,0.005560814731120401,0.009684856628088101,0.5741762572914998,0.0203896540141081,0.0259504687452285
D23,651,11,left_arm,amp_preserving,primary_amp_preserving,1,10.0,10.0,1145.0,1145.0,0.004977916452652109,0.016732737505162132,0.29749563997620815,0.954836157447089,0.9598140738997412,0.002399833202427648,0.007509322089468418,0.31958053920650664,0.9790663941451836,0.9814662273476112,0.8933052110611523,1.2248258159887104,0.7293324482551453,4.07713963963964,4.970444850700792,0.43221162653406875,0.5011702977357642,0.8624047125034273,2.770350889062017,3.2025625155960857,0.002792622224936602,0.0048660946040858,0.5738939441481031,0.0231578465202919,0.0259504687452285
D12,651,11,left_arm,amp_preserving,primary_amp_preserving,2,10.0,10.0,1145.0,1145.0,0.014723433828781607,0.020963588328734017,0.7023336653010277,0.9862923287810328,0.9715688949522512,0.007357370022138432,0.01209243925963599,0.6084272878423295,0.9939330862567904,0.986575716234652,1.0322373484146885,1.690470815570416,0.6106212180104277,6.334202804043039,5.30196545562835,0.3409464600051395,0.5635317906556514,0.605017260177033,3.6124676468029207,3.271521186797781,0.002094848383058002,0.009684856628088101,0.2163014346523732,0.0300745106421962,0.0279796622591382
D13,651,11,left_arm,amp_preserving,primary_amp_preserving,2,10.0,10.0,1145.0,1145.0,0.02525242726752719,0.020963588328734017,1.2045851536263292,0.9862923287810328,0.9610399015135056,0.012182054321096425,0.01209243925963599,1.0074108341200907,0.9939330862567904,0.981751031935694,1.5101388273073066,1.690470815570416,0.8933244001599283,6.334202804043039,4.824063976735732,0.501499323209281,0.5635317906556514,0.8899219733917805,3.6124676468029207,3.1109683235936396,0.0089901365010535,0.009684856628088101,0.9282673813652782,0.0300745106421962,0.0210843741411427
D23,651,11,left_arm,amp_preserving,primary_amp_preserving,2,10.0,10.0,1145.0,1145.0,0.010528993438745582,0.016732737505162132,0.6292451211582883,0.9715688949522512,0.9610399015135056,0.004824684298957993,0.007509322089468418,0.6424926566573109,0.986575716234652,0.981751031935694,0.47790147889261814,1.2248258159887104,0.3901791362119878,5.30196545562835,4.824063976735732,0.16055286320414153,0.5011702977357642,0.32035590283283516,3.271521186797781,3.1109683235936396,0.006895288117995498,0.0048660946040858,1.4170065892689165,0.0279796622591382,0.0210843741411427
D12,651,11,left_arm,trial_zscore,primary_trial_zscore,1,10.0,10.0,1145.0,1145.0,0.010033620508509977,0.013185543181340798,0.7609561752987781,0.9733662534145828,0.9633326329060728,0.0029155284723682007,0.007144358058415623,0.4080882352941261,0.9864204664845556,0.9835049380121874,0.8796322037912248,1.1275993674657556,0.7800928496157024,5.15123714206283,4.271604938271605,0.3727408696336405,0.4093194023543627,0.9106357223470808,3.250460879419443,2.8777200097858024,0.0,0.0,,0.0290652578862185,0.0290652578862185
D13,651,11,left_arm,trial_zscore,primary_trial_zscore,1,10.0,10.0,1145.0,1145.0,0.010664005043076186,0.013185543181340798,0.8087649402390259,0.9733662534145828,0.9627022483715066,0.004044967430132385,0.007144358058415623,0.5661764705882366,0.9864204664845556,0.9823754990544232,0.017903808729496262,1.1275993674657556,0.015877810192226796,5.15123714206283,5.133333333333334,0.014730650062209971,0.35051161812440634,0.04202613922195769,3.250460879419443,3.265191529481653,0.0,0.0,,0.0290652578862185,0.0290652578862185
D23,651,11,left_arm,trial_zscore,primary_trial_zscore,1,10.0,10.0,1145.0,1145.0,0.0006303845345662085,0.010033620508509977,0.06282722513090366,0.9633326329060728,0.9627022483715066,0.001129438957764184,0.004333893675141809,0.2606060606060502,0.9835049380121874,0.9823754990544232,0.8617283950617285,1.0758698092031418,0.8009597329438771,4.271604938271605,5.133333333333334,0.3874715196958505,0.4093194023543627,0.9466238772634635,2.8777200097858024,3.265191529481653,0.0,0.0,,0.0290652578862185,0.0290652578862185
D12,651,11,left_arm,trial_zscore,primary_trial_zscore,2,10.0,10.0,1145.0,1145.0,0.013185543181340798,0.013185543181340798,1.0,0.9865517965959236,0.9733662534145828,0.005725992855642015,0.007144358058415623,0.8014705882353056,0.9935648245429712,0.9878388316873292,0.9313617620538386,1.1275993674657556,0.8259686808330206,6.278836509528586,5.347474747474747,0.31393308540368414,0.4093194023543627,0.7669636073882001,3.6009724975438493,3.287039412140165,0.0,0.0,,0.0290652578862185,0.0290652578862185
D13,651,11,left_arm,trial_zscore,primary_trial_zscore,2,10.0,10.0,1145.0,1145.0,0.02090775372977527,0.013185543181340798,1.5856573705179147,0.9865517965959236,0.9656440428661484,0.009271905862576202,0.007144358058415623,1.297794117647065,0.9935648245429712,0.984292918680395,1.0655636791258631,1.1275993674657556,0.9449842824235386,6.278836509528586,5.2132728304027225,0.32125306125719755,0.35051161812440634,0.9165261424891653,3.6009724975438493,3.2797194362866517,0.0,0.0,,0.0290652578862185,0.0290652578862185
D23,651,11,left_arm,trial_zscore,primary_trial_zscore,2,10.0,10.0,1145.0,1145.0,0.007722210548434472,0.010033620508509977,0.7696335078534122,0.9733662534145828,0.9656440428661484,0.003545913006934187,0.004333893675141809,0.8181818181818136,0.9878388316873292,0.984292918680395,0.13420191707202456,1.0758698092031418,0.12473806395907987,5.347474747474747,5.2132728304027225,0.007319975853513405,0.4093194023543627,0.017883285794442344,3.287039412140165,3.2797194362866517,0.0,0.0,,0.0290652578862185,0.0290652578862185
D12,651,11,left_leg,amp_preserving,primary_amp_preserving,1,10.0,10.0,1145.0,1145.0,0.004756759808701827,0.007862367073708465,0.6050035268142464,0.9957344258344378,0.990977666025736,0.0023336767211721288,0.0033331353446257594,0.7001446025691319,0.997397276780335,0.9950636000591628,3.88553412462908,5.818595945848796,0.667778646393408,12.26053412462908,8.375,0.6298710721170826,1.0296418919173314,0.6117380004267097,4.662003445898553,4.0321323737814705,0.022064616606101296,0.02760252847589089,0.7993693992698306,0.0633569487281277,0.0412923321220264
D13,651,11,left_leg,amp_preserving,primary_amp_preserving,1,10.0,10.0,1145.0,1145.0,0.026113411196379,0.025283093792364375,1.0328408149269053,0.9957344258344378,0.9696210146380588,0.010932468278229357,0.010342329975047582,1.0570604790802045,0.997397276780335,0.9864648085021056,7.801797379585281,5.818595945848796,1.34083848615599,12.26053412462908,4.458736745043799,1.713188512654646,1.423563651256695,1.2034505876447996,4.662003445898553,2.948814933243907,0.048128072800561895,0.0569807921336306,0.8446367801923949,0.0633569487281277,0.0152288759275658
D23,651,11,left_leg,amp_preserving,primary_amp_preserving,1,10.0,10.0,1145.0,1145.0,0.021356651387677172,0.025283093792364375,0.8447008725699143,0.990977666025736,0.9696210146380588,0.008598791557057228,0.010342329975047582,0.831417251025939,0.9950636000591628,0.9864648085021056,3.916263254956201,5.794477462844629,0.6758613317711699,8.375,4.458736745043799,1.0833174405375634,1.423563651256695,0.7609898156511873,4.0321323737814705,2.948814933243907,0.0260634561944606,0.0569807921336306,0.4574077547629897,0.0412923321220264,0.0152288759275658
D12,651,11,left_leg,amp_preserving,primary_amp_preserving,2,10.0,10.0,1145.0,1145.0,0.0018929941299793418,0.007862367073708465,0.24076643995794358,0.9878720587607294,0.98597906463075,0.0013867189830057969,0.0033331353446257594,0.41604040629244116,0.9940641414357092,0.9926774224527034,0.6933379548161183,5.818595945848796,0.1191589794632108,6.441938178780284,5.748600223964166,0.1898546879883658,1.0296418919173314,0.18438904776381126,3.6323615539812217,3.442506865992856,0.003956087580541702,0.02760252847589089,0.14332337647969826,0.0357544202522368,0.0317983326716951
D13,651,11,left_leg,amp_preserving,primary_amp_preserving,2,10.0,10.0,1145.0,1145.0,0.007032049669693841,0.025283093792364375,0.27813248360521275,0.9878720587607294,0.9949041084304232,0.002742997041443984,0.010342329975047582,0.26522041436135524,0.9940641414357092,0.9968071384771532,3.811276029108144,5.818595945848796,0.6550164446162051,6.441938178780284,10.253214207888428,0.7400170305193803,1.423563651256695,0.5198341710018427,3.6323615539812217,4.372378584500602,0.0364552478089596,0.0569807921336306,0.6397813446233817,0.0357544202522368,0.0722096680611964
D23,651,11,left_leg,amp_preserving,primary_amp_preserving,2,10.0,10.0,1145.0,1145.0,0.008925043799673182,0.025283093792364375,0.3530044176147696,0.98597906463075,0.9949041084304232,0.004129716024449781,0.010342329975047582,0.3993022882090727,0.9926774224527034,0.9968071384771532,4.504613983924262,5.794477462844629,0.7773977917437362,5.748600223964166,10.253214207888428,0.9298717185077461,1.423563651256695,0.6531999589107751,3.442506865992856,4.372378584500602,0.0404113353895013,0.0569807921336306,0.7092097858999427,0.0317983326716951,0.0722096680611964
D12,651,11,left_leg,trial_zscore,primary_trial_zscore,1,10.0,10.0,1145.0,1145.0,0.003467114940113203,0.006198781256566366,0.5593220338982747,0.9917524690060936,0.9882853540659804,0.0012345030468583484,0.0021538138264342033,0.5731707317071869,0.9950094557680184,0.99377495272116,1.7686822757092857,2.8531748396525964,0.6198997170200201,9.063370139222275,7.29468786351299,0.3722728866269791,0.6351825932940462,0.58608798565524,4.183442125087733,3.8111692384607543,0.0,0.0,,0.0290652578862185,0.0290652578862185
D13,651,11,left_leg,trial_zscore,primary_trial_zscore,1,10.0,10.0,1145.0,1145.0,0.00693422988022685,0.006198781256566366,1.1186440677966212,0.9917524690060936,0.9848182391258667,0.0022326118932547434,0.0015496953141415082,1.440677966101713,0.9950094557680184,0.9927768438747636,3.7070844249365615,2.8531748396525964,1.2992840023038816,9.063370139222275,5.356285714285714,0.8898210524457477,0.6351825932940462,1.4008901721175178,4.183442125087733,3.2936210726419857,0.0,0.0,,0.0290652578862185,0.0290652578862185
D23,651,11,left_leg,trial_zscore,primary_trial_zscore,1,10.0,10.0,1145.0,1145.0,0.003467114940113647,0.004622819920151566,0.749999999999994,0.9882853540659804,0.9848182391258667,0.000998108846396395,0.0021538138264342033,0.46341463414636785,0.99377495272116,0.9927768438747636,1.9384021492272758,1.6290297697157126,1.1899120478108591,7.29468786351299,5.356285714285714,0.5175481658187686,0.408049062279936,1.2683478867149371,3.8111692384607543,3.2936210726419857,0.0,0.0,,0.0290652578862185,0.0290652578862185
D12,651,11,left_leg,trial_zscore,primary_trial_zscore,2,10.0,10.0,1145.0,1145.0,0.0018911536036984034,0.006198781256566366,0.3050847457627425,0.9855536877495272,0.9836625341458288,0.0018386215591510435,0.0021538138264342033,0.8536585365853169,0.9934597604538769,0.9916211388947258,0.5445372057724018,2.8531748396525964,0.19085307994609432,6.210195299569679,5.665658093797277,0.14513935561286884,0.6351825932940462,0.2285002094597375,3.548259531793687,3.4031201761808183,0.0,0.0,,0.0290652578862185,0.0290652578862185
D13,651,11,left_leg,trial_zscore,primary_trial_zscore,2,10.0,10.0,1145.0,1145.0,0.0033620508510191494,0.006198781256566366,0.5423728813559489,0.9855536877495272,0.9889157386005464,0.00021012817818877316,0.0015496953141415082,0.13559322033904375,0.9934597604538769,0.9936698886320656,0.358192697638974,2.8531748396525964,0.12554179739037222,6.210195299569679,6.568387997208653,0.14597056112551687,0.6351825932940462,0.22980881823054375,3.548259531793687,3.694230092919204,0.0,0.0,,0.0290652578862185,0.0290652578862185
D23,651,11,left_leg,trial_zscore,primary_trial_zscore,2,10.0,10.0,1145.0,1145.0,0.005253204454717553,0.004622819920151566,1.136363636363607,0.9836625341458288,0.9889157386005464,0.0020487497373398167,0.0021538138264342033,0.9512195121951056,0.9916211388947258,0.9936698886320656,0.9027299034113758,1.6290297697157126,0.5541518762845655,5.665658093797277,6.568387997208653,0.2911099167383857,0.408049062279936,0.7134189087749309,3.4031201761808183,3.694230092919204,0.0,0.0,,0.0290652578862185,0.0290652578862185
D12,651,11,right_arm,amp_preserving,primary_amp_preserving,1,10.0,10.0,1145.0,1145.0,0.0028159477505279584,0.014149932446437585,0.19900785824860295,0.9700228832951944,0.9672069355446664,0.001567213893400421,0.006965236038583789,0.22500513761757251,0.9857360793287566,0.9841688654353562,0.19120139972284456,2.5652668218457695,0.0745347026260881,4.773648648648648,4.964850048371493,0.06996491976026231,0.6833865703741351,0.10237971126936028,3.087329962293763,3.157294882054025,0.0042874156411274005,0.0085381867041255,0.5021459227467815,0.020017100803127,0.0243045164442544
D13,651,11,right_arm,amp_preserving,primary_amp_preserving,1,10.0,10.0,1145.0,1145.0,0.009799275468920343,0.022291038410769737,0.4396060555073065,0.9700228832951944,0.960223607826274,0.005373433302812258,0.011593189936200843,0.4634991173596837,0.9857360793287566,0.9803626460259444,0.19782897651750098,2.5652668218457695,0.0771182844734874,4.773648648648648,4.575819672131147,0.04118324845631571,0.6833865703741351,0.06026347347412612,3.087329962293763,3.046146713837447,0.0012871408067914002,0.012576724585458204,0.10234308607502246,0.020017100803127,0.0213042416099184
D23,651,11,right_arm,amp_preserving,primary_amp_preserving,1,10.0,10.0,1145.0,1145.0,0.006983327718392385,0.022291038410769737,0.3132796054498047,0.9672069355446664,0.960223607826274,0.0038062194094118373,0.011593189936200843,0.32831510829703164,0.9841688654353562,0.9803626460259444,0.38903037624034553,1.175169512780486,0.3310419237475691,4.964850048371493,4.575819672131147,0.11114816821657802,0.4024197533683229,0.27619958336102696,3.157294882054025,3.046146713837447,0.0030002748343360003,0.012576724585458204,0.2385577273279132,0.0243045164442544,0.0213042416099184
D12,651,11,right_arm,amp_preserving,primary_amp_preserving,2,10.0,10.0,1145.0,1145.0,0.027895489070801194,0.014149932446437585,1.9714220669529923,0.984172815741632,0.9562773266708308,0.013001127984454852,0.006965236038583789,1.8665739269186798,0.9927013153673404,0.9797001873828856,2.603863924102665,2.5652668218457695,1.0150460380683224,7.338915470494418,4.735051546391753,0.7082193119483922,0.6833865703741351,1.0363377664279558,3.770716532667898,3.062497220719506,0.0065547989128775,0.0085381867041255,0.7677038626609485,0.0285552875072525,0.022000488594375
D13,651,11,right_arm,amp_preserving,primary_amp_preserving,2,10.0,10.0,1145.0,1145.0,0.0016581695045881917,0.022291038410769737,0.07438727052693339,0.984172815741632,0.9825146462370438,0.0007454794051952041,0.011593189936200843,0.0643032167416988,0.9927013153673404,0.9919558359621452,1.5879262855827845,2.5652668218457695,0.619010183291668,7.338915470494418,5.750989184911633,0.3221500654621279,0.6833865703741351,0.47140239423458336,3.770716532667898,3.44856646720577,0.005325678688124103,0.012576724585458204,0.4234551414349887,0.0285552875072525,0.0338809661953766
D23,651,11,right_arm,amp_preserving,primary_amp_preserving,2,10.0,10.0,1145.0,1145.0,0.026237319566213002,0.022291038410769737,1.177034424449991,0.9562773266708308,0.9825146462370438,0.012255648579259648,0.011593189936200843,1.05714205035063,0.9797001873828856,0.9919558359621452,1.0159376385198806,1.175169512780486,0.8645030588958541,4.735051546391753,5.750989184911633,0.3860692464862643,0.4024197533683229,0.9593695221340353,3.062497220719506,3.44856646720577,0.011880477601001603,0.012576724585458204,0.9446400388490948,0.022000488594375,0.0338809661953766
D12,651,11,right_arm,trial_zscore,primary_trial_zscore,1,10.0,10.0,1145.0,1145.0,0.008720319394830756,0.005358268543811828,1.6274509803921084,0.9789346501365832,0.9702143307417525,0.004360159697415433,0.0023639420046227544,1.8444444444444998,0.9908331582265182,0.9864729985291028,0.10892905966727628,2.0741451308754675,0.05251756882668035,5.291027825099375,5.182098765432099,0.05776423140447884,0.4797497291574233,0.12040492759824842,3.2933133243249135,3.2355490929204347,0.0,0.0,,0.0290652578862185,0.0290652578862185
D13,651,11,right_arm,trial_zscore,primary_trial_zscore,1,10.0,10.0,1145.0,1145.0,0.011557049800377972,0.012922882958604553,0.8943089430894244,0.9789346501365832,0.9673776003362052,0.008116200882538394,0.008116200882538394,1.0,0.9908331582265182,0.9827169573439798,0.27877959428827026,2.0741451308754675,0.13440698538322693,5.291027825099375,5.012248230811105,0.07107080739874849,0.4797497291574233,0.14814142266128844,3.2933133243249135,3.222242516926165,0.0,0.0,,0.0290652578862185,0.0290652578862185
D23,651,11,right_arm,trial_zscore,primary_trial_zscore,1,10.0,10.0,1145.0,1145.0,0.0028367304055472164,0.012922882958604553,0.2195121951219416,0.9702143307417525,0.9673776003362052,0.0037560411851229603,0.008116200882538394,0.4627831715210374,0.9864729985291028,0.9827169573439798,0.16985053462099398,0.5498978198595363,0.3088765375799815,5.182098765432099,5.012248230811105,0.013306575994269654,0.14549061095025184,0.09146003241968392,3.2355490929204347,3.222242516926165,0.0,0.0,,0.0290652578862185,0.0290652578862185
D12,651,11,right_arm,trial_zscore,primary_trial_zscore,2,10.0,10.0,1145.0,1145.0,0.019069132170624226,0.005358268543811828,3.558823529411723,0.984292918680395,0.9652237865097708,0.00874658541710438,0.0023639420046227544,3.7000000000000797,0.9928556419415844,0.98410905652448,2.34495437673987,2.0741451308754675,1.1305642704713232,7.365172955974843,5.020218579234973,0.5867577193105387,0.4797497291574233,1.2230496103479866,3.773063053482337,3.186305334171798,0.0,0.0,,0.0290652578862185,0.0290652578862185
D13,651,11,right_arm,trial_zscore,primary_trial_zscore,2,10.0,10.0,1145.0,1145.0,0.003992435385585247,0.012922882958604553,0.30894308943090204,0.984292918680395,0.9803004832948098,0.0020224837150661923,0.008116200882538394,0.2491909385113257,0.9928556419415844,0.9908331582265182,1.8030269053042014,2.0741451308754675,0.8692867622735585,7.365172955974843,5.562146050670641,0.40532992560591996,0.4797497291574233,0.8448778622924797,3.773063053482337,3.367733127876417,0.0,0.0,,0.0290652578862185,0.0290652578862185
D23,651,11,right_arm,trial_zscore,primary_trial_zscore,2,10.0,10.0,1145.0,1145.0,0.015076696785038979,0.012922882958604553,1.1666666666666925,0.9652237865097708,0.9803004832948098,0.006724101702038188,0.008116200882538394,0.828478964401283,0.98410905652448,0.9908331582265182,0.5419274714356686,0.5498978198595363,0.9855057646420499,5.020218579234973,5.562146050670641,0.1814277937046187,0.14549061095025184,1.2470068860089878,3.186305334171798,3.367733127876417,0.0,0.0,,0.0290652578862185,0.0290652578862185
D12,651,11,right_leg,amp_preserving,primary_amp_preserving,1,10.0,10.0,1145.0,1145.0,0.010602715232048032,0.008691410554131251,1.2199073057259144,0.9963757816941444,0.9857730664620964,0.004540075715137815,0.003160799142323034,1.4363695732342798,0.9975660886867538,0.993026012971616,4.749739664924724,5.125650261850475,0.9266608961357347,11.401504370807077,6.651764705882353,1.00545776747046,0.9902861527575899,1.0153204350789138,4.55892439363538,3.5534666261649197,0.06405014199774031,0.0439154731731151,1.4584868924275096,0.0859437505725715,0.0218936085748312
D13,651,11,right_leg,amp_preserving,primary_amp_preserving,1,10.0,10.0,1145.0,1145.0,0.01215487439631402,0.008691410554131251,1.398492721131036,0.9963757816941444,0.9842209072978304,0.005192650159469014,0.003160799142323034,1.64282826135313,0.9975660886867538,0.9923734385272848,5.2232129964777325,5.125650261850475,1.0190342160785733,11.401504370807077,6.178291374329344,0.975459512276057,0.9902861527575899,0.9850279230500739,4.55892439363538,3.5834648813593226,0.06272024918313131,0.0439154731731151,1.4282038801196026,0.0859437505725715,0.0232235013894402
D23,651,11,right_leg,amp_preserving,primary_amp_preserving,1,10.0,10.0,1145.0,1145.0,0.001552159164265987,0.00219477288846881,0.707207188689512,0.9857730664620964,0.9842209072978304,0.0006525744443311998,0.0017561946960802377,0.3715843384493314,0.993026012971616,0.9923734385272848,0.4734733315530084,0.45183636478597133,1.0478867316872253,6.651764705882353,6.178291374329344,0.029998255194402912,0.02345622088400212,1.2789040205049682,3.5534666261649197,3.5834648813593226,0.001329892814609001,0.0239838763856231,0.05544945250827728,0.0218936085748312,0.0232235013894402
D12,651,11,right_leg,amp_preserving,primary_amp_preserving,2,10.0,10.0,1145.0,1145.0,0.00021240894676466393,0.008691410554131251,0.024438949862252278,0.9876843711400132,0.9878967800867778,0.0010563514307061483,0.003160799142323034,0.33420390956249796,0.9944052895444307,0.9933489381137246,0.07592576786022054,5.125650261850475,0.014812904506053761,6.275854108956602,6.199928341096381,0.03862783559687211,0.9902861527575899,0.03900674112155109,3.5686382408777897,3.5300104052809176,0.015283842794759802,0.0439154731731151,0.348028648911758,0.0420282773994564,0.0267444346046966
D13,651,11,right_leg,amp_preserving,primary_amp_preserving,2,10.0,10.0,1145.0,1145.0,0.001268690953713958,0.008691410554131251,0.14597066216264706,0.9876843711400132,0.9864156801862992,0.00027565632106574256,0.003160799142323034,0.08721095794247417,0.9944052895444307,0.994129633223365,0.028824203180280783,5.125650261850475,0.0056235212524770655,6.275854108956602,6.247029905776321,0.004479014398091952,0.9902861527575899,0.00452294963997983,3.5686382408777897,3.5641592264796977,0.005179100375606899,0.0439154731731151,0.11793338432654132,0.0420282773994564,0.0472073777750633
D23,651,11,right_leg,amp_preserving,primary_amp_preserving,2,10.0,10.0,1145.0,1145.0,0.0014810999004786218,0.00219477288846881,0.6748305978537559,0.9878967800867778,0.9864156801862992,0.0007806951096404058,0.0017561946960802377,0.4445379042442667,0.9933489381137246,0.994129633223365,0.047101564679939756,0.45183636478597133,0.10424474068671104,6.199928341096381,6.247029905776321,0.034148821198780155,0.02345622088400212,1.4558534969318404,3.5300104052809176,3.5641592264796977,0.0204629431703667,0.0239838763856231,0.8531958237840573,0.0267444346046966,0.0472073777750633
D12,651,11,right_leg,trial_zscore,primary_trial_zscore,1,10.0,10.0,1145.0,1145.0,0.003151922672830376,0.005673460811094655,0.5555555555555577,0.9910170203824332,0.9878650977096028,0.0019174196259715837,0.001943685648245208,0.9864864864864656,0.995035721790292,0.9931183021643204,0.10358192996524984,1.5119197702125025,0.0685102027276826,7.076144036009002,6.972562106043752,0.1435525751343949,0.3991733498851566,0.35962464722581156,3.778915843859826,3.635363268725431,0.0,0.0,,0.0290652578862185,0.0290652578862185
D13,651,11,right_leg,trial_zscore,primary_trial_zscore,1,10.0,10.0,1145.0,1145.0,0.003939903341037998,0.008352595083000458,0.47169811320755267,0.9910170203824332,0.9870771170413952,0.0018123555368774191,0.0030468585837362117,0.5948275862068456,0.995035721790292,0.9932233662534146,0.6012991014810902,1.5119197702125025,0.3977056939976232,7.076144036009002,6.474844934527912,0.10494256272776203,0.3991733498851566,0.2628997220329321,3.778915843859826,3.673973281132064,0.0,0.0,,0.0290652578862185,0.0290652578862185
D23,651,11,right_leg,trial_zscore,primary_trial_zscore,1,10.0,10.0,1145.0,1145.0,0.0007879806682076218,0.008352595083000458,0.0943396226415132,0.9878650977096028,0.9870771170413952,0.00010506408909416454,0.0030468585837362117,0.034482758620628086,0.9931183021643204,0.9932233662534146,0.4977171715158404,1.1562608637314522,0.43045404988422914,6.972562106043752,6.474844934527912,0.038610012406632865,0.3977392998126872,0.09707366716041389,3.635363268725431,3.673973281132064,0.0,0.0,,0.0290652578862185,0.0290652578862185
D12,651,11,right_leg,trial_zscore,primary_trial_zscore,2,10.0,10.0,1145.0,1145.0,0.0015759613364150216,0.005673460811094655,0.27777777777774953,0.9853435595713386,0.9869195209077536,0.0011557049800375863,0.001943685648245208,0.5945945945945406,0.9930920361420468,0.9942477411220844,0.7698957611758539,1.5119197702125025,0.509217338343055,5.5642242657965,6.334120026972354,0.18896333951201694,0.3991733498851566,0.4733866616255375,3.3797424939746694,3.5687058334866864,0.0,0.0,,0.0290652578862185,0.0290652578862185
D13,651,11,right_leg,trial_zscore,primary_trial_zscore,2,10.0,10.0,1145.0,1145.0,0.006619037612943801,0.008352595083000458,0.7924528301886843,0.9853435595713386,0.9787245219583948,0.0029155284723684227,0.0030468585837362117,0.9568965517241875,0.9930920361420468,0.9901765076696784,0.24564019500003997,1.5119197702125025,0.16246906736692443,5.5642242657965,5.31858407079646,0.1035085126552926,0.3991733498851566,0.25930717239783746,3.3797424939746694,3.276233981319377,0.0,0.0,,0.0290652578862185,0.0290652578862185
D23,651,11,right_leg,trial_zscore,primary_trial_zscore,2,10.0,10.0,1145.0,1145.0,0.008194998949358823,0.008352595083000458,0.981132075471684,0.9869195209077536,0.9787245219583948,0.004071233452406009,0.0030468585837362117,1.3362068965516796,0.9942477411220844,0.9901765076696784,1.0155359561758939,1.1562608637314522,0.8782931153603046,6.334120026972354,5.31858407079646,0.29247185216730953,0.3977392998126872,0.7353355635338206,3.5687058334866864,3.276233981319377,0.0,0.0,,0.0290652578862185,0.0290652578862185
D12,651,11,trunk_spine,amp_preserving,primary_amp_preserving,1,10.0,10.0,1145.0,1145.0,0.018906092329737945,0.012075908014855807,1.5656042018935248,0.9937476005045796,0.9748415081748416,0.007880217920620769,0.004951013993413134,1.5916371739414734,0.9972028739099436,0.9893226559893228,3.088514984782538,2.083359276579185,1.4824687318712446,7.487190082644628,4.39867509786209,1.0045273085603754,0.6453645030182646,1.5565270538778704,3.891472517495261,2.8869452089348857,0.004959232906831097,0.0142333648883868,0.3484230851748489,0.0278391913763092,0.0228799584694781
D13,651,11,trunk_spine,amp_preserving,primary_amp_preserving,1,10.0,10.0,1145.0,1145.0,0.005062055803206955,0.01084068705874397,0.46694972152378117,0.9937476005045796,0.9886855447013726,0.0025200496240527226,0.004951013993413134,0.5089966676332193,0.9972028739099436,0.9946828242858908,1.329700671785945,2.083359276579185,0.6382483745046964,7.487190082644628,6.157489410858683,0.3188068969094502,0.6210396620194141,0.5133438593483649,3.891472517495261,3.572665620585811,0.0031437994320089972,0.0142333648883868,0.22087534863762728,0.0278391913763092,0.0246953919443002
D23,651,11,trunk_spine,amp_preserving,primary_amp_preserving,1,10.0,10.0,1145.0,1145.0,0.01384403652653099,0.012075908014855807,1.1464178519329584,0.9748415081748416,0.9886855447013726,0.005360168296568046,0.0036454552126395923,1.4703700865623497,0.9893226559893228,0.9946828242858908,1.7588143129965932,1.7096244972796102,1.0287722922754412,4.39867509786209,6.157489410858683,0.6857204116509252,0.6453645030182646,1.062531962083323,2.8869452089348857,3.572665620585811,0.0018154334748221,0.010790301401655097,0.16824678081222413,0.0228799584694781,0.0246953919443002
D12,651,11,trunk_spine,amp_preserving,primary_amp_preserving,2,10.0,10.0,1145.0,1145.0,0.004010502743861832,0.012075908014855807,0.3321077585990307,0.9829069134458356,0.9869174161896974,0.0007162512854319569,0.004951013993413134,0.14466759463513193,0.9922518599165304,0.9929681112019624,0.7044687890762571,2.083359276579185,0.3381408079709488,5.403830806065443,6.1082995951417,0.2618768564773033,0.6453645030182646,0.40578131467186046,3.270432855475847,3.5323097119531504,0.023399089992976498,0.0142333648883868,1.6439605234928067,0.042072556264696,0.0186734662717195
D13,651,11,trunk_spine,amp_preserving,primary_amp_preserving,2,10.0,10.0,1145.0,1145.0,0.010036591566857656,0.01084068705874397,0.9258261503603002,0.9829069134458356,0.9929435050126932,0.004026269251749759,0.004951013993413134,0.8132211415896496,0.9922518599165304,0.9962781291682802,1.9760860471484998,2.083359276579185,0.9485094910721185,5.403830806065443,7.379916853213943,0.5729416312022746,0.6210396620194141,0.922552400822935,3.270432855475847,3.8433744866781216,0.0065868629187407005,0.0142333648883868,0.4627762282771949,0.042072556264696,0.0354856933459553
D23,651,11,trunk_spine,amp_preserving,primary_amp_preserving,2,10.0,10.0,1145.0,1145.0,0.006026088822995823,0.012075908014855807,0.49901744991618985,0.9869174161896974,0.9929435050126932,0.003310017966317802,0.0036454552126395923,0.9079848121137915,0.9929681112019624,0.9962781291682802,1.2716172580722427,1.7096244972796102,0.7437991559524716,6.1082995951417,7.379916853213943,0.3110647747249713,0.6453645030182646,0.4819985810656955,3.5323097119531504,3.8433744866781216,0.016812227074235797,0.010790301401655097,1.558086882694214,0.0186734662717195,0.0354856933459553
D12,651,11,trunk_spine,trial_zscore,primary_trial_zscore,1,10.0,10.0,1145.0,1145.0,0.01702038243328441,0.020960285774322407,0.8120300751879722,0.9950619878125656,0.9780416053792812,0.00588358898928365,0.00790607270434962,0.7441860465116547,0.9968743433494432,0.9909907543601596,2.885574883750933,2.7240782279059985,1.0592848818328822,7.58590308370044,4.7003281999495075,0.8855666592137754,0.8257759505961957,1.0724054855005307,3.911121963880445,3.0255553046666694,0.0,0.0,,0.0290652578862185,0.0290652578862185
D13,651,11,trunk_spine,trial_zscore,primary_trial_zscore,1,10.0,10.0,1145.0,1145.0,0.005410800588358855,0.020960285774322407,0.25814536340851835,0.9950619878125656,0.9896511872242068,0.0023114099600756166,0.00790607270434962,0.29235880398670844,0.9968743433494432,0.9945629333893676,1.0672179625931744,2.7240782279059985,0.3917721420994381,7.58590308370044,6.518685121107266,0.2568011058769031,0.8257759505961957,0.31098157519784536,3.911121963880445,3.654320858003542,0.0,0.0,,0.0290652578862185,0.0290652578862185
D23,651,11,trunk_spine,trial_zscore,primary_trial_zscore,1,10.0,10.0,1145.0,1145.0,0.011609581844925554,0.012345030468586038,0.9404255319148904,0.9780416053792812,0.9896511872242068,0.0035721790292080335,0.005332002521538204,0.6699507389162885,0.9909907543601596,0.9945629333893676,1.8183569211577586,2.170298622207927,0.8378372001673555,4.7003281999495075,6.518685121107266,0.6287655533368723,0.6913624519471995,0.9094586371677764,3.0255553046666694,3.654320858003542,0.0,0.0,,0.0290652578862185,0.0290652578862185
D12,651,11,trunk_spine,trial_zscore,primary_trial_zscore,2,10.0,10.0,1145.0,1145.0,0.016284933809624036,0.020960285774322407,0.7769423558897296,0.9741017020382432,0.9903866358478672,0.007354486236604174,0.00790607270434962,0.9302325581395192,0.9889682706450936,0.9963227568816978,2.0088019663629924,2.7240782279059985,0.7374244784105045,4.861824855794442,6.870626822157434,0.6315717433296197,0.8257759505961957,0.7648221565106565,3.085346013284249,3.716917756613869,0.0,0.0,,0.0290652578862185,0.0290652578862185
D13,651,11,trunk_spine,trial_zscore,primary_trial_zscore,2,10.0,10.0,1145.0,1145.0,0.01833368354696363,0.020960285774322407,0.8746867167919762,0.9741017020382432,0.9924353855852068,0.006408909434755139,0.00790607270434962,0.8106312292358759,0.9889682706450936,0.9953771800798488,1.9289731312652272,2.7240782279059985,0.7081195802324777,4.861824855794442,6.790797987059669,0.6451678027625074,0.8257759505961957,0.7812867428467826,3.085346013284249,3.7305138160467566,0.0,0.0,,0.0290652578862185,0.0290652578862185
D23,651,11,trunk_spine,trial_zscore,primary_trial_zscore,2,10.0,10.0,1145.0,1145.0,0.0020487497373395946,0.012345030468586038,0.16595744680849314,0.9903866358478672,0.9924353855852068,0.0009455768018490351,0.005332002521538204,0.17733990147781292,0.9963227568816978,0.9953771800798488,0.07982883509776517,2.170298622207927,0.03678241983886636,6.870626822157434,6.790797987059669,0.013596059432887664,0.6913624519471995,0.019665602889764714,3.716917756613869,3.7305138160467566,0.0,0.0,,0.0290652578862185,0.0290652578862185
D12,651,13,left_arm,amp_preserving,primary_amp_preserving,1,12.0,14.0,1385.0,1625.0,0.006050611642479997,0.032027217000373254,0.1889209306699824,0.985290404040404,0.979239792397924,0.0012991110024735963,0.01428622566247606,0.09093451504730306,0.9917140151515152,0.9904149041490417,2.3862128877224915,3.2121400236565547,0.7428732465423892,7.508780370459466,5.122567482736974,0.6062766004850433,0.9753710431165721,0.6215856055638344,3.840679719555126,3.2344031190700826,0.007792560430016197,0.011203701013570499,0.6955344863788713,0.0330544020366853,0.0252618416066691
D13,651,13,left_arm,amp_preserving,primary_amp_preserving,1,12.0,12.0,1385.0,1385.0,0.007255721959479211,0.022748783618650403,0.3189498867768326,0.985290404040404,0.9780346820809248,0.002099993148904855,0.008258132798574014,0.25429394272606937,0.9917140151515152,0.9896140220026104,2.10581374499593,3.2121400236565547,0.6555796850346416,7.508780370459466,5.402966625463535,0.47615415193198807,0.9753710431165721,0.48817745338281504,3.840679719555126,3.364525567623138,0.005076062686504797,0.011203701013570499,0.4530701667561825,0.0330544020366853,0.0279783393501805
D23,651,13,left_arm,amp_preserving,primary_amp_preserving,1,14.0,12.0,1625.0,1385.0,0.001205110316999214,0.032027217000373254,0.03762769387627933,0.979239792397924,0.9780346820809248,0.0008008821464312588,0.01428622566247606,0.05605974351468081,0.9904149041490417,0.9896140220026104,0.2803991427265613,1.8550901900055505,0.15115121854303068,5.122567482736974,5.402966625463535,0.13012244855305521,0.5405451127434415,0.2407244936368801,3.2344031190700826,3.364525567623138,0.0027164977435114,0.004530503978779802,0.5996016682106596,0.0252618416066691,0.0279783393501805
D12,651,13,left_arm,amp_preserving,primary_amp_preserving,2,14.0,14.0,1625.0,1625.0,0.015329045024202848,0.032027217000373254,0.4786255709955754,0.9625416204217536,0.9472125753975508,0.007327203866375642,0.01428622566247606,0.5128859111907452,0.9834558823529412,0.9761286784865656,0.1850884585134791,3.2121400236565547,0.05762154113779348,4.296640346802911,4.111551888289432,0.07900928792794826,0.9753710431165721,0.08100434033338984,2.865308676438554,2.7862993885106055,0.0011193633952254999,0.011203701013570499,0.09991014521627,0.0218507010231148,0.0207313376278893
D13,651,13,left_arm,amp_preserving,primary_amp_preserving,2,14.0,12.0,1625.0,1385.0,0.024344902559290227,0.022748783618650403,1.0701628257315374,0.9625416204217536,0.9868865229810438,0.009532951716131777,0.008258132798574014,1.154371326866758,0.9834558823529412,0.992988834069073,2.961416468666175,3.2121400236565547,0.9219450107579783,4.296640346802911,7.258056815469086,1.0397620039280255,0.9753710431165721,1.066016887897048,2.865308676438554,3.9050706803665793,0.010293870250439503,0.011203701013570499,0.9187919454447274,0.0218507010231148,0.0321445712735543
D23,651,13,left_arm,amp_preserving,primary_amp_preserving,2,14.0,12.0,1625.0,1385.0,0.039673947583493074,0.032027217000373254,1.2387572602087376,0.9472125753975508,0.9868865229810438,0.01686015558250742,0.01428622566247606,1.1801686450181168,0.9761286784865656,0.992988834069073,3.146504927179654,1.8550901900055505,1.6961466046943192,4.111551888289432,7.258056815469086,1.1187712918559738,0.5405451127434415,2.0697093831407467,2.7862993885106055,3.9050706803665793,0.011413233645665002,0.004530503978779802,2.5191973562153063,0.0207313376278893,0.0321445712735543
D12,651,13,left_arm,trial_zscore,primary_trial_zscore,1,12.0,14.0,1385.0,1625.0,0.0018459832286982225,0.021465657531062,0.08599705021972806,0.9835058907533024,0.9816599075246042,0.0006211000121335575,0.009325032934673128,0.06660566418206748,0.991306676187076,0.9919277761992096,1.9780134335524897,2.75841058308586,0.7170844854211904,7.36774538646697,5.38973195291448,0.49414869851613474,0.8153368082944104,0.6060669572245073,3.820219952900228,3.326071254384093,0.0001139605011306992,0.0001139605011306992,1.0,0.0292251831138749,0.0293391436150056
D13,651,13,left_arm,trial_zscore,primary_trial_zscore,1,12.0,12.0,1385.0,1385.0,0.004962513388075629,0.01158431402197202,0.428382153545148,0.9835058907533024,0.9785433773652268,0.0005890753302392193,0.003989754222878061,0.14764702218029915,0.991306676187076,0.9907176008568368,1.9077852271044202,2.75841058308586,0.6916248214833061,7.36774538646697,5.4599601593625495,0.4341020134545084,0.8153368082944104,0.5324204783083438,3.820219952900228,3.3861179394457195,0.0,0.0001139605011306992,0.0,0.0292251831138749,0.0292251831138749
D23,651,13,left_arm,trial_zscore,primary_trial_zscore,1,14.0,12.0,1625.0,1385.0,0.0031165301593774064,0.021465657531062,0.1451868015162179,0.9816599075246042,0.9785433773652268,0.0012101753423727768,0.009325032934673128,0.12977705825284544,0.9919277761992096,0.9907176008568368,0.07022820644806949,1.562426001919567,0.04494818081738811,5.38973195291448,5.4599601593625495,0.06004668506162636,0.4584806498998244,0.13096885348323042,3.326071254384093,3.3861179394457195,0.0001139605011306992,0.0,,0.0293391436150056,0.0292251831138749
D12,651,13,left_arm,trial_zscore,primary_trial_zscore,2,14.0,14.0,1625.0,1625.0,0.011727326737788202,0.021465657531062,0.5463297232250216,0.9719215767313304,0.9601942499935422,0.004714178699661509,0.009325032934673128,0.5055401662049739,0.987316921964198,0.9826027432645364,0.13185949622620718,2.75841058308586,0.04780270820984696,4.60933480338111,4.4774753071549025,0.040757544748339924,0.8153368082944104,0.0499885989859822,3.0048831446058175,2.9641255998574776,0.0,0.0001139605011306992,0.0,0.0293391436150056,0.0293391436150056
D13,651,13,left_arm,trial_zscore,primary_trial_zscore,2,14.0,12.0,1625.0,1385.0,0.013619301526434646,0.01158431402197202,1.1756675018134743,0.9719215767313304,0.985540878257765,0.004650232623449213,0.003989754222878061,1.1655436309294027,0.987316921964198,0.9919671545876472,2.413051357901007,2.75841058308586,0.8747977450120944,4.60933480338111,7.022386161282117,0.8397154447397264,0.8153368082944104,1.0299000807976686,3.0048831446058175,3.844598589345544,0.0001139605011306992,0.0001139605011306992,1.0,0.0293391436150056,0.0292251831138749
D23,651,13,left_arm,trial_zscore,primary_trial_zscore,2,14.0,12.0,1625.0,1385.0,0.025346628264222848,0.021465657531062,1.1807990613632435,0.9601942499935422,0.985540878257765,0.009364411323110722,0.009325032934673128,1.0042228685639463,0.9826027432645364,0.9919671545876472,2.544910854127214,1.562426001919567,1.6288200855596264,4.4774753071549025,7.022386161282117,0.8804729894880663,0.4584806498998244,1.9204147212765577,2.9641255998574776,3.844598589345544,0.0001139605011306992,0.0,,0.0293391436150056,0.0292251831138749
D12,651,13,left_leg,amp_preserving,primary_amp_preserving,1,12.0,14.0,1385.0,1625.0,0.029467500577397776,0.029001865436977248,1.0160553513853232,0.9966161560822178,0.96714865550482,0.013154618140125973,0.013017415845486324,1.010539902563474,0.998111492823028,0.984956874682902,6.489055537738353,7.173016873265653,0.9046480236124255,11.190041974236504,4.700986436498151,1.509119320030492,1.5152065020725205,0.9959826056489974,4.556719405689501,3.047600085659009,0.1320050164822632,0.1126044859782844,1.1722891440374779,0.1618799691158365,0.0298749526335733
D13,651,13,left_leg,amp_preserving,primary_amp_preserving,1,12.0,12.0,1385.0,1385.0,0.005669616071765526,0.011365690833598174,0.4988360280754379,0.9966161560822178,0.9909465400104522,0.002953326263957612,0.00457883313893559,0.6449953895118684,0.998111492823028,0.9951581665590704,3.0438453606403453,4.248878251189587,0.7163879924749879,11.190041974236504,8.146196613596159,0.506838471729151,0.8280484564821022,0.6120879373200135,4.556719405689501,4.04988093396035,0.0939994991757268,0.1126044859782844,0.8347757938689445,0.1618799691158365,0.0678804699401097
D23,651,13,left_leg,amp_preserving,primary_amp_preserving,1,14.0,12.0,1625.0,1385.0,0.02379788450563225,0.029001865436977248,0.8205639239774575,0.96714865550482,0.9909465400104522,0.010201291876168361,0.013017415845486324,0.7836648991823958,0.984956874682902,0.9951581665590704,3.4452101770980077,7.173016873265653,0.48030141821338135,4.700986436498151,8.146196613596159,1.002280848301341,1.5152065020725205,0.6614813538157389,3.047600085659009,4.04988093396035,0.038005517306536396,0.0902182644941265,0.42126189768381855,0.0298749526335733,0.0678804699401097
D12,651,13,left_leg,amp_preserving,primary_amp_preserving,2,14.0,14.0,1625.0,1625.0,0.010900055693177646,0.029001865436977248,0.3758398133686988,0.9852504652486196,0.9961505209417972,0.004441630844295941,0.013017415845486324,0.34120680302581236,0.9935326596840924,0.9979742905283884,4.932839586716887,7.173016873265653,0.6876938495853723,6.941163723046917,11.874003309763804,0.8341356385241308,1.5152065020725205,0.5505095426816005,3.7286709492073986,4.562806587731529,0.07081773399014771,0.1126044859782844,0.6289068625898687,0.0492754831375521,0.1200932171276998
D13,651,13,left_leg,amp_preserving,primary_amp_preserving,2,14.0,12.0,1625.0,1385.0,0.008948177775498056,0.011365690833598174,0.7872973061211822,0.9852504652486196,0.9941986430241176,0.0033314716802955724,0.00457883313893559,0.7275809314750477,0.9935326596840924,0.996864131364388,2.4780125092285727,4.248878251189587,0.5832157013524186,6.941163723046917,9.41917623227549,0.5301498691454989,0.8280484564821022,0.6402401514010403,3.7286709492073986,4.2588208183528975,0.02392415793838531,0.1126044859782844,0.2124618546991018,0.0492754831375521,0.0731996410759374
D23,651,13,left_leg,amp_preserving,primary_amp_preserving,2,14.0,12.0,1625.0,1385.0,0.0019518779176795897,0.029001865436977248,0.06730180587594045,0.9961505209417972,0.9941986430241176,0.0011101591640003683,0.013017415845486324,0.08528260732988002,0.9979742905283884,0.996864131364388,2.4548270774883143,7.173016873265653,0.34223076856791323,11.874003309763804,9.41917623227549,0.30398576937863186,1.5152065020725205,0.20062332689493867,4.562806587731529,4.2588208183528975,0.04689357605176239,0.0902182644941265,0.5197791856749285,0.1200932171276998,0.0731996410759374
D12,651,13,left_leg,trial_zscore,primary_trial_zscore,1,12.0,14.0,1385.0,1625.0,0.00570364232478815,0.016531914344018794,0.3450079770617559,0.9720456979650124,0.9663420556402242,0.002054731570206303,0.006199467879007159,0.3314367636558135,0.9867368796858264,0.98468214811562,0.27272000621063697,1.3853330017024899,0.19686241927065962,4.953065308350009,4.680345302139372,0.16346112659059564,0.5370785763776178,0.3043523495073592,3.2016712439622643,3.0382101173716687,0.0001139605011306992,0.0001139605011306992,1.0,0.0292251831138749,0.0293391436150056
D13,651,13,left_leg,trial_zscore,primary_trial_zscore,1,12.0,12.0,1385.0,1385.0,0.01024634059264562,0.006101177761487775,1.6794037140375082,0.9720456979650124,0.982292038557658,0.004908961085326902,0.0027627715941054287,1.7768248000669047,0.9867368796858264,0.9916458407711533,0.9562989528183756,1.1440065253484688,0.8359208899853812,4.953065308350009,5.909364261168385,0.3089430239578137,0.29818349407606837,1.0360835864341993,3.2016712439622643,3.510614267920078,0.0,0.0001139605011306992,0.0,0.0292251831138749,0.0292251831138749
D23,651,13,left_leg,trial_zscore,primary_trial_zscore,1,14.0,12.0,1625.0,1385.0,0.01594998291743377,0.016531914344018794,0.9647995135665842,0.9663420556402242,0.982292038557658,0.006963692655533205,0.006199467879007159,1.1232726407235512,0.98468214811562,0.9916458407711533,1.2290189590290126,1.3853330017024899,0.8871650047451575,4.680345302139372,5.909364261168385,0.47240415054840934,0.5370785763776178,0.8795810730984434,3.0382101173716687,3.510614267920078,0.0001139605011306992,0.0,,0.0293391436150056,0.0292251831138749
D12,651,13,left_leg,trial_zscore,primary_trial_zscore,2,14.0,14.0,1625.0,1625.0,0.00472709425774287,0.016531914344018794,0.28593749999999973,0.9781468757265002,0.982873969984243,0.0013819647146954273,0.006199467879007159,0.2229166666666798,0.9894996512799318,0.9908816159946272,0.051224682494974694,1.3853330017024899,0.036976439911575544,6.014453621346887,6.065678303841862,0.07992757280639662,0.5370785763776178,0.14881914178270977,3.49536112094289,3.5752886937492865,0.0,0.0001139605011306992,0.0,0.0293391436150056,0.0293391436150056
D13,651,13,left_leg,trial_zscore,primary_trial_zscore,2,14.0,12.0,1625.0,1385.0,0.007965227093921001,0.006101177761487775,1.3055228687483247,0.9781468757265002,0.9861121028204212,0.0026460109835454437,0.0027627715941054287,0.9577378706190905,0.9894996512799318,0.9921456622634772,1.0389171651699662,1.1440065253484688,0.9081391951444578,6.014453621346887,7.053370786516854,0.3134366410532565,0.29818349407606837,1.0511535590675485,3.49536112094289,3.8087977619961464,0.0001139605011306992,0.0001139605011306992,1.0,0.0293391436150056,0.0292251831138749
D23,651,13,left_leg,trial_zscore,primary_trial_zscore,2,14.0,12.0,1625.0,1385.0,0.0032381328361781314,0.016531914344018794,0.1958716195108814,0.982873969984243,0.9861121028204212,0.0012640462688500165,0.006199467879007159,0.20389593002495768,0.9908816159946272,0.9921456622634772,0.9876924826749915,1.3853330017024899,0.7129639454637821,6.065678303841862,7.053370786516854,0.2335090682468599,0.5370785763776178,0.4347763595818438,3.5752886937492865,3.8087977619961464,0.0001139605011306992,0.0,,0.0293391436150056,0.0292251831138749
D12,651,13,right_arm,amp_preserving,primary_amp_preserving,1,12.0,14.0,1385.0,1625.0,0.018797889825705183,0.01483708200038203,1.266953288067099,0.9857976574297024,0.9669997676039972,0.008090439138533245,0.0071223873765812185,1.135916752455087,0.9925315267518264,0.9844410876132932,0.7778335083518684,1.3113413031156398,0.5931587043768083,6.157277593678307,5.379444085326439,0.2510003000227323,0.4327336850134569,0.5800341150121624,3.5584546055046338,3.3074543054819014,0.0070448016712235,0.002607048124289503,2.70221389685448,0.0255660357672001,0.0326108374384236
D13,651,13,right_arm,amp_preserving,primary_amp_preserving,1,12.0,12.0,1385.0,1385.0,0.010868115512401189,0.014383579310763617,0.7555918646945053,0.9857976574297024,0.9749295419173012,0.004877465421746052,0.005884553935307624,0.8288589883561116,0.9925315267518264,0.9876540613300804,1.037551505761364,1.3113413031156398,0.7912139298108177,6.157277593678307,5.119726087916943,0.31636662262135395,0.4327336850134569,0.7310885044955902,3.5584546055046338,3.24208798288328,0.0007616702489514002,0.003002858871893402,0.25364836692146703,0.0255660357672001,0.0248043655182487
D23,651,13,right_arm,amp_preserving,primary_amp_preserving,1,14.0,12.0,1625.0,1385.0,0.007929774313303994,0.01483708200038203,0.5344564593698287,0.9669997676039972,0.9749295419173012,0.003212973716787193,0.0071223873765812185,0.45110909403097316,0.9844410876132932,0.9876540613300804,0.25971799740949564,0.7737399112866763,0.3356657626431632,5.379444085326439,5.119726087916943,0.06536632259862163,0.29903035158536273,0.21859427396607206,3.3074543054819014,3.24208798288328,0.0078064719201749,0.003002858871893402,2.599679922770617,0.0326108374384236,0.0248043655182487
D12,651,13,right_arm,amp_preserving,primary_amp_preserving,2,14.0,14.0,1625.0,1625.0,0.019251392515323595,0.01483708200038203,1.2975187786134703,0.9714140781189388,0.9521626856036152,0.00932827257980684,0.0071223873765812185,1.3097114895040232,0.9866469728165188,0.977318700236712,0.24023211652290488,1.3113413031156398,0.18319572177901589,4.845936290562667,4.605704174039762,0.11729696659463817,0.4327336850134569,0.2710604019444212,3.125720920491177,3.0084239538965387,0.009819628647214904,0.002607048124289503,3.7665697674418803,0.0253982569154982,0.0352178855627131
D13,651,13,right_arm,amp_preserving,primary_amp_preserving,2,14.0,12.0,1625.0,1385.0,0.004433477015790777,0.014383579310763617,0.3082318329814532,0.9714140781189388,0.966980601103148,0.0018246396958103706,0.005884553935307624,0.310072728684232,0.9866469728165188,0.9848223331207084,0.3425074380461508,1.3113413031156398,0.2611886297124792,4.845936290562667,5.188443728608818,0.1376969915683306,0.4327336850134569,0.3182026182316927,3.125720920491177,3.2634179120595075,0.002408967474643902,0.003002858871893402,0.8022246723586341,0.0253982569154982,0.0278072243901421
D23,651,13,right_arm,amp_preserving,primary_amp_preserving,2,14.0,12.0,1625.0,1385.0,0.014817915499532819,0.01483708200038203,0.9987082028091024,0.9521626856036152,0.966980601103148,0.0075036328839964694,0.0071223873765812185,1.0535277691675133,0.977318700236712,0.9848223331207084,0.5827395545690557,0.7737399112866763,0.7531465626479056,4.605704174039762,5.188443728608818,0.25499395816296877,0.29903035158536273,0.852736041044238,3.0084239538965387,3.2634179120595075,0.007410661172571002,0.003002858871893402,2.4678686174479902,0.0352178855627131,0.0278072243901421
D12,651,13,right_arm,trial_zscore,primary_trial_zscore,1,12.0,14.0,1385.0,1625.0,0.02331541997839759,0.02100069744013644,1.1102212221693772,0.98800428418422,0.9646888642058224,0.010826284194493385,0.008730917262935067,1.2399939053888045,0.9933773652267048,0.9825510810322114,1.1482321461650962,1.3898894979232104,0.8261319679591784,6.4015729817256535,5.253340835560557,0.3819328399025981,0.44209752948437586,0.8639108215511888,3.636374111008001,3.254441271105403,0.0001139605011306992,0.0001139605011306992,1.0,0.0292251831138749,0.0293391436150056
D13,651,13,right_arm,trial_zscore,primary_trial_zscore,1,12.0,12.0,1385.0,1385.0,0.011138878971795885,0.012931311281060842,0.8613882018376475,0.98800428418422,0.9768654052124242,0.004194930382006468,0.00483346524478645,0.8678929442042168,0.9933773652267048,0.9891824348446984,1.09885980343108,1.3898894979232104,0.7906094729638647,6.4015729817256535,5.302713178294574,0.32123007621781285,0.44209752948437586,0.7266045494361113,3.636374111008001,3.315144034790188,0.0,0.0001139605011306992,0.0,0.0292251831138749,0.0292251831138749
D23,651,13,right_arm,trial_zscore,primary_trial_zscore,1,14.0,12.0,1625.0,1385.0,0.012176541006601704,0.02100069744013644,0.5798160295062369,0.9646888642058224,0.9768654052124242,0.006631353812486918,0.008730917262935067,0.7595254442094735,0.9825510810322114,0.9891824348446984,0.04937234273401625,0.8549541271569936,0.05774852844818199,5.253340835560557,5.302713178294574,0.06070276368478522,0.33321804520646214,0.18217129761737166,3.254441271105403,3.315144034790188,0.0001139605011306992,0.0,,0.0293391436150056,0.0292251831138749
D12,651,13,right_arm,trial_zscore,primary_trial_zscore,2,14.0,14.0,1625.0,1625.0,0.03138480613747319,0.02100069744013644,1.4944649446494422,0.9750729729031592,0.943688166765686,0.014723736212642002,0.008730917262935067,1.6863905325443815,0.9885438999819184,0.9738201637692764,0.6132967753988794,1.3898894979232104,0.44125578063239906,5.011683483802443,4.398386708403564,0.27305335562468436,0.44209752948437586,0.6176314894660236,3.194276581523625,2.921223225898941,0.0,0.0001139605011306992,0.0,0.0293391436150056,0.0293391436150056
D13,651,13,right_arm,trial_zscore,primary_trial_zscore,2,14.0,12.0,1625.0,1385.0,0.006633129989913944,0.012931311281060842,0.5129510724584293,0.9750729729031592,0.9684398429132453,0.002788812513157213,0.00483346524478645,0.5769799454263846,0.9885438999819184,0.9857550874687612,0.26677536033065685,1.3898894979232104,0.19193997848697741,5.011683483802443,5.2784588441331,0.10359928987009148,0.44209752948437586,0.23433582628457728,3.194276581523625,3.2978758713937166,0.0001139605011306992,0.0001139605011306992,1.0,0.0293391436150056,0.0292251831138749
D23,651,13,right_arm,trial_zscore,primary_trial_zscore,2,14.0,12.0,1625.0,1385.0,0.024751676147559243,0.02100069744013644,1.1786121017225812,0.943688166765686,0.9684398429132453,0.01193492369948479,0.008730917262935067,1.366972488692744,0.9738201637692764,0.9857550874687612,0.8800721357295362,0.8549541271569936,1.029379364078946,4.398386708403564,5.2784588441331,0.37665264549477584,0.33321804520646214,1.1303488839009352,2.921223225898941,3.2978758713937166,0.0001139605011306992,0.0,,0.0293391436150056,0.0292251831138749
D12,651,13,right_leg,amp_preserving,primary_amp_preserving,1,12.0,14.0,1385.0,1625.0,0.017607644786699184,0.01749356501374799,1.0065212421174037,0.9939560252644948,0.9763483804777956,0.007320791361572598,0.007359085771024176,0.9947963088564127,0.9966491659768446,0.989328374615272,7.062256789187878,5.041200675883643,1.4009076891091974,12.865697930427125,5.803441141239246,1.2554326873971884,1.005490895268649,1.2485768825005217,4.737394111418718,3.4819614240215295,0.0506457116854387,0.072225085259568,0.7012205178218107,0.092012896225037,0.0413671845395983
D13,651,13,right_leg,amp_preserving,primary_amp_preserving,1,12.0,12.0,1385.0,1385.0,0.006654893486832569,0.007366726145939029,0.9033719124337392,0.9939560252644948,0.9873011317776622,0.0030972494880457946,0.003506375895077407,0.8833192962551494,0.9966491659768446,0.9935519164887988,5.898858289875296,4.358311414176789,1.3534733361841444,12.865697930427125,6.966839640551829,0.8998266088143354,0.5784086285618963,1.555693612406136,4.737394111418718,3.8375675026043825,0.0338411134993009,0.051603681058408596,0.6557887500505477,0.092012896225037,0.0581717827257361
D23,651,13,right_leg,amp_preserving,primary_amp_preserving,1,14.0,12.0,1625.0,1385.0,0.010952751299866614,0.01749356501374799,0.6261017289076853,0.9763483804777956,0.9873011317776622,0.004223541873526804,0.007359085771024176,0.5739220882785018,0.989328374615272,0.9935519164887988,1.1633984993125823,5.041200675883643,0.23077805747311514,5.803441141239246,6.966839640551829,0.355606078582853,1.005490895268649,0.35366414579799993,3.4819614240215295,3.8375675026043825,0.016804598186137804,0.072225085259568,0.23266982829780208,0.0413671845395983,0.0581717827257361
D12,651,13,right_leg,amp_preserving,primary_amp_preserving,2,14.0,14.0,1625.0,1625.0,0.002573793263201174,0.01749356501374799,0.1471280017068253,0.9912681522283424,0.9938419454915436,0.0015280546109666115,0.007359085771024176,0.20764190804558996,0.9951594057753296,0.9966874603862962,2.3372553008725543,5.041200675883643,0.46363068069351754,8.507386516250335,10.84464181712289,0.32846683643335695,1.005490895268649,0.3266731086069124,4.158985482856822,4.4874523192901785,0.0409465706707086,0.072225085259568,0.5669300427067923,0.0726456991284577,0.1135922697991663
D13,651,13,right_leg,amp_preserving,primary_amp_preserving,2,14.0,12.0,1625.0,1385.0,0.0033997056952588256,0.007366726145939029,0.46149478450925485,0.9912681522283424,0.9946678579236012,0.001898886608546646,0.003506375895077407,0.5415524933343537,0.9951594057753296,0.9970582923838762,1.7938242328391425,4.358311414176789,0.4115869799950872,8.507386516250335,10.301210749089478,0.23702143710063606,0.5784086285618963,0.4097819869837437,4.158985482856822,4.396006919957458,0.037129764655687,0.051603681058408596,0.7195177532715347,0.0726456991284577,0.1097754637841447
D23,651,13,right_leg,amp_preserving,primary_amp_preserving,2,14.0,12.0,1625.0,1385.0,0.0008259124320576516,0.01749356501374799,0.047212356738525085,0.9938419454915436,0.9946678579236012,0.0003708319975800345,0.007359085771024176,0.05039104164815641,0.9966874603862962,0.9970582923838762,0.5434310680334118,5.041200675883643,0.10779794397654223,10.84464181712289,10.301210749089478,0.09144539933272089,1.005490895268649,0.09094602423852713,4.4874523192901785,4.396006919957458,0.003816806015021601,0.072225085259568,0.0528459883613079,0.1135922697991663,0.1097754637841447
D12,651,13,right_leg,trial_zscore,primary_trial_zscore,1,12.0,14.0,1385.0,1625.0,0.013781639163321535,0.011598171156975812,1.18825968135782,0.982577650838986,0.9687960116756644,0.005050090186192735,0.0046883475834991195,1.077157803735966,0.9906104962513388,0.985560406065146,1.8621228645572065,1.1495706454673007,1.6198420444184647,7.131899455817569,5.269776591260363,0.5404884030829056,0.28773872563356173,1.8783999334563788,3.856188390929259,3.3156999878463536,0.0001139605011306992,0.0001139605011306992,1.0,0.0292251831138749,0.0293391436150056
D13,651,13,right_leg,trial_zscore,primary_trial_zscore,1,12.0,12.0,1385.0,1385.0,0.0031060335594429445,0.007890039271688631,0.3936651583710291,0.982577650838986,0.979471617279543,0.0007675830060691613,0.0036237058193500093,0.21182266009850767,0.9906104962513388,0.9898429132452696,1.5534122659029697,1.1495706454673007,1.3512977841144398,7.131899455817569,5.5784871899146,0.42256152367020583,0.28773872563356173,1.468559794097171,3.856188390929259,3.4336268672590533,0.0,0.0001139605011306992,0.0,0.0292251831138749,0.0292251831138749
D23,651,13,right_leg,trial_zscore,primary_trial_zscore,1,14.0,12.0,1625.0,1385.0,0.01067560560387859,0.011598171156975812,0.9204559459753845,0.9687960116756644,0.979471617279543,0.004282507180123574,0.0046883475834991195,0.9134363661935131,0.985560406065146,0.9898429132452696,0.3087105986542369,0.6475916656775853,0.47670563877814603,5.269776591260363,5.5784871899146,0.11792687941269975,0.1967113424054534,0.5994920169353207,3.3156999878463536,3.4336268672590533,0.0001139605011306992,0.0,,0.0293391436150056,0.0292251831138749
D12,651,13,right_leg,trial_zscore,primary_trial_zscore,2,14.0,14.0,1625.0,1625.0,0.0009815824141762297,0.011598171156975812,0.08463251670379508,0.979412600418464,0.9803941828326402,0.0010332446465012302,0.0046883475834991195,0.22038567493113945,0.989215509002144,0.9902487536486452,0.06496055341232054,1.1495706454673007,0.056508535311384944,5.9823288103502685,5.917368256937948,0.05603833504389044,0.28773872563356173,0.194754233794918,3.5684496652956974,3.512411330251807,0.0,0.0001139605011306992,0.0,0.0293391436150056,0.0293391436150056
D13,651,13,right_leg,trial_zscore,primary_trial_zscore,2,14.0,12.0,1625.0,1385.0,0.00794905613276764,0.007890039271688631,1.007479919813679,0.979412600418464,0.9873616565512316,0.004251110062475694,0.0036237058193500093,1.17313884581233,0.989215509002144,0.9934666190646196,0.06269851205410326,1.1495706454673007,0.05454080817157288,5.9823288103502685,6.045027322404372,0.01429003540511431,0.28773872563356173,0.049663233107221094,3.5684496652956974,3.554159629890583,0.0001139605011306992,0.0001139605011306992,1.0,0.0293391436150056,0.0292251831138749
D23,651,13,right_leg,trial_zscore,primary_trial_zscore,2,14.0,12.0,1625.0,1385.0,0.00696747371859141,0.011598171156975812,0.6007389979238897,0.9803941828326402,0.9873616565512316,0.0032178654159744635,0.0046883475834991195,0.6863538504056113,0.9902487536486452,0.9934666190646196,0.1276590654664238,0.6475916656775853,0.19712895059088217,5.917368256937948,6.045027322404372,0.04174829963877613,0.1967113424054534,0.2122312782184478,3.512411330251807,3.554159629890583,0.0001139605011306992,0.0,,0.0293391436150056,0.0292251831138749
D12,651,13,trunk_spine,amp_preserving,primary_amp_preserving,1,12.0,14.0,1385.0,1625.0,0.01766788284816523,0.007314476466275255,2.4154678642588117,0.9797875479492476,0.9621196651010824,0.005939508643473146,0.0018507419137075987,3.2092581896383945,0.9896540277367956,0.9837145190933224,0.9822953899202478,0.21423332395699468,4.585166171988417,5.113378248315688,4.13108285839544,0.4565971460362954,0.0655753923877942,6.962934256437383,3.2255801357597016,2.768982989723406,0.001401809734552801,0.0124729064039409,0.11238837919202933,0.0282882243692744,0.0296900341038272
D13,651,13,trunk_spine,amp_preserving,primary_amp_preserving,1,12.0,12.0,1385.0,1385.0,0.00023123671938762858,0.007314476466275255,0.03161357076665544,0.9797875479492476,0.97955631122986,0.000731366158435609,0.0018507419137075987,0.39517457999881805,0.9896540277367956,0.9903853938952312,0.1488727087178221,0.43488651295175274,0.34232542119405385,5.113378248315688,4.964505539597866,0.09713101025151971,0.14105631792102624,0.6885973750279007,3.2255801357597016,3.128449125508182,0.0025145552054423002,0.006539361837622101,0.3845260849423595,0.0282882243692744,0.0257736691638321
D23,651,13,trunk_spine,amp_preserving,primary_amp_preserving,1,14.0,12.0,1625.0,1385.0,0.0174366461287776,0.0029633950775476148,5.884009952263084,0.9621196651010824,0.97955631122986,0.006670874801908755,0.0013530133045939197,4.930383743647582,0.9837145190933224,0.9903853938952312,0.8334226812024257,0.43488651295175274,1.9164141825085466,4.13108285839544,4.964505539597866,0.3594661357847757,0.14105631792102624,2.548387346861212,2.768982989723406,3.128449125508182,0.003916364939995101,0.0124729064039409,0.31398976414652635,0.0296900341038272,0.0257736691638321
D12,651,13,trunk_spine,amp_preserving,primary_amp_preserving,2,14.0,14.0,1625.0,1625.0,0.007555385066914555,0.007314476466275255,1.0329358637969586,0.9724730714829724,0.9649176864160578,0.003363634445325947,0.0018507419137075987,1.8174519204504127,0.987803285823088,0.984439651377762,0.7125521054129331,0.21423332395699468,3.3260563401236833,4.899144924358693,4.18659281894576,0.34756904976657754,0.0655753923877942,5.300296911853049,3.1600047433719074,2.81243569360533,0.0176104585070102,0.0124729064039409,1.4118969498116378,0.0348275862068965,0.0172171276998863
D13,651,13,trunk_spine,amp_preserving,primary_amp_preserving,2,14.0,12.0,1625.0,1385.0,0.0041198446693400115,0.007314476466275255,0.5632453243011057,0.9724730714829724,0.9765929161523124,0.001229094767549288,0.0018507419137075987,0.6641092193600552,0.987803285823088,0.9890323805906373,0.36952589771258015,0.43488651295175274,0.849706502058334,4.899144924358693,4.529619026646113,0.17261193578475176,0.14105631792102624,1.2237093547372524,3.1600047433719074,2.9873928075871556,0.012851834448794702,0.006539361837622101,1.965304072158209,0.0348275862068965,0.0219757517581018
D23,651,13,trunk_spine,amp_preserving,primary_amp_preserving,2,14.0,12.0,1625.0,1385.0,0.011675229736254567,0.0029633950775476148,3.9398154585302585,0.9649176864160578,0.9765929161523124,0.004592729212875235,0.0013530133045939197,3.3944449749913232,0.984439651377762,0.9890323805906373,0.34302620770035297,0.43488651295175274,0.7887717771979033,4.18659281894576,4.529619026646113,0.17495711398182578,0.14105631792102624,1.2403351835667489,2.81243569360533,2.9873928075871556,0.004758624058215498,0.0124729064039409,0.38151685774792454,0.0172171276998863,0.0219757517581018
D12,651,13,trunk_spine,trial_zscore,primary_trial_zscore,1,12.0,14.0,1385.0,1625.0,0.018077585255986017,0.011624002273138201,1.55519457336664,0.9803641556586932,0.9622865704027072,0.006475526981744362,0.0060444811820319355,1.0713122907874657,0.9896465548018564,0.983171027820112,1.0486676891467024,0.6803103379848219,1.541454878156061,5.164566484859884,4.115898795713181,0.4895165328701063,0.3426817017354007,1.4284875159400345,3.2511575971985196,2.7616410643284133,0.0001139605011306992,0.0001139605011306992,1.0,0.0292251831138749,0.0293391436150056
D13,651,13,trunk_spine,trial_zscore,primary_trial_zscore,1,12.0,12.0,1385.0,1385.0,0.001392359871474791,0.011077352775940574,0.12569427909698092,0.9803641556586932,0.981756515530168,0.002516958229204058,0.0027041840220149993,0.930764403869441,0.9896465548018564,0.9921635130310604,0.004311277503906474,0.48634681150244674,0.008864615541711605,5.164566484859884,5.160255207355977,0.04382040813753951,0.17948338542092213,0.24414743478775183,3.2511575971985196,3.20733718906098,0.0,0.0001139605011306992,0.0,0.0292251831138749,0.0292251831138749
D23,651,13,trunk_spine,trial_zscore,primary_trial_zscore,1,14.0,12.0,1625.0,1385.0,0.019469945127460808,0.011624002273138201,1.6749777460430926,0.9622865704027072,0.981756515530168,0.00899248521094842,0.0060444811820319355,1.487718290476251,0.983171027820112,0.9921635130310604,1.044356411642796,0.6803103379848219,1.5351176563571434,4.115898795713181,5.160255207355977,0.4456961247325668,0.3426817017354007,1.3006125581712793,2.7616410643284133,3.20733718906098,0.0001139605011306992,0.0,,0.0293391436150056,0.0292251831138749
D12,651,13,trunk_spine,trial_zscore,primary_trial_zscore,2,14.0,14.0,1625.0,1625.0,0.004623769793092758,0.011624002273138201,0.3977777777777784,0.9692868028827526,0.9739105726758454,0.002273138222302573,0.0060444811820319355,0.37606837606837024,0.9869423707798414,0.989215509002144,0.11798946034056623,0.6803103379848219,0.17343476021556303,4.678219673357437,4.796209133698003,0.03264855428621649,0.3426817017354007,0.09527370186642135,3.0716742117775975,3.104322766063814,0.0,0.0001139605011306992,0.0,0.0293391436150056,0.0293391436150056
D13,651,13,trunk_spine,trial_zscore,primary_trial_zscore,2,14.0,12.0,1625.0,1385.0,0.011612875803430955,0.011077352775940574,1.0483439534988457,0.9692868028827526,0.9808996786861836,0.0046856192237287875,0.0027041840220149993,1.732729424322735,0.9869423707798414,0.9916279900035702,0.31541900348734675,0.48634681150244674,0.648547489214412,4.678219673357437,4.993638676844784,0.10929751164153112,0.17948338542092213,0.6089561514855986,3.0716742117775975,3.1809717234191286,0.0001139605011306992,0.0001139605011306992,1.0,0.0293391436150056,0.0292251831138749
D23,651,13,trunk_spine,trial_zscore,primary_trial_zscore,2,14.0,12.0,1625.0,1385.0,0.0069891060103381974,0.011624002273138201,0.6012650243960515,0.9739105726758454,0.9808996786861836,0.0024124810014262144,0.0060444811820319355,0.3991212692658637,0.989215509002144,0.9916279900035702,0.19742954314678052,0.6803103379848219,0.2902051198157528,4.796209133698003,4.993638676844784,0.07664895735531463,0.3426817017354007,0.22367391362640832,3.104322766063814,3.1809717234191286,0.0001139605011306992,0.0,,0.0293391436150056,0.0292251831138749
D12,790,11,left_arm,amp_preserving,primary_amp_preserving,1,10.0,8.0,1145.0,905.0,0.005476876957234977,0.007585649743018008,0.7220049887323113,0.9849523573815122,0.9904292343387472,0.0025335021480595854,0.0037935765286484235,0.6678399997804242,0.9920430639772304,0.99457656612529,0.3451599434504278,3.0009300420365568,0.11501765739803377,8.483692176508207,8.828852119958635,0.008713339762447703,0.607822946269446,0.014335325469244636,4.117251122745956,4.125964462508404,0.019547267596261297,0.03080587534736,0.6345305035435865,0.0616926741380889,0.0421454065418276
D13,790,11,left_arm,amp_preserving,primary_amp_preserving,1,10.0,10.0,1145.0,1145.0,0.005463131188957804,0.0013150050655301726,4.154456383599728,0.9849523573815122,0.99041548857047,0.0026135709008068275,0.0011597636464779626,2.2535375278780907,0.9920430639772304,0.9946566348780372,1.7275627224382495,1.5866384503383628,1.0888193980612493,8.483692176508207,6.756129454069957,0.36488718765039296,0.4015557925391673,0.9086836609754603,4.117251122745956,3.752363935095563,0.0298317403120896,0.03080587534736,0.968378271213323,0.0616926741380889,0.0318609338259993
D23,790,11,left_arm,amp_preserving,primary_amp_preserving,1,8.0,10.0,905.0,1145.0,1.3745768277173553e-05,0.007585649743018008,0.0018120752661728743,0.9904292343387472,0.99041548857047,8.006875274724212e-05,0.0037935765286484235,0.021106402399576486,0.99457656612529,0.9946566348780372,2.0727226658886773,3.0009300420365568,0.6906934306545983,8.828852119958635,6.756129454069957,0.37360052741284067,0.607822946269446,0.6146535429533204,4.125964462508404,3.752363935095563,0.010284472715828302,0.0170484510955272,0.6032496828129165,0.0421454065418276,0.0318609338259993
D12,790,11,left_arm,amp_preserving,primary_amp_preserving,2,10.0,10.0,1145.0,1145.0,0.0007937677202528581,0.007585649743018008,0.10464070279325231,0.983637352315982,0.9828435845957292,0.0024198380270668007,0.0037935765286484235,0.637877741174485,0.9932028276237084,0.9907829895966416,1.0691316482477662,3.0009300420365568,0.35626676839231103,6.897053726169844,5.827922077922078,0.197553813967831,0.607822946269446,0.32501868378008886,3.7156953302067888,3.5181415162389578,0.005789843344428499,0.03080587534736,0.18794607454401313,0.0308867987907289,0.0250969554463004
D13,790,11,left_arm,amp_preserving,primary_amp_preserving,2,10.0,10.0,1145.0,1145.0,0.007711866078311536,0.0013150050655301726,5.864514350902771,0.983637352315982,0.9913492183942936,0.00211765601063163,0.0011597636464779626,1.825937566729782,0.9932028276237084,0.99532048363434,1.2815773255830774,1.5866384503383628,0.8077311660446469,6.897053726169844,8.178631051752921,0.3372083779287274,0.4015557925391673,0.8397547344453672,3.7156953302067888,4.052903708135516,0.0007054081289889005,0.03080587534736,0.02289849325931758,0.0308867987907289,0.03018139066174
D23,790,11,left_arm,amp_preserving,primary_amp_preserving,2,10.0,10.0,1145.0,1145.0,0.008505633798564394,0.007585649743018008,1.12127953263241,0.9828435845957292,0.9913492183942936,0.004537494037698431,0.0037935765286484235,1.196099249199818,0.9907829895966416,0.99532048363434,2.3507089738308435,3.0009300420365568,0.7833268156546409,5.827922077922078,8.178631051752921,0.5347621918965584,0.607822946269446,0.8797992823053113,3.5181415162389578,4.052903708135516,0.0050844352154395984,0.0170484510955272,0.2982344370729105,0.0250969554463004,0.03018139066174
D12,790,11,left_arm,trial_zscore,primary_trial_zscore,1,10.0,8.0,1145.0,905.0,0.008450556272866061,0.0035196469846606737,2.4009670031384616,0.9792498424038664,0.9877003986767324,0.002811680877307543,0.0031781886951040006,0.8846802839739935,0.9892571968901028,0.9920688777674104,1.5682789432789424,2.0172013731622265,0.7774528434017772,6.517832167832168,8.08611111111111,0.3372504618329546,0.46350599835198514,0.7276075456025654,3.69427791516819,4.031528377001145,0.00024552483972169886,0.00024552483972169886,1.0,0.0290652578862185,0.0288197330464968
D13,790,11,left_arm,trial_zscore,primary_trial_zscore,1,10.0,10.0,1145.0,1145.0,0.01139945366673667,0.0035196469846606737,3.238805970149214,0.9792498424038664,0.990649296070603,0.0059098550115571635,0.0031781886951040006,1.8595041322314483,0.9892571968901028,0.99516705190166,0.003842530526468657,1.5354984173018087,0.00250246466109733,6.517832167832168,6.513989637305699,0.004369398657685153,0.3258534632147225,0.013409090744590058,3.69427791516819,3.689908516510505,0.0,0.0,,0.0290652578862185,0.0290652578862185
D23,790,11,left_arm,trial_zscore,primary_trial_zscore,1,8.0,10.0,905.0,1145.0,0.0029488973938706087,0.002251775016299584,1.3095879350844866,0.9877003986767324,0.990649296070603,0.0030981741342496205,0.0008918282632683905,3.473958229239527,0.9920688777674104,0.99516705190166,1.572121473805411,2.0172013731622265,0.7793577253722098,8.08611111111111,6.513989637305699,0.34161986049063975,0.46350599835198514,0.737034389425991,4.031528377001145,3.689908516510505,0.00024552483972169886,0.00024552483972169886,1.0,0.0288197330464968,0.0290652578862185
D12,790,11,left_arm,trial_zscore,primary_trial_zscore,2,10.0,10.0,1145.0,1145.0,0.002679134271905803,0.0035196469846606737,0.7611940298507227,0.982769489388527,0.9854486236604328,0.0005253204454719329,0.0031781886951040006,0.16528925619840917,0.9924353855852068,0.9929607060306788,0.7315264670674742,2.0172013731622265,0.36264424405021645,6.800436205016358,6.068909737948884,0.11724571612751156,0.46350599835198514,0.25295404276187056,3.685268094776671,3.5680223786491596,0.0,0.00024552483972169886,0.0,0.0290652578862185,0.0290652578862185
D13,790,11,left_arm,trial_zscore,primary_trial_zscore,2,10.0,10.0,1145.0,1145.0,0.008405127127547707,0.0035196469846606737,2.3880597014924887,0.982769489388527,0.9911746165160747,0.0027579323387267873,0.0031781886951040006,0.8677685950413775,0.9924353855852068,0.9951933179239336,1.24905184959115,1.5354984173018087,0.8134504311544618,6.800436205016358,8.049488054607508,0.33049388494855636,0.3258534632147225,1.0142408237373128,3.685268094776671,4.0157619797252275,0.0,0.0,,0.0290652578862185,0.0290652578862185
D23,790,11,left_arm,trial_zscore,primary_trial_zscore,2,10.0,10.0,1145.0,1145.0,0.005725992855641904,0.002251775016299584,2.54287964569907,0.9854486236604328,0.9911746165160747,0.0022326118932548544,0.0008918282632683905,2.503410112920993,0.9929607060306788,0.9951933179239336,1.9805783166586242,2.0172013731622265,0.9818446204772353,6.068909737948884,8.049488054607508,0.4477396010760679,0.46350599835198514,0.9659844806065611,3.5680223786491596,4.0157619797252275,0.0,0.00024552483972169886,0.0,0.0290652578862185,0.0290652578862185
D12,790,11,left_leg,amp_preserving,primary_amp_preserving,1,10.0,8.0,1145.0,905.0,0.005275293533253733,0.0007641666272104608,6.903328862333127,0.9939645816237394,0.9886892880904856,0.00260149773073004,0.000319858420722019,8.133278857744806,0.9962808057812956,0.9936793080505656,3.924960256364275,1.2179057898654282,3.222712535752015,9.97052575677111,6.045565500406835,0.7986175300355152,0.2034598679081414,3.925184549889107,4.331049010400463,3.5324314803649477,0.039308704772499994,0.0243684048977023,1.6131012652455727,0.0576800928329312,0.0183713880604312
D13,790,11,left_leg,amp_preserving,primary_amp_preserving,1,10.0,10.0,1145.0,1145.0,0.0006575820012694189,0.012161289367048744,0.054071733795854775,0.9939645816237394,0.9946221636250088,0.0002843180824195768,0.005145803842128593,0.055252413644661366,0.9962808057812956,0.9965651238637152,1.2966982227317754,2.801246888878044,0.4629003705029117,9.97052575677111,8.673827534039335,0.19750050256981577,0.6406397423123247,0.30828637301981543,4.331049010400463,4.133548507830647,0.013673008214492896,0.0157144165877791,0.870093276331125,0.0576800928329312,0.0440070846184383
D23,790,11,left_leg,amp_preserving,primary_amp_preserving,1,8.0,10.0,905.0,1145.0,0.005932875534523152,0.012161289367048744,0.48784922021495486,0.9886892880904856,0.9946221636250088,0.002885815813149617,0.005145803842128593,0.5608095259138136,0.9936793080505656,0.9965651238637152,2.6282620336324998,2.801246888878044,0.9382471941575888,6.045565500406835,8.673827534039335,0.6011170274656994,0.6406397423123247,0.9383074257866488,3.5324314803649477,4.133548507830647,0.025635696558007102,0.0243684048977023,1.0520055237765806,0.0183713880604312,0.0440070846184383
D12,790,11,left_leg,amp_preserving,primary_amp_preserving,2,10.0,10.0,1145.0,1145.0,0.006404097159445676,0.0007641666272104608,8.38049835128682,0.9943292186227208,0.9879251214632752,0.002691690209448483,0.000319858420722019,8.41525510997181,0.9966006642020176,0.9939089739925692,2.6344783739853277,1.2179057898654282,2.163121643650633,8.752619966905682,6.118141592920354,0.567997953675281,0.2034598679081414,2.791695283768307,4.1275891424923215,3.5595911888170404,0.0059944422389836965,0.0243684048977023,0.24599239318897367,0.0487342351971172,0.0427397929581335
D13,790,11,left_leg,amp_preserving,primary_amp_preserving,2,10.0,10.0,1145.0,1145.0,0.011868344364760808,0.012161289367048744,0.9759116822693426,0.9943292186227208,0.98246087425796,0.005181344180431036,0.005145803842128593,1.006906664030112,0.9966006642020176,0.9914193200215866,2.880039321744391,2.801246888878044,1.0281276288709793,8.752619966905682,5.872580645161291,0.634680376973999,0.6406397423123247,0.990697790123329,4.1275891424923215,3.4929087655183224,0.020441567166457997,0.0157144165877791,1.3008161678973904,0.0487342351971172,0.0282926680306592
D23,790,11,left_leg,amp_preserving,primary_amp_preserving,2,10.0,10.0,1145.0,1145.0,0.005464247205315131,0.012161289367048744,0.44931479223910403,0.9879251214632752,0.98246087425796,0.0024896539709825527,0.005145803842128593,0.4838221679963401,0.9939089739925692,0.9914193200215866,0.24556094775906345,2.801246888878044,0.08766130137762172,6.118141592920354,5.872580645161291,0.06668242329871799,0.6406397423123247,0.10408724107254803,3.5595911888170404,3.4929087655183224,0.014447124927474301,0.0243684048977023,0.5928629710530016,0.0427397929581335,0.0282926680306592
D12,790,11,left_leg,trial_zscore,primary_trial_zscore,1,10.0,8.0,1145.0,905.0,0.0010585592422168721,0.006311763696934203,0.16771211551076343,0.989441059046018,0.9904996182882349,0.0009267300563735592,0.0014109459259755708,0.6568147221749763,0.9943528052111787,0.9934260751548052,1.1426609452798555,1.389151110575848,0.8225605814807185,8.01148447469162,6.868823529411765,0.25705007368372845,0.40676267285524537,0.6319411559555881,4.0175601054796894,3.760510031795961,0.00024552483972169886,0.00024552483972169886,1.0,0.0290652578862185,0.0288197330464968
D13,790,11,left_leg,trial_zscore,primary_trial_zscore,1,10.0,10.0,1145.0,1145.0,0.0030993906282832384,0.010769069132170572,0.2878048780487805,0.989441059046018,0.9925404496743012,0.001470897247320857,0.005016810254255044,0.29319371727748816,0.9943528052111787,0.9958237024584996,0.5493991666347489,1.5590530907479643,0.3523928530048785,8.01148447469162,7.462085308056872,0.15891411450548754,0.35696033478340317,0.44518703906391627,4.0175601054796894,3.858645990974202,0.0,0.0,,0.0290652578862185,0.0290652578862185
D23,790,11,left_leg,trial_zscore,primary_trial_zscore,1,8.0,10.0,905.0,1145.0,0.0020408313860663663,0.010769069132170572,0.18950861592760748,0.9904996182882349,0.9925404496743012,0.0023976273036944162,0.005016810254255044,0.4779186738547369,0.9934260751548052,0.9958237024584996,0.5932617786451067,1.5590530907479643,0.3805269892127189,6.868823529411765,7.462085308056872,0.09813595917824092,0.40676267285524537,0.24126097532347704,3.760510031795961,3.858645990974202,0.00024552483972169886,0.00024552483972169886,1.0,0.0288197330464968,0.0290652578862185
D12,790,11,left_leg,trial_zscore,primary_trial_zscore,2,10.0,10.0,1145.0,1145.0,0.009035511662113915,0.006311763696934203,1.4315351613215037,0.9932233662534146,0.9841878545913006,0.0033620508510191494,0.0014109459259755708,2.3828346566113265,0.9953771800798488,0.9920151292288296,1.9348373850856513,1.389151110575848,1.3928199533912466,7.414509803921568,5.479672418835917,0.5461264931767813,0.40676267285524537,1.3426170335229637,3.899873852117497,3.3537473589407156,0.0,0.00024552483972169886,0.0,0.0290652578862185,0.0290652578862185
D13,790,11,left_leg,trial_zscore,primary_trial_zscore,2,10.0,10.0,1145.0,1145.0,0.011451985711283919,0.010769069132170572,1.06341463414635,0.9932233662534146,0.9817713805421306,0.0045702878756042065,0.005016810254255044,0.9109947643979326,0.9953771800798488,0.9908068922042446,1.5114775866126609,1.5590530907479643,0.9694843591808161,7.414509803921568,5.903032217308907,0.3981881959266982,0.35696033478340317,1.1154970374182087,3.899873852117497,3.5016856561907987,0.0,0.0,,0.0290652578862185,0.0290652578862185
D23,790,11,left_leg,trial_zscore,primary_trial_zscore,2,10.0,10.0,1145.0,1145.0,0.002416474049170003,0.010769069132170572,0.22439024390244097,0.9841878545913006,0.9817713805421306,0.001208237024585057,0.005016810254255044,0.24083769633509303,0.9920151292288296,0.9908068922042446,0.42335979847299043,1.5590530907479643,0.27154931476379757,5.479672418835917,5.903032217308907,0.14793829725008312,0.40676267285524537,0.36369683631892624,3.3537473589407156,3.5016856561907987,0.0,0.00024552483972169886,0.0,0.0290652578862185,0.0290652578862185
D12,790,11,right_arm,amp_preserving,primary_amp_preserving,1,10.0,8.0,1145.0,905.0,0.01794528729140199,0.014437437153618782,1.2429690325546425,0.9755931742470596,0.9935384615384616,0.009360925022356859,0.007634187459431563,1.2261848522978067,0.9869467672853356,0.9963076923076924,2.612523918418539,2.985635105977619,0.8750312163693198,5.35048471290082,7.963008631319359,0.7062503450682831,0.7405876814430314,0.9536350154949348,3.305787843836616,4.012038188904899,0.0093216331258625,0.0144517054997404,0.6450195878977707,0.0224585458209912,0.0317801789468537
D13,790,11,right_arm,amp_preserving,primary_amp_preserving,1,10.0,10.0,1145.0,1145.0,0.009734359350291544,0.014437437153618782,0.6742442752626355,0.9755931742470596,0.9853275335973511,0.004451012367978846,0.007634187459431563,0.5830368184737064,0.9869467672853356,0.9913977796533144,1.3978478793624083,2.985635105977619,0.4681911317842358,5.35048471290082,6.748332592263228,0.3710857157811489,0.7405876814430314,0.5010692522701569,3.305787843836616,3.676873559617765,0.0010596390509054025,0.0331068494823953,0.03200664114744201,0.0224585458209912,0.0235181848718966
D23,790,11,right_arm,amp_preserving,primary_amp_preserving,1,8.0,10.0,905.0,1145.0,0.008210927941110446,0.008784871356896429,0.9346668388791582,0.9935384615384616,0.9853275335973511,0.0049099126543780125,0.004183949662029285,1.1735114069218089,0.9963076923076924,0.9913977796533144,1.2146760390561306,2.2317862454577977,0.5442618178726919,7.963008631319359,6.748332592263228,0.3351646292871342,0.5542204440557819,0.6047496675409544,4.012038188904899,3.676873559617765,0.008261994074957098,0.0331068494823953,0.24955543049635232,0.0317801789468537,0.0235181848718966
D12,790,11,right_arm,amp_preserving,primary_amp_preserving,2,10.0,10.0,1145.0,1145.0,0.00527702121911322,0.014437437153618782,0.3655095542902863,0.9900306114006784,0.9847535901815652,0.002457212099103989,0.007634187459431563,0.3218694998206072,0.9945809547447672,0.9921237426456632,2.6048974330168777,2.985635105977619,0.8724768233738757,8.336119818878439,5.731222385861561,0.5885577804305302,0.7405876814430314,0.7947172160408181,4.046375525279648,3.4578177448491174,0.012775216050325198,0.0144517054997404,0.8839936608557849,0.0369102513207316,0.0241350352704064
D13,790,11,right_arm,amp_preserving,primary_amp_preserving,2,10.0,10.0,1145.0,1145.0,0.013408705560199574,0.014437437153618782,0.9287455534889477,0.9900306114006784,0.9766219058404788,0.0060273226464011564,0.007634187459431563,0.7895172444258982,0.9945809547447672,0.988553632098366,0.9187534457471669,2.985635105977619,0.3077246257949293,8.336119818878439,7.417366373131272,0.23282216680516532,0.7405876814430314,0.3143748844856729,4.046375525279648,3.8135533584744823,0.0197147830335603,0.0331068494823953,0.5954895540285015,0.0369102513207316,0.0566250343542919
D23,790,11,right_arm,amp_preserving,primary_amp_preserving,2,10.0,10.0,1145.0,1145.0,0.008131684341086354,0.008784871356896429,0.9256463766771837,0.9847535901815652,0.9766219058404788,0.0035701105472971673,0.004183949662029285,0.8532871654018908,0.9921237426456632,0.988553632098366,1.6861439872697108,2.2317862454577977,0.7555132086244392,5.731222385861561,7.417366373131272,0.3557356136253649,0.5542204440557819,0.6418666388812614,3.4578177448491174,3.8135533584744823,0.0324899990838855,0.0331068494823953,0.9813678918968775,0.0241350352704064,0.0566250343542919
D12,790,11,right_arm,trial_zscore,primary_trial_zscore,1,10.0,8.0,1145.0,905.0,0.014538155321993984,0.010138684597604586,1.4339291435724155,0.97825173355747,0.992789888879464,0.007063042339107817,0.004491489808783444,1.5725388768099862,0.9892046648455558,0.9962677071846636,2.056835880784563,1.8188911121045654,1.130818588917443,5.653309046751669,7.710144927536232,0.5541928669311127,0.4569113744668152,1.2129110761968194,3.399099981163299,3.953292848094412,0.00024552483972169886,0.00024552483972169886,1.0,0.0290652578862185,0.0288197330464968
D13,790,11,right_arm,trial_zscore,primary_trial_zscore,1,10.0,10.0,1145.0,1145.0,0.01192477411220838,0.024322336625341334,0.49028077753779675,0.97825173355747,0.9901765076696784,0.004938012187434171,0.01160958184492522,0.4253393665158297,0.9892046648455558,0.99414267703299,1.4062415150460836,1.8188911121045654,0.7731312257713868,5.653309046751669,7.059550561797753,0.36812452007696583,0.4569113744668152,0.8056803587053231,3.399099981163299,3.767224501240265,0.0,0.0,,0.0290652578862185,0.0290652578862185
D23,790,11,right_arm,trial_zscore,primary_trial_zscore,1,8.0,10.0,905.0,1145.0,0.0026133812097856035,0.024322336625341334,0.10744778554963068,0.992789888879464,0.9901765076696784,0.002125030151673646,0.01160958184492522,0.18304105867538534,0.9962677071846636,0.99414267703299,0.6505943657384794,1.6848406354157968,0.3861459369288782,7.710144927536232,7.059550561797753,0.18606834685414686,0.4138817474036016,0.4495688636220532,3.953292848094412,3.767224501240265,0.00024552483972169886,0.00024552483972169886,1.0,0.0288197330464968,0.0290652578862185
D12,790,11,right_arm,trial_zscore,primary_trial_zscore,2,10.0,10.0,1145.0,1145.0,0.00021012817818855112,0.010138684597604586,0.020725388601021973,0.9883904181550746,0.988180289976886,0.00015759613364152436,0.004491489808783444,0.03508771929824561,0.9936961546543392,0.9938537507879808,1.4468958667357992,1.8188911121045654,0.7954823997472034,7.472200158856235,6.025304292120436,0.3166002549393041,0.4569113744668152,0.6929139273644813,3.8560113556301143,3.53941110069081,0.0,0.00024552483972169886,0.0,0.0290652578862185,0.0290652578862185
D13,790,11,right_arm,trial_zscore,primary_trial_zscore,2,10.0,10.0,1145.0,1145.0,0.02253624711073754,0.024322336625341334,0.9265658747300259,0.9883904181550746,0.965854171044337,0.011163059466274494,0.01160958184492522,0.9615384615384825,0.9936961546543392,0.9825330951880648,0.5937863915535786,1.8188911121045654,0.32645516139035524,7.472200158856235,6.878413767302656,0.20946721996517814,0.4569113744668152,0.4584416840347043,3.8560113556301143,3.646544135664936,0.0,0.0,,0.0290652578862185,0.0290652578862185
D23,790,11,right_arm,trial_zscore,primary_trial_zscore,2,10.0,10.0,1145.0,1145.0,0.02232611893254899,0.024322336625341334,0.9179265658747402,0.988180289976886,0.965854171044337,0.011320655599916019,0.01160958184492522,0.9751131221719671,0.9938537507879808,0.9825330951880648,0.8531094751822206,1.6848406354157968,0.506344313669574,6.025304292120436,6.878413767302656,0.10713303497412596,0.4138817474036016,0.2588493830573638,3.53941110069081,3.646544135664936,0.0,0.00024552483972169886,0.0,0.0290652578862185,0.0290652578862185
D12,790,11,right_leg,amp_preserving,primary_amp_preserving,1,10.0,8.0,1145.0,905.0,0.001739797310878366,0.00022200291419738338,7.836821949695253,0.995472660608959,0.9937328632980806,0.0003816367050103464,0.00036155258949788216,1.0555496381324685,0.9971305595408896,0.9967489228358792,1.9040106045807033,0.9728445897876892,1.9571580338399468,10.580481192815997,8.676470588235293,0.3834870091159477,0.18638125446101306,2.0575406589301872,4.482045549236171,4.098558540120223,0.016684191946060797,0.03219095592444049,0.5182881796123855,0.0478898830427214,0.0312056910966606
D13,790,11,right_leg,amp_preserving,primary_amp_preserving,1,10.0,10.0,1145.0,1145.0,0.002208095464561022,0.026461840459985675,0.08344451580758329,0.995472660608959,0.99768075607352,0.0010140453179263709,0.011597519657022382,0.08743639570486601,0.9971305595408896,0.998144604858816,1.7278163751382234,7.448240448411177,0.23197644961996264,10.580481192815997,12.30829756795422,0.19360067143629855,1.5557036638371824,0.12444572571024073,4.482045549236171,4.675646220672469,0.031111246831770904,0.0602742235930009,0.5161617185125147,0.0478898830427214,0.0790011298744923
D23,790,11,right_leg,amp_preserving,primary_amp_preserving,1,8.0,10.0,905.0,1145.0,0.003947892775439388,0.026461840459985675,0.14919191964025336,0.9937328632980806,0.99768075607352,0.0013956820229367173,0.011597519657022382,0.12034314786365737,0.9967489228358792,0.998144604858816,3.6318269797189267,7.448240448411177,0.48760871844485776,8.676470588235293,12.30829756795422,0.5770876805522462,1.5557036638371824,0.37094961846965435,4.098558540120223,4.675646220672469,0.0477954387778317,0.0602742235930009,0.7929664776865205,0.0312056910966606,0.0790011298744923
D12,790,11,right_leg,amp_preserving,primary_amp_preserving,2,10.0,10.0,1145.0,1145.0,0.001610997762072186,0.00022200291419738338,7.256651417827081,0.9955658639743502,0.993954866212278,0.000491680166334274,0.00036155258949788216,1.3599132757342736,0.9968790504127156,0.9963873702463814,1.5059483423294466,0.9728445897876892,1.5479844963295735,9.607636603028308,8.101688260698861,0.25302357607407,0.18638125446101306,1.3575591429823597,4.2956642947751575,4.0426407187010875,0.01863224112132409,0.03219095592444049,0.5788035982857486,0.044764405899777,0.0633966470211011
D13,790,11,right_leg,amp_preserving,primary_amp_preserving,2,10.0,10.0,1145.0,1145.0,0.024346948360815857,0.026461840459985675,0.9200776641984575,0.9955658639743502,0.9712189156135344,0.010331965210922056,0.011597519657022382,0.8908771458443683,0.9968790504127156,0.9865470852017936,4.747579483485264,7.448240448411177,0.6374095353618713,9.607636603028308,4.860057119543043,1.1757217379398708,1.5557036638371824,0.7557491605052362,4.2956642947751575,3.1199425568352868,0.026037499618285602,0.0602742235930009,0.43198399027256984,0.044764405899777,0.0187269062814914
D23,790,11,right_leg,amp_preserving,primary_amp_preserving,2,10.0,10.0,1145.0,1145.0,0.02273595059874367,0.026461840459985675,0.8591976296253423,0.993954866212278,0.9712189156135344,0.009840285044587782,0.011597519657022382,0.8484818595353204,0.9963873702463814,0.9865470852017936,3.2416311411558176,7.448240448411177,0.4352210651103922,8.101688260698861,4.860057119543043,0.9226981618658008,1.5557036638371824,0.593106632911015,4.0426407187010875,3.1199425568352868,0.04466974073960969,0.0602742235930009,0.7411085216333966,0.0633966470211011,0.0187269062814914
D12,790,11,right_leg,trial_zscore,primary_trial_zscore,1,10.0,8.0,1145.0,905.0,0.0009626656466059647,0.0039228144962811795,0.24540177658631826,0.993328430342509,0.992365764695903,0.0005550955851499895,0.002525047255668933,0.21983572145184826,0.995797436436226,0.996352532021376,0.09533783148146213,2.4549473374841773,0.03883498029703727,8.548372513562388,8.453034682080926,0.027129386534546995,0.5258141900024045,0.051595006468773574,4.0941781671620845,4.0670487806275375,0.00024552483972169886,0.00024552483972169886,1.0,0.0290652578862185,0.0288197330464968
D13,790,11,right_leg,trial_zscore,primary_trial_zscore,1,10.0,10.0,1145.0,1145.0,0.0004202563563773243,0.014393780205925633,0.029197080291966188,0.993328430342509,0.9929081739861316,0.00034145828955678414,0.0073807522588779095,0.046263345195750524,0.995797436436226,0.9961388947257828,0.3045548869059971,3.5187349606058422,0.08655238041956988,8.548372513562388,8.852927400468385,0.09590327960144052,0.8768776196237149,0.10936905841272863,4.0941781671620845,4.190081446763525,0.0,0.0,,0.0290652578862185,0.0290652578862185
D23,790,11,right_leg,trial_zscore,primary_trial_zscore,1,8.0,10.0,905.0,1145.0,0.0005424092902286404,0.014393780205925633,0.03768358849924228,0.992365764695903,0.9929081739861316,0.00021363729559320532,0.0073807522588779095,0.028945192590122844,0.996352532021376,0.9961388947257828,0.3998927183874592,3.5187349606058422,0.11364672897063188,8.453034682080926,8.852927400468385,0.12303266613598751,0.8768776196237149,0.1403076819189241,4.0670487806275375,4.190081446763525,0.00024552483972169886,0.00024552483972169886,1.0,0.0288197330464968,0.0290652578862185
D12,790,11,right_leg,trial_zscore,primary_trial_zscore,2,10.0,10.0,1145.0,1145.0,0.005620928766547406,0.0039228144962811795,1.43288161392185,0.9940638789661692,0.9884429501996218,0.0027841983610001897,0.002525047255668933,1.1026321803480872,0.9966116831267072,0.993827484765707,2.06798256162661,2.4549473374841773,0.8423734921115955,8.066069906223358,5.998087344596748,0.4391960923578053,0.5258141900024045,0.8352686190454406,3.9804306829829383,3.541234590625133,0.0,0.00024552483972169886,0.0,0.0290652578862185,0.0290652578862185
D13,790,11,right_leg,trial_zscore,primary_trial_zscore,2,10.0,10.0,1145.0,1145.0,0.015549485185963219,0.014393780205925633,1.080291970802903,0.9940638789661692,0.978514393780206,0.007853540659802372,0.0073807522588779095,1.0640569395017656,0.9966116831267072,0.9887581424669049,2.7318774663608156,3.5187349606058422,0.7763805734008598,8.066069906223358,5.334192439862543,0.6672268558431282,0.8768776196237149,0.7609121739581496,3.9804306829829383,3.31320382713981,0.0,0.0,,0.0290652578862185,0.0290652578862185
D23,790,11,right_leg,trial_zscore,primary_trial_zscore,2,10.0,10.0,1145.0,1145.0,0.009928556419415813,0.014393780205925633,0.6897810218978072,0.9884429501996218,0.978514393780206,0.005069342298802182,0.0073807522588779095,0.6868327402135118,0.993827484765707,0.9887581424669049,0.6638949047342058,3.5187349606058422,0.1886743139698987,5.998087344596748,5.334192439862543,0.22803076348532292,0.8768776196237149,0.26004856137527527,3.541234590625133,3.31320382713981,0.0,0.00024552483972169886,0.0,0.0290652578862185,0.0290652578862185
D12,790,11,trunk_spine,amp_preserving,primary_amp_preserving,1,10.0,8.0,1145.0,905.0,0.002655888799184325,0.003356262220620798,0.7913233903080055,0.9935296161195069,0.9961855049186912,0.0009573638816560148,0.002469675483719458,0.3876476435738738,0.9962654160152856,0.9972227798969416,0.9981019270035514,2.3558945848741857,0.4236615396171701,8.168154230631917,9.166256157635468,0.09038229051780178,0.29589481572506493,0.3054541198916504,4.089703364988173,4.180085655505975,0.0013696206697756952,0.010339908024342499,0.13245965694775003,0.0351604727150578,0.0365300933848335
D13,790,11,trunk_spine,amp_preserving,primary_amp_preserving,1,10.0,10.0,1145.0,1145.0,0.0009252231388703347,0.0030035903246505846,0.30803905954716654,0.9935296161195069,0.9944548392583772,0.0005367612257417553,0.0022888184624013652,0.23451454737856328,0.9962654160152856,0.9968021772410274,0.3164217568204739,2.3558945848741857,0.13431066010000278,8.168154230631917,7.851732473811443,0.07711534129338737,0.29589481572506493,0.2606174126586937,4.089703364988173,4.012588023694786,0.009721501206217398,0.019279628668275,0.504236952561971,0.0351604727150578,0.0448819739212752
D23,790,11,trunk_spine,amp_preserving,primary_amp_preserving,1,8.0,10.0,905.0,1145.0,0.0017306656603139903,0.003356262220620798,0.5156526953349533,0.9961855049186912,0.9944548392583772,0.0004206026559142595,0.002469675483719458,0.17030685152237504,0.9972227798969416,0.9968021772410274,1.3145236838240253,1.647492360725976,0.7978936444019527,9.166256157635468,7.851732473811443,0.16749763181118915,0.25391403215817654,0.6596627621857699,4.180085655505975,4.012588023694786,0.008351880536441703,0.019279628668275,0.4331971678575367,0.0365300933848335,0.0448819739212752
D12,790,11,trunk_spine,amp_preserving,primary_amp_preserving,2,10.0,10.0,1145.0,1145.0,0.003703963746087058,0.003356262220620798,1.1035978426625874,0.9965332064441574,0.9928292426980704,0.0030546584852891856,0.002469675483719458,1.23686634354434,0.9978077628985114,0.9947531044132222,3.0052850185966102,2.3558945848741857,1.275644945190578,10.524048815506102,7.518763796909492,0.4594265573654397,0.29589481572506493,1.552668492145272,4.385598180713238,3.9261716233477983,0.018733013711179598,0.010339908024342499,1.8117195691758394,0.0449231990716706,0.026190185360491
D13,790,11,trunk_spine,amp_preserving,primary_amp_preserving,2,10.0,10.0,1145.0,1145.0,0.004107156825836844,0.0030035903246505846,1.367415786410432,0.9965332064441574,0.9924260496183206,0.0032944041198853524,0.0022888184624013652,1.4393470578828496,0.9978077628985114,0.994513358778626,3.147719028272059,2.3558945848741857,1.3361035117962037,10.524048815506102,7.376329787234043,0.45519936818837925,0.29589481572506493,1.53838237102246,4.385598180713238,3.930398812524859,0.019320853818670398,0.019279628668275,1.0021382751247296,0.0449231990716706,0.0256023452530002
D23,790,11,trunk_spine,amp_preserving,primary_amp_preserving,2,10.0,10.0,1145.0,1145.0,0.00040319307974978624,0.003356262220620798,0.12013157889528929,0.9928292426980704,0.9924260496183206,0.00023974563459616682,0.002469675483719458,0.0970757640737064,0.9947531044132222,0.994513358778626,0.14243400967544861,1.647492360725976,0.08645503497975816,7.518763796909492,7.376329787234043,0.004227189177060442,0.25391403215817654,0.01664811172951285,3.9261716233477983,3.930398812524859,0.0005878401074908002,0.019279628668275,0.030490219371190605,0.026190185360491,0.0256023452530002
D12,790,11,trunk_spine,trial_zscore,primary_trial_zscore,1,10.0,8.0,1145.0,905.0,0.0023054745386373865,0.002883327028656235,0.7995882935664933,0.9924353855852068,0.9947408601238442,0.00031483355750394626,0.0016547594032361168,0.19025941589347947,0.9956135742803108,0.9959284078378148,0.5334915084915082,1.4590572680331722,0.36564123984705654,7.667207792207792,8.2006993006993,0.042636012658166855,0.19552526655860003,0.21805883919042554,3.984436545896898,4.027072558555065,0.00024552483972169886,0.00024552483972169886,1.0,0.0290652578862185,0.0288197330464968
D13,790,11,trunk_spine,trial_zscore,primary_trial_zscore,1,10.0,10.0,1145.0,1145.0,0.0008405127127546486,0.0023639420046229764,0.35555555555547624,0.9924353855852068,0.9915948728724522,0.00010506408909405351,0.0016547594032361168,0.06349206349188032,0.9956135742803108,0.9955085101912168,1.2006096421564045,1.4590572680331722,0.8228667019868533,7.667207792207792,6.466598150051388,0.3063340497375422,0.34617704669946603,0.884905722832301,3.984436545896898,3.678102496159356,0.0,0.0,,0.0290652578862185,0.0290652578862185
D23,790,11,trunk_spine,trial_zscore,primary_trial_zscore,1,8.0,10.0,905.0,1145.0,0.003145987251392035,0.002883327028656235,1.0910962301970346,0.9947408601238442,0.9915948728724522,0.0004198976465979998,0.0006037598025131485,0.6954713527634284,0.9959284078378148,0.9955085101912168,1.7341011506479127,1.336044294209553,1.2979368709282675,8.2006993006993,6.466598150051388,0.34897006239570905,0.34617704669946603,1.0080681712518849,4.027072558555065,3.678102496159356,0.00024552483972169886,0.00024552483972169886,1.0,0.0288197330464968,0.0290652578862185
D12,790,11,trunk_spine,trial_zscore,primary_trial_zscore,2,10.0,10.0,1145.0,1145.0,0.002941794494641825,0.002883327028656235,1.0202777782070869,0.9947993275898298,0.991857533095188,0.001943685648245319,0.0016547594032361168,1.1746031746030063,0.997268333683547,0.9953246480353016,1.46663017180283,1.4590572680331722,1.0051902717840995,9.126265060240964,7.659634888438134,0.22030470128227497,0.19552526655860003,1.1267326477023285,4.179961812455498,3.959657111173223,0.0,0.00024552483972169886,0.0,0.0290652578862185,0.0290652578862185
D13,790,11,trunk_spine,trial_zscore,primary_trial_zscore,2,10.0,10.0,1145.0,1145.0,0.0020487497373398167,0.0023639420046229764,0.866666666666626,0.9947993275898298,0.99275057785249,0.0019174196259716947,0.0016547594032361168,1.1587301587299692,0.997268333683547,0.9953509140575753,1.3236226159800237,1.4590572680331722,0.9071766029885063,9.126265060240964,7.802642444260941,0.1556822695966762,0.34617704669946603,0.44971863698355463,4.179961812455498,4.024279542858822,0.0,0.0,,0.0290652578862185,0.0290652578862185
D23,790,11,trunk_spine,trial_zscore,primary_trial_zscore,2,10.0,10.0,1145.0,1145.0,0.0008930447573020084,0.002883327028656235,0.3097271826700175,0.991857533095188,0.99275057785249,2.62660222736244e-05,0.0006037598025131485,0.043504092462419916,0.9953246480353016,0.9953509140575753,0.14300755582280633,1.336044294209553,0.10703803492339618,7.659634888438134,7.802642444260941,0.06462243168559878,0.34617704669946603,0.18667451323455542,3.959657111173223,4.024279542858822,0.0,0.00024552483972169886,0.0,0.0290652578862185,0.0290652578862185
D12,790,13,left_arm,amp_preserving,primary_amp_preserving,1,14.0,14.0,1625.0,1625.0,0.004729963742039267,0.002807440874298184,1.6847954966181375,0.9785310405977004,0.9832610043397396,0.002655271739659404,0.001274382618107861,2.083574981273534,0.9891855749523962,0.9918408466920556,0.7645087069712044,1.4077308361460759,0.5430787529412858,6.460032626427406,5.6955239194562015,0.19757861789406528,0.4463824016927136,0.4426218801297569,3.650747498496227,3.4531688806021617,0.0179105721864342,0.0214513073133762,0.8349408231761178,0.0521386888973095,0.0342281167108753
D13,790,13,left_arm,amp_preserving,primary_amp_preserving,1,14.0,18.0,1625.0,2105.0,0.009988414496238995,0.01713331853229505,0.5829818944538716,0.9785310405977004,0.9685426261014614,0.003898923032317869,0.007898113316193278,0.4936524554951646,0.9891855749523962,0.9852866519200784,1.6828013618951223,1.5425676527144292,1.090909276448217,6.460032626427406,4.777231264532284,0.533722468768286,0.507457094621456,1.051758807641507,3.650747498496227,3.117025029727941,0.0272323911994509,0.0214513073133762,1.269497975187267,0.0521386888973095,0.0249062976978586
D23,790,13,left_arm,amp_preserving,primary_amp_preserving,1,14.0,18.0,1625.0,2105.0,0.014718378238278262,0.01713331853229505,0.859050055629048,0.9832610043397396,0.9685426261014614,0.006554194771977273,0.007898113316193278,0.8298430915823141,0.9918408466920556,0.9852866519200784,0.9182926549239179,1.5425676527144292,0.5953013816334177,5.6955239194562015,4.777231264532284,0.3361438508742207,0.507457094621456,0.6624084172573672,3.4531688806021617,3.117025029727941,0.009321819013016697,0.0096933558986857,0.9616709744744462,0.0342281167108753,0.0249062976978586
D12,790,13,left_arm,amp_preserving,primary_amp_preserving,2,14.0,16.0,1625.0,1865.0,0.006839393857480225,0.002807440874298184,2.4361666598552913,0.9757235997234022,0.9825629935808824,0.00345242536550483,0.001274382618107861,2.7090964020137194,0.9879111923342884,0.9913636176997932,1.2889224831927448,1.4077308361460759,0.9156029335276971,5.05230179028133,6.341224273474075,0.39878084321776885,0.4463824016927136,0.8933614804382156,3.2043650968035133,3.603145940021282,0.011346815104556898,0.0214513073133762,0.5289568108271642,0.0306873815839333,0.0420341966884902
D13,790,13,left_arm,amp_preserving,primary_amp_preserving,2,14.0,12.0,1625.0,1385.0,0.009952344910354238,0.01713331853229505,0.5808766638870805,0.9757235997234022,0.9856759446337564,0.00527357290198327,0.007898113316193278,0.6677003343533972,0.9879111923342884,0.9931847652362716,1.2674971269653827,1.5425676527144292,0.8216800895150306,5.05230179028133,6.319798917246713,0.42011702754588365,0.507457094621456,0.8278867947629646,3.2043650968035133,3.624482124349397,0.003912272012611,0.0214513073133762,0.1823791881519249,0.0306873815839333,0.0345996535965443
D23,790,13,left_arm,amp_preserving,primary_amp_preserving,2,16.0,12.0,1865.0,1385.0,0.0031129510528740134,0.01713331853229505,0.18168990712489988,0.9825629935808824,0.9856759446337564,0.0018211475364784402,0.007898113316193278,0.23058007191978278,0.9913636176997932,0.9931847652362716,0.02142535622736208,1.5425676527144292,0.013889411067099882,6.341224273474075,6.319798917246713,0.021336184328114793,0.507457094621456,0.042045297137939884,3.603145940021282,3.624482124349397,0.007434543091945897,0.0096933558986857,0.7669730864781237,0.0420341966884902,0.0345996535965443
D12,790,13,left_arm,trial_zscore,primary_trial_zscore,1,14.0,14.0,1625.0,1625.0,0.016402758763206404,0.008110970475034396,2.022292993630561,0.965360473226048,0.9817632319892544,0.0071810502931830555,0.0038875829824606134,1.847176079734218,0.983506832330225,0.990687882623408,0.04419051280033415,0.4999610761141433,0.08838790640222811,5.486200822078684,5.44201030927835,0.010712882777696997,0.1895355937483978,0.056521746474269066,3.3682675927615664,3.3789804755392634,0.0,8.473653549660037e-05,0.0,0.0293391436150056,0.0293391436150056
D13,790,13,left_arm,trial_zscore,primary_trial_zscore,1,14.0,18.0,1625.0,2105.0,0.005942529698779175,0.0118815740119812,0.5001466718792323,0.965360473226048,0.9713030029248272,0.00320893876758066,0.005715503446999781,0.5614446386634789,0.983506832330225,0.9867157710978056,0.5019952586652003,1.011657706780289,0.4962105812081984,5.486200822078684,4.984205563413484,0.16653203214536827,0.32781271126348654,0.5080096848700737,3.3682675927615664,3.201735560616198,0.0001502127066257998,0.000264173207756499,0.5686144628423409,0.0293391436150056,0.0294893563216314
D23,790,13,left_arm,trial_zscore,primary_trial_zscore,1,14.0,18.0,1625.0,2105.0,0.010460229064427229,0.0118815740119812,0.8803740189539948,0.9817632319892544,0.9713030029248272,0.003972111525602395,0.005715503446999781,0.694971416330343,0.990687882623408,0.9867157710978056,0.4578047458648662,1.011657706780289,0.45252929206844056,5.44201030927835,4.984205563413484,0.17724491492306527,0.32781271126348654,0.5406895731404413,3.3789804755392634,3.201735560616198,0.0001502127066257998,0.000264173207756499,0.5686144628423409,0.0293391436150056,0.0294893563216314
D12,790,13,left_arm,trial_zscore,primary_trial_zscore,2,14.0,16.0,1625.0,1865.0,0.0025179196650993996,0.008110970475034396,0.3104338343789523,0.9734714437010824,0.9759893633661818,0.0014703586588458162,0.0038875829824606134,0.3782192342850428,0.9873944153126856,0.9888647739715314,0.7591562024700815,0.4999610761141433,1.5184306113797603,4.986239745964541,5.745395948434623,0.2624212352687474,0.1895355937483978,1.3845485698960738,3.1787319990131686,3.441153234281916,8.473653549660037e-05,8.473653549660037e-05,1.0,0.0293391436150056,0.0294238801505022
D13,790,13,left_arm,trial_zscore,primary_trial_zscore,2,14.0,12.0,1625.0,1385.0,0.00971313323572598,0.0118815740119812,0.8174954956246876,0.9734714437010824,0.9831845769368084,0.005036859232119828,0.005715503446999781,0.8812625657261757,0.9873944153126856,0.9924312745448054,1.009623524229232,1.011657706780289,0.9979892580885574,4.986239745964541,5.995863270193773,0.35081627286651607,0.32781271126348654,1.0701728786366063,3.1787319990131686,3.5295482718796847,0.0001139605011306992,0.000264173207756499,0.4313855371576591,0.0293391436150056,0.0292251831138749
D23,790,13,left_arm,trial_zscore,primary_trial_zscore,2,16.0,12.0,1865.0,1385.0,0.00719521357062658,0.0118815740119812,0.6055774734366873,0.9759893633661818,0.9831845769368084,0.003566500573274012,0.005715503446999781,0.6240046229254157,0.9888647739715314,0.9924312745448054,0.25046732175915043,1.011657706780289,0.24758109396140518,5.745395948434623,5.995863270193773,0.08839503759776868,0.32781271126348654,0.26965103719458655,3.441153234281916,3.5295482718796847,0.00019869703662729957,0.000264173207756499,0.7521468142615283,0.0294238801505022,0.0292251831138749
D12,790,13,left_leg,amp_preserving,primary_amp_preserving,1,14.0,14.0,1625.0,1625.0,0.013367634672595052,0.008575125114978599,1.5588850883639165,0.99512572900697,0.981758094334375,0.006914615728655149,0.003063831050600263,2.2568528141590716,0.9974664538256072,0.990551838096952,9.64180237828614,7.392050002553093,1.3043475591961662,15.780100250626566,6.138297872340425,1.3696163399059031,0.8745335772246454,1.5661106395164557,4.962722568346635,3.593106228440732,0.193430845017052,0.17893444486547938,1.081015145867923,0.2397536945812808,0.0463228495642288
D13,790,13,left_leg,amp_preserving,primary_amp_preserving,1,14.0,18.0,1625.0,2105.0,0.020556374653260656,0.016175761123903842,1.2708134409133511,0.99512572900697,0.9745693543537094,0.00989718538624118,0.007893614748983424,1.253821690185195,0.9974664538256072,0.987569268439366,9.955079389210557,7.392050002553093,1.346727820533172,15.780100250626566,5.825020861416009,1.4981209279778782,1.0410586161028133,1.4390360973007175,4.962722568346635,3.4646016403687567,0.1977046171538267,0.17893444486547938,1.1048997151021342,0.2397536945812808,0.0420490774274541
D23,790,13,left_leg,amp_preserving,primary_amp_preserving,1,14.0,18.0,1625.0,2105.0,0.007188739980665604,0.016175761123903842,0.44441432620084836,0.981758094334375,0.9745693543537094,0.0029825696575860317,0.007893614748983424,0.3778458605381192,0.990551838096952,0.987569268439366,0.3132770109244163,5.607948991053522,0.05586302789561631,6.138297872340425,5.825020861416009,0.12850458807197507,1.0410586161028133,0.12343645793262822,3.593106228440732,3.4646016403687567,0.004273772136774705,0.03303491497671101,0.12937136783271982,0.0463228495642288,0.0420490774274541
D12,790,13,left_leg,amp_preserving,primary_amp_preserving,2,14.0,16.0,1625.0,1865.0,0.01696045578465344,0.008575125114978599,1.977866859928115,0.9901434250040498,0.9731829692193964,0.007720775398726842,0.003063831050600263,2.5199742646430177,0.9952087824450786,0.9874880070463518,2.988922848422513,7.392050002553093,0.4043428882908244,8.388050248073473,5.3991273996509594,0.71662004908019,0.8745335772246454,0.8194311433466076,4.0881889911219895,3.3715689420417996,0.024241334885346605,0.17893444486547938,0.13547606724669992,0.0608192497158014,0.0365779148304548
D13,790,13,left_leg,amp_preserving,primary_amp_preserving,2,14.0,12.0,1625.0,1385.0,0.0006016904735633988,0.016175761123903842,0.037197042473274815,0.9901434250040498,0.9907451154776132,0.0002541007432708131,0.007893614748983424,0.032190669465283615,0.9952087824450786,0.9954628831883494,3.0449196043960587,7.392050002553093,0.411918155767939,8.388050248073473,11.432969852469531,0.41747126534958046,1.0410586161028133,0.40100649367119945,4.0881889911219895,4.50566025647157,0.014264742688363703,0.17893444486547938,0.07972049595642557,0.0608192497158014,0.0750839924041651
D23,790,13,left_leg,amp_preserving,primary_amp_preserving,2,16.0,12.0,1865.0,1385.0,0.017562146258216838,0.016175761123903842,1.0857075672479024,0.9731829692193964,0.9907451154776132,0.007974876141997655,0.007893614748983424,1.0102945729679418,0.9874880070463518,0.9954628831883494,6.033842452818572,5.607948991053522,1.0759446033557878,5.3991273996509594,11.432969852469531,1.1340913144297704,1.0410586161028133,1.089363554451164,3.3715689420417996,4.50566025647157,0.03850607757371031,0.03303491497671101,1.1656175776706665,0.0365779148304548,0.0750839924041651
D12,790,13,left_leg,trial_zscore,primary_trial_zscore,1,14.0,14.0,1625.0,1625.0,0.016144447601580847,0.02678686746054304,0.6027000964320132,0.9561645958721876,0.9723090434737685,0.008265957172009397,0.013290109265621353,0.6219630709426631,0.9783664402138816,0.986632397385891,0.06802431301430012,1.1065101424755026,0.06147644780021177,5.339873052510098,5.271848739495798,0.004135825875565047,0.34522044257544815,0.011980246142756043,3.3185788920837367,3.3144430662081716,0.0,8.473653549660037e-05,0.0,0.0293391436150056,0.0293391436150056
D13,790,13,left_leg,trial_zscore,primary_trial_zscore,1,14.0,18.0,1625.0,2105.0,0.008262765811042794,0.02678686746054304,0.30846331035959385,0.9561645958721876,0.9644273616832304,0.004321950824814791,0.013290109265621353,0.32520054865122483,0.9783664402138816,0.9826883910386964,0.08540951171250111,3.968243882783189,0.021523251653725938,5.339873052510098,5.254463540797597,0.04283864013625749,0.8956284170299402,0.047830818363622137,3.3185788920837367,3.275740251947479,0.0001502127066257998,0.000264173207756499,0.5686144628423409,0.0293391436150056,0.0294893563216314
D23,790,13,left_leg,trial_zscore,primary_trial_zscore,1,14.0,18.0,1625.0,2105.0,0.007881681790538053,0.015793987834798795,0.49903050913920505,0.9723090434737685,0.9644273616832304,0.003944006347194606,0.007779299071978385,0.5069873661755995,0.986632397385891,0.9826883910386964,0.017385198698200988,3.968243882783189,0.004381081206633805,5.271848739495798,5.254463540797597,0.03870281426069244,0.8956284170299402,0.04321302621129163,3.3144430662081716,3.275740251947479,0.0001502127066257998,0.000264173207756499,0.5686144628423409,0.0293391436150056,0.0294893563216314
D12,790,13,left_leg,trial_zscore,primary_trial_zscore,2,14.0,16.0,1625.0,1865.0,0.015682575486649086,0.02678686746054304,0.5854576131288761,0.9829514633327306,0.9672688878460816,0.006340578886666948,0.013290109265621353,0.4770900494451658,0.991656549479503,0.985315970592836,1.3968782444905514,1.1065101424755026,1.262417930815738,6.446383194985601,5.0495049504950495,0.42522228767180925,0.34522044257544815,1.231741331711191,3.663799334659185,3.2385770469873756,8.473653549660037e-05,8.473653549660037e-05,1.0,0.0293391436150056,0.0294238801505022
D13,790,13,left_leg,trial_zscore,primary_trial_zscore,2,14.0,12.0,1625.0,1385.0,0.0027301138147014514,0.02678686746054304,0.1019198612425622,0.9829514633327306,0.9802213495180292,0.0011888593688281768,0.013290109265621353,0.08945444654119585,0.991656549479503,0.9904676901106748,2.7763242285951852,3.968243882783189,0.6996354837566,6.446383194985601,9.222707423580786,0.5075693343182346,0.8956284170299402,0.5667186577235042,3.663799334659185,4.171368668977419,0.0001139605011306992,0.000264173207756499,0.4313855371576591,0.0293391436150056,0.0292251831138749
D23,790,13,left_leg,trial_zscore,primary_trial_zscore,2,16.0,12.0,1865.0,1385.0,0.012952461671947635,0.015793987834798795,0.820088112478443,0.9672688878460816,0.9802213495180292,0.005151719517838771,0.007779299071978385,0.662234408289514,0.985315970592836,0.9904676901106748,4.173202473085737,3.968243882783189,1.05164969602594,5.0495049504950495,9.222707423580786,0.9327916219900438,0.8956284170299402,1.0414939993567234,3.2385770469873756,4.171368668977419,0.00019869703662729957,0.000264173207756499,0.7521468142615283,0.0294238801505022,0.0292251831138749
D12,790,13,right_arm,amp_preserving,primary_amp_preserving,1,14.0,14.0,1625.0,1625.0,0.01054184182385176,0.014146763176581922,0.7451769491202321,0.9774812182545048,0.9880230600783566,0.004379000535667421,0.0066981745474876675,0.6537602901539621,0.9891558353772764,0.9935348359129438,2.5698565709046095,3.6276993577450085,0.7083984414028295,5.245957711442786,7.815814282347396,0.7246865595986658,0.7078705954167579,1.0237557037836944,3.275123021353878,3.999809580952544,0.0116331943918151,0.008102311481621799,1.4357871106538282,0.0392413793103448,0.0508745737021599
D13,790,13,right_arm,amp_preserving,primary_amp_preserving,1,14.0,18.0,1625.0,2105.0,0.006646233737300999,0.014146763176581922,0.4698059658129396,0.9774812182545048,0.9841274519918058,0.00289315287674341,0.0066981745474876675,0.4319315443680944,0.9891558353772764,0.9920489882540198,0.9599902439475487,3.6276993577450085,0.26462783965214864,5.245957711442786,6.205947955390335,0.3273484494225052,0.7078705954167579,0.4624410895748243,3.275123021353878,3.602471470776383,0.008600500721433799,0.0127398939325305,0.675084170008117,0.0392413793103448,0.030640878588911
D23,790,13,right_arm,amp_preserving,primary_amp_preserving,1,14.0,18.0,1625.0,2105.0,0.0038956080865507614,0.0016081315300515708,2.4224436955264683,0.9880230600783566,0.9841274519918058,0.001485847658924011,0.0011044756629238206,1.3452968759769721,0.9935348359129438,0.9920489882540198,1.6098663269570608,1.5996394189594172,1.0063932583033597,7.815814282347396,6.205947955390335,0.3973381101761606,0.3710356375342876,1.0708893431818727,3.999809580952544,3.602471470776383,0.0202336951132489,0.0127398939325305,1.588215350960141,0.0508745737021599,0.030640878588911
D12,790,13,right_arm,amp_preserving,primary_amp_preserving,2,14.0,16.0,1625.0,1865.0,0.005213052882781732,0.014146763176581922,0.3684979254767794,0.9916279814310868,0.986414928548305,0.0020742383851996005,0.0066981745474876675,0.30967219060864876,0.995854009924764,0.9937797715395644,2.657482205799816,3.6276993577450085,0.7325530436049467,8.873657069187795,6.2161748633879785,0.3542196733523797,0.7078705954167579,0.5004017339409802,3.982993616770636,3.628773943418256,0.002416403099345002,0.008102311481621799,0.2982362631732991,0.0473436907919666,0.0497600938913116
D13,790,13,right_arm,amp_preserving,primary_amp_preserving,2,14.0,12.0,1625.0,1385.0,0.00822369540756418,0.014146763176581922,0.5813128632263675,0.9916279814310868,0.9834042860235226,0.004909497333668078,0.0066981745474876675,0.7329604952605361,0.995854009924764,0.990944512591096,2.055748114710556,3.6276993577450085,0.566680948993639,8.873657069187795,6.817908954477239,0.1992244850764222,0.7078705954167579,0.2814419561517865,3.982993616770636,3.7837691316942137,0.003962918270525098,0.0127398939325305,0.31106367851352684,0.0473436907919666,0.0433807725214415
D23,790,13,right_arm,amp_preserving,primary_amp_preserving,2,16.0,12.0,1865.0,1385.0,0.0030106425247824475,0.0016081315300515708,1.8721369916090755,0.986414928548305,0.9834042860235226,0.0028352589484684776,0.0011044756629238206,2.5670633076358107,0.9937797715395644,0.990944512591096,0.6017340910892601,1.5996394189594172,0.37616858146737514,6.2161748633879785,6.817908954477239,0.15499518827595749,0.3710356375342876,0.417736660839309,3.628773943418256,3.7837691316942137,0.0063793213698701,0.0127398939325305,0.5007358305849716,0.0497600938913116,0.0433807725214415
D12,790,13,right_arm,trial_zscore,primary_trial_zscore,1,14.0,14.0,1625.0,1625.0,0.01059075762663697,0.015911967556118012,0.6655844155844145,0.9717149278020304,0.9823056854286674,0.0037584274016480013,0.0075039392452148634,0.5008605851979262,0.9868390463151911,0.9905974737168391,1.7877472245838248,2.538646507068382,0.7042127447071422,4.791491529741434,6.579238754325259,0.58340396875677,0.6943805116932782,0.8401790645508083,3.108051839828547,3.691455808585317,0.0,8.473653549660037e-05,0.0,0.0293391436150056,0.0293391436150056
D13,790,13,right_arm,trial_zscore,primary_trial_zscore,1,14.0,18.0,1625.0,2105.0,0.011608962371468579,0.015911967556118012,0.7295742861796519,0.9717149278020304,0.983323890173499,0.004662109833837302,0.0075039392452148634,0.6212883235708834,0.9868390463151911,0.9915011561490285,1.3528008824679238,2.538646507068382,0.5328827305027719,4.791491529741434,6.144292412209358,0.47520181330966915,0.6943805116932782,0.6843536149234202,3.108051839828547,3.583253653138216,0.0001502127066257998,0.000264173207756499,0.5686144628423409,0.0293391436150056,0.0294893563216314
D23,790,13,right_arm,trial_zscore,primary_trial_zscore,1,14.0,18.0,1625.0,2105.0,0.0010182047448316078,0.006238111519704548,0.16322323536784614,0.9823056854286674,0.983323890173499,0.0009036824321893011,0.004103798062630837,0.2202063596691632,0.9905974737168391,0.9915011561490285,0.434946342115901,1.29949258827555,0.33470475017720774,6.579238754325259,6.144292412209358,0.10820215544710088,0.3689985168607266,0.29323195217052944,3.691455808585317,3.583253653138216,0.0001502127066257998,0.000264173207756499,0.5686144628423409,0.0293391436150056,0.0294893563216314
D12,790,13,right_arm,trial_zscore,primary_trial_zscore,2,14.0,16.0,1625.0,1865.0,0.011559321449185589,0.015911967556118012,0.7264545637375392,0.9876268953581484,0.9760675739089628,0.004842750928777617,0.0075039392452148634,0.6453611590559929,0.994342985560406,0.9895002346316284,2.050391870760107,2.538646507068382,0.8076712787901655,7.330138036809816,5.279746166049709,0.47997505979723476,0.6943805116932782,0.6912277227176119,3.802432351521825,3.3224572917245903,8.473653549660037e-05,8.473653549660037e-05,1.0,0.0293391436150056,0.0294238801505022
D13,790,13,right_arm,trial_zscore,primary_trial_zscore,2,14.0,12.0,1625.0,1385.0,0.010511579399562043,0.015911967556118012,0.6606083982065708,0.9876268953581484,0.9771153159585864,0.006945627474008398,0.0075039392452148634,0.9255975091266242,0.994342985560406,0.9873973580863976,1.3110045421979848,2.538646507068382,0.5164187052225429,7.330138036809816,6.019133494611832,0.24996697279427593,0.6943805116932782,0.35998558223461685,3.802432351521825,3.552465378727549,0.0001139605011306992,0.000264173207756499,0.4313855371576591,0.0293391436150056,0.0292251831138749
D23,790,13,right_arm,trial_zscore,primary_trial_zscore,2,16.0,12.0,1865.0,1385.0,0.0010477420496235457,0.006238111519704548,0.16795821080049708,0.9760675739089628,0.9771153159585864,0.0021028765452307807,0.004103798062630837,0.5124220327456078,0.9895002346316284,0.9873973580863976,0.7393873285621222,1.29949258827555,0.5689815665230553,5.279746166049709,6.019133494611832,0.23000808700295883,0.3689985168607266,0.6233306544420941,3.3224572917245903,3.552465378727549,0.00019869703662729957,0.000264173207756499,0.7521468142615283,0.0294238801505022,0.0292251831138749
D12,790,13,right_leg,amp_preserving,primary_amp_preserving,1,14.0,14.0,1625.0,1625.0,0.022694614415353143,0.02397480032804955,0.94660285403092,0.9648248694779616,0.9875194838933148,0.012093511254359757,0.012483935426902848,0.968725873757587,0.9817095282329974,0.9938030394873572,1.3991036431871304,1.9570373491274182,0.7149090147977744,8.929520481816928,7.530416838629797,0.12122767953953684,0.48085494931440476,0.2521086238425565,4.075167722719278,3.953940043179741,0.0825486926866237,0.11216748768472899,0.735941353332658,0.1525630920803334,0.0700143993937097
D13,790,13,right_leg,amp_preserving,primary_amp_preserving,1,14.0,18.0,1625.0,2105.0,0.019276763386442797,0.02397480032804955,0.8040427082885758,0.9648248694779616,0.9841016328644044,0.00995841467873737,0.012483935426902848,0.7976983489739151,0.9817095282329974,0.9916679429117348,1.851576605603972,1.9570373491274182,0.9461120435077706,8.929520481816928,7.077943876212956,0.2320570328292928,0.34428314467472987,0.6740296073702199,4.075167722719278,3.843110689889985,0.09064235293851108,0.11216748768472899,0.808098271695993,0.1525630920803334,0.0619207391418223
D23,790,13,right_leg,amp_preserving,primary_amp_preserving,1,14.0,18.0,1625.0,2105.0,0.003417851028910346,0.009218415497734389,0.370763395265743,0.9875194838933148,0.9841016328644044,0.002135096575622386,0.004623969082827917,0.4617454263592542,0.9938030394873572,0.9916679429117348,0.45247296241684154,1.7716988382266532,0.25538932049520074,7.530416838629797,7.077943876212956,0.11082935328975596,0.48085494931440476,0.23048396080309597,3.953940043179741,3.843110689889985,0.008093660251887395,0.019612254621591795,0.4126838248865488,0.0700143993937097,0.0619207391418223
D12,790,13,right_leg,amp_preserving,primary_amp_preserving,2,14.0,16.0,1625.0,1865.0,0.010498601410430797,0.02397480032804955,0.43790151604090133,0.9887996698060112,0.9783010683955804,0.005014393255371008,0.012483935426902848,0.40166767000132053,0.9941934636599002,0.9891790704045292,1.2137651322863654,1.9570373491274182,0.6202054001818337,6.97248313268951,5.758718000403144,0.2577994841792117,0.48085494931440476,0.5361273384973537,3.730884578044548,3.473085093865336,0.010006540376513502,0.11216748768472899,0.08921070252227678,0.0403956043956044,0.0504021447721179
D13,790,13,right_leg,amp_preserving,primary_amp_preserving,2,14.0,12.0,1625.0,1385.0,0.007445754849470632,0.02397480032804955,0.31056587531865276,0.9887996698060112,0.9813539149565406,0.0034714237709834173,0.012483935426902848,0.2780712693773238,0.9941934636599002,0.9907220398889168,0.2663833175323935,1.9570373491274182,0.13611560231651457,6.97248313268951,6.706099815157116,0.024623007058406365,0.34428314467472987,0.07151964143254695,3.730884578044548,3.7062615709861415,0.0174642065432324,0.11216748768472899,0.15569758139113657,0.0403956043956044,0.0578598109388368
D23,790,13,right_leg,amp_preserving,primary_amp_preserving,2,16.0,12.0,1865.0,1385.0,0.003052846560960165,0.009218415497734389,0.33116825355837604,0.9783010683955804,0.9813539149565406,0.0015429694843875907,0.004623969082827917,0.3336894033564655,0.9891790704045292,0.9907220398889168,0.9473818147539719,1.7716988382266532,0.5347307309306784,5.758718000403144,6.706099815157116,0.23317647712080536,0.48085494931440476,0.4849206136970507,3.473085093865336,3.7062615709861415,0.007457666166718897,0.019612254621591795,0.3802554224698113,0.0504021447721179,0.0578598109388368
D12,790,13,right_leg,trial_zscore,primary_trial_zscore,1,14.0,14.0,1625.0,1625.0,0.09405109394776945,0.10177459768036567,0.9241116751269041,0.8828300570867668,0.9768811510345362,0.04993154754216933,0.05354790380492336,0.9324650265315982,0.9385606902074238,0.9884922377495932,0.009921102921696345,0.8521716677597144,0.011642141245763387,5.685742804857761,5.675821701936065,0.04646023253314935,0.3267018698062816,0.14220987642555588,3.394547441877713,3.441007674410862,0.0,8.473653549660037e-05,0.0,0.0293391436150056,0.0293391436150056
D13,790,13,right_leg,trial_zscore,primary_trial_zscore,1,14.0,18.0,1625.0,2105.0,0.08810542826612666,0.10177459768036567,0.865691737174255,0.8828300570867668,0.9709354853528934,0.04691470908510498,0.05354790380492336,0.876125968553628,0.9385606902074238,0.9854753992925288,0.26187625224869393,0.7183230553572928,0.36456612424675283,5.685742804857761,5.423866552609067,0.03521756266028264,0.19231522606628904,0.18312415184507294,3.394547441877713,3.35932987921743,0.0001502127066257998,0.000264173207756499,0.5686144628423409,0.0293391436150056,0.0294893563216314
D23,790,13,right_leg,trial_zscore,primary_trial_zscore,1,14.0,18.0,1625.0,2105.0,0.005945665681642787,0.011000500322820184,0.5404904783565794,0.9768811510345362,0.9709354853528934,0.0030168384570643525,0.005063096501352948,0.5958485002721556,0.9884922377495932,0.9854753992925288,0.2519551493269976,0.8521716677597144,0.29566243382552937,5.675821701936065,5.423866552609067,0.08167779519343199,0.3267018698062816,0.250007124972572,3.441007674410862,3.35932987921743,0.0001502127066257998,0.000264173207756499,0.5686144628423409,0.0293391436150056,0.0294893563216314
D12,790,13,right_leg,trial_zscore,primary_trial_zscore,2,14.0,16.0,1625.0,1865.0,0.01872400405541641,0.10177459768036567,0.18397522055769952,0.9846046547671324,0.965880650711716,0.008679452764106976,0.05354790380492336,0.16208762897099552,0.9921085940123472,0.9834291412482402,1.5804158260387036,0.8521716677597144,1.85457447816058,6.404065860215054,4.82365003417635,0.47255686333942126,0.3267018698062816,1.4464467669549141,3.586862667944002,3.1143058046045806,8.473653549660037e-05,8.473653549660037e-05,1.0,0.0293391436150056,0.0294238801505022
D13,790,13,right_leg,trial_zscore,primary_trial_zscore,2,14.0,12.0,1625.0,1385.0,0.024518971082734042,0.10177459768036567,0.2409144486106304,0.9846046547671324,0.9600856836843984,0.010173570806349175,0.05354790380492336,0.18999008520318186,0.9921085940123472,0.981935023205998,1.3224332071538294,0.7183230553572928,1.8410006435002328,6.404065860215054,5.081632653061225,0.3727743780249333,0.19231522606628904,1.9383508297800711,3.586862667944002,3.2140882899190686,0.0001139605011306992,0.000264173207756499,0.4313855371576591,0.0293391436150056,0.0292251831138749
D23,790,13,right_leg,trial_zscore,primary_trial_zscore,2,16.0,12.0,1865.0,1385.0,0.005794967027317632,0.011000500322820184,0.5267912237860818,0.965880650711716,0.9600856836843984,0.0014941180422421985,0.005063096501352948,0.2950996572636812,0.9834291412482402,0.981935023205998,0.25798261888487417,0.8521716677597144,0.3027355034732475,4.82365003417635,5.081632653061225,0.09978248531448797,0.3267018698062816,0.30542367380282875,3.1143058046045806,3.2140882899190686,0.00019869703662729957,0.000264173207756499,0.7521468142615283,0.0294238801505022,0.0292251831138749
D12,790,13,trunk_spine,amp_preserving,primary_amp_preserving,1,14.0,14.0,1625.0,1625.0,0.0331482619321104,0.038988525917318606,0.8502055707981006,0.9501374570446736,0.983285718976784,0.016690213176227986,0.019683058092715866,0.8479481743949409,0.9754123711340206,0.9921025843102486,0.1817084043853594,1.608898123574531,0.11293965834309826,5.823907319641917,6.005615724027276,0.015974137697118973,0.5834987659169344,0.02737647211989651,3.48653818586555,3.502512323562669,0.0210284198560061,0.0070996589617279005,2.961891545687463,0.0441076165214096,0.0230791966654035
D13,790,13,trunk_spine,amp_preserving,primary_amp_preserving,1,14.0,18.0,1625.0,2105.0,0.009518654981999997,0.038988525917318606,0.24413990419093617,0.9501374570446736,0.9406188020626736,0.0033873810507203395,0.019683058092715866,0.17209627867602098,0.9754123711340206,0.9720249900833002,1.7056370869222226,0.8172311376659342,2.0870926330507107,5.823907319641917,4.118270232719694,0.6891622465958287,0.20918451365142676,3.2945184830661494,3.48653818586555,2.7973759392697213,0.021339086044453597,0.0070996589617279005,3.005649448725088,0.0441076165214096,0.022768530476956
D23,790,13,trunk_spine,amp_preserving,primary_amp_preserving,1,14.0,18.0,1625.0,2105.0,0.0426669169141104,0.015523692020457114,2.7485031819675343,0.983285718976784,0.9406188020626736,0.020077594226948325,0.0063779773195413725,3.1479563537225097,0.9921025843102486,0.9720249900833002,1.887345491307582,1.608898123574531,1.1730671219346178,6.005615724027276,4.118270232719694,0.7051363842929477,0.5834987659169344,1.2084625118013177,3.502512323562669,2.7973759392697213,0.0003106661884474983,0.0054779585362115,0.05671203722953913,0.0230791966654035,0.022768530476956
D12,790,13,trunk_spine,amp_preserving,primary_amp_preserving,2,14.0,16.0,1625.0,1865.0,0.02136395600566532,0.038988525917318606,0.547954956054789,0.9891259829619922,0.9677620269563268,0.009370822236029253,0.019683058092715866,0.4760856870862523,0.9950954292267364,0.9857246069907072,2.244420856855106,1.608898123574531,1.3950049564782991,6.641138457307851,4.396717600452745,0.7767091418712422,0.5834987659169344,1.3311238810431567,3.6957226995169767,2.9190135576457346,0.013915412483797799,0.0070996589617279005,1.9600113975631155,0.0370079575596817,0.0230925450758839
D13,790,13,trunk_spine,amp_preserving,primary_amp_preserving,2,14.0,12.0,1625.0,1385.0,0.060417354120384514,0.038988525917318606,1.5496188352570488,0.9891259829619922,0.9287086288416077,0.02931898123619281,0.019683058092715866,1.4895541687723273,0.9950954292267364,0.9657764479905436,2.344095216836137,0.8172311376659342,2.8683381099881076,6.641138457307851,4.297043240471714,0.7992307208232359,0.20918451365142676,3.820697368424838,3.6957226995169767,2.896491978693741,0.008761468546514196,0.0070996589617279005,1.2340689311619903,0.0370079575596817,0.0282464890131675
D23,790,13,trunk_spine,amp_preserving,primary_amp_preserving,2,16.0,12.0,1865.0,1385.0,0.039053398114719196,0.015523692020457114,2.5157287366468393,0.9677620269563268,0.9287086288416077,0.019948159000163557,0.0063779773195413725,3.127662266694606,0.9857246069907072,0.9657764479905436,0.09967435998103102,1.608898123574531,0.061951939977145286,4.396717600452745,4.297043240471714,0.022521578951993693,0.5834987659169344,0.038597474866296146,2.9190135576457346,2.896491978693741,0.0051539439372836025,0.0054779585362115,0.9408512136800541,0.0230925450758839,0.0282464890131675
D12,790,13,trunk_spine,trial_zscore,primary_trial_zscore,1,14.0,14.0,1625.0,1625.0,0.046547671324878026,0.047141786996616086,0.987397260273975,0.9399426549221191,0.9864903262469972,0.02363547128871446,0.024423320331671494,0.9677419354838755,0.9698034252060032,0.9934388964947176,1.1110660101794592,1.72941809266014,0.6424507843967622,5.29665211062591,6.407718120805369,0.3190138263144129,0.5790587585760707,0.5509178845664661,3.305532986515374,3.624546812829787,0.0,8.473653549660037e-05,0.0,0.0293391436150056,0.0293391436150056
D13,790,13,trunk_spine,trial_zscore,primary_trial_zscore,1,14.0,18.0,1625.0,2105.0,0.008329246828183257,0.047141786996616086,0.17668500408737461,0.9399426549221191,0.9482719017503024,0.005503987929687426,0.024423320331671494,0.22535788971125295,0.9698034252060032,0.9753074131356906,0.8863536988318783,0.811564001906059,1.0921550201218466,5.29665211062591,4.410298411794032,0.35737519499020287,0.22970996154133738,1.5557670751074133,3.305532986515374,2.9481577915251713,0.0001502127066257998,0.000264173207756499,0.5686144628423409,0.0293391436150056,0.0294893563216314
D23,790,13,trunk_spine,trial_zscore,primary_trial_zscore,1,14.0,18.0,1625.0,2105.0,0.03821842449669477,0.016997356944875808,2.2484921991484375,0.9864903262469972,0.9482719017503024,0.018131483359027034,0.008581243910413816,2.1129201719838626,0.9934388964947176,0.9753074131356906,1.9974197090113375,1.72941809266014,1.15496635399423,6.407718120805369,4.410298411794032,0.6763890213046158,0.5790587585760707,1.1680835688728448,3.624546812829787,2.9481577915251713,0.0001502127066257998,0.000264173207756499,0.5686144628423409,0.0293391436150056,0.0294893563216314
D12,790,13,trunk_spine,trial_zscore,primary_trial_zscore,2,14.0,16.0,1625.0,1865.0,0.012072710337318049,0.047141786996616086,0.25609360837731177,0.9870844419187352,0.9750117315814172,0.00611474804041201,0.024423320331671494,0.25036514107717667,0.9942267455376746,0.9881119974972626,1.4299160843867398,1.72941809266014,0.8268192003168447,6.108216112531969,4.678300028145229,0.4897548938029952,0.5790587585760707,0.8457775425197308,3.5352429480567116,3.0454880542537164,8.473653549660037e-05,8.473653549660037e-05,1.0,0.0293391436150056,0.0294238801505022
D13,790,13,trunk_spine,trial_zscore,primary_trial_zscore,2,14.0,12.0,1625.0,1385.0,0.05580989711330864,0.047141786996616086,1.1838731764095995,0.9870844419187352,0.9312745448054266,0.027500576312397884,0.024423320331671494,1.1259966269506725,0.9942267455376746,0.9667261692252768,1.7852131294361788,0.811564001906059,2.199719461734852,6.108216112531969,4.32300298309579,0.6273268161462435,0.22970996154133738,2.730951726851224,3.5352429480567116,2.907916131910468,0.0001139605011306992,0.000264173207756499,0.4313855371576591,0.0293391436150056,0.0292251831138749
D23,790,13,trunk_spine,trial_zscore,primary_trial_zscore,2,16.0,12.0,1865.0,1385.0,0.04373718677599059,0.016997356944875808,2.573175754197245,0.9750117315814172,0.9312745448054266,0.021385828271985874,0.008581243910413816,2.4921594695651272,0.9881119974972626,0.9667261692252768,0.35529704504943904,1.72941809266014,0.20544311786569297,4.678300028145229,4.32300298309579,0.13757192234324833,0.5790587585760707,0.23757851911530248,3.0454880542537164,2.907916131910468,0.00019869703662729957,0.000264173207756499,0.7521468142615283,0.0294238801505022,0.0292251831138749
