fold,objective,seed,participant,timepoint,repetition,recording_id,n_windows,n_exercises,e0,e1,e2,e3,e4,e5,e6,e7,e8,e9,e10,e11,e12,e13,e14,e15,e16,e17,e18,e19,e20,e21,e22,e23,e24,e25,e26,e27,e28,e29,e30,e31,ex11_e0,ex11_e1,ex11_e2,ex11_e3,ex11_e4,ex11_e5,ex11_e6,ex11_e7,ex11_e8,ex11_e9,ex11_e10,ex11_e11,ex11_e12,ex11_e13,ex11_e14,ex11_e15,ex11_e16,ex11_e17,ex11_e18,ex11_e19,ex11_e20,ex11_e21,ex11_e22,ex11_e23,ex11_e24,ex11_e25,ex11_e26,ex11_e27,ex11_e28,ex11_e29,ex11_e30,ex11_e31
A,masked_6d,0,252,1,1,252_T1_P1_R1,23,5,0.22980663180351257,-0.3270995616912842,-0.27276158332824707,-1.8875048160552979,-0.007464495487511158,0.3571816086769104,-0.06355881690979004,0.6147177219390869,-1.6259982585906982,-0.7547425031661987,0.15896597504615784,1.1376698017120361,0.03628287464380264,-0.5641589760780334,0.1827688217163086,1.7847315073013306,-0.9248676300048828,1.0426150560379028,-0.6770727038383484,-0.8578816652297974,1.0322483777999878,0.47687187790870667,-1.542258858680725,-1.0994138717651367,0.8564395904541016,0.8617938756942749,0.8560016751289368,-0.1362031102180481,-0.8190086483955383,1.3286693096160889,1.0235888957977295,-0.4088749885559082,0.22055812180042267,-0.3397802710533142,-0.30646973848342896,-1.9472564458847046,0.008783163502812386,0.4054006040096283,-0.04932756349444389,0.6375309824943542,-1.6787570714950562,-0.7384127378463745,0.10362674295902252,1.1443105936050415,0.08104387670755386,-0.5323295593261719,0.11739756911993027,1.8379491567611694,-0.9836007952690125,1.0706653594970703,-0.7223747968673706,-0.8058124780654907,1.0193928480148315,0.4701038897037506,-1.5216143131256104,-1.1063613891601562,0.8249176740646362,0.8759620785713196,0.8846529126167297,-0.1117652878165245,-0.8527655601501465,1.3573065996170044,1.0809242725372314,-0.43500080704689026
A,masked_6d,0,252,1,2,252_T1_P1_R2,25,5,0.2349943220615387,-0.32023295760154724,-0.2953795790672302,-1.8945324420928955,-0.012542210519313812,0.3453175127506256,-0.06849383562803268,0.6034448146820068,-1.6344702243804932,-0.776653528213501,0.17252729833126068,1.1541643142700195,0.027712130919098854,-0.5652060508728027,0.21381187438964844,1.7933342456817627,-0.9098121523857117,1.026248574256897,-0.6590346097946167,-0.8851326107978821,1.0505125522613525,0.4728814959526062,-1.5381224155426025,-1.1092067956924438,0.8671877980232239,0.8503007888793945,0.8563119173049927,-0.14112058281898499,-0.804872989654541,1.344336748123169,1.0039222240447998,-0.3909207284450531,0.20523059368133545,-0.31998878717422485,-0.32563096284866333,-1.9519659280776978,-0.0034710709005594254,0.368147611618042,-0.0731126219034195,0.6249955892562866,-1.6751058101654053,-0.7879894971847534,0.16074293851852417,1.1781247854232788,0.03339776396751404,-0.549291729927063,0.18764087557792664,1.8537530899047852,-0.931376576423645,1.0464569330215454,-0.661490261554718,-0.8936082124710083,1.0889732837677002,0.49309268593788147,-1.541351556777954,-1.153336524963379,0.8573232889175415,0.879754364490509,0.8605331182479858,-0.15181297063827515,-0.8248780965805054,1.386767029762268,1.0329047441482544,-0.4017283320426941
A,masked_6d,0,252,2,1,252_T2_P1_R1,25,5,0.26121988892555237,-0.32496821880340576,-0.2469993382692337,-1.8475112915039062,-0.02919507957994938,0.3623179793357849,-0.06743869930505753,0.6362013816833496,-1.641493797302246,-0.7458626627922058,0.119256392121315,1.148045539855957,0.0633707270026207,-0.5572243332862854,0.15983165800571442,1.7810828685760498,-0.9115816950798035,1.0353810787200928,-0.6859787702560425,-0.8625809550285339,0.9831348657608032,0.4680121839046478,-1.5451574325561523,-1.0855108499526978,0.8594499826431274,0.8430227041244507,0.8829342722892761,-0.12445026636123657,-0.7996808886528015,1.292816400527954,1.0109224319458008,-0.419558048248291,0.17004621028900146,-0.33859583735466003,-0.23384985327720642,-1.9247955083847046,0.037647947669029236,0.3646475374698639,-0.05572229623794556,0.6637729406356812,-1.6690833568572998,-0.7549340128898621,0.13517406582832336,1.1346795558929443,0.0654747411608696,-0.5606013536453247,0.17335160076618195,1.7709741592407227,-0.9717073440551758,1.0885196924209595,-0.6915526390075684,-0.8404797315597534,1.0819482803344727,0.5077974200248718,-1.563704252243042,-1.1264641284942627,0.8339978456497192,0.9256237745285034,0.8698694109916687,-0.14390258491039276,-0.8979838490486145,1.3397966623306274,1.0845787525177002,-0.46049514412879944
A,masked_6d,0,252,2,2,252_T2_P1_R2,25,5,0.25119131803512573,-0.32034599781036377,-0.2457505464553833,-1.8478107452392578,-0.013831028714776039,0.3422349691390991,-0.0558563694357872,0.6214896440505981,-1.6441400051116943,-0.7391431927680969,0.14164486527442932,1.1280437707901,0.048985064029693604,-0.5675280690193176,0.21938779950141907,1.724648118019104,-0.9142180681228638,1.024689793586731,-0.6750305891036987,-0.8592117428779602,1.022895097732544,0.478321373462677,-1.5425945520401,-1.088379144668579,0.8306474685668945,0.8517855405807495,0.870918869972229,-0.13881227374076843,-0.8091088533401489,1.315732717514038,1.0025485754013062,-0.4018530249595642,0.20872892439365387,-0.3260441720485687,-0.23465213179588318,-1.8908220529556274,0.028779692947864532,0.38251566886901855,-0.02760455012321472,0.6570415496826172,-1.689457654953003,-0.7138243913650513,0.12409718334674835,1.1150954961776733,0.04916844516992569,-0.5695545673370361,0.1982138454914093,1.7211592197418213,-0.9658750295639038,1.0652682781219482,-0.7033874988555908,-0.8336236476898193,1.0832340717315674,0.5408269166946411,-1.5816650390625,-1.1470643281936646,0.7820886373519897,0.9313200116157532,0.8701604604721069,-0.17260780930519104,-0.867271363735199,1.3641375303268433,1.0530115365982056,-0.4373210072517395
A,masked_6d,0,252,3,1,252_T3_P1_R1,25,5,0.2680794894695282,-0.3086707890033722,-0.3258383870124817,-1.901293158531189,-0.08565603196620941,0.3802469074726105,-0.09316806495189667,0.5747907757759094,-1.6416661739349365,-0.7645761966705322,0.06129298359155655,1.1443368196487427,0.14067864418029785,-0.48135796189308167,0.12613432109355927,1.8445980548858643,-0.9304171800613403,1.0090974569320679,-0.6857036352157593,-0.8033697009086609,0.9031407237052917,0.3501977324485779,-1.4165312051773071,-1.0245453119277954,0.843714714050293,0.7447474598884583,0.9048291444778442,-0.02693767473101616,-0.7504578232765198,1.2893036603927612,1.022964596748352,-0.3672962784767151,0.32929906249046326,-0.3210880756378174,-0.36853256821632385,-1.9502633810043335,-0.1216145008802414,0.4215637743473053,-0.10353903472423553,0.6122560501098633,-1.6863117218017578,-0.7780194282531738,0.035701051354408264,1.2061506509780884,0.14764103293418884,-0.4872806668281555,0.04488386958837509,1.9792821407318115,-0.9573162198066711,1.02646803855896,-0.7259419560432434,-0.8211873173713684,0.8774410486221313,0.36386093497276306,-1.460012435913086,-1.047213077545166,0.8889240026473999,0.7417620420455933,0.9408574104309082,-0.03337203711271286,-0.7315781116485596,1.3211555480957031,1.03854501247406,-0.38069143891334534
A,masked_6d,0,252,3,2,252_T3_P1_R2,24,5,0.22349071502685547,-0.3059151768684387,-0.34009191393852234,-1.8551324605941772,-0.055384356528520584,0.42927655577659607,-0.07017113268375397,0.5501387119293213,-1.6340301036834717,-0.7717908620834351,0.04150465130805969,1.1311002969741821,0.117825448513031,-0.4657514691352844,0.11470005661249161,1.838122010231018,-0.9054523706436157,0.9874958992004395,-0.6301819682121277,-0.8282548785209656,0.9178657531738281,0.3739534020423889,-1.4236403703689575,-1.0755538940429688,0.858712375164032,0.7686089277267456,0.8668411374092102,-0.06373584270477295,-0.7271352410316467,1.3033506870269775,0.9903879165649414,-0.35924914479255676,0.2082703411579132,-0.28826916217803955,-0.3972698152065277,-1.9001216888427734,-0.06868124008178711,0.4736720025539398,-0.08636628091335297,0.5163778066635132,-1.6355091333389282,-0.8101609945297241,0.01794605515897274,1.1561673879623413,0.1212131530046463,-0.4516593813896179,0.07180216908454895,1.921838402748108,-0.9010718464851379,0.985710620880127,-0.6065808534622192,-0.8490689396858215,0.9263759851455688,0.3559010922908783,-1.407106876373291,-1.1121711730957031,0.8931873440742493,0.7587300539016724,0.8614507913589478,-0.05594182014465332,-0.7079485654830933,1.3439897298812866,0.9968624114990234,-0.331760048866272
A,masked_6d,0,651,1,1,651_T1_P1_R1,24,5,0.21613669395446777,-0.32113367319107056,-0.20041623711585999,-1.8802807331085205,-0.002213453408330679,0.3457522988319397,-0.07235749065876007,0.679623544216156,-1.64847731590271,-0.7436232566833496,0.15905679762363434,1.1391173601150513,0.044943295419216156,-0.5791326761245728,0.15022049844264984,1.7822803258895874,-0.9346897006034851,1.0758717060089111,-0.6920074224472046,-0.8799952268600464,1.0555609464645386,0.5232189297676086,-1.5960031747817993,-1.1358336210250854,0.8437191247940063,0.9208188056945801,0.8675400614738464,-0.18910633027553558,-0.8566875457763672,1.3337937593460083,1.0540118217468262,-0.4432617127895355,0.21722319722175598,-0.30801457166671753,-0.20806165039539337,-1.9382095336914062,-0.013581906445324421,0.34199580550193787,-0.09606267511844635,0.7037853598594666,-1.649507761001587,-0.7644739747047424,0.18070968985557556,1.1812212467193604,0.03041011653840542,-0.5914372205734253,0.11248797178268433,1.859992265701294,-0.9377382397651672,1.0978310108184814,-0.6930164694786072,-0.9129238128662109,1.0842084884643555,0.5310284495353699,-1.6288537979125977,-1.168539047241211,0.8714072108268738,0.9489459991455078,0.8653522729873657,-0.20547647774219513,-0.8729884028434753,1.359189748764038,1.0758147239685059,-0.4540265202522278
A,masked_6d,0,651,1,2,651_T1_P1_R2,24,5,0.29751473665237427,-0.34525278210639954,-0.24175283312797546,-1.8603557348251343,-0.033801816403865814,0.3665819764137268,-0.056907784193754196,0.6582647562026978,-1.6540895700454712,-0.7123845219612122,0.11993260681629181,1.1343786716461182,0.06855282932519913,-0.562075674533844,0.13544902205467224,1.8063023090362549,-0.945930004119873,1.0548394918441772,-0.7423683404922485,-0.8362000584602356,0.964943528175354,0.48797518014907837,-1.5679668188095093,-1.0818356275558472,0.830285370349884,0.8517090082168579,0.902585506439209,-0.14809688925743103,-0.8059254884719849,1.3199214935302734,1.0370210409164429,-0.42915964126586914,0.3344648778438568,-0.34836545586586,-0.28690844774246216,-1.9238593578338623,-0.06797027587890625,0.3861861824989319,-0.07852920144796371,0.658630907535553,-1.6497423648834229,-0.7043340802192688,0.10457901656627655,1.1562438011169434,0.08139710128307343,-0.5444496273994446,0.059102095663547516,1.9141769409179688,-0.971808135509491,1.0673229694366455,-0.7685542106628418,-0.8177100419998169,0.9238954782485962,0.45696792006492615,-1.554895281791687,-1.0701714754104614,0.839094340801239,0.8313409686088562,0.9142040014266968,-0.1144341379404068,-0.7909150123596191,1.3346363306045532,1.0645511150360107,-0.4244078993797302
A,masked_6d,0,651,2,1,651_T2_P1_R1,25,5,0.1842285841703415,-0.31274834275245667,-0.26261693239212036,-1.8903160095214844,0.03483036905527115,0.3549742102622986,-0.06051791459321976,0.6357640027999878,-1.6514482498168945,-0.760764479637146,0.133908212184906,1.1272478103637695,0.049555495381355286,-0.5397760272026062,0.17580634355545044,1.752244234085083,-0.9518531560897827,1.0536365509033203,-0.6680018901824951,-0.8505059480667114,1.0650650262832642,0.49184471368789673,-1.5311086177825928,-1.1255242824554443,0.8017337918281555,0.9135388135910034,0.8389198184013367,-0.14678774774074554,-0.8392734527587891,1.3554844856262207,1.0489678382873535,-0.4153485894203186,0.2272738516330719,-0.31273695826530457,-0.30857595801353455,-1.9236972332000732,-0.005834265612065792,0.3770827353000641,-0.07077838480472565,0.6328082084655762,-1.6631641387939453,-0.7554773688316345,0.13371968269348145,1.1568913459777832,0.048621147871017456,-0.5368880033493042,0.15205731987953186,1.8286272287368774,-0.9492443799972534,1.0472257137298584,-0.6905781030654907,-0.8552835583686829,1.036991834640503,0.48338669538497925,-1.5248727798461914,-1.1363836526870728,0.8033508062362671,0.8853188753128052,0.8631315231323242,-0.13628748059272766,-0.8101237416267395,1.3740642070770264,1.0379843711853027,-0.39879319071769714
A,masked_6d,0,651,2,2,651_T2_P1_R2,26,5,0.18997745215892792,-0.31721219420433044,-0.25185537338256836,-1.8725639581680298,0.03041362389922142,0.3646671175956726,-0.05284295231103897,0.6327222585678101,-1.651841402053833,-0.7549241781234741,0.13069629669189453,1.1190317869186401,0.03961489349603653,-0.5447421669960022,0.18444335460662842,1.7512435913085938,-0.937120795249939,1.050431728363037,-0.6610692739486694,-0.859063446521759,1.0688949823379517,0.5069774389266968,-1.5509250164031982,-1.1400846242904663,0.8196476697921753,0.9148724675178528,0.8369444012641907,-0.16809670627117157,-0.8382464647293091,1.355151891708374,1.0354665517807007,-0.41781362891197205,0.2134004533290863,-0.3104557394981384,-0.29262709617614746,-1.9442927837371826,0.001669671619310975,0.37396949529647827,-0.07392865419387817,0.6504956483840942,-1.6611328125,-0.7689768671989441,0.14075453579425812,1.1719989776611328,0.035718511790037155,-0.5485028028488159,0.1359613984823227,1.8540160655975342,-0.9459535479545593,1.0636926889419556,-0.6775034666061401,-0.8817865252494812,1.063762903213501,0.4944230616092682,-1.5608350038528442,-1.1599987745285034,0.8428789377212524,0.9111433029174805,0.8513339757919312,-0.1559714674949646,-0.832342267036438,1.3853927850723267,1.05130136013031,-0.4152114987373352
A,masked_6d,0,651,3,1,651_T3_P1_R1,24,5,0.19815298914909363,-0.3285585343837738,-0.20224404335021973,-1.8324636220932007,0.005679811351001263,0.3422754406929016,-0.046010516583919525,0.6555240154266357,-1.6358716487884521,-0.7395422458648682,0.15088529884815216,1.1156482696533203,0.05785294249653816,-0.5580458641052246,0.16880477964878082,1.7416795492172241,-0.9161733388900757,1.0526162385940552,-0.6835418939590454,-0.8685531616210938,1.0324387550354004,0.5194070935249329,-1.5694869756698608,-1.117397427558899,0.8406690359115601,0.9027260541915894,0.864216685295105,-0.1890908181667328,-0.8267942667007446,1.3026652336120605,1.0177654027938843,-0.440481960773468,0.20932626724243164,-0.33278098702430725,-0.20878379046916962,-1.862853765487671,-0.006257835775613785,0.3473820388317108,-0.04666425287723541,0.6692062616348267,-1.643796682357788,-0.7378371953964233,0.15990829467773438,1.1326459646224976,0.059334803372621536,-0.5658594369888306,0.15716835856437683,1.7785453796386719,-0.9266914129257202,1.0630459785461426,-0.7020437717437744,-0.869909405708313,1.0345977544784546,0.5226536989212036,-1.5803673267364502,-1.1260576248168945,0.8432614207267761,0.9033496975898743,0.8813936114311218,-0.18814930319786072,-0.8362653851509094,1.3112338781356812,1.0261586904525757,-0.4496162533760071
A,masked_6d,0,651,3,2,651_T3_P1_R2,24,5,0.20131127536296844,-0.3231010437011719,-0.22210204601287842,-1.8543201684951782,-0.005436114966869354,0.3442034125328064,-0.05655843764543533,0.6497807502746582,-1.6213724613189697,-0.7490137219429016,0.15635934472084045,1.1297667026519775,0.05447595566511154,-0.5530892610549927,0.144113689661026,1.7778675556182861,-0.914162814617157,1.04913330078125,-0.6733683347702026,-0.8785494565963745,1.022698163986206,0.49955683946609497,-1.5612467527389526,-1.11751389503479,0.8532479405403137,0.892532467842102,0.8599447011947632,-0.17761290073394775,-0.815384030342102,1.3112934827804565,1.0208567380905151,-0.4306812882423401,0.21859224140644073,-0.33244532346725464,-0.23927626013755798,-1.8768818378448486,-0.009068766608834267,0.36443284153938293,-0.055358827114105225,0.6567610502243042,-1.6469752788543701,-0.7434868812561035,0.13732126355171204,1.1375856399536133,0.06821829080581665,-0.5487107038497925,0.12434086948633194,1.8085561990737915,-0.9341753125190735,1.061584711074829,-0.7035278081893921,-0.8656131625175476,1.0139048099517822,0.5064469575881958,-1.5627102851867676,-1.1155216693878174,0.850893497467041,0.888384222984314,0.880864143371582,-0.17457780241966248,-0.8232919573783875,1.3211106061935425,1.0408790111541748,-0.4351208806037903
A,masked_6d,0,671,1,1,671_T1_P1_R1,26,5,0.24243402481079102,-0.3361448645591736,-0.1839127242565155,-1.7918784618377686,-0.005097427871078253,0.35882073640823364,-0.03113868273794651,0.654045045375824,-1.6568539142608643,-0.718717098236084,0.11724495887756348,1.1025445461273193,0.0715547651052475,-0.5670061707496643,0.19171571731567383,1.694495439529419,-0.9215396642684937,1.0413981676101685,-0.7073976397514343,-0.8451660871505737,0.9986376762390137,0.5183929204940796,-1.5736504793167114,-1.0881867408752441,0.8173071146011353,0.875810444355011,0.8961949348449707,-0.1736399382352829,-0.8199161291122437,1.285190224647522,1.0076868534088135,-0.4392507076263428,0.22508889436721802,-0.3377802073955536,-0.20003442466259003,-1.8358598947525024,0.010913767851889133,0.3572176992893219,-0.03741968795657158,0.679104745388031,-1.6798033714294434,-0.7457833886146545,0.123011015355587,1.1374547481536865,0.07769379764795303,-0.5672240257263184,0.17331288754940033,1.7354192733764648,-0.9478034973144531,1.0637681484222412,-0.7196808457374573,-0.853657066822052,1.0206501483917236,0.5192249417304993,-1.5776697397232056,-1.0975877046585083,0.821439266204834,0.8963751792907715,0.9073339104652405,-0.16462205350399017,-0.840775728225708,1.299364686012268,1.0344682931900024,-0.4618793725967407
A,masked_6d,0,671,1,2,671_T1_P1_R2,24,5,0.2481275498867035,-0.3356347680091858,-0.19618959724903107,-1.805588722229004,-0.013977712020277977,0.35280293226242065,-0.043505504727363586,0.6415485143661499,-1.6474215984344482,-0.7169327139854431,0.1275215893983841,1.0977636575698853,0.06199587509036064,-0.5681177377700806,0.19016407430171967,1.7087596654891968,-0.9225826263427734,1.0417053699493408,-0.7007569670677185,-0.8392921686172485,1.0013593435287476,0.5119946002960205,-1.5649652481079102,-1.082674264907837,0.8172834515571594,0.8722456693649292,0.8817585110664368,-0.17081192135810852,-0.8151605725288391,1.294767141342163,1.011423110961914,-0.4241665005683899,0.21906404197216034,-0.34433767199516296,-0.22753484547138214,-1.8737833499908447,0.006875367369502783,0.38995376229286194,-0.04101080447435379,0.6621114015579224,-1.6713440418243408,-0.728684663772583,0.11446434259414673,1.1225593090057373,0.0642671212553978,-0.5662429928779602,0.142674058675766,1.7795026302337646,-0.9599380493164062,1.0777647495269775,-0.717100977897644,-0.8284621238708496,1.0288641452789307,0.5210868716239929,-1.580531120300293,-1.1107698678970337,0.8231197595596313,0.9079545736312866,0.8808655738830566,-0.1669236272573471,-0.8538035154342651,1.3300421237945557,1.0637285709381104,-0.45052003860473633
A,masked_6d,0,671,2,1,671_T2_P1_R1,24,5,0.18605099618434906,-0.3058176338672638,-0.24628111720085144,-1.8833000659942627,0.04812297970056534,0.3321743607521057,-0.06166236475110054,0.6455176472663879,-1.6546732187271118,-0.7608133554458618,0.14625918865203857,1.123023271560669,0.05853118747472763,-0.5508655309677124,0.17266321182250977,1.7275850772857666,-0.9497278928756714,1.061590313911438,-0.6853917241096497,-0.8553617596626282,1.0693359375,0.5005596876144409,-1.539032220840454,-1.1108109951019287,0.805419921875,0.9180999994277954,0.8461491465568542,-0.16641348600387573,-0.8521414995193481,1.3542234897613525,1.0595000982284546,-0.4210480749607086,0.16145753860473633,-0.3010478615760803,-0.2151138335466385,-1.8887132406234741,0.059926994144916534,0.31731629371643066,-0.06371183693408966,0.6732143759727478,-1.6746747493743896,-0.7607065439224243,0.14604918658733368,1.1222174167633057,0.07113103568553925,-0.5579921007156372,0.18382641673088074,1.7021324634552002,-0.9610756635665894,1.0814197063446045,-0.7042356729507446,-0.8552957773208618,1.0965287685394287,0.5214473605155945,-1.545192003250122,-1.114367961883545,0.784978985786438,0.9457319378852844,0.8562139272689819,-0.1698504388332367,-0.890998363494873,1.3478654623031616,1.0876777172088623,-0.44297781586647034
A,masked_6d,0,671,2,2,671_T2_P1_R2,27,5,0.21625995635986328,-0.3073318898677826,-0.27299022674560547,-1.901961088180542,0.02829233929514885,0.32290464639663696,-0.08219843357801437,0.634071946144104,-1.6602394580841064,-0.7550793290138245,0.12694622576236725,1.1187664270401,0.08527805656194687,-0.523269772529602,0.1448400467634201,1.7652132511138916,-0.9686726331710815,1.05668044090271,-0.7002640962600708,-0.8296911120414734,1.0260064601898193,0.45764416456222534,-1.4895519018173218,-1.0667740106582642,0.8009653091430664,0.8745831251144409,0.8532668352127075,-0.12433765828609467,-0.8325279951095581,1.3457252979278564,1.07285475730896,-0.4074702858924866,0.17614613473415375,-0.3035309910774231,-0.28180795907974243,-1.959920883178711,0.07195331156253815,0.3154480457305908,-0.08827183395624161,0.6594494581222534,-1.6840355396270752,-0.7729642987251282,0.14234784245491028,1.1367096900939941,0.08611734956502914,-0.5254185795783997,0.14344385266304016,1.7740020751953125,-1.007352590560913,1.0867176055908203,-0.7071931958198547,-0.8333776593208313,1.0809825658798218,0.46745386719703674,-1.4944031238555908,-1.0896425247192383,0.7848639488220215,0.9206944704055786,0.8441314697265625,-0.12388737499713898,-0.8816567659378052,1.3793798685073853,1.1214817762374878,-0.4290386140346527
A,masked_6d,0,671,3,1,671_T3_P1_R1,27,5,0.10428847372531891,-0.29421108961105347,-0.2396341860294342,-1.871480941772461,0.026640456169843674,0.309736430644989,-0.06631539762020111,0.5720126032829285,-1.5738826990127563,-0.7563369274139404,0.15767070651054382,1.0520826578140259,0.06932872533798218,-0.5105899572372437,0.19791804254055023,1.6725311279296875,-0.913592517375946,1.0274417400360107,-0.6069654822349548,-0.8091265559196472,1.0626261234283447,0.4386216700077057,-1.456193208694458,-1.0614186525344849,0.8022459745407104,0.8802409172058105,0.805988609790802,-0.12915955483913422,-0.8421210050582886,1.3061542510986328,1.027906060218811,-0.37653252482414246,0.08454351127147675,-0.30350854992866516,-0.2550050616264343,-1.8741775751113892,0.05410308390855789,0.3160113990306854,-0.04613891988992691,0.5679031014442444,-1.5791288614273071,-0.7778142094612122,0.17892616987228394,1.0783616304397583,0.049031130969524384,-0.512501060962677,0.2242325097322464,1.6884734630584717,-0.91028892993927,1.0124046802520752,-0.5983750224113464,-0.850224494934082,1.0983655452728271,0.4527176022529602,-1.4709219932556152,-1.098267912864685,0.816688060760498,0.9032959938049316,0.7894946336746216,-0.17443065345287323,-0.8388352394104004,1.345013976097107,1.021336317062378,-0.38335877656936646
A,masked_6d,0,671,3,2,671_T3_P1_R2,28,5,0.09954742342233658,-0.27431949973106384,-0.2600541114807129,-1.8866350650787354,-0.017421122640371323,0.3011721670627594,-0.09746623039245605,0.5550234913825989,-1.5446035861968994,-0.7902413606643677,0.17608973383903503,1.0798052549362183,0.051956504583358765,-0.5019342303276062,0.18493030965328217,1.7539122104644775,-0.8539155125617981,1.0150177478790283,-0.5823664665222168,-0.8782141804695129,1.065826177597046,0.4344869554042816,-1.4481513500213623,-1.0898128747940063,0.8806689381599426,0.8465508222579956,0.8001691699028015,-0.14732125401496887,-0.8191466331481934,1.2984325885772705,1.0032684803009033,-0.34829264879226685,0.09454408288002014,-0.3020479679107666,-0.28476768732070923,-1.940116286277771,0.01788029633462429,0.31649067997932434,-0.09030286967754364,0.5938252210617065,-1.5936323404312134,-0.7998637557029724,0.16020098328590393,1.1176016330718994,0.08549891412258148,-0.49825459718704224,0.131717711687088,1.8139512538909912,-0.9162448644638062,1.0498440265655518,-0.6411274671554565,-0.8577540516853333,1.0656914710998535,0.43792352080345154,-1.4488722085952759,-1.0792417526245117,0.8700335621833801,0.8663359880447388,0.8256007432937622,-0.1306593269109726,-0.8519546389579773,1.3149404525756836,1.0691196918487549,-0.3894491195678711
A,masked_6d,0,790,1,1,790_T1_P1_R1,25,5,0.2533414363861084,-0.3321841359138489,-0.3168807327747345,-1.9122450351715088,-0.006194798741489649,0.37782642245292664,-0.07398762553930283,0.6091102361679077,-1.6561086177825928,-0.7595082521438599,0.12033100426197052,1.140270471572876,0.07474525272846222,-0.5331659317016602,0.1396370232105255,1.8160312175750732,-0.9655159711837769,1.0446592569351196,-0.6964709162712097,-0.8227767944335938,0.9913393259048462,0.452139288187027,-1.50748610496521,-1.0695198774337769,0.8261310458183289,0.8392009735107422,0.8825395703315735,-0.09619565308094025,-0.7986728549003601,1.3403525352478027,1.0422340631484985,-0.3961300551891327,0.27391427755355835,-0.3473636209964752,-0.3466421365737915,-1.9344946146011353,-0.005264643579721451,0.42166489362716675,-0.052371639758348465,0.6124160289764404,-1.684452772140503,-0.7439454793930054,0.08459596335887909,1.152370572090149,0.08072773367166519,-0.5241702795028687,0.12352894246578217,1.857256293296814,-0.9853135347366333,1.0460689067840576,-0.7229029536247253,-0.802071750164032,0.9848006963729858,0.4592098295688629,-1.5200579166412354,-1.0868279933929443,0.8046261668205261,0.8330549001693726,0.9020927548408508,-0.09540725499391556,-0.7970601916313171,1.3651783466339111,1.0524076223373413,-0.3994556665420532
A,masked_6d,0,790,1,2,790_T1_P1_R2,26,5,0.2278846800327301,-0.3321060240268707,-0.30595678091049194,-1.8998219966888428,0.0031071456614881754,0.3630836308002472,-0.05197302624583244,0.5936124920845032,-1.6326673030853271,-0.7515833377838135,0.13276280462741852,1.1223318576812744,0.061963409185409546,-0.5260311961174011,0.190958634018898,1.770414113998413,-0.9423444867134094,1.018451452255249,-0.6686155796051025,-0.8285710215568542,1.0134118795394897,0.4431394040584564,-1.4957373142242432,-1.085097312927246,0.8226518630981445,0.8401492834091187,0.8618925213813782,-0.11983883380889893,-0.7996715307235718,1.350165605545044,1.0150859355926514,-0.38433972001075745,0.21870720386505127,-0.3347143530845642,-0.3354566991329193,-1.9783576726913452,0.019893724471330643,0.3638353645801544,-0.05273687094449997,0.5995342135429382,-1.656723976135254,-0.7469523549079895,0.13333609700202942,1.1302015781402588,0.07350979000329971,-0.5147247314453125,0.18984180688858032,1.7917102575302124,-0.9904371500015259,1.0376439094543457,-0.6892313957214355,-0.7903703451156616,1.0479061603546143,0.4382854402065277,-1.4860222339630127,-1.0939688682556152,0.7773323059082031,0.8616539239883423,0.875455379486084,-0.10294090211391449,-0.8337991833686829,1.3929821252822876,1.0515729188919067,-0.392367422580719
A,masked_6d,0,790,2,1,790_T2_P1_R1,25,5,0.27538764476776123,-0.3189239799976349,-0.28007128834724426,-1.9107561111450195,-0.017417194321751595,0.34312283992767334,-0.0801452174782753,0.6451675295829773,-1.6824073791503906,-0.7337161302566528,0.10111905634403229,1.1376012563705444,0.09799246490001678,-0.5256509780883789,0.14979501068592072,1.7861053943634033,-0.9698646664619446,1.0468108654022217,-0.7152823805809021,-0.8157880902290344,0.9850789904594421,0.4447267949581146,-1.5109411478042603,-1.063912034034729,0.7943557500839233,0.8461661338806152,0.9047473669052124,-0.08791399747133255,-0.8095703125,1.3365702629089355,1.0480599403381348,-0.41330528259277344,0.2725464105606079,-0.3193378150463104,-0.2727782726287842,-1.9313569068908691,-0.008733437396585941,0.3370981812477112,-0.07573632895946503,0.6651684045791626,-1.709673285484314,-0.7258757948875427,0.09064682573080063,1.1419029235839844,0.1114925667643547,-0.5227490067481995,0.15390846133232117,1.784048080444336,-0.9905780553817749,1.0514791011810303,-0.7217159271240234,-0.8105318546295166,1.002854824066162,0.4450254738330841,-1.518668532371521,-1.0689592361450195,0.767731785774231,0.8616155385971069,0.9145298600196838,-0.08627461642026901,-0.8281562924385071,1.3571199178695679,1.0685172080993652,-0.42715245485305786
A,masked_6d,0,790,2,2,790_T2_P1_R2,26,5,0.2756977081298828,-0.31581029295921326,-0.2910902202129364,-1.8999942541122437,-0.01995142176747322,0.3327159881591797,-0.08587680011987686,0.6258835196495056,-1.6626571416854858,-0.7519704103469849,0.11074970662593842,1.1475013494491577,0.09368351101875305,-0.5287543535232544,0.15780536830425262,1.7840750217437744,-0.9560751914978027,1.0340356826782227,-0.7071963548660278,-0.8236035108566284,0.9740654826164246,0.4261621832847595,-1.4899895191192627,-1.0428909063339233,0.8103836178779602,0.8253011703491211,0.8970764875411987,-0.076746866106987,-0.7937964200973511,1.3213704824447632,1.0303161144256592,-0.394555002450943,0.3080544173717499,-0.3105122148990631,-0.28027188777923584,-1.8795608282089233,-0.03661944717168808,0.32366642355918884,-0.09908752143383026,0.6591753959655762,-1.7065601348876953,-0.7582895159721375,0.09768327325582504,1.1689388751983643,0.11344338953495026,-0.525868833065033,0.1468425691127777,1.8084194660186768,-0.956254780292511,1.0300573110580444,-0.714126467704773,-0.8458272218704224,0.95496666431427,0.43055081367492676,-1.506738543510437,-1.042860984802246,0.8033369183540344,0.8132015466690063,0.9270450472831726,-0.07529859989881516,-0.7728258371353149,1.3206663131713867,1.0185139179229736,-0.40705472230911255
A,masked_6d,0,790,3,1,790_T3_P1_R1,27,5,0.2758379578590393,-0.33170071244239807,-0.2833060324192047,-1.8955262899398804,-0.03310485929250717,0.38582322001457214,-0.06420387327671051,0.6247450709342957,-1.637860894203186,-0.7227718234062195,0.10387060791254044,1.1322085857391357,0.06254781782627106,-0.5419532060623169,0.12037131935358047,1.8306751251220703,-0.9405786395072937,1.0464708805084229,-0.6984099745750427,-0.8298298120498657,0.9743234515190125,0.4599296450614929,-1.5437942743301392,-1.0908013582229614,0.8503339886665344,0.8432239294052124,0.8719245791435242,-0.12077494710683823,-0.7999695539474487,1.3311512470245361,1.0361944437026978,-0.4053672254085541,0.27414339780807495,-0.3246091902256012,-0.2507944703102112,-1.9130027294158936,-0.014686817303299904,0.36412882804870605,-0.07332521677017212,0.6789864301681519,-1.6851513385772705,-0.7166737914085388,0.09565111249685287,1.1484158039093018,0.07961894571781158,-0.5482079386711121,0.1129533052444458,1.8306834697723389,-0.9664531946182251,1.0751280784606934,-0.7227935194969177,-0.8395320177078247,1.0021237134933472,0.48492521047592163,-1.5722129344940186,-1.106291651725769,0.8229292631149292,0.8841255307197571,0.8879714012145996,-0.12636174261569977,-0.8386014103889465,1.3409688472747803,1.0691337585449219,-0.44068899750709534
A,masked_6d,0,790,3,2,790_T3_P1_R2,25,5,0.27195122838020325,-0.32822495698928833,-0.31517207622528076,-1.9072719812393188,-0.0522175058722496,0.3878566324710846,-0.06564344465732574,0.5763367414474487,-1.6008809804916382,-0.7185269594192505,0.10132984817028046,1.1127891540527344,0.05148742347955704,-0.5331584215164185,0.14831705391407013,1.8238019943237305,-0.9260827898979187,1.0351512432098389,-0.6820307970046997,-0.8030727505683899,0.9599849581718445,0.4233667254447937,-1.500389814376831,-1.0646237134933472,0.8645111322402954,0.8109954595565796,0.8521105051040649,-0.07502348721027374,-0.7962204217910767,1.3123775720596313,1.0167858600616455,-0.3741514980792999,0.3124902844429016,-0.34887099266052246,-0.37859398126602173,-2.0049431324005127,-0.08321956545114517,0.40659698843955994,-0.07697071880102158,0.5582116842269897,-1.602439522743225,-0.683269739151001,0.05118908733129501,1.1104055643081665,0.08774466812610626,-0.5014873743057251,0.10622354596853256,1.917097806930542,-0.9848963022232056,1.058752179145813,-0.7177784442901611,-0.7215942144393921,0.8916301727294922,0.3410484194755554,-1.4396775960922241,-1.0128518342971802,0.8766980171203613,0.7599791288375854,0.860705554485321,0.03967759758234024,-0.8087557554244995,1.3143718242645264,1.049362301826477,-0.376414954662323
A,masked_6d,1,252,1,1,252_T1_P1_R1,23,5,-0.25315797328948975,0.3002128303050995,-0.5323248505592346,-0.7660478949546814,1.0155967473983765,-2.115879535675049,-0.8852308392524719,0.5520259141921997,0.9120681881904602,-1.440553903579712,-0.0021572187542915344,0.5501192808151245,1.2887165546417236,0.06372915208339691,0.7218509912490845,-0.4412609040737152,1.087985873222351,0.4080049991607666,-0.2271013706922531,-0.05468068644404411,-0.12742288410663605,-0.014180843718349934,0.5631054043769836,-0.41285833716392517,-0.4931644797325134,-1.7653577327728271,-0.9120504260063171,1.1075780391693115,0.6465746164321899,-0.6082485914230347,0.39441198110580444,1.4803273677825928,-0.29333892464637756,0.27873682975769043,-0.48723283410072327,-0.7973200678825378,1.0374504327774048,-2.1322970390319824,-0.910749077796936,0.6191841959953308,0.926324188709259,-1.515581727027893,0.011719902977347374,0.5391781330108643,1.2970049381256104,0.06763206422328949,0.7704376578330994,-0.4256068766117096,1.1464192867279053,0.40192216634750366,-0.216517835855484,-0.08079410344362259,-0.1360093653202057,-0.06199599429965019,0.6174534559249878,-0.3918338119983673,-0.5037013292312622,-1.814471960067749,-0.8934937715530396,1.0865710973739624,0.6385958194732666,-0.5994811654090881,0.3746045231819153,1.4875582456588745
A,masked_6d,1,252,1,2,252_T1_P1_R2,25,5,-0.23339100182056427,0.30843883752822876,-0.5683099627494812,-0.7383905053138733,1.0163795948028564,-2.1253340244293213,-0.8819625973701477,0.48473912477493286,0.9504003524780273,-1.3989136219024658,0.02037588693201542,0.5626365542411804,1.2910231351852417,0.024353843182325363,0.7000312805175781,-0.4211433529853821,1.0853755474090576,0.4259440004825592,-0.2272150218486786,-0.0683928057551384,-0.16710945963859558,-6.489455699920654e-06,0.548723042011261,-0.4359932541847229,-0.4715278744697571,-1.743111252784729,-0.9409381747245789,1.1341121196746826,0.6335391402244568,-0.6220855712890625,0.4126715064048767,1.4832632541656494,-0.2288268506526947,0.3231309652328491,-0.6019701957702637,-0.7306938171386719,1.0255234241485596,-2.165074110031128,-0.8970052003860474,0.46868258714675903,0.9840996861457825,-1.41147780418396,0.02713097631931305,0.5707393884658813,1.3304343223571777,-0.0005393635365180671,0.6977787017822266,-0.42561444640159607,1.0984435081481934,0.4389742314815521,-0.23774948716163635,-0.07662069797515869,-0.19250032305717468,0.01226804219186306,0.5455999374389648,-0.4363381862640381,-0.4584706425666809,-1.7579822540283203,-0.9717625379562378,1.158828854560852,0.6439886093139648,-0.6357419490814209,0.4359995722770691,1.5033270120620728
A,masked_6d,1,252,2,1,252_T2_P1_R1,25,5,-0.2387917935848236,0.30113187432289124,-0.53928542137146,-0.7804401516914368,1.007501244544983,-2.118182420730591,-0.8901808857917786,0.5551081895828247,0.893917441368103,-1.4285905361175537,-0.017377475276589394,0.5345495343208313,1.2757607698440552,0.06633730232715607,0.7138575315475464,-0.4572833180427551,1.0753244161605835,0.4182662069797516,-0.22724780440330505,-0.024130070582032204,-0.11788950860500336,0.005060178227722645,0.5536056160926819,-0.38616102933883667,-0.5070770978927612,-1.7695811986923218,-0.8879100680351257,1.0985381603240967,0.6609505414962769,-0.5986120104789734,0.4011104702949524,1.4682878255844116,-0.27160823345184326,0.2910603880882263,-0.5310177206993103,-0.8079357147216797,1.0451979637145996,-2.1993515491485596,-0.9225425720214844,0.5758591890335083,0.9681930541992188,-1.5025454759597778,0.01678147353231907,0.5465582609176636,1.3261830806732178,-0.0105769457295537,0.7454810738563538,-0.4698745608329773,1.1546735763549805,0.4216502606868744,-0.22768175601959229,-0.06921549886465073,-0.15933838486671448,-0.0379338413476944,0.6041855216026306,-0.3772757053375244,-0.48067063093185425,-1.8333549499511719,-0.935015857219696,1.1194267272949219,0.69593346118927,-0.6122188568115234,0.45125627517700195,1.5265642404556274
A,masked_6d,1,252,2,2,252_T2_P1_R2,25,5,-0.24793581664562225,0.2834888994693756,-0.550923228263855,-0.7568877339363098,1.00003981590271,-2.103351593017578,-0.887546718120575,0.5168379545211792,0.9176231622695923,-1.3794140815734863,0.014434367418289185,0.5423814654350281,1.2614613771438599,0.009451767429709435,0.7070612907409668,-0.42032116651535034,1.0800461769104004,0.4249330163002014,-0.21738743782043457,-0.050653863698244095,-0.1485876888036728,-0.01061185635626316,0.5679293870925903,-0.38548287749290466,-0.509283721446991,-1.734205961227417,-0.891156017780304,1.0969841480255127,0.6496756076812744,-0.6054784059524536,0.40969857573509216,1.4557926654815674,-0.28494638204574585,0.26089850068092346,-0.5439328551292419,-0.8106410503387451,1.034496784210205,-2.1842093467712402,-0.9457814693450928,0.5677646994590759,0.953694224357605,-1.450975775718689,0.04499412700533867,0.5336987376213074,1.30962073802948,-0.05782166123390198,0.7415884733200073,-0.4320226311683655,1.1661756038665771,0.4234696328639984,-0.22012245655059814,-0.07855794578790665,-0.18211297690868378,-0.04383110627532005,0.6313769221305847,-0.3129507899284363,-0.5160790085792542,-1.8095475435256958,-0.8987910747528076,1.0928879976272583,0.6883808970451355,-0.6073708534240723,0.4729260802268982,1.497118592262268
A,masked_6d,1,252,3,1,252_T3_P1_R1,25,5,-0.205539271235466,0.30249613523483276,-0.4791298508644104,-0.721819281578064,0.9283217191696167,-2.008483409881592,-0.8610419034957886,0.5991405844688416,0.8727937936782837,-1.3528022766113281,-0.03652695193886757,0.5380561947822571,1.2311795949935913,0.063419871032238,0.7050290107727051,-0.4187077581882477,0.9977086186408997,0.3927672505378723,-0.22822725772857666,-0.039906103163957596,-0.11305632442235947,-0.008978096768260002,0.5230425000190735,-0.35776859521865845,-0.4598390460014343,-1.6971771717071533,-0.8211910128593445,0.9921771287918091,0.5792016983032227,-0.5632931590080261,0.31710928678512573,1.3766182661056519,-0.208037331700325,0.31905099749565125,-0.4798092246055603,-0.7583192586898804,0.9658377766609192,-2.0244226455688477,-0.8565220832824707,0.6198241114616394,0.832647442817688,-1.3973060846328735,-0.051675062626600266,0.5330936312675476,1.2306873798370361,0.1416245996952057,0.714134693145752,-0.4452652037143707,0.9999403953552246,0.40271520614624023,-0.2319147139787674,-0.010035913437604904,-0.060736991465091705,-0.003031715052202344,0.5280136466026306,-0.3791605532169342,-0.5272994041442871,-1.734429955482483,-0.8190635442733765,1.0289803743362427,0.5748516917228699,-0.5558221936225891,0.3065515458583832,1.3887425661087036
A,masked_6d,1,252,3,2,252_T3_P1_R2,24,5,-0.17068986594676971,0.3189169764518738,-0.5283688306808472,-0.7105666995048523,0.9063395261764526,-2.001960277557373,-0.8776389360427856,0.5471526980400085,0.8500539064407349,-1.2893749475479126,-0.042847249656915665,0.5339668393135071,1.2364380359649658,0.04785674810409546,0.6556555032730103,-0.4275185465812683,0.9556504487991333,0.40095049142837524,-0.2388993799686432,-0.008675912395119667,-0.1205519437789917,0.03474956005811691,0.4844774305820465,-0.31640323996543884,-0.45489826798439026,-1.6660633087158203,-0.8162077069282532,1.0019793510437012,0.5867983102798462,-0.5660479664802551,0.36877331137657166,1.3540844917297363,-0.14683333039283752,0.35162076354026794,-0.5498279333114624,-0.6916182041168213,0.8993894457817078,-1.9983510971069336,-0.8696126937866211,0.5192344188690186,0.8551620244979858,-1.270179033279419,-0.04986925423145294,0.550369381904602,1.2453469038009644,0.06024341657757759,0.6375728845596313,-0.4252500534057617,0.9439552426338196,0.4109989106655121,-0.24970979988574982,-0.012096798047423363,-0.1351490318775177,0.04934706911444664,0.4664943814277649,-0.33392134308815,-0.44039249420166016,-1.6623481512069702,-0.8471725583076477,1.0237797498703003,0.5595669746398926,-0.5800632834434509,0.38365983963012695,1.3529328107833862
A,masked_6d,1,651,1,1,651_T1_P1_R1,24,5,-0.28554102778434753,0.28289562463760376,-0.5265737175941467,-0.815625786781311,1.0491982698440552,-2.1634044647216797,-0.9084186553955078,0.5589703917503357,0.915202796459198,-1.4715030193328857,0.027016501873731613,0.5422399640083313,1.2739880084991455,0.03784098103642464,0.7474808096885681,-0.4381937086582184,1.1500498056411743,0.4235442280769348,-0.20849964022636414,-0.06429371982812881,-0.13986386358737946,-0.04201758652925491,0.6182502508163452,-0.3867366909980774,-0.5426551103591919,-1.8117462396621704,-0.9028185606002808,1.1286882162094116,0.6699708700180054,-0.6038448214530945,0.42556896805763245,1.498407006263733,-0.2861458361148834,0.30885496735572815,-0.5352225303649902,-0.8406370282173157,1.0809012651443481,-2.218461275100708,-0.9242786169052124,0.5867007374763489,0.9205342531204224,-1.5396796464920044,0.01417031604796648,0.5472806692123413,1.3182991743087769,0.07015626132488251,0.7566751837730408,-0.46900931000709534,1.1788922548294067,0.42225274443626404,-0.21376466751098633,-0.05992140248417854,-0.13758151233196259,-0.04271766543388367,0.6165971159934998,-0.3952879011631012,-0.5338507294654846,-1.8695259094238281,-0.9361773729324341,1.1612902879714966,0.6829880475997925,-0.6133581399917603,0.4511049687862396,1.5378425121307373
A,masked_6d,1,651,1,2,651_T1_P1_R2,24,5,-0.29752475023269653,0.28013765811920166,-0.4958117604255676,-0.8051473498344421,1.0460067987442017,-2.1139068603515625,-0.874182403087616,0.586150586605072,0.8740537762641907,-1.4719650745391846,0.009338959120213985,0.5429026484489441,1.2377147674560547,0.1097225695848465,0.7669758796691895,-0.42952150106430054,1.1248668432235718,0.42027339339256287,-0.20409516990184784,-0.05281911417841911,-0.08622406423091888,-0.05588526651263237,0.6195064783096313,-0.4253023564815521,-0.5881449580192566,-1.7976795434951782,-0.871590793132782,1.1199920177459717,0.6415843963623047,-0.5985068082809448,0.35278236865997314,1.4722402095794678,-0.30769675970077515,0.29415351152420044,-0.46080833673477173,-0.8175172805786133,1.0528411865234375,-2.1142921447753906,-0.8744040727615356,0.6701575517654419,0.8505542874336243,-1.5481406450271606,-0.023236561566591263,0.5356476902961731,1.261164665222168,0.17378905415534973,0.7973594665527344,-0.45048394799232483,1.1332600116729736,0.4018780291080475,-0.21209347248077393,-0.04752320051193237,-0.05193447321653366,-0.075047567486763,0.6191125512123108,-0.42598089575767517,-0.5830056071281433,-1.8343368768692017,-0.8627315759658813,1.104618787765503,0.6339458227157593,-0.5909230709075928,0.3206118047237396,1.470245599746704
A,masked_6d,1,651,2,1,651_T2_P1_R1,25,5,-0.28226739168167114,0.27696308493614197,-0.4961392879486084,-0.7702937126159668,1.021108865737915,-2.1194605827331543,-0.886945366859436,0.5792690515518188,0.9241853952407837,-1.4762195348739624,0.009605685248970985,0.5480040311813354,1.2864620685577393,0.05614398792386055,0.7571513056755066,-0.4130442142486572,1.1241554021835327,0.40709906816482544,-0.2210690975189209,-0.09180723130702972,-0.1461055427789688,-0.05638023465871811,0.6034262776374817,-0.40440860390663147,-0.476518452167511,-1.7779982089996338,-0.9142904281616211,1.101414680480957,0.6276102066040039,-0.6017670035362244,0.38485464453697205,1.4680345058441162,-0.2816542983055115,0.27642950415611267,-0.5135675668716431,-0.7763689160346985,1.0465189218521118,-2.1462552547454834,-0.892859160900116,0.5509783029556274,0.9519020318984985,-1.491747498512268,0.02662329003214836,0.550981342792511,1.2955102920532227,0.056610237807035446,0.763792872428894,-0.41338062286376953,1.1442723274230957,0.427131712436676,-0.21523089706897736,-0.09053132683038712,-0.15312501788139343,-0.05626553297042847,0.6057314872741699,-0.42797398567199707,-0.5012780427932739,-1.7980506420135498,-0.9401394128799438,1.1358895301818848,0.6301260590553284,-0.6172484159469604,0.3929089903831482,1.4973299503326416
A,masked_6d,1,651,2,2,651_T2_P1_R2,26,5,-0.2656721770763397,0.28987085819244385,-0.5208398103713989,-0.769213080406189,1.0131815671920776,-2.1266562938690186,-0.8996061086654663,0.5752822160720825,0.9079352617263794,-1.4566469192504883,0.0013072614092379808,0.5446262359619141,1.2945994138717651,0.05287361145019531,0.7402485609054565,-0.42697077989578247,1.1072373390197754,0.41119927167892456,-0.2323823720216751,-0.07355101406574249,-0.14507432281970978,-0.02974211797118187,0.5889953374862671,-0.3810761272907257,-0.4759940207004547,-1.7750686407089233,-0.9075877070426941,1.0974730253219604,0.6373804807662964,-0.602030873298645,0.4056776463985443,1.4618231058120728,-0.2654464542865753,0.31937137246131897,-0.5443673133850098,-0.7851077318191528,1.0539026260375977,-2.172877073287964,-0.8972421884536743,0.5869056582450867,0.9116073846817017,-1.5206050872802734,-0.015044224448502064,0.5569327473640442,1.33565092086792,0.11490988731384277,0.7537064552307129,-0.460531622171402,1.1212575435638428,0.4183773398399353,-0.2377435863018036,-0.05999403074383736,-0.11201120913028717,-0.027753546833992004,0.5755014419555664,-0.4285150468349457,-0.5061575174331665,-1.8276355266571045,-0.9495042562484741,1.1531211137771606,0.6486020088195801,-0.6214108467102051,0.40811601281166077,1.5138598680496216
A,masked_6d,1,651,3,1,651_T3_P1_R1,24,5,-0.26592323184013367,0.27902597188949585,-0.5375922918319702,-0.8019007444381714,1.0422672033309937,-2.146301746368408,-0.9032562971115112,0.5304309725761414,0.9191622734069824,-1.442849040031433,0.022644782438874245,0.5481604933738708,1.2633917331695557,0.03104572929441929,0.7311471700668335,-0.44247955083847046,1.1229074001312256,0.4225079119205475,-0.21537598967552185,-0.05373804643750191,-0.13007651269435883,-0.02548862434923649,0.5881137847900391,-0.4046905040740967,-0.533811092376709,-1.7859538793563843,-0.9135317802429199,1.1322648525238037,0.671327531337738,-0.607101321220398,0.43480977416038513,1.5092835426330566,-0.26960888504981995,0.2776208221912384,-0.5430570840835571,-0.8238837122917175,1.062633991241455,-2.1823997497558594,-0.9220825433731079,0.5350534319877625,0.9339584112167358,-1.4666130542755127,0.03290817141532898,0.5480682849884033,1.2753344774246216,0.014986750669777393,0.7365230321884155,-0.4545833170413971,1.1478626728057861,0.43116694688796997,-0.21186161041259766,-0.05332130193710327,-0.1377248764038086,-0.027393365278840065,0.6007515788078308,-0.39639729261398315,-0.5498992204666138,-1.8163954019546509,-0.9210357666015625,1.1474171876907349,0.6876096725463867,-0.6099058985710144,0.45605817437171936,1.5357391834259033
A,masked_6d,1,651,3,2,651_T3_P1_R2,24,5,-0.26258280873298645,0.28995832800865173,-0.5359776616096497,-0.7912367582321167,1.0399799346923828,-2.135868549346924,-0.8934877514839172,0.5342370271682739,0.9142186045646667,-1.4502061605453491,0.01306216698139906,0.5509898066520691,1.268693208694458,0.05871937423944473,0.7298528552055359,-0.4405176639556885,1.1099257469177246,0.4181104302406311,-0.2174765169620514,-0.051387302577495575,-0.1234579086303711,-0.023837348446249962,0.5771605968475342,-0.42605581879615784,-0.5229824781417847,-1.7806001901626587,-0.919169545173645,1.1354259252548218,0.6610596179962158,-0.608924925327301,0.41610783338546753,1.5049490928649902,-0.2715701162815094,0.28712278604507446,-0.5408889055252075,-0.7954181432723999,1.0487208366394043,-2.141941547393799,-0.9009851217269897,0.5331920385360718,0.9152348637580872,-1.4507396221160889,0.025783006101846695,0.5525030493736267,1.2611647844314575,0.05138496309518814,0.739359974861145,-0.43254441022872925,1.1308352947235107,0.42565521597862244,-0.2087455689907074,-0.05792257934808731,-0.13084906339645386,-0.03130801022052765,0.5899990200996399,-0.4170966148376465,-0.5451418161392212,-1.7853507995605469,-0.9115927815437317,1.1411736011505127,0.6538224220275879,-0.6123031973838806,0.41371673345565796,1.5017988681793213
A,masked_6d,1,671,1,1,671_T1_P1_R1,26,5,-0.27684760093688965,0.25626444816589355,-0.5423902869224548,-0.8002293705940247,1.0306199789047241,-2.120396137237549,-0.9025203585624695,0.5138834714889526,0.899586021900177,-1.394126296043396,0.04156745970249176,0.5363256335258484,1.2220383882522583,0.015155067667365074,0.7298629283905029,-0.4122835695743561,1.11814284324646,0.4295254349708557,-0.20129533112049103,-0.047444719821214676,-0.12531237304210663,-0.024196820333600044,0.6103595495223999,-0.37931960821151733,-0.5812853574752808,-1.7612121105194092,-0.8609253764152527,1.1110782623291016,0.6677778363227844,-0.5980687141418457,0.4067429006099701,1.473272442817688,-0.2774991989135742,0.2763156592845917,-0.5557549595832825,-0.8197829127311707,1.0591708421707153,-2.174225091934204,-0.9208998084068298,0.5262047648429871,0.9174972176551819,-1.446101188659668,0.03502554073929787,0.5428760051727295,1.2602208852767944,0.030011095106601715,0.7401955723762512,-0.43972647190093994,1.143670916557312,0.43411555886268616,-0.20567649602890015,-0.04533522203564644,-0.12787386775016785,-0.022788723930716515,0.607860267162323,-0.38873720169067383,-0.5798036456108093,-1.8095130920410156,-0.8943740725517273,1.1469007730484009,0.685907781124115,-0.6094971895217896,0.43204984068870544,1.5139474868774414
A,masked_6d,1,671,1,2,671_T1_P1_R2,24,5,-0.2735730707645416,0.25513970851898193,-0.5379648804664612,-0.775288462638855,1.0130999088287354,-2.089992046356201,-0.8841443061828613,0.5028954744338989,0.9020236730575562,-1.3602206707000732,0.04524816572666168,0.5402745008468628,1.212798833847046,-0.004273278173059225,0.7204731702804565,-0.39825552701950073,1.1028518676757812,0.4245155453681946,-0.20088234543800354,-0.060929346829652786,-0.1327110379934311,-0.030712127685546875,0.6033669114112854,-0.3881100118160248,-0.5649927258491516,-1.7281213998794556,-0.8520218729972839,1.0968588590621948,0.6558657884597778,-0.5938338041305542,0.39001989364624023,1.4457178115844727,-0.28490135073661804,0.27619045972824097,-0.5243375897407532,-0.8091796636581421,1.0418154001235962,-2.1368556022644043,-0.9061186909675598,0.5638235807418823,0.9005779027938843,-1.4461687803268433,0.03291670233011246,0.5428639650344849,1.2580206394195557,0.02892630361020565,0.74665367603302,-0.43892520666122437,1.1335235834121704,0.4156951308250427,-0.20894336700439453,-0.05657295510172844,-0.1123119369149208,-0.04094783216714859,0.6135603189468384,-0.37959545850753784,-0.5775024890899658,-1.7886936664581299,-0.870830237865448,1.1106865406036377,0.6664455533027649,-0.5968554615974426,0.39941295981407166,1.4847354888916016
A,masked_6d,1,671,2,1,671_T2_P1_R1,24,5,-0.31385573744773865,0.28379738330841064,-0.49247002601623535,-0.7574909329414368,1.0414758920669556,-2.108957290649414,-0.8637180328369141,0.5575095415115356,0.9476054906845093,-1.489282250404358,0.03571880981326103,0.5744813680648804,1.2635349035263062,0.07423853874206543,0.776856541633606,-0.36930161714553833,1.1515371799468994,0.40430235862731934,-0.20918229222297668,-0.12602902948856354,-0.1573164314031601,-0.09106102585792542,0.630820631980896,-0.47775372862815857,-0.4858866333961487,-1.7730433940887451,-0.9442006349563599,1.1252018213272095,0.6039959788322449,-0.6157903671264648,0.3590834438800812,1.4815559387207031,-0.34333333373069763,0.261954665184021,-0.4782376289367676,-0.7760747075080872,1.0651999711990356,-2.137773275375366,-0.8699005246162415,0.5585930347442627,0.9795008897781372,-1.5346367359161377,0.05392298847436905,0.5734832882881165,1.2666319608688354,0.06723563373088837,0.8074252009391785,-0.35527303814888,1.206362009048462,0.41543418169021606,-0.1935063898563385,-0.1508122980594635,-0.17318053543567657,-0.11850550025701523,0.6675576567649841,-0.4841005802154541,-0.498989999294281,-1.8047997951507568,-0.9612758755683899,1.1437890529632568,0.605502724647522,-0.6260720491409302,0.3546188175678253,1.5127310752868652
A,masked_6d,1,671,2,2,671_T2_P1_R2,27,5,-0.3169257938861847,0.28238609433174133,-0.46026095747947693,-0.7429213523864746,1.02293860912323,-2.062480926513672,-0.8368919491767883,0.5955359935760498,0.9133354425430298,-1.4900894165039062,0.010247373953461647,0.5714039206504822,1.2421042919158936,0.11527343094348907,0.7909297943115234,-0.3678300976753235,1.1331655979156494,0.3939140737056732,-0.21038345992565155,-0.12265954166650772,-0.12181289494037628,-0.10432374477386475,0.6228253245353699,-0.48205333948135376,-0.4905102849006653,-1.757503867149353,-0.9128554463386536,1.0949040651321411,0.5774037837982178,-0.6038627624511719,0.3093802332878113,1.4459052085876465,-0.3510906994342804,0.27251335978507996,-0.4373649060726166,-0.7693255543708801,1.0566357374191284,-2.098771810531616,-0.8491144180297852,0.6172208189964294,0.9449321627616882,-1.5574634075164795,0.03180590271949768,0.5782091021537781,1.2605582475662231,0.11371730268001556,0.8242899775505066,-0.3593162000179291,1.195169448852539,0.3901578485965729,-0.1944265067577362,-0.15825596451759338,-0.14132799208164215,-0.14841242134571075,0.663873553276062,-0.4933146834373474,-0.4906100630760193,-1.804343581199646,-0.9334853291511536,1.1154634952545166,0.5766246914863586,-0.6069051623344421,0.31247884035110474,1.4773633480072021
A,masked_6d,1,671,3,1,671_T3_P1_R1,27,5,-0.24989692866802216,0.2562794089317322,-0.4966723322868347,-0.6646943688392639,0.929680347442627,-2.0045368671417236,-0.8532867431640625,0.5059634447097778,0.9745588302612305,-1.324183702468872,0.049240875989198685,0.5636434555053711,1.2347345352172852,-0.10085149109363556,0.7037681341171265,-0.33494216203689575,1.0651557445526123,0.3911094069480896,-0.20934970676898956,-0.13801546394824982,-0.21860285103321075,-0.05609890818595886,0.5685421228408813,-0.39863091707229614,-0.37343698740005493,-1.623992681503296,-0.8892946243286133,1.0080292224884033,0.5839815735816956,-0.592390239238739,0.35319018363952637,1.383898138999939,-0.24805089831352234,0.25902122259140015,-0.5128008127212524,-0.6866008043289185,0.9610038995742798,-2.045729875564575,-0.8606988787651062,0.4596962034702301,0.9872230291366577,-1.3149175643920898,0.07462410628795624,0.5761911869049072,1.233003854751587,-0.12386181205511093,0.6919463872909546,-0.3491230010986328,1.0745551586151123,0.4104371964931488,-0.20605771243572235,-0.12832751870155334,-0.2262384444475174,-0.048119835555553436,0.577610969543457,-0.41816645860671997,-0.39420434832572937,-1.6405137777328491,-0.9291407465934753,1.0599596500396729,0.5918815732002258,-0.6047364473342896,0.39650020003318787,1.4247452020645142
A,masked_6d,1,671,3,2,671_T3_P1_R2,28,5,-0.2014683187007904,0.302751362323761,-0.5916661024093628,-0.6504349708557129,0.9464662671089172,-2.0319604873657227,-0.8696178197860718,0.4440690875053406,0.9529720544815063,-1.2861616611480713,0.035796407610177994,0.5826201438903809,1.2384107112884521,-0.034811850637197495,0.6669715642929077,-0.3360481262207031,1.0363874435424805,0.4111116826534271,-0.23478670418262482,-0.1042892187833786,-0.217458575963974,0.010026831179857254,0.5081369280815125,-0.4258948266506195,-0.38697412610054016,-1.6253172159194946,-0.9221146702766418,1.0696022510528564,0.5780494213104248,-0.6116548776626587,0.38295069336891174,1.4042537212371826,-0.23169748485088348,0.30920907855033875,-0.5549532771110535,-0.6928326487541199,0.9939347505569458,-2.083237409591675,-0.8754584193229675,0.4992039203643799,0.9658102989196777,-1.397681474685669,0.03349648416042328,0.5935142636299133,1.2699006795883179,0.008241686969995499,0.7109878659248352,-0.3659767210483551,1.0904861688613892,0.4045664668083191,-0.23268023133277893,-0.11391808837652206,-0.19838431477546692,-0.02428847923874855,0.5406407713890076,-0.46195974946022034,-0.40444856882095337,-1.6972682476043701,-0.9577668905258179,1.1019388437271118,0.5854552984237671,-0.6183589696884155,0.3828679025173187,1.4608094692230225
A,masked_6d,1,790,1,1,790_T1_P1_R1,25,5,-0.2850949168205261,0.2732877731323242,-0.4873303472995758,-0.7608733773231506,1.024812936782837,-2.101890802383423,-0.8741844892501831,0.5779648423194885,0.9351938962936401,-1.4769316911697388,0.013759156689047813,0.5496384501457214,1.2784545421600342,0.07438009977340698,0.7619086503982544,-0.4037870764732361,1.1201064586639404,0.40141648054122925,-0.2167031317949295,-0.09177216142416,-0.13111665844917297,-0.06348919123411179,0.6009608507156372,-0.44368940591812134,-0.4920900762081146,-1.7728313207626343,-0.9099065661430359,1.0942277908325195,0.6222804188728333,-0.6019669771194458,0.34906715154647827,1.4749269485473633,-0.2831645607948303,0.28213831782341003,-0.5165244340896606,-0.7467585802078247,1.038129210472107,-2.1309971809387207,-0.8778409957885742,0.553366482257843,0.963070273399353,-1.4815359115600586,0.0169864222407341,0.5509598851203918,1.298678994178772,0.07313371449708939,0.7693256735801697,-0.3990916311740875,1.1339075565338135,0.4236287474632263,-0.2138921320438385,-0.10212738811969757,-0.14611445367336273,-0.06539640575647354,0.5957697629928589,-0.4571588933467865,-0.491015762090683,-1.7823066711425781,-0.9303531646728516,1.127683401107788,0.6308536529541016,-0.6224454045295715,0.3435693383216858,1.4812614917755127
A,masked_6d,1,790,1,2,790_T1_P1_R2,26,5,-0.2648342251777649,0.2663860619068146,-0.5121647715568542,-0.7443760633468628,1.0014779567718506,-2.0901479721069336,-0.884852409362793,0.5344387888908386,0.9398657083511353,-1.4012693166732788,0.029431570321321487,0.5491183996200562,1.2645186185836792,0.00884009338915348,0.7339604496955872,-0.3934703767299652,1.1021277904510498,0.4142966866493225,-0.2124907672405243,-0.09294761717319489,-0.16516634821891785,-0.048749662935733795,0.5896989107131958,-0.40651649236679077,-0.47906702756881714,-1.7382704019546509,-0.8951247930526733,1.0794200897216797,0.6294075846672058,-0.6032215356826782,0.37640970945358276,1.452341914176941,-0.2849650979042053,0.2352592647075653,-0.4509018063545227,-0.7581824660301208,0.9961029291152954,-2.12131929397583,-0.9243809580802917,0.5910619497299194,1.0193517208099365,-1.4635608196258545,0.07218871265649796,0.5384998321533203,1.308640480041504,-0.11238505691289902,0.7579828500747681,-0.3771825432777405,1.1640245914459229,0.40439552068710327,-0.2115422487258911,-0.15048633515834808,-0.24222402274608612,-0.09603060781955719,0.6459369659423828,-0.35740140080451965,-0.395825058221817,-1.763684868812561,-0.9055846929550171,1.0181567668914795,0.6356321573257446,-0.5888588428497314,0.4082052707672119,1.4520137310028076
A,masked_6d,1,790,2,1,790_T2_P1_R1,25,5,-0.31738701462745667,0.25543367862701416,-0.45932459831237793,-0.7861465215682983,1.025720477104187,-2.0930404663085938,-0.8872458338737488,0.627997636795044,0.9144116640090942,-1.4988075494766235,0.011839749291539192,0.5335037112236023,1.2626136541366577,0.0785050168633461,0.7915685176849365,-0.39454931020736694,1.1529430150985718,0.38940611481666565,-0.20042510330677032,-0.09879320859909058,-0.12797775864601135,-0.09935009479522705,0.635524570941925,-0.4032081961631775,-0.5171529650688171,-1.7925180196762085,-0.8631687164306641,1.0674206018447876,0.6252683401107788,-0.5894139409065247,0.3392125070095062,1.4567922353744507,-0.3405357599258423,0.24287821352481842,-0.47705772519111633,-0.8008249402046204,1.0545991659164429,-2.1243276596069336,-0.8898142576217651,0.598294734954834,0.9391223192214966,-1.4904236793518066,0.03414923697710037,0.5414986610412598,1.2492022514343262,0.045393623411655426,0.8103572130203247,-0.39135193824768066,1.1907901763916016,0.4035617709159851,-0.17902871966362,-0.10954795777797699,-0.126240074634552,-0.12768855690956116,0.6609655022621155,-0.4052305817604065,-0.5706773400306702,-1.8125683069229126,-0.858076810836792,1.0994608402252197,0.6494622826576233,-0.6028579473495483,0.34339943528175354,1.4782383441925049
A,masked_6d,1,790,2,2,790_T2_P1_R2,26,5,-0.2889096736907959,0.2671063542366028,-0.4812766909599304,-0.764397919178009,1.0160990953445435,-2.0814015865325928,-0.8654813766479492,0.5786072015762329,0.9183443188667297,-1.4447418451309204,0.01806941255927086,0.54481041431427,1.2474440336227417,0.05458609014749527,0.7568594813346863,-0.3928949534893036,1.11990487575531,0.3975815176963806,-0.20914509892463684,-0.08818238973617554,-0.1297537088394165,-0.07373647391796112,0.6086108684539795,-0.42976003885269165,-0.5032246708869934,-1.7623107433319092,-0.8751682043075562,1.0751243829727173,0.6183904409408569,-0.5908824801445007,0.35120949149131775,1.4477077722549438,-0.3005828559398651,0.274879515171051,-0.4943309426307678,-0.7908799648284912,1.0430341958999634,-2.1142020225524902,-0.8836337924003601,0.5865412950515747,0.9111759066581726,-1.47005295753479,0.015347620472311974,0.5409678220748901,1.248008131980896,0.08039920032024384,0.7747713327407837,-0.4048161506652832,1.143378496170044,0.40845489501953125,-0.2015562802553177,-0.07426682859659195,-0.11633335053920746,-0.07487840950489044,0.6215928792953491,-0.42501896619796753,-0.547061562538147,-1.7970434427261353,-0.8735525012016296,1.0963079929351807,0.6309326887130737,-0.5957489609718323,0.354184627532959,1.4705256223678589
A,masked_6d,1,790,3,1,790_T3_P1_R1,27,5,-0.26863420009613037,0.3088970184326172,-0.4974190592765808,-0.7769051790237427,1.013241171836853,-2.1053805351257324,-0.8835723996162415,0.632377028465271,0.878494381904602,-1.4952945709228516,-0.03316517546772957,0.5402076840400696,1.2932233810424805,0.12334688752889633,0.756201982498169,-0.4562601149082184,1.0860798358917236,0.3912274241447449,-0.2332077920436859,-0.044196635484695435,-0.08843429386615753,-0.03568229824304581,0.5715312957763672,-0.40680527687072754,-0.5013148188591003,-1.7908518314361572,-0.8921378254890442,1.081261396408081,0.6417535543441772,-0.5962762832641602,0.36233848333358765,1.4682400226593018,-0.30211979150772095,0.31483983993530273,-0.5099378824234009,-0.80982905626297,1.0583363771438599,-2.1627259254455566,-0.8911116719245911,0.6453825831413269,0.8952072262763977,-1.5550479888916016,-0.03269343823194504,0.5456157922744751,1.3117952346801758,0.14115701615810394,0.7919782400131226,-0.46974578499794006,1.140472173690796,0.4017426073551178,-0.21979577839374542,-0.056221745908260345,-0.0779498890042305,-0.06960096210241318,0.5981971025466919,-0.423187255859375,-0.5461857914924622,-1.851518988609314,-0.908685564994812,1.1323262453079224,0.6739813685417175,-0.6093450784683228,0.3729628920555115,1.5114561319351196
A,masked_6d,1,790,3,2,790_T3_P1_R2,25,5,-0.2390664517879486,0.32002100348472595,-0.47396421432495117,-0.7265035510063171,0.9472888112068176,-2.0485680103302,-0.8678551912307739,0.6496958136558533,0.8839203715324402,-1.46970796585083,-0.061171095818281174,0.5324422121047974,1.3146169185638428,0.10939178615808487,0.7393786907196045,-0.4593202471733093,1.034656286239624,0.3657543659210205,-0.23999445140361786,-0.05192432552576065,-0.11021365225315094,-0.01877046376466751,0.527477502822876,-0.3694188594818115,-0.41507774591445923,-1.7442617416381836,-0.8761066198348999,1.0168579816818237,0.6142618060112,-0.587872326374054,0.3319604992866516,1.4206299781799316,-0.23345324397087097,0.34967389702796936,-0.3878932595252991,-0.7409290075302124,0.8816764950752258,-2.01963210105896,-0.8799295425415039,0.8472921252250671,0.8131595849990845,-1.5716983079910278,-0.1744246780872345,0.49800199270248413,1.3853464126586914,0.1861265003681183,0.7806951999664307,-0.5585982203483582,0.9966970682144165,0.3032604455947876,-0.25671571493148804,-0.019381782039999962,-0.04656274616718292,-0.018955271691083908,0.4907492697238922,-0.2443663626909256,-0.364377498626709,-1.7943172454833984,-0.7940610647201538,0.8992999792098999,0.6349743604660034,-0.5555288791656494,0.27654188871383667,1.3792698383331299
A,masked_6d,2,252,1,1,252_T1_P1_R1,23,5,-0.11633600294589996,-0.09842973202466965,0.09960143268108368,0.09099055081605911,0.6658867001533508,-1.3499157428741455,1.574210524559021,0.4966915249824524,1.4501432180404663,-1.7942241430282593,0.7917935848236084,-0.1666322648525238,0.4874653220176697,0.6692308187484741,-0.7244523763656616,-1.0261491537094116,0.386644184589386,0.1256696879863739,-0.37467700242996216,1.0846378803253174,-1.4767271280288696,-0.060526810586452484,-0.48207560181617737,0.2636317014694214,-0.003915886394679546,-1.4667218923568726,0.818818211555481,0.4708552360534668,-0.8465040922164917,0.20590946078300476,1.5899378061294556,-1.1543515920639038,-0.11283000558614731,-0.10769455134868622,0.06906335800886154,0.09796596318483353,0.6822035312652588,-1.3673251867294312,1.5966124534606934,0.5429105162620544,1.431408166885376,-1.8463395833969116,0.7738762497901917,-0.2035297155380249,0.5396353602409363,0.6992450952529907,-0.7199192047119141,-1.023078203201294,0.45201748609542847,0.11281935125589371,-0.3327179551124573,1.1070281267166138,-1.5297051668167114,-0.01620173454284668,-0.4797566533088684,0.2655295729637146,-0.03051849827170372,-1.525240421295166,0.8262483477592468,0.49345287680625916,-0.8782253265380859,0.23631183803081512,1.6163438558578491,-1.2404178380966187
A,masked_6d,2,252,1,2,252_T1_P1_R2,25,5,-0.1165979653596878,-0.08879097551107407,0.0742192268371582,0.10439598560333252,0.6664756536483765,-1.3352264165878296,1.589053988456726,0.48899611830711365,1.4358793497085571,-1.8149112462997437,0.8124675750732422,-0.1634790003299713,0.5115674734115601,0.666134774684906,-0.7500953078269958,-1.0538349151611328,0.36632150411605835,0.1604260951280594,-0.37644267082214355,1.121237874031067,-1.487632155418396,-0.11071604490280151,-0.5002557039260864,0.2748856246471405,-0.01812552474439144,-1.426418423652649,0.7978710532188416,0.44438210129737854,-0.828583836555481,0.21879708766937256,1.6002435684204102,-1.1280505657196045,-0.11508623510599136,-0.09262087941169739,0.03174514323472977,0.11543036997318268,0.6843651533126831,-1.3448995351791382,1.635650396347046,0.5177276730537415,1.4270578622817993,-1.8770008087158203,0.835305392742157,-0.1772787868976593,0.5760958194732666,0.6818784475326538,-0.7841113805770874,-1.0973355770111084,0.3935878276824951,0.19157007336616516,-0.352373868227005,1.1896215677261353,-1.5509920120239258,-0.14054682850837708,-0.514288067817688,0.282988578081131,-0.05230920389294624,-1.4327424764633179,0.7780001759529114,0.4304715096950531,-0.8330689668655396,0.25259846448898315,1.6406505107879639,-1.1637238264083862
A,masked_6d,2,252,2,1,252_T2_P1_R1,25,5,-0.11514745652675629,-0.08934027701616287,0.11690030992031097,0.06716467440128326,0.6516399383544922,-1.3857312202453613,1.5535895824432373,0.48918336629867554,1.4801132678985596,-1.743194818496704,0.7799059152603149,-0.1469426453113556,0.44080275297164917,0.6423101425170898,-0.698948860168457,-1.015032410621643,0.38583943247795105,0.09644069522619247,-0.39855849742889404,1.0522788763046265,-1.4584062099456787,-0.06033613532781601,-0.4439573287963867,0.2457084357738495,0.046197064220905304,-1.4557956457138062,0.8083130121231079,0.47415846586227417,-0.8519562482833862,0.21151871979236603,1.5803920030593872,-1.1313886642456055,-0.10106232017278671,-0.09829945862293243,0.07446940243244171,0.08247898519039154,0.6928128004074097,-1.4084725379943848,1.621843934059143,0.5347141027450562,1.4668105840682983,-1.8417742252349854,0.7955017685890198,-0.1869957000017166,0.5204207897186279,0.6921521425247192,-0.7312580347061157,-1.0524396896362305,0.44406968355178833,0.11774103343486786,-0.35068783164024353,1.1178630590438843,-1.5479888916015625,-0.03673437982797623,-0.4637231230735779,0.24730226397514343,-0.0013948961859568954,-1.5395852327346802,0.8179535865783691,0.4962298274040222,-0.8846977949142456,0.24479952454566956,1.638850450515747,-1.2330293655395508
A,masked_6d,2,252,2,2,252_T2_P1_R2,25,5,-0.11392253637313843,-0.08179651200771332,0.06279605627059937,0.10369554907083511,0.6384053230285645,-1.3416874408721924,1.557026743888855,0.5035184621810913,1.431323766708374,-1.7634767293930054,0.7878011465072632,-0.1528826206922531,0.49387937784194946,0.6450929641723633,-0.7237094044685364,-1.0381417274475098,0.38019809126853943,0.13838507235050201,-0.37371906638145447,1.0901905298233032,-1.4676929712295532,-0.08855215460062027,-0.46061182022094727,0.27415382862091064,-0.006173490546643734,-1.4190057516098022,0.7775525450706482,0.4301378130912781,-0.8420750498771667,0.25052016973495483,1.5691187381744385,-1.130495548248291,-0.09835655987262726,-0.08932729065418243,-0.009945767931640148,0.11520138382911682,0.6690566539764404,-1.341268539428711,1.6071332693099976,0.5569512844085693,1.398453712463379,-1.838462471961975,0.7972719073295593,-0.188232883810997,0.5784143209457397,0.6886887550354004,-0.7582104802131653,-1.071889877319336,0.45514529943466187,0.1689128875732422,-0.30498772859573364,1.1567091941833496,-1.5577716827392578,-0.06330543011426926,-0.45999646186828613,0.2781899869441986,-0.07364413887262344,-1.4893922805786133,0.7609603404998779,0.43741703033447266,-0.8746533989906311,0.30123600363731384,1.6174148321151733,-1.239864706993103
A,masked_6d,2,252,3,1,252_T3_P1_R1,25,5,-0.0841328576207161,-0.12184449285268784,0.08145579695701599,0.07195469737052917,0.6436610817909241,-1.317173957824707,1.5142067670822144,0.4863587021827698,1.385109305381775,-1.7215125560760498,0.7350504994392395,-0.17931032180786133,0.4832630157470703,0.6085389852523804,-0.6822109818458557,-0.9468599557876587,0.3780074417591095,0.08933365345001221,-0.34185662865638733,1.0403568744659424,-1.417793869972229,-0.05941339582204819,-0.43854647874832153,0.24100017547607422,0.000984309590421617,-1.381704568862915,0.781976580619812,0.4527202546596527,-0.7970487475395203,0.1957741677761078,1.5140975713729858,-1.0802091360092163,-0.10055875778198242,-0.12162809073925018,0.1151382327079773,0.049803126603364944,0.6650933027267456,-1.367910385131836,1.5363116264343262,0.4848194122314453,1.4436742067337036,-1.7402446269989014,0.7501530647277832,-0.17745378613471985,0.4658958911895752,0.6183789968490601,-0.6809028387069702,-0.9574661254882812,0.385780394077301,0.06709159165620804,-0.3622927963733673,1.0365755558013916,-1.4418275356292725,-0.057876646518707275,-0.44131866097450256,0.2292747050523758,0.031078588217496872,-1.418232798576355,0.8098468780517578,0.47749844193458557,-0.7995440363883972,0.16881854832172394,1.550965666770935,-1.0841548442840576
A,masked_6d,2,252,3,2,252_T3_P1_R2,24,5,-0.07817475497722626,-0.11180224269628525,0.06123647093772888,0.07108958065509796,0.6371079683303833,-1.325961947441101,1.5227551460266113,0.47415751218795776,1.3768784999847412,-1.716135025024414,0.7597728371620178,-0.16898629069328308,0.4874653220176697,0.5963309407234192,-0.6977178454399109,-0.9726971387863159,0.3541451394557953,0.1136765256524086,-0.3525971472263336,1.061913251876831,-1.4160200357437134,-0.1136150136590004,-0.4355860650539398,0.24042841792106628,0.008011767640709877,-1.3302208185195923,0.7425947189331055,0.4294004440307617,-0.7745764851570129,0.2118774652481079,1.515197992324829,-1.0322577953338623,-0.08388989418745041,-0.11751115322113037,0.05332086235284805,0.09281466901302338,0.651390790939331,-1.3015459775924683,1.5447553396224976,0.4683713912963867,1.3601186275482178,-1.7586450576782227,0.7760180234909058,-0.17815986275672913,0.525493860244751,0.614881694316864,-0.7249997854232788,-0.9853148460388184,0.3305225968360901,0.13284586369991302,-0.3526630699634552,1.085515022277832,-1.4263064861297607,-0.15355022251605988,-0.4767037332057953,0.25972089171409607,-0.02361898496747017,-1.3047798871994019,0.7535713911056519,0.42071667313575745,-0.7520956993103027,0.19796709716320038,1.5235178470611572,-1.0079457759857178
A,masked_6d,2,651,1,1,651_T1_P1_R1,24,5,-0.13492758572101593,-0.10009865462779999,0.08899004757404327,0.10055923461914062,0.6558855772018433,-1.3739951848983765,1.5812245607376099,0.5242112874984741,1.4926139116287231,-1.8014116287231445,0.8047401309013367,-0.1370343118906021,0.49724501371383667,0.687483549118042,-0.7340832948684692,-1.0678632259368896,0.4096454679965973,0.12405999004840851,-0.38109081983566284,1.0947247743606567,-1.5125759840011597,-0.05786126106977463,-0.4693761467933655,0.28664687275886536,0.0036380686797201633,-1.4801247119903564,0.820738673210144,0.4493521749973297,-0.8818227052688599,0.23041386902332306,1.60494863986969,-1.2003008127212524,-0.12722454965114594,-0.09782719612121582,0.10248652845621109,0.09145853668451309,0.6972492933273315,-1.3930785655975342,1.6214678287506104,0.5206286907196045,1.5252628326416016,-1.8600143194198608,0.8250781893730164,-0.13366949558258057,0.505457878112793,0.7081906795501709,-0.7636760473251343,-1.1030429601669312,0.4109098017215729,0.1328013837337494,-0.38653552532196045,1.129106879234314,-1.5567163228988647,-0.07574819773435593,-0.48855486512184143,0.2816697061061859,-0.0013916960451751947,-1.522985816001892,0.8489715456962585,0.4776454567909241,-0.8938421010971069,0.2108464241027832,1.669019103050232,-1.229564905166626
A,masked_6d,2,651,1,2,651_T1_P1_R2,24,5,-0.15195438265800476,-0.11458361148834229,0.11037839949131012,0.10702492296695709,0.6350196003913879,-1.3747698068618774,1.5533287525177002,0.5381912589073181,1.4891140460968018,-1.7831201553344727,0.7711687684059143,-0.15813793241977692,0.48620423674583435,0.6917421221733093,-0.6891746520996094,-1.0244477987289429,0.42263659834861755,0.08779729902744293,-0.3816138803958893,1.0491821765899658,-1.484633207321167,-0.015025638043880463,-0.46801814436912537,0.3009055256843567,0.018805569037795067,-1.4909553527832031,0.8365311622619629,0.4617789387702942,-0.8887605667114258,0.22729754447937012,1.5775495767593384,-1.2149715423583984,-0.13628575205802917,-0.14383140206336975,0.11323298513889313,0.0888558179140091,0.6638530492782593,-1.3724138736724854,1.5630621910095215,0.559759795665741,1.474260687828064,-1.8149347305297852,0.7433916926383972,-0.19674615561962128,0.5076315402984619,0.7052729725837708,-0.6745648384094238,-0.9864085912704468,0.46989956498146057,0.055967383086681366,-0.3400554955005646,1.0425665378570557,-1.508779525756836,0.03233196958899498,-0.4631299078464508,0.2863917648792267,-0.002017711056396365,-1.550054907798767,0.8595684170722961,0.510044276714325,-0.8972434997558594,0.2085026204586029,1.5953233242034912,-1.2690675258636475
A,masked_6d,2,651,2,1,651_T2_P1_R1,25,5,-0.13667438924312592,-0.13704344630241394,0.05051366239786148,0.12849369645118713,0.6439021825790405,-1.3094030618667603,1.569411277770996,0.5500870943069458,1.4161701202392578,-1.8145583868026733,0.7877151370048523,-0.17766070365905762,0.5568910837173462,0.7009015083312988,-0.7314974665641785,-1.0241817235946655,0.43000301718711853,0.13219225406646729,-0.32307007908821106,1.1019020080566406,-1.504725456237793,-0.03419146686792374,-0.48618611693382263,0.30099788308143616,-0.06389182806015015,-1.4569997787475586,0.8062607645988464,0.4442884027957916,-0.868118166923523,0.2376161813735962,1.5544297695159912,-1.2152074575424194,-0.12706395983695984,-0.10409007221460342,0.014514436013996601,0.12955324351787567,0.657024085521698,-1.3296241760253906,1.5942232608795166,0.5588310956954956,1.409974455833435,-1.8392105102539062,0.7982902526855469,-0.18808990716934204,0.571760356426239,0.6975128054618835,-0.7409829497337341,-1.0565674304962158,0.45762282609939575,0.15736454725265503,-0.3224034607410431,1.1475815773010254,-1.5506173372268677,-0.06326736509799957,-0.4866776466369629,0.2949674129486084,-0.06679294258356094,-1.4779834747314453,0.780985414981842,0.44462624192237854,-0.8902471661567688,0.2920162081718445,1.610889196395874,-1.2461016178131104
A,masked_6d,2,651,2,2,651_T2_P1_R2,26,5,-0.14080587029457092,-0.14000609517097473,0.060905180871486664,0.12292397022247314,0.6418040990829468,-1.3259447813034058,1.5721582174301147,0.5444439649581909,1.4318546056747437,-1.809720754623413,0.7940435409545898,-0.1735590696334839,0.5458471179008484,0.6994686126708984,-0.7276355624198914,-1.0292432308197021,0.42010778188705444,0.1277150809764862,-0.3336838185787201,1.0975472927093506,-1.4985148906707764,-0.039526838809251785,-0.48530736565589905,0.29926663637161255,-0.04552412033081055,-1.4497071504592896,0.804458498954773,0.4448877274990082,-0.8611172437667847,0.2305389940738678,1.552124261856079,-1.2006373405456543,-0.13576427102088928,-0.11915187537670135,0.06939766556024551,0.11906120926141739,0.6851139664649963,-1.355525255203247,1.6156351566314697,0.5432879328727722,1.460443377494812,-1.8686716556549072,0.8102798461914062,-0.17986950278282166,0.5526097416877747,0.714162290096283,-0.7484441995620728,-1.06583571434021,0.4261022210121155,0.13473643362522125,-0.34442415833473206,1.1304277181625366,-1.5442962646484375,-0.059414006769657135,-0.5099042654037476,0.28941115736961365,-0.0414900965988636,-1.5035653114318848,0.8304517865180969,0.47695446014404297,-0.8742109537124634,0.2304060459136963,1.6234722137451172,-1.2315938472747803
A,masked_6d,2,651,3,1,651_T3_P1_R1,24,5,-0.13302117586135864,-0.07448529452085495,0.0828448235988617,0.10353057086467743,0.6405953168869019,-1.354867696762085,1.5497463941574097,0.5008120536804199,1.4679083824157715,-1.746917963027954,0.7928362488746643,-0.14126309752464294,0.46214285492897034,0.6641945838928223,-0.7098975777626038,-1.0486209392547607,0.39581233263015747,0.13272860646247864,-0.390523225069046,1.0669896602630615,-1.467572808265686,-0.06770922243595123,-0.46209684014320374,0.27238017320632935,0.01435310672968626,-1.4518433809280396,0.7957223057746887,0.43714919686317444,-0.870484471321106,0.24990198016166687,1.5856947898864746,-1.1704728603363037,-0.11620073020458221,-0.04680774733424187,0.06260564178228378,0.09376563131809235,0.6617769002914429,-1.3810575008392334,1.5703513622283936,0.5019022226333618,1.475370168685913,-1.7664687633514404,0.7997004389762878,-0.14609315991401672,0.4617951810359955,0.6587615013122559,-0.7164679765701294,-1.0760074853897095,0.41321125626564026,0.14951008558273315,-0.3896786570549011,1.099879264831543,-1.5026012659072876,-0.08449911326169968,-0.45592910051345825,0.25152260065078735,0.018531907349824905,-1.4856510162353516,0.7864853143692017,0.45062676072120667,-0.8854516744613647,0.27631446719169617,1.6401954889297485,-1.1949539184570312
A,masked_6d,2,651,3,2,651_T3_P1_R2,24,5,-0.13565853238105774,-0.08368892222642899,0.10051397979259491,0.10541324317455292,0.644232451915741,-1.3505866527557373,1.5548104047775269,0.49681997299194336,1.4774881601333618,-1.7631937265396118,0.7972420454025269,-0.13689735531806946,0.4641520082950592,0.6695566177368164,-0.7180848121643066,-1.0501124858856201,0.376693993806839,0.1292441040277481,-0.40001803636550903,1.0669829845428467,-1.462263822555542,-0.07602918148040771,-0.47589603066444397,0.27872177958488464,0.014782959595322609,-1.4439820051193237,0.8118026852607727,0.442303329706192,-0.8599858283996582,0.22365662455558777,1.5861464738845825,-1.1571264266967773,-0.1521611511707306,-0.08349142223596573,0.0884157195687294,0.12135964632034302,0.6400062441825867,-1.355191707611084,1.5617799758911133,0.5156475305557251,1.480454921722412,-1.7831951379776,0.796380341053009,-0.14238111674785614,0.4841074049472809,0.6820877194404602,-0.7140361666679382,-1.0584185123443604,0.39392176270484924,0.1304919272661209,-0.39592647552490234,1.0729249715805054,-1.475732684135437,-0.07322542369365692,-0.4851955771446228,0.2938070297241211,0.007373335771262646,-1.4482142925262451,0.8121390342712402,0.4305276870727539,-0.8715208768844604,0.24442148208618164,1.5960407257080078,-1.186327576637268
A,masked_6d,2,671,1,1,671_T1_P1_R1,26,5,-0.14140304923057556,-0.07261646538972855,0.06743331253528595,0.10599467903375626,0.6122945547103882,-1.3696194887161255,1.5410271883010864,0.5200270414352417,1.463680624961853,-1.732856035232544,0.7820311784744263,-0.1367417722940445,0.4642590582370758,0.6572272777557373,-0.6997060179710388,-1.049725890159607,0.4079734683036804,0.12787704169750214,-0.38949054479599,1.065310001373291,-1.4677926301956177,-0.07048876583576202,-0.43587350845336914,0.2869494557380676,0.026660630479454994,-1.4256536960601807,0.7697736024856567,0.4125294089317322,-0.873479962348938,0.28020456433296204,1.570694088935852,-1.1717112064361572,-0.1293499767780304,-0.059038590639829636,0.061801280826330185,0.09769196063280106,0.6424422264099121,-1.397926926612854,1.5730136632919312,0.5228455066680908,1.4799553155899048,-1.774179458618164,0.7955257296562195,-0.14364159107208252,0.4731723368167877,0.6654572486877441,-0.714759886264801,-1.0769215822219849,0.4231143891811371,0.1395033448934555,-0.38740769028663635,1.1019355058670044,-1.50935697555542,-0.08214249461889267,-0.442550390958786,0.27255547046661377,0.02602429874241352,-1.4664688110351562,0.7742512226104736,0.4357879161834717,-0.8901016116142273,0.28606656193733215,1.6309255361557007,-1.2037936449050903
A,masked_6d,2,671,1,2,671_T1_P1_R2,24,5,-0.13445879518985748,-0.07902784645557404,0.05534372478723526,0.11728239059448242,0.6101590394973755,-1.337162971496582,1.5325918197631836,0.5259014964103699,1.4300463199615479,-1.733635663986206,0.7680047750473022,-0.15499760210514069,0.48307132720947266,0.6565631031990051,-0.6969025731086731,-1.0266309976577759,0.4110115170478821,0.12821726500988007,-0.37152379751205444,1.05947744846344,-1.4575693607330322,-0.05793062970042229,-0.44763606786727905,0.2907872796058655,0.0003897886781487614,-1.4247300624847412,0.7718276381492615,0.41494059562683105,-0.8668557405471802,0.2792571187019348,1.5548949241638184,-1.1745233535766602,-0.12381651252508163,-0.0956585481762886,0.07075866311788559,0.0984945148229599,0.6630561351776123,-1.378799557685852,1.5877974033355713,0.5433688759803772,1.4544591903686523,-1.8112831115722656,0.7809245586395264,-0.1829795241355896,0.5117396116256714,0.6910107731819153,-0.7101041078567505,-1.0374901294708252,0.4535582661628723,0.11389706283807755,-0.3515315651893616,1.0896782875061035,-1.5229357481002808,-0.029976075515151024,-0.4646458029747009,0.2741359770298004,-0.005998226348310709,-1.5154874324798584,0.8101975321769714,0.4663253426551819,-0.8869239091873169,0.257633239030838,1.61676025390625,-1.2396458387374878
A,masked_6d,2,671,2,1,671_T2_P1_R1,24,5,-0.1866353154182434,-0.1454642117023468,0.08010270446538925,0.16523031890392303,0.6248451471328735,-1.2861071825027466,1.5531508922576904,0.5553036332130432,1.4321693181991577,-1.8312908411026,0.7820433378219604,-0.16994522511959076,0.5617238283157349,0.7345603108406067,-0.7199532985687256,-1.0235282182693481,0.4126764237880707,0.12985654175281525,-0.3379274904727936,1.076059103012085,-1.4726775884628296,-0.010479804128408432,-0.524662435054779,0.3524135947227478,-0.07335232943296432,-1.4497268199920654,0.8391714096069336,0.4171409010887146,-0.8770065307617188,0.22152265906333923,1.5320732593536377,-1.2332231998443604,-0.19527289271354675,-0.14620599150657654,0.06686024367809296,0.17694932222366333,0.6239021420478821,-1.2864134311676025,1.5650705099105835,0.5711914300918579,1.4418879747390747,-1.8482398986816406,0.7897838354110718,-0.16527704894542694,0.5806094408035278,0.7523216009140015,-0.7306886911392212,-1.041088342666626,0.43349123001098633,0.1396295130252838,-0.3351152837276459,1.0903713703155518,-1.5001084804534912,-0.005453144200146198,-0.5247136950492859,0.36303314566612244,-0.08535781502723694,-1.4655579328536987,0.8426664471626282,0.40538787841796875,-0.9009599685668945,0.2406381070613861,1.5411837100982666,-1.268829107284546
A,masked_6d,2,671,2,2,671_T2_P1_R2,27,5,-0.19798842072486877,-0.17233911156654358,0.09624749422073364,0.17124156653881073,0.608149528503418,-1.2772185802459717,1.524314284324646,0.5667324066162109,1.4210188388824463,-1.8099355697631836,0.7515290975570679,-0.18285249173641205,0.5613030195236206,0.7274294495582581,-0.6834605932235718,-0.9712871313095093,0.4260401129722595,0.09049021452665329,-0.32583633065223694,1.0299314260482788,-1.4453942775726318,0.028281319886446,-0.5211540460586548,0.35606783628463745,-0.07104308903217316,-1.4369512796401978,0.8528728485107422,0.41748562455177307,-0.8712166547775269,0.2088983803987503,1.4882830381393433,-1.2309958934783936,-0.20149457454681396,-0.18474838137626648,0.08731348812580109,0.1816624253988266,0.6294928789138794,-1.2806928157806396,1.5568211078643799,0.5934527516365051,1.4260663986206055,-1.8658359050750732,0.7589428424835205,-0.1976020336151123,0.6006184816360474,0.7712818384170532,-0.6987439393997192,-0.9881486892700195,0.45866355299949646,0.0963921844959259,-0.3060418963432312,1.0557115077972412,-1.489724040031433,0.05661321431398392,-0.5383243560791016,0.3675968647003174,-0.09993412345647812,-1.4949144124984741,0.8726111650466919,0.43362775444984436,-0.9022507667541504,0.21146619319915771,1.5201910734176636,-1.3033701181411743
A,masked_6d,2,671,3,1,671_T3_P1_R1,27,5,-0.13651493191719055,-0.1351083219051361,0.01660904288291931,0.1606186330318451,0.5960355997085571,-1.2091699838638306,1.5032672882080078,0.5363991260528564,1.318764090538025,-1.7443281412124634,0.7365940809249878,-0.18940021097660065,0.561474621295929,0.6490136981010437,-0.702660858631134,-0.960708498954773,0.4061538577079773,0.14835062623023987,-0.29618895053863525,1.0540416240692139,-1.4079649448394775,-0.03938455507159233,-0.480909526348114,0.31603485345840454,-0.10478653013706207,-1.3479902744293213,0.7604827880859375,0.37419620156288147,-0.8145859837532043,0.25456297397613525,1.465266227722168,-1.155613660812378,-0.14081889390945435,-0.10400744527578354,0.00733576063066721,0.18033133447170258,0.5945178270339966,-1.2260160446166992,1.5297982692718506,0.532757043838501,1.3373488187789917,-1.7802181243896484,0.7780944108963013,-0.17764198780059814,0.5685192346572876,0.6663376092910767,-0.7311415672302246,-1.0210410356521606,0.37365132570266724,0.18828625977039337,-0.33360037207603455,1.1081478595733643,-1.43246591091156,-0.09421219676733017,-0.5146404504776001,0.3336948752403259,-0.09789885580539703,-1.3377325534820557,0.7528611421585083,0.36643698811531067,-0.824199378490448,0.27279162406921387,1.506691813468933,-1.1478135585784912
A,masked_6d,2,671,3,2,671_T3_P1_R2,28,5,-0.1449863612651825,-0.12220559269189835,0.05088977888226509,0.14061488211154938,0.6199143528938293,-1.241729974746704,1.5248675346374512,0.4758552610874176,1.369802474975586,-1.7535412311553955,0.7879279851913452,-0.1494179666042328,0.5260127782821655,0.6260588765144348,-0.7254548072814941,-1.0034979581832886,0.3518464267253876,0.17293529212474823,-0.3464965224266052,1.0754915475845337,-1.4016876220703125,-0.12915274500846863,-0.5001257658004761,0.30289289355278015,-0.06327386200428009,-1.2896877527236938,0.7596436738967896,0.35140424966812134,-0.7769283056259155,0.21986854076385498,1.4882442951202393,-1.0580971240997314,-0.16183781623840332,-0.13543875515460968,0.0866699367761612,0.1444001942873001,0.6518757939338684,-1.2803277969360352,1.5627634525299072,0.4931027889251709,1.4223512411117554,-1.8176357746124268,0.8010646104812622,-0.1509351283311844,0.5381811857223511,0.6660966873168945,-0.7322595715522766,-1.0275713205337524,0.3694838881492615,0.1567634791135788,-0.35523876547813416,1.0845011472702026,-1.445108413696289,-0.10010147094726562,-0.52459317445755,0.31369835138320923,-0.05721414089202881,-1.360707402229309,0.8131798505783081,0.37340953946113586,-0.8118076324462891,0.20253071188926697,1.5393701791763306,-1.1229485273361206
A,masked_6d,2,790,1,1,790_T1_P1_R1,25,5,-0.12756304442882538,-0.11714363098144531,0.05933263897895813,0.1256646066904068,0.6546478867530823,-1.3151601552963257,1.5689029693603516,0.5421520471572876,1.3994724750518799,-1.8145023584365845,0.7610018849372864,-0.20555725693702698,0.5425920486450195,0.6968048214912415,-0.7086048722267151,-1.0007168054580688,0.42706066370010376,0.12158169597387314,-0.32531991600990295,1.0806187391281128,-1.491119384765625,-0.02596627175807953,-0.48776775598526,0.29224538803100586,-0.054544806480407715,-1.4750362634658813,0.8102264404296875,0.45898109674453735,-0.8576656579971313,0.23812994360923767,1.573390007019043,-1.2147619724273682,-0.10274431854486465,-0.09987354278564453,-0.0009653620654717088,0.13133899867534637,0.6717993021011353,-1.3311564922332764,1.60223388671875,0.5733482241630554,1.3716298341751099,-1.8633594512939453,0.7578002214431763,-0.24092881381511688,0.592253565788269,0.7000659108161926,-0.7163799405097961,-1.0279409885406494,0.4694034457206726,0.1443329155445099,-0.29635491967201233,1.1412632465362549,-1.5544174909591675,-0.04546147212386131,-0.4884147644042969,0.2883821129798889,-0.0811830684542656,-1.5096560716629028,0.7823501825332642,0.4732411801815033,-0.8721489906311035,0.29964712262153625,1.630988359451294,-1.2665231227874756
A,masked_6d,2,790,1,2,790_T1_P1_R2,26,5,-0.11474033445119858,-0.10521992295980453,0.03338939696550369,0.1261383295059204,0.6365165710449219,-1.3075664043426514,1.5566699504852295,0.5299135446548462,1.3778488636016846,-1.7871453762054443,0.7663275003433228,-0.19385294616222382,0.5415672063827515,0.6643691062927246,-0.7099955677986145,-1.0136942863464355,0.40589094161987305,0.13894380629062653,-0.3304762542247772,1.0934165716171265,-1.4729578495025635,-0.06571046262979507,-0.47418537735939026,0.28861674666404724,-0.04910314083099365,-1.4190040826797485,0.768477737903595,0.4274987280368805,-0.8363286256790161,0.2636297345161438,1.5599364042282104,-1.1663075685501099,-0.06889379769563675,-0.10429539531469345,-0.06004694849252701,0.12180499732494354,0.6679408550262451,-1.2830063104629517,1.5764317512512207,0.5697448253631592,1.2918789386749268,-1.829951286315918,0.745323896408081,-0.2516096830368042,0.6195451021194458,0.6614744067192078,-0.7215443253517151,-1.0035618543624878,0.4859747290611267,0.1604568064212799,-0.23917873203754425,1.1482861042022705,-1.5329344272613525,-0.035298656672239304,-0.45716434717178345,0.2654416561126709,-0.12018419802188873,-1.4686347246170044,0.7315462827682495,0.43707141280174255,-0.8485044240951538,0.3263809084892273,1.596983551979065,-1.2488254308700562
A,masked_6d,2,790,2,1,790_T2_P1_R1,25,5,-0.12224236875772476,-0.12424520403146744,0.05061496049165726,0.11093258857727051,0.651900053024292,-1.3369232416152954,1.558424472808838,0.5607805848121643,1.39892578125,-1.8052231073379517,0.739014744758606,-0.21027927100658417,0.5457345247268677,0.6917755007743835,-0.6898165941238403,-0.981482982635498,0.469430148601532,0.09209197014570236,-0.30060988664627075,1.0623743534088135,-1.494266152381897,0.018946636468172073,-0.4555414319038391,0.283893883228302,-0.045697975903749466,-1.5008293390274048,0.8025185465812683,0.4684886038303375,-0.8801034092903137,0.25566768646240234,1.5647302865982056,-1.2516672611236572,-0.10699263960123062,-0.11375567317008972,0.015539439395070076,0.12037067115306854,0.6542587280273438,-1.3571373224258423,1.579990029335022,0.5908654928207397,1.3931801319122314,-1.8376342058181763,0.7397443056106567,-0.22045297920703888,0.5756707787513733,0.6949638724327087,-0.6964730620384216,-1.0093457698822021,0.4963544011116028,0.10522397607564926,-0.28407323360443115,1.1016085147857666,-1.5351961851119995,0.01574818603694439,-0.447078675031662,0.28460487723350525,-0.06293753534555435,-1.5230164527893066,0.7869167327880859,0.46795186400413513,-0.9020226001739502,0.29717445373535156,1.5992622375488281,-1.297672152519226
A,masked_6d,2,790,2,2,790_T2_P1_R2,26,5,-0.13718147575855255,-0.11671829223632812,0.07303707301616669,0.11699377000331879,0.6412942409515381,-1.3207429647445679,1.540623426437378,0.5367154479026794,1.409759521484375,-1.782897710800171,0.7458401322364807,-0.18789030611515045,0.5203297734260559,0.678390383720398,-0.6885020136833191,-0.9834726452827454,0.42931580543518066,0.09746379405260086,-0.3292432129383087,1.047753930091858,-1.457880973815918,-0.009408839978277683,-0.4694432318210602,0.29152345657348633,-0.03478027135133743,-1.4595366716384888,0.8067880868911743,0.4499756693840027,-0.8638957142829895,0.23765882849693298,1.5504697561264038,-1.203791618347168,-0.14898543059825897,-0.11518396437168121,0.0758926123380661,0.11630336940288544,0.6380096077919006,-1.358484148979187,1.5553768873214722,0.5487450361251831,1.444102168083191,-1.7982012033462524,0.7551619410514832,-0.18073789775371552,0.5178985595703125,0.6887838244438171,-0.6876015663146973,-1.00885808467865,0.4347747266292572,0.09609369933605194,-0.3412095010280609,1.0686075687408447,-1.4823682308197021,-0.018344830721616745,-0.4626966416835785,0.2964262068271637,-0.01709727942943573,-1.465638518333435,0.8049142956733704,0.45109453797340393,-0.8782219886779785,0.24582195281982422,1.5725771188735962,-1.2193000316619873
A,masked_6d,2,790,3,1,790_T3_P1_R1,27,5,-0.12939651310443878,-0.1408972442150116,0.10822144895792007,0.09533493220806122,0.6607599854469299,-1.3483073711395264,1.5644465684890747,0.5300982594490051,1.4509999752044678,-1.8019441366195679,0.7618502378463745,-0.1806589663028717,0.505839467048645,0.683750569820404,-0.6991490721702576,-0.9939217567443848,0.4062100052833557,0.07792341709136963,-0.3464179039001465,1.0534497499465942,-1.4721637964248657,-0.015228934586048126,-0.4798903465270996,0.279081791639328,-0.008268148638308048,-1.474845290184021,0.8361281156539917,0.48107653856277466,-0.8431134223937988,0.19104236364364624,1.5618056058883667,-1.183805227279663,-0.12818720936775208,-0.14232401549816132,0.09136290103197098,0.0926617681980133,0.6829134225845337,-1.385535478591919,1.5974115133285522,0.5599573850631714,1.4775936603546143,-1.8487895727157593,0.7709929347038269,-0.18038049340248108,0.5345898866653442,0.7058736681938171,-0.7117263078689575,-1.0317296981811523,0.4461379051208496,0.07425224035978317,-0.3288207948207855,1.087486743927002,-1.5295464992523193,0.0005173193057999015,-0.47291645407676697,0.28063029050827026,-0.016315124928951263,-1.5299737453460693,0.8453276753425598,0.49520888924598694,-0.8782539367675781,0.2145250141620636,1.6061404943466187,-1.2531273365020752
A,masked_6d,2,790,3,2,790_T3_P1_R2,25,5,-0.113523468375206,-0.15301519632339478,0.10696961730718613,0.08789454400539398,0.6596052646636963,-1.3195183277130127,1.5446237325668335,0.5147143602371216,1.4149529933929443,-1.7800356149673462,0.744085431098938,-0.1838482916355133,0.5068333745002747,0.6519483327865601,-0.7002274990081787,-0.952989399433136,0.389321506023407,0.07449686527252197,-0.33184975385665894,1.0406363010406494,-1.4413906335830688,-0.01906181126832962,-0.46882766485214233,0.2602933347225189,-0.020254671573638916,-1.4289171695709229,0.8257558941841125,0.47942525148391724,-0.8114665150642395,0.16671130061149597,1.5258632898330688,-1.1362799406051636,-0.0852692723274231,-0.20483553409576416,0.1415710747241974,0.03690054267644882,0.698080837726593,-1.3768664598464966,1.5375179052352905,0.5408827662467957,1.413252830505371,-1.7732772827148438,0.675774097442627,-0.23076872527599335,0.4999011158943176,0.6324630379676819,-0.6434494256973267,-0.8580109477043152,0.45689791440963745,-0.02619045600295067,-0.2772220969200134,0.978983998298645,-1.4455127716064453,0.09326823055744171,-0.40789785981178284,0.1979140192270279,0.0013052091235294938,-1.5026342868804932,0.8580940961837769,0.5645089745521545,-0.8198326826095581,0.12661877274513245,1.5196354389190674,-1.1908886432647705
A,masked_angular_velocity,0,252,1,1,252_T1_P1_R1,23,5,0.27669253945350647,-1.2718929052352905,-1.1458702087402344,-0.0980946272611618,1.2446142435073853,0.9627060890197754,0.599523663520813,-0.7478350400924683,-1.8520457744598389,-0.3488191068172455,-0.3185420036315918,1.570800542831421,-0.018701551482081413,-0.8854767680168152,-0.987383246421814,1.2309367656707764,-1.0662719011306763,0.8150879740715027,0.7728964686393738,-0.930888295173645,0.4180554449558258,0.8672788739204407,-2.0573582649230957,-1.0536117553710938,0.34006986021995544,-0.3431702256202698,-0.7151862382888794,0.4445670247077942,0.7826328277587891,1.0788482427597046,1.1481198072433472,1.1683666706085205,0.2727259695529938,-1.2561852931976318,-1.1347242593765259,-0.10987775027751923,1.244842767715454,0.9670346975326538,0.5999076962471008,-0.7475454807281494,-1.833709955215454,-0.35203611850738525,-0.31621676683425903,1.5762876272201538,-0.022843796759843826,-0.8979304432868958,-0.9786947965621948,1.240322470664978,-1.069594383239746,0.8045047521591187,0.7674301266670227,-0.944868266582489,0.43769001960754395,0.8674270510673523,-2.0768215656280518,-1.0602506399154663,0.329955130815506,-0.32581138610839844,-0.7318453192710876,0.4567229151725769,0.7634874582290649,1.0796008110046387,1.1595207452774048,1.1715967655181885
A,masked_angular_velocity,0,252,1,2,252_T1_P1_R2,25,5,0.2722507119178772,-1.2826787233352661,-1.1580381393432617,-0.09435448050498962,1.2424837350845337,0.9649537205696106,0.6069555282592773,-0.7497140765190125,-1.8662678003311157,-0.3448713421821594,-0.32490673661231995,1.5721685886383057,-0.02380358800292015,-0.87480628490448,-0.9842653274536133,1.227173089981079,-1.0674611330032349,0.8189674615859985,0.7736130356788635,-0.9243162870407104,0.4199463725090027,0.8725644946098328,-2.0368587970733643,-1.0545029640197754,0.3343629240989685,-0.3458937704563141,-0.7124495506286621,0.439566433429718,0.7921808958053589,1.0800472497940063,1.1432138681411743,1.1648551225662231,0.26508861780166626,-1.2826086282730103,-1.1670341491699219,-0.10003252327442169,1.2382161617279053,0.9734153747558594,0.6188713908195496,-0.752423882484436,-1.8669534921646118,-0.3411380648612976,-0.33090636134147644,1.5821107625961304,-0.033279966562986374,-0.877415657043457,-0.9729257822036743,1.2332179546356201,-1.0741853713989258,0.8205057382583618,0.7674195170402527,-0.9232826232910156,0.4366315007209778,0.8762242197990417,-2.030930280685425,-1.0586668252944946,0.3156494200229645,-0.33581653237342834,-0.7214060425758362,0.44944143295288086,0.7855409383773804,1.0782415866851807,1.1475121974945068,1.160883903503418
A,masked_angular_velocity,0,252,2,1,252_T2_P1_R1,25,5,0.2860410213470459,-1.264735221862793,-1.135064721107483,-0.08921261131763458,1.2456896305084229,0.9600774645805359,0.5891081094741821,-0.7425296306610107,-1.845191240310669,-0.35342106223106384,-0.31519627571105957,1.5655544996261597,-0.00841515976935625,-0.8901025056838989,-1.0001107454299927,1.226811408996582,-1.0628283023834229,0.8119547963142395,0.7725321650505066,-0.9377228021621704,0.40535488724708557,0.8595611453056335,-2.0730955600738525,-1.0516374111175537,0.35258790850639343,-0.3516903519630432,-0.7075437307357788,0.4486338496208191,0.7787235975265503,1.0771071910858154,1.1494685411453247,1.179112195968628,0.2774662673473358,-1.2495498657226562,-1.1378600597381592,-0.10775163024663925,1.2414687871932983,0.9699736833572388,0.6019943356513977,-0.7440193295478821,-1.8309158086776733,-0.35008519887924194,-0.31765270233154297,1.5824686288833618,-0.020273951813578606,-0.9076493978500366,-0.9811173677444458,1.2426811456680298,-1.0718133449554443,0.8101059198379517,0.7605763673782349,-0.9418307542800903,0.4331371784210205,0.86090087890625,-2.086264133453369,-1.056786060333252,0.32596391439437866,-0.3280496597290039,-0.7277039289474487,0.4700470566749573,0.755378246307373,1.0729173421859741,1.1618763208389282,1.1719797849655151
A,masked_angular_velocity,0,252,2,2,252_T2_P1_R2,25,5,0.28252729773521423,-1.2715781927108765,-1.1386760473251343,-0.09223665297031403,1.242640733718872,0.9691656827926636,0.5934596061706543,-0.7447689771652222,-1.8556029796600342,-0.35237574577331543,-0.31409865617752075,1.5629432201385498,-0.018597083166241646,-0.8855495452880859,-0.9811986088752747,1.2273797988891602,-1.064936876296997,0.8141821026802063,0.7724129557609558,-0.9303482174873352,0.42143502831459045,0.865179717540741,-2.0565972328186035,-1.0567914247512817,0.33317071199417114,-0.3430767059326172,-0.7177640199661255,0.44147926568984985,0.7773677110671997,1.0816763639450073,1.1495307683944702,1.1697841882705688,0.27244484424591064,-1.2581496238708496,-1.1450159549713135,-0.11172021925449371,1.2376813888549805,0.9841154217720032,0.6069002151489258,-0.7499948740005493,-1.8409192562103271,-0.34651756286621094,-0.3150925934314728,1.5831087827682495,-0.03416309133172035,-0.9010158777236938,-0.9562002420425415,1.2439851760864258,-1.0757664442062378,0.8145444989204407,0.7565613985061646,-0.9365272521972656,0.4527541995048523,0.8676342964172363,-2.0652565956115723,-1.0624171495437622,0.30161166191101074,-0.3183661699295044,-0.7425882816314697,0.462942898273468,0.7520687580108643,1.0773688554763794,1.1641491651535034,1.1617703437805176
A,masked_angular_velocity,0,252,3,1,252_T3_P1_R1,25,5,0.28863051533699036,-1.2737843990325928,-1.1193549633026123,-0.10281839221715927,1.2416446208953857,0.9498336911201477,0.5799141526222229,-0.7516589760780334,-1.841299057006836,-0.35925009846687317,-0.31459516286849976,1.5538311004638672,-0.011176882311701775,-0.8843473196029663,-0.9932938814163208,1.2406418323516846,-1.0603889226913452,0.8039641380310059,0.7777422070503235,-0.9194550514221191,0.42875298857688904,0.8634441494941711,-2.0696277618408203,-1.0498424768447876,0.3609239459037781,-0.34176573157310486,-0.7225608229637146,0.4310360848903656,0.7773691415786743,1.0775806903839111,1.1409834623336792,1.1794168949127197,0.28580865263938904,-1.2689353227615356,-1.1241960525512695,-0.10180094093084335,1.2456218004226685,0.9486260414123535,0.5827841758728027,-0.7501974701881409,-1.832482099533081,-0.35821452736854553,-0.3160804212093353,1.557295560836792,-0.00982095580548048,-0.8887553215026855,-0.9998360872268677,1.242244005203247,-1.0582135915756226,0.8004159927368164,0.7722362279891968,-0.9313470125198364,0.4228658676147461,0.8620554208755493,-2.0802509784698486,-1.0498135089874268,0.3667055070400238,-0.34220796823501587,-0.7212545275688171,0.442152738571167,0.7766002416610718,1.0765990018844604,1.1472853422164917,1.184377908706665
A,masked_angular_velocity,0,252,3,2,252_T3_P1_R2,24,5,0.28638070821762085,-1.2759764194488525,-1.1213054656982422,-0.09845684468746185,1.2321717739105225,0.9556287527084351,0.589341938495636,-0.7492322325706482,-1.845776915550232,-0.35577327013015747,-0.3228229880332947,1.5563054084777832,-0.010560592636466026,-0.8856913447380066,-0.9917306900024414,1.2359751462936401,-1.0618153810501099,0.8045836687088013,0.7782365083694458,-0.9133256673812866,0.4339015483856201,0.8683088421821594,-2.0597269535064697,-1.0552902221679688,0.3483031690120697,-0.34574180841445923,-0.7207764387130737,0.4342443346977234,0.7740565538406372,1.078580617904663,1.1399376392364502,1.1784751415252686,0.276650995016098,-1.28080153465271,-1.1304259300231934,-0.10054638236761093,1.2296348810195923,0.9577080011367798,0.6006490588188171,-0.7511470913887024,-1.8507360219955444,-0.35281795263290405,-0.3321828246116638,1.5608924627304077,-0.015189235098659992,-0.8790389895439148,-0.9898139238357544,1.2362620830535889,-1.0627901554107666,0.8011140823364258,0.7774515151977539,-0.9137428402900696,0.44403499364852905,0.8755338788032532,-2.0466346740722656,-1.0600422620773315,0.3414018750190735,-0.34352806210517883,-0.7240950465202332,0.43673205375671387,0.7774226069450378,1.081303596496582,1.139701247215271,1.1775776147842407
A,masked_angular_velocity,0,651,1,1,651_T1_P1_R1,24,5,0.2758457362651825,-1.259869933128357,-1.1461820602416992,-0.09555647522211075,1.249851107597351,0.970413327217102,0.5943096876144409,-0.7466691136360168,-1.8434743881225586,-0.3479730486869812,-0.31289854645729065,1.5736126899719238,-0.020632144063711166,-0.8886777758598328,-0.9824399948120117,1.2296876907348633,-1.066312313079834,0.8129669427871704,0.7643626928329468,-0.9498870968818665,0.41592279076576233,0.8656610250473022,-2.067955732345581,-1.058121919631958,0.33441513776779175,-0.337960422039032,-0.7209686040878296,0.45372360944747925,0.7729190587997437,1.08114492893219,1.1583327054977417,1.1723688840866089,0.27077165246009827,-1.2556363344192505,-1.1571686267852783,-0.09912724047899246,1.2516844272613525,0.9642982482910156,0.602508008480072,-0.748531699180603,-1.8370084762573242,-0.3422289490699768,-0.3183700442314148,1.5877915620803833,-0.020989062264561653,-0.8924639821052551,-0.9906008839607239,1.233054518699646,-1.0692594051361084,0.8145118951797485,0.7599315047264099,-0.957300066947937,0.4091207981109619,0.8646845817565918,-2.074875593185425,-1.0531271696090698,0.34176406264305115,-0.33849668502807617,-0.7150977253913879,0.4651164412498474,0.7752565145492554,1.0742194652557373,1.160943627357483,1.1741880178451538
A,masked_angular_velocity,0,651,1,2,651_T1_P1_R2,24,5,0.2801586091518402,-1.257964849472046,-1.1307384967803955,-0.09239526093006134,1.2552036046981812,0.963956356048584,0.5837597250938416,-0.7437188029289246,-1.837978720664978,-0.3556608259677887,-0.30717605352401733,1.5617938041687012,-0.014946343377232552,-0.8869484663009644,-0.9894638061523438,1.2261039018630981,-1.0616322755813599,0.8023349642753601,0.7726860046386719,-0.9578105807304382,0.41198453307151794,0.8646005392074585,-2.0770010948181152,-1.0611196756362915,0.34700173139572144,-0.33826327323913574,-0.7208023071289062,0.44515174627304077,0.7749804854393005,1.086891531944275,1.1582307815551758,1.1790478229522705,0.2787718176841736,-1.2469545602798462,-1.1208906173706055,-0.10597149282693863,1.2566967010498047,0.9554112553596497,0.5822166204452515,-0.7456110715866089,-1.8159685134887695,-0.3585470914840698,-0.30483177304267883,1.5664703845977783,-0.013766060583293438,-0.8992459177970886,-0.992239773273468,1.2393643856048584,-1.0620219707489014,0.7923938632011414,0.7704440355300903,-0.964820384979248,0.42134910821914673,0.8604680299758911,-2.100773334503174,-1.0577977895736694,0.35583722591400146,-0.32811665534973145,-0.7286898493766785,0.45374107360839844,0.7640753388404846,1.0826327800750732,1.1638332605361938,1.1827579736709595
A,masked_angular_velocity,0,651,2,1,651_T2_P1_R1,25,5,0.27054059505462646,-1.2606122493743896,-1.1348035335540771,-0.1108844056725502,1.2438108921051025,0.9755948185920715,0.6011478304862976,-0.7462431192398071,-1.8386504650115967,-0.354705274105072,-0.315172404050827,1.5661548376083374,-0.02800598368048668,-0.8926618695259094,-0.9631805419921875,1.238478422164917,-1.0634069442749023,0.7979807257652283,0.763922393321991,-0.9426488876342773,0.4517195224761963,0.8717624545097351,-2.065479040145874,-1.0657620429992676,0.3165209889411926,-0.31951838731765747,-0.7426802515983582,0.4518281817436218,0.7600191235542297,1.087204933166504,1.161622405052185,1.1666879653930664,0.26619794964790344,-1.2649122476577759,-1.145215630531311,-0.10607711970806122,1.2450894117355347,0.9759931564331055,0.6064357757568359,-0.7474907636642456,-1.8460575342178345,-0.3512588143348694,-0.31952959299087524,1.572994589805603,-0.030477249994874,-0.8853341341018677,-0.9663807153701782,1.2335938215255737,-1.067853569984436,0.8028255701065063,0.7652788162231445,-0.9457563161849976,0.4459209442138672,0.8739824295043945,-2.055509328842163,-1.0659372806549072,0.31480664014816284,-0.3223799765110016,-0.7367883920669556,0.4527083933353424,0.7676811814308167,1.0866014957427979,1.1606687307357788,1.166587233543396
A,masked_angular_velocity,0,651,2,2,651_T2_P1_R2,26,5,0.27295178174972534,-1.2634762525558472,-1.1365439891815186,-0.10541186481714249,1.2437206506729126,0.9754410982131958,0.5998349189758301,-0.7440674304962158,-1.8429495096206665,-0.3546450734138489,-0.3164847493171692,1.5631873607635498,-0.0265329722315073,-0.8908439874649048,-0.9677786827087402,1.2361416816711426,-1.0617262125015259,0.7990337610244751,0.7648124694824219,-0.9397348165512085,0.44666528701782227,0.8708133697509766,-2.0625786781311035,-1.0658057928085327,0.3189620077610016,-0.32461825013160706,-0.7380194664001465,0.45133519172668457,0.7636844515800476,1.0870273113250732,1.1595454216003418,1.168562650680542,0.2672392427921295,-1.261149525642395,-1.147585153579712,-0.10593383014202118,1.2457600831985474,0.9705945253372192,0.6072689294815063,-0.7449430227279663,-1.8395490646362305,-0.3492010831832886,-0.322003036737442,1.576207160949707,-0.027472376823425293,-0.8916997909545898,-0.9763973355293274,1.237044095993042,-1.0653717517852783,0.8008121252059937,0.7621775269508362,-0.9468315243721008,0.4392295479774475,0.8708435893058777,-2.065412998199463,-1.0628092288970947,0.32475560903549194,-0.32561376690864563,-0.7316910028457642,0.46100330352783203,0.7679125070571899,1.0818723440170288,1.1611878871917725,1.1698873043060303
A,masked_angular_velocity,0,651,3,1,651_T3_P1_R1,24,5,0.2786809504032135,-1.2675867080688477,-1.1437180042266846,-0.09280885010957718,1.244376540184021,0.9684958457946777,0.5988734364509583,-0.7440911531448364,-1.8520596027374268,-0.3489949107170105,-0.3160530924797058,1.5699048042297363,-0.016489041969180107,-0.8871325254440308,-0.986598789691925,1.2236006259918213,-1.0661029815673828,0.8157175183296204,0.7705180048942566,-0.9352995157241821,0.41211992502212524,0.8660416603088379,-2.057830333709717,-1.0555235147476196,0.3358203172683716,-0.34483519196510315,-0.714173436164856,0.44590458273887634,0.7788056135177612,1.081066608428955,1.151550054550171,1.167834758758545,0.2773548662662506,-1.2673633098602295,-1.152130365371704,-0.09253768622875214,1.2460018396377563,0.968433678150177,0.6032175421714783,-0.745329737663269,-1.851684808731079,-0.34500569105148315,-0.31670501828193665,1.578710675239563,-0.01893775165081024,-0.8894389867782593,-0.9894639253616333,1.2256759405136108,-1.070744276046753,0.8211383819580078,0.7670647501945496,-0.9368987083435059,0.4074333608150482,0.8635827302932739,-2.059457302093506,-1.0515269041061401,0.33681854605674744,-0.34509748220443726,-0.7118133306503296,0.45221418142318726,0.7796517610549927,1.0759166479110718,1.1539766788482666,1.166609764099121
A,masked_angular_velocity,0,651,3,2,651_T3_P1_R2,24,5,0.2778242826461792,-1.2680543661117554,-1.143585443496704,-0.09276770055294037,1.245082139968872,0.965236485004425,0.5992089509963989,-0.7440420389175415,-1.8511664867401123,-0.34895020723342896,-0.3168494999408722,1.5695503950119019,-0.014909794554114342,-0.8864992260932922,-0.9905028343200684,1.223296880722046,-1.0650583505630493,0.8146145939826965,0.7723625898361206,-0.9362083673477173,0.40981578826904297,0.8660727739334106,-2.0585389137268066,-1.0547409057617188,0.34058448672294617,-0.34681642055511475,-0.7117248773574829,0.44485053420066833,0.7816773653030396,1.080883502960205,1.1503868103027344,1.1689926385879517,0.2744521498680115,-1.2678780555725098,-1.1467171907424927,-0.09373269975185394,1.2483108043670654,0.9684588313102722,0.6007843613624573,-0.7454460859298706,-1.8523833751678467,-0.34881970286369324,-0.3168144226074219,1.5710700750350952,-0.019561083987355232,-0.8823791742324829,-0.9874756932258606,1.2236459255218506,-1.065586805343628,0.8126124143600464,0.7699679136276245,-0.9424980282783508,0.4135725498199463,0.8680273294448853,-2.0550074577331543,-1.0579125881195068,0.33747512102127075,-0.34210821986198425,-0.7161910533905029,0.44454723596572876,0.7827322483062744,1.083248496055603,1.1527137756347656,1.1690133810043335
A,masked_angular_velocity,0,671,1,1,671_T1_P1_R1,26,5,0.2848190665245056,-1.2677053213119507,-1.1354725360870361,-0.08662132918834686,1.2463994026184082,0.9743369817733765,0.589962899684906,-0.7432864904403687,-1.8522899150848389,-0.3516395688056946,-0.3088749349117279,1.563152551651001,-0.017505016177892685,-0.8870270848274231,-0.9834960103034973,1.2219762802124023,-1.065862774848938,0.8147918581962585,0.7708438634872437,-0.9404453039169312,0.4128989577293396,0.8648077845573425,-2.0598044395446777,-1.0604219436645508,0.3337594270706177,-0.34591373801231384,-0.7184356451034546,0.44140809774398804,0.7759154438972473,1.083808183670044,1.1539270877838135,1.1720726490020752,0.2813159227371216,-1.261629581451416,-1.142946481704712,-0.09055075794458389,1.246228814125061,0.9702939987182617,0.5981027483940125,-0.7428295016288757,-1.8457231521606445,-0.34657856822013855,-0.3143337070941925,1.5762405395507812,-0.01828472875058651,-0.8937051892280579,-0.9889624714851379,1.2254130840301514,-1.069938063621521,0.8157485127449036,0.766671895980835,-0.945306122303009,0.4107336699962616,0.8639218807220459,-2.067873954772949,-1.0576485395431519,0.3355747163295746,-0.34371212124824524,-0.715997040271759,0.45356282591819763,0.7736116051673889,1.0774906873703003,1.157817006111145,1.1729987859725952
A,masked_angular_velocity,0,671,1,2,671_T1_P1_R2,24,5,0.28497523069381714,-1.267524003982544,-1.130513072013855,-0.09178969264030457,1.245542287826538,0.973477840423584,0.5889984965324402,-0.7440944910049438,-1.851157546043396,-0.35441628098487854,-0.30736011266708374,1.5592424869537354,-0.01893329992890358,-0.8883039355278015,-0.9766728281974792,1.225199818611145,-1.0645058155059814,0.8115174174308777,0.7724435329437256,-0.9364506602287292,0.4208888113498688,0.8653466105461121,-2.0606818199157715,-1.0608747005462646,0.3301922082901001,-0.3398190140724182,-0.7235603928565979,0.43805259466171265,0.7731431126594543,1.0858880281448364,1.1533554792404175,1.1686975955963135,0.27928537130355835,-1.2584353685379028,-1.1369411945343018,-0.1037566214799881,1.2462092638015747,0.9684765934944153,0.5967679619789124,-0.7463334798812866,-1.8391271829605103,-0.3500329554080963,-0.3113998472690582,1.5738476514816284,-0.022023096680641174,-0.8980423212051392,-0.9787715673446655,1.2355153560638428,-1.069403886795044,0.8116257786750793,0.7665220499038696,-0.9410082101821899,0.42562180757522583,0.8643808364868164,-2.0740036964416504,-1.0573575496673584,0.33165493607521057,-0.3315292298793793,-0.7270637154579163,0.4524569511413574,0.7673226594924927,1.0785748958587646,1.1588618755340576,1.1680914163589478
A,masked_angular_velocity,0,671,2,1,671_T2_P1_R1,24,5,0.2665814161300659,-1.2642172574996948,-1.1362642049789429,-0.10359571874141693,1.252068281173706,0.979917049407959,0.5990829467773438,-0.7444499135017395,-1.8496605157852173,-0.3573320209980011,-0.3123212456703186,1.5583906173706055,-0.03140953555703163,-0.877691924571991,-0.9596946835517883,1.2256683111190796,-1.0595334768295288,0.793150782585144,0.7683898210525513,-0.9559476971626282,0.4463505744934082,0.8783467411994934,-2.051326274871826,-1.07492995262146,0.3151225447654724,-0.3190009295940399,-0.7438365817070007,0.44011014699935913,0.7723532915115356,1.0981618165969849,1.1618763208389282,1.1666849851608276,0.2609257698059082,-1.2601574659347534,-1.1413860321044922,-0.10725998878479004,1.2530543804168701,0.9871376752853394,0.6034192442893982,-0.7459539175033569,-1.848427176475525,-0.3560042977333069,-0.31286728382110596,1.5652790069580078,-0.036107875406742096,-0.8772627115249634,-0.9536322355270386,1.226765751838684,-1.0622711181640625,0.7934171557426453,0.7626494765281677,-0.9641848802566528,0.4534527361392975,0.880089282989502,-2.05049729347229,-1.0776687860488892,0.3056242763996124,-0.31406402587890625,-0.7495959997177124,0.4460640549659729,0.7673155665397644,1.0996952056884766,1.1671431064605713,1.1663310527801514
A,masked_angular_velocity,0,671,2,2,671_T2_P1_R2,27,5,0.26999759674072266,-1.2607661485671997,-1.121296763420105,-0.10946325957775116,1.2558307647705078,0.9737030863761902,0.5874158143997192,-0.7443491220474243,-1.841510534286499,-0.36582398414611816,-0.30669966340065,1.5457477569580078,-0.028947442770004272,-0.8771898150444031,-0.959760844707489,1.2311354875564575,-1.052451729774475,0.7805219292640686,0.7712308764457703,-0.9581406712532043,0.4549967646598816,0.8770526051521301,-2.0619606971740723,-1.0749006271362305,0.3252202868461609,-0.31320974230766296,-0.7514302134513855,0.43288135528564453,0.7684707045555115,1.1026111841201782,1.16139817237854,1.1711931228637695,0.26341596245765686,-1.2495324611663818,-1.1262365579605103,-0.11748596280813217,1.256973147392273,0.9766260981559753,0.5939332842826843,-0.7457677125930786,-1.8322035074234009,-0.36169788241386414,-0.30982717871665955,1.559333086013794,-0.03484788537025452,-0.8828225135803223,-0.9539234042167664,1.2353742122650146,-1.0567924976348877,0.778117299079895,0.7635901570320129,-0.9704626798629761,0.46273866295814514,0.8796316981315613,-2.0695903301239014,-1.0782734155654907,0.31611406803131104,-0.3015855550765991,-0.7591617703437805,0.44559842348098755,0.7596174478530884,1.1002942323684692,1.1694023609161377,1.1708227396011353
A,masked_angular_velocity,0,671,3,1,671_T3_P1_R1,27,5,0.276456356048584,-1.2849024534225464,-1.1250361204147339,-0.11474963277578354,1.2391149997711182,0.9735698699951172,0.5921062231063843,-0.7535985708236694,-1.8613755702972412,-0.36215218901634216,-0.30603522062301636,1.5430822372436523,-0.03409344702959061,-0.8766658902168274,-0.9475537538528442,1.244153618812561,-1.0623177289962769,0.8058249354362488,0.7797187566757202,-0.9041641354560852,0.46553102135658264,0.8714122772216797,-2.0349748134613037,-1.0605428218841553,0.3127893805503845,-0.31850293278694153,-0.7482991218566895,0.4150354862213135,0.7737753391265869,1.0934216976165771,1.1408154964447021,1.1495202779769897,0.26970744132995605,-1.2852369546890259,-1.1350674629211426,-0.10196428000926971,1.2375303506851196,0.972139835357666,0.6041157245635986,-0.7475550174713135,-1.8726476430892944,-0.3556605279445648,-0.3174309730529785,1.5510579347610474,-0.03136832267045975,-0.8704642057418823,-0.9579695463180542,1.2267682552337646,-1.0638141632080078,0.8073018789291382,0.7859853506088257,-0.9125941395759583,0.4504201412200928,0.8786450624465942,-2.0206801891326904,-1.0667669773101807,0.309212863445282,-0.32841095328330994,-0.7317383289337158,0.41529232263565063,0.7851320505142212,1.0966122150421143,1.1396268606185913,1.1510480642318726
A,masked_angular_velocity,0,671,3,2,671_T3_P1_R2,28,5,0.2691499590873718,-1.3055087327957153,-1.1493771076202393,-0.10202981531620026,1.239912986755371,0.9740012288093567,0.6035410761833191,-0.754311203956604,-1.8867164850234985,-0.35700082778930664,-0.3190491795539856,1.5425721406936646,-0.034468479454517365,-0.8528047800064087,-0.9597043991088867,1.231894850730896,-1.0594797134399414,0.8114222288131714,0.7813182473182678,-0.8992477655410767,0.45555806159973145,0.8783525228500366,-2.001326560974121,-1.0594041347503662,0.31936970353126526,-0.3373093903064728,-0.7332980632781982,0.40910473465919495,0.798820972442627,1.0945570468902588,1.1313263177871704,1.1514748334884644,0.2662923336029053,-1.2928330898284912,-1.1503589153289795,-0.10754360258579254,1.2454555034637451,0.9696221351623535,0.6055571436882019,-0.7537248134613037,-1.8738338947296143,-0.3541370928287506,-0.31896984577178955,1.5530277490615845,-0.033517900854349136,-0.8604797124862671,-0.9647293090820312,1.23223876953125,-1.061584711074829,0.8084452748298645,0.7778536081314087,-0.9165447354316711,0.4492729604244232,0.8795111775398254,-2.018510103225708,-1.0604393482208252,0.32565563917160034,-0.33175721764564514,-0.7339984774589539,0.41957440972328186,0.7953033447265625,1.091860294342041,1.1392035484313965,1.1552518606185913
A,masked_angular_velocity,0,790,1,1,790_T1_P1_R1,25,5,0.2741568684577942,-1.2643041610717773,-1.1327483654022217,-0.11030016094446182,1.2447456121444702,0.9686964750289917,0.6000407934188843,-0.7484402060508728,-1.839796781539917,-0.35349011421203613,-0.3133414089679718,1.5686395168304443,-0.025724807754158974,-0.8914468884468079,-0.9721110463142395,1.2387492656707764,-1.0669234991073608,0.8022950291633606,0.7686117887496948,-0.9378772974014282,0.443627268075943,0.8697921633720398,-2.065700054168701,-1.0609533786773682,0.3284968435764313,-0.32380491495132446,-0.738925576210022,0.444990336894989,0.7673465013504028,1.0833240747451782,1.1567403078079224,1.1661094427108765,0.26967859268188477,-1.263660192489624,-1.1336042881011963,-0.114130400121212,1.2447105646133423,0.9709645509719849,0.6024377942085266,-0.7487460374832153,-1.8385124206542969,-0.3534771800041199,-0.3140415549278259,1.5718055963516235,-0.029335254803299904,-0.8939535021781921,-0.971158504486084,1.2422306537628174,-1.069498896598816,0.8023066520690918,0.7690895795822144,-0.939060389995575,0.4513992369174957,0.8710322380065918,-2.067293167114258,-1.0625324249267578,0.32504209876060486,-0.3208361864089966,-0.7434169054031372,0.4483455717563629,0.764927864074707,1.0831272602081299,1.1602251529693604,1.1663678884506226
A,masked_angular_velocity,0,790,1,2,790_T1_P1_R2,26,5,0.28025713562965393,-1.2719460725784302,-1.1311452388763428,-0.10156001150608063,1.2422279119491577,0.9669768214225769,0.59461510181427,-0.7453343272209167,-1.8522907495498657,-0.35529738664627075,-0.3140401840209961,1.5585836172103882,-0.02209070697426796,-0.8861757516860962,-0.9743683934211731,1.23239266872406,-1.0644105672836304,0.8062294125556946,0.7754456996917725,-0.92621910572052,0.43729686737060547,0.869434654712677,-2.0565297603607178,-1.0596582889556885,0.3301160931587219,-0.33178070187568665,-0.7303546667098999,0.4358507990837097,0.7737689018249512,1.0849497318267822,1.1494871377944946,1.1661217212677002,0.27775293588638306,-1.2603659629821777,-1.1263564825057983,-0.12101694196462631,1.2392723560333252,0.9722612500190735,0.5992971062660217,-0.7502263188362122,-1.835213303565979,-0.35444408655166626,-0.31042468547821045,1.5700318813323975,-0.03195652738213539,-0.9024683833122253,-0.9541203379631042,1.2496979236602783,-1.0717031955718994,0.8051277995109558,0.7653260231018066,-0.9273799657821655,0.4625460207462311,0.8684512972831726,-2.072974681854248,-1.0602890253067017,0.3127453923225403,-0.30860239267349243,-0.7519530057907104,0.4471539556980133,0.7528542280197144,1.079954981803894,1.1587873697280884,1.158745527267456
A,masked_angular_velocity,0,790,2,1,790_T2_P1_R1,25,5,0.28096121549606323,-1.2462608814239502,-1.116456151008606,-0.11351741850376129,1.2463042736053467,0.9684349894523621,0.5878311395645142,-0.7450849413871765,-1.8215487003326416,-0.35882827639579773,-0.3066399097442627,1.5661513805389404,-0.02178441733121872,-0.9044979214668274,-0.9701722264289856,1.2442718744277954,-1.0638262033462524,0.7926453948020935,0.763238251209259,-0.9500254392623901,0.44818997383117676,0.8636115789413452,-2.0923328399658203,-1.062782645225525,0.32966089248657227,-0.31604161858558655,-0.745426595211029,0.4545031487941742,0.7488099932670593,1.0829341411590576,1.164337158203125,1.1737840175628662,0.28030329942703247,-1.2385841608047485,-1.1099098920822144,-0.12035989761352539,1.2451162338256836,0.970736026763916,0.5870926380157471,-0.7458853721618652,-1.8136436939239502,-0.3592473566532135,-0.30383557081222534,1.570251703262329,-0.02340800128877163,-0.9130837917327881,-0.965514063835144,1.249363660812378,-1.067320466041565,0.79267418384552,0.7623985409736633,-0.9534347057342529,0.456221342086792,0.8627786040306091,-2.1025478839874268,-1.064443588256836,0.32482990622520447,-0.30967774987220764,-0.7521100044250488,0.457801878452301,0.7395108342170715,1.0816659927368164,1.168927788734436,1.1737515926361084
A,masked_angular_velocity,0,790,2,2,790_T2_P1_R2,26,5,0.2814022898674011,-1.2574388980865479,-1.1201025247573853,-0.10548026859760284,1.24807870388031,0.9669620394706726,0.5877946615219116,-0.7452943325042725,-1.8331577777862549,-0.3591793179512024,-0.3071720004081726,1.5587323904037476,-0.02147838845849037,-0.8931639790534973,-0.9732791781425476,1.23671555519104,-1.0609818696975708,0.7941592931747437,0.7683760523796082,-0.9460116624832153,0.4395529627799988,0.8660372495651245,-2.0769336223602295,-1.0631730556488037,0.3347293436527252,-0.32285240292549133,-0.7390809655189514,0.443489134311676,0.762753963470459,1.0863659381866455,1.158024549484253,1.17221999168396,0.28177228569984436,-1.2542372941970825,-1.1208213567733765,-0.10139591991901398,1.248246431350708,0.9650923013687134,0.5880051851272583,-0.7429959774017334,-1.8314861059188843,-0.35710304975509644,-0.30942147970199585,1.562093734741211,-0.018261710181832314,-0.8946287035942078,-0.9801487922668457,1.232908010482788,-1.0610239505767822,0.7945755124092102,0.7673915028572083,-0.9518036842346191,0.43227458000183105,0.8660937547683716,-2.080793857574463,-1.0628790855407715,0.340460866689682,-0.32750993967056274,-0.7344850301742554,0.445578396320343,0.763425350189209,1.0851385593414307,1.159178376197815,1.1772412061691284
A,masked_angular_velocity,0,790,3,1,790_T3_P1_R1,27,5,0.2817962169647217,-1.2606557607650757,-1.1274915933609009,-0.10475151240825653,1.2488220930099487,0.9594681859016418,0.5864210724830627,-0.7452804446220398,-1.8360595703125,-0.3578120172023773,-0.30973702669143677,1.560197114944458,-0.01570187509059906,-0.8939229846000671,-0.9879811406135559,1.2391349077224731,-1.0598986148834229,0.8020172119140625,0.7709966897964478,-0.9376571774482727,0.42661672830581665,0.8612119555473328,-2.07991886138916,-1.0542011260986328,0.34960001707077026,-0.33479195833206177,-0.7263058423995972,0.4466661512851715,0.7707002758979797,1.0802117586135864,1.1539442539215088,1.1746437549591064,0.2798614501953125,-1.2423261404037476,-1.1231763362884521,-0.11061601340770721,1.2497620582580566,0.9633604884147644,0.5865052342414856,-0.7428932189941406,-1.8189163208007812,-0.35662540793418884,-0.3085121214389801,1.569986343383789,-0.01689409650862217,-0.9070512056350708,-0.9849387407302856,1.2434041500091553,-1.0620896816253662,0.7962819337844849,0.7622294425964355,-0.9554235339164734,0.4324924051761627,0.859024703502655,-2.100663661956787,-1.0584814548492432,0.3437352180480957,-0.3252738416194916,-0.733670711517334,0.46306532621383667,0.7543889880180359,1.0779533386230469,1.1658319234848022,1.1797285079956055
A,masked_angular_velocity,0,790,3,2,790_T3_P1_R2,25,5,0.2836841642856598,-1.269359827041626,-1.1267752647399902,-0.10973387956619263,1.2461410760879517,0.9525269269943237,0.579809844493866,-0.750888466835022,-1.841077446937561,-0.36086758971214294,-0.31122612953186035,1.5545079708099365,-0.01548943854868412,-0.8866693377494812,-0.988587498664856,1.2485536336898804,-1.0577703714370728,0.8044118881225586,0.7749838829040527,-0.9201205968856812,0.43264278769493103,0.8588101267814636,-2.0736584663391113,-1.0479519367218018,0.35715919733047485,-0.33672112226486206,-0.7251302599906921,0.43906277418136597,0.7761003971099854,1.0771948099136353,1.1427299976348877,1.174128532409668,0.29817357659339905,-1.2424006462097168,-1.0959080457687378,-0.1334444135427475,1.2477225065231323,0.9295247197151184,0.5536218285560608,-0.7521349191665649,-1.7992206811904907,-0.37412410974502563,-0.3021209239959717,1.5525623559951782,-0.00076231051934883,-0.9127000570297241,-1.0055514574050903,1.2791755199432373,-1.0544993877410889,0.7902801632881165,0.7717159986495972,-0.9196661114692688,0.44207215309143066,0.8380454182624817,-2.1352901458740234,-1.0328986644744873,0.3906942903995514,-0.32614773511886597,-0.7318134307861328,0.45785006880760193,0.7503014802932739,1.0612114667892456,1.1448818445205688,1.1909332275390625
A,masked_angular_velocity,1,252,1,1,252_T1_P1_R1,23,5,-0.42404913902282715,1.942409873008728,-1.4234055280685425,0.4195380210876465,-1.1681162118911743,-1.0381370782852173,-0.5784141421318054,0.18330118060112,-1.320442795753479,2.6796677112579346,0.6723603010177612,0.29779019951820374,-0.20979782938957214,-0.8108779788017273,-0.9660483598709106,2.1188323497772217,-0.39582520723342896,-0.6716983914375305,0.11710517108440399,-1.321993112564087,0.1989564597606659,-0.24693092703819275,0.21562981605529785,0.07749353349208832,-0.5054064989089966,-0.2568269371986389,1.1308629512786865,0.19984892010688782,-0.48155784606933594,0.9269717931747437,0.9623335003852844,-0.36609718203544617,-0.45115262269973755,1.9667232036590576,-1.428908109664917,0.420610249042511,-1.1517622470855713,-1.0322859287261963,-0.5730468034744263,0.1816854178905487,-1.3269281387329102,2.673201322555542,0.6760643720626831,0.30011144280433655,-0.19815495610237122,-0.8220939636230469,-0.9908344149589539,2.1145009994506836,-0.40016603469848633,-0.6512902975082397,0.10594813525676727,-1.305792212486267,0.22743558883666992,-0.2419619858264923,0.18473611772060394,0.09003646671772003,-0.505236804485321,-0.25965312123298645,1.140594244003296,0.1803325116634369,-0.47345519065856934,0.9044977426528931,0.973002552986145,-0.36915841698646545
A,masked_angular_velocity,1,252,1,2,252_T1_P1_R2,25,5,-0.41043621301651,1.9379422664642334,-1.4226913452148438,0.42399588227272034,-1.1815615892410278,-1.0332846641540527,-0.585801899433136,0.18189510703086853,-1.3205822706222534,2.6822402477264404,0.6731828451156616,0.2948368489742279,-0.20738396048545837,-0.8020885586738586,-0.9562318921089172,2.1160199642181396,-0.4000558853149414,-0.6893054246902466,0.12459363043308258,-1.327946662902832,0.18065576255321503,-0.24243760108947754,0.23400506377220154,0.0746338963508606,-0.5030190348625183,-0.2559930980205536,1.1203407049179077,0.2126416712999344,-0.4947340488433838,0.9327654838562012,0.9639710187911987,-0.3628804087638855,-0.4103458523750305,1.9512020349502563,-1.4284687042236328,0.42979127168655396,-1.19040846824646,-1.024849772453308,-0.5900298357009888,0.17553067207336426,-1.3322384357452393,2.6852946281433105,0.6801573038101196,0.30329060554504395,-0.19768115878105164,-0.7920529842376709,-0.9545642733573914,2.1111700534820557,-0.41369500756263733,-0.7013935446739197,0.1252099722623825,-1.3278746604919434,0.1772458851337433,-0.23444190621376038,0.2328980267047882,0.07697757333517075,-0.49634307622909546,-0.25666409730911255,1.1108016967773438,0.22267571091651917,-0.5024580359458923,0.9152765274047852,0.9708172678947449,-0.35779455304145813
A,masked_angular_velocity,1,252,2,1,252_T2_P1_R1,25,5,-0.41873684525489807,1.9285123348236084,-1.420754075050354,0.40547657012939453,-1.155243158340454,-1.0501418113708496,-0.568168044090271,0.20419421792030334,-1.318379521369934,2.6673858165740967,0.6709182262420654,0.27959781885147095,-0.23906703293323517,-0.8026016354560852,-0.9658090472221375,2.1327292919158936,-0.38443776965141296,-0.666195809841156,0.1086939200758934,-1.3224186897277832,0.19966962933540344,-0.24459731578826904,0.23499548435211182,0.0549369752407074,-0.5164837837219238,-0.2578189969062805,1.1450328826904297,0.19695213437080383,-0.4746420383453369,0.9604229927062988,0.9414951205253601,-0.36762169003486633,-0.44680318236351013,1.9617254734039307,-1.4370033740997314,0.41475167870521545,-1.1525980234146118,-1.0322896242141724,-0.572555661201477,0.18389488756656647,-1.3445117473602295,2.666962146759033,0.6873814463615417,0.2965620458126068,-0.2121979296207428,-0.8069413304328918,-0.981269359588623,2.1267383098602295,-0.4012584090232849,-0.6565314531326294,0.10374977439641953,-1.3131170272827148,0.2210632860660553,-0.2497972995042801,0.20040810108184814,0.07593588531017303,-0.5043910145759583,-0.255930095911026,1.141263723373413,0.1973465085029602,-0.4611127972602844,0.9108379483222961,0.9612902402877808,-0.3638222813606262
A,masked_angular_velocity,1,252,2,2,252_T2_P1_R2,25,5,-0.42463746666908264,1.93608820438385,-1.4248387813568115,0.4119397699832916,-1.1638187170028687,-1.041599154472351,-0.5712375640869141,0.1942836344242096,-1.3141855001449585,2.6757540702819824,0.6746003031730652,0.29034852981567383,-0.2187475711107254,-0.8123425245285034,-0.9535501599311829,2.1223530769348145,-0.38819772005081177,-0.6681649684906006,0.11734489351511002,-1.317796230316162,0.19160978496074677,-0.2595737874507904,0.2232157438993454,0.0790424570441246,-0.508397102355957,-0.2542662024497986,1.125196099281311,0.20271547138690948,-0.4838174879550934,0.9382721781730652,0.9525865316390991,-0.37247803807258606,-0.45318007469177246,1.9666352272033691,-1.4445762634277344,0.41420048475265503,-1.1658744812011719,-1.0248301029205322,-0.5697264671325684,0.1801954209804535,-1.341191291809082,2.67242169380188,0.693871021270752,0.3041520118713379,-0.19095797836780548,-0.8067552447319031,-0.9645742177963257,2.123798370361328,-0.40174776315689087,-0.6694908142089844,0.11862680315971375,-1.3081122636795044,0.20819775760173798,-0.2650570869445801,0.1922711431980133,0.0977005884051323,-0.49696338176727295,-0.2580840587615967,1.1219377517700195,0.2042294293642044,-0.47386670112609863,0.8875194787979126,0.9720227718353271,-0.36497265100479126
A,masked_angular_velocity,1,252,3,1,252_T3_P1_R1,25,5,-0.43651634454727173,1.948470115661621,-1.4109264612197876,0.4115256667137146,-1.1533719301223755,-1.0173884630203247,-0.586596667766571,0.21664972603321075,-1.2760169506072998,2.6735622882843018,0.6427465677261353,0.2814882695674896,-0.22045168280601501,-0.8296850323677063,-0.9930399656295776,2.080625534057617,-0.3916552662849426,-0.6372691988945007,0.07636149227619171,-1.281477928161621,0.22931595146656036,-0.23997867107391357,0.17790073156356812,0.10461070388555527,-0.5002312660217285,-0.24104554951190948,1.1476167440414429,0.14586731791496277,-0.47575944662094116,0.9473894834518433,0.9569840431213379,-0.39237213134765625,-0.4334525167942047,1.948886513710022,-1.4133416414260864,0.4057554602622986,-1.144864797592163,-1.0322964191436768,-0.5768605470657349,0.21963076293468475,-1.2966163158416748,2.671232223510742,0.6387175917625427,0.2669653594493866,-0.2335655391216278,-0.8019698262214661,-0.999975860118866,2.104250907897949,-0.3947167694568634,-0.648818850517273,0.07419341057538986,-1.294035792350769,0.23509904742240906,-0.21318228542804718,0.1889680027961731,0.07510559260845184,-0.5043034553527832,-0.24608829617500305,1.1707994937896729,0.14303573966026306,-0.4839538633823395,0.9644767642021179,0.9556587934494019,-0.3870629668235779
A,masked_angular_velocity,1,252,3,2,252_T3_P1_R2,24,5,-0.4095315933227539,1.9415900707244873,-1.4158169031143188,0.4096100926399231,-1.1753885746002197,-1.0256729125976562,-0.5835919976234436,0.21440820395946503,-1.2788938283920288,2.690265417098999,0.6437264680862427,0.28595057129859924,-0.22031733393669128,-0.8043636083602905,-0.9587113261222839,2.0889008045196533,-0.3956599235534668,-0.6726244688034058,0.08673495054244995,-1.2994208335876465,0.1993795931339264,-0.23118185997009277,0.19487681984901428,0.09403393417596817,-0.4906544089317322,-0.24043965339660645,1.1328755617141724,0.1640637218952179,-0.5050132274627686,0.9574128985404968,0.953482449054718,-0.39295509457588196,-0.39884790778160095,1.9504308700561523,-1.422067403793335,0.4144449234008789,-1.1893537044525146,-1.0189754962921143,-0.5917025804519653,0.2114032506942749,-1.2819831371307373,2.7007899284362793,0.640386700630188,0.2889033257961273,-0.21440503001213074,-0.7819973826408386,-0.9540594816207886,2.0859408378601074,-0.4134741723537445,-0.7018090486526489,0.08437845855951309,-1.3039186000823975,0.19218853116035461,-0.20761887729167938,0.19402475655078888,0.09021852165460587,-0.47831058502197266,-0.23855307698249817,1.131593942642212,0.16868868470191956,-0.526253342628479,0.9560553431510925,0.9623787999153137,-0.3917810916900635
A,masked_angular_velocity,1,651,1,1,651_T1_P1_R1,24,5,-0.4351644515991211,1.9421333074569702,-1.4310259819030762,0.4180017411708832,-1.1497124433517456,-1.0481512546539307,-0.5655779838562012,0.1885354220867157,-1.341320276260376,2.657977819442749,0.6949670314788818,0.28574931621551514,-0.22732415795326233,-0.8093160390853882,-0.9776087999343872,2.1416542530059814,-0.384952187538147,-0.675109326839447,0.1256190687417984,-1.3251811265945435,0.20904675126075745,-0.2426380217075348,0.24379830062389374,0.04798479378223419,-0.5248978734016418,-0.27188393473625183,1.1372216939926147,0.2116003930568695,-0.47019028663635254,0.9350511431694031,0.9494847059249878,-0.35069406032562256,-0.4367836117744446,1.947157859802246,-1.4295847415924072,0.41997289657592773,-1.1458714008331299,-1.0494229793548584,-0.5659335255622864,0.18902595341205597,-1.3615458011627197,2.6468088626861572,0.697625994682312,0.2777339518070221,-0.22894176840782166,-0.7953536510467529,-0.9918944239616394,2.1515889167785645,-0.3877027928829193,-0.6806603670120239,0.12434186786413193,-1.334525465965271,0.2208620011806488,-0.22704343497753143,0.2493942230939865,0.030663181096315384,-0.5274611711502075,-0.27629977464675903,1.1489076614379883,0.2115509957075119,-0.4601277709007263,0.9327636957168579,0.9528519511222839,-0.34387946128845215
A,masked_angular_velocity,1,651,1,2,651_T1_P1_R2,24,5,-0.44154542684555054,1.9410425424575806,-1.4243971109390259,0.4182228446006775,-1.1357126235961914,-1.0529266595840454,-0.5627115964889526,0.19169987738132477,-1.3215783834457397,2.660618543624878,0.6837510466575623,0.28558269143104553,-0.23452453315258026,-0.8253813982009888,-0.9911417961120605,2.1337294578552246,-0.3812583088874817,-0.6576834917068481,0.11731553077697754,-1.3145782947540283,0.22014501690864563,-0.23455710709095,0.23455314338207245,0.04929628595709801,-0.5328569412231445,-0.2741714119911194,1.1464818716049194,0.19349047541618347,-0.47197800874710083,0.9443422555923462,0.9481091499328613,-0.3533172011375427,-0.45906057953834534,1.95755136013031,-1.4188063144683838,0.4175770878791809,-1.1192257404327393,-1.0525418519973755,-0.5586332678794861,0.19452239573001862,-1.3186663389205933,2.657569408416748,0.6708782911300659,0.2852211892604828,-0.2277478277683258,-0.8336313366889954,-1.0186991691589355,2.1243209838867188,-0.3826190233230591,-0.6367056965827942,0.096652090549469,-1.3032604455947876,0.2596712112426758,-0.21808357536792755,0.19664518535137177,0.057453595101833344,-0.5309494733810425,-0.2756246328353882,1.1672799587249756,0.1599016785621643,-0.46175098419189453,0.9316566586494446,0.9577571749687195,-0.36066168546676636
A,masked_angular_velocity,1,651,2,1,651_T2_P1_R1,25,5,-0.44479212164878845,1.9634777307510376,-1.4326093196868896,0.4241173267364502,-1.159015417098999,-1.0296827554702759,-0.5748270153999329,0.175649031996727,-1.318057656288147,2.6802687644958496,0.679118812084198,0.302697092294693,-0.19813215732574463,-0.816840648651123,-0.9816287755966187,2.1068050861358643,-0.4039077162742615,-0.6712522506713867,0.11203380674123764,-1.305376410484314,0.22108106315135956,-0.2346133291721344,0.19593994319438934,0.0925220400094986,-0.5069501399993896,-0.2662937045097351,1.1351935863494873,0.18780741095542908,-0.4903531074523926,0.905663013458252,0.9750142097473145,-0.36566320061683655,-0.43810540437698364,1.9606746435165405,-1.43356454372406,0.4267129898071289,-1.1616686582565308,-1.0322314500808716,-0.5772683024406433,0.17984887957572937,-1.3239340782165527,2.6770591735839844,0.6847935318946838,0.29966214299201965,-0.2015683650970459,-0.8158321380615234,-0.9834972620010376,2.11336088180542,-0.4034590721130371,-0.6796506643295288,0.1174645647406578,-1.3134082555770874,0.21195407211780548,-0.2297210693359375,0.21479268372058868,0.07866031676530838,-0.5115111470222473,-0.27075618505477905,1.130733609199524,0.19960486888885498,-0.4925197958946228,0.9143802523612976,0.9713394045829773,-0.3549899756908417
A,masked_angular_velocity,1,651,2,2,651_T2_P1_R2,26,5,-0.4348459839820862,1.9580609798431396,-1.431275725364685,0.4240286946296692,-1.1641924381256104,-1.0317336320877075,-0.5756661295890808,0.17617562413215637,-1.31951904296875,2.681389808654785,0.6786729097366333,0.30035701394081116,-0.2050451934337616,-0.8074158430099487,-0.9706975221633911,2.109065532684326,-0.40344756841659546,-0.6801737546920776,0.11429761350154877,-1.3098323345184326,0.21186372637748718,-0.23268404603004456,0.20730479061603546,0.08521091938018799,-0.5066448450088501,-0.2637998163700104,1.1320977210998535,0.19502513110637665,-0.4954177737236023,0.9139684438705444,0.9702869653701782,-0.3680272698402405,-0.4349789023399353,1.9636167287826538,-1.4300992488861084,0.4263298511505127,-1.1627092361450195,-1.0330599546432495,-0.5769258737564087,0.17680951952934265,-1.3375160694122314,2.672433376312256,0.6819323301315308,0.2932393252849579,-0.2076968252658844,-0.7954198718070984,-0.9813758134841919,2.1166300773620605,-0.4062604010105133,-0.685470461845398,0.11237295717000961,-1.317905306816101,0.2196536511182785,-0.21871772408485413,0.2140001505613327,0.06880483776330948,-0.5083420872688293,-0.26509952545166016,1.1399699449539185,0.19866515696048737,-0.4889931082725525,0.9139156341552734,0.9718705415725708,-0.36224275827407837
A,masked_angular_velocity,1,651,3,1,651_T3_P1_R1,24,5,-0.4115959703922272,1.9280754327774048,-1.4267399311065674,0.4200367033481598,-1.1685230731964111,-1.053536057472229,-0.5673401951789856,0.18508592247962952,-1.3243916034698486,2.6749863624572754,0.6868895888328552,0.2975548803806305,-0.22267679870128632,-0.8125532269477844,-0.9544661641120911,2.133794069290161,-0.38220277428627014,-0.6858430504798889,0.13382698595523834,-1.3346216678619385,0.1863228976726532,-0.247811958193779,0.25112274289131165,0.05190799757838249,-0.5197597742080688,-0.2705652713775635,1.1207783222198486,0.2188754826784134,-0.4848844110965729,0.941135048866272,0.9470989108085632,-0.35235124826431274,-0.4095478951931,1.9265811443328857,-1.4279372692108154,0.4219662547111511,-1.1646981239318848,-1.0574796199798584,-0.5666570067405701,0.18905824422836304,-1.3378337621688843,2.665372133255005,0.6947324872016907,0.29313355684280396,-0.2263600081205368,-0.8118420839309692,-0.9574949145317078,2.145047903060913,-0.3784700632095337,-0.6877663135528564,0.13658113777637482,-1.3414489030838013,0.18671153485774994,-0.24717116355895996,0.26428931951522827,0.03839212656021118,-0.5228914022445679,-0.2742900252342224,1.1180089712142944,0.22736509144306183,-0.4764816164970398,0.9446173906326294,0.9415914416313171,-0.34731119871139526
A,masked_angular_velocity,1,651,3,2,651_T3_P1_R2,24,5,-0.4094712734222412,1.9280273914337158,-1.4209617376327515,0.42047548294067383,-1.1677173376083374,-1.0549265146255493,-0.5682718753814697,0.18590256571769714,-1.3220770359039307,2.676015615463257,0.6815900802612305,0.2961031198501587,-0.22381918132305145,-0.8123434782028198,-0.9577762484550476,2.1308581829071045,-0.3830997943878174,-0.6836672425270081,0.1310141235589981,-1.3357467651367188,0.18903590738773346,-0.24197891354560852,0.24917073547840118,0.051031965762376785,-0.5207036137580872,-0.269978791475296,1.1245648860931396,0.21387192606925964,-0.4860004782676697,0.9442844390869141,0.9483078122138977,-0.3541606664657593,-0.4187697470188141,1.9342495203018188,-1.4214643239974976,0.4223752021789551,-1.1608954668045044,-1.0542494058609009,-0.567182183265686,0.18797212839126587,-1.325304388999939,2.6721484661102295,0.683516800403595,0.29232701659202576,-0.22106750309467316,-0.8153773546218872,-0.9692983627319336,2.1324849128723145,-0.3852011263370514,-0.6795507669448853,0.13162843883037567,-1.3328619003295898,0.19714412093162537,-0.23838229477405548,0.24757739901542664,0.04959673807024956,-0.5242017507553101,-0.27236199378967285,1.1280094385147095,0.20931777358055115,-0.48538851737976074,0.9403660893440247,0.9508112072944641,-0.3503129780292511
A,masked_angular_velocity,1,671,1,1,671_T1_P1_R1,26,5,-0.425135999917984,1.927148461341858,-1.421662449836731,0.4112594723701477,-1.154642939567566,-1.055455207824707,-0.5621863603591919,0.19691017270088196,-1.3184837102890015,2.6690468788146973,0.6854530572891235,0.2897403836250305,-0.22732186317443848,-0.822019100189209,-0.959528923034668,2.138275146484375,-0.3782932758331299,-0.663777232170105,0.13049812614917755,-1.323158621788025,0.18547627329826355,-0.2644702196121216,0.24238713085651398,0.062471888959407806,-0.5233322978019714,-0.2651955187320709,1.1245949268341064,0.20947062969207764,-0.47855114936828613,0.9473041296005249,0.9407209157943726,-0.3594821095466614,-0.42675018310546875,1.9343477487564087,-1.4261283874511719,0.4145049750804901,-1.1547304391860962,-1.0528314113616943,-0.5648470520973206,0.19517935812473297,-1.3378357887268066,2.661282539367676,0.6910502314567566,0.2853738069534302,-0.22763657569885254,-0.809554398059845,-0.9660944938659668,2.1459102630615234,-0.3807148039340973,-0.6718332171440125,0.12907642126083374,-1.3298697471618652,0.19362489879131317,-0.25264105200767517,0.24734653532505035,0.04939403012394905,-0.5227406024932861,-0.26695260405540466,1.1288937330245972,0.2142728567123413,-0.4721449315547943,0.942675769329071,0.9446141123771667,-0.35611069202423096
A,masked_angular_velocity,1,671,1,2,671_T1_P1_R2,24,5,-0.42951536178588867,1.9322898387908936,-1.4214717149734497,0.41512331366539,-1.1554681062698364,-1.0515050888061523,-0.5635020136833191,0.1894107162952423,-1.3083935976028442,2.675328254699707,0.6808302998542786,0.2987169623374939,-0.21502752602100372,-0.8360892534255981,-0.961468517780304,2.1263866424560547,-0.3792668879032135,-0.6564599275588989,0.1278785914182663,-1.316954493522644,0.19345273077487946,-0.26805979013442993,0.224591463804245,0.07881462574005127,-0.5193537473678589,-0.264547199010849,1.1215877532958984,0.20142146944999695,-0.4812015891075134,0.9353898763656616,0.9492300152778625,-0.3643617331981659,-0.4419943392276764,1.9513155221939087,-1.4268697500228882,0.4184204638004303,-1.1513190269470215,-1.0444326400756836,-0.5662596821784973,0.18434499204158783,-1.3294031620025635,2.6699795722961426,0.6819788217544556,0.29880914092063904,-0.20570793747901917,-0.8263673782348633,-0.9796966314315796,2.127962589263916,-0.38799768686294556,-0.6538755297660828,0.11862523853778839,-1.3173631429672241,0.21552851796150208,-0.25426286458969116,0.2057868242263794,0.07729299366474152,-0.5129082202911377,-0.2643890678882599,1.1327524185180664,0.1932833194732666,-0.4699799120426178,0.9154778718948364,0.9621025919914246,-0.3630322217941284
A,masked_angular_velocity,1,671,2,1,671_T2_P1_R1,24,5,-0.4550427794456482,1.9659894704818726,-1.432375192642212,0.42715397477149963,-1.1590628623962402,-1.0267689228057861,-0.5762613415718079,0.16978880763053894,-1.3113245964050293,2.682473659515381,0.6801685094833374,0.3056029677391052,-0.19462549686431885,-0.8182641267776489,-0.9871452450752258,2.1048316955566406,-0.4099155366420746,-0.6707937121391296,0.12499433755874634,-1.302474021911621,0.21349382400512695,-0.23714116215705872,0.20063824951648712,0.09575949609279633,-0.5134165287017822,-0.26926079392433167,1.1337052583694458,0.19030779600143433,-0.49652257561683655,0.8967539072036743,0.9833226203918457,-0.3570525646209717,-0.4671962857246399,1.9718377590179443,-1.4373691082000732,0.4254682660102844,-1.1504919528961182,-1.024221658706665,-0.5754037499427795,0.1735934615135193,-1.3236057758331299,2.6724348068237305,0.6910892724990845,0.29995670914649963,-0.19381415843963623,-0.8223835229873657,-1.0029268264770508,2.1132450103759766,-0.41112789511680603,-0.6654407382011414,0.12621355056762695,-1.3000468015670776,0.22027845680713654,-0.2387109249830246,0.20426234602928162,0.0920908972620964,-0.5184141397476196,-0.27364155650138855,1.1379469633102417,0.19196444749832153,-0.4866107404232025,0.8922492265701294,0.9827696681022644,-0.3462156653404236
A,masked_angular_velocity,1,671,2,2,671_T2_P1_R2,27,5,-0.46632471680641174,1.9741630554199219,-1.4263010025024414,0.42822328209877014,-1.1443088054656982,-1.0265038013458252,-0.5741215944290161,0.17298240959644318,-1.2889821529388428,2.6861674785614014,0.6642035245895386,0.30619871616363525,-0.19149494171142578,-0.8356670141220093,-1.0065346956253052,2.088383436203003,-0.41043877601623535,-0.6513751745223999,0.10878082364797592,-1.2847543954849243,0.23881778120994568,-0.2251424342393875,0.17166146636009216,0.11017294973134995,-0.5145577788352966,-0.27070730924606323,1.1480374336242676,0.1591944396495819,-0.5007368326187134,0.8971849679946899,0.988273024559021,-0.3671218454837799,-0.488330215215683,1.9918384552001953,-1.4376963376998901,0.4299165606498718,-1.139113187789917,-1.0170228481292725,-0.5737287402153015,0.16417281329631805,-1.3101251125335693,2.6761088371276855,0.6780519485473633,0.3047773838043213,-0.18021592497825623,-0.8324522972106934,-1.0265052318572998,2.093519926071167,-0.4147849678993225,-0.6498229503631592,0.11026529222726822,-1.2813539505004883,0.2552564740180969,-0.22211027145385742,0.16232356429100037,0.1116238683462143,-0.5151397585868835,-0.2754157483577728,1.1574651002883911,0.15746869146823883,-0.4885278642177582,0.8736516833305359,1.0013898611068726,-0.35786402225494385
A,masked_angular_velocity,1,671,3,1,671_T3_P1_R1,27,5,-0.43403762578964233,1.9600499868392944,-1.4086189270019531,0.43283534049987793,-1.1702752113342285,-1.0212180614471436,-0.5906833410263062,0.17526407539844513,-1.253105878829956,2.705916166305542,0.6493679881095886,0.33887118101119995,-0.16163890063762665,-0.8681814074516296,-0.9700248837471008,2.056861162185669,-0.4151875972747803,-0.6394757628440857,0.10329990088939667,-1.2807934284210205,0.21426913142204285,-0.27074939012527466,0.13846635818481445,0.16106809675693512,-0.4845360219478607,-0.25221484899520874,1.1004071235656738,0.1625828891992569,-0.4986167550086975,0.8818494081497192,0.978735625743866,-0.3841375410556793,-0.41686955094337463,1.9447733163833618,-1.4100466966629028,0.44016528129577637,-1.1805506944656372,-1.033264398574829,-0.5879448652267456,0.17114605009555817,-1.2740201950073242,2.704453229904175,0.6605144143104553,0.3252766728401184,-0.16832248866558075,-0.8628039360046387,-0.9506887197494507,2.0773589611053467,-0.3975284993648529,-0.6633333563804626,0.12939052283763885,-1.3114455938339233,0.1908450573682785,-0.26599234342575073,0.19185376167297363,0.13020414113998413,-0.4971776008605957,-0.25849297642707825,1.0887596607208252,0.19079406559467316,-0.5124434232711792,0.902657687664032,0.9776387214660645,-0.3784395754337311
A,masked_angular_velocity,1,671,3,2,671_T3_P1_R2,28,5,-0.3915747404098511,1.9437214136123657,-1.3990100622177124,0.4323911666870117,-1.2014893293380737,-1.0158917903900146,-0.6091976165771484,0.18299953639507294,-1.2511358261108398,2.7116243839263916,0.6439054608345032,0.33047863841056824,-0.17915549874305725,-0.8251559138298035,-0.9522124528884888,2.056337594985962,-0.4318203926086426,-0.6880744695663452,0.11040264368057251,-1.300000548362732,0.176387757062912,-0.24029341340065002,0.18496766686439514,0.12989947199821472,-0.4823351800441742,-0.25016722083091736,1.0984197854995728,0.18668203055858612,-0.522179365158081,0.9121926426887512,0.9695480465888977,-0.37430161237716675,-0.40970009565353394,1.9560956954956055,-1.4043940305709839,0.43327006697654724,-1.1840722560882568,-1.0261911153793335,-0.5995248556137085,0.17952367663383484,-1.2718719244003296,2.710035800933838,0.6450596451759338,0.3248303532600403,-0.18085908889770508,-0.8281967043876648,-0.974541962146759,2.069385290145874,-0.42952823638916016,-0.6724318265914917,0.10965870320796967,-1.30641508102417,0.19504572451114655,-0.22751212120056152,0.18150854110717773,0.11714281141757965,-0.49164819717407227,-0.2588944733142853,1.1172831058502197,0.17721615731716156,-0.5179551243782043,0.908342182636261,0.9809306263923645,-0.36538469791412354
A,masked_angular_velocity,1,790,1,1,790_T1_P1_R1,25,5,-0.44948655366897583,1.9608455896377563,-1.428948163986206,0.4193851947784424,-1.1580970287322998,-1.027644395828247,-0.5756429433822632,0.18273667991161346,-1.3074430227279663,2.682084560394287,0.666573166847229,0.3019731938838959,-0.19273146986961365,-0.8232378959655762,-0.9840807914733887,2.1032376289367676,-0.40115445852279663,-0.6533228158950806,0.10524831712245941,-1.3015581369400024,0.2215547114610672,-0.2454366683959961,0.1774946004152298,0.10329842567443848,-0.4999527037143707,-0.256527841091156,1.1382266283035278,0.172932431101799,-0.4826929569244385,0.9055795669555664,0.976925253868103,-0.3726957440376282,-0.45464402437210083,1.9700326919555664,-1.4280201196670532,0.4216981828212738,-1.1538212299346924,-1.0279731750488281,-0.5752682685852051,0.1821289211511612,-1.3149168491363525,2.681426525115967,0.6666824817657471,0.3011097311973572,-0.18927493691444397,-0.8243370056152344,-0.9883200526237488,2.102173328399658,-0.40403738617897034,-0.6480209827423096,0.10050348937511444,-1.3013149499893188,0.2292916476726532,-0.2413533478975296,0.17020320892333984,0.10536935180425644,-0.4975276589393616,-0.2540235221385956,1.1385738849639893,0.17025750875473022,-0.48168593645095825,0.8996145129203796,0.979293704032898,-0.3764517307281494
A,masked_angular_velocity,1,790,1,2,790_T1_P1_R2,26,5,-0.4288366734981537,1.949864149093628,-1.4260883331298828,0.4228469729423523,-1.166757345199585,-1.0357385873794556,-0.575219988822937,0.1834784597158432,-1.296839714050293,2.6907413005828857,0.664803683757782,0.3065949082374573,-0.1971142292022705,-0.824535071849823,-0.9597768783569336,2.1029632091522217,-0.3977085053920746,-0.6659692525863647,0.1116122454404831,-1.3081042766571045,0.20110344886779785,-0.24804869294166565,0.19448727369308472,0.09823807328939438,-0.49926838278770447,-0.2556400001049042,1.1217676401138306,0.18515346944332123,-0.4991837441921234,0.9196094274520874,0.9665006399154663,-0.3777288794517517,-0.4604610502719879,1.9775712490081787,-1.4417741298675537,0.42473965883255005,-1.1622222661972046,-1.0215413570404053,-0.5715290307998657,0.16962024569511414,-1.3028004169464111,2.693115234375,0.6702664494514465,0.3255882263183594,-0.16786779463291168,-0.837632954120636,-0.9742406010627747,2.0931758880615234,-0.40496793389320374,-0.6487603783607483,0.10406897962093353,-1.2911317348480225,0.22760924696922302,-0.25795838236808777,0.14626620709896088,0.12733609974384308,-0.4883917272090912,-0.25598809123039246,1.1233630180358887,0.16874174773693085,-0.4886088967323303,0.8722033500671387,0.9876816868782043,-0.3782894015312195
A,masked_angular_velocity,1,790,2,1,790_T2_P1_R1,25,5,-0.4762601852416992,1.9740097522735596,-1.4361294507980347,0.4144207835197449,-1.137955665588379,-1.0264678001403809,-0.5652756094932556,0.18346305191516876,-1.310739517211914,2.673438310623169,0.6703532934188843,0.29863977432250977,-0.19894513487815857,-0.8280079960823059,-0.9957450032234192,2.1043875217437744,-0.3973388671875,-0.633083701133728,0.09387557208538055,-1.2842028141021729,0.24836215376853943,-0.24810147285461426,0.15749771893024445,0.10640541464090347,-0.5055900812149048,-0.2564316391944885,1.1528451442718506,0.15739664435386658,-0.46934762597084045,0.8956806063652039,0.9756788015365601,-0.37898898124694824,-0.4918164014816284,1.9832969903945923,-1.4370598793029785,0.41376999020576477,-1.1290903091430664,-1.0268845558166504,-0.5588232278823853,0.18184053897857666,-1.3160972595214844,2.669985771179199,0.6731895804405212,0.30114471912384033,-0.19040565192699432,-0.838529109954834,-1.0017017126083374,2.1063241958618164,-0.39386871457099915,-0.6177337765693665,0.0915229544043541,-1.279369831085205,0.26227810978889465,-0.25602948665618896,0.14097453653812408,0.11501170694828033,-0.5054351687431335,-0.25624462962150574,1.1532257795333862,0.14834290742874146,-0.46115633845329285,0.8805650472640991,0.9794458150863647,-0.3826724588871002
A,masked_angular_velocity,1,790,2,2,790_T2_P1_R2,26,5,-0.46318045258522034,1.9630903005599976,-1.4267146587371826,0.4156327247619629,-1.1431210041046143,-1.0301929712295532,-0.5699496269226074,0.18691451847553253,-1.2993744611740112,2.6777868270874023,0.6627094745635986,0.29452288150787354,-0.2041601687669754,-0.8319343328475952,-0.9908756017684937,2.0997934341430664,-0.39635005593299866,-0.6348457336425781,0.09763269126415253,-1.2895735502243042,0.23581147193908691,-0.24788911640644073,0.17123980820178986,0.10515670478343964,-0.508466899394989,-0.2545729875564575,1.1491754055023193,0.1615898311138153,-0.4778634011745453,0.9123367071151733,0.973331093788147,-0.38001570105552673,-0.4601905345916748,1.9574323892593384,-1.4261643886566162,0.41290992498397827,-1.137373685836792,-1.0385369062423706,-0.5636264085769653,0.19492629170417786,-1.311092734336853,2.6669933795928955,0.665495753288269,0.2817896008491516,-0.21506278216838837,-0.8203004002571106,-0.9887915849685669,2.116788387298584,-0.3885873556137085,-0.6414445638656616,0.10116837173700333,-1.2969138622283936,0.23521891236305237,-0.2429794818162918,0.1907500922679901,0.0846562460064888,-0.5152118802070618,-0.25631022453308105,1.1536277532577515,0.16537630558013916,-0.47679734230041504,0.9258314371109009,0.9651679992675781,-0.3807082772254944
A,masked_angular_velocity,1,790,3,1,790_T3_P1_R1,27,5,-0.4430508017539978,1.955632209777832,-1.4198286533355713,0.41571465134620667,-1.1486880779266357,-1.0376657247543335,-0.5715489387512207,0.19110620021820068,-1.3090744018554688,2.6763882637023926,0.6594445109367371,0.290825217962265,-0.21609552204608917,-0.8145049810409546,-0.9794708490371704,2.1058034896850586,-0.3943147361278534,-0.6493571996688843,0.09516169130802155,-1.3034123182296753,0.2320510447025299,-0.2365550696849823,0.18505364656448364,0.08773040026426315,-0.5060138702392578,-0.25304755568504333,1.1486775875091553,0.16903415322303772,-0.47708660364151,0.9251433610916138,0.9645665287971497,-0.3850717544555664,-0.4659597873687744,1.9703956842422485,-1.4277169704437256,0.41316676139831543,-1.1336863040924072,-1.039430856704712,-0.5610135793685913,0.1915394514799118,-1.3322254419326782,2.660447120666504,0.6743683218955994,0.28168535232543945,-0.21887178719043732,-0.8103632926940918,-0.9943736791610718,2.118936777114868,-0.39016109704971313,-0.6439470648765564,0.09402444213628769,-1.300710916519165,0.25791308283805847,-0.23458388447761536,0.1805710345506668,0.07964514195919037,-0.5131596326828003,-0.25923532247543335,1.1610703468322754,0.1660670042037964,-0.4628114700317383,0.9130793809890747,0.9672150611877441,-0.38387301564216614
A,masked_angular_velocity,1,790,3,2,790_T3_P1_R2,25,5,-0.44524726271629333,1.9610856771469116,-1.4127609729766846,0.4182966649532318,-1.1537843942642212,-1.0204293727874756,-0.5832785367965698,0.1929088532924652,-1.2896482944488525,2.683605194091797,0.6420653462409973,0.29434290528297424,-0.20703616738319397,-0.8225504755973816,-0.980492889881134,2.0790557861328125,-0.39977943897247314,-0.6382859349250793,0.07819171249866486,-1.2869950532913208,0.24143469333648682,-0.23801498115062714,0.15561367571353912,0.11580069363117218,-0.49357396364212036,-0.23871441185474396,1.1473848819732666,0.14855967462062836,-0.47761011123657227,0.9175267219543457,0.9713060259819031,-0.40180620551109314,-0.48177728056907654,1.9955536127090454,-1.411181926727295,0.41619324684143066,-1.1185697317123413,-1.0076353549957275,-0.5765693187713623,0.19852077960968018,-1.276802659034729,2.6788084506988525,0.6196092367172241,0.29493585228919983,-0.2066648006439209,-0.8390136957168579,-1.0180169343948364,2.0544838905334473,-0.4013844132423401,-0.5917273759841919,0.02124663069844246,-1.248881220817566,0.31653550267219543,-0.21681800484657288,0.07123462855815887,0.1445765197277069,-0.4819168150424957,-0.22633635997772217,1.1835834980010986,0.08115839958190918,-0.4538671374320984,0.8990006446838379,0.9780548214912415,-0.4392417073249817
A,masked_angular_velocity,2,252,1,1,252_T1_P1_R1,23,5,1.426711082458496,-1.931447982788086,1.2863911390304565,-0.6080161929130554,0.298320472240448,-1.3401209115982056,0.45646825432777405,-0.7093687057495117,0.10525894165039062,-0.600906252861023,1.1151697635650635,1.2055540084838867,-0.6076196432113647,0.47884559631347656,0.1774158477783203,-0.0521320179104805,-0.10925400257110596,-0.7512556910514832,1.6328582763671875,0.43375229835510254,0.7927102446556091,0.5936705470085144,0.4918539524078369,-1.024002194404602,-1.4205105304718018,-1.4197543859481812,-1.8416147232055664,1.2374069690704346,1.1331931352615356,-0.8484795689582825,-0.16553254425525665,0.4445967674255371,1.4140554666519165,-1.958296537399292,1.288923740386963,-0.6193250417709351,0.28767862915992737,-1.338914394378662,0.4693027138710022,-0.6818049550056458,0.10334523767232895,-0.6010822057723999,1.1215932369232178,1.1987991333007812,-0.593987226486206,0.4544936716556549,0.19354626536369324,-0.03785032778978348,-0.10047171264886856,-0.760809600353241,1.6511253118515015,0.4114364981651306,0.8004975318908691,0.6201329231262207,0.5022652745246887,-1.0326461791992188,-1.4313695430755615,-1.4214245080947876,-1.8326799869537354,1.2365928888320923,1.1264480352401733,-0.84684818983078,-0.1774667352437973,0.43427419662475586
A,masked_angular_velocity,2,252,1,2,252_T1_P1_R2,25,5,1.422621250152588,-1.928910255432129,1.279902458190918,-0.6113191843032837,0.298048734664917,-1.3473316431045532,0.46503692865371704,-0.7226099967956543,0.1131545752286911,-0.6019637584686279,1.1178425550460815,1.206513524055481,-0.6138859391212463,0.47884082794189453,0.17289099097251892,-0.06379975378513336,-0.09810467064380646,-0.7350205183029175,1.6351321935653687,0.45002198219299316,0.7856355309486389,0.5811556577682495,0.48401492834091187,-1.0223468542099,-1.4224298000335693,-1.4273452758789062,-1.8317136764526367,1.2411984205245972,1.135913372039795,-0.8546360731124878,-0.16253480315208435,0.4561806619167328,1.4087543487548828,-1.947117567062378,1.2770808935165405,-0.6287853121757507,0.2935427129268646,-1.3490930795669556,0.49394840002059937,-0.7089313268661499,0.12475313991308212,-0.6055346131324768,1.1264113187789917,1.2045047283172607,-0.6123036742210388,0.4623969495296478,0.17145344614982605,-0.05910565331578255,-0.0928606167435646,-0.723719596862793,1.653932809829712,0.44529515504837036,0.7794490456581116,0.5869989395141602,0.4856407642364502,-1.0304113626480103,-1.4285459518432617,-1.4364190101623535,-1.8184330463409424,1.2464351654052734,1.1407676935195923,-0.8680513501167297,-0.1670009344816208,0.454749196767807
A,masked_angular_velocity,2,252,2,1,252_T2_P1_R1,25,5,1.4572184085845947,-1.9065862894058228,1.292133092880249,-0.5842474699020386,0.3124837279319763,-1.3303353786468506,0.41729897260665894,-0.7240299582481384,0.09785052388906479,-0.5839868187904358,1.1108601093292236,1.2208733558654785,-0.6077238917350769,0.5041388273239136,0.15975163877010345,-0.0651436373591423,-0.14047259092330933,-0.7652554512023926,1.5981225967407227,0.4421935975551605,0.7921530604362488,0.5778671503067017,0.48933205008506775,-1.0173192024230957,-1.399845838546753,-1.410233736038208,-1.8761104345321655,1.2347562313079834,1.1414800882339478,-0.8373211622238159,-0.15984471142292023,0.4405813217163086,1.425836443901062,-1.94502854347229,1.2910821437835693,-0.6140187382698059,0.29685598611831665,-1.3252408504486084,0.47104090452194214,-0.6844066381454468,0.103995181620121,-0.6029012203216553,1.1206599473953247,1.2153902053833008,-0.6017199754714966,0.4698726534843445,0.16355544328689575,-0.03276701271533966,-0.1322626769542694,-0.761993944644928,1.6405000686645508,0.4144253134727478,0.7961001396179199,0.6121484637260437,0.5042555928230286,-1.0452373027801514,-1.4169384241104126,-1.4197776317596436,-1.8535988330841064,1.2446081638336182,1.1404426097869873,-0.8572810888290405,-0.16733530163764954,0.42984431982040405
A,masked_angular_velocity,2,252,2,2,252_T2_P1_R2,25,5,1.4405368566513062,-1.9207814931869507,1.2870041131973267,-0.584396243095398,0.26760149002075195,-1.3402833938598633,0.4502287805080414,-0.742279589176178,0.10121306031942368,-0.5876208543777466,1.1219819784164429,1.213727593421936,-0.6065214276313782,0.4675956666469574,0.18125388026237488,-0.06494694203138351,-0.1029001921415329,-0.7644215822219849,1.6215736865997314,0.4283146858215332,0.8173171877861023,0.5990431308746338,0.4874352812767029,-1.024379014968872,-1.4219847917556763,-1.4205265045166016,-1.819811224937439,1.225003719329834,1.1114492416381836,-0.8211145401000977,-0.17903965711593628,0.4598769247531891,1.4042760133743286,-1.9570512771606445,1.28717839717865,-0.6182347536087036,0.24142512679100037,-1.3401200771331787,0.5040075778961182,-0.7007173299789429,0.12180942296981812,-0.6005328893661499,1.1391749382019043,1.2000439167022705,-0.5908293128013611,0.42535069584846497,0.19447357952594757,-0.0413140170276165,-0.08454019576311111,-0.7575773000717163,1.6640193462371826,0.39640116691589355,0.8244194984436035,0.6370096802711487,0.499439537525177,-1.0478088855743408,-1.443800449371338,-1.43853759765625,-1.7881910800933838,1.2252944707870483,1.1110851764678955,-0.840481698513031,-0.1933971494436264,0.44690972566604614
A,masked_angular_velocity,2,252,3,1,252_T3_P1_R1,25,5,1.437510371208191,-1.9673433303833008,1.2807257175445557,-0.5301703214645386,0.24513277411460876,-1.3508150577545166,0.4502972662448883,-0.757956862449646,0.049496304243803024,-0.5507257580757141,1.0871635675430298,1.2235236167907715,-0.6206569671630859,0.4702746868133545,0.2387630194425583,-0.07083816826343536,-0.08845581114292145,-0.8156707882881165,1.6490415334701538,0.30251696705818176,0.8356004953384399,0.6651217937469482,0.5625542998313904,-0.9945985078811646,-1.4190651178359985,-1.415539264678955,-1.775914192199707,1.1789743900299072,1.05275559425354,-0.7663630247116089,-0.1723904311656952,0.4462983012199402,1.436554193496704,-1.9558696746826172,1.2825044393539429,-0.5556634664535522,0.28514257073402405,-1.3516875505447388,0.41946202516555786,-0.7232968807220459,0.07387179136276245,-0.5513874292373657,1.091912865638733,1.2103745937347412,-0.6092341542243958,0.490487277507782,0.22251839935779572,-0.07783150672912598,-0.09760560095310211,-0.7989725470542908,1.6404472589492798,0.3444756269454956,0.7934471368789673,0.644197404384613,0.5508490800857544,-0.9931548833847046,-1.4171870946884155,-1.4217160940170288,-1.828661322593689,1.1984899044036865,1.1033601760864258,-0.8040875196456909,-0.15657983720302582,0.4336848855018616
A,masked_angular_velocity,2,252,3,2,252_T3_P1_R2,24,5,1.4376477003097534,-1.954532265663147,1.2710607051849365,-0.5360477566719055,0.2679857909679413,-1.3500701189041138,0.4484395980834961,-0.7646070122718811,0.06648921966552734,-0.5541646480560303,1.0928128957748413,1.2300795316696167,-0.6183749437332153,0.47931304574012756,0.21455463767051697,-0.08725778013467789,-0.0973927304148674,-0.79529869556427,1.6372339725494385,0.34672728180885315,0.8157066106796265,0.6363316178321838,0.545714259147644,-0.998640239238739,-1.4126993417739868,-1.4114856719970703,-1.8043339252471924,1.1891882419586182,1.0751289129257202,-0.7726761698722839,-0.1722353994846344,0.4548020362854004,1.423036813735962,-1.966454267501831,1.2618287801742554,-0.5413044691085815,0.2829968333244324,-1.3575719594955444,0.4523065984249115,-0.7615820169448853,0.06906310468912125,-0.5529497861862183,1.088078498840332,1.2321879863739014,-0.6237201690673828,0.4853793978691101,0.20696406066417694,-0.09760703146457672,-0.08737551420927048,-0.7808189392089844,1.6456048488616943,0.36193567514419556,0.7949330806732178,0.6293908357620239,0.5494517087936401,-1.0001312494277954,-1.416311264038086,-1.413772702217102,-1.809669852256775,1.2015904188156128,1.090634822845459,-0.7847848534584045,-0.16253669559955597,0.46044883131980896
A,masked_angular_velocity,2,651,1,1,651_T1_P1_R1,24,5,1.439728856086731,-1.9172782897949219,1.29398512840271,-0.6113830804824829,0.28804975748062134,-1.3295584917068481,0.4438092112541199,-0.7115013003349304,0.11088009178638458,-0.601014256477356,1.1279659271240234,1.2176823616027832,-0.6044868230819702,0.47681766748428345,0.15609528124332428,-0.05182738974690437,-0.1260945349931717,-0.7559859156608582,1.6190710067749023,0.45247554779052734,0.80841064453125,0.5867358446121216,0.47857508063316345,-1.0322973728179932,-1.4090632200241089,-1.4255014657974243,-1.852679967880249,1.2444833517074585,1.1390712261199951,-0.8576244115829468,-0.16341319680213928,0.44634944200515747,1.4328951835632324,-1.917827844619751,1.298335075378418,-0.6419387459754944,0.3222152292728424,-1.3289482593536377,0.4405767023563385,-0.6754297018051147,0.12746617197990417,-0.6132240891456604,1.1217319965362549,1.2095259428024292,-0.6038171052932739,0.4947347044944763,0.14410129189491272,-0.03905429691076279,-0.14112797379493713,-0.7411571741104126,1.6280386447906494,0.4696515202522278,0.780083417892456,0.5748656988143921,0.47374996542930603,-1.0359877347946167,-1.4027107954025269,-1.43047034740448,-1.8847219944000244,1.2629894018173218,1.1734693050384521,-0.8977470397949219,-0.1455456018447876,0.4258083701133728
A,masked_angular_velocity,2,651,1,2,651_T1_P1_R2,24,5,1.447425127029419,-1.9177005290985107,1.2993838787078857,-0.5970878601074219,0.28689202666282654,-1.3358514308929443,0.420332133769989,-0.7150486707687378,0.09401431679725647,-0.5951191186904907,1.1200060844421387,1.211756706237793,-0.6010605096817017,0.48015984892845154,0.17637282609939575,-0.0556686632335186,-0.11618046462535858,-0.7721320390701294,1.6122127771377563,0.44498151540756226,0.8182156682014465,0.5914127230644226,0.48251351714134216,-1.01883864402771,-1.4129910469055176,-1.4154666662216187,-1.8562955856323242,1.2369890213012695,1.1266071796417236,-0.8381303548812866,-0.16970989108085632,0.4483563303947449,1.4326978921890259,-1.9458954334259033,1.3032863140106201,-0.6082791090011597,0.299510657787323,-1.3376762866973877,0.4189823567867279,-0.6693013906478882,0.08895942568778992,-0.5923819541931152,1.1093461513519287,1.1941046714782715,-0.589786171913147,0.47584643959999084,0.20231488347053528,-0.03840663284063339,-0.11149270832538605,-0.7858434915542603,1.633565902709961,0.4101242125034332,0.8005945086479187,0.619671106338501,0.5057612657546997,-1.0162042379379272,-1.4231865406036377,-1.4118095636367798,-1.8645902872085571,1.2355190515518188,1.1332411766052246,-0.8441686630249023,-0.16806533932685852,0.42317813634872437
A,masked_angular_velocity,2,651,2,1,651_T2_P1_R1,25,5,1.4142183065414429,-1.9680439233779907,1.2798209190368652,-0.6022260189056396,0.25438302755355835,-1.3416463136672974,0.4803435802459717,-0.7027842402458191,0.09402267634868622,-0.5844334363937378,1.1334553956985474,1.2046566009521484,-0.595249354839325,0.4285256266593933,0.2012137919664383,-0.04783276095986366,-0.08166922628879547,-0.7658519148826599,1.651439905166626,0.4054861068725586,0.8013108968734741,0.6298847198486328,0.503251850605011,-1.0273127555847168,-1.4363113641738892,-1.4279541969299316,-1.7974870204925537,1.22873055934906,1.105583906173706,-0.825109601020813,-0.1854781210422516,0.4523022174835205,1.4193215370178223,-1.9551517963409424,1.2847201824188232,-0.6141790151596069,0.2705938220024109,-1.344506025314331,0.475846529006958,-0.7056530714035034,0.10419555753469467,-0.5951124429702759,1.1312153339385986,1.2051582336425781,-0.5984820127487183,0.43970125913619995,0.18610332906246185,-0.04867582395672798,-0.0856328085064888,-0.7513366937637329,1.6439205408096313,0.43989816308021545,0.7975409626960754,0.6056532263755798,0.48205146193504333,-1.0304125547409058,-1.4322469234466553,-1.4295179843902588,-1.8150732517242432,1.2465431690216064,1.1236484050750732,-0.8434378504753113,-0.1810888797044754,0.45402055978775024
A,masked_angular_velocity,2,651,2,2,651_T2_P1_R2,26,5,1.4191025495529175,-1.959973692893982,1.2789390087127686,-0.5990460515022278,0.26569002866744995,-1.342056393623352,0.4717071056365967,-0.7082822322845459,0.09640893340110779,-0.5820114016532898,1.1311380863189697,1.2089622020721436,-0.5996905565261841,0.4396890699863434,0.1919116973876953,-0.058590032160282135,-0.08843889087438583,-0.7627357244491577,1.6452350616455078,0.41186442971229553,0.7960176467895508,0.6189256906509399,0.5042032599449158,-1.0231139659881592,-1.429777979850769,-1.427038550376892,-1.8096864223480225,1.229137659072876,1.1125882863998413,-0.8270047903060913,-0.17996588349342346,0.4552490711212158,1.413404107093811,-1.9545634984970093,1.2835626602172852,-0.6270009875297546,0.3021150529384613,-1.3424314260482788,0.4638521671295166,-0.6804554462432861,0.11391182988882065,-0.5973473787307739,1.122701644897461,1.2012640237808228,-0.5988680124282837,0.46078068017959595,0.176571324467659,-0.04998103901743889,-0.09995672851800919,-0.746444582939148,1.6494331359863281,0.4400954842567444,0.7742708921432495,0.5996896028518677,0.492191880941391,-1.0274202823638916,-1.4242347478866577,-1.4280083179473877,-1.8458976745605469,1.2514921426773071,1.1463115215301514,-0.8656278848648071,-0.1635276973247528,0.4396776258945465
A,masked_angular_velocity,2,651,3,1,651_T3_P1_R1,24,5,1.4375197887420654,-1.913814902305603,1.2909131050109863,-0.6038505434989929,0.29073429107666016,-1.334673523902893,0.4507833421230316,-0.7220736145973206,0.1080629825592041,-0.6011013984680176,1.1279618740081787,1.2147791385650635,-0.6083624958992004,0.4821411669254303,0.1623537689447403,-0.05915316194295883,-0.12044350057840347,-0.7493396401405334,1.6151787042617798,0.44687265157699585,0.8025853037834167,0.5818914175033569,0.4827878475189209,-1.0255067348480225,-1.4124083518981934,-1.4238113164901733,-1.8461809158325195,1.235964298248291,1.1351937055587769,-0.8490732312202454,-0.16531041264533997,0.44984307885169983,1.4397190809249878,-1.9080206155776978,1.2978575229644775,-0.6173253655433655,0.3061891198158264,-1.331924319267273,0.45190754532814026,-0.7104049921035767,0.11600019037723541,-0.6088613271713257,1.1256122589111328,1.2154878377914429,-0.6104807257652283,0.4936281740665436,0.1493869125843048,-0.05100519582629204,-0.13513317704200745,-0.7421337962150574,1.6137269735336304,0.45596614480018616,0.7972882986068726,0.5715315937995911,0.476480096578598,-1.0290496349334717,-1.4068838357925415,-1.4255157709121704,-1.8622770309448242,1.2459570169448853,1.1521167755126953,-0.8702815771102905,-0.15893162786960602,0.4401412010192871
A,masked_angular_velocity,2,651,3,2,651_T3_P1_R2,24,5,1.4384691715240479,-1.9137790203094482,1.2911179065704346,-0.6066767573356628,0.30013373494148254,-1.33523428440094,0.444909006357193,-0.7163020968437195,0.10771021991968155,-0.6015668511390686,1.1233316659927368,1.2118899822235107,-0.6075170636177063,0.48719173669815063,0.1628110110759735,-0.057157404720783234,-0.1221679300069809,-0.7491791248321533,1.6150190830230713,0.45079344511032104,0.7961035966873169,0.5784159898757935,0.4813942015171051,-1.0217024087905884,-1.4105244874954224,-1.4211066961288452,-1.8544282913208008,1.238365888595581,1.1393095254898071,-0.853122353553772,-0.16221021115779877,0.446211576461792,1.4314181804656982,-1.9208307266235352,1.2919883728027344,-0.6144976615905762,0.2948457598686218,-1.3405276536941528,0.4459366202354431,-0.709915280342102,0.11141641438007355,-0.6020289659500122,1.1281129121780396,1.2058007717132568,-0.6035023927688599,0.4779002070426941,0.17033052444458008,-0.05895330756902695,-0.1102275624871254,-0.7459937334060669,1.6240812540054321,0.4548817574977875,0.7956864237785339,0.5827263593673706,0.4791342318058014,-1.0238122940063477,-1.4184653759002686,-1.4270941019058228,-1.8480443954467773,1.2403485774993896,1.141823649406433,-0.8559554219245911,-0.16492287814617157,0.4484740197658539
A,masked_angular_velocity,2,671,1,1,671_T1_P1_R1,26,5,1.450235366821289,-1.9015346765518188,1.2934699058532715,-0.5880584120750427,0.27215898036956787,-1.3311982154846191,0.4361727833747864,-0.7423985600471497,0.10642031580209732,-0.5919010043144226,1.1319231986999512,1.2172436714172363,-0.6016455888748169,0.4733743667602539,0.1667114794254303,-0.06819344311952591,-0.12014353275299072,-0.761177659034729,1.6048810482025146,0.44997113943099976,0.8230075836181641,0.5839025378227234,0.47482743859291077,-1.0255440473556519,-1.4131267070770264,-1.4206334352493286,-1.839249610900879,1.2241170406341553,1.1212158203125,-0.8247168660163879,-0.17997825145721436,0.4603186547756195,1.443928837776184,-1.907081127166748,1.2981926202774048,-0.610431969165802,0.29987841844558716,-1.331041693687439,0.4414125978946686,-0.7145364880561829,0.11495945602655411,-0.6042671799659729,1.1265791654586792,1.2153865098953247,-0.6038112640380859,0.48767170310020447,0.1545901894569397,-0.05508632957935333,-0.13414537906646729,-0.7504255175590515,1.6134113073349,0.4579474627971649,0.8047187924385071,0.5762245059013367,0.47471991181373596,-1.0296927690505981,-1.4073066711425781,-1.424096703529358,-1.8661025762557983,1.240876317024231,1.1474884748458862,-0.8568193912506104,-0.1664491593837738,0.44383224844932556
A,masked_angular_velocity,2,671,1,2,671_T1_P1_R2,24,5,1.4423329830169678,-1.9166438579559326,1.2915222644805908,-0.5813499093055725,0.2542436420917511,-1.3345224857330322,0.4497334957122803,-0.7430933713912964,0.09631811082363129,-0.5906835198402405,1.131008267402649,1.2123658657073975,-0.6009383201599121,0.4564860761165619,0.1839841902256012,-0.06168948486447334,-0.10284034162759781,-0.7694846391677856,1.6157925128936768,0.42718610167503357,0.8314011693000793,0.6030901074409485,0.4842011332511902,-1.0250548124313354,-1.4238804578781128,-1.4203426837921143,-1.8141266107559204,1.2182215452194214,1.1025617122650146,-0.811125636100769,-0.18736013770103455,0.46286821365356445,1.42131507396698,-1.9387867450714111,1.2943111658096313,-0.6104674935340881,0.27761033177375793,-1.3370869159698486,0.4629034101963043,-0.6979299783706665,0.10464142262935638,-0.6045854091644287,1.1233457326889038,1.2012274265289307,-0.5978029370307922,0.46159735321998596,0.18619509041309357,-0.03917793557047844,-0.1058141216635704,-0.7638718485832214,1.6434417963027954,0.4167056679725647,0.8112074732780457,0.615559458732605,0.4956263601779938,-1.0333236455917358,-1.4284456968307495,-1.4243743419647217,-1.8326514959335327,1.2320892810821533,1.1264045238494873,-0.8444822430610657,-0.1748470813035965,0.43925514817237854
A,masked_angular_velocity,2,671,2,1,671_T2_P1_R1,24,5,1.401279330253601,-1.9617732763290405,1.2775756120681763,-0.6213657259941101,0.23694708943367004,-1.3554588556289673,0.47991490364074707,-0.708873450756073,0.10442253202199936,-0.6029573082923889,1.1432262659072876,1.1903959512710571,-0.5935569405555725,0.4183278977870941,0.22044770419597626,-0.053963202983140945,-0.05086405947804451,-0.7487853765487671,1.6588737964630127,0.42881694436073303,0.8230679631233215,0.6243333220481873,0.48815464973449707,-1.0222718715667725,-1.4488277435302734,-1.4412744045257568,-1.7735989093780518,1.2237489223480225,1.093119502067566,-0.8282116055488586,-0.19009937345981598,0.4682897925376892,1.4020681381225586,-1.963578462600708,1.278873085975647,-0.6263076663017273,0.22277840971946716,-1.3518098592758179,0.48730891942977905,-0.7111062407493591,0.10780461877584457,-0.6028629541397095,1.152870774269104,1.1957062482833862,-0.5938602685928345,0.40670832991600037,0.21149203181266785,-0.05214400216937065,-0.05167211964726448,-0.7464057803153992,1.661393404006958,0.43777260184288025,0.8280476331710815,0.6279067993164062,0.4812653660774231,-1.036375641822815,-1.451446771621704,-1.4490315914154053,-1.7643648386001587,1.2324188947677612,1.0967669486999512,-0.833517849445343,-0.19073276221752167,0.47305965423583984
A,masked_angular_velocity,2,671,2,2,671_T2_P1_R2,27,5,1.3974039554595947,-1.983350396156311,1.2726229429244995,-0.5991578102111816,0.2186977118253708,-1.3599244356155396,0.4683031141757965,-0.706449568271637,0.08101393282413483,-0.5832151174545288,1.1389631032943726,1.1837584972381592,-0.5876190662384033,0.4021384119987488,0.25120705366134644,-0.05753112584352493,-0.03040507808327675,-0.7748799920082092,1.6685450077056885,0.39293795824050903,0.8224999308586121,0.6567850112915039,0.5118433237075806,-1.0145163536071777,-1.460782527923584,-1.4344184398651123,-1.7528162002563477,1.2080345153808594,1.0693957805633545,-0.7945861220359802,-0.195822611451149,0.4696723520755768,1.3758156299591064,-1.9996592998504639,1.2724584341049194,-0.6316366195678711,0.22104588150978088,-1.3616431951522827,0.488883912563324,-0.6739319562911987,0.09699256718158722,-0.600723922252655,1.1462433338165283,1.1736894845962524,-0.5784527659416199,0.3886776864528656,0.25525254011154175,-0.041068922728300095,-0.024500761181116104,-0.7629029154777527,1.6917222738265991,0.39876610040664673,0.8191296458244324,0.6670249104499817,0.5090108513832092,-1.029766321182251,-1.4704755544662476,-1.4436166286468506,-1.75336492061615,1.2187631130218506,1.0823380947113037,-0.8190536499023438,-0.1956007480621338,0.4585118889808655
A,masked_angular_velocity,2,671,3,1,671_T3_P1_R1,27,5,1.3826420307159424,-1.9986053705215454,1.267802119255066,-0.5692020654678345,0.18587569892406464,-1.3578059673309326,0.5291194915771484,-0.7361742258071899,0.06858593225479126,-0.572610080242157,1.1234471797943115,1.1822288036346436,-0.5978398323059082,0.38060063123703003,0.2721087336540222,-0.044934723526239395,-0.018178733065724373,-0.7832664251327515,1.6818206310272217,0.3127431273460388,0.8354369401931763,0.688374400138855,0.543512225151062,-1.0069973468780518,-1.4690275192260742,-1.4292089939117432,-1.6855367422103882,1.1706295013427734,1.0252958536148071,-0.7582536935806274,-0.2169891595840454,0.4729880690574646,1.3996069431304932,-1.972677230834961,1.2718355655670166,-0.5850886702537537,0.21022756397724152,-1.3591201305389404,0.5195892453193665,-0.7532088160514832,0.07621637731790543,-0.5919012427330017,1.1263484954833984,1.1968879699707031,-0.613158106803894,0.40381282567977905,0.23500411212444305,-0.049331508576869965,-0.03340402990579605,-0.7611008882522583,1.664690375328064,0.38127240538597107,0.834333598613739,0.6416709423065186,0.503952145576477,-1.0150929689407349,-1.4564666748046875,-1.4293756484985352,-1.7166579961776733,1.2045238018035889,1.05238938331604,-0.7876696586608887,-0.20358261466026306,0.4849938750267029
A,masked_angular_velocity,2,671,3,2,671_T3_P1_R2,28,5,1.3856617212295532,-1.9733905792236328,1.2545963525772095,-0.5708632469177246,0.2185489684343338,-1.3674647808074951,0.5098050236701965,-0.7632371187210083,0.09133829176425934,-0.569800853729248,1.1225550174713135,1.1955188512802124,-0.6197989583015442,0.4198051393032074,0.23888710141181946,-0.09030931442975998,-0.028875309973955154,-0.7445393800735474,1.666534185409546,0.36713963747024536,0.7982169985771179,0.6405244469642639,0.5360978245735168,-0.9984649419784546,-1.457643747329712,-1.4415183067321777,-1.7092113494873047,1.183953046798706,1.0635017156600952,-0.7849667072296143,-0.18819014728069305,0.4944482445716858,1.3759949207305908,-1.9791253805160522,1.2599687576293945,-0.6005299687385559,0.23407797515392303,-1.3683732748031616,0.5029493570327759,-0.7262554168701172,0.09761051088571548,-0.5903627276420593,1.1260701417922974,1.186299443244934,-0.6124966144561768,0.4257687032222748,0.23957154154777527,-0.07330483943223953,-0.03311131149530411,-0.7431734800338745,1.6840240955352783,0.38530415296554565,0.793615460395813,0.6443957090377808,0.5290347337722778,-1.0135387182235718,-1.4648576974868774,-1.4424784183502197,-1.736117959022522,1.2016936540603638,1.086659550666809,-0.8113317489624023,-0.1777542680501938,0.47833365201950073
A,masked_angular_velocity,2,790,1,1,790_T1_P1_R1,25,5,1.4051012992858887,-1.967567801475525,1.285711646080017,-0.6065195798873901,0.2631455063819885,-1.3529880046844482,0.47463494539260864,-0.6917369961738586,0.09843359142541885,-0.5915644764900208,1.122515082359314,1.183777093887329,-0.586635410785675,0.4379778504371643,0.22742681205272675,-0.04303514212369919,-0.0668584555387497,-0.7655881643295288,1.6580371856689453,0.3877266049385071,0.8067442178726196,0.6379361152648926,0.5086045265197754,-1.0163953304290771,-1.4467436075210571,-1.4277875423431396,-1.7994029521942139,1.215663194656372,1.1032450199127197,-0.8249896168708801,-0.1901932656764984,0.4401794373989105,1.4030818939208984,-1.9798532724380493,1.2899978160858154,-0.6115185618400574,0.26115846633911133,-1.3558061122894287,0.4787921905517578,-0.6841775178909302,0.10077349096536636,-0.5869385004043579,1.1224725246429443,1.1805580854415894,-0.583783745765686,0.42926210165023804,0.23336908221244812,-0.03996763378381729,-0.06127084046602249,-0.7704117298126221,1.669721245765686,0.37983378767967224,0.8065861463546753,0.6455042362213135,0.5087882876396179,-1.0172069072723389,-1.45142662525177,-1.4298371076583862,-1.7970119714736938,1.219008207321167,1.1063867807388306,-0.8273309469223022,-0.19667553901672363,0.4364112317562103
A,masked_angular_velocity,2,790,1,2,790_T1_P1_R2,26,5,1.4138805866241455,-1.9592758417129517,1.2822315692901611,-0.5865640640258789,0.2542595863342285,-1.3546491861343384,0.4732149541378021,-0.7224041819572449,0.08960264921188354,-0.5856016278266907,1.1213384866714478,1.1946170330047607,-0.5963365435600281,0.4415782392024994,0.22630000114440918,-0.055643267929553986,-0.06650777906179428,-0.7710925340652466,1.6498820781707764,0.38341397047042847,0.818088173866272,0.6320249438285828,0.5107482075691223,-1.0071947574615479,-1.4406830072402954,-1.4238613843917847,-1.7888826131820679,1.2043482065200806,1.0872265100479126,-0.8051856160163879,-0.19300228357315063,0.4532375931739807,1.3805326223373413,-2.0027377605438232,1.283607840538025,-0.6045316457748413,0.2229909598827362,-1.3568058013916016,0.5201604962348938,-0.6827777624130249,0.08973667770624161,-0.5929840803146362,1.1291862726211548,1.1745758056640625,-0.5803740620613098,0.39780372381210327,0.2637268006801605,-0.02375214733183384,-0.04215913265943527,-0.7819043397903442,1.6918519735336304,0.323011577129364,0.831628680229187,0.6848518252372742,0.5351797342300415,-1.0180456638336182,-1.4648017883300781,-1.4309898614883423,-1.7458473443984985,1.1898066997528076,1.0656076669692993,-0.8003950119018555,-0.21424910426139832,0.4362139105796814
A,masked_angular_velocity,2,790,2,1,790_T2_P1_R1,25,5,1.4084925651550293,-1.972882628440857,1.2867387533187866,-0.5995602607727051,0.2527972459793091,-1.3429992198944092,0.466390997171402,-0.6811735033988953,0.08865725249052048,-0.5877322554588318,1.1263340711593628,1.1884088516235352,-0.5789097547531128,0.42959290742874146,0.23290514945983887,-0.038421448320150375,-0.0749620571732521,-0.7861301302909851,1.6596084833145142,0.3706560730934143,0.8210170865058899,0.6565863490104675,0.5201553106307983,-1.0277986526489258,-1.448439359664917,-1.420076608657837,-1.8035612106323242,1.210764765739441,1.0932261943817139,-0.8090615272521973,-0.19749532639980316,0.43556728959083557,1.404922604560852,-1.9868125915527344,1.2916821241378784,-0.6041747331619263,0.24068960547447205,-1.3411808013916016,0.47849538922309875,-0.6689968109130859,0.08663885295391083,-0.5878808498382568,1.1314635276794434,1.1849329471588135,-0.5712487101554871,0.4137023091316223,0.2445714771747589,-0.02589396759867668,-0.0730649083852768,-0.795974612236023,1.671013355255127,0.3484639525413513,0.8340929746627808,0.6742935180664062,0.5249167084693909,-1.0318303108215332,-1.4537047147750854,-1.4204864501953125,-1.7919704914093018,1.2048479318618774,1.083747148513794,-0.8041985630989075,-0.2100747525691986,0.4274195432662964
A,masked_angular_velocity,2,790,2,2,790_T2_P1_R2,26,5,1.411332368850708,-1.9629676342010498,1.284270167350769,-0.5962404012680054,0.255486398935318,-1.348889946937561,0.45756202936172485,-0.6956169605255127,0.08798962086439133,-0.586440920829773,1.1232174634933472,1.1869480609893799,-0.5839868783950806,0.436743825674057,0.23412711918354034,-0.04792783036828041,-0.06871506571769714,-0.7797013521194458,1.6528774499893188,0.38767069578170776,0.815843403339386,0.6441015005111694,0.5129456520080566,-1.0204517841339111,-1.4494518041610718,-1.4199811220169067,-1.8010947704315186,1.2103562355041504,1.0938565731048584,-0.8064187169075012,-0.19395697116851807,0.44537967443466187,1.4265012741088867,-1.953800916671753,1.2880629301071167,-0.5981460809707642,0.2715475559234619,-1.3489949703216553,0.4430603086948395,-0.6973286867141724,0.09204612672328949,-0.5838955640792847,1.1277217864990234,1.1944714784622192,-0.587035059928894,0.45274925231933594,0.22163179516792297,-0.05515171214938164,-0.08446384966373444,-0.774347186088562,1.6368087530136108,0.3971219062805176,0.8151314854621887,0.6236258745193481,0.5061231851577759,-1.0081603527069092,-1.4303698539733887,-1.4244712591171265,-1.8214938640594482,1.2126877307891846,1.101847529411316,-0.8158878087997437,-0.1875590831041336,0.4390431046485901
A,masked_angular_velocity,2,790,3,1,790_T3_P1_R1,27,5,1.4204930067062378,-1.9570461511611938,1.2878942489624023,-0.5923408269882202,0.28665176033973694,-1.3442350625991821,0.4394060969352722,-0.689888060092926,0.08715708553791046,-0.5805462598800659,1.1097536087036133,1.1937816143035889,-0.593490481376648,0.4653793275356293,0.21499896049499512,-0.050853438675403595,-0.09285732358694077,-0.7839919328689575,1.6505094766616821,0.38165491819381714,0.7985855340957642,0.6340182423591614,0.5220369696617126,-1.0127946138381958,-1.43257737159729,-1.4148125648498535,-1.83383047580719,1.2156212329864502,1.1146453619003296,-0.8225662112236023,-0.17411889135837555,0.432457834482193,1.4166911840438843,-1.9665988683700562,1.292575716972351,-0.6100067496299744,0.28436994552612305,-1.337514877319336,0.444469153881073,-0.6649848222732544,0.09505107253789902,-0.58534836769104,1.1188931465148926,1.1955254077911377,-0.5875462293624878,0.45770153403282166,0.21097604930400848,-0.038321904838085175,-0.10439316183328629,-0.7874272465705872,1.6607898473739624,0.37503623962402344,0.8043990135192871,0.645675778388977,0.5257812738418579,-1.025399088859558,-1.4310085773468018,-1.4225555658340454,-1.8399890661239624,1.2218389511108398,1.1231200695037842,-0.8387649655342102,-0.17352505028247833,0.4193609654903412
A,masked_angular_velocity,2,790,3,2,790_T3_P1_R2,25,5,1.4141125679016113,-1.9823710918426514,1.2761698961257935,-0.5736799836158752,0.2785940170288086,-1.3445470333099365,0.45232027769088745,-0.689848780632019,0.06687913835048676,-0.5644372701644897,1.0994174480438232,1.193498134613037,-0.5950084924697876,0.45449012517929077,0.23718836903572083,-0.050154656171798706,-0.08398281037807465,-0.7997612357139587,1.665657639503479,0.33336251974105835,0.7947880029678345,0.659590482711792,0.5502782464027405,-1.0035789012908936,-1.4364802837371826,-1.4055964946746826,-1.8102102279663086,1.1977243423461914,1.0886874198913574,-0.7951606512069702,-0.1784140169620514,0.42920565605163574,1.4075334072113037,-2.0470266342163086,1.276517391204834,-0.5484921336174011,0.2995220124721527,-1.3281362056732178,0.4456404745578766,-0.6169915199279785,0.014598885551095009,-0.5331396460533142,1.0697870254516602,1.1925582885742188,-0.5792275667190552,0.4551575779914856,0.2794162333011627,-0.018146635964512825,-0.1143587976694107,-0.8650470972061157,1.6913509368896484,0.2018226832151413,0.7826755046844482,0.7330179214477539,0.6375585794448853,-0.9891036152839661,-1.430797815322876,-1.3738973140716553,-1.8319686651229858,1.1683111190795898,1.064614176750183,-0.7626298069953918,-0.17628878355026245,0.37302035093307495
B,masked_6d,0,252,1,1,252_T1_P1_R1,23,5,0.09188462793827057,-0.29693374037742615,-0.14537037909030914,-1.8190524578094482,-0.02713434025645256,0.5041559934616089,-0.059335194528102875,0.7574558258056641,-1.6820003986358643,-0.9341224431991577,0.006146914325654507,1.1734699010849,0.19687554240226746,-0.5387701392173767,0.07528627663850784,1.7493762969970703,-0.8211421966552734,0.9934049844741821,-0.5247300863265991,-0.8190155029296875,1.0056568384170532,0.4335564970970154,-1.6306343078613281,-1.1884188652038574,0.8729028701782227,0.8929668664932251,0.9357432126998901,-0.23011021316051483,-0.8676832318305969,1.3192733526229858,1.084547758102417,-0.4796887934207916,0.0847402885556221,-0.3052639961242676,-0.19047428667545319,-1.8796018362045288,-0.01488090306520462,0.5355187654495239,-0.04992038011550903,0.7846170663833618,-1.7351051568984985,-0.9266546368598938,-0.05489325523376465,1.1895027160644531,0.24984750151634216,-0.4882461130619049,0.015308910980820656,1.8018919229507446,-0.8626924753189087,1.0038509368896484,-0.5502384901046753,-0.7656189799308777,0.9948785901069641,0.39968341588974,-1.599785327911377,-1.1948628425598145,0.8432084918022156,0.8937653303146362,0.9723393321037292,-0.20143115520477295,-0.8918570280075073,1.346795916557312,1.1285855770111084,-0.5071828365325928
B,masked_6d,0,252,1,2,252_T1_P1_R2,25,5,0.07437607645988464,-0.29235783219337463,-0.1688673198223114,-1.824188470840454,-0.025029242038726807,0.49827679991722107,-0.057833485305309296,0.7393808364868164,-1.6883169412612915,-0.9560760259628296,0.024474482983350754,1.1752004623413086,0.18985339999198914,-0.5313644409179688,0.11062530428171158,1.7520763874053955,-0.8108004331588745,0.9823192358016968,-0.5031595826148987,-0.8391083478927612,1.0280886888504028,0.4344858229160309,-1.6285574436187744,-1.1988930702209473,0.8776534795761108,0.8877140283584595,0.935521125793457,-0.23535045981407166,-0.861125648021698,1.3409960269927979,1.0645432472229004,-0.46675601601600647,0.03137136250734329,-0.2886316776275635,-0.2257899045944214,-1.8845722675323486,-0.01211208663880825,0.5342787504196167,-0.059527553617954254,0.7558636665344238,-1.7239906787872314,-0.9718009233474731,0.0014802291989326477,1.196250081062317,0.21099552512168884,-0.49611109495162964,0.06283637881278992,1.8181861639022827,-0.8309208750724792,0.9894596338272095,-0.48505058884620667,-0.833310604095459,1.0583407878875732,0.4355354905128479,-1.6177113056182861,-1.2391663789749146,0.8567602038383484,0.9087239503860474,0.9433720707893372,-0.22737297415733337,-0.8784053921699524,1.3843570947647095,1.0924885272979736,-0.4784432351589203
B,masked_6d,0,252,2,1,252_T2_P1_R1,25,5,0.1424914449453354,-0.31143343448638916,-0.12451992183923721,-1.7678520679473877,-0.03729576617479324,0.5252965092658997,-0.06137353926897049,0.7777157425880432,-1.7071750164031982,-0.9301474690437317,-0.029566669836640358,1.1910384893417358,0.1973562389612198,-0.5507584810256958,0.09728352725505829,1.7389404773712158,-0.8193694353103638,0.9883039593696594,-0.5399965643882751,-0.8143597841262817,0.9680261611938477,0.4323748052120209,-1.6359059810638428,-1.1761934757232666,0.8591944575309753,0.8644987940788269,0.9508293271064758,-0.21675467491149902,-0.8505162000656128,1.2861015796661377,1.0702648162841797,-0.48596397042274475,0.05152840539813042,-0.31449955701828003,-0.11328015476465225,-1.8492276668548584,0.03138561546802521,0.4995547831058502,-0.05590571090579033,0.7978957295417786,-1.7191007137298584,-0.9293422698974609,-0.00756043940782547,1.1731324195861816,0.21469123661518097,-0.5421342849731445,0.07504533231258392,1.7331962585449219,-0.8623729944229126,1.0407121181488037,-0.5482685565948486,-0.7982857823371887,1.0591789484024048,0.46282291412353516,-1.6519922018051147,-1.2068595886230469,0.855023205280304,0.952490508556366,0.943151593208313,-0.2390894591808319,-0.9453266859054565,1.3221415281295776,1.1328186988830566,-0.5294688940048218
B,masked_6d,0,252,2,2,252_T2_P1_R2,25,5,0.12322630733251572,-0.2920364439487457,-0.1220557913184166,-1.7693687677383423,-0.024997204542160034,0.48224979639053345,-0.04667137563228607,0.7560421824455261,-1.7034155130386353,-0.9045482873916626,-0.006177444010972977,1.1556298732757568,0.1944723278284073,-0.5430041551589966,0.15473976731300354,1.6743049621582031,-0.8022562861442566,0.9735263586044312,-0.5336276292800903,-0.8179090619087219,1.0098347663879395,0.4454783797264099,-1.6396538019180298,-1.179599404335022,0.8418340682983398,0.8849590420722961,0.9471069574356079,-0.24558576941490173,-0.8631914258003235,1.3093888759613037,1.04783034324646,-0.47725844383239746,0.08989421278238297,-0.2809984087944031,-0.1182975098490715,-1.8270612955093384,0.011925783008337021,0.49085474014282227,-0.02456275001168251,0.7911261320114136,-1.7389776706695557,-0.8645849227905273,-0.01770385168492794,1.1397013664245605,0.21069994568824768,-0.5286226868629456,0.10738752782344818,1.6739552021026611,-0.8342913389205933,1.0092480182647705,-0.5586804151535034,-0.8018839359283447,1.0693299770355225,0.5019002556800842,-1.6770553588867188,-1.2428832054138184,0.8105812072753906,0.9707306027412415,0.9532312154769897,-0.29094797372817993,-0.9221010208129883,1.3543158769607544,1.0931888818740845,-0.5170549154281616
B,masked_6d,0,252,3,1,252_T3_P1_R1,25,5,0.17270594835281372,-0.32964426279067993,-0.24213340878486633,-1.8066656589508057,-0.09213956445455551,0.5589178800582886,-0.07514356076717377,0.7161321043968201,-1.7373936176300049,-0.9643768072128296,-0.08722694218158722,1.1989409923553467,0.2627156674861908,-0.4684014320373535,0.11072967201471329,1.7968295812606812,-0.8504091501235962,0.9544039964675903,-0.5376942753791809,-0.7230218648910522,0.8916957974433899,0.2912180721759796,-1.501806378364563,-1.0950164794921875,0.8261454701423645,0.7423052191734314,0.9886905550956726,-0.09210628271102905,-0.7867819666862488,1.2789589166641235,1.0663892030715942,-0.4479493498802185,0.2368791103363037,-0.3441409170627594,-0.2885843515396118,-1.851053237915039,-0.11341748386621475,0.6228634715080261,-0.08151738345623016,0.7513174414634705,-1.7896934747695923,-0.9912059903144836,-0.12824270129203796,1.2621995210647583,0.26264387369155884,-0.47648900747299194,0.051680851727724075,1.9249547719955444,-0.8809439539909363,0.9683173894882202,-0.5622032880783081,-0.7352713346481323,0.8701668977737427,0.3048352599143982,-1.545290231704712,-1.1280243396759033,0.8532772064208984,0.722899317741394,1.0244601964950562,-0.09867943823337555,-0.7708572149276733,1.3187223672866821,1.0872561931610107,-0.4554034173488617
B,masked_6d,0,252,3,2,252_T3_P1_R2,24,5,0.08770150691270828,-0.32075801491737366,-0.2480180263519287,-1.7789580821990967,-0.06758570671081543,0.6086827516555786,-0.04882354289293289,0.6882023215293884,-1.7132995128631592,-0.982596218585968,-0.09932941943407059,1.1661080121994019,0.255151629447937,-0.44261807203292847,0.08077048510313034,1.7945560216903687,-0.829055905342102,0.9345852136611938,-0.4642604887485504,-0.7501913905143738,0.91929692029953,0.3102931082248688,-1.5125691890716553,-1.1533911228179932,0.8358758687973022,0.7833353281021118,0.9438301920890808,-0.12395749241113663,-0.7806352376937866,1.3085812330245972,1.0511763095855713,-0.4317089915275574,0.052316080778837204,-0.312264621257782,-0.31244009733200073,-1.8312288522720337,-0.08418339490890503,0.6688536405563354,-0.05487004667520523,0.6535447239875793,-1.71942138671875,-1.0357143878936768,-0.12260524183511734,1.1860029697418213,0.25972193479537964,-0.4205538332462311,0.0411086268723011,1.8824265003204346,-0.8313802480697632,0.937924861907959,-0.42965489625930786,-0.7605754137039185,0.9393674731254578,0.29019367694854736,-1.5047338008880615,-1.197617769241333,0.859015941619873,0.7838788032531738,0.9360072016716003,-0.1105261817574501,-0.7720518112182617,1.3630636930465698,1.0679258108139038,-0.40227803587913513
B,masked_6d,0,651,1,1,651_T1_P1_R1,24,5,0.09132103621959686,-0.28838029503822327,-0.07540348917245865,-1.8092094659805298,-0.01979556307196617,0.49487724900245667,-0.07695315778255463,0.8241851925849915,-1.6838939189910889,-0.924000084400177,0.0017584487795829773,1.187076449394226,0.20466983318328857,-0.5671972632408142,0.005198674742132425,1.7563705444335938,-0.8359417915344238,1.029894232749939,-0.5482655167579651,-0.8463306427001953,1.0065431594848633,0.4768403172492981,-1.6731646060943604,-1.2149715423583984,0.8690258264541626,0.9325024485588074,0.9509313702583313,-0.2655380368232727,-0.8900335431098938,1.3044626712799072,1.1213018894195557,-0.5049693584442139,0.09984427690505981,-0.2758716940879822,-0.08913622051477432,-1.8653424978256226,-0.035645224153995514,0.4957888722419739,-0.0946449562907219,0.848941445350647,-1.681396722793579,-0.9443011283874512,0.015987403690814972,1.2302414178848267,0.19148065149784088,-0.5823829174041748,-0.03395097330212593,1.825994849205017,-0.8367988467216492,1.049070954322815,-0.5513219833374023,-0.871147632598877,1.017254114151001,0.4836658537387848,-1.6950546503067017,-1.2420423030853271,0.8916429281234741,0.9472112655639648,0.9563745260238647,-0.2748241424560547,-0.8955961465835571,1.3219144344329834,1.1416670083999634,-0.5133587121963501
B,masked_6d,0,651,1,2,651_T1_P1_R2,24,5,0.1751532405614853,-0.3151484429836273,-0.11562635004520416,-1.7896913290023804,-0.047294724732637405,0.5101086497306824,-0.06216762587428093,0.8098458051681519,-1.7098312377929688,-0.9037964940071106,-0.039892278611660004,1.1928200721740723,0.22548706829547882,-0.5449462532997131,0.02371087670326233,1.775452971458435,-0.8405525088310242,1.0042070150375366,-0.5893517732620239,-0.8118232488632202,0.9340554475784302,0.44019952416419983,-1.649812936782837,-1.1694819927215576,0.8545726537704468,0.8586972951889038,0.9909329414367676,-0.2347908765077591,-0.8417506217956543,1.298189401626587,1.0976035594940186,-0.49567365646362305,0.22186222672462463,-0.3240576386451721,-0.1683351695537567,-1.854796051979065,-0.08045510202646255,0.5377922654151917,-0.08354467898607254,0.8150970339775085,-1.709650993347168,-0.9113713502883911,-0.06731462478637695,1.228284239768982,0.2385788857936859,-0.5310742259025574,-0.050526976585388184,1.8837721347808838,-0.8656643629074097,1.0124397277832031,-0.6055192947387695,-0.788194477558136,0.8886658549308777,0.39743414521217346,-1.629721999168396,-1.158178448677063,0.8644003868103027,0.8212875127792358,1.0080760717391968,-0.1962248980998993,-0.8161575198173523,1.308923363685608,1.1269800662994385,-0.48606356978416443
B,masked_6d,0,651,2,1,651_T2_P1_R1,25,5,0.03791814669966698,-0.2763756513595581,-0.13495641946792603,-1.83086359500885,0.011740007437765598,0.48143118619918823,-0.06324255466461182,0.7724100351333618,-1.6766303777694702,-0.9307735562324524,-0.011952276341617107,1.1590449810028076,0.22041770815849304,-0.50408536195755,0.01557702012360096,1.7330541610717773,-0.842162013053894,1.003942847251892,-0.5066498517990112,-0.8210992813110352,1.0272935628890991,0.44038933515548706,-1.613481879234314,-1.2090520858764648,0.835709273815155,0.9458218812942505,0.9176918268203735,-0.2402634173631668,-0.8780207633972168,1.3335798978805542,1.1092894077301025,-0.4784635603427887,0.07557646185159683,-0.2712958753108978,-0.198980450630188,-1.8729499578475952,-0.036086615175008774,0.5175239443778992,-0.0789288803935051,0.7730056643486023,-1.6950496435165405,-0.9433146715164185,-0.02416372112929821,1.2002683877944946,0.2238071709871292,-0.48822084069252014,-0.0015951588284224272,1.8188892602920532,-0.8362763524055481,0.9877288937568665,-0.5060754418373108,-0.8190897703170776,0.9956351518630981,0.41066163778305054,-1.600671410560608,-1.2254962921142578,0.8251748085021973,0.8944370150566101,0.9517810940742493,-0.21387076377868652,-0.8398909568786621,1.3636595010757446,1.0972414016723633,-0.45889148116111755
B,masked_6d,0,651,2,2,651_T2_P1_R2,26,5,0.032586719840765,-0.2773849368095398,-0.11793269217014313,-1.8125654458999634,0.010100262239575386,0.48997730016708374,-0.05266035720705986,0.7689188122749329,-1.6768720149993896,-0.927190899848938,-0.011371721513569355,1.1452935934066772,0.2120511829853058,-0.5086215734481812,0.025934362784028053,1.726586103439331,-0.8288509249687195,1.0025720596313477,-0.4984358251094818,-0.8353144526481628,1.0366852283477783,0.45943155884742737,-1.6326366662979126,-1.22748863697052,0.8539716005325317,0.9574717283248901,0.9110419154167175,-0.2660563588142395,-0.8824694752693176,1.3385270833969116,1.0971384048461914,-0.4829358160495758,0.058873213827610016,-0.27574652433395386,-0.17910346388816833,-1.8813852071762085,-0.016972288489341736,0.5104095339775085,-0.0694468691945076,0.7858534455299377,-1.6971925497055054,-0.9491607546806335,-0.006965409033000469,1.2003246545791626,0.2078915536403656,-0.5069500803947449,-0.0033062819857150316,1.826669692993164,-0.8374804258346558,1.009157419204712,-0.5017687678337097,-0.8518542051315308,1.0256414413452148,0.4405139088630676,-1.6353565454483032,-1.2470718622207642,0.8656554222106934,0.9301632046699524,0.9312533140182495,-0.2439335286617279,-0.8655818700790405,1.3756669759750366,1.1062694787979126,-0.4768717288970947
B,masked_6d,0,651,3,1,651_T3_P1_R1,24,5,0.039041317999362946,-0.2942518889904022,-0.07846971601247787,-1.777169942855835,-0.02426462434232235,0.5162448883056641,-0.058238446712493896,0.7958799004554749,-1.6500383615493774,-0.9318021535873413,-0.007262124679982662,1.1583425998687744,0.2283443957567215,-0.541959285736084,-0.030842250213027,1.7541389465332031,-0.8250211477279663,1.0079153776168823,-0.5150563716888428,-0.8368690609931946,0.9778359532356262,0.4587826132774353,-1.6479171514511108,-1.2063653469085693,0.8717390298843384,0.916915237903595,0.9387787580490112,-0.2575674057006836,-0.8582543134689331,1.290839433670044,1.09782874584198,-0.48135653138160706,0.05007478594779968,-0.2936080992221832,-0.09193865209817886,-1.8158258199691772,-0.04449015110731125,0.5180987119674683,-0.06498084217309952,0.8161605596542358,-1.6565523147583008,-0.9357816576957703,-0.005995362065732479,1.1841199398040771,0.23636922240257263,-0.5408214926719666,-0.04709082469344139,1.8000348806381226,-0.8267688751220703,1.0115745067596436,-0.5270000100135803,-0.8400863409042358,0.9715080261230469,0.45068493485450745,-1.6517372131347656,-1.216277837753296,0.8743886947631836,0.9000759124755859,0.9669375419616699,-0.25057369470596313,-0.8578052520751953,1.3027423620224,1.1022993326187134,-0.4885076582431793
B,masked_6d,0,651,3,2,651_T3_P1_R2,24,5,0.0397784560918808,-0.2967816889286041,-0.0987350195646286,-1.7917792797088623,-0.028067851439118385,0.5232358574867249,-0.06460466235876083,0.7896149754524231,-1.6402790546417236,-0.9461832046508789,-0.005105629563331604,1.1711629629135132,0.22489187121391296,-0.5412701368331909,-0.04695030301809311,1.781508207321167,-0.830345630645752,1.0083006620407104,-0.5080893039703369,-0.8382315635681152,0.9687487483024597,0.44207486510276794,-1.6366170644760132,-1.2002513408660889,0.8783164024353027,0.9032688140869141,0.9349231719970703,-0.24039657413959503,-0.8495651483535767,1.2934448719024658,1.1048164367675781,-0.472116082906723,0.05514977499842644,-0.30916252732276917,-0.1184968575835228,-1.810336709022522,-0.029816463589668274,0.5615983009338379,-0.06246998906135559,0.7929776906967163,-1.6616328954696655,-0.9435304403305054,-0.03058885596692562,1.1812456846237183,0.23274588584899902,-0.5433503985404968,-0.07388999313116074,1.8184940814971924,-0.8461326360702515,1.020316243171692,-0.5264694094657898,-0.8226331472396851,0.963333249092102,0.4507865905761719,-1.649477243423462,-1.2103557586669922,0.8797375559806824,0.8986550569534302,0.9527395963668823,-0.24362924695014954,-0.8565043210983276,1.3084406852722168,1.1221057176589966,-0.4705425798892975
B,masked_6d,0,671,1,1,671_T1_P1_R1,26,5,0.10922851413488388,-0.30623629689216614,-0.06660745292901993,-1.7306640148162842,-0.024290908128023148,0.5306681394577026,-0.03965543210506439,0.7945154905319214,-1.6957178115844727,-0.9015989303588867,-0.03966556116938591,1.1534675359725952,0.222190260887146,-0.5553621053695679,0.059413593262434006,1.687765121459961,-0.8246468305587769,0.995472252368927,-0.556684136390686,-0.8090741038322449,0.9664084315299988,0.467494398355484,-1.6616203784942627,-1.1863257884979248,0.8399379849433899,0.8942593336105347,0.9698956608772278,-0.2566293179988861,-0.8646787405014038,1.2811568975448608,1.0742974281311035,-0.4953998625278473,0.09353920817375183,-0.30709537863731384,-0.09248659759759903,-1.77829110622406,-0.011446145363152027,0.5288669466972351,-0.041953474283218384,0.8168764710426331,-1.722412109375,-0.9282532334327698,-0.03136516362428665,1.186061978340149,0.2267906814813614,-0.549224853515625,0.05412648245692253,1.726636290550232,-0.8407710194587708,1.010737657546997,-0.5559438467025757,-0.8196662068367004,0.9894011616706848,0.46421125531196594,-1.666420340538025,-1.205057978630066,0.842036247253418,0.9102725386619568,0.9807946681976318,-0.25184836983680725,-0.8808949589729309,1.3076092004776,1.0919910669326782,-0.5154023170471191
B,masked_6d,0,671,1,2,671_T1_P1_R2,24,5,0.11590520292520523,-0.3032762110233307,-0.07306674867868423,-1.7394917011260986,-0.037847816944122314,0.516872763633728,-0.05280511453747749,0.78322434425354,-1.6873098611831665,-0.9000045657157898,-0.02838258072733879,1.1468970775604248,0.21747131645679474,-0.5543910264968872,0.050525080412626266,1.7020469903945923,-0.821990966796875,0.9946373105049133,-0.548287570476532,-0.8058258891105652,0.9688256978988647,0.46327805519104004,-1.6579078435897827,-1.1786891222000122,0.843536376953125,0.8925269842147827,0.9603558778762817,-0.2582426965236664,-0.8559646606445312,1.286488652229309,1.0738930702209473,-0.4823679029941559,0.09618441015481949,-0.3097291886806488,-0.11321167647838593,-1.8100188970565796,-0.01251102052628994,0.5392383337020874,-0.04736236855387688,0.8036120533943176,-1.7161128520965576,-0.9143897891044617,-0.04112258553504944,1.1743098497390747,0.223676398396492,-0.5445539951324463,0.014680566266179085,1.7626625299453735,-0.8506655693054199,1.0190666913986206,-0.5515637993812561,-0.7974564433097839,1.0009944438934326,0.46443691849708557,-1.6703037023544312,-1.2085188627243042,0.8487725257873535,0.9247255325317383,0.9624443054199219,-0.25610363483428955,-0.8901742696762085,1.3236043453216553,1.11707603931427,-0.5100222826004028
B,masked_6d,0,671,2,1,671_T2_P1_R1,24,5,0.03943173959851265,-0.26122143864631653,-0.1090838685631752,-1.8162755966186523,0.029181981459259987,0.45996803045272827,-0.061063867062330246,0.7755439281463623,-1.6842622756958008,-0.928165078163147,-0.0012993864947929978,1.1537290811538696,0.21890470385551453,-0.52154141664505,0.027158889919519424,1.6922543048858643,-0.8312538862228394,1.0110807418823242,-0.5236117243766785,-0.8339605331420898,1.0424429178237915,0.4601105749607086,-1.6338789463043213,-1.2032694816589355,0.8454751968383789,0.9679881930351257,0.9178559184074402,-0.27475982904434204,-0.896435558795929,1.3379857540130615,1.1152629852294922,-0.4860929846763611,0.013565288856625557,-0.250193327665329,-0.08559243381023407,-1.8374242782592773,0.03985987976193428,0.44893550872802734,-0.07500587403774261,0.7995652556419373,-1.6856848001480103,-0.9280761480331421,0.0031928210519254208,1.1633131504058838,0.22540590167045593,-0.5343723893165588,0.008565756492316723,1.6879007816314697,-0.8426631689071655,1.034232497215271,-0.5355930328369141,-0.8389091491699219,1.065163493156433,0.4732500910758972,-1.6392818689346313,-1.2111451625823975,0.8391991853713989,0.9927941560745239,0.9219776391983032,-0.2759033143520355,-0.9299939274787903,1.3339117765426636,1.1466104984283447,-0.4983021318912506
B,masked_6d,0,671,2,2,671_T2_P1_R2,27,5,0.07385143637657166,-0.2765232026576996,-0.1416064351797104,-1.832942008972168,0.01130425650626421,0.47551432251930237,-0.07456223666667938,0.7632291913032532,-1.6944868564605713,-0.9334952235221863,-0.03678429126739502,1.1616003513336182,0.24317355453968048,-0.4985153079032898,-0.005862876772880554,1.7372344732284546,-0.8587567210197449,1.0063066482543945,-0.5369613766670227,-0.7940812706947327,0.9951350092887878,0.4090803265571594,-1.5866498947143555,-1.1587764024734497,0.8423978686332703,0.914697527885437,0.9341896176338196,-0.22909457981586456,-0.8709392547607422,1.3272302150726318,1.1299086809158325,-0.47058647871017456,0.04092353582382202,-0.2667323052883148,-0.1375497579574585,-1.890352487564087,0.05490947887301445,0.44575244188308716,-0.07646610587835312,0.7901815176010132,-1.7167930603027344,-0.9365177154541016,-0.017786234617233276,1.172086477279663,0.24618664383888245,-0.49775776267051697,-0.006442198064178228,1.729466438293457,-0.8839693069458008,1.0382940769195557,-0.5486775636672974,-0.8025849461555481,1.0552172660827637,0.4288099706172943,-1.600242257118225,-1.187258243560791,0.8350458145141602,0.9756905436515808,0.9282814264297485,-0.2477068156003952,-0.9260873794555664,1.3559798002243042,1.1729395389556885,-0.5009258985519409
B,masked_6d,0,671,3,1,671_T3_P1_R1,27,5,-0.032114677131175995,-0.26522892713546753,-0.12403981387615204,-1.807668924331665,-0.004945601336658001,0.47930365800857544,-0.08963976800441742,0.6919822096824646,-1.5949043035507202,-0.9396211504936218,0.0019217379158362746,1.0966424942016602,0.22463548183441162,-0.5022972822189331,0.018901560455560684,1.681639313697815,-0.8221076726913452,0.9826927185058594,-0.44873565435409546,-0.7560490369796753,1.0195448398590088,0.37468844652175903,-1.5464670658111572,-1.1389743089675903,0.8376834988594055,0.9033063054084778,0.880314826965332,-0.19774915277957916,-0.8675003051757812,1.2914283275604248,1.0925467014312744,-0.419009268283844,-0.09415001422166824,-0.260158509016037,-0.13018757104873657,-1.8321787118911743,0.01090959645807743,0.46625393629074097,-0.07015804946422577,0.6858270168304443,-1.5816242694854736,-0.9740707278251648,0.04009982943534851,1.1040678024291992,0.2284458875656128,-0.48549970984458923,0.0168453399091959,1.703160285949707,-0.8126598596572876,0.9767228364944458,-0.43032875657081604,-0.814087986946106,1.0524015426635742,0.3873301148414612,-1.5582520961761475,-1.1743261814117432,0.8680235147476196,0.9373390078544617,0.8692228198051453,-0.24136027693748474,-0.8736652135848999,1.337109923362732,1.0953328609466553,-0.42556318640708923
B,masked_6d,0,671,3,2,671_T3_P1_R2,28,5,-0.043856896460056305,-0.26307111978530884,-0.16312232613563538,-1.8265520334243774,-0.045715488493442535,0.5116263628005981,-0.11414812505245209,0.664821982383728,-1.5681793689727783,-0.9877214431762695,0.014509350061416626,1.1266120672225952,0.1941310316324234,-0.5105423331260681,0.014513182453811169,1.7689586877822876,-0.7937458753585815,0.9801235198974609,-0.42945152521133423,-0.7932858467102051,1.0104496479034424,0.37053146958351135,-1.5270121097564697,-1.1502482891082764,0.8967165946960449,0.8505200147628784,0.8721133470535278,-0.1804826557636261,-0.846745491027832,1.2853749990463257,1.0858491659164429,-0.38272625207901,-0.04303373396396637,-0.29269763827323914,-0.20818617939949036,-1.9012874364852905,-0.0036436927039176226,0.5336043834686279,-0.1103401929140091,0.7026512622833252,-1.6188907623291016,-1.0214564800262451,0.001527702435851097,1.1792221069335938,0.23602108657360077,-0.5037769079208374,-0.06254537403583527,1.8496402502059937,-0.8713157773017883,1.01630699634552,-0.4735001027584076,-0.7741918563842773,1.00617253780365,0.352324515581131,-1.5176650285720825,-1.138512372970581,0.8911510705947876,0.8577612638473511,0.9017888307571411,-0.1505328267812729,-0.8735737800598145,1.3061821460723877,1.16571044921875,-0.4155038297176361
B,masked_6d,0,790,1,1,790_T1_P1_R1,25,5,0.11673285812139511,-0.3092948794364929,-0.18638615310192108,-1.8348991870880127,-0.020809508860111237,0.5262227058410645,-0.06804581731557846,0.750948429107666,-1.7249664068222046,-0.9456820487976074,-0.034768182784318924,1.1752046346664429,0.22926637530326843,-0.5061484575271606,0.06640737503767014,1.7713896036148071,-0.8551797866821289,0.9963135719299316,-0.5368773937225342,-0.7686418294906616,0.9845073819160461,0.40451735258102417,-1.6085220575332642,-1.1670621633529663,0.8329395055770874,0.8738934397697449,0.9647881388664246,-0.20023378729820251,-0.855797290802002,1.3387178182601929,1.0882142782211304,-0.47196120023727417,0.13538984954357147,-0.3057328462600708,-0.21824422478675842,-1.8646621704101562,-0.027708500623703003,0.5345098972320557,-0.05677293986082077,0.7571619749069214,-1.7508058547973633,-0.942604660987854,-0.06371652334928513,1.1975769996643066,0.2397904098033905,-0.4788528382778168,0.06984732300043106,1.8001056909561157,-0.8493765592575073,0.9805518984794617,-0.5342979431152344,-0.7622588276863098,0.9904760122299194,0.3923667371273041,-1.6166694164276123,-1.1900253295898438,0.808064341545105,0.8604680299758911,0.9905319213867188,-0.20159085094928741,-0.8470953106880188,1.3680956363677979,1.0821948051452637,-0.47317713499069214
B,masked_6d,0,790,1,2,790_T1_P1_R2,26,5,0.08385662734508514,-0.30385029315948486,-0.16345421969890594,-1.8143421411514282,-0.008836409077048302,0.4877692759037018,-0.04451630637049675,0.7330341935157776,-1.694985032081604,-0.9260958433151245,-0.023162558674812317,1.1433956623077393,0.22692878544330597,-0.4864354133605957,0.11759774386882782,1.7086973190307617,-0.8225107192993164,0.9657226800918579,-0.5210195779800415,-0.7766692638397217,1.0031871795654297,0.4011774957180023,-1.5957328081130981,-1.1693307161331177,0.8314306139945984,0.8778589367866516,0.9565821886062622,-0.22684399783611298,-0.8568310737609863,1.335516333580017,1.0531680583953857,-0.46769338846206665,0.09588050842285156,-0.30604150891304016,-0.1810889095067978,-1.8882372379302979,0.0048101856373250484,0.45061612129211426,-0.049421221017837524,0.7535918354988098,-1.7364246845245361,-0.9179297685623169,-0.02731746807694435,1.1578266620635986,0.2542647421360016,-0.4574526846408844,0.12681952118873596,1.7148710489273071,-0.8534702062606812,0.9761372804641724,-0.5484702587127686,-0.7351101636886597,1.0435025691986084,0.39410051703453064,-1.5935505628585815,-1.175000786781311,0.7878670692443848,0.903617262840271,0.9955856204032898,-0.2297399789094925,-0.8882225751876831,1.368154764175415,1.0767428874969482,-0.49513569474220276
B,masked_6d,0,790,2,1,790_T2_P1_R1,25,5,0.15439949929714203,-0.30011218786239624,-0.15290561318397522,-1.8306394815444946,-0.018616732209920883,0.48047107458114624,-0.06631828844547272,0.7899821400642395,-1.7598726749420166,-0.9100519418716431,-0.059697914868593216,1.1796542406082153,0.2489253282546997,-0.4972764849662781,0.09680620580911636,1.726056694984436,-0.8567637205123901,0.9976063966751099,-0.5728152394294739,-0.7619627118110657,0.9843521118164062,0.40180930495262146,-1.6083106994628906,-1.15828537940979,0.8056365251541138,0.8800092935562134,0.9931026697158813,-0.2056959569454193,-0.8696586489677429,1.3252924680709839,1.0923631191253662,-0.5020607709884644,0.15950042009353638,-0.29263418912887573,-0.14958307147026062,-1.8505462408065796,-0.01647736132144928,0.4572015106678009,-0.06540395319461823,0.8116047978401184,-1.7882769107818604,-0.9051547050476074,-0.07675763964653015,1.19089674949646,0.27137136459350586,-0.4794018268585205,0.10514916479587555,1.721492052078247,-0.8644821643829346,0.9917199611663818,-0.5769787430763245,-0.7569957971572876,1.0002124309539795,0.38844001293182373,-1.6098390817642212,-1.1614402532577515,0.7796168923377991,0.8864319920539856,1.016852855682373,-0.2079257071018219,-0.8790096044540405,1.343030333518982,1.0987187623977661,-0.5166712999343872
B,masked_6d,0,790,2,2,790_T2_P1_R2,26,5,0.15491218864917755,-0.30469170212745667,-0.161407008767128,-1.8142852783203125,-0.02239115908741951,0.4890355169773102,-0.06934453547000885,0.7691065073013306,-1.744362235069275,-0.9303224682807922,-0.053336530923843384,1.1873384714126587,0.23971953988075256,-0.5059226155281067,0.10550413280725479,1.7284138202667236,-0.8501536250114441,0.9867035746574402,-0.5644258260726929,-0.7631222605705261,0.9701120257377625,0.38918066024780273,-1.594843864440918,-1.140686273574829,0.8145644068717957,0.8586674928665161,0.9840879440307617,-0.19371072947978973,-0.8512299656867981,1.316770315170288,1.0753848552703857,-0.48118534684181213,0.16918310523033142,-0.3026241362094879,-0.15477529168128967,-1.798103928565979,-0.034469008445739746,0.5013378858566284,-0.07771243900060654,0.8006006479263306,-1.7871347665786743,-0.9554849863052368,-0.07244989275932312,1.2169851064682007,0.2510955035686493,-0.505710780620575,0.1079474538564682,1.753298044204712,-0.8511625528335571,0.9853830337524414,-0.5597703456878662,-0.7837400436401367,0.9647390246391296,0.39095157384872437,-1.6161606311798096,-1.1508584022521973,0.8032659292221069,0.8484457731246948,1.0120344161987305,-0.1939842700958252,-0.8395758867263794,1.32733154296875,1.0662586688995361,-0.48987746238708496
B,masked_6d,0,790,3,1,790_T3_P1_R1,27,5,0.15237873792648315,-0.31446021795272827,-0.1581348478794098,-1.8191922903060913,-0.032781410962343216,0.5247554183006287,-0.05321141332387924,0.7704392671585083,-1.7148048877716064,-0.915998101234436,-0.052414171397686005,1.1805791854858398,0.21864524483680725,-0.5214924216270447,0.053911130875349045,1.7772529125213623,-0.8411070704460144,0.9977213144302368,-0.552128255367279,-0.7864078283309937,0.9669221639633179,0.4160619378089905,-1.6297426223754883,-1.1794817447662354,0.8604351878166199,0.8688217997550964,0.9579657316207886,-0.21882939338684082,-0.8539525866508484,1.319427728652954,1.089249849319458,-0.48242610692977905,0.15899665653705597,-0.3055131137371063,-0.13973622024059296,-1.8411118984222412,-0.008973794057965279,0.49293845891952515,-0.06168995052576065,0.8267713785171509,-1.7621772289276123,-0.9148796200752258,-0.0641612559556961,1.2112957239151,0.23936688899993896,-0.5222764611244202,0.05248285084962845,1.7710514068603516,-0.8623671531677246,1.0177874565124512,-0.5750643014907837,-0.800895094871521,0.9932687878608704,0.4314578175544739,-1.646606206893921,-1.193678617477417,0.8322523832321167,0.8998711705207825,0.9791067242622375,-0.22152681648731232,-0.8832540512084961,1.327616810798645,1.1146190166473389,-0.5150905847549438
B,masked_6d,0,790,3,2,790_T3_P1_R2,25,5,0.1500432789325714,-0.32342445850372314,-0.1966647058725357,-1.8259484767913818,-0.04343363642692566,0.5346373319625854,-0.04530319944024086,0.7234231233596802,-1.6899230480194092,-0.9065346717834473,-0.060204435139894485,1.1595338582992554,0.21168652176856995,-0.5067366361618042,0.0808529481291771,1.7658302783966064,-0.837845504283905,0.9852069616317749,-0.5423551797866821,-0.7433686852455139,0.9493750333786011,0.38004070520401,-1.5794888734817505,-1.1468360424041748,0.8704696893692017,0.8383874893188477,0.9356802701950073,-0.17526429891586304,-0.8500281572341919,1.2974722385406494,1.0758439302444458,-0.4605258107185364,0.21511578559875488,-0.3740752637386322,-0.2670220732688904,-1.9122440814971924,-0.04724835231900215,0.5706371068954468,-0.028795991092920303,0.7221919298171997,-1.727590560913086,-0.8745105862617493,-0.12952382862567902,1.1724940538406372,0.2508050203323364,-0.4610404074192047,0.052198659628629684,1.8373186588287354,-0.9055230021476746,1.0047762393951416,-0.5902620553970337,-0.6393519639968872,0.8860562443733215,0.2938064634799957,-1.5125210285186768,-1.0972152948379517,0.8901103734970093,0.7804922461509705,0.9509439468383789,-0.08699832856655121,-0.8699049949645996,1.2888662815093994,1.1166398525238037,-0.48858970403671265
B,masked_6d,1,252,1,1,252_T1_P1_R1,23,5,-0.30216890573501587,0.032583706080913544,-0.493665874004364,-0.6358558535575867,1.160240888595581,-2.064405918121338,-0.987194836139679,0.5152066349983215,1.125617265701294,-1.5179471969604492,0.06141014024615288,0.2945087254047394,1.4582589864730835,-0.14495892822742462,0.695773184299469,-0.4178895950317383,1.2101538181304932,0.4637742042541504,-0.32794350385665894,-0.1250884085893631,-0.16023948788642883,0.15781977772712708,0.6688686013221741,-0.5938938856124878,-0.33390897512435913,-1.6858164072036743,-0.982479453086853,1.0853017568588257,0.46211498975753784,-0.5083567500114441,0.3642072081565857,1.5488032102584839,-0.341562956571579,0.010850774124264717,-0.4543369710445404,-0.6706230044364929,1.1686557531356812,-2.0853476524353027,-1.0227766036987305,0.6033352017402649,1.106534719467163,-1.5852844715118408,0.06633235514163971,0.28251612186431885,1.4836583137512207,-0.16143225133419037,0.7302971482276917,-0.4226718544960022,1.261889934539795,0.4479745924472809,-0.3167421221733093,-0.14501158893108368,-0.15862531960010529,0.12793481349945068,0.7256150245666504,-0.5309027433395386,-0.3478989005088806,-1.7370332479476929,-0.9548784494400024,1.0619134902954102,0.46631115674972534,-0.49602288007736206,0.3550669550895691,1.5574899911880493
B,masked_6d,1,252,1,2,252_T1_P1_R2,25,5,-0.2982480525970459,0.023192517459392548,-0.5060936212539673,-0.6126641035079956,1.1611992120742798,-2.0639140605926514,-0.9912652969360352,0.46399617195129395,1.1721123456954956,-1.498056173324585,0.08580229431390762,0.2998831570148468,1.4490666389465332,-0.1690947562456131,0.688633143901825,-0.3753572404384613,1.2248529195785522,0.47434544563293457,-0.31993791460990906,-0.14544568955898285,-0.20984363555908203,0.16430455446243286,0.6740776300430298,-0.6256405711174011,-0.31226202845573425,-1.6669899225234985,-1.0026400089263916,1.1025298833847046,0.42942294478416443,-0.5134496092796326,0.3662058115005493,1.550093173980713,-0.3172726333141327,0.01731242798268795,-0.5209808349609375,-0.6061838269233704,1.1716749668121338,-2.086900472640991,-1.0196740627288818,0.4862881600856781,1.1917634010314941,-1.5377333164215088,0.0842994824051857,0.292520672082901,1.4918805360794067,-0.1629153937101364,0.7059326171875,-0.3714917302131653,1.2489920854568481,0.4806836247444153,-0.3214181065559387,-0.15300026535987854,-0.2217315435409546,0.1775100976228714,0.6902669072151184,-0.6176992058753967,-0.3186635375022888,-1.6896207332611084,-1.0166332721710205,1.1137239933013916,0.4159128665924072,-0.5221680402755737,0.36079859733581543,1.5717755556106567
B,masked_6d,1,252,2,1,252_T2_P1_R1,25,5,-0.28748616576194763,0.038235198706388474,-0.5028833746910095,-0.6555098295211792,1.1557667255401611,-2.0673346519470215,-0.9994041323661804,0.5264068245887756,1.0952683687210083,-1.5084912776947021,0.04973098635673523,0.28059569001197815,1.443300485610962,-0.13395372033119202,0.6947368383407593,-0.4381446838378906,1.2013179063796997,0.47298726439476013,-0.3283068537712097,-0.08805809915065765,-0.14068563282489777,0.1771097332239151,0.6584160923957825,-0.5597464442253113,-0.3666267991065979,-1.6945005655288696,-0.9561874270439148,1.0712378025054932,0.4745573103427887,-0.4992332458496094,0.3750336468219757,1.5351951122283936,-0.3180510699748993,0.025850627571344376,-0.5023396015167236,-0.6775687336921692,1.1794461011886597,-2.127901315689087,-1.0336304903030396,0.5474475026130676,1.1440716981887817,-1.5670005083084106,0.07491648942232132,0.283113956451416,1.4965736865997314,-0.21388141810894012,0.7086378335952759,-0.45323601365089417,1.2657253742218018,0.46904659271240234,-0.32554036378860474,-0.1278558373451233,-0.1782265156507492,0.15392842888832092,0.7049151659011841,-0.5313926339149475,-0.33895495533943176,-1.7450405359268188,-0.9851779937744141,1.0928857326507568,0.5076290965080261,-0.507818341255188,0.4205787777900696,1.5817828178405762
B,masked_6d,1,252,2,2,252_T2_P1_R2,25,5,-0.2974056303501129,0.017742637544870377,-0.5079111456871033,-0.6316290497779846,1.1469917297363281,-2.052250862121582,-0.9905300140380859,0.4823557734489441,1.1348130702972412,-1.472245454788208,0.08631990849971771,0.2936207354068756,1.4295819997787476,-0.20462937653064728,0.6799073219299316,-0.4004572927951813,1.2077925205230713,0.4725361764431,-0.31651902198791504,-0.11550506204366684,-0.17959029972553253,0.16036920249462128,0.6776679754257202,-0.5673226118087769,-0.3460184633731842,-1.6604979038238525,-0.9684854745864868,1.0757086277008057,0.4646671414375305,-0.5063787698745728,0.38039225339889526,1.5272514820098877,-0.3310856819152832,-0.002293339464813471,-0.5033785104751587,-0.6724858283996582,1.1681145429611206,-2.123296022415161,-1.0417461395263672,0.5356293320655823,1.1598076820373535,-1.542716383934021,0.1113782674074173,0.28475624322891235,1.4881844520568848,-0.29269155859947205,0.6971137523651123,-0.43161073327064514,1.2776129245758057,0.4659667909145355,-0.3210030496120453,-0.13998453319072723,-0.20069453120231628,0.14739634096622467,0.7358229160308838,-0.4907156229019165,-0.3407720625400543,-1.7257744073867798,-0.9825961589813232,1.078993797302246,0.5050797462463379,-0.5084332227706909,0.44291287660598755,1.5740928649902344
B,masked_6d,1,252,3,1,252_T3_P1_R1,25,5,-0.2620273530483246,0.030701836571097374,-0.4690421521663666,-0.6098132729530334,1.0916675329208374,-1.9866081476211548,-0.9886308908462524,0.5800068974494934,1.0593938827514648,-1.4582552909851074,0.031777460128068924,0.28551843762397766,1.4226114749908447,-0.15584847331047058,0.6816185116767883,-0.4082266390323639,1.159224271774292,0.4449428617954254,-0.3313315510749817,-0.08923237025737762,-0.13661043345928192,0.1673436164855957,0.6423870921134949,-0.5010162591934204,-0.3186911940574646,-1.642359733581543,-0.9050229787826538,0.9843536615371704,0.41786450147628784,-0.47592806816101074,0.309927761554718,1.4586098194122314,-0.2679540514945984,0.05291340500116348,-0.479308545589447,-0.6345323324203491,1.1266844272613525,-2.0222246646881104,-1.0047919750213623,0.6132082343101501,1.0453355312347412,-1.519094705581665,0.009530259296298027,0.27884867787361145,1.446635365486145,-0.070757195353508,0.7104907035827637,-0.43232202529907227,1.1817095279693604,0.4562903940677643,-0.33849021792411804,-0.07781220227479935,-0.11019203811883926,0.18387290835380554,0.6460883021354675,-0.5294322967529297,-0.3631764054298401,-1.6876943111419678,-0.9263836741447449,1.0168392658233643,0.40521034598350525,-0.47236838936805725,0.30652421712875366,1.48453688621521
B,masked_6d,1,252,3,2,252_T3_P1_R2,24,5,-0.2294900119304657,0.047456927597522736,-0.521403968334198,-0.586407482624054,1.072156548500061,-1.9879049062728882,-1.0076172351837158,0.5246158838272095,1.059994101524353,-1.404165506362915,0.034379906952381134,0.2854924201965332,1.4228112697601318,-0.1653336137533188,0.6423152089118958,-0.39943641424179077,1.1339576244354248,0.45876607298851013,-0.33782991766929626,-0.0716051310300827,-0.16075225174427032,0.21203239262104034,0.6086930632591248,-0.48219171166419983,-0.306999534368515,-1.6120506525039673,-0.9090873599052429,0.9937993884086609,0.4117681384086609,-0.48350557684898376,0.35260897874832153,1.433546781539917,-0.2068777084350586,0.08027394115924835,-0.5441457033157349,-0.5432859063148499,1.0537161827087402,-1.9763262271881104,-1.007094144821167,0.4892463684082031,1.0870261192321777,-1.3938400745391846,0.023191168904304504,0.3007251024246216,1.4356071949005127,-0.14332446455955505,0.6265552639961243,-0.3673403859138489,1.1343114376068115,0.4589598774909973,-0.3399852216243744,-0.09143653512001038,-0.2137136459350586,0.23349890112876892,0.5840643048286438,-0.5168111324310303,-0.2554989457130432,-1.5889469385147095,-0.9494365453720093,1.008710265159607,0.3640262484550476,-0.49812039732933044,0.37079641222953796,1.4134191274642944
B,masked_6d,1,651,1,1,651_T1_P1_R1,24,5,-0.3306531012058258,0.028302138671278954,-0.5037084817886353,-0.681821346282959,1.1908515691757202,-2.1096434593200684,-1.0118560791015625,0.525711178779602,1.1177524328231812,-1.5513191223144531,0.07711979001760483,0.2890241742134094,1.4560067653656006,-0.15455362200737,0.7197578549385071,-0.430361807346344,1.261488437652588,0.4748932719230652,-0.3103402853012085,-0.12291685491800308,-0.1605992317199707,0.14273735880851746,0.7109770774841309,-0.5677918195724487,-0.3891790807247162,-1.7347233295440674,-0.9809768795967102,1.114490270614624,0.484081506729126,-0.505414605140686,0.40290895104408264,1.5697495937347412,-0.3320016860961914,0.05581740662455559,-0.5096235871315002,-0.6995004415512085,1.2166550159454346,-2.153345823287964,-1.0205250978469849,0.554329514503479,1.119316577911377,-1.6115115880966187,0.05550131946802139,0.2956588864326477,1.4967477321624756,-0.10943319648504257,0.7317570447921753,-0.4571375846862793,1.2815165519714355,0.4726947844028473,-0.3170092701911926,-0.12141314893960953,-0.14811572432518005,0.14591971039772034,0.7046905755996704,-0.5918630361557007,-0.3855264484882355,-1.7846429347991943,-1.014100432395935,1.1436941623687744,0.48320260643959045,-0.5133103132247925,0.4231112003326416,1.609423279762268
B,masked_6d,1,651,1,2,651_T1_P1_R2,24,5,-0.34801822900772095,0.014913896098732948,-0.4594997763633728,-0.6798220872879028,1.191884994506836,-2.0743207931518555,-0.9911781549453735,0.5547696948051453,1.1031994819641113,-1.5667823553085327,0.0733819454908371,0.29061460494995117,1.4297564029693604,-0.11200396716594696,0.7433568239212036,-0.40909498929977417,1.2593038082122803,0.4725326597690582,-0.3004315495491028,-0.1280161440372467,-0.13755451142787933,0.11353479325771332,0.7265371084213257,-0.6015306711196899,-0.406877338886261,-1.7294445037841797,-0.9621451497077942,1.099185585975647,0.4563009738922119,-0.4958518445491791,0.33805185556411743,1.5548824071884155,-0.35835137963294983,0.022925090044736862,-0.41859930753707886,-0.698434591293335,1.192797064781189,-2.079493522644043,-0.9982703924179077,0.6490434408187866,1.0757611989974976,-1.6426951885223389,0.045521970838308334,0.28696104884147644,1.4607634544372559,-0.0757748931646347,0.7697035670280457,-0.433283269405365,1.2740352153778076,0.45051178336143494,-0.30658817291259766,-0.12791194021701813,-0.10771314054727554,0.09241005033254623,0.7346789836883545,-0.5868868827819824,-0.3882218301296234,-1.7699992656707764,-0.9583581686019897,1.0755444765090942,0.45083197951316833,-0.4854251742362976,0.3168888986110687,1.5625474452972412
B,masked_6d,1,651,2,1,651_T2_P1_R1,25,5,-0.3332292437553406,0.008328194729983807,-0.4719551205635071,-0.6467351913452148,1.156921625137329,-2.0642597675323486,-1.000463843345642,0.5501300692558289,1.1152013540267944,-1.547667145729065,0.07782933861017227,0.29244479537010193,1.4516682624816895,-0.16338948905467987,0.7234064936637878,-0.4018915295600891,1.2434784173965454,0.455578088760376,-0.3107212781906128,-0.1463724672794342,-0.16973301768302917,0.1251715123653412,0.7147603034973145,-0.550051212310791,-0.3353285789489746,-1.7043756246566772,-0.9750984907150269,1.080844521522522,0.44811946153640747,-0.4968716502189636,0.36581555008888245,1.5314558744430542,-0.3411310315132141,-0.00438458239659667,-0.46834173798561096,-0.6669130325317383,1.1798927783966064,-2.09265398979187,-1.0108373165130615,0.5239731073379517,1.1595357656478882,-1.55391526222229,0.1116560846567154,0.29652637243270874,1.4397633075714111,-0.20599806308746338,0.7282620668411255,-0.3859303593635559,1.2821052074432373,0.4687734544277191,-0.3007311224937439,-0.15875670313835144,-0.20241539180278778,0.11595848947763443,0.7437645792961121,-0.5691003799438477,-0.34018850326538086,-1.7249820232391357,-0.9952149391174316,1.1013374328613281,0.4384996294975281,-0.498279869556427,0.38888058066368103,1.5598676204681396
B,masked_6d,1,651,2,2,651_T2_P1_R2,26,5,-0.32179608941078186,0.013644730672240257,-0.4873464107513428,-0.643856406211853,1.1523116827011108,-2.068877696990967,-1.014290690422058,0.5552335381507874,1.1015936136245728,-1.5389416217803955,0.06888238340616226,0.28635841608047485,1.4640905857086182,-0.15771523118019104,0.714279055595398,-0.41048240661621094,1.2339032888412476,0.4588693082332611,-0.32097238302230835,-0.13701537251472473,-0.17005184292793274,0.1465088576078415,0.7068585157394409,-0.5330525636672974,-0.3346651494503021,-1.7023932933807373,-0.9674707651138306,1.0729830265045166,0.4491642117500305,-0.4959849417209625,0.3771793246269226,1.527454137802124,-0.3338973820209503,0.023107189685106277,-0.4808497428894043,-0.6622129678726196,1.1884751319885254,-2.1115224361419678,-1.022801160812378,0.5739328265190125,1.1336790323257446,-1.608049988746643,0.06625659018754959,0.2931991219520569,1.4965604543685913,-0.12593410909175873,0.7411197423934937,-0.4204176962375641,1.273694396018982,0.4638967514038086,-0.3225431442260742,-0.14816558361053467,-0.16944095492362976,0.14020510017871857,0.7230055928230286,-0.5873855352401733,-0.3410760760307312,-1.7519786357879639,-1.0122511386871338,1.109432339668274,0.43625468015670776,-0.5019280314445496,0.3752826750278473,1.5845669507980347
B,masked_6d,1,651,3,1,651_T3_P1_R1,24,5,-0.31723302602767944,0.014468771405518055,-0.49467429518699646,-0.6800975799560547,1.1785972118377686,-2.0835278034210205,-1.0037318468093872,0.5062206983566284,1.118658185005188,-1.5203276872634888,0.0887221246957779,0.2909858524799347,1.4247026443481445,-0.16905304789543152,0.7066841721534729,-0.4183117747306824,1.242784857749939,0.47263211011886597,-0.3127228915691376,-0.11805610358715057,-0.15723004937171936,0.14706452190876007,0.6993594169616699,-0.5778125524520874,-0.3848448693752289,-1.7068744897842407,-0.9754034876823425,1.1029788255691528,0.4776191711425781,-0.5007240176200867,0.3990077078342438,1.570726990699768,-0.3172801434993744,0.01733141392469406,-0.5065519213676453,-0.7002646327018738,1.196319818496704,-2.1163744926452637,-1.0170049667358398,0.504156768321991,1.1315932273864746,-1.530822992324829,0.0980745330452919,0.2925620377063751,1.4338066577911377,-0.1898632049560547,0.7057431936264038,-0.4301837980747223,1.2620768547058105,0.48110145330429077,-0.31342339515686035,-0.11652854830026627,-0.16038993000984192,0.15030783414840698,0.7097353339195251,-0.5774756669998169,-0.40044331550598145,-1.7312157154083252,-0.9818790555000305,1.1196467876434326,0.49154558777809143,-0.5024870038032532,0.4223566949367523,1.5950071811676025
B,masked_6d,1,651,3,2,651_T3_P1_R2,24,5,-0.3133614659309387,0.02861463651061058,-0.5004315376281738,-0.6655576825141907,1.179773211479187,-2.082740306854248,-0.9966882467269897,0.5009655952453613,1.1266164779663086,-1.527045488357544,0.08076785504817963,0.29647696018218994,1.4318358898162842,-0.1446305513381958,0.7073467373847961,-0.41414445638656616,1.2369349002838135,0.4718192219734192,-0.3132665753364563,-0.11864914000034332,-0.15971995890140533,0.14810988306999207,0.6859555244445801,-0.6052852272987366,-0.3704228103160858,-1.7040408849716187,-0.9897128343582153,1.1108644008636475,0.4691142141819,-0.5066124200820923,0.3867330849170685,1.5704618692398071,-0.3272194564342499,0.020627016201615334,-0.4917372167110443,-0.6665172576904297,1.1860939264297485,-2.0863418579101562,-1.0052216053009033,0.4946373999118805,1.1472711563110352,-1.5363290309906006,0.10050565004348755,0.30157381296157837,1.4235174655914307,-0.16778776049613953,0.7176918983459473,-0.3909369111061096,1.2668139934539795,0.47504645586013794,-0.2982131838798523,-0.13756658136844635,-0.1861993372440338,0.1342701017856598,0.7074941396713257,-0.6066190600395203,-0.37048470973968506,-1.7105395793914795,-0.990329384803772,1.1165977716445923,0.4522720277309418,-0.5053963661193848,0.38476648926734924,1.5659469366073608
B,masked_6d,1,671,1,1,671_T1_P1_R1,26,5,-0.3266553580760956,-0.004291784018278122,-0.5022603273391724,-0.6751279830932617,1.1744906902313232,-2.071476697921753,-1.0097063779830933,0.4943908751010895,1.107143759727478,-1.4902254343032837,0.10121271759271622,0.2834063172340393,1.4040448665618896,-0.17988184094429016,0.7080795168876648,-0.397634357213974,1.2444782257080078,0.4803547263145447,-0.3016189634799957,-0.1143348440527916,-0.1560569554567337,0.14923973381519318,0.7166277170181274,-0.5575940608978271,-0.4240488111972809,-1.692814588546753,-0.9385846257209778,1.0920106172561646,0.4830869734287262,-0.4973587989807129,0.3731033504009247,1.5455691814422607,-0.32914793491363525,0.00884163286536932,-0.5050202012062073,-0.7055005431175232,1.2004731893539429,-2.1240787506103516,-1.0331991910934448,0.51417076587677,1.1154645681381226,-1.5302963256835938,0.10140501707792282,0.28647372126579285,1.4333277940750122,-0.186080202460289,0.7156903743743896,-0.42611756920814514,1.2724636793136597,0.4866492450237274,-0.30968934297561646,-0.11280933022499084,-0.15578819811344147,0.154184952378273,0.7290664315223694,-0.5513569712638855,-0.4298553764820099,-1.742440104484558,-0.9560635089874268,1.1110420227050781,0.4931182861328125,-0.5001548528671265,0.411904901266098,1.5812171697616577
B,masked_6d,1,671,1,2,671_T1_P1_R2,24,5,-0.32462024688720703,-0.007151985075324774,-0.4900248646736145,-0.6569523215293884,1.1565334796905518,-2.039217948913574,-0.9917100667953491,0.4900889992713928,1.1043771505355835,-1.4655324220657349,0.10533473640680313,0.2868349254131317,1.3929932117462158,-0.20025034248828888,0.6960829496383667,-0.3858892023563385,1.2274339199066162,0.4704510569572449,-0.29854464530944824,-0.12233731895685196,-0.16004586219787598,0.13672330975532532,0.7108019590377808,-0.556647002696991,-0.4060768187046051,-1.6636011600494385,-0.9284038543701172,1.0749319791793823,0.4777107238769531,-0.4917142987251282,0.35588204860687256,1.5212256908416748,-0.34217625856399536,-0.002097123535349965,-0.45290645956993103,-0.6958717107772827,1.1781233549118042,-2.079987049102783,-1.0206031799316406,0.5619108080863953,1.1082136631011963,-1.5521466732025146,0.09997262060642242,0.28507688641548157,1.4375324249267578,-0.2003629505634308,0.7234857678413391,-0.42026907205581665,1.2697374820709229,0.45796123147010803,-0.30440112948417664,-0.13326744735240936,-0.15447959303855896,0.12470857053995132,0.7424805164337158,-0.5418267250061035,-0.3996904790401459,-1.7232917547225952,-0.9453751444816589,1.0723111629486084,0.47402724623680115,-0.4824286997318268,0.3725920021533966,1.5649057626724243
B,masked_6d,1,671,2,1,671_T2_P1_R1,24,5,-0.36556974053382874,0.011778954416513443,-0.45190587639808655,-0.625112771987915,1.1712576150894165,-2.046745777130127,-0.9705057144165039,0.5304282307624817,1.1468307971954346,-1.5715569257736206,0.08592356741428375,0.3115095794200897,1.4396960735321045,-0.11809571087360382,0.7476032376289368,-0.3539639115333557,1.25827956199646,0.45664215087890625,-0.2988120913505554,-0.18282492458820343,-0.1888222098350525,0.09209752827882767,0.7292593717575073,-0.63569176197052,-0.3330487310886383,-1.694706678390503,-1.0056345462799072,1.1070938110351562,0.4164455533027649,-0.5098457932472229,0.32740551233291626,1.5394320487976074,-0.3934805691242218,-0.003860608208924532,-0.4488334655761719,-0.6437979936599731,1.1932591199874878,-2.0707499980926514,-0.9804742932319641,0.5280066728591919,1.1669154167175293,-1.6061919927597046,0.09892281889915466,0.3072171211242676,1.4404873847961426,-0.12161010503768921,0.7737814784049988,-0.3465437889099121,1.3013451099395752,0.46641644835472107,-0.28457945585250854,-0.1931893527507782,-0.19194413721561432,0.07783757895231247,0.7586574554443359,-0.634840726852417,-0.3594387173652649,-1.7236583232879639,-1.0181840658187866,1.1290967464447021,0.4161548614501953,-0.516722559928894,0.32995355129241943,1.56553053855896
B,masked_6d,1,671,2,2,671_T2_P1_R2,27,5,-0.37148845195770264,0.006154149770736694,-0.42203912138938904,-0.6154847145080566,1.1537094116210938,-2.0048251152038574,-0.957572340965271,0.5772668123245239,1.111295461654663,-1.581986665725708,0.06678003817796707,0.30774956941604614,1.4265971183776855,-0.08556203544139862,0.7635065913200378,-0.3526802062988281,1.2498400211334229,0.44406118988990784,-0.29419246315956116,-0.17757496237754822,-0.15985353291034698,0.0756029412150383,0.7254766225814819,-0.6215649247169495,-0.3387754261493683,-1.6867866516113281,-0.9770693778991699,1.0733245611190796,0.39714324474334717,-0.4974801540374756,0.28118830919265747,1.506986379623413,-0.39759930968284607,-0.0033462163992226124,-0.4011947214603424,-0.6359933614730835,1.1748921871185303,-2.0349788665771484,-0.9693891406059265,0.5892083644866943,1.1395732164382935,-1.6288776397705078,0.08584558963775635,0.3127569258213043,1.4437352418899536,-0.10568858683109283,0.7818986177444458,-0.3445899486541748,1.2990204095840454,0.4392429292201996,-0.2810916006565094,-0.21432682871818542,-0.18670567870140076,0.0463571771979332,0.7606194615364075,-0.6249725222587585,-0.32937926054000854,-1.7222347259521484,-0.9918119311332703,1.0951398611068726,0.3976723551750183,-0.49702706933021545,0.29424604773521423,1.5296401977539062
B,masked_6d,1,671,3,1,671_T3_P1_R1,27,5,-0.3095487058162689,-0.008622224442660809,-0.4630766808986664,-0.547865629196167,1.0763252973556519,-1.951597809791565,-0.9554204940795898,0.5003812909126282,1.147278070449829,-1.437612533569336,0.10259442031383514,0.307468980550766,1.4040290117263794,-0.26714998483657837,0.6736628413200378,-0.32796889543533325,1.1785701513290405,0.4324275851249695,-0.3040410578250885,-0.17081008851528168,-0.2289491593837738,0.11607805639505386,0.6694925427436829,-0.5348467826843262,-0.2374555766582489,-1.5714447498321533,-0.9499483108520508,0.9959856271743774,0.4276784360408783,-0.5066696405410767,0.31063276529312134,1.4549155235290527,-0.30558472871780396,0.003898856695741415,-0.48961764574050903,-0.5596994757652283,1.1046663522720337,-1.9775924682617188,-0.9520003199577332,0.42895540595054626,1.1654926538467407,-1.3995164632797241,0.12572070956230164,0.32373303174972534,1.3846008777618408,-0.2759186625480652,0.6531485319137573,-0.3248017728328705,1.1755520105361938,0.45839524269104004,-0.29622548818588257,-0.16433365643024445,-0.23460344970226288,0.12551306188106537,0.6693915128707886,-0.5834883451461792,-0.2658301889896393,-1.5665786266326904,-0.9764175415039062,1.0486221313476562,0.4171378016471863,-0.5131237506866455,0.3435364067554474,1.4770383834838867
B,masked_6d,1,671,3,2,671_T3_P1_R2,28,5,-0.2759445309638977,0.02470344677567482,-0.5516360402107239,-0.5246216058731079,1.0956535339355469,-1.9876339435577393,-0.9776784181594849,0.44576501846313477,1.171949863433838,-1.4235783815383911,0.0913739874958992,0.31820327043533325,1.4062212705612183,-0.18410712480545044,0.670508861541748,-0.3043883144855499,1.184730887413025,0.4615529477596283,-0.32427892088890076,-0.15532012283802032,-0.2517485022544861,0.17887821793556213,0.6298960447311401,-0.5986512303352356,-0.2444366216659546,-1.5787360668182373,-1.000862717628479,1.0520331859588623,0.3838041424751282,-0.5219038128852844,0.332474023103714,1.4772143363952637,-0.29576435685157776,0.034817811101675034,-0.5373383164405823,-0.557458758354187,1.1357543468475342,-2.0384299755096436,-0.986699104309082,0.4676179885864258,1.1921439170837402,-1.4931700229644775,0.09073511511087418,0.32698431611061096,1.433421015739441,-0.16992229223251343,0.6998377442359924,-0.32944029569625854,1.233099341392517,0.4665195941925049,-0.32318928837776184,-0.16620305180549622,-0.24716880917549133,0.15955549478530884,0.6509604454040527,-0.6312537789344788,-0.2610049247741699,-1.6323028802871704,-1.0310708284378052,1.092753291130066,0.39094606041908264,-0.5288066864013672,0.34983161091804504,1.5225950479507446
B,masked_6d,1,790,1,1,790_T1_P1_R1,25,5,-0.32808536291122437,0.0013404607307165861,-0.4599379003047943,-0.6400786638259888,1.1683433055877686,-2.0689072608947754,-0.9926616549491882,0.5451449751853943,1.14961576461792,-1.5557447671890259,0.08608898520469666,0.29633116722106934,1.4563239812850952,-0.17637529969215393,0.7237240076065063,-0.39284539222717285,1.2542564868927002,0.4613523483276367,-0.3182353377342224,-0.15198558568954468,-0.1738508939743042,0.12233299016952515,0.7117287516593933,-0.5990917086601257,-0.329602986574173,-1.7048180103302002,-0.9835963249206543,1.0764378309249878,0.4537947177886963,-0.5011004209518433,0.3412558436393738,1.5497461557388306,-0.33711498975753784,-0.0027115889824926853,-0.47201505303382874,-0.6316399574279785,1.1864631175994873,-2.1040682792663574,-1.0150067806243896,0.5365476608276367,1.2019267082214355,-1.5877974033355713,0.10252493619918823,0.2967303395271301,1.4832185506820679,-0.20276951789855957,0.736193060874939,-0.3770602345466614,1.29451322555542,0.47511982917785645,-0.3133229613304138,-0.17133767902851105,-0.20914360880851746,0.11895652115345001,0.7278686761856079,-0.6130298972129822,-0.30915236473083496,-1.7267926931381226,-1.0099170207977295,1.0970600843429565,0.4448903203010559,-0.5121529698371887,0.3414577841758728,1.568923830986023
B,masked_6d,1,790,1,2,790_T1_P1_R2,26,5,-0.3114152252674103,-0.007797459606081247,-0.48245978355407715,-0.618146538734436,1.1489150524139404,-2.0482773780822754,-0.9929540753364563,0.4940664768218994,1.1591169834136963,-1.4813191890716553,0.10495582967996597,0.29780736565589905,1.4317867755889893,-0.2280486524105072,0.6916980743408203,-0.3702309727668762,1.2334619760513306,0.47023987770080566,-0.31211310625076294,-0.15411809086799622,-0.21015670895576477,0.1316165030002594,0.7001787424087524,-0.5749821662902832,-0.31181415915489197,-1.662221908569336,-0.9685961008071899,1.0639564990997314,0.45236387848854065,-0.504744291305542,0.35684236884117126,1.5226901769638062,-0.32223349809646606,-0.041010428220033646,-0.41998225450515747,-0.6432958841323853,1.1306507587432861,-2.076521873474121,-1.029135823249817,0.5546119809150696,1.2119659185409546,-1.5238308906555176,0.15548263490200043,0.2881757616996765,1.462145209312439,-0.40233999490737915,0.6867998242378235,-0.3730255961418152,1.2882301807403564,0.44763246178627014,-0.3189263641834259,-0.19818231463432312,-0.2823032736778259,0.09649665653705597,0.7583039402961731,-0.4863370954990387,-0.22069911658763885,-1.6833442449569702,-0.9673913717269897,1.0017532110214233,0.4795636236667633,-0.48644527792930603,0.4151504635810852,1.5229988098144531
B,masked_6d,1,790,2,1,790_T2_P1_R1,25,5,-0.3469060957431793,-0.009881087578833103,-0.4304425120353699,-0.662661612033844,1.1583489179611206,-2.0617623329162598,-1.003421664237976,0.593550980091095,1.12948739528656,-1.5775362253189087,0.09004782140254974,0.2859962582588196,1.4528275728225708,-0.20106522738933563,0.7385275959968567,-0.3989318013191223,1.2793210744857788,0.44193658232688904,-0.3062269985675812,-0.1587957739830017,-0.17871789634227753,0.0931287556886673,0.7398167848587036,-0.542306661605835,-0.33526116609573364,-1.7236274480819702,-0.9484321475028992,1.048811674118042,0.4724911153316498,-0.48879438638687134,0.3414999842643738,1.5324137210845947,-0.3676634430885315,-0.01096126064658165,-0.44795146584510803,-0.6753761768341064,1.1848087310791016,-2.0930228233337402,-1.0048109292984009,0.5775599479675293,1.152212142944336,-1.589153528213501,0.10629834979772568,0.29695236682891846,1.4559012651443481,-0.22633907198905945,0.7504401206970215,-0.40792447328567505,1.3066883087158203,0.4484142065048218,-0.2917672097682953,-0.16446469724178314,-0.1709444373846054,0.07439441978931427,0.7594883441925049,-0.548191249370575,-0.37258610129356384,-1.74936044216156,-0.9544233679771423,1.079836368560791,0.4981173872947693,-0.49952369928359985,0.34323713183403015,1.5592999458312988
B,masked_6d,1,790,2,2,790_T2_P1_R2,26,5,-0.3253071904182434,0.005653627682477236,-0.45419082045555115,-0.6445056200027466,1.1555142402648926,-2.047412395477295,-0.9773951768875122,0.5417676568031311,1.1317204236984253,-1.5266878604888916,0.09211988747119904,0.2970108985900879,1.4257919788360596,-0.19451335072517395,0.7154701948165894,-0.3894537091255188,1.2491271495819092,0.45054420828819275,-0.31102731823921204,-0.14423803985118866,-0.17326782643795013,0.10862548649311066,0.7100000977516174,-0.5809639692306519,-0.3364946246147156,-1.6961292028427124,-0.957930862903595,1.0603090524673462,0.46424493193626404,-0.49428924918174744,0.3471478521823883,1.5201698541641235,-0.33353981375694275,0.012033035047352314,-0.4648822844028473,-0.6607034206390381,1.176727056503296,-2.0858922004699707,-1.0052965879440308,0.5551530718803406,1.1428455114364624,-1.5612777471542358,0.09025993943214417,0.2924158275127411,1.4428260326385498,-0.18624894320964813,0.7329381704330444,-0.3976292014122009,1.2822329998016357,0.4614199995994568,-0.3063740134239197,-0.14439800381660461,-0.1858023852109909,0.11442537605762482,0.7262866497039795,-0.5739572048187256,-0.348855584859848,-1.7286018133163452,-0.9678560495376587,1.0737065076828003,0.4641118049621582,-0.49524998664855957,0.35881274938583374,1.5402681827545166
B,masked_6d,1,790,3,1,790_T3_P1_R1,27,5,-0.3098815083503723,0.03857555240392685,-0.46873873472213745,-0.6427818536758423,1.1595040559768677,-2.0607056617736816,-0.9882274866104126,0.5759533643722534,1.1129827499389648,-1.5703672170639038,0.043803319334983826,0.2938843369483948,1.4720113277435303,-0.1217091903090477,0.7188596129417419,-0.43051260709762573,1.2197829484939575,0.45155850052833557,-0.3280249834060669,-0.1218772679567337,-0.14419791102409363,0.13637492060661316,0.6762324571609497,-0.5975705981254578,-0.3236055076122284,-1.7104952335357666,-0.9820873141288757,1.071364402770996,0.4627721309661865,-0.4975454807281494,0.34455710649490356,1.5452275276184082,-0.34402328729629517,0.042583782225847244,-0.4621640741825104,-0.6752887964248657,1.1913032531738281,-2.1149299144744873,-1.0040963888168335,0.6142355799674988,1.1286900043487549,-1.6509546041488647,0.04163442179560661,0.29591208696365356,1.5076079368591309,-0.1158047690987587,0.7545074224472046,-0.4489061236381531,1.2742453813552856,0.4471336305141449,-0.31665199995040894,-0.1408701241016388,-0.14309921860694885,0.10913153737783432,0.7119110822677612,-0.5968294739723206,-0.3433891236782074,-1.7733749151229858,-1.0048706531524658,1.1047990322113037,0.48608407378196716,-0.5014678239822388,0.3581092059612274,1.5924447774887085
B,masked_6d,1,790,3,2,790_T3_P1_R2,25,5,-0.28246986865997314,0.0423051118850708,-0.4617488384246826,-0.5967907905578613,1.1096054315567017,-2.0117974281311035,-0.9747432470321655,0.580464243888855,1.105257272720337,-1.5313559770584106,0.020256759598851204,0.28802770376205444,1.4785407781600952,-0.1343020796775818,0.6970034837722778,-0.42774420976638794,1.1766979694366455,0.4310730993747711,-0.338443785905838,-0.12378066778182983,-0.1584494411945343,0.1492982804775238,0.6330550909042358,-0.5535063147544861,-0.2641860842704773,-1.66867995262146,-0.957301914691925,1.0213539600372314,0.45710793137550354,-0.4972192645072937,0.32162562012672424,1.5008662939071655,-0.25598281621932983,0.07187141478061676,-0.4367690086364746,-0.6207769513130188,1.07174813747406,-2.0134174823760986,-0.9943466186523438,0.7272655963897705,1.0123417377471924,-1.584448218345642,-0.07100815325975418,0.26527687907218933,1.5457313060760498,-0.11243675649166107,0.7062588930130005,-0.5381191968917847,1.1512906551361084,0.38531774282455444,-0.37042608857154846,-0.08339472115039825,-0.08534853160381317,0.1581733524799347,0.58332359790802,-0.4120050370693207,-0.25021785497665405,-1.7249634265899658,-0.8802921175956726,0.9432816505432129,0.5375267267227173,-0.4796743392944336,0.32045555114746094,1.4779168367385864
B,masked_6d,2,252,1,1,252_T1_P1_R1,23,5,-0.1758490800857544,-0.06108691170811653,0.09453653544187546,0.03563260659575462,0.7581614255905151,-1.4432729482650757,1.6281780004501343,0.498607337474823,1.4458824396133423,-1.8665586709976196,0.8153657913208008,-0.10037948936223984,0.5930848717689514,0.6919941306114197,-0.8242637515068054,-1.1107580661773682,0.42507004737854004,0.03171335905790329,-0.34654301404953003,1.140350341796875,-1.4433513879776,-0.1022500991821289,-0.6068321466445923,0.2816496193408966,-0.04013434052467346,-1.4097466468811035,0.8345249891281128,0.39600199460983276,-0.7279015183448792,0.10292758792638779,1.6823530197143555,-1.0190296173095703,-0.17207853496074677,-0.07116441428661346,0.059690624475479126,0.04697165638208389,0.761949360370636,-1.4685003757476807,1.652435302734375,0.547488808631897,1.4299235343933105,-1.9134080410003662,0.7913852334022522,-0.12914946675300598,0.6417236328125,0.7266682386398315,-0.8223080635070801,-1.1075057983398438,0.4876698851585388,0.013453006744384766,-0.31508076190948486,1.1514074802398682,-1.4945752620697021,-0.06226121634244919,-0.601500391960144,0.2981950342655182,-0.052096594125032425,-1.4486315250396729,0.8455893397331238,0.41043201088905334,-0.7637929916381836,0.13312824070453644,1.7021172046661377,-1.101224660873413
B,masked_6d,2,252,1,2,252_T1_P1_R2,25,5,-0.17640112340450287,-0.05439571291208267,0.07659273594617844,0.04622239992022514,0.7579981684684753,-1.4266653060913086,1.6356914043426514,0.48864859342575073,1.4361354112625122,-1.8839776515960693,0.8366376161575317,-0.09661322832107544,0.6219774484634399,0.6873639225959778,-0.8477923274040222,-1.1325643062591553,0.4054504930973053,0.06451352685689926,-0.3436546325683594,1.1761271953582764,-1.452039122581482,-0.14733001589775085,-0.6239033937454224,0.2899525761604309,-0.05707154795527458,-1.3716702461242676,0.8094485998153687,0.3700040876865387,-0.7121955156326294,0.11113482713699341,1.686911940574646,-0.9929991960525513,-0.16929513216018677,-0.053372837603092194,0.02754255011677742,0.0541083924472332,0.7697324752807617,-1.4329686164855957,1.6759328842163086,0.5164138078689575,1.432242751121521,-1.9347728490829468,0.8641072511672974,-0.1059303879737854,0.6763118505477905,0.6900736093521118,-0.8857331275939941,-1.1697765588760376,0.4178805947303772,0.09570187330245972,-0.3192198872566223,1.2371299266815186,-1.5049946308135986,-0.1797744631767273,-0.6265803575515747,0.2915042042732239,-0.08314131200313568,-1.3560287952423096,0.786892831325531,0.34147119522094727,-0.7150527238845825,0.14212343096733093,1.7162179946899414,-1.0144652128219604
B,masked_6d,2,252,2,1,252_T2_P1_R1,25,5,-0.17823919653892517,-0.04950020834803581,0.11325232684612274,0.012345442548394203,0.7426908612251282,-1.47464919090271,1.6059837341308594,0.4905552864074707,1.479016661643982,-1.806575059890747,0.8007210493087769,-0.08417713642120361,0.5412622690200806,0.6613495945930481,-0.792095422744751,-1.0961359739303589,0.4297734200954437,-0.0010554417967796326,-0.3723039925098419,1.1001546382904053,-1.4216898679733276,-0.09240089356899261,-0.5677117705345154,0.26103538274765015,0.010156435891985893,-1.4028264284133911,0.8309674263000488,0.40781736373901367,-0.7470988035202026,0.11083731800317764,1.6690778732299805,-1.0064624547958374,-0.15934811532497406,-0.04376935586333275,0.05059855058789253,0.03766334429383278,0.7777615785598755,-1.4864273071289062,1.6674391031265259,0.5265108942985535,1.4537606239318848,-1.8961527347564697,0.8146243095397949,-0.11393867433071136,0.6204636096954346,0.701882004737854,-0.8417878150939941,-1.1448451280593872,0.4674616754055023,0.03188028186559677,-0.329342782497406,1.162109613418579,-1.5055636167526245,-0.08478547632694244,-0.5831876993179321,0.2700001001358032,-0.03526443988084793,-1.4536757469177246,0.8377016186714172,0.41321563720703125,-0.7730312347412109,0.15556755661964417,1.7305694818496704,-1.0927884578704834
B,masked_6d,2,252,2,2,252_T2_P1_R2,25,5,-0.17661254107952118,-0.04307131841778755,0.05959077924489975,0.05023973062634468,0.7285357713699341,-1.4311745166778564,1.604785680770874,0.5029763579368591,1.4360592365264893,-1.8209863901138306,0.8092175722122192,-0.09010551869869232,0.5956512689590454,0.6718512773513794,-0.8128822445869446,-1.1160614490509033,0.4360355734825134,0.04035161808133125,-0.33893388509750366,1.1376550197601318,-1.445586919784546,-0.12217728793621063,-0.5813427567481995,0.2892300486564636,-0.038737230002880096,-1.3781486749649048,0.7866857051849365,0.35186758637428284,-0.7297680974006653,0.1577606201171875,1.6495254039764404,-1.0062791109085083,-0.16621917486190796,-0.04879842698574066,-0.017293617129325867,0.06504848599433899,0.7587890028953552,-1.4412155151367188,1.6538398265838623,0.5521923899650574,1.4108436107635498,-1.8934247493743896,0.8296436071395874,-0.11914237588644028,0.6712879538536072,0.7160322070121765,-0.8588570356369019,-1.1568042039871216,0.5100224614143372,0.07201872766017914,-0.27383360266685486,1.1944704055786133,-1.5430408716201782,-0.10257210582494736,-0.5674316883087158,0.29684606194496155,-0.08571571111679077,-1.4307202100753784,0.7724503874778748,0.3402063846588135,-0.7585576176643372,0.2063605934381485,1.6925904750823975,-1.1036796569824219
B,masked_6d,2,252,3,1,252_T3_P1_R1,25,5,-0.11498765647411346,-0.12401401996612549,0.11097927391529083,-0.01012047566473484,0.7283964157104492,-1.431194543838501,1.6113460063934326,0.49397343397140503,1.420177698135376,-1.7887767553329468,0.7507434487342834,-0.07877602428197861,0.584883451461792,0.6450178027153015,-0.7541791200637817,-1.0120413303375244,0.429731547832489,-0.04896942898631096,-0.3259613811969757,1.0958096981048584,-1.4040477275848389,-0.08468906581401825,-0.5830410718917847,0.26260823011398315,-0.007956291548907757,-1.3381669521331787,0.7920483946800232,0.37710922956466675,-0.7021478414535522,0.10164251178503036,1.5513057708740234,-0.9708291888237,-0.14837861061096191,-0.1119169145822525,0.1421584188938141,-0.02223692275583744,0.7570197582244873,-1.4882733821868896,1.6320266723632812,0.4983290135860443,1.4851261377334595,-1.8254528045654297,0.7786952257156372,-0.06978105008602142,0.574397087097168,0.6473038792610168,-0.7682846784591675,-1.0471580028533936,0.4276600778102875,-0.06246953457593918,-0.35403019189834595,1.1053264141082764,-1.435530662536621,-0.10277972370386124,-0.5878941416740417,0.2522805631160736,0.01942417584359646,-1.3546096086502075,0.8276136517524719,0.3918035924434662,-0.7026283740997314,0.07172980904579163,1.6049754619598389,-0.9556640386581421
B,masked_6d,2,252,3,2,252_T3_P1_R2,24,5,-0.10524392127990723,-0.126369446516037,0.09475075453519821,-0.017813177779316902,0.7331499457359314,-1.4210950136184692,1.6195415258407593,0.4773275852203369,1.3993284702301025,-1.7952163219451904,0.7778046131134033,-0.08591974526643753,0.5991851091384888,0.6322963237762451,-0.7741410732269287,-1.0270538330078125,0.3964058458805084,-0.02149832434952259,-0.3296818733215332,1.1189731359481812,-1.3923909664154053,-0.11487090587615967,-0.5825620293617249,0.25795668363571167,-0.017105165868997574,-1.3064004182815552,0.7695715427398682,0.37801218032836914,-0.6839248538017273,0.09882982075214386,1.5578322410583496,-0.9300746917724609,-0.09726814925670624,-0.15336722135543823,0.09466148912906647,-0.013463986106216908,0.7488175630569458,-1.4098355770111084,1.6549962759017944,0.47544851899147034,1.3915345668792725,-1.8404302597045898,0.7946246862411499,-0.09625061601400375,0.6455524563789368,0.6480201482772827,-0.7964950799942017,-1.0301629304885864,0.3781748116016388,-0.015202720649540424,-0.327073872089386,1.1516215801239014,-1.4084787368774414,-0.13108530640602112,-0.6215696334838867,0.269508421421051,-0.04417581111192703,-1.2939603328704834,0.7860608100891113,0.39026814699172974,-0.6792483329772949,0.07783860713243484,1.5583816766738892,-0.9234479069709778
B,masked_6d,2,651,1,1,651_T1_P1_R1,24,5,-0.2091466635465622,-0.059319160878658295,0.0790114775300026,0.050680775195360184,0.7414848208427429,-1.4742778539657593,1.6248998641967773,0.5317473411560059,1.4880871772766113,-1.8642781972885132,0.8138087391853333,-0.0787000060081482,0.6010011434555054,0.7229200601577759,-0.8221604228019714,-1.1437731981277466,0.4691542685031891,0.017296316102147102,-0.3529340922832489,1.1299195289611816,-1.4725080728530884,-0.08363129943609238,-0.5898973941802979,0.3151913583278656,-0.020126093178987503,-1.42971932888031,0.8369601964950562,0.3802332878112793,-0.7794637680053711,0.13613173365592957,1.6967556476593018,-1.0836975574493408,-0.20446956157684326,-0.059948164969682693,0.08330784738063812,0.03062179684638977,0.7804253697395325,-1.4940696954727173,1.6595375537872314,0.5346643924713135,1.513684868812561,-1.9148753881454468,0.8294203877449036,-0.08201692998409271,0.6082297563552856,0.7323732972145081,-0.8449355363845825,-1.1701958179473877,0.47535276412963867,0.020730886608362198,-0.3479479253292084,1.1591346263885498,-1.508084774017334,-0.09036101400852203,-0.5938727259635925,0.30259159207344055,-0.02676151692867279,-1.4652742147445679,0.8634544610977173,0.4095011353492737,-0.7892838716506958,0.11168889701366425,1.7592895030975342,-1.1098965406417847
B,masked_6d,2,651,1,2,651_T1_P1_R2,24,5,-0.2289772778749466,-0.06825948506593704,0.110913947224617,0.05867538973689079,0.7171968221664429,-1.4939043521881104,1.6016056537628174,0.548261284828186,1.497237205505371,-1.847771406173706,0.7853399515151978,-0.08961881697177887,0.5848263502120972,0.7218374013900757,-0.7790857553482056,-1.1103122234344482,0.47884392738342285,-0.02484283223748207,-0.36933860182762146,1.090725064277649,-1.4487920999526978,-0.05401797965168953,-0.5981653332710266,0.32904762029647827,0.005629172082990408,-1.430680274963379,0.8569863438606262,0.3927815854549408,-0.7791802883148193,0.13030245900154114,1.670199990272522,-1.0852739810943604,-0.219685360789299,-0.10077229887247086,0.12421901524066925,0.03754676133394241,0.7416473627090454,-1.5087352991104126,1.6157315969467163,0.5765048265457153,1.4993752241134644,-1.876651406288147,0.7628422975540161,-0.11448134481906891,0.5901865363121033,0.7299651503562927,-0.7602893710136414,-1.0739705562591553,0.5159627795219421,-0.06776459515094757,-0.34223783016204834,1.075452208518982,-1.4681566953659058,-0.010921856388449669,-0.5928020477294922,0.31705600023269653,0.0029378668405115604,-1.473185658454895,0.8890244364738464,0.4321911931037903,-0.7813558578491211,0.10246902704238892,1.6767346858978271,-1.1268103122711182
B,masked_6d,2,651,2,1,651_T2_P1_R1,25,5,-0.2004924714565277,-0.09675587713718414,0.05009860917925835,0.07860156148672104,0.7278963327407837,-1.4152122735977173,1.6154358386993408,0.5507830381393433,1.4192508459091187,-1.8734022378921509,0.8042320013046265,-0.11367209255695343,0.6538652777671814,0.7326868772506714,-0.8253098726272583,-1.0927504301071167,0.4787910580635071,0.024265948683023453,-0.3076074421405792,1.1359871625900269,-1.4707934856414795,-0.06433896720409393,-0.6106764674186707,0.33052945137023926,-0.07460206001996994,-1.3994499444961548,0.8239234089851379,0.3755272328853607,-0.7661705017089844,0.1409883052110672,1.6341537237167358,-1.0910406112670898,-0.1981787234544754,-0.06837683171033859,0.030288303270936012,0.07668795436620712,0.7363091707229614,-1.4351695775985718,1.6377732753753662,0.5571237802505493,1.4251205921173096,-1.8995463848114014,0.815052330493927,-0.1219022274017334,0.6677014231681824,0.7276715040206909,-0.8359082341194153,-1.1195160150527954,0.4903828501701355,0.041133832186460495,-0.31193023920059204,1.1687860488891602,-1.5009227991104126,-0.0876622125506401,-0.6153646111488342,0.3260319232940674,-0.07184305042028427,-1.4156644344329834,0.8160222768783569,0.3772508502006531,-0.7798997163772583,0.16639088094234467,1.6841449737548828,-1.106175184249878
B,masked_6d,2,651,2,2,651_T2_P1_R2,26,5,-0.20368322730064392,-0.09306969493627548,0.06044909358024597,0.0719723254442215,0.730494499206543,-1.4322748184204102,1.6211210489273071,0.540350079536438,1.4344983100891113,-1.876349687576294,0.8169115781784058,-0.10453827679157257,0.6454494595527649,0.7232114672660828,-0.8290340304374695,-1.1084378957748413,0.4585656225681305,0.027758082374930382,-0.3231367766857147,1.141705870628357,-1.4638115167617798,-0.08161383867263794,-0.612699568271637,0.3249278962612152,-0.059194326400756836,-1.3846524953842163,0.8223913311958313,0.3754471242427826,-0.7556541562080383,0.13184019923210144,1.641344666481018,-1.0639069080352783,-0.20516014099121094,-0.07473383843898773,0.07242631167173386,0.06544838845729828,0.7627372741699219,-1.4548949003219604,1.650122046470642,0.5421869158744812,1.4642893075942993,-1.9253251552581787,0.8309968113899231,-0.10761871188879013,0.6485971212387085,0.7278954386711121,-0.8504868745803833,-1.139489769935608,0.44701844453811646,0.03339686617255211,-0.3367198705673218,1.1642544269561768,-1.4855549335479736,-0.0950191468000412,-0.6324354410171509,0.3147476613521576,-0.059036899358034134,-1.42019522190094,0.8568764925003052,0.40536490082740784,-0.7608001828193665,0.11303152143955231,1.7050517797470093,-1.0791642665863037
B,masked_6d,2,651,3,1,651_T3_P1_R1,24,5,-0.1921817511320114,-0.03884413093328476,0.09641809016466141,0.04694965109229088,0.7474864721298218,-1.4491441249847412,1.6058130264282227,0.4894123673439026,1.46616530418396,-1.8350785970687866,0.8142515420913696,-0.078480064868927,0.5786958932876587,0.6974445581436157,-0.8131043314933777,-1.1301339864730835,0.4287118911743164,0.033828772604465485,-0.36790546774864197,1.1193490028381348,-1.4283338785171509,-0.10331280529499054,-0.6027820706367493,0.29870185256004333,-0.02044781856238842,-1.4076865911483765,0.8209389448165894,0.38082075119018555,-0.7632323503494263,0.12950876355171204,1.6876485347747803,-1.0381879806518555,-0.18545803427696228,-0.025650525465607643,0.07584575563669205,0.040221475064754486,0.7626178860664368,-1.4746894836425781,1.6343286037445068,0.5008869767189026,1.4773242473602295,-1.864366888999939,0.8192160725593567,-0.08546794205904007,0.5808371901512146,0.705711841583252,-0.824715793132782,-1.1585909128189087,0.4433801770210266,0.04520506411790848,-0.36464327573776245,1.1423429250717163,-1.4598592519760132,-0.11165226995944977,-0.5910226702690125,0.2904032766819,-0.015136768110096455,-1.4357410669326782,0.8263371586799622,0.3880963921546936,-0.773175835609436,0.13955536484718323,1.737252950668335,-1.0659327507019043
B,masked_6d,2,651,3,2,651_T3_P1_R2,24,5,-0.1931580901145935,-0.050039954483509064,0.10772041976451874,0.04381423071026802,0.7467161417007446,-1.4464755058288574,1.6059364080429077,0.4914933741092682,1.467902421951294,-1.8410717248916626,0.8114656209945679,-0.08105553686618805,0.5753548741340637,0.7003809213638306,-0.8114546537399292,-1.121140718460083,0.4212183356285095,0.02606205642223358,-0.372722327709198,1.1146024465560913,-1.417336344718933,-0.09761134535074234,-0.6098524332046509,0.29940786957740784,-0.01990976557135582,-1.4075077772140503,0.8328288197517395,0.3936740756034851,-0.7558123469352722,0.11006061732769012,1.6846946477890015,-1.034203052520752,-0.20804867148399353,-0.05067253112792969,0.09229928255081177,0.059853147715330124,0.7468975782394409,-1.4525072574615479,1.6101948022842407,0.5123032331466675,1.469626545906067,-1.8630554676055908,0.8085638880729675,-0.091534823179245,0.6003080606460571,0.7172926664352417,-0.8103222846984863,-1.1280300617218018,0.44302311539649963,0.02560611069202423,-0.3637316823005676,1.1246469020843506,-1.4353611469268799,-0.0929972231388092,-0.6176373958587646,0.3139719069004059,-0.027998294681310654,-1.4100971221923828,0.8336278796195984,0.38440221548080444,-0.770258367061615,0.12876422703266144,1.6945602893829346,-1.0694153308868408
B,masked_6d,2,671,1,1,671_T1_P1_R1,26,5,-0.20361344516277313,-0.02342335879802704,0.06723160296678543,0.055556345731019974,0.7129221558570862,-1.4716901779174805,1.5938308238983154,0.5132778286933899,1.4664475917816162,-1.8108060359954834,0.8043767809867859,-0.07669516652822495,0.5671495795249939,0.6925759315490723,-0.7981112003326416,-1.1382830142974854,0.4498831629753113,0.031752970069646835,-0.36878809332847595,1.1134954690933228,-1.4313175678253174,-0.11012063920497894,-0.5681567192077637,0.3068285584449768,0.0003717549261637032,-1.3873536586761475,0.7929367423057556,0.3536842465400696,-0.7656681537628174,0.173723042011261,1.6756397485733032,-1.0452467203140259,-0.19603723287582397,-0.016923842951655388,0.06856635957956314,0.04330475628376007,0.7448185086250305,-1.497580647468567,1.629771113395691,0.5161028504371643,1.4842033386230469,-1.8565999269485474,0.8169826865196228,-0.08290866017341614,0.5773038268089294,0.7017423510551453,-0.815586268901825,-1.1652841567993164,0.4531231224536896,0.03730912134051323,-0.367948055267334,1.1403663158416748,-1.4623723030090332,-0.11607728153467178,-0.5768963694572449,0.2952903211116791,-0.0026333490386605263,-1.4259799718856812,0.8138735890388489,0.38113799691200256,-0.7744987607002258,0.1614210605621338,1.7340211868286133,-1.0686699151992798
B,masked_6d,2,671,1,2,671_T1_P1_R2,24,5,-0.19826790690422058,-0.030033651739358902,0.06226367875933647,0.06397552788257599,0.7121466398239136,-1.4492933750152588,1.5873898267745972,0.5171123743057251,1.441507339477539,-1.8106358051300049,0.7932370901107788,-0.08812938630580902,0.580531120300293,0.6935499906539917,-0.794083297252655,-1.1170768737792969,0.4570337235927582,0.0285281240940094,-0.3540284037590027,1.107720136642456,-1.4271985292434692,-0.09808597713708878,-0.5796816945075989,0.3109031915664673,-0.015834860503673553,-1.3895882368087769,0.7930711507797241,0.3524511456489563,-0.7601026296615601,0.17595204710960388,1.6573537588119507,-1.0498058795928955,-0.1830892115831375,-0.04700600728392601,0.06922324001789093,0.044785015285015106,0.7723754048347473,-1.4833325147628784,1.6472164392471313,0.530742347240448,1.4566667079925537,-1.8961679935455322,0.8108957409858704,-0.10808371007442474,0.6164830923080444,0.7172878980636597,-0.821368396282196,-1.1414668560028076,0.4787411689758301,0.02160647138953209,-0.33096593618392944,1.1494284868240356,-1.4912006855010986,-0.08680596202611923,-0.6002089381217957,0.2946541905403137,-0.03144405037164688,-1.45249342918396,0.8325530290603638,0.38921064138412476,-0.7647005915641785,0.15036754310131073,1.7235246896743774,-1.0917690992355347
B,masked_6d,2,671,2,1,671_T2_P1_R1,24,5,-0.24646985530853271,-0.08757558465003967,0.07065193355083466,0.11965785920619965,0.717261791229248,-1.4014966487884521,1.5905144214630127,0.5524420142173767,1.4254714250564575,-1.8954792022705078,0.7998937368392944,-0.10456138849258423,0.6749377846717834,0.7636725902557373,-0.8290097117424011,-1.1091135740280151,0.4692952632904053,0.033289846032857895,-0.3235372006893158,1.1365272998809814,-1.4531980752944946,-0.06695985794067383,-0.6524474024772644,0.37672510743141174,-0.08913867175579071,-1.3784629106521606,0.8384711146354675,0.35191914439201355,-0.7723511457443237,0.13626906275749207,1.6296542882919312,-1.1012523174285889,-0.2506023049354553,-0.08658995479345322,0.05127616599202156,0.12919053435325623,0.7193476557731628,-1.4003514051437378,1.6027488708496094,0.5668973922729492,1.4327630996704102,-1.9108577966690063,0.8063322901725769,-0.1042015552520752,0.6966202259063721,0.7835812568664551,-0.8414344787597656,-1.1218559741973877,0.4953843951225281,0.042261432856321335,-0.3120821714401245,1.1514842510223389,-1.487129807472229,-0.06283588707447052,-0.651561439037323,0.38519030809402466,-0.10161638259887695,-1.3950200080871582,0.838809609413147,0.34059587121009827,-0.797448992729187,0.15763041377067566,1.6371409893035889,-1.1400421857833862
B,masked_6d,2,671,2,2,671_T2_P1_R2,27,5,-0.2551647424697876,-0.11778593063354492,0.09200944751501083,0.130747452378273,0.6999771595001221,-1.3913698196411133,1.56024968624115,0.5667287111282349,1.4175350666046143,-1.872252106666565,0.7658916711807251,-0.11338701099157333,0.6794097423553467,0.7606767416000366,-0.7898339033126831,-1.05450439453125,0.4813612103462219,-0.010244620032608509,-0.31781333684921265,1.0949757099151611,-1.4313700199127197,-0.03227496147155762,-0.6605069041252136,0.3911920189857483,-0.08549796044826508,-1.3597666025161743,0.848946213722229,0.3517240881919861,-0.7728632688522339,0.13008591532707214,1.5746641159057617,-1.106365442276001,-0.26187971234321594,-0.12710392475128174,0.07954443246126175,0.1447809785604477,0.7236380577087402,-1.3924928903579712,1.589034914970398,0.5899195671081543,1.418042778968811,-1.928185224533081,0.7727755308151245,-0.129676952958107,0.7225157618522644,0.8040076494216919,-0.8108386993408203,-1.0733124017715454,0.5098962783813477,-0.0014526313170790672,-0.29834479093551636,1.118844985961914,-1.4759660959243774,-0.007412073668092489,-0.6805858612060547,0.4054082930088043,-0.1165829673409462,-1.4104279279708862,0.8721224665641785,0.36793825030326843,-0.8006331324577332,0.13017576932907104,1.6144380569458008,-1.173911213874817
B,masked_6d,2,671,3,1,671_T3_P1_R1,27,5,-0.16801351308822632,-0.09816356003284454,0.020508412271738052,0.10559401661157608,0.7123085260391235,-1.3095382452011108,1.563438892364502,0.5195640921592712,1.316982626914978,-1.8255894184112549,0.7619879841804504,-0.124947689473629,0.6636417508125305,0.6991692781448364,-0.8081108331680298,-1.0297099351882935,0.4463423788547516,0.051052577793598175,-0.26746535301208496,1.1140292882919312,-1.393315315246582,-0.08443312346935272,-0.6180981397628784,0.33404383063316345,-0.11963723599910736,-1.3086943626403809,0.7630591988563538,0.30461686849594116,-0.7044068574905396,0.1591547280550003,1.5413192510604858,-1.038686990737915,-0.16796575486660004,-0.07702930271625519,0.02007177472114563,0.1071469783782959,0.7075732350349426,-1.3239758014678955,1.5918350219726562,0.5136877298355103,1.3265341520309448,-1.8586642742156982,0.7951616048812866,-0.12035223096609116,0.6692965626716614,0.7163746953010559,-0.8208715319633484,-1.0765658617019653,0.4212794899940491,0.08383651822805405,-0.29662615060806274,1.1596391201019287,-1.4025545120239258,-0.11227694898843765,-0.6549693942070007,0.3432149291038513,-0.12737880647182465,-1.3416783809661865,0.7643666863441467,0.32046815752983093,-0.7055360078811646,0.1615205705165863,1.5955685377120972,-1.0317189693450928
B,masked_6d,2,671,3,2,671_T3_P1_R2,28,5,-0.17250658571720123,-0.10973085463047028,0.04859291389584541,0.08499521762132645,0.7428064942359924,-1.3155595064163208,1.5769474506378174,0.47462162375450134,1.3496668338775635,-1.851670503616333,0.8020960092544556,-0.0949598029255867,0.6671939492225647,0.682359516620636,-0.8349337577819824,-1.062151312828064,0.390478253364563,0.07918419688940048,-0.2979762554168701,1.155853509902954,-1.3771398067474365,-0.15856622159481049,-0.6425788402557373,0.3263433575630188,-0.11029662191867828,-1.2419294118881226,0.7533591985702515,0.2972114086151123,-0.684544563293457,0.11550839245319366,1.5599443912506104,-0.9698014259338379,-0.18538174033164978,-0.11442191898822784,0.07630280405282974,0.08956924080848694,0.7813384532928467,-1.3518415689468384,1.6058495044708252,0.4903099536895752,1.3870525360107422,-1.9160858392715454,0.8133031129837036,-0.09830091148614883,0.6906585097312927,0.7105779647827148,-0.8458326458930969,-1.0905948877334595,0.40480107069015503,0.06563068926334381,-0.2997745871543884,1.1760174036026,-1.4229655265808105,-0.1442319005727768,-0.6739782094955444,0.33501631021499634,-0.11509345471858978,-1.293430209159851,0.7973310947418213,0.316306471824646,-0.7095105648040771,0.10436968505382538,1.619564414024353,-1.0195815563201904
B,masked_6d,2,790,1,1,790_T1_P1_R1,25,5,-0.20381173491477966,-0.07334713637828827,0.07544366270303726,0.07956424355506897,0.735588788986206,-1.4385477304458618,1.615983009338379,0.5449673533439636,1.4267839193344116,-1.8742940425872803,0.7842847108840942,-0.1262400597333908,0.6320802569389343,0.7253764271736145,-0.8034063577651978,-1.087451457977295,0.4696345329284668,0.011437010020017624,-0.32521262764930725,1.1183605194091797,-1.4594337940216064,-0.06760347634553909,-0.6156305074691772,0.3194471001625061,-0.054812751710414886,-1.4061307907104492,0.8318394422531128,0.3820333480834961,-0.7475538849830627,0.13711224496364594,1.652796745300293,-1.0811994075775146,-0.18660947680473328,-0.0652942806482315,0.03015165962278843,0.0782242864370346,0.7454323172569275,-1.4577010869979858,1.6507117748260498,0.5725887417793274,1.418455719947815,-1.924251914024353,0.7972078919410706,-0.14096292853355408,0.6739236116409302,0.7221646904945374,-0.8229261636734009,-1.1196134090423584,0.4865188002586365,0.02513216808438301,-0.3018985390663147,1.1686327457427979,-1.5132430791854858,-0.09446094930171967,-0.6188849210739136,0.31571921706199646,-0.06683850288391113,-1.411213755607605,0.8211956024169922,0.3726266920566559,-0.737554669380188,0.17034444212913513,1.6904700994491577,-1.096827745437622
B,masked_6d,2,790,1,2,790_T1_P1_R2,26,5,-0.18853716552257538,-0.06875620782375336,0.052876926958560944,0.07781366258859634,0.7228201031684875,-1.4256305694580078,1.606799840927124,0.5305001735687256,1.4074018001556396,-1.8492457866668701,0.7890031933784485,-0.11903311312198639,0.6347955465316772,0.6972236633300781,-0.7984555959701538,-1.095057725906372,0.4564012587070465,0.02563842572271824,-0.31982970237731934,1.1324081420898438,-1.4488286972045898,-0.09928274154663086,-0.6045539975166321,0.31419384479522705,-0.05472728610038757,-1.3680843114852905,0.7872954607009888,0.350807249546051,-0.7256262302398682,0.16534748673439026,1.6342761516571045,-1.0407602787017822,-0.15668885409832,-0.07471341639757156,-0.020690012723207474,0.08493045717477798,0.7514183521270752,-1.4144634008407593,1.6302871704101562,0.5699414014816284,1.3425236940383911,-1.8953320980072021,0.7739737033843994,-0.16902312636375427,0.699600338935852,0.7120346426963806,-0.814540684223175,-1.0838602781295776,0.5270463824272156,0.03527810052037239,-0.24625079333782196,1.1612027883529663,-1.5116322040557861,-0.06730387359857559,-0.5890671014785767,0.30496740341186523,-0.09541121870279312,-1.4054863452911377,0.7689332365989685,0.34588757157325745,-0.7319110631942749,0.20976075530052185,1.653577208518982,-1.1147820949554443
B,masked_6d,2,790,2,1,790_T2_P1_R1,25,5,-0.2074732780456543,-0.08224216103553772,0.06999711692333221,0.07601771503686905,0.7249682545661926,-1.4558932781219482,1.5988962650299072,0.5652013421058655,1.4307191371917725,-1.8530380725860596,0.756345272064209,-0.128197580575943,0.6384223699569702,0.7274400591850281,-0.7815045118331909,-1.0650475025177002,0.5202032327651978,-0.024196013808250427,-0.3105200529098511,1.0864005088806152,-1.4660542011260986,-0.020062491297721863,-0.5858384966850281,0.32819414138793945,-0.04008388891816139,-1.4219849109649658,0.8259223699569702,0.38904479146003723,-0.7851032018661499,0.15808357298374176,1.6323318481445312,-1.128197193145752,-0.19615404307842255,-0.07721877843141556,0.03239579498767853,0.08302472531795502,0.7204610109329224,-1.472381591796875,1.6145650148391724,0.5969971418380737,1.4254077672958374,-1.8805736303329468,0.7541505098342896,-0.13738369941711426,0.6602815389633179,0.7386598587036133,-0.7872467041015625,-1.0918021202087402,0.5480777025222778,-0.012684402987360954,-0.2897547483444214,1.1134487390518188,-1.4999420642852783,-0.019180957227945328,-0.569387674331665,0.33501386642456055,-0.0529351606965065,-1.43887460231781,0.814946711063385,0.378464013338089,-0.7964411973953247,0.19333691895008087,1.655884027481079,-1.1714611053466797
B,masked_6d,2,790,2,2,790_T2_P1_R2,26,5,-0.2118503600358963,-0.07418445497751236,0.08838920295238495,0.07239538431167603,0.7280253171920776,-1.4357802867889404,1.579865574836731,0.5376986265182495,1.4306137561798096,-1.8352229595184326,0.7617422342300415,-0.11602120101451874,0.6173802614212036,0.7093870639801025,-0.7789183259010315,-1.0594079494476318,0.48530712723731995,-0.013973508961498737,-0.32577449083328247,1.0852688550949097,-1.43141770362854,-0.043455466628074646,-0.598891019821167,0.318493127822876,-0.03877382352948189,-1.3931043148040771,0.8242088556289673,0.3798217177391052,-0.7670690417289734,0.13989070057868958,1.6221643686294556,-1.0827207565307617,-0.23136289417743683,-0.0665755569934845,0.0988139882683754,0.07437683641910553,0.7133278846740723,-1.4785048961639404,1.5941822528839111,0.5482630729675293,1.4739949703216553,-1.846185326576233,0.770548939704895,-0.10126377642154694,0.6125141382217407,0.7188111543655396,-0.7793322801589966,-1.0868409872055054,0.4829483926296234,-0.02055514231324196,-0.35347622632980347,1.0897197723388672,-1.4435536861419678,-0.057975590229034424,-0.595356822013855,0.3342178165912628,-0.011536943726241589,-1.3890364170074463,0.8297974467277527,0.37935566902160645,-0.7845362424850464,0.14198274910449982,1.6438766717910767,-1.0866824388504028
B,masked_6d,2,790,3,1,790_T3_P1_R1,27,5,-0.2001994103193283,-0.1028168648481369,0.10908059030771255,0.04380913823843002,0.7541132569313049,-1.4639716148376465,1.6194044351577759,0.5383397936820984,1.462201476097107,-1.869336724281311,0.7857292890548706,-0.11264767497777939,0.6053517460823059,0.7089687585830688,-0.7927178144454956,-1.0797512531280518,0.46221503615379333,-0.027523282915353775,-0.3299579620361328,1.1046116352081299,-1.4512550830841064,-0.05410081893205643,-0.6046773791313171,0.3005848824977875,-0.022298043593764305,-1.4075496196746826,0.8534262776374817,0.4013912081718445,-0.7351271510124207,0.09894130378961563,1.6418085098266602,-1.0585442781448364,-0.20091299712657928,-0.10064389556646347,0.0943908616900444,0.042142756283283234,0.7696019411087036,-1.4928478002548218,1.6389083862304688,0.5642613172531128,1.4902424812316895,-1.906651496887207,0.791882336139679,-0.10535261780023575,0.6254687905311584,0.730719268321991,-0.806135356426239,-1.1148037910461426,0.4924921989440918,-0.030846375972032547,-0.31587475538253784,1.1224697828292847,-1.4907407760620117,-0.04076913371682167,-0.5972572565078735,0.3068268597126007,-0.030761662870645523,-1.4490169286727905,0.8671746253967285,0.4110690653324127,-0.7653406858444214,0.11166640371084213,1.678148627281189,-1.115670919418335
B,masked_6d,2,790,3,2,790_T3_P1_R2,25,5,-0.17153829336166382,-0.12705892324447632,0.1053275316953659,0.022506754845380783,0.754962682723999,-1.4364904165267944,1.611018419265747,0.5277758836746216,1.425087571144104,-1.8444335460662842,0.7659642696380615,-0.12335310131311417,0.5961412787437439,0.6809304356575012,-0.7817508578300476,-1.0194084644317627,0.46022945642471313,-0.0422750823199749,-0.30045458674430847,1.0880095958709717,-1.4290833473205566,-0.04408742114901543,-0.5874273180961609,0.2736717760562897,-0.028599271550774574,-1.3804681301116943,0.8408634066581726,0.40456780791282654,-0.7024922966957092,0.07829801738262177,1.5883214473724365,-1.0255688428878784,-0.14069664478302002,-0.19759716093540192,0.1484679877758026,-0.039503347128629684,0.7917395830154419,-1.5043805837631226,1.6233028173446655,0.5593105554580688,1.431747555732727,-1.828169584274292,0.6908683776855469,-0.17040057480335236,0.5628712773323059,0.6627987623214722,-0.7123917937278748,-0.9057819247245789,0.5364802479743958,-0.17202168703079224,-0.2585647702217102,0.9967830777168274,-1.4282931089401245,0.08863323926925659,-0.529309093952179,0.21853439509868622,0.025307882577180862,-1.4462904930114746,0.8986059427261353,0.5000696778297424,-0.7143046259880066,0.030102502554655075,1.5460097789764404,-1.087245225906372
B,masked_angular_velocity,0,252,1,1,252_T1_P1_R1,23,5,0.7147661447525024,-1.1509809494018555,-0.02076129801571369,-0.48519641160964966,0.8539039492607117,0.81572425365448,-0.3517007827758789,-1.9269077777862549,-1.0354894399642944,0.06302924454212189,0.7662164568901062,1.0908567905426025,0.010623008944094181,-1.7235265970230103,0.35962945222854614,1.6300445795059204,-1.4731649160385132,0.9923418760299683,-0.3593341112136841,-0.7598228454589844,-1.1760482788085938,0.9316202998161316,-0.8268612027168274,-0.004316495265811682,1.2681701183319092,0.16876021027565002,-1.0247248411178589,1.4010326862335205,0.5805263519287109,-0.2620580792427063,-0.014757643453776836,1.1028443574905396,0.7807208299636841,-1.0948458909988403,-0.045277465134859085,-0.5101920962333679,0.8596189618110657,0.7616485357284546,-0.413698673248291,-1.9002145528793335,-1.0154578685760498,0.10015811026096344,0.7203603982925415,1.1059916019439697,0.05745730549097061,-1.778957724571228,0.3982439637184143,1.570557951927185,-1.4369380474090576,0.9909704327583313,-0.3794066309928894,-0.7620472311973572,-1.1777985095977783,0.94170743227005,-0.8665696978569031,0.06570912897586823,1.288307785987854,0.16494357585906982,-1.007310152053833,1.428574562072754,0.5638078451156616,-0.3517308235168457,-0.02330322191119194,1.1075122356414795
B,masked_angular_velocity,0,252,1,2,252_T1_P1_R2,25,5,0.6579750180244446,-1.1385771036148071,-0.052656661719083786,-0.509490966796875,0.8559304475784302,0.8699284791946411,-0.32242530584335327,-1.9442392587661743,-1.0562283992767334,0.07140472531318665,0.7450745105743408,1.102918267250061,-0.012383030727505684,-1.703346610069275,0.3561181128025055,1.6751935482025146,-1.4960485696792603,1.0196624994277954,-0.3770968019962311,-0.7811374664306641,-1.1799529790878296,0.9037958979606628,-0.8007373809814453,-0.02786923013627529,1.250220537185669,0.18144942820072174,-1.0487959384918213,1.4091217517852783,0.5990141034126282,-0.18950504064559937,-0.005892292596399784,1.1013387441635132,0.7019784450531006,-1.104309320449829,-0.008016088977456093,-0.538386344909668,0.8331697583198547,0.8966056704521179,-0.3480064272880554,-1.9505943059921265,-1.0697964429855347,0.1330685317516327,0.7014600038528442,1.095873236656189,-0.016143355518579483,-1.7592990398406982,0.4212125241756439,1.6862926483154297,-1.5326818227767944,1.0171838998794556,-0.4001108705997467,-0.7484036087989807,-1.1886438131332397,0.975808322429657,-0.814556896686554,-0.03938005864620209,1.2636799812316895,0.24225983023643494,-1.0840787887573242,1.377855658531189,0.5528799295425415,-0.167663112282753,-0.035181738436222076,1.0570628643035889
B,masked_angular_velocity,0,252,2,1,252_T2_P1_R1,25,5,0.6846688985824585,-1.1677756309509277,-0.08008982241153717,-0.521153450012207,0.9095050692558289,0.7888985872268677,-0.343241423368454,-1.9198954105377197,-1.0487805604934692,0.039038944989442825,0.7736468315124512,1.137510061264038,0.04204553738236427,-1.7059917449951172,0.30339211225509644,1.6304311752319336,-1.4579684734344482,1.0109425783157349,-0.3876383304595947,-0.8009465336799622,-1.1606254577636719,0.8974736928939819,-0.8340269923210144,0.03966120257973671,1.274902105331421,0.10383856296539307,-1.0326082706451416,1.4459868669509888,0.6045981645584106,-0.28347283601760864,0.04201609641313553,1.1685479879379272,0.7561020255088806,-1.102707862854004,-0.10806505382061005,-0.5509405732154846,0.9415619969367981,0.7292560338973999,-0.3478095829486847,-1.9061294794082642,-1.0580281019210815,0.09253676235675812,0.7268503904342651,1.1541883945465088,0.056860607117414474,-1.7294886112213135,0.36488476395606995,1.5121700763702393,-1.4022009372711182,1.001588225364685,-0.44312137365341187,-0.7605212926864624,-1.1081840991973877,0.9271222352981567,-0.8666236996650696,0.16515538096427917,1.2590916156768799,0.06161317229270935,-1.030098557472229,1.4728319644927979,0.5714958906173706,-0.39708569645881653,0.0365857370197773,1.1300203800201416
B,masked_angular_velocity,0,252,2,2,252_T2_P1_R2,25,5,0.6982362270355225,-1.1264313459396362,-0.0706021636724472,-0.5261163711547852,0.8905210494995117,0.804979681968689,-0.3707669973373413,-1.890213966369629,-1.058748483657837,0.062252797186374664,0.7302423715591431,1.1079634428024292,0.01972157321870327,-1.6946251392364502,0.37464362382888794,1.5833418369293213,-1.4372241497039795,1.01810884475708,-0.3994579315185547,-0.7734422087669373,-1.1605594158172607,0.9009268879890442,-0.7993093729019165,0.04346027970314026,1.2549216747283936,0.11625240743160248,-1.0068188905715942,1.4201555252075195,0.5771133303642273,-0.29298096895217896,0.016753168776631355,1.1281914710998535,0.7581567764282227,-1.0717651844024658,-0.06523972004652023,-0.5661689639091492,0.8838199377059937,0.7940448522567749,-0.4299117624759674,-1.8960689306259155,-1.0575519800186157,0.14368747174739838,0.6580630540847778,1.139115571975708,0.02108282782137394,-1.7578458786010742,0.47874683141708374,1.510119915008545,-1.412379503250122,1.06186842918396,-0.44687238335609436,-0.7476264238357544,-1.1669056415557861,0.9784290790557861,-0.8521448969841003,0.111838199198246,1.2776663303375244,0.1372716873884201,-1.0101196765899658,1.4162391424179077,0.5427120327949524,-0.3663765490055084,-0.026950128376483917,1.0928400754928589
B,masked_angular_velocity,0,252,3,1,252_T3_P1_R1,25,5,0.6524497866630554,-1.0480647087097168,-0.1698346734046936,-0.49842604994773865,0.8524956703186035,0.7454647421836853,-0.47849902510643005,-1.7271257638931274,-0.9546003341674805,0.1012837290763855,0.7360610365867615,0.9358593225479126,0.04463588446378708,-1.6327120065689087,0.38117367029190063,1.5190995931625366,-1.2960418462753296,0.9336554408073425,-0.3051430583000183,-0.7402434945106506,-1.1864643096923828,0.723361074924469,-0.5886433720588684,0.07807589322328568,1.194146752357483,0.12320287525653839,-0.8687141537666321,1.3564367294311523,0.552213191986084,-0.41314753890037537,0.008340595290064812,1.0570099353790283,0.6323288679122925,-1.0395570993423462,-0.12731961905956268,-0.5052103400230408,0.8640397787094116,0.7998477220535278,-0.4296179711818695,-1.7818018198013306,-0.9226971864700317,0.0923687219619751,0.7730595469474792,0.9429029226303101,0.021203238517045975,-1.6286156177520752,0.30801665782928467,1.5903618335723877,-1.346471905708313,0.9132145047187805,-0.2910575568675995,-0.7557074427604675,-1.1614627838134766,0.7345952391624451,-0.677566409111023,-0.015192633494734764,1.185652494430542,0.15562431514263153,-0.938687801361084,1.35964035987854,0.5763189792633057,-0.2914210259914398,0.021414747461676598,1.047834038734436
B,masked_angular_velocity,0,252,3,2,252_T3_P1_R2,24,5,0.6354049444198608,-1.0550639629364014,-0.08178497850894928,-0.48670077323913574,0.8075544238090515,0.8340947031974792,-0.49164190888404846,-1.7585620880126953,-0.9829282760620117,0.10027433931827545,0.7778270244598389,0.902357280254364,-0.023830939084291458,-1.6272995471954346,0.41386812925338745,1.6206789016723633,-1.3898143768310547,0.9534972310066223,-0.26742294430732727,-0.6994273066520691,-1.2300784587860107,0.7463397979736328,-0.548592746257782,-0.0152475880458951,1.1830148696899414,0.22460155189037323,-0.9168431162834167,1.306344985961914,0.5195664167404175,-0.299186110496521,-0.05722379684448242,1.0055153369903564,0.588633120059967,-0.9740832448005676,-0.08670265972614288,-0.5200938582420349,0.7819404602050781,0.9178823232650757,-0.4988629221916199,-1.736135482788086,-0.9451674222946167,0.15092942118644714,0.7493607997894287,0.8473199009895325,-0.06258220970630646,-1.6265342235565186,0.4239491820335388,1.6669365167617798,-1.3786672353744507,0.9349806904792786,-0.2522270679473877,-0.6924842596054077,-1.2271664142608643,0.7172786593437195,-0.5128418207168579,-0.10011206567287445,1.1503256559371948,0.27855706214904785,-0.9333885908126831,1.261232852935791,0.5077857971191406,-0.20121672749519348,-0.08451607823371887,0.9382365345954895
B,masked_angular_velocity,0,651,1,1,651_T1_P1_R1,24,5,0.7524086236953735,-1.1733951568603516,-0.08855964988470078,-0.6178087592124939,0.9898654818534851,0.8003986477851868,-0.3163057267665863,-2.003056287765503,-1.092707872390747,0.11422468721866608,0.716083288192749,1.2590811252593994,0.046856217086315155,-1.7941396236419678,0.3613874316215515,1.584983229637146,-1.4771698713302612,1.0421969890594482,-0.506022572517395,-0.8225709795951843,-1.0962085723876953,1.0379871129989624,-0.977711021900177,0.06339046359062195,1.3406121730804443,0.06042032688856125,-1.137037754058838,1.5028212070465088,0.5998033285140991,-0.2711673378944397,0.061814092099666595,1.203277349472046,0.7531836032867432,-1.2031115293502808,-0.021111443638801575,-0.6235710978507996,0.9625571966171265,0.8826504945755005,-0.31584393978118896,-2.0539262294769287,-1.0934103727340698,0.07681585848331451,0.7681061029434204,1.2475610971450806,0.018806330859661102,-1.850055456161499,0.3066149055957794,1.7664568424224854,-1.5766637325286865,1.043199896812439,-0.447194904088974,-0.8503230214118958,-1.1300675868988037,1.0571138858795166,-1.061389684677124,-0.07140602171421051,1.365301489830017,0.17802217602729797,-1.1741728782653809,1.4715099334716797,0.6241913437843323,-0.1215410828590393,0.06166831776499748,1.1989418268203735
B,masked_angular_velocity,0,651,1,2,651_T1_P1_R2,24,5,0.6978377103805542,-1.1276355981826782,-0.2445647269487381,-0.6371361613273621,1.0450184345245361,0.7130862474441528,-0.3017151355743408,-1.9259278774261475,-1.042422890663147,0.1267702430486679,0.6472031474113464,1.2747936248779297,0.11673711240291595,-1.7251551151275635,0.3106693625450134,1.4355356693267822,-1.3462342023849487,1.0279736518859863,-0.5473564863204956,-0.8521742820739746,-1.0409294366836548,0.944707989692688,-0.953032374382019,0.1902255117893219,1.302962303161621,-0.09531495720148087,-1.0844975709915161,1.5612550973892212,0.6453553438186646,-0.3716728091239929,0.1448584794998169,1.2434686422348022,0.6892305612564087,-1.0870015621185303,-0.35394343733787537,-0.6554365158081055,1.0573341846466064,0.659286379814148,-0.34573468565940857,-1.8959747552871704,-0.9812153577804565,0.1535314917564392,0.6067185401916504,1.2650973796844482,0.16983532905578613,-1.748844861984253,0.2925819754600525,1.4146392345428467,-1.275665283203125,1.0257679224014282,-0.5440996885299683,-0.8999876976013184,-1.0422229766845703,0.8848293423652649,-0.9713433980941772,0.26323840022087097,1.3047200441360474,-0.11411037296056747,-1.041338562965393,1.6042636632919312,0.6766384243965149,-0.4270685315132141,0.17625239491462708,1.2565467357635498
B,masked_angular_velocity,0,651,2,1,651_T2_P1_R1,25,5,0.752947986125946,-1.0869077444076538,-0.17050743103027344,-0.6328266263008118,0.9718769788742065,0.7002255916595459,-0.4095114767551422,-1.8955360651016235,-1.101133108139038,0.20901072025299072,0.6149144172668457,1.2187503576278687,0.07439524680376053,-1.7431951761245728,0.4847473204135895,1.4371167421340942,-1.3674800395965576,1.0540751218795776,-0.5324348211288452,-0.7603203058242798,-1.1219160556793213,0.9875500798225403,-0.8270235061645508,0.23150363564491272,1.3227946758270264,0.042042940855026245,-1.0670284032821655,1.4873363971710205,0.5435563325881958,-0.43915462493896484,-0.006774065550416708,1.149548888206482,0.723207950592041,-1.0797446966171265,-0.13310489058494568,-0.6490141749382019,0.9289989471435547,0.777161717414856,-0.4354591965675354,-1.9031060934066772,-1.098454475402832,0.21669873595237732,0.616493821144104,1.1865499019622803,0.0483347550034523,-1.7725458145141602,0.5028911828994751,1.5400587320327759,-1.4288312196731567,1.0519025325775146,-0.5126739740371704,-0.7676154971122742,-1.163475751876831,1.0006310939788818,-0.8248165249824524,0.16014954447746277,1.3308621644973755,0.13566631078720093,-1.0870964527130127,1.4368135929107666,0.547487735748291,-0.3306814730167389,-0.011426292359828949,1.1161447763442993
B,masked_angular_velocity,0,651,2,2,651_T2_P1_R2,26,5,0.7591139674186707,-1.1051913499832153,-0.12190224230289459,-0.5836326479911804,0.9350987672805786,0.7295472025871277,-0.39539390802383423,-1.91371750831604,-1.078404188156128,0.18622547388076782,0.6471543908119202,1.1833138465881348,0.06236405298113823,-1.7434965372085571,0.4542340636253357,1.4910920858383179,-1.4001858234405518,1.0380288362503052,-0.4812259078025818,-0.7682398557662964,-1.1454702615737915,0.9832927584648132,-0.8235604166984558,0.16108472645282745,1.3111034631729126,0.08593496680259705,-1.064392328262329,1.4580647945404053,0.5418933629989624,-0.38298970460891724,-0.01906900480389595,1.1301287412643433,0.7173913717269897,-1.1108472347259521,-0.14373235404491425,-0.6057463884353638,0.9345041513442993,0.7739294767379761,-0.3703724145889282,-1.9422798156738281,-1.06162428855896,0.1698070466518402,0.6533315777778625,1.2087843418121338,0.05745159462094307,-1.7672271728515625,0.38977932929992676,1.5853068828582764,-1.4312140941619873,1.0424906015396118,-0.470459520816803,-0.8137136697769165,-1.145432710647583,0.9803760647773743,-0.8948295712471008,0.10709909349679947,1.316598892211914,0.10900960117578506,-1.090192198753357,1.4625475406646729,0.5978357195854187,-0.27975043654441833,0.021290132775902748,1.1408185958862305
B,masked_angular_velocity,0,651,3,1,651_T3_P1_R1,24,5,0.726472795009613,-1.1753767728805542,0.008479337207973003,-0.5188795924186707,0.8714489936828613,0.8336639404296875,-0.3679599165916443,-1.9601119756698608,-1.0657862424850464,0.08144359290599823,0.7664603590965271,1.1329256296157837,0.0018893752712756395,-1.7530431747436523,0.38600653409957886,1.64639151096344,-1.50730562210083,1.0221765041351318,-0.3904656171798706,-0.7720602750778198,-1.1889798641204834,0.9848817586898804,-0.8476923108100891,-0.0001367118238704279,1.3008958101272583,0.1898650825023651,-1.07391357421875,1.4057002067565918,0.5671859383583069,-0.24546822905540466,-0.01860952377319336,1.122096300125122,0.6995436549186707,-1.1900676488876343,-0.004723695106804371,-0.5424755811691284,0.8719936609268188,0.8673825263977051,-0.38188523054122925,-1.9751230478286743,-1.076128602027893,0.07974690943956375,0.7644386291503906,1.1671682596206665,0.004778961651027203,-1.787250280380249,0.3925821781158447,1.6930630207061768,-1.535688042640686,1.035685420036316,-0.41493597626686096,-0.8001621961593628,-1.2020128965377808,1.0134656429290771,-0.8776963949203491,-0.013027235865592957,1.3174687623977661,0.21225062012672424,-1.0902602672576904,1.419877290725708,0.5768733620643616,-0.20107445120811462,0.003000472439453006,1.138244390487671
B,masked_angular_velocity,0,651,3,2,651_T3_P1_R2,24,5,0.7291925549507141,-1.1846590042114258,0.002646263688802719,-0.5289438962936401,0.8800603151321411,0.836188793182373,-0.34705883264541626,-1.9716180562973022,-1.0678000450134277,0.07911316305398941,0.7533028721809387,1.1533123254776,0.014586826786398888,-1.7653343677520752,0.35834330320358276,1.665062665939331,-1.5157475471496582,1.0323275327682495,-0.3948473632335663,-0.7792102694511414,-1.1855357885360718,0.9920419454574585,-0.8766981959342957,-0.022451942786574364,1.3112080097198486,0.17976224422454834,-1.0901851654052734,1.4148141145706177,0.5811640024185181,-0.2209136039018631,-0.014185667037963867,1.1463508605957031,0.7399069666862488,-1.1384282112121582,0.030803948640823364,-0.5327700972557068,0.8646273612976074,0.8631079792976379,-0.3470587432384491,-1.9624865055084229,-1.0306180715560913,0.09259523451328278,0.7527694702148438,1.1215795278549194,0.006012544967234135,-1.7686471939086914,0.3445855975151062,1.6710970401763916,-1.5192309617996216,1.0062671899795532,-0.3811023533344269,-0.7925765514373779,-1.1746923923492432,0.979204535484314,-0.8969337344169617,-0.07020118832588196,1.2982860803604126,0.21194088459014893,-1.0940970182418823,1.3872555494308472,0.5815433263778687,-0.18441824615001678,-0.008829987607896328,1.1122705936431885
B,masked_angular_velocity,0,671,1,1,671_T1_P1_R1,26,5,0.746233344078064,-1.1896402835845947,0.0393148772418499,-0.5232769250869751,0.8806478381156921,0.8426753282546997,-0.37114638090133667,-1.956634521484375,-1.0917078256607056,0.05533488839864731,0.7904272675514221,1.1144421100616455,-0.0014298178721219301,-1.738276720046997,0.3952893912792206,1.6362781524658203,-1.5263553857803345,1.0297625064849854,-0.39500102400779724,-0.745769739151001,-1.1783297061920166,0.9812868237495422,-0.8397320508956909,-0.0048875948414206505,1.2930105924606323,0.16987404227256775,-1.068958044052124,1.4079508781433105,0.5496088862419128,-0.26987752318382263,-0.0027659654151648283,1.1363146305084229,0.7171658873558044,-1.1899182796478271,0.0322992242872715,-0.5313529372215271,0.8653764724731445,0.8771588802337646,-0.3764599561691284,-1.9705767631530762,-1.0795973539352417,0.05389976128935814,0.8085182309150696,1.1073499917984009,-0.013109168969094753,-1.7597535848617554,0.37477192282676697,1.7128480672836304,-1.5516566038131714,1.0361229181289673,-0.37275657057762146,-0.7576377987861633,-1.1945500373840332,0.974043071269989,-0.8584802150726318,-0.033550459891557693,1.2930066585540771,0.2207561731338501,-1.0764724016189575,1.4002662897109985,0.5635296702384949,-0.21592015027999878,-0.0031263604760169983,1.1183921098709106
B,masked_angular_velocity,0,671,1,2,671_T1_P1_R2,24,5,0.7561913728713989,-1.1586430072784424,-0.04370185732841492,-0.544014573097229,0.9150635600090027,0.7759314179420471,-0.3785426914691925,-1.9287818670272827,-1.0841481685638428,0.09710892289876938,0.7340642809867859,1.1378270387649536,0.026826154440641403,-1.726500153541565,0.42469945549964905,1.5280563831329346,-1.4511717557907104,1.0354340076446533,-0.43967026472091675,-0.7514954209327698,-1.144586443901062,0.9697316884994507,-0.8221079111099243,0.10476074367761612,1.2866160869598389,0.09163019061088562,-1.044861078262329,1.4470006227493286,0.5512276887893677,-0.37114548683166504,0.014028118923306465,1.1420104503631592,0.7369894981384277,-1.1335581541061401,-0.1493198275566101,-0.5759463906288147,0.9679089784622192,0.7413476705551147,-0.35459333658218384,-1.9463752508163452,-1.0552934408187866,0.12029814720153809,0.715950608253479,1.187687635421753,0.04529218375682831,-1.7335283756256104,0.3777315020561218,1.5086556673049927,-1.4106260538101196,1.054084062576294,-0.46186065673828125,-0.8062591552734375,-1.1015307903289795,0.942835807800293,-0.8771279454231262,0.1820986270904541,1.2800607681274414,0.0389726422727108,-1.0462455749511719,1.5044084787368774,0.594036340713501,-0.3992219567298889,0.057639338076114655,1.1459842920303345
B,masked_angular_velocity,0,671,2,1,671_T2_P1_R1,24,5,0.7977892160415649,-1.1173412799835205,-0.1801486760377884,-0.6168473362922668,1.0210351943969727,0.6774986386299133,-0.37364649772644043,-1.940116286277771,-1.097626805305481,0.16337433457374573,0.5991388559341431,1.2583683729171753,0.12525853514671326,-1.7600300312042236,0.4107082486152649,1.418634057044983,-1.3789305686950684,1.081392765045166,-0.5131655931472778,-0.838233470916748,-1.1056609153747559,0.9995113611221313,-0.9569664001464844,0.20372533798217773,1.3489257097244263,-0.02004249021410942,-1.0600835084915161,1.5420186519622803,0.6008127927780151,-0.4387021064758301,0.060933344066143036,1.2233206033706665,0.7966045141220093,-1.0808515548706055,-0.20614103972911835,-0.6918478608131409,1.098804235458374,0.6952803730964661,-0.32217398285865784,-1.9675893783569336,-1.1166101694107056,0.2065030038356781,0.5811951160430908,1.3312500715255737,0.10348484665155411,-1.7556079626083374,0.4233773350715637,1.339392900466919,-1.3614122867584229,1.0826795101165771,-0.6152768731117249,-0.848281979560852,-1.0090227127075195,1.0370686054229736,-1.0170842409133911,0.24134305119514465,1.3469558954238892,-0.10172393172979355,-1.1295136213302612,1.577225685119629,0.6168859601020813,-0.4414878487586975,0.10844699293375015,1.2139548063278198
B,masked_angular_velocity,0,671,2,2,671_T2_P1_R2,27,5,0.7951961755752563,-1.0271766185760498,-0.23402300477027893,-0.6183077096939087,1.0358104705810547,0.612403154373169,-0.3757592737674713,-1.858323335647583,-1.0508042573928833,0.20923538506031036,0.552676796913147,1.2366536855697632,0.15932472050189972,-1.7187213897705078,0.40050268173217773,1.2917836904525757,-1.2838212251663208,1.0211330652236938,-0.5360007286071777,-0.8270981907844543,-1.038856863975525,0.9479960203170776,-0.9363482594490051,0.27323591709136963,1.3162119388580322,-0.10431408882141113,-1.0344823598861694,1.5426578521728516,0.6045612096786499,-0.5138922929763794,0.07968512177467346,1.1888598203659058,0.817844033241272,-1.0420992374420166,-0.23417732119560242,-0.6452239751815796,1.0700714588165283,0.6082072257995605,-0.3831459581851959,-1.9145357608795166,-1.0677903890609741,0.22026796638965607,0.5575957298278809,1.2833359241485596,0.1587107926607132,-1.7630512714385986,0.39769020676612854,1.31197190284729,-1.3185830116271973,1.067167043685913,-0.5635148286819458,-0.852493941783905,-1.0315220355987549,0.9848319292068481,-1.0129806995391846,0.3032163083553314,1.3566819429397583,-0.10576577484607697,-1.066845417022705,1.589894413948059,0.6258819699287415,-0.5280935764312744,0.08747652918100357,1.2125465869903564
B,masked_angular_velocity,0,671,3,1,671_T3_P1_R1,27,5,0.7636622190475464,-1.0639714002609253,-0.23894722759723663,-0.5182883143424988,0.9255207777023315,0.5533818006515503,-0.408186674118042,-1.7548506259918213,-1.1099059581756592,0.15330274403095245,0.545536994934082,1.153451919555664,0.11372172832489014,-1.6239064931869507,0.5236161351203918,1.2243188619613647,-1.2392752170562744,1.0398142337799072,-0.5143539309501648,-0.7082508206367493,-1.0880060195922852,0.8876649141311646,-0.7222152948379517,0.38020962476730347,1.2563257217407227,-0.08196229487657547,-0.8785048723220825,1.4890012741088867,0.5417002439498901,-0.6355144381523132,-0.01179004181176424,1.1411553621292114,0.7434253692626953,-1.0977680683135986,-0.18256844580173492,-0.5573546290397644,0.9292583465576172,0.6675203442573547,-0.3518211245536804,-1.8367582559585571,-1.1404038667678833,0.1591486930847168,0.5493706464767456,1.202260971069336,0.07115191966295242,-1.6696220636367798,0.5092356204986572,1.3299742937088013,-1.3259140253067017,1.060882806777954,-0.5321574807167053,-0.7177904844284058,-1.095888376235962,0.9737182855606079,-0.7822710275650024,0.25565385818481445,1.2885401248931885,-0.017117490991950035,-0.9749482870101929,1.4591660499572754,0.55118727684021,-0.4909152090549469,-0.012364236637949944,1.1464011669158936
B,masked_angular_velocity,0,671,3,2,671_T3_P1_R2,28,5,0.6996834874153137,-1.0753148794174194,-0.10826210677623749,-0.5779205560684204,0.9016777873039246,0.7700613141059875,-0.38620156049728394,-1.8210399150848389,-1.1089425086975098,0.15704461932182312,0.5945477485656738,1.0803594589233398,0.022505080327391624,-1.6257632970809937,0.46524176001548767,1.474185824394226,-1.3970720767974854,1.038783073425293,-0.4306146502494812,-0.7318466305732727,-1.1308472156524658,0.8897643089294434,-0.712905764579773,0.08625690639019012,1.254126787185669,0.09970841556787491,-0.9897383451461792,1.382948398590088,0.5404865741729736,-0.3357900083065033,-0.004901821259409189,1.090338945388794,0.7376742959022522,-1.1002490520477295,-0.1418599933385849,-0.6249960660934448,0.9791780710220337,0.7587968707084656,-0.36607807874679565,-1.8885799646377563,-1.11977219581604,0.16045255959033966,0.6018728017807007,1.1558101177215576,0.04839519038796425,-1.6830618381500244,0.41433748602867126,1.501664161682129,-1.4276623725891113,1.073273777961731,-0.4621044993400574,-0.7805306315422058,-1.0973180532455444,0.9348718523979187,-0.8473523259162903,0.10163316875696182,1.3028695583343506,0.052791617810726166,-1.0385851860046387,1.4471702575683594,0.585326611995697,-0.3439651131629944,0.047235626727342606,1.145857810974121
B,masked_angular_velocity,0,790,1,1,790_T1_P1_R1,25,5,0.6895400881767273,-1.068092703819275,-0.12867118418216705,-0.5311633348464966,0.889999508857727,0.747435450553894,-0.39658546447753906,-1.853226661682129,-0.9965754747390747,0.09555958211421967,0.6983004808425903,1.0630956888198853,0.03548211604356766,-1.6676216125488281,0.3625773787498474,1.5069904327392578,-1.3679025173187256,1.0293538570404053,-0.3921922743320465,-0.7750016450881958,-1.1514644622802734,0.8112394213676453,-0.7712427973747253,0.11963222175836563,1.2326083183288574,0.08939540386199951,-0.9635008573532104,1.455619215965271,0.6100141406059265,-0.3814534842967987,0.016143696382641792,1.1144756078720093,0.7432001233100891,-1.015758991241455,-0.07560338079929352,-0.5126820802688599,0.830395519733429,0.7734049558639526,-0.44706934690475464,-1.8230340480804443,-0.9594605565071106,0.14663484692573547,0.6692781448364258,0.9978690147399902,0.020697036758065224,-1.7046411037445068,0.4200526177883148,1.5061633586883545,-1.366425633430481,0.9863543510437012,-0.38111743330955505,-0.748673677444458,-1.170276403427124,0.8527458310127258,-0.7680598497390747,0.07100275158882141,1.2239549160003662,0.17248599231243134,-0.9538769721984863,1.3890310525894165,0.583116888999939,-0.3476915657520294,-0.02503819391131401,1.0269534587860107
B,masked_angular_velocity,0,790,1,2,790_T1_P1_R2,26,5,0.720731794834137,-1.1051205396652222,-0.09617508947849274,-0.49753934144973755,0.8564766049385071,0.7348166108131409,-0.4302842617034912,-1.8380506038665771,-1.0409988164901733,0.10253779590129852,0.6762818098068237,1.0606135129928589,0.032851651310920715,-1.6802523136138916,0.41415661573410034,1.505501627922058,-1.3995606899261475,1.0410330295562744,-0.3917716443538666,-0.7402345538139343,-1.1915347576141357,0.8624069094657898,-0.7262266874313354,0.12621499598026276,1.2549797296524048,0.12958186864852905,-0.9519912004470825,1.4221813678741455,0.5760326385498047,-0.38886117935180664,-0.0394776426255703,1.1232625246047974,0.8119479417800903,-1.1294162273406982,-0.13501137495040894,-0.5175821185112,0.8571054339408875,0.6334189176559448,-0.5247321128845215,-1.83768630027771,-1.0521444082260132,0.13192030787467957,0.6170168519020081,1.075033187866211,0.08451706171035767,-1.7627195119857788,0.4942629337310791,1.4444376230239868,-1.3814387321472168,1.1127153635025024,-0.43376001715660095,-0.7243337631225586,-1.224753975868225,0.8908368349075317,-0.7432281970977783,0.2704212963581085,1.3211814165115356,0.12721867859363556,-0.8976890444755554,1.49265456199646,0.5763406753540039,-0.5748789310455322,-0.07880697399377823,1.189992904663086
B,masked_angular_velocity,0,790,2,1,790_T2_P1_R1,25,5,0.7884784936904907,-1.0742722749710083,-0.14850792288780212,-0.5273247957229614,0.9168960452079773,0.6626545190811157,-0.4548845887184143,-1.8429467678070068,-0.9732920527458191,0.10688488185405731,0.6790512800216675,1.1012520790100098,0.11313240230083466,-1.7451931238174438,0.3725965917110443,1.440461277961731,-1.331247329711914,1.0169484615325928,-0.39794906973838806,-0.8010936975479126,-1.1472737789154053,0.8638582229614258,-0.8363611102104187,0.18115755915641785,1.2780288457870483,0.04624757170677185,-0.9474924206733704,1.4979829788208008,0.5894683599472046,-0.48780566453933716,0.020550936460494995,1.1596893072128296,0.856840968132019,-1.0752984285354614,-0.11948327720165253,-0.5318047404289246,0.8892289400100708,0.6331303715705872,-0.5207468867301941,-1.8306282758712769,-0.9962544441223145,0.11429066956043243,0.6518275737762451,1.1064376831054688,0.14222781360149384,-1.8121129274368286,0.4169451892375946,1.4524329900741577,-1.3367643356323242,1.0409436225891113,-0.4060545563697815,-0.7905641198158264,-1.1966203451156616,0.914470911026001,-0.8522971868515015,0.2136370986700058,1.3124761581420898,0.09098060429096222,-0.9321306347846985,1.492883324623108,0.5618741512298584,-0.5383842587471008,-0.008646431379020214,1.1760752201080322
B,masked_angular_velocity,0,790,2,2,790_T2_P1_R2,26,5,0.7178839445114136,-1.0585424900054932,-0.10081078857183456,-0.5071508884429932,0.871320366859436,0.7177220582962036,-0.4303615987300873,-1.8183845281600952,-0.9651334881782532,0.06807666271924973,0.71673983335495,1.0292295217514038,0.08050260692834854,-1.6931654214859009,0.3492046296596527,1.4923207759857178,-1.3542922735214233,0.9982523918151855,-0.34958723187446594,-0.7862405776977539,-1.1541976928710938,0.7874776124954224,-0.7806388139724731,0.1083255186676979,1.2357864379882812,0.09831855446100235,-0.9188706278800964,1.4626200199127197,0.578982949256897,-0.434450626373291,0.028387418016791344,1.1307120323181152,0.746551513671875,-1.0719263553619385,-0.10627312958240509,-0.5090078711509705,0.8895357251167297,0.7548508048057556,-0.4291653633117676,-1.8667042255401611,-0.943494975566864,0.0843132883310318,0.7268210649490356,1.0316931009292603,0.0904102474451065,-1.7364546060562134,0.29460158944129944,1.5600147247314453,-1.3975027799606323,0.9976568222045898,-0.33209553360939026,-0.8322076797485352,-1.175519585609436,0.8063124418258667,-0.8212639093399048,0.0477152094244957,1.2608814239501953,0.12922349572181702,-0.9653263092041016,1.471713662147522,0.6011975407600403,-0.35918182134628296,0.0329289548099041,1.1462972164154053
B,masked_angular_velocity,0,790,3,1,790_T3_P1_R1,27,5,0.7400778532028198,-1.1099193096160889,-0.185652956366539,-0.5293036699295044,0.9405925869941711,0.6855436563491821,-0.351029634475708,-1.873165488243103,-1.0037944316864014,0.08936354517936707,0.6571470499038696,1.1692371368408203,0.1169406995177269,-1.7232261896133423,0.30312496423721313,1.4803556203842163,-1.3456504344940186,1.011315107345581,-0.4347459673881531,-0.8301442861557007,-1.1297132968902588,0.883197009563446,-0.8695279955863953,0.14629006385803223,1.2737468481063843,0.003347989870235324,-0.9864853620529175,1.513520359992981,0.6298149824142456,-0.3941958248615265,0.0641501322388649,1.188157558441162,0.8173116445541382,-1.1271201372146606,-0.15404066443443298,-0.5502661466598511,0.9307006597518921,0.6980058550834656,-0.3977626860141754,-1.915964126586914,-0.978931725025177,0.10236287117004395,0.6548906564712524,1.193796992301941,0.1582697182893753,-1.8312889337539673,0.2840178608894348,1.5456154346466064,-1.3918018341064453,1.0419889688491821,-0.43028125166893005,-0.8524467349052429,-1.1618428230285645,0.9370541572570801,-0.9763386845588684,0.11070317029953003,1.3328033685684204,0.06255058944225311,-1.016518235206604,1.5295644998550415,0.6301665306091309,-0.39396968483924866,0.05510758236050606,1.2318028211593628
B,masked_angular_velocity,0,790,3,2,790_T3_P1_R2,25,5,0.731242299079895,-1.0794941186904907,-0.1732741743326187,-0.46393051743507385,0.8781083822250366,0.6349278688430786,-0.3808611035346985,-1.7724964618682861,-0.9898761510848999,0.06487391889095306,0.6678176522254944,1.095715880393982,0.11731678247451782,-1.6733169555664062,0.35195237398147583,1.4350740909576416,-1.2836217880249023,0.9435051083564758,-0.3886090815067291,-0.7788016200065613,-1.141970157623291,0.8206908106803894,-0.7738662958145142,0.163905069231987,1.2350633144378662,0.020487675443291664,-0.8959808349609375,1.4582463502883911,0.5801461338996887,-0.4566551744937897,0.02670258842408657,1.1406748294830322,0.8102725744247437,-0.9985502362251282,-0.1358952820301056,-0.30736881494522095,0.7691062688827515,0.44514352083206177,-0.4680229723453522,-1.562936782836914,-0.8571376800537109,0.01392134465277195,0.7275069952011108,0.9624854326248169,0.19992761313915253,-1.6554311513900757,0.3083189129829407,1.3165737390518188,-1.1324926614761353,0.7701734900474548,-0.27990099787712097,-0.7121486663818359,-1.1475670337677002,0.7032161951065063,-0.7500842213630676,0.2371586561203003,1.191192865371704,0.014697385020554066,-0.7168505191802979,1.3806113004684448,0.5365768671035767,-0.653573215007782,-0.00928124226629734,1.0917909145355225
B,masked_angular_velocity,1,252,1,1,252_T1_P1_R1,23,5,1.147163987159729,1.4257910251617432,-1.1220040321350098,0.22334837913513184,1.6994483470916748,2.129542827606201,0.2837863862514496,0.879743754863739,-1.723267912864685,1.6526076793670654,-0.7331206798553467,1.4386287927627563,2.0784189701080322,1.0865726470947266,-1.0637521743774414,0.5430231094360352,1.8790286779403687,-0.0737052708864212,-1.5230779647827148,-2.488558530807495,-0.7073953151702881,-0.30707672238349915,-0.8602849245071411,-1.7644941806793213,-2.7140066623687744,-0.8842951059341431,1.8577715158462524,-0.036980051547288895,-1.887160301208496,-1.482453465461731,-0.18001766502857208,0.22550813853740692,1.1910789012908936,1.4156453609466553,-1.117374062538147,0.11226701736450195,1.6971862316131592,2.1192164421081543,0.2569230794906616,0.8700553774833679,-1.6812293529510498,1.622251272201538,-0.7033799886703491,1.3778059482574463,2.1475014686584473,1.0039293766021729,-1.0993824005126953,0.5195165276527405,1.996138334274292,-0.12248110771179199,-1.6544315814971924,-2.385192394256592,-0.6345394253730774,-0.2599447965621948,-0.8430359959602356,-1.7167255878448486,-2.6245644092559814,-0.9132978320121765,1.7688900232315063,-0.02568100020289421,-1.9100840091705322,-1.5445406436920166,-0.15111997723579407,0.29842787981033325
B,masked_angular_velocity,1,252,1,2,252_T1_P1_R2,25,5,1.1656086444854736,1.3869049549102783,-1.0455883741378784,0.17843766510486603,1.7706410884857178,2.0557398796081543,0.292868047952652,0.9701493382453918,-1.7088172435760498,1.6074234247207642,-0.698663592338562,1.3460371494293213,2.0914528369903564,1.1120154857635498,-1.0646107196807861,0.4907357096672058,1.8833900690078735,0.06249796226620674,-1.4834868907928467,-2.545628309249878,-0.6970585584640503,-0.355927050113678,-0.8118478059768677,-1.7848182916641235,-2.697115898132324,-0.9476586580276489,1.8316268920898438,0.030485540628433228,-1.8709373474121094,-1.49336576461792,-0.2851329743862152,0.23547260463237762,1.11543869972229,1.30039381980896,-0.9797700643539429,0.0856262668967247,1.780440092086792,2.0112245082855225,0.3454330563545227,0.9047607183456421,-1.6410716772079468,1.5177819728851318,-0.5394569635391235,1.2397617101669312,2.209235191345215,1.074704885482788,-1.0359272956848145,0.37924179434776306,1.8880069255828857,0.12925687432289124,-1.4827769994735718,-2.4781196117401123,-0.7378491163253784,-0.31406041979789734,-0.7935013175010681,-1.731628656387329,-2.660615921020508,-0.9282652735710144,1.7852561473846436,-0.014435541816055775,-1.7822462320327759,-1.5147814750671387,-0.3519502878189087,0.28368449211120605
B,masked_angular_velocity,1,252,2,1,252_T2_P1_R1,25,5,1.1972450017929077,1.3786884546279907,-1.0529998540878296,0.19921164214611053,1.7544810771942139,2.1213512420654297,0.2530883848667145,0.9447077512741089,-1.7166074514389038,1.6219847202301025,-0.8131366968154907,1.3928149938583374,2.0234222412109375,1.1662421226501465,-1.0768272876739502,0.4832936227321625,1.8754723072052002,-0.03568539395928383,-1.4779999256134033,-2.4318079948425293,-0.6752681136131287,-0.3245190978050232,-0.8337384462356567,-1.7561299800872803,-2.6719207763671875,-0.9276825189590454,1.8324944972991943,-0.01625039055943489,-1.905496597290039,-1.488049030303955,-0.23724429309368134,0.21852314472198486,1.2140541076660156,1.4874885082244873,-1.0797722339630127,0.13719114661216736,1.7944673299789429,1.9297031164169312,0.2596321702003479,0.9639688730239868,-1.7973401546478271,1.650978446006775,-0.6420276165008545,1.3846232891082764,2.1492111682891846,0.9626661539077759,-1.1180522441864014,0.5810686349868774,2.0836658477783203,-0.040298718959093094,-1.6652988195419312,-2.565402030944824,-0.4965830445289612,-0.47483986616134644,-0.8312921524047852,-1.8209956884384155,-2.601116180419922,-1.0963008403778076,1.7510919570922852,0.1469428986310959,-1.9995346069335938,-1.52787184715271,-0.18666402995586395,0.4167878031730652
B,masked_angular_velocity,1,252,2,2,252_T2_P1_R2,25,5,1.2242400646209717,1.3694720268249512,-0.9817795753479004,0.07079406082630157,1.749085783958435,2.042283535003662,0.23416867852210999,1.0047879219055176,-1.7027473449707031,1.5498602390289307,-0.7218660116195679,1.3081731796264648,2.1744141578674316,1.145310640335083,-1.1007219552993774,0.47416138648986816,1.9448235034942627,0.06281115859746933,-1.5591976642608643,-2.425506353378296,-0.6191242337226868,-0.30851417779922485,-0.8808943629264832,-1.762028694152832,-2.664886236190796,-0.9498130679130554,1.7497169971466064,0.007393388543277979,-1.8222930431365967,-1.5233386754989624,-0.27546992897987366,0.242841437458992,1.1688454151153564,1.4722366333007812,-1.0297291278839111,0.0357234925031662,1.714045524597168,1.958791732788086,0.2544485032558441,0.9324254393577576,-1.7710442543029785,1.576304316520691,-0.5079537630081177,1.3667614459991455,2.258960723876953,0.9670213460922241,-1.0726772546768188,0.6331583261489868,2.072451591491699,0.01693258434534073,-1.7338576316833496,-2.5638136863708496,-0.5606187582015991,-0.40565991401672363,-0.8861364126205444,-1.8432443141937256,-2.6579437255859375,-1.0247361660003662,1.7203892469406128,0.11572186648845673,-1.849497675895691,-1.5469087362289429,-0.20601844787597656,0.404702365398407
B,masked_angular_velocity,1,252,3,1,252_T3_P1_R1,25,5,1.0698009729385376,1.218445062637329,-0.6342135667800903,0.1290702521800995,1.5409324169158936,1.806555986404419,0.3718573749065399,1.0751278400421143,-1.768404245376587,1.493367314338684,-0.7601242661476135,1.1177647113800049,2.288393974304199,0.7600046396255493,-0.997018039226532,0.33178138732910156,2.169893264770508,0.24064204096794128,-1.133643627166748,-2.2596678733825684,-0.5127583742141724,-0.3925798535346985,-0.5272471308708191,-1.6242282390594482,-2.3224968910217285,-1.2015645503997803,1.3600839376449585,0.08277398347854614,-2.075007200241089,-1.5144420862197876,-0.2011406421661377,-0.108059361577034,1.0813381671905518,1.25180983543396,-0.7522627115249634,0.22699522972106934,1.5929540395736694,1.8874309062957764,0.38480284810066223,0.9756616353988647,-1.7685842514038086,1.501413345336914,-0.784838080406189,1.2055697441101074,2.090327739715576,0.9450020790100098,-1.0165631771087646,0.33468106389045715,2.0134198665618896,0.19662347435951233,-1.1148395538330078,-2.34507417678833,-0.5706743001937866,-0.38672131299972534,-0.5490895509719849,-1.6752439737319946,-2.3669750690460205,-1.145328164100647,1.529538869857788,0.031791407614946365,-2.036817789077759,-1.4273852109909058,-0.23881718516349792,-0.02613173797726631
B,masked_angular_velocity,1,252,3,2,252_T3_P1_R2,24,5,1.0562379360198975,1.2043702602386475,-0.6096667647361755,0.17477715015411377,1.6130931377410889,1.8116973638534546,0.35239526629447937,1.0492501258850098,-1.7662372589111328,1.4710233211517334,-0.7000715732574463,1.1256179809570312,2.2751126289367676,0.8795137405395508,-0.9366474151611328,0.3218115270137787,2.043713331222534,0.35889190435409546,-1.1262953281402588,-2.420733690261841,-0.5350810289382935,-0.4682498872280121,-0.5307837724685669,-1.6787312030792236,-2.448585033416748,-1.1400402784347534,1.4611927270889282,0.12711888551712036,-2.001837730407715,-1.516045093536377,-0.3237954080104828,-0.08448155969381332,1.015645980834961,1.1379332542419434,-0.47549304366111755,0.15831010043621063,1.636878252029419,1.8240797519683838,0.4301769733428955,1.1004118919372559,-1.800398588180542,1.4492638111114502,-0.7045048475265503,1.0506069660186768,2.392484188079834,0.8381608724594116,-0.8943792581558228,0.20645800232887268,2.105243682861328,0.39876073598861694,-0.9649321436882019,-2.4339842796325684,-0.5789292454719543,-0.4786354899406433,-0.43095946311950684,-1.6729774475097656,-2.469128370285034,-1.1515973806381226,1.4092949628829956,0.11261103302240372,-2.057879686355591,-1.5632380247116089,-0.37164416909217834,-0.18341484665870667
B,masked_angular_velocity,1,651,1,1,651_T1_P1_R1,24,5,1.2190372943878174,1.6141647100448608,-1.1054041385650635,0.23180802166461945,1.8213815689086914,2.003347158432007,0.23402753472328186,1.0080448389053345,-1.9049046039581299,1.7020927667617798,-0.8130675554275513,1.4409700632095337,2.0557923316955566,1.0547411441802979,-1.1930814981460571,0.5754772424697876,2.0277466773986816,-0.040942125022411346,-1.5649769306182861,-2.6478943824768066,-0.4878341555595398,-0.4677351415157318,-0.8731993436813354,-1.9552018642425537,-2.662584066390991,-1.0050066709518433,1.8363380432128906,0.10054668039083481,-2.056161642074585,-1.5147836208343506,-0.14264920353889465,0.47144728899002075,1.1260923147201538,1.7717641592025757,-1.1506702899932861,0.4471810460090637,1.8152433633804321,1.8021461963653564,0.33457860350608826,1.0318917036056519,-2.099896192550659,1.7729047536849976,-0.7170769572257996,1.5676668882369995,1.8532683849334717,0.9496469497680664,-1.162562370300293,0.7325158715248108,2.1009645462036133,-0.045215003192424774,-1.4575093984603882,-3.0031280517578125,-0.3477991223335266,-0.7451343536376953,-0.7070001363754272,-2.1646456718444824,-2.537585735321045,-1.2587907314300537,1.818544626235962,0.31011635065078735,-2.261676788330078,-1.4236738681793213,-0.04544347524642944,0.5758564472198486
B,masked_angular_velocity,1,651,1,2,651_T1_P1_R2,24,5,1.2184653282165527,1.5325920581817627,-1.1244350671768188,0.2068449705839157,1.7820316553115845,2.1202244758605957,0.2201535999774933,0.9527876973152161,-1.8220360279083252,1.642221450805664,-0.8881045579910278,1.4163355827331543,2.052177906036377,1.110670804977417,-1.1821123361587524,0.541305422782898,2.00258207321167,-0.0828590840101242,-1.5477166175842285,-2.4582717418670654,-0.5490196347236633,-0.31544259190559387,-0.8974367380142212,-1.8380038738250732,-2.664821147918701,-0.918674647808075,1.8252922296524048,-0.023511365056037903,-1.9965177774429321,-1.493119478225708,-0.12508530914783478,0.3161531984806061,1.2051470279693604,1.548459529876709,-1.2101444005966187,0.28975969552993774,1.721924066543579,2.1145479679107666,0.24471497535705566,0.8828243017196655,-1.857222318649292,1.6456573009490967,-0.8730487823486328,1.464425802230835,1.9815864562988281,1.1596449613571167,-1.1701322793960571,0.542829155921936,2.0113894939422607,-0.1514786183834076,-1.535583257675171,-2.486815929412842,-0.5160833597183228,-0.2946392893791199,-0.848096489906311,-1.8390182256698608,-2.5976040363311768,-0.9627858400344849,1.8236926794052124,-0.02441127598285675,-2.0425896644592285,-1.4643728733062744,-0.05911405757069588,0.30690470337867737
B,masked_angular_velocity,1,651,2,1,651_T2_P1_R1,25,5,1.1592973470687866,1.5075998306274414,-1.0540046691894531,0.12225508689880371,1.7306556701660156,2.048586845397949,0.24025240540504456,0.9081857800483704,-1.7821006774902344,1.5902087688446045,-0.7329581379890442,1.303471565246582,2.22641658782959,1.0317648649215698,-1.1563550233840942,0.5575820803642273,1.959050178527832,0.03135640546679497,-1.6031326055526733,-2.484769105911255,-0.5841740369796753,-0.2974269986152649,-0.8837825059890747,-1.7513160705566406,-2.6483547687530518,-0.8490889668464661,1.811777114868164,-0.05556027218699455,-1.893241286277771,-1.4973047971725464,-0.1847456693649292,0.2593201696872711,1.1941838264465332,1.4525452852249146,-1.0361697673797607,0.07601245492696762,1.8103450536727905,1.9796794652938843,0.24668152630329132,0.9436632990837097,-1.742282509803772,1.5745563507080078,-0.69150310754776,1.2484511137008667,2.2194924354553223,1.039070725440979,-1.1450668573379517,0.47898921370506287,1.9849603176116943,0.07074986398220062,-1.606649398803711,-2.4945061206817627,-0.5594979524612427,-0.33795422315597534,-0.8505827188491821,-1.774622917175293,-2.6024861335754395,-0.9100362062454224,1.7740665674209595,0.0018834471702575684,-1.905505895614624,-1.5220760107040405,-0.24107804894447327,0.35950565338134766
B,masked_angular_velocity,1,651,2,2,651_T2_P1_R2,26,5,1.0923728942871094,1.527548909187317,-1.0699636936187744,0.19515950977802277,1.6778408288955688,2.036851167678833,0.2983675003051758,0.8756960034370422,-1.800378441810608,1.609419584274292,-0.6791356801986694,1.394861102104187,2.1394739151000977,1.0080007314682007,-1.1158521175384521,0.6326276659965515,1.9137916564941406,-0.029589002951979637,-1.5316359996795654,-2.5730278491973877,-0.6068207025527954,-0.3423551023006439,-0.848498523235321,-1.7684476375579834,-2.6368966102600098,-0.8941680192947388,1.8266618251800537,-0.04887130856513977,-1.9083583354949951,-1.429160475730896,-0.1436774879693985,0.20642593502998352,1.1306750774383545,1.5489906072616577,-1.1341817378997803,0.20585742592811584,1.8126857280731201,2.0126891136169434,0.3156730830669403,0.9038444757461548,-1.8398525714874268,1.6511234045028687,-0.7104349136352539,1.4092824459075928,2.081599235534668,1.047136902809143,-1.1091558933258057,0.5532435178756714,1.956243872642517,-0.023273516446352005,-1.516932487487793,-2.6680843830108643,-0.5667456388473511,-0.4028802514076233,-0.8171641230583191,-1.8587265014648438,-2.6397833824157715,-0.9581540822982788,1.868822455406189,0.03393150120973587,-2.0139098167419434,-1.4729595184326172,-0.17058894038200378,0.3560481369495392
B,masked_angular_velocity,1,651,3,1,651_T3_P1_R1,24,5,1.2362635135650635,1.4920653104782104,-1.1205238103866577,0.19813454151153564,1.778193712234497,2.0931811332702637,0.23073366284370422,0.9399417638778687,-1.7863876819610596,1.6961265802383423,-0.7910462021827698,1.4390490055084229,2.067570447921753,1.1169594526290894,-1.1299920082092285,0.5253915190696716,1.9265906810760498,-0.034040551632642746,-1.5602834224700928,-2.5667905807495117,-0.624018669128418,-0.3780573010444641,-0.909432590007782,-1.8532367944717407,-2.7389397621154785,-0.9047209620475769,1.8744785785675049,0.04159541800618172,-1.9375419616699219,-1.5369582176208496,-0.1982298195362091,0.3914092779159546,1.2692230939865112,1.4938623905181885,-1.1339894533157349,0.18477019667625427,1.8328107595443726,2.075265407562256,0.2435900717973709,0.9545434713363647,-1.7896076440811157,1.7317020893096924,-0.7860037684440613,1.450875997543335,2.0750889778137207,1.1156556606292725,-1.1380527019500732,0.4936434328556061,1.9544551372528076,-0.02942427434027195,-1.5784132480621338,-2.606326103210449,-0.5991071462631226,-0.4154558777809143,-0.9270814657211304,-1.8964687585830688,-2.766361713409424,-0.9378563165664673,1.8818191289901733,0.08528123795986176,-1.9521459341049194,-1.57254159450531,-0.22981135547161102,0.4718739986419678
B,masked_angular_velocity,1,651,3,2,651_T3_P1_R2,24,5,1.2496769428253174,1.471743106842041,-1.1115144491195679,0.18808677792549133,1.809576392173767,2.099402666091919,0.23145122826099396,0.9625768661499023,-1.7805458307266235,1.6815481185913086,-0.8169893026351929,1.4142512083053589,2.057854413986206,1.162482500076294,-1.122559905052185,0.4722694456577301,1.9109926223754883,-0.030628204345703125,-1.5333402156829834,-2.543731927871704,-0.6283470392227173,-0.34509363770484924,-0.9022029042243958,-1.8577064275741577,-2.7323906421661377,-0.9064698219299316,1.8749644756317139,0.016353614628314972,-1.9422143697738647,-1.5354382991790771,-0.2134029120206833,0.39050713181495667,1.2642453908920288,1.3490922451019287,-1.2136131525039673,0.10326261818408966,1.8032068014144897,2.3350372314453125,0.2236263006925583,0.8575788736343384,-1.6305978298187256,1.6743440628051758,-0.8510664105415344,1.4022128582000732,2.170182466506958,1.2714353799819946,-1.1237337589263916,0.3561769127845764,1.8165473937988281,-0.11127285659313202,-1.5895248651504517,-2.349538803100586,-0.7877030372619629,-0.08670810610055923,-0.9910915493965149,-1.7172749042510986,-2.8843836784362793,-0.7133101224899292,1.9936621189117432,-0.21058547496795654,-1.7975587844848633,-1.5718624591827393,-0.24532882869243622,0.2833561301231384
B,masked_angular_velocity,1,671,1,1,671_T1_P1_R1,26,5,1.198333501815796,1.3320529460906982,-1.0635405778884888,0.07773330062627792,1.7342102527618408,2.0660300254821777,0.25767645239830017,0.8823448419570923,-1.6248058080673218,1.5918784141540527,-0.7095537185668945,1.3782646656036377,2.1395931243896484,1.1160247325897217,-1.0777666568756104,0.46849068999290466,1.9365203380584717,-0.07093466073274612,-1.5706802606582642,-2.3424625396728516,-0.651231586933136,-0.26018860936164856,-0.9149279594421387,-1.7160215377807617,-2.704261064529419,-0.8840773701667786,1.8013560771942139,-0.04422842338681221,-1.8395999670028687,-1.5315219163894653,-0.26886987686157227,0.3290031850337982,1.1718170642852783,1.3077855110168457,-1.0440682172775269,0.07638094574213028,1.808794379234314,2.026620626449585,0.31117385625839233,0.8792770504951477,-1.6267465353012085,1.5723389387130737,-0.6692204475402832,1.3600077629089355,2.1052191257476807,1.0872464179992676,-1.0733989477157593,0.4211637079715729,1.9713859558105469,-0.05034470558166504,-1.538235068321228,-2.4026548862457275,-0.6425772905349731,-0.3242347538471222,-0.8536656498908997,-1.7463411092758179,-2.68000864982605,-0.9382277131080627,1.7998331785202026,0.03145776689052582,-1.8639483451843262,-1.533456802368164,-0.3067660927772522,0.3994311988353729
B,masked_angular_velocity,1,671,1,2,671_T1_P1_R2,24,5,1.1853702068328857,1.3655041456222534,-1.0596387386322021,0.10331465303897858,1.6557514667510986,2.0211939811706543,0.23735573887825012,0.8909557461738586,-1.6415960788726807,1.5787274837493896,-0.6872903108596802,1.3738677501678467,2.145169258117676,1.063754916191101,-1.0611283779144287,0.5124984383583069,1.929547667503357,-0.09053168445825577,-1.5781900882720947,-2.3209002017974854,-0.619533121585846,-0.25571221113204956,-0.9002656936645508,-1.7091267108917236,-2.6436495780944824,-0.8989520072937012,1.7307329177856445,-0.026444444432854652,-1.8528436422348022,-1.4999849796295166,-0.2126428186893463,0.30359193682670593,1.138380765914917,1.347456693649292,-1.136780023574829,0.12791907787322998,1.6688283681869507,2.046252489089966,0.28523722290992737,0.7868286967277527,-1.6066551208496094,1.573211431503296,-0.6474460959434509,1.3683595657348633,2.1151912212371826,1.0226109027862549,-1.0603883266448975,0.4903739392757416,1.9354108572006226,-0.1519521176815033,-1.5736688375473022,-2.3159422874450684,-0.6604408025741577,-0.22158797085285187,-0.8637201189994812,-1.6754567623138428,-2.6268208026885986,-0.8838886022567749,1.7931751012802124,-0.056735049933195114,-1.8499021530151367,-1.452187418937683,-0.19359393417835236,0.3184686303138733
B,masked_angular_velocity,1,671,2,1,671_T2_P1_R1,24,5,1.1902340650558472,1.5859273672103882,-1.1517773866653442,0.11612185090780258,1.7392160892486572,2.095092296600342,0.19335278868675232,0.9131002426147461,-1.8018972873687744,1.6477302312850952,-0.7595909833908081,1.3871757984161377,2.2026898860931396,1.0411536693572998,-1.1934814453125,0.6580970883369446,2.032393455505371,-0.12189966440200806,-1.6650009155273438,-2.50019907951355,-0.5091641545295715,-0.2712259888648987,-0.9591091275215149,-1.7867730855941772,-2.666694402694702,-0.8884106874465942,1.8316326141357422,-0.0947442576289177,-1.9602428674697876,-1.4690988063812256,-0.12383116781711578,0.2874828279018402,1.2356761693954468,1.6415961980819702,-1.1453453302383423,0.07089363783597946,1.8067262172698975,2.020737886428833,0.1451352834701538,0.9722729921340942,-1.822434425354004,1.6948312520980835,-0.7798000574111938,1.3465481996536255,2.290619134902954,0.9555748105049133,-1.254410743713379,0.6600937843322754,2.089259386062622,-0.0947219580411911,-1.7532415390014648,-2.5034735202789307,-0.4125344753265381,-0.3234005868434906,-0.9745433926582336,-1.8213545083999634,-2.6550705432891846,-0.923283576965332,1.79647958278656,-0.040616072714328766,-2.0126142501831055,-1.5148379802703857,-0.11635782569646835,0.3898228704929352
B,masked_angular_velocity,1,671,2,2,671_T2_P1_R2,27,5,1.2341305017471313,1.554013967514038,-1.128159999847412,0.054910074919462204,1.7036139965057373,2.0272419452667236,0.1323862075805664,0.9436858296394348,-1.7489420175552368,1.5916367769241333,-0.8193971514701843,1.2775349617004395,2.20540189743042,1.0682346820831299,-1.2226455211639404,0.5554751753807068,2.051426887512207,-0.11367888748645782,-1.6563122272491455,-2.334813356399536,-0.4286384582519531,-0.1955719292163849,-0.9160445928573608,-1.697412133216858,-2.5111842155456543,-0.9105750322341919,1.72088623046875,-0.12065702676773071,-1.963454246520996,-1.4692704677581787,-0.10774493217468262,0.2615305185317993,1.21804678440094,1.6111085414886475,-1.2725439071655273,0.08215562254190445,1.7180095911026,2.156341552734375,0.13907620310783386,0.8531548380851746,-1.7582982778549194,1.6463285684585571,-0.7989678978919983,1.3569868803024292,2.215200901031494,1.0383520126342773,-1.230956792831421,0.6295717358589172,2.0451200008392334,-0.21025624871253967,-1.7663596868515015,-2.392582893371582,-0.49610042572021484,-0.14183875918388367,-0.9463699460029602,-1.7234013080596924,-2.6072773933410645,-0.846584141254425,1.8439648151397705,-0.16635607182979584,-1.981614351272583,-1.4417011737823486,-0.0438847579061985,0.2852047085762024
B,masked_angular_velocity,1,671,3,1,671_T3_P1_R1,27,5,1.2532252073287964,1.309745192527771,-0.8954253196716309,-0.04400736838579178,1.5530965328216553,1.8450111150741577,0.1861681193113327,1.0116848945617676,-1.5880028009414673,1.4849779605865479,-0.6632155776023865,1.1739037036895752,2.2823212146759033,1.005263328552246,-1.0455577373504639,0.3988611698150635,1.9393154382705688,-0.0574396550655365,-1.54165518283844,-2.128499984741211,-0.5202885866165161,-0.10941891372203827,-0.9099863767623901,-1.6228901147842407,-2.3844351768493652,-0.9294887781143188,1.4446361064910889,-0.0835207998752594,-1.7802435159683228,-1.5010690689086914,-0.22576431930065155,0.23280194401741028,1.301499605178833,1.3511919975280762,-0.9019926190376282,-0.0641888901591301,1.7756303548812866,1.900272011756897,0.13601680099964142,1.089324951171875,-1.6222190856933594,1.532051682472229,-0.785918653011322,1.0947678089141846,2.3415513038635254,1.0580416917800903,-1.1537268161773682,0.30656927824020386,1.9203134775161743,0.1506180763244629,-1.529301404953003,-2.276200532913208,-0.49404197931289673,-0.1976473182439804,-0.977136492729187,-1.6795578002929688,-2.52536678314209,-0.854076087474823,1.5725996494293213,-0.04987980052828789,-1.7689968347549438,-1.577146291732788,-0.31232887506484985,0.3183898329734802
B,masked_angular_velocity,1,671,3,2,671_T3_P1_R2,28,5,1.2240312099456787,1.3145941495895386,-0.7972126007080078,0.033659838140010834,1.5466880798339844,1.7424370050430298,0.310211718082428,1.1203659772872925,-1.647342324256897,1.5271934270858765,-0.6275759339332581,1.1821187734603882,2.1539132595062256,1.0037851333618164,-0.9816234707832336,0.33780139684677124,1.8849502801895142,-0.07905252277851105,-1.2718861103057861,-2.280963182449341,-0.5546776056289673,-0.23123255372047424,-0.7650843262672424,-1.7328100204467773,-2.334850788116455,-1.05613112449646,1.3971928358078003,-0.03111918643116951,-1.89811110496521,-1.451472520828247,-0.245359867811203,0.2571779787540436,1.237003207206726,1.2719426155090332,-1.0388362407684326,0.023495450615882874,1.5725325345993042,2.0833303928375244,0.29567211866378784,0.9480054974555969,-1.5547854900360107,1.6030495166778564,-0.6900911927223206,1.2523620128631592,2.2370221614837646,1.1003239154815674,-1.0314936637878418,0.31916719675064087,1.826401710510254,-0.21917438507080078,-1.4176923036575317,-2.1775214672088623,-0.7310136556625366,-0.00990971364080906,-0.8713916540145874,-1.6369028091430664,-2.568751573562622,-0.8811880350112915,1.6649032831192017,-0.24524815380573273,-1.8162076473236084,-1.477391242980957,-0.21273846924304962,0.18798691034317017
B,masked_angular_velocity,1,790,1,1,790_T1_P1_R1,25,5,1.1149942874908447,1.3856332302093506,-1.1230800151824951,0.1680128276348114,1.612367868423462,2.082106590270996,0.2888871431350708,0.8297213315963745,-1.6876674890518188,1.6006698608398438,-0.6105967164039612,1.411557912826538,2.113924980163574,1.0337291955947876,-0.9957065582275391,0.5992956161499023,1.9548757076263428,-0.14576995372772217,-1.589678406715393,-2.4318106174468994,-0.6700940132141113,-0.26044249534606934,-0.816433310508728,-1.7107394933700562,-2.6466712951660156,-0.9189212918281555,1.7878347635269165,-0.03304995223879814,-1.9117437601089478,-1.458248257637024,-0.15529003739356995,0.1931586116552353,0.9492157101631165,1.3855721950531006,-1.0351402759552002,0.24679040908813477,1.5240206718444824,1.8632663488388062,0.3995358943939209,0.7691086530685425,-1.711512565612793,1.4974724054336548,-0.3982876241207123,1.3704057931900024,2.009692668914795,0.842645525932312,-0.9222102165222168,0.7222956418991089,1.9892137050628662,-0.14749914407730103,-1.4584872722625732,-2.4885449409484863,-0.5884418487548828,-0.3906429409980774,-0.6724268794059753,-1.7372163534164429,-2.464587450027466,-1.0446014404296875,1.6465870141983032,0.05587350204586983,-1.9536619186401367,-1.3335808515548706,-0.10619908571243286,0.21231576800346375
B,masked_angular_velocity,1,790,1,2,790_T1_P1_R2,26,5,1.148531198501587,1.337720274925232,-0.9824749827384949,0.08568429201841354,1.5837756395339966,1.9991071224212646,0.2855244576931,0.9031996726989746,-1.6791770458221436,1.4992389678955078,-0.5949015021324158,1.3102561235427856,2.1161324977874756,1.0362844467163086,-1.0177571773529053,0.5764194130897522,1.961342215538025,-0.04549165070056915,-1.5382362604141235,-2.410421133041382,-0.6191612482070923,-0.27931660413742065,-0.8121563196182251,-1.6996161937713623,-2.566289186477661,-0.9324257969856262,1.6705873012542725,0.0028792142402380705,-1.8082622289657593,-1.4626696109771729,-0.19937390089035034,0.19610050320625305,1.1278765201568604,1.3363940715789795,-1.059352159500122,0.028494011610746384,1.4780350923538208,2.0718963146209717,0.2704288363456726,0.7956031560897827,-1.623854398727417,1.4793922901153564,-0.47403401136398315,1.3342745304107666,2.1802818775177,0.9531895518302917,-0.9989581108093262,0.6488670110702515,1.9855934381484985,-0.15404461324214935,-1.7370407581329346,-2.306694269180298,-0.7011879086494446,-0.14219851791858673,-0.8651053309440613,-1.6379568576812744,-2.56060791015625,-0.8571280241012573,1.6849784851074219,-0.06185168772935867,-1.733392357826233,-1.4178351163864136,-0.13366323709487915,0.16602785885334015
B,masked_angular_velocity,1,790,2,1,790_T2_P1_R1,25,5,1.1375007629394531,1.3853485584259033,-1.1242951154708862,0.11682786792516708,1.6244531869888306,2.1086363792419434,0.2555941641330719,0.8363134264945984,-1.6965233087539673,1.5228962898254395,-0.6180745363235474,1.375753402709961,2.1257543563842773,1.084383249282837,-1.0391411781311035,0.596832811832428,2.035107135772705,-0.16476190090179443,-1.6639063358306885,-2.3427302837371826,-0.6347706317901611,-0.21161027252674103,-0.8340429067611694,-1.6867923736572266,-2.6113312244415283,-0.9350117444992065,1.763742208480835,-0.05512412637472153,-1.9003759622573853,-1.4531042575836182,-0.13688310980796814,0.19879615306854248,1.2142608165740967,1.4933677911758423,-0.95849609375,0.042162369936704636,1.7524317502975464,1.6174144744873047,0.18076705932617188,1.0510085821151733,-1.8188072443008423,1.4866511821746826,-0.4965823292732239,1.2277389764785767,2.12094783782959,0.9439570903778076,-1.0522420406341553,0.6152169108390808,2.2638161182403564,0.05677216872572899,-1.7023712396621704,-2.5314712524414062,-0.24563191831111908,-0.5583679676055908,-0.7393406629562378,-1.903824806213379,-2.3291563987731934,-1.2801578044891357,1.4879629611968994,0.3144517242908478,-2.066917896270752,-1.4952439069747925,-0.20754550397396088,0.5493594408035278
B,masked_angular_velocity,1,790,2,2,790_T2_P1_R2,26,5,1.2140740156173706,1.3263336420059204,-1.1174840927124023,0.05812695622444153,1.6810617446899414,2.1700212955474854,0.20817306637763977,0.8981963992118835,-1.6353743076324463,1.51017427444458,-0.7254263162612915,1.3017302751541138,2.1516835689544678,1.2509126663208008,-1.0816431045532227,0.4550350308418274,1.9877132177352905,-0.09791742265224457,-1.6584317684173584,-2.260876417160034,-0.6512148380279541,-0.1120479553937912,-0.8881973028182983,-1.6570758819580078,-2.644263744354248,-0.8649873733520508,1.7783464193344116,-0.11909736692905426,-1.8357654809951782,-1.4986765384674072,-0.22831770777702332,0.17835494875907898,1.2259870767593384,1.3094459772109985,-1.0998995304107666,0.06192769482731819,1.802610158920288,2.165846586227417,0.20669524371623993,0.929985523223877,-1.6415083408355713,1.5006240606307983,-0.783619225025177,1.2614922523498535,2.1173181533813477,1.2704368829727173,-1.1059855222702026,0.34665077924728394,1.988624930381775,-0.09800000488758087,-1.5483362674713135,-2.2120168209075928,-0.6846153140068054,-0.12148638069629669,-0.8527712821960449,-1.6728112697601318,-2.6080572605133057,-0.9111196398735046,1.8057920932769775,-0.11410553753376007,-1.9119374752044678,-1.4758515357971191,-0.28351885080337524,0.23787805438041687
B,masked_angular_velocity,1,790,3,1,790_T3_P1_R1,27,5,1.1161531209945679,1.3769901990890503,-1.1344478130340576,0.21762211620807648,1.6226752996444702,2.1211698055267334,0.31577160954475403,0.8244703412055969,-1.6933553218841553,1.557568907737732,-0.7104038000106812,1.41098153591156,2.0083489418029785,1.1913983821868896,-1.0619505643844604,0.524451732635498,1.9046589136123657,-0.17204037308692932,-1.4747182130813599,-2.4119820594787598,-0.680031418800354,-0.18923570215702057,-0.8266462087631226,-1.7006847858428955,-2.6388185024261475,-0.8964694142341614,1.8336801528930664,-0.11898589134216309,-1.8762552738189697,-1.4183447360992432,-0.15228430926799774,0.18536657094955444,1.2457802295684814,1.4167331457138062,-1.1816542148590088,0.06725549697875977,1.8424632549285889,2.082827568054199,0.25038114190101624,0.8885864019393921,-1.704601526260376,1.58455491065979,-0.7598627209663391,1.3637198209762573,2.1217334270477295,1.293064832687378,-1.1746623516082764,0.36531537771224976,2.0360281467437744,-0.12107417732477188,-1.6212276220321655,-2.4348745346069336,-0.5818543434143066,-0.208781436085701,-0.9003155827522278,-1.744040846824646,-2.646446943283081,-0.953940212726593,1.8686434030532837,-0.05831027030944824,-1.9375686645507812,-1.5364749431610107,-0.2295571267604828,0.41612347960472107
B,masked_angular_velocity,1,790,3,2,790_T3_P1_R2,25,5,1.1463477611541748,1.2783048152923584,-1.0226128101348877,0.13018326461315155,1.608216643333435,2.0765223503112793,0.24432197213172913,0.8695956468582153,-1.6173490285873413,1.4869290590286255,-0.782677173614502,1.257521152496338,2.080501079559326,1.202826738357544,-1.028745412826538,0.3443322777748108,1.874108076095581,-0.02929208241403103,-1.428369402885437,-2.247248411178589,-0.6282570958137512,-0.1487760990858078,-0.8095449209213257,-1.6077582836151123,-2.55816912651062,-0.8310278654098511,1.7239658832550049,-0.11355116218328476,-1.7669378519058228,-1.4820127487182617,-0.2274603545665741,0.105927012860775,1.1339504718780518,1.0173182487487793,-1.0889266729354858,0.04443090409040451,1.4834312200546265,2.376610517501831,0.18373194336891174,0.6649485230445862,-1.4017117023468018,1.3832333087921143,-0.9505525827407837,1.1766380071640015,2.2051966190338135,1.378321886062622,-0.9812539219856262,0.04986092448234558,1.8068403005599976,-0.011727673001587391,-1.457984209060669,-1.8030319213867188,-0.779887318611145,0.23093633353710175,-0.8432153463363647,-1.3081080913543701,-2.6362216472625732,-0.5590111017227173,1.8200883865356445,-0.365460067987442,-1.5278252363204956,-1.5593717098236084,-0.28236836194992065,-0.2003711462020874
B,masked_angular_velocity,2,252,1,1,252_T1_P1_R1,23,5,0.4706502854824066,-1.5786888599395752,0.2597723603248596,-0.5102936029434204,0.17522257566452026,-0.005113554187119007,-0.1157575398683548,0.15758544206619263,-1.0819807052612305,-1.2572345733642578,1.4104368686676025,0.5078511238098145,-0.6117122173309326,-0.1522129476070404,-0.041453178972005844,0.4038870930671692,0.15063266456127167,-0.13051185011863708,1.2106539011001587,0.15596909821033478,1.0529581308364868,0.830644965171814,0.3936035633087158,-0.9778093099594116,-0.4060251712799072,-0.20178544521331787,-0.8718298077583313,0.4756947159767151,0.9488752484321594,-0.3101302683353424,-0.29594823718070984,-0.36629733443260193,0.4274178147315979,-1.5357909202575684,0.32615935802459717,-0.630983829498291,0.09399533271789551,-0.15389053523540497,-0.10613393783569336,0.3354443907737732,-1.0331904888153076,-1.1557098627090454,1.282746434211731,0.5543665885925293,-0.48361605405807495,-0.3665298819541931,-0.08835181593894958,0.36856693029403687,0.16380377113819122,-0.25831592082977295,1.2077515125274658,0.06211378425359726,0.9596924781799316,0.7689093351364136,0.4743615984916687,-0.8789399266242981,-0.24488875269889832,-0.08137961477041245,-0.9003579020500183,0.3404698371887207,0.9051302075386047,-0.1137487068772316,-0.24804440140724182,-0.3275436460971832
B,masked_angular_velocity,2,252,1,2,252_T1_P1_R2,25,5,0.36090174317359924,-1.5206727981567383,0.2722206711769104,-0.3419671058654785,0.17817509174346924,0.08619017153978348,-0.11824486404657364,0.11586068570613861,-1.0836154222488403,-1.243910551071167,1.4674508571624756,0.5372270941734314,-0.5009083151817322,-0.043961912393569946,-0.11068876832723618,0.28563567996025085,0.0514187328517437,-0.07116957008838654,1.1560803651809692,0.3099311292171478,0.9161192774772644,0.7627254724502563,0.2963676452636719,-0.8851865530014038,-0.5599802732467651,-0.26261061429977417,-0.924780011177063,0.5084893107414246,0.9672738313674927,-0.28254255652427673,-0.3460216820240021,-0.26218467950820923,0.4458189606666565,-1.5338729619979858,0.3061619997024536,-0.43570345640182495,0.1638701856136322,-0.02821170724928379,-0.13660311698913574,0.2305886298418045,-1.1535112857818604,-1.160691261291504,1.3717870712280273,0.5492461323738098,-0.37240931391716003,-0.24174585938453674,-0.04981091991066933,0.2819831371307373,0.099703848361969,-0.19805005192756653,1.177417516708374,0.1451874077320099,0.9657937288284302,0.6953058242797852,0.31269600987434387,-0.9152938723564148,-0.5130943059921265,-0.1418214738368988,-0.927009105682373,0.4395691752433777,0.8978034853935242,-0.06967254728078842,-0.35671964287757874,-0.1689460724592209
B,masked_angular_velocity,2,252,2,1,252_T2_P1_R1,25,5,0.2920348048210144,-1.3952529430389404,0.22424182295799255,-0.4881610870361328,0.11624161899089813,0.10114183276891708,-0.1259651482105255,0.24411801993846893,-0.9183012843132019,-1.2033345699310303,1.3690547943115234,0.3930164873600006,-0.5653933882713318,-0.1629560887813568,-0.08449531346559525,0.27883726358413696,0.19601808488368988,-0.08505165576934814,1.1698492765426636,0.10051918029785156,0.9775598645210266,0.8211377263069153,0.35304760932922363,-0.8379895091056824,-0.3659110963344574,-0.1768602877855301,-0.7637735605239868,0.33935999870300293,0.9412755966186523,-0.2528751492500305,-0.28995606303215027,-0.5250638723373413,0.5020917057991028,-1.5784050226211548,0.37141913175582886,-0.43176037073135376,0.20524153113365173,-0.1835712343454361,-0.14641711115837097,0.30247944593429565,-1.082798719406128,-1.294205904006958,1.435750961303711,0.6716386079788208,-0.35412710905075073,-0.3414161801338196,-0.32819151878356934,0.43110862374305725,0.13147567212581635,-0.3453122675418854,1.337295413017273,0.25814372301101685,0.8807727694511414,0.735551655292511,0.45712870359420776,-0.7446889877319336,-0.41347622871398926,-0.10683610290288925,-1.0224273204803467,0.24684453010559082,0.9131983518600464,-0.17157915234565735,-0.34440746903419495,-0.3432244658470154
B,masked_angular_velocity,2,252,2,2,252_T2_P1_R2,25,5,0.34624749422073364,-1.3649206161499023,0.15317454934120178,-0.688792884349823,0.0780726820230484,-0.12582312524318695,-0.15751242637634277,0.26910310983657837,-0.8675300478935242,-1.3767915964126587,1.4376003742218018,0.35022440552711487,-0.6656070947647095,-0.41120925545692444,0.09405665099620819,0.472950279712677,0.3451216220855713,-0.1428566724061966,1.2600669860839844,-0.06477195024490356,1.1551580429077148,0.9569390416145325,0.5234540104866028,-1.0452343225479126,-0.23302888870239258,-0.0590076819062233,-0.5674417018890381,0.1847984343767166,0.8836401104927063,-0.29387202858924866,-0.20446577668190002,-0.6122016906738281,0.5544760823249817,-1.4757905006408691,0.2740614712238312,-0.7312887907028198,0.05636133998632431,-0.3478858172893524,-0.24513588845729828,0.27143239974975586,-1.0060303211212158,-1.3014450073242188,1.3600045442581177,0.42855748534202576,-0.5799333453178406,-0.6451042294502258,0.16894163191318512,0.6673974990844727,0.2910778522491455,-0.345664381980896,1.3456318378448486,-0.18157057464122772,1.270384430885315,1.0111984014511108,0.6692343950271606,-1.2110646963119507,-0.11304064095020294,0.034144818782806396,-0.5718289613723755,0.20094791054725647,0.7486279010772705,-0.20071347057819366,-0.2671875059604645,-0.5108590126037598
B,masked_angular_velocity,2,252,3,1,252_T3_P1_R1,25,5,0.1829836368560791,-1.2729606628417969,0.23917929828166962,-0.5548444986343384,0.1461520493030548,-0.13467392325401306,-0.22609849274158478,0.2725856304168701,-0.7361172437667847,-1.2278860807418823,1.2648216485977173,0.3513582944869995,-0.49941548705101013,-0.49930912256240845,0.10547898709774017,0.30076825618743896,0.17356348037719727,-0.26971977949142456,1.1834561824798584,-0.04790705814957619,0.9513734579086304,1.0709545612335205,0.6183292269706726,-0.8119179606437683,-0.14188914000988007,0.030405348166823387,-0.5732143521308899,0.05532539635896683,0.6312921643257141,-0.16324768960475922,-0.15406522154808044,-0.5809366106987,0.16948361694812775,-1.2253210544586182,0.3026565909385681,-0.5341014266014099,0.09098105132579803,-0.06052875518798828,-0.2561153471469879,0.2640112340450287,-0.7408541440963745,-0.9975572824478149,1.1554232835769653,0.3059425354003906,-0.4571108818054199,-0.4266301691532135,0.09749899804592133,0.1696384698152542,0.07370566576719284,-0.2232101410627365,1.0162252187728882,-0.013530634343624115,0.8694252967834473,0.9979985952377319,0.5442551374435425,-0.7793415188789368,-0.13357526063919067,-0.00899884570389986,-0.587953507900238,0.20170310139656067,0.6281362771987915,-0.09381528943777084,-0.129163458943367,-0.5054519772529602
B,masked_angular_velocity,2,252,3,2,252_T3_P1_R2,24,5,0.21365471184253693,-1.317130446434021,0.23161976039409637,-0.5242305994033813,0.22478556632995605,-0.12277309596538544,-0.14583690464496613,0.2647836208343506,-0.781790018081665,-1.3493149280548096,1.3775205612182617,0.42944058775901794,-0.4504379332065582,-0.39778703451156616,-0.02362743392586708,0.2662505805492401,0.17204885184764862,-0.21604755520820618,1.22844660282135,0.09778361767530441,0.8995658755302429,0.9363492131233215,0.5505438446998596,-0.7422786951065063,-0.3158431351184845,-0.023292964324355125,-0.7369858026504517,0.06034163758158684,0.7444196343421936,-0.1745680421590805,-0.21812769770622253,-0.4891229569911957,0.2507556080818176,-1.323820948600769,0.21948960423469543,-0.5957799553871155,0.21220040321350098,-0.1746242344379425,-0.18471132218837738,0.2890082597732544,-0.7751801609992981,-1.2593203783035278,1.3531672954559326,0.41757136583328247,-0.4151018559932709,-0.49769917130470276,0.02161000669002533,0.2512541711330414,0.19810453057289124,-0.2350214719772339,1.2389990091323853,0.049108244478702545,0.9041405916213989,0.9491861462593079,0.5890690088272095,-0.8481831550598145,-0.26234838366508484,0.008181598968803883,-0.7138203382492065,0.047237612307071686,0.7399334907531738,-0.09140019118785858,-0.2504456639289856,-0.4650963842868805
B,masked_angular_velocity,2,651,1,1,651_T1_P1_R1,24,5,0.40798014402389526,-1.4115002155303955,0.28062254190444946,-0.6518914103507996,0.035595111548900604,-0.13796952366828918,-0.2086411416530609,0.33249178528785706,-0.9790552258491516,-1.1069562435150146,1.2760412693023682,0.3863599896430969,-0.6591299772262573,-0.3232840895652771,-0.007250607013702393,0.3339555859565735,0.191063791513443,-0.16237697005271912,1.0641958713531494,-0.07344797998666763,1.069545030593872,0.8678817749023438,0.6910499930381775,-0.9173754453659058,-0.14341668784618378,-0.017564183101058006,-0.6977344751358032,0.31625181436538696,0.8303381204605103,-0.2536507546901703,-0.11422789096832275,-0.5408704280853271,0.5595831274986267,-1.548262357711792,0.3043108880519867,-0.6646854877471924,0.11807765811681747,-0.27477726340293884,-0.29575198888778687,0.3484952449798584,-1.0440399646759033,-1.0945006608963013,1.2816848754882812,0.5022791028022766,-0.5271168351173401,-0.3422866761684418,-0.03938201069831848,0.3725627362728119,0.13705167174339294,-0.270624577999115,1.2002254724502563,-0.022602830082178116,1.0159783363342285,0.8827033042907715,0.8242346048355103,-0.9931384325027466,-0.12979908287525177,-0.0034866712521761656,-0.8004005551338196,0.29023632407188416,0.8447433710098267,-0.26356419920921326,-0.18857434391975403,-0.5259930491447449
B,masked_angular_velocity,2,651,1,2,651_T1_P1_R2,24,5,0.20494051277637482,-1.1894925832748413,0.3067641854286194,-0.5532129406929016,-0.08055242151021957,0.09672081470489502,-0.19151811301708221,0.34829288721084595,-0.8524670600891113,-0.8909015655517578,1.1478029489517212,0.313005268573761,-0.5756503343582153,-0.21548029780387878,-0.019088471308350563,0.12409429252147675,0.06139911338686943,-0.09683998674154282,0.8363329768180847,-0.04016244411468506,0.9607802629470825,0.7129669189453125,0.47125211358070374,-0.7513622045516968,-0.18578580021858215,-0.07399474829435349,-0.6181046366691589,0.4054730534553528,0.7285591959953308,-0.12058893591165543,-0.06120353937149048,-0.47113656997680664,0.27895092964172363,-1.162172794342041,0.3770800232887268,-0.5926091074943542,-0.12599904835224152,0.01582670770585537,-0.33929309248924255,0.3734951615333557,-0.8103391528129578,-0.6948335766792297,1.0080021619796753,0.30764615535736084,-0.41932520270347595,-0.42535892128944397,0.1625276356935501,0.09748761355876923,-0.06686128675937653,-0.26153650879859924,0.8443204164505005,-0.15749338269233704,0.9516096115112305,0.8432673215866089,0.5930699706077576,-0.9111779928207397,-0.0749010220170021,0.005853873677551746,-0.5089997053146362,0.38156622648239136,0.56046462059021,0.023265764117240906,-0.0619317889213562,-0.4762585163116455
B,masked_angular_velocity,2,651,2,1,651_T2_P1_R1,25,5,0.2932477593421936,-1.4274959564208984,0.18947985768318176,-0.6540684103965759,0.07996461540460587,-0.22458457946777344,-0.15683554112911224,0.4408268332481384,-0.7272301912307739,-1.2725164890289307,1.3763258457183838,0.48608914017677307,-0.48785099387168884,-0.5259444117546082,-0.19029459357261658,0.39456814527511597,0.36927467584609985,-0.1908477544784546,1.2692229747772217,0.005273967981338501,0.7973577380180359,0.9092898368835449,0.6982337236404419,-0.7598621845245361,-0.16691896319389343,0.0036382749676704407,-0.6185410618782043,-0.06795662641525269,0.883043646812439,-0.23338493704795837,-0.1740846335887909,-0.7157441973686218,0.30274730920791626,-1.3401157855987549,0.18427541851997375,-0.6556443572044373,-0.001541976584121585,-0.21816623210906982,-0.17968609929084778,0.4434029161930084,-0.7378371953964233,-1.135466456413269,1.3819210529327393,0.514566957950592,-0.3894084095954895,-0.5326765775680542,-0.2195204198360443,0.2998526990413666,0.3696163296699524,-0.2039603739976883,1.2301666736602783,0.024825263768434525,0.7800151705741882,0.8246329426765442,0.6635349988937378,-0.8689152002334595,-0.2652799189090729,0.042836181819438934,-0.6316973567008972,-0.04408878833055496,0.918803870677948,-0.0999983623623848,-0.24901899695396423,-0.6272322535514832
B,masked_angular_velocity,2,651,2,2,651_T2_P1_R2,26,5,0.18370507657527924,-1.339022159576416,0.19192227721214294,-0.567703902721405,0.08435855060815811,-0.13409613072872162,-0.12492482364177704,0.44744673371315,-0.676491379737854,-1.2669477462768555,1.3868509531021118,0.48438796401023865,-0.4445088803768158,-0.43455204367637634,-0.2778266966342926,0.3044981360435486,0.30759674310684204,-0.15521112084388733,1.2230385541915894,0.06529076397418976,0.7189075350761414,0.8135663866996765,0.6318592429161072,-0.6381350755691528,-0.22324219346046448,-0.03067021630704403,-0.6482488512992859,-0.07461502403020859,0.8818362355232239,-0.222515270113945,-0.17995765805244446,-0.6700402498245239,0.2500512897968292,-1.460739254951477,0.28537386655807495,-0.4998184144496918,0.09978422522544861,-0.09539209306240082,-0.15357276797294617,0.41702336072921753,-0.845309853553772,-1.090576410293579,1.310562014579773,0.5469040274620056,-0.35241806507110596,-0.3795778751373291,-0.2533809244632721,0.19692111015319824,0.2094927728176117,-0.2215864211320877,1.1818597316741943,0.12206530570983887,0.7143784761428833,0.7675841450691223,0.5501764416694641,-0.6981955766677856,-0.2977638840675354,-0.02408846840262413,-0.8190141916275024,0.11638770252466202,0.8963088989257812,-0.08186734467744827,-0.2656964063644409,-0.48277586698532104
B,masked_angular_velocity,2,651,3,1,651_T3_P1_R1,24,5,0.20026960968971252,-1.4149925708770752,0.32636338472366333,-0.39576584100723267,0.01571253314614296,0.23640374839305878,-0.1075761541724205,0.24162507057189941,-1.0828299522399902,-0.9846682548522949,1.2727348804473877,0.4078606069087982,-0.6864238977432251,0.010525509715080261,-0.12346390634775162,0.0982467383146286,0.0681239441037178,-0.03911470249295235,0.937818169593811,0.09514164924621582,0.9735953211784363,0.7448258996009827,0.3432174026966095,-0.8058017492294312,-0.3775691092014313,-0.19279226660728455,-0.859974205493927,0.6112796664237976,0.9571072459220886,-0.15746629238128662,-0.1933828890323639,-0.37122052907943726,0.375225305557251,-1.492240071296692,0.3444514274597168,-0.4481361508369446,0.08385701477527618,0.06570880860090256,-0.10917605459690094,0.28433775901794434,-1.163390874862671,-1.0386791229248047,1.291952133178711,0.5356430411338806,-0.5703063011169434,0.10718220472335815,-0.15154442191123962,0.10305991023778915,0.021826261654496193,-0.06861782819032669,0.9214388132095337,0.12469897419214249,0.9416613578796387,0.5856031775474548,0.4668353199958801,-0.7716042399406433,-0.459860622882843,-0.18717625737190247,-0.977447509765625,0.5882539749145508,0.9476773142814636,-0.176680326461792,-0.16241946816444397,-0.27448683977127075
B,masked_angular_velocity,2,651,3,2,651_T3_P1_R2,24,5,0.26293736696243286,-1.4738340377807617,0.32383987307548523,-0.3637799620628357,0.066899374127388,0.19951562583446503,-0.13235147297382355,0.20207545161247253,-1.092745065689087,-0.9948948621749878,1.3003442287445068,0.47793060541152954,-0.617078423500061,0.051241256296634674,-0.17477762699127197,0.15321198105812073,0.016896169632673264,-0.03699889034032822,0.9700424075126648,0.18721377849578857,0.9118970036506653,0.7432228326797485,0.3324640393257141,-0.7826005816459656,-0.42084670066833496,-0.23664367198944092,-0.8774696588516235,0.6076944470405579,0.9549293518066406,-0.23565563559532166,-0.21318116784095764,-0.3598495125770569,0.11543571949005127,-1.3074032068252563,0.3839641213417053,-0.36441659927368164,0.03796275705099106,0.23459887504577637,-0.06866031140089035,0.2965700030326843,-0.9699325561523438,-0.9599547386169434,1.121016025543213,0.2870491147041321,-0.5979197025299072,-0.054683852940797806,-0.13461168110370636,0.14669761061668396,0.06763753294944763,-0.08249582350254059,0.9158207774162292,-0.0393945686519146,0.9136391878128052,0.7061675786972046,0.3660152852535248,-0.6015015840530396,-0.2871987223625183,-0.11070270836353302,-0.7820734977722168,0.4733501970767975,0.8293724060058594,-0.1616930514574051,-0.19239836931228638,-0.4325180947780609
B,masked_angular_velocity,2,671,1,1,671_T1_P1_R1,26,5,0.3347395658493042,-1.3736274242401123,0.2777288556098938,-0.5095441937446594,0.12840767204761505,0.07658624649047852,-0.06442530453205109,0.20915362238883972,-0.9827386736869812,-1.2274383306503296,1.2468510866165161,0.31150245666503906,-0.6897563338279724,-0.18137149512767792,-0.05843116715550423,0.4236796498298645,0.20256073772907257,-0.10561203956604004,1.0926929712295532,-0.008572762832045555,1.1149080991744995,0.7497924566268921,0.40623441338539124,-0.7747451066970825,-0.2803286612033844,-0.10525405406951904,-0.7234164476394653,0.378091037273407,0.8145217895507812,-0.2795451879501343,-0.2313731610774994,-0.4676159918308258,0.3053155243396759,-1.3837491273880005,0.35389652848243713,-0.42489638924598694,0.1486767679452896,0.14902670681476593,-0.01757572405040264,0.2548682391643524,-1.0056122541427612,-1.1584542989730835,1.203513264656067,0.41632524132728577,-0.5785992741584778,-0.05828098580241203,-0.22488491237163544,0.29256972670555115,0.09840268641710281,-0.10694105178117752,1.0725289583206177,0.11888381093740463,0.9593161940574646,0.5859687924385071,0.30106762051582336,-0.6342742443084717,-0.3685997724533081,-0.1637658029794693,-0.9038546085357666,0.468522310256958,0.8561549186706543,-0.20985202491283417,-0.26714035868644714,-0.36269667744636536
B,masked_angular_velocity,2,671,1,2,671_T1_P1_R2,24,5,0.3946346640586853,-1.3971202373504639,0.22682885825634003,-0.5988747477531433,0.09072466194629669,-0.03809015825390816,-0.11434272676706314,0.22000965476036072,-0.9242852330207825,-1.2447876930236816,1.2545111179351807,0.3170262575149536,-0.7535445690155029,-0.3428879976272583,0.008486713282763958,0.5341726541519165,0.32074812054634094,-0.19089113175868988,1.2051914930343628,-0.09940187633037567,1.1546019315719604,0.9023812413215637,0.5164931416511536,-0.9233894348144531,-0.1634429693222046,-0.044183991849422455,-0.616599440574646,0.27417024970054626,0.8042413592338562,-0.308757483959198,-0.2211848944425583,-0.5735374093055725,0.4364960789680481,-1.4744068384170532,0.3642859160900116,-0.5394375324249268,0.1113123744726181,-0.08648296445608139,-0.15022335946559906,0.20563849806785583,-1.0056865215301514,-1.1708240509033203,1.174322485923767,0.38151174783706665,-0.6948989629745483,-0.38595765829086304,-0.004878017120063305,0.5390836000442505,0.22449617087841034,-0.34240585565567017,1.2605706453323364,-0.04112558811903,1.1191890239715576,0.9270439147949219,0.4936421513557434,-0.9315932393074036,-0.1289229691028595,-0.014574659056961536,-0.7456177473068237,0.36907830834388733,0.7747076749801636,-0.23759420216083527,-0.26809898018836975,-0.47288742661476135
B,masked_angular_velocity,2,671,2,1,671_T2_P1_R1,24,5,0.16987289488315582,-1.3936123847961426,0.24933715164661407,-0.7721230983734131,0.017625441774725914,-0.14274200797080994,0.008016503416001797,0.39297592639923096,-0.9103187322616577,-1.3180720806121826,1.1862127780914307,0.17013540863990784,-0.8855022192001343,-0.46114200353622437,0.055484432727098465,0.5114499926567078,0.45809969305992126,-0.167928084731102,1.2311805486679077,-0.33524468541145325,1.1401865482330322,0.9832637906074524,0.6946520805358887,-0.7483475208282471,0.024781374260783195,0.057585734874010086,-0.5634397268295288,0.11361168324947357,0.932691752910614,-0.29311439394950867,-0.0629798099398613,-0.6959301233291626,0.11631119251251221,-1.3445069789886475,0.23010742664337158,-0.8436073064804077,-0.051584791392087936,-0.26719745993614197,-0.12298630177974701,0.499400794506073,-0.7985504865646362,-1.3065550327301025,1.1998462677001953,0.12656065821647644,-0.8847147822380066,-0.6725834608078003,0.052807070314884186,0.5816524624824524,0.5404394865036011,-0.2493942677974701,1.3147599697113037,-0.4329230785369873,1.085976243019104,1.123998761177063,0.8430194854736328,-0.8286916613578796,0.2081855833530426,0.1713213175535202,-0.3738803565502167,-0.042234260588884354,0.9134225845336914,-0.28720420598983765,-0.007309816777706146,-0.8943864703178406
B,masked_angular_velocity,2,671,2,2,671_T2_P1_R2,27,5,0.12161530554294586,-1.366400957107544,0.316533625125885,-0.6911195516586304,-0.13021109998226166,-0.12585051357746124,-0.17770330607891083,0.3433869779109955,-0.8766085505485535,-0.9596894383430481,0.9937386512756348,0.050598978996276855,-0.9122336506843567,-0.6327413320541382,0.2175586223602295,0.42380809783935547,0.37066248059272766,-0.31139951944351196,1.0922867059707642,-0.4018993377685547,1.1350090503692627,1.2442175149917603,0.6734927892684937,-0.8558360934257507,0.27602872252464294,0.13817289471626282,-0.35512757301330566,0.2587132751941681,0.7312273979187012,-0.14703533053398132,-0.011075236834585667,-0.7289601564407349,0.09915231913328171,-1.497922658920288,0.3819560110569,-0.7608610987663269,-0.13829752802848816,-0.20243389904499054,-0.15056774020195007,0.3912908136844635,-0.898594856262207,-0.9751346707344055,0.9142521023750305,0.009541732259094715,-1.003492832183838,-0.7642661333084106,0.2601568102836609,0.506008505821228,0.41776198148727417,-0.37522441148757935,1.1952598094940186,-0.5191906690597534,1.1563475131988525,1.3885462284088135,0.7724583745002747,-0.8757831454277039,0.4624395966529846,0.21600906550884247,-0.3702164888381958,0.230305477976799,0.7877016663551331,-0.1597563624382019,-0.010581178590655327,-0.7940006852149963
B,masked_angular_velocity,2,671,3,1,671_T3_P1_R1,27,5,0.44804567098617554,-1.432266116142273,0.2429952174425125,-0.7627642750740051,0.08778410404920578,-0.42966604232788086,-0.24611568450927734,0.23987337946891785,-0.84571772813797,-1.4130539894104004,1.2056196928024292,0.17870277166366577,-0.7999802827835083,-0.8178948163986206,0.3561806082725525,0.8103353381156921,0.5218604803085327,-0.4178957939147949,1.3942315578460693,-0.46166783571243286,1.2893152236938477,1.3436695337295532,0.9022218585014343,-1.0888316631317139,0.15971064567565918,0.16808578372001648,-0.25764748454093933,-0.026856649667024612,0.5467696785926819,-0.3342197835445404,-0.13586795330047607,-0.8016106486320496,0.47621244192123413,-1.5466322898864746,0.06201181560754776,-0.774663507938385,0.1541101038455963,-0.28493136167526245,-0.08011188358068466,0.24215833842754364,-0.852360725402832,-1.6072185039520264,1.4884706735610962,0.4090120196342468,-0.7777148485183716,-0.5432971715927124,0.10587988793849945,0.6300629377365112,0.5547398328781128,-0.17241151630878448,1.4899990558624268,-0.10704366862773895,1.1230263710021973,1.1379319429397583,0.6964126229286194,-1.0981005430221558,-0.20268964767456055,-0.004259809851646423,-0.5853003263473511,0.0006164655205793679,0.9054750204086304,-0.38024288415908813,-0.1868579089641571,-0.6882200241088867
B,masked_angular_velocity,2,671,3,2,671_T3_P1_R2,28,5,0.17478495836257935,-1.2167468070983887,0.28131216764450073,-0.6520748138427734,0.04818844050168991,-0.31548255681991577,-0.3781593143939972,0.23933008313179016,-0.824023425579071,-1.2282657623291016,1.133110761642456,-0.02904718741774559,-0.8783758878707886,-0.8033949732780457,0.4314006268978119,0.573844850063324,0.4364098608493805,-0.4405156672000885,1.2198827266693115,-0.4970194697380066,1.2668585777282715,1.4065821170806885,0.8677160143852234,-1.0022388696670532,0.2584920823574066,0.2558623254299164,-0.09431493282318115,0.10415661334991455,0.46023187041282654,-0.27113261818885803,-0.05336049944162369,-0.8040062189102173,0.10173968970775604,-1.1899352073669434,0.37877166271209717,-0.7361642122268677,-0.08244301378726959,-0.3262341618537903,-0.4329647123813629,0.26591792702674866,-0.8525077104568481,-1.041330099105835,0.994297981262207,-0.1659325659275055,-0.9702553749084473,-0.9526437520980835,0.6094285249710083,0.5204656720161438,0.38177329301834106,-0.5070375800132751,1.1390676498413086,-0.6268990635871887,1.3527593612670898,1.552178978919983,0.8727286458015442,-1.1293039321899414,0.4607985019683838,0.3546399474143982,-0.0094004450365901,0.25534671545028687,0.4260566830635071,-0.15730300545692444,0.050043899565935135,-0.8416439890861511
B,masked_angular_velocity,2,790,1,1,790_T1_P1_R1,25,5,0.33465856313705444,-1.4622242450714111,0.30511465668678284,-0.6175330281257629,0.1438659429550171,-0.2526339292526245,-0.13145676255226135,0.29469922184944153,-0.8709985017776489,-1.3331642150878906,1.2676374912261963,0.3566337525844574,-0.5627716183662415,-0.5499771237373352,0.03111722692847252,0.5384674072265625,0.3135727047920227,-0.2716599404811859,1.3070333003997803,-0.12591741979122162,1.0385243892669678,1.0261058807373047,0.70782470703125,-0.8254399299621582,-0.09752420336008072,0.025646457448601723,-0.601861834526062,0.05652349069714546,0.7442693710327148,-0.2734226584434509,-0.2612106502056122,-0.6104698181152344,0.45549502968788147,-1.493748426437378,0.29839110374450684,-0.7166187763214111,0.1562872678041458,-0.43112626671791077,-0.23893646895885468,0.26008981466293335,-0.9007056355476379,-1.4108127355575562,1.3125213384628296,0.34049779176712036,-0.5138285160064697,-0.8049867749214172,0.18061505258083344,0.7165819406509399,0.37802907824516296,-0.4322988986968994,1.483152151107788,-0.22457118332386017,1.205120325088501,1.216193675994873,0.8287380933761597,-1.0491669178009033,-0.009053876623511314,0.118296779692173,-0.5102478265762329,-0.05484163016080856,0.6371224522590637,-0.24505670368671417,-0.3155123293399811,-0.6313236355781555
B,masked_angular_velocity,2,790,1,2,790_T1_P1_R2,26,5,0.2997448444366455,-1.3530151844024658,0.24328744411468506,-0.7009611129760742,0.10485465824604034,-0.2547064423561096,-0.13922879099845886,0.3122386634349823,-0.8759272694587708,-1.3918845653533936,1.331862211227417,0.30165472626686096,-0.6541916728019714,-0.576504647731781,0.07863251119852066,0.5307334065437317,0.36048218607902527,-0.3029068410396576,1.3006467819213867,-0.1878567487001419,1.155761480331421,1.0361278057098389,0.6672161221504211,-0.877474308013916,-0.05124480277299881,0.05083426088094711,-0.545427680015564,0.06183589622378349,0.7240825891494751,-0.22714164853096008,-0.17273670434951782,-0.6127856969833374,0.3874642252922058,-1.399090051651001,0.33549588918685913,-0.7576500177383423,0.056348323822021484,-0.3762645423412323,-0.21006783843040466,0.2758011221885681,-0.9177781343460083,-1.2855600118637085,1.1466798782348633,0.2425110638141632,-0.6839275360107422,-0.8501822352409363,0.2714029848575592,0.7867267727851868,0.41873598098754883,-0.5006720423698425,1.412819266319275,-0.4616008400917053,1.35125732421875,1.247450590133667,0.7639774084091187,-1.082758903503418,0.152297705411911,0.15529778599739075,-0.36571216583251953,0.0426284596323967,0.5404590964317322,-0.16315630078315735,-0.2509040832519531,-0.6541203260421753
B,masked_angular_velocity,2,790,2,1,790_T2_P1_R1,25,5,0.31406623125076294,-1.4813029766082764,0.37443262338638306,-0.6508628129959106,0.05437176302075386,-0.2723780572414398,-0.12523989379405975,0.3816748559474945,-0.9184781908988953,-1.2454817295074463,1.2498648166656494,0.41727137565612793,-0.5973369479179382,-0.5462616086006165,-0.058231085538864136,0.46294116973876953,0.2455323189496994,-0.32517096400260925,1.2056753635406494,-0.09134837985038757,0.996294379234314,0.982819676399231,0.6700799465179443,-0.6952794790267944,-0.006110872142016888,0.02131546288728714,-0.707715630531311,0.12605953216552734,0.8009093999862671,-0.19953754544258118,-0.1330094337463379,-0.5804914236068726,0.4483848810195923,-1.6063239574432373,0.3940306603908539,-0.7014310956001282,0.1518961787223816,-0.4535582661628723,-0.1210806667804718,0.353848934173584,-0.9639588594436646,-1.45624577999115,1.3098210096359253,0.47882720828056335,-0.5592209100723267,-0.6758437156677246,-0.06036221235990524,0.6815721988677979,0.2933444380760193,-0.4225921630859375,1.4011058807373047,-0.08134423941373825,1.0727088451385498,1.071154236793518,0.786470890045166,-0.7347996234893799,0.04652941972017288,0.0498167909681797,-0.7518375515937805,0.018544113263487816,0.7442356944084167,-0.28873831033706665,-0.19057892262935638,-0.5947598814964294
B,masked_angular_velocity,2,790,2,2,790_T2_P1_R2,26,5,0.23559370636940002,-1.383845567703247,0.33816561102867126,-0.6775714755058289,0.03771262615919113,-0.2116536647081375,-0.10393889993429184,0.38656359910964966,-0.8556920886039734,-1.224257469177246,1.1546680927276611,0.25765666365623474,-0.685082733631134,-0.5175777673721313,0.054036956280469894,0.4400957226753235,0.3190775513648987,-0.2863883078098297,1.1547534465789795,-0.24328169226646423,1.0546578168869019,1.0022348165512085,0.6717852354049683,-0.6812054514884949,0.04209911823272705,0.054398082196712494,-0.556827187538147,0.1198236346244812,0.751356303691864,-0.21171006560325623,-0.09723427146673203,-0.6652098894119263,0.045342348515987396,-1.3315677642822266,0.3842910826206207,-0.5852882862091064,0.09538128226995468,-0.05348115414381027,0.07141418755054474,0.4646542966365814,-0.8895571827888489,-1.420129418373108,1.2865492105484009,0.275245726108551,-0.6010316610336304,-0.3556941747665405,-0.21875767409801483,0.28720593452453613,0.24720582365989685,-0.156790092587471,1.1162773370742798,-0.05961059778928757,0.8980943560600281,0.8062657117843628,0.5877653956413269,-0.2791910767555237,-0.09173784404993057,-0.03637431934475899,-0.8337870836257935,0.09025515615940094,0.8212727308273315,-0.22952881455421448,-0.04515720158815384,-0.5984749794006348
B,masked_angular_velocity,2,790,3,1,790_T3_P1_R1,27,5,0.37541431188583374,-1.4606611728668213,0.2569960951805115,-0.7496451139450073,0.1646474152803421,-0.3268788456916809,-0.1871165931224823,0.3351476192474365,-0.8564141988754272,-1.3856085538864136,1.2725642919540405,0.283336877822876,-0.6419988870620728,-0.617868959903717,0.12273852527141571,0.5648166537284851,0.37130266427993774,-0.3477339744567871,1.3614269495010376,-0.22334513068199158,1.1661884784698486,1.141500473022461,0.8046373128890991,-0.9106842875480652,0.03631328418850899,0.09216263890266418,-0.5461199283599854,0.013114264234900475,0.7106057405471802,-0.30105534195899963,-0.1692640781402588,-0.7216525077819824,0.3024637699127197,-1.4854443073272705,0.2496911585330963,-0.901689887046814,0.15963014960289001,-0.38506191968917847,-0.1174834743142128,0.48737770318984985,-0.8021435737609863,-1.4709560871124268,1.206687331199646,0.23343320190906525,-0.7156813740730286,-0.7082475423812866,0.09812302887439728,0.5534184575080872,0.4547952115535736,-0.31813836097717285,1.4031999111175537,-0.3923741579055786,1.1989574432373047,1.1695561408996582,0.9392406344413757,-0.809113621711731,0.21787814795970917,0.1562691628932953,-0.519560694694519,-0.10709637403488159,0.7445420026779175,-0.31089431047439575,-0.04795585945248604,-0.883137047290802
B,masked_angular_velocity,2,790,3,2,790_T3_P1_R2,25,5,0.39713484048843384,-1.4314557313919067,0.25477877259254456,-0.7423709630966187,0.16998526453971863,-0.3514856696128845,-0.21852724254131317,0.28312182426452637,-0.8305746912956238,-1.3667157888412476,1.1936744451522827,0.23881807923316956,-0.6539053916931152,-0.6797986030578613,0.23424895107746124,0.6564639806747437,0.37845057249069214,-0.40728873014450073,1.3863677978515625,-0.3208004832267761,1.2129722833633423,1.2329211235046387,0.8267637491226196,-0.9667016267776489,0.0977131649851799,0.1016700491309166,-0.4383125901222229,0.002941334154456854,0.601520836353302,-0.3158286213874817,-0.17878693342208862,-0.7310898900032043,0.30444520711898804,-1.4043359756469727,0.3310588002204895,-0.7972043752670288,0.12128617614507675,-0.29633191227912903,-0.19218803942203522,0.39702826738357544,-0.6964463591575623,-1.151087999343872,0.8878167271614075,0.16068218648433685,-0.6118167638778687,-0.7733720541000366,0.2444671094417572,0.5784183740615845,0.3079833984375,-0.449820339679718,1.307396411895752,-0.5225335955619812,1.1327011585235596,1.3395665884017944,0.9374372363090515,-0.8102327585220337,0.3737547993659973,0.11716921627521515,-0.38316574692726135,-0.034643493592739105,0.4527975916862488,-0.23117487132549286,-0.07678680121898651,-0.8960081338882446
