window_id,recording_id,participant,timepoint,repetition,exercise_id,role,total_energy_deg2_s2,active_link_count,active_region_count,participation_entropy_bits,effective_dimensionality,lr_symmetry,regional_coupling,trunk_arm_lagged_coupling,energy_head_neck,energy_left_arm,energy_left_leg,energy_right_arm,energy_right_leg,energy_trunk_spine,total_energy_log,energy_share_head_neck,energy_share_left_arm,energy_share_left_leg,energy_share_right_arm,energy_share_right_leg,energy_share_trunk_spine
w000000,252_T1_P1_R1,252,1,1,9,evaluation,81841.36592480051,9,3,2.309211238555063,4.204259172258371,0.8616636134595804,0.18293853816167785,0.18937098189642057,26.763108771308744,31666.18516772872,8.546868358465401,50110.41962743265,8.18669637104938,21.26445613832786,11.312550309357214,0.0003270120002139246,0.38692151346575787,0.00010443213235613203,0.6122871858404262,0.00010003127731973193,0.0002598252839263043
w000001,252_T1_P1_R1,252,1,1,9,evaluation,134199.28368990181,9,3,2.3575866849365252,4.4632362885323555,0.7693319373306353,0.19661495794575962,0.4431332795015844,118.97841755116129,60286.17562970979,193.4308567075887,73389.5343005257,128.4929822755544,82.67150313203938,11.807088617451178,0.0008865801238260569,0.4492287437913216,0.0014413702621137309,0.5468697915713845,0.0009574788981174211,0.0006160353532368386
w000002,252_T1_P1_R1,252,1,1,9,evaluation,158540.84280641898,9,4,2.1966518988068255,3.9179134819094426,0.7759439072517937,0.07958031487582352,0.2725119363459735,76.0546677903638,66021.59928001359,493.641362864391,91227.16003721257,699.960904696756,22.426553841300745,11.973773829929112,0.00047971656037698634,0.4164327507746825,0.0031136542112819177,0.5754174030007048,0.004415019450548903,0.00014145600240490674
w000003,252_T1_P1_R1,252,1,1,9,evaluation,158040.60877791932,9,4,2.2393421105551448,3.8483729373486653,0.6103715716538763,0.011886802083306003,0.10133514582710053,516.0529027399203,48978.27583339128,657.3759929931947,107641.8794648973,220.30771522974052,26.716868667878465,11.970613624035142,0.0032653183680473193,0.3099094353794611,0.00415953847606945,0.6811026627729398,0.0013939943469802735,0.00016905065650197126
w000004,252_T1_P1_R1,252,1,1,10,evaluation,213678.1161820726,9,3,2.3257696840121524,3.86071368659196,0.789847204539954,0.1568686934678409,0.06951256994811096,1151.366749574766,100036.64858709625,1287.888391066618,109965.92362185844,635.8434694894897,600.4453629870984,12.272230711600038,0.0053883231944711635,0.4681651559575534,0.006027235797835392,0.5146335319062705,0.002975707016003899,0.0028100461278658313
w000005,252_T1_P1_R1,252,1,1,10,evaluation,327910.78269926336,9,3,2.32519857346603,3.7566035696762605,0.7329425825804023,0.0786709462191524,0.12306901483806375,1880.232737594041,123022.84587703354,1545.5602240769908,199604.76086344177,1076.8233496411715,780.559647475845,12.700499896006177,0.005733976547268523,0.37517170025439944,0.0047133559053911004,0.6087166735425873,0.0032838912486411217,0.0023804025017125446
w000006,252_T1_P1_R1,252,1,1,10,evaluation,322401.45500452304,9,4,2.5110647647459343,4.614833369950516,0.7571971903662258,0.24026985071100182,0.6881152075049229,1257.3653510808022,149788.55942200054,1919.9004955782423,167521.5259791354,1108.8852963565223,805.2184603715726,12.683555904363915,0.0038999989967885298,0.46460261607659037,0.005954999475890416,0.5196053658529091,0.003439454999795102,0.002497564598026631
w000007,252_T1_P1_R1,252,1,1,10,evaluation,589960.853163148,9,4,2.1623410180943763,3.3560134061635254,0.7632153145611602,0.18712077952844292,0.13748491326545528,3047.249573508994,300139.59825213853,2680.873877874052,281527.60719916684,1714.5308168973988,850.993443562216,13.287813158135954,0.0051651724977526715,0.5087449389953638,0.004544155537609344,0.47719709823070766,0.0029061772619398897,0.0014424574766266432
w000008,252_T1_P1_R1,252,1,1,10,evaluation,304449.5116542537,9,3,2.3731064750309927,3.972197813285243,0.7043649827874384,0.16122098145636485,0.16950107181987306,1542.2519936598753,126095.95726611315,2609.014573661867,172020.62944376655,799.1985990169742,1382.459778035289,12.626263829620802,0.005065706905818016,0.4141769076289841,0.00856961326521942,0.5650218603047745,0.0026250611954489827,0.00454085069975501
w000009,252_T1_P1_R1,252,1,1,11,evaluation,446166.58846735663,9,4,2.7423832895188704,5.307738295698634,0.8482010723960752,0.028455972744657297,0.10465444447602833,11927.974444067584,196881.54999436552,4145.061377439343,223749.79052868506,3831.0006833199054,5631.211439479154,13.008449919317925,0.026734351590606123,0.44127362981320634,0.009290389474653844,0.5014938283417776,0.008586480436556035,0.012621320343199918
w000010,252_T1_P1_R1,252,1,1,11,evaluation,492532.11994830315,9,4,2.447603337992746,4.307485056415286,0.8570428132475357,0.23889537403469227,0.2362864797422092,8553.288790290242,202701.42130896106,1035.7293858073474,274679.906897307,1108.6787278033908,4453.09483813405,13.107316985959189,0.017365951262605994,0.41154964945278466,0.0021028666839353724,0.5576893278069617,0.002250977515780614,0.009041227277931545
w000011,252_T1_P1_R1,252,1,1,11,evaluation,389966.14440530137,9,4,2.7398996178834576,5.423849265118527,0.8384881862055156,0.04635604220768029,0.3167555379726353,8483.13390160771,203764.8894356184,2308.537391455715,165230.63602599245,2830.6111941406334,7348.336456486471,12.873817769442399,0.021753513794241026,0.5225194349790544,0.005919840541481456,0.42370507900876697,0.0072586075349113125,0.018843524141544877
w000012,252_T1_P1_R1,252,1,1,11,evaluation,590947.9172590438,9,4,2.8931234118927223,5.756921820670866,0.7820448585363173,0.023559245886437853,0.4028280139704346,18061.329778418032,333500.00881434866,9718.556154776901,214369.01848065387,7172.715550211445,8126.288480634771,13.289484858234704,0.03056331911988243,0.564347549207383,0.016445706755095886,0.36275450377242735,0.012137644182722897,0.013751276962488368
w000013,252_T1_P1_R1,252,1,1,11,evaluation,667009.7522133423,9,5,2.7138007081411053,4.84595485280702,0.869331666533619,0.12726536555309542,0.10603971105806285,12741.756756587354,324097.8300299166,11561.149231756786,296035.8239218541,9288.963140508182,13284.229132719289,13.410561445027714,0.019102804290801308,0.4858966888481928,0.017332803895885117,0.4438253307984129,0.013926277853786338,0.019916094312921444
w000014,252_T1_P1_R1,252,1,1,12,evaluation,185658.47335013194,9,5,3.170662122014511,6.3610971921194785,0.724615476162285,0.6141428914125637,0.6218582306320716,26137.01389528969,76620.38113469433,10590.822305056114,63540.69313872611,5543.3755145594105,3226.1873618063164,12.131669486313747,0.1407800754991564,0.4126953095762913,0.057044648240120774,0.34224504808296674,0.02985791822226826,0.017377000379196664
w000015,252_T1_P1_R1,252,1,1,12,evaluation,319143.92563919397,9,5,2.8360775357643133,4.733697216926969,0.7487694131745518,0.2595369124836558,0.037324281638812754,21223.48355112403,93717.18131352094,10097.27357567708,180408.53545116165,9128.692603842102,4568.759143868133,12.673400590946944,0.06650129250812718,0.2936517783499106,0.03163862058616301,0.565288952593512,0.028603685893625577,0.014315670068661477
w000016,252_T1_P1_R1,252,1,1,12,evaluation,408232.2791065888,9,5,2.8122710884178375,4.888978373893607,0.7995626265031118,0.18646746494298025,0.4157392735838795,13409.165107635787,129793.81088449924,9387.19717317387,239999.46796225774,7802.969623831599,7839.668355190603,12.91959405250854,0.03284690063456416,0.3179410779778399,0.02299474503514919,0.587899292254629,0.019114043703031765,0.01920394039478607
w000017,252_T1_P1_R1,252,1,1,12,evaluation,280645.52318745496,9,5,3.3019596705026606,7.6337960521543975,0.7314583373790359,0.12346221626402663,0.5123241649615505,44987.07644268512,86686.12025221766,14696.761796904175,111996.97093269163,12084.076164193195,10194.517598763205,12.5448512318648,0.16029857142113169,0.3088811796022,0.05236770439087884,0.39906915193471354,0.04305814689985891,0.03632524575121712
w000018,252_T1_P1_R1,252,1,1,13,evaluation,349333.90326695197,9,4,3.6303486202874513,10.798749290524981,0.7671800680507755,0.0029927733356142744,0.12167888263409639,8225.696748785442,50577.599056617655,112202.38595767393,85971.95112610464,75745.57004306545,16610.700334704834,12.763786349269703,0.02354680342176687,0.14478296719447684,0.32118951212110597,0.24610251201529412,0.21682856812550094,0.047549637121855205
w000019,252_T1_P1_R1,252,1,1,13,evaluation,597739.5791563351,9,4,3.528083816987215,9.392422797960043,0.6187880843249406,0.24529651535725758,0.32486764488603603,7866.837126284989,113117.98164350702,75802.839926319,140766.75414718853,242468.96708308786,17716.199229947742,13.30091212468836,0.013160977456752059,0.18924291712983876,0.126815828447079,0.23549846631516408,0.4056431521990141,0.02963865845215209
w000020,252_T1_P1_R1,252,1,1,13,evaluation,526359.7315387715,9,4,3.726578739869289,11.656089853089613,0.8514772102481799,0.16611711279333105,0.3144046622797557,11585.53260319385,107398.56608244359,98263.3125295254,153165.08456950926,135158.53557023575,20788.70018386368,13.173742058070033,0.02201067427655313,0.20404024025255937,0.1866847075141183,0.2909893660021125,0.25677977905929533,0.03949523289536139
w000021,252_T1_P1_R1,252,1,1,13,evaluation,418112.7529959374,9,4,3.719512073067143,11.04453177135486,0.6938177181188753,0.023716804553926087,0.46664602344587885,18409.022890074564,101988.22127805825,90991.67243183986,147513.91505535477,36570.81757508134,22639.10376552869,12.943508810838429,0.04402884809938681,0.24392516264398473,0.21762472390485535,0.3528089349065803,0.08746640066115534,0.05414592978403761
w000022,252_T1_P1_R1,252,1,1,13,evaluation,326983.5376013227,9,4,3.7360316938435356,11.575476953761694,0.8299675587050027,-0.07302566431737173,0.3091649700526074,16286.776942136426,69653.50558699392,61131.81417050629,88796.80927733728,78007.85867110552,13106.772953243271,12.697668163138523,0.04980916489439358,0.21301838648500868,0.1869568560513947,0.27156354698689295,0.23856815313502797,0.04008389244728219
w000023,252_T1_P1_R2,252,1,2,9,evaluation,173392.13792211033,9,3,2.3542925201626757,4.543729006013066,0.746276536181246,0.5010120636482427,0.45763889972386645,329.50534739526876,76689.20203873131,28.664107891669055,96241.24652161222,34.188111124745774,69.33179535509329,12.063316768855268,0.0019003476821035923,0.442287654779255,0.00016531376932756484,0.5550496560855882,0.0001971722105422303,0.0003998554731832069
w000024,252_T1_P1_R2,252,1,2,9,evaluation,395995.14130253345,9,3,2.0744848913171308,3.798420926704225,0.7131205313921457,0.3328064348265877,0.20573722983609827,150.62611712939162,184334.45726489194,27.06191762660567,211412.3698360108,22.116195478139595,48.509971396535114,12.889159746003621,0.0003803736496209075,0.46549676508294224,6.833901430606401e-05,0.5338761711586137,5.584966372413949e-05,0.00012250143079274383
w000025,252_T1_P1_R2,252,1,2,9,evaluation,355944.64231048874,9,3,2.1364869862764295,3.939771554346964,0.8243939947735558,0.13414858747592584,0.10532785725840989,120.18179988009726,186946.2718187364,26.90588905637391,168794.63755769527,26.23104060126461,30.414204519391216,12.782533308036765,0.0003376418285157479,0.5252116469719583,7.559009423972179e-05,0.4742159805019808,7.36941576954076e-05,8.544644561010433e-05
w000026,252_T1_P1_R2,252,1,2,9,evaluation,370695.5949905666,9,3,1.973582138302304,3.5104995522030875,0.7737054067005122,0.37837799104252795,0.37852996956332763,44.283103937359435,185115.1225073442,13.028921466074152,185502.9843650358,10.402013799528424,9.774078983597056,12.82313920374613,0.00011945948248585567,0.4993723286948014,3.514722495260757e-05,0.5004186369405238,2.8060796891296033e-05,2.6366860344930143e-05
w000027,252_T1_P1_R2,252,1,2,10,evaluation,321147.70219932456,9,3,2.2596745059513403,3.6708078555237567,0.6698367393947372,0.28499502808877886,0.21568016095292933,2957.420419637308,115785.51530554489,310.7496905222282,201530.87196024042,320.15192598857755,242.9928973911212,12.67965954157338,0.009208910415313343,0.3605366456387755,0.0009676223382391113,0.6275332832216798,0.0009968993201448194,0.0007566390658473541
w000028,252_T1_P1_R2,252,1,2,10,evaluation,529592.7396127655,9,3,2.0798590649786557,3.2901198887208882,0.7078482073990304,0.16766012042919545,0.1151909029491762,643.8526840465047,266456.00610774657,995.1946148996755,260845.60279941547,327.07031593956,325.0130907177362,13.179865462562192,0.001215750586983661,0.5031337973072995,0.0018791696722038802,0.4925399902388087,0.0006175883683350937,0.0006137038263692654
w000029,252_T1_P1_R2,252,1,2,10,evaluation,669415.8375819579,9,4,2.117798409122368,3.3003967895342976,0.4756872461640266,0.17786838506039176,0.12064761147403977,1723.4588451430886,144753.17164657748,836.2960447693835,520510.1821388461,694.501380060278,898.2275265617388,13.41416222068766,0.002574571362650323,0.2162380444559695,0.0012492922901110688,0.7775588101097458,0.001037473780974369,0.0013418080005490863
w000030,252_T1_P1_R2,252,1,2,10,evaluation,518999.97145467985,9,3,2.0819862620558234,3.3658773225204435,0.7832240812636629,0.22086500303134957,0.06846780233825037,970.2725497250799,249216.6636852522,456.0820425756624,267609.9693715633,283.66391052455,463.3198950391113,13.15966103392793,0.0018695040521978258,0.4801862762857865,0.0008787708432764113,0.5156261735843497,0.0005465586245206954,0.0008927166098689648
w000031,252_T1_P1_R2,252,1,2,10,evaluation,575030.2402024738,9,3,2.1282093338005392,3.273585024242968,0.8270181068638659,0.14319348648455918,0.5601555776564398,4715.172038268982,346734.4797723095,1017.0499308524819,220601.9428827287,788.6796803085781,1172.915898005623,13.262179649090534,0.008199867952351033,0.6029847745924125,0.0017686894701300728,0.3836353768195784,0.0013715447035113773,0.0020397464620167238
w000032,252_T1_P1_R2,252,1,2,11,evaluation,316874.8770877247,9,4,2.7591946965170915,4.857779673515881,0.7172876391085378,0.11235700434797333,0.17689807013451805,13523.426282259705,85631.23652943449,4323.804398352773,197769.11239010576,3453.8943113796477,12173.40317619229,12.666265421253456,0.042677495945870884,0.2702367487016904,0.013645147378331786,0.6241236736964626,0.010899867932488256,0.038417066345156056
w000033,252_T1_P1_R2,252,1,2,11,evaluation,870161.8776272653,9,4,2.6903203796844952,4.854999297538834,0.9114299342896023,0.17128193005542117,0.2333386695835393,13507.163347778129,426939.5056159745,8543.671814558404,402006.9545619011,6897.975599913424,12266.606687139765,13.676435688771624,0.015522586883039636,0.49064377168549606,0.009818485541856953,0.4619909983393931,0.00792723259575867,0.014096924954455633
w000034,252_T1_P1_R2,252,1,2,11,evaluation,846309.3400726957,9,3,2.6925328213170947,5.321756324430519,0.819224673656785,0.27499295629658593,0.37858094682991056,8759.144315303456,391531.26117088355,6556.764427963915,428363.2375173567,6514.161256840474,4584.771384347801,13.648641403559093,0.010349814069818808,0.46263374706139015,0.007747479695073088,0.5061544487746779,0.007697139743584686,0.0054173706554555825
w000035,252_T1_P1_R2,252,1,2,11,evaluation,548842.9215775058,9,3,2.827983278173301,5.647335644395994,0.8351444733569273,0.273802492378814,0.2535695117684341,6073.645110597259,232462.15295974392,7491.2998637674,290586.59300182946,6518.997083205216,5710.233558362578,13.215569384220403,0.011066272100476674,0.42354951447964767,0.013649260233211377,0.5294531123160232,0.01187771004583253,0.010404130824808676
w000036,252_T1_P1_R2,252,1,2,11,evaluation,764264.8414942108,9,4,2.694567202052813,5.087114229779162,0.886042544384986,0.02752298740795271,0.3270464601245468,9622.636972134173,364742.87889341253,5296.851405104182,373232.3731880087,4438.801127842673,6931.299907708526,13.546670967695547,0.012590709986502843,0.47724670701887234,0.006930649059753071,0.48835475992628913,0.005807935792472662,0.00906923821610997
w000037,252_T1_P1_R2,252,1,2,12,evaluation,270023.2310145441,9,4,3.161570636179425,7.122294200902551,0.8348953354803198,0.07000323089854435,0.17350778352804214,40728.055415291376,91678.62291577338,5966.18763597339,121725.4422147112,4836.456209292921,5088.466623501874,12.506266978452027,0.15083167200935266,0.3395212425661085,0.022095090165231143,0.45079618430369345,0.017911259676144004,0.018844551279470458
w000038,252_T1_P1_R2,252,1,2,12,evaluation,259905.4125950937,9,4,2.9996845193299717,6.416788341938041,0.8159421069506235,-0.009113379311225144,0.3937083959666113,50986.93026861746,107366.00138690161,2403.602962338474,89933.02548796957,3507.1024655509855,5708.750023715628,12.468076893642221,0.19617494595254903,0.41309644272074847,0.009247991176247814,0.34602213393714937,0.013493764637424832,0.021964721575880693
w000039,252_T1_P1_R2,252,1,2,12,evaluation,473316.3932846842,9,3,2.861569215464843,5.677808560831209,0.8472867919183118,0.03605439947957801,0.095473908355312,59523.763369861044,220660.26974039886,2115.5296201029823,184919.62217310918,2314.6903186076056,3782.518062604571,13.06752146418316,0.1257589304202685,0.4662003532332314,0.004469588736240033,0.3906892404250324,0.004890365834456521,0.007991521350771197
w000040,252_T1_P1_R2,252,1,2,13,evaluation,468039.9583192211,9,4,3.506785196973727,8.740261725781235,0.6399636010330582,-0.030802486611075323,0.06135006995795893,21745.589064815405,127637.38871127822,122840.7827726492,158745.0351269395,24216.0366084807,12855.126035058078,13.05631108884644,0.046460967014239594,0.2727061791254683,0.26245789614583953,0.33916983433852316,0.051739250416658736,0.027465872959270696
w000041,252_T1_P1_R2,252,1,2,13,evaluation,690826.1669323958,9,4,3.738134268191684,11.542801639556506,0.8134408031016775,-0.04733039584639738,0.34918123438604753,25998.567320855855,115897.28367343884,177370.40071024027,208289.17028552014,130887.59447399958,32383.150468341104,13.44564495125092,0.037634022226318,0.16776620403375736,0.25675113248511,0.3015073548971449,0.1894653108685853,0.046875975489084384
w000042,252_T1_P1_R2,252,1,2,13,evaluation,771306.0569783441,9,4,3.488721961095955,9.542347659212709,0.5317654891971263,-0.012235942314242163,0.5271866200509705,27344.735268074797,283907.84276408266,23440.496844051202,210047.31785230487,208527.36457634068,18038.29967348992,13.555841831340034,0.03545250944249042,0.36808714283447397,0.03039065573513231,0.27232680976885204,0.27035618700216624,0.023386695216885068
w000043,252_T1_P1_R2,252,1,2,13,evaluation,1090720.2920862446,9,4,3.5283774803249623,9.23387388933377,0.6844522370999886,0.09303134686299683,0.27152423124219444,17476.698500242186,291791.8961496866,325693.6388003598,331691.264813703,104458.81517899792,19607.97864325511,13.902349771213634,0.016023080002311247,0.26752220369125973,0.2986041803415965,0.3041029558359732,0.09577048848994756,0.01797709163891184
w000044,252_T1_P1_R2,252,1,2,13,evaluation,726091.3628664308,9,4,3.7046441070624283,11.348299449924518,0.8182885186567189,0.12080905449702685,0.743092700229925,20726.89672458087,170766.29076531256,206333.03045356512,161121.55720811212,150037.00458637136,17106.58312848889,13.49543250729406,0.028545852195178526,0.2351856797898946,0.2841695150304679,0.22190259442288873,0.20663653674940027,0.023559821812170156
w000045,252_T1_P1_R2,252,1,2,13,evaluation,839668.4942332959,9,4,3.379356679218622,7.504098226370416,0.8439505091632545,0.10770145948012297,0.2951063170952419,32787.94594594118,365837.9933259624,84081.0908154353,287361.32532237086,58658.72481528055,10941.414008305657,13.640763634148021,0.039048679533796204,0.43569336689238325,0.10013605535147536,0.3422318775754013,0.06985938524327034,0.013030635403673564
w000046,252_T1_P1_R2,252,1,2,13,evaluation,608749.997355872,9,4,3.3714849473033404,8.147537728863234,0.5998834564648866,0.006220207197565567,0.1518514738239914,46076.465937770765,255464.65483569796,13397.60764468277,209309.87504492508,74936.74940274197,9564.644490053442,13.31916459174453,0.07569029345035827,0.4196544656185924,0.02200839047700332,0.34383552518122423,0.12309938353713759,0.01571194173568432
w000047,252_T1_P1_R2,252,1,2,13,evaluation,460267.8972445058,9,5,2.9057605722045086,4.789584469655594,0.6542880800119123,0.21075892566078933,0.2072737191342786,15042.807850148085,237965.9813463166,8372.160151388312,158379.3762028374,29867.843669368143,10639.728024447262,13.039566156904273,0.03268272225850453,0.5170162480828054,0.01818975470918149,0.3441025914494799,0.06489230260936839,0.023116380890660232
w000048,252_T2_P1_R1,252,2,1,9,evaluation,44273.447936768556,9,3,2.3322199597891227,4.210267495939739,0.6702245004298227,0.02666942339819205,0.2534028581921474,51.08270225078559,11504.77412676223,6.165465472874263,32684.50628521366,7.606135609987209,19.31322145900797,10.698162993612677,0.0011537999553082475,0.25985719800259005,0.00013925876027726133,0.7382417184198925,0.0001717990345104883,0.00043622582742123807
w000049,252_T2_P1_R1,252,2,1,9,evaluation,72991.03628265613,9,3,2.0548914438534056,3.4498764046736365,0.6614425878998179,-0.02301923968344984,0.21255703974485848,15.434522522085379,25411.886835998994,17.524511513108294,47522.11159490448,13.995183678043912,10.08363403943097,11.198105622161153,0.00021145778040902914,0.3481507885104143,0.00024009128251371883,0.6510677751015369,0.00019173838858579676,0.00013814893654040376
w000050,252_T2_P1_R1,252,2,1,9,evaluation,97552.11232496981,9,3,2.1726730612044305,3.7945097318283865,0.6762412711670844,0.08328216116480017,0.23827699849018621,192.54097976135114,29391.29179535291,16.049302902378233,67923.24517624917,10.63644854453276,18.348622159466938,11.48815225046255,0.00197372435278439,0.30128811252639376,0.00016452030119977414,0.6962765188515889,0.00010903350313010305,0.00018809046490293532
w000051,252_T2_P1_R1,252,2,1,9,evaluation,82674.27946093398,9,4,2.3092682617065945,4.289300297840828,0.6821282872419879,0.14022058346786667,0.22507453518041437,350.75437354881706,32753.75928589743,75.63191931342108,49463.061956364094,13.704642902960623,17.367282907251735,11.322675918079346,0.004242605751581528,0.39617834590713963,0.0009148180039374807,0.5982883948778391,0.00016576670510247955,0.00021006875439970766
w000052,252_T2_P1_R1,252,2,1,10,evaluation,79445.15222518341,9,3,2.5829480437926757,5.183351834843188,0.6373451198686784,0.11641125414507951,0.09745584852743397,520.2580413682174,31477.774581685946,174.8540668905292,46942.8527181761,246.66363494090373,82.74918212171717,11.282834740649648,0.006548644275909641,0.39622020601664565,0.0022009406740755417,0.5908837909343905,0.003104829281990016,0.001041588816988715
w000053,252_T2_P1_R1,252,2,1,10,evaluation,105520.26057472618,9,4,2.4602838262958833,4.5560547732689,0.7588511168805118,0.027679665063160507,0.22829317774313462,1512.5238390673726,63907.25072420498,345.6737502034399,39329.01972430224,308.75693181891,117.035605129238,11.566667733630739,0.014333966110671705,0.6056396219657536,0.0032758993232265992,0.37271533931107614,0.0029260440614649343,0.0011091292278069859
w000054,252_T2_P1_R1,252,2,1,10,evaluation,114334.7193778752,9,3,2.3428007378530706,3.9878857617147836,0.687782829147484,0.028820999202612402,0.320702355361541,476.81597964342075,36371.03817387262,319.11818901965046,76930.76874612497,105.74612478916691,131.23216442535193,11.646894306456453,0.0041703515978164804,0.3181101801078172,0.0027910873508594338,0.672855709663042,0.0009248820075350597,0.0011477892729296936
w000055,252_T2_P1_R1,252,2,1,10,evaluation,284208.6904482487,9,4,2.602274652210238,5.116073123625352,0.4038663321627382,0.3783001664319541,0.6915468342916489,834.5753704916121,58902.21234631153,67771.35476174469,156221.98974653278,188.31113417257575,290.247088995495,12.557467591348317,0.0029364878645172154,0.20724986365973555,0.23845630707089555,0.5496735145577087,0.0006625804927906142,0.0010212463543522285
w000056,252_T2_P1_R1,252,2,1,10,evaluation,250948.0877661916,9,3,2.2407643933697323,3.677817681523862,0.6233578843484499,-0.02104992293280559,0.2797860298779432,3351.965538305536,81648.3745317151,239.18659142114586,165066.35751684487,295.6077107809839,346.59587712395796,12.433005359954702,0.013357206935278833,0.3253596202246694,0.0009531317554569138,0.6577709317738943,0.0011779635916429126,0.0013811457190575664
w000057,252_T2_P1_R1,252,2,1,10,evaluation,126948.71296162489,9,3,2.447625367970354,4.712266671151697,0.662766396601045,0.1734255057221094,0.180562303795295,763.9741966329335,66158.70366269909,105.26515768244208,59491.43966887117,269.93814895405666,159.39212678516787,11.751546326095411,0.006017975124047724,0.5211451311262848,0.0008291943669745003,0.4686257802932964,0.002126355932695874,0.001255563156700535
w000058,252_T2_P1_R1,252,2,1,11,evaluation,165846.989520679,9,4,2.711166049288318,5.177248854714868,0.8335681522629633,0.45594478827951657,0.34895308564713073,8442.894236560584,77637.3620842029,1001.4581078026617,74881.68348906851,811.6119737390056,3071.9796293053664,12.01882692202665,0.05090773285039258,0.4681264478094281,0.00603844610443045,0.45151065874326124,0.004893739561294888,0.018522974931193006
w000059,252_T2_P1_R1,252,2,1,11,evaluation,267625.172108823,9,4,2.4449152902411324,3.968007181269868,0.7379404102457513,0.2586377781190276,0.16729804035998294,5183.392019726746,78514.79507619853,1031.1556638273096,179153.9826387005,913.112619921162,2828.734090448803,12.497346405551045,0.019368103451864575,0.29337597228810924,0.0038529845892374287,0.6694212701556042,0.003411908576185307,0.010569760938999301
w000060,252_T2_P1_R1,252,2,1,11,evaluation,284363.5793963974,9,4,2.7641541613032494,5.749959255549756,0.7961758387666283,-0.05688600347859458,0.6105948169079934,6096.7031593835745,126779.96933923298,558.4306753109109,147191.4129336723,789.7778893975426,2947.2853994001107,12.558012424135148,0.021439817195734782,0.445837577401233,0.001963791131396856,0.5176169650350697,0.0027773524692366013,0.010364496767329163
w000061,252_T2_P1_R1,252,2,1,11,evaluation,309250.30920956563,9,4,2.2492733214878062,3.765420722459436,0.7058101145960408,0.06846297463456005,0.09983547905227567,4689.679999117106,152246.6022795675,708.2623623841613,149736.5501692634,819.6584862593372,1049.5559129741423,12.641909523744772,0.015164673597590847,0.49230865013103847,0.0022902559554247763,0.48419207907014056,0.0026504694153883283,0.0033938718304171635
w000062,252_T2_P1_R1,252,2,1,11,evaluation,394291.83663869835,9,4,2.3218947423621623,3.7583293319960593,0.800894670744173,0.2041634547259513,0.40353887463319804,3791.4528233026595,239559.71066558958,321.3361546850562,148823.44035888516,603.24165581539,1192.6549804204533,12.884849152413596,0.009615854225196358,0.6075695421640328,0.0008149703463921987,0.3774448936797457,0.0015299369648582371,0.003024802619774549
w000063,252_T2_P1_R1,252,2,1,12,evaluation,189009.29616884852,9,4,2.7835833635271845,5.313395899554712,0.8781046655314187,0.09910017511415393,0.20157213860655693,28207.80020341938,66813.93998167352,1054.123360421589,89738.897539099,1077.04577283215,2117.489311402893,12.149556769641812,0.1492402795797958,0.35349552289738345,0.0055770979617844,0.4747856288451132,0.00569837460200893,0.011203096113914242
w000064,252_T2_P1_R1,252,2,1,12,evaluation,265302.73029447376,9,4,2.7231343517953244,5.317573120415655,0.8992081881854632,0.21472350882667443,0.1447237459077548,35911.39365009828,109436.25023352349,1062.569606014144,116340.23634961246,1009.8846142160696,1542.3958410093528,12.488630600692167,0.13536006060035,0.41249575574308756,0.004005121262169978,0.43851880536804194,0.003806536830944576,0.005813720195406074
w000065,252_T2_P1_R1,252,2,1,12,evaluation,342776.8156920253,9,4,2.634487987080262,4.781616207042934,0.7529955972435601,0.25260816976919287,0.23677516080683475,14914.348545951354,111999.69593967716,2992.473200539026,207750.87326823786,2408.9722046576057,2710.452532962282,12.744837748594225,0.04351037719934784,0.3267423314892613,0.008730092186945553,0.6060820445187163,0.007027815460022229,0.007907339145706816
w000066,252_T2_P1_R1,252,2,1,12,evaluation,153773.18287008975,9,4,2.7040818902001167,5.040284292088333,0.8059037520855271,0.41379270306412935,0.4487773710832837,3092.3173716500637,59322.14905954331,2340.320553994237,83306.36639740378,1615.3315765675836,4096.697910930751,11.9432404602604,0.02010960112767196,0.3857769472695359,0.015219302288692173,0.5417483389661151,0.010504637716527229,0.026641172631457547
w000067,252_T2_P1_R1,252,2,1,13,evaluation,351141.7329694195,9,4,3.5719477570920777,9.692934919344543,0.7622589074164402,0.00688970264260791,0.42015383185920147,13774.742089361996,58996.532532582394,75483.73427286098,66377.67352993395,125908.0888834248,10600.961661255356,12.76894806642619,0.03922843910598807,0.16801344583476305,0.21496657100406452,0.18903384957581984,0.3585677151464932,0.030189979332871212
w000068,252_T2_P1_R1,252,2,1,13,evaluation,319881.7786542687,9,5,3.653887507732794,10.970426294173581,0.676922215585544,-0.09733100397453054,0.46777186539662263,11597.46064609347,89100.0434457103,86056.8641214457,42703.50972091473,73494.43553542934,16929.465184675188,12.675709890960144,0.0362554587975707,0.27854054026006425,0.26902709020652527,0.13349778752815142,0.22975499212433362,0.05292413108335475
w000069,252_T2_P1_R1,252,2,1,13,evaluation,333898.1844743465,9,4,3.6017566477798657,10.301980190520323,0.7578211079480306,0.03178685298682398,0.4197868349073669,5560.394885623548,94025.69351202458,107759.00210623228,54883.37984903354,56560.361088134174,15109.35303329835,12.718594383503925,0.016652965317488135,0.2815998944709704,0.32273012288424535,0.16437160308444337,0.16939403602082095,0.04525137822203165
w000070,252_T2_P1_R1,252,2,1,13,evaluation,464690.0629810709,9,5,3.7175780030018704,11.21914470428319,0.9377668406674192,-0.06604140857457479,0.3519089024727453,28831.20855827462,108612.13295933031,94680.66657639769,123557.49818024834,99071.93263002849,9936.624076791417,13.049128083084975,0.062043953282145084,0.23373026800393323,0.20375014255524224,0.265892275353608,0.21320002410738914,0.021383336697682265
w000071,252_T2_P1_R1,252,2,1,13,evaluation,391496.7645431702,9,4,3.590008621564324,10.150637996399652,0.7563034096285184,0.10158913119930005,0.1918688191724186,7948.9611825767215,101982.71505668419,68898.10110977347,94291.1126972919,104209.605524636,14166.26897220791,12.877735084417562,0.020304027778753692,0.26049440070261065,0.17598638698884086,0.24084774444386103,0.2661825459687671,0.036184894117166584
w000072,252_T2_P1_R1,252,2,1,13,evaluation,170973.9522337638,9,4,3.5869765344260647,9.774491773033715,0.6743467296981219,0.09647766019965352,0.19626106422429856,2656.031834570101,46029.18641122999,42762.281496045354,50849.436822571915,23204.039981990674,5472.975687355774,12.0492723465907,0.015534716252792981,0.2692175375831324,0.2501099198875552,0.29741043099388687,0.13571681346094752,0.03201058182168509
w000073,252_T2_P1_R2,252,2,2,9,evaluation,127037.29016854998,9,3,2.2928670288131623,4.08901201530453,0.7695103653629213,-0.04658082326781219,0.24355227649369154,1215.4817535264644,50977.59354034838,14.58934779730712,74787.56727012843,16.517608591548267,25.540648157838636,11.752243817389681,0.009567913105780144,0.40128054898457416,0.00011484303371041942,0.5887056247098951,0.00013002173274975486,0.00020104843329035062
w000074,252_T2_P1_R2,252,2,2,9,evaluation,190971.88960299848,9,3,2.0630816266653507,3.927086570106187,0.8544491079270016,-0.03922746086910267,0.22687741489143645,714.4758318841104,84732.17067242281,4.83003541822818,105508.42650363335,3.2750582592539716,8.711501380699547,12.159886757703122,0.003741261781351156,0.4436892301195119,2.5291865877585905e-05,0.5524814501389148,1.714942584514569e-05,4.561666849927198e-05
w000075,252_T2_P1_R2,252,2,2,9,evaluation,182489.54127260027,9,3,2.0698783466345945,3.8058844704933836,0.6719649231402492,0.0562707968051702,0.08404417673267156,996.0760141705847,69540.5230572267,35.722829767042114,111890.625519781,9.962538072094254,16.6313135828388,12.114453622018246,0.005458263565267341,0.38106580011261065,0.0001957527511874221,0.6131344554844399,5.4592378295325744e-05,9.113570819927253e-05
w000076,252_T2_P1_R2,252,2,2,9,evaluation,205144.63342132003,9,3,2.1776511624731123,4.118515089114103,0.8476079804804334,0.020690412158842646,0.3262207871207325,665.5141485016841,89672.09585663117,10.543040487288785,114765.16327585472,9.721094353994385,21.596005491172836,12.231475412834254,0.00324412165896083,0.4371164595491282,5.139320640007091e-05,0.5594353669498797,4.7386539885883764e-05,0.00010527209574534467
w000077,252_T2_P1_R2,252,2,2,10,evaluation,225973.73581522956,9,3,2.212480302697183,3.7114908212852744,0.7111575350494919,0.17592557988084767,0.4254477771553604,1633.8013093322534,99081.07230704562,63.25614317669658,125018.17686267656,41.4072960896257,136.0218969088176,12.328178483577442,0.007230049560574388,0.43846277953319573,0.00027992697004584113,0.5532420677635711,0.00018323941913091587,0.0006019367534819964
w000078,252_T2_P1_R2,252,2,2,10,evaluation,265011.9157292488,9,3,2.139196218938686,3.5254182634327793,0.7253288278507795,0.32009749748594546,0.5064913080567155,340.4486991830822,126762.11869010837,294.3674512832956,137246.69740127894,203.975733516108,164.30775387893314,12.48753384238161,0.0012846543078874383,0.47832610975732787,0.0011107706250613957,0.517888778787962,0.0007696851402127185,0.0006200013815484405
w000079,252_T2_P1_R2,252,2,2,10,evaluation,139910.7003027967,9,3,2.5903696539994145,5.0239756315278905,0.6843426925109767,0.1917986618759935,0.6125902335197382,1443.9155292384762,51764.8838627823,331.4887390548057,85669.9970272847,356.9013143219513,343.513830114495,11.848766790485998,0.010320265184246337,0.3699851673299613,0.0023692879696648873,0.6123191209955814,0.002550922220741805,0.0024552362998045006
w000080,252_T2_P1_R2,252,2,2,10,evaluation,269439.8025517416,9,3,2.6204874401557308,5.3780052839066235,0.6697020025862196,-0.008372007791955979,0.2116282869875449,9692.396575851042,159172.93066484964,408.6653769076315,99569.41564212211,317.0036782799176,279.39061373130085,12.50410398862334,0.035972400825931325,0.5907550746303826,0.0015167223737448882,0.36954234192255764,0.0011765287655265489,0.0010369314818572447
w000081,252_T2_P1_R2,252,2,2,10,evaluation,226671.84943070073,9,3,2.640208131812231,4.954668276352104,0.8224582319496722,0.06652565571573904,0.19937930008981034,5459.4518688065355,107657.20399366063,484.89407474060937,111521.45967554256,551.5799650809229,997.2598528695323,12.331263065012322,0.024085266355386697,0.4749473931767347,0.002139189652170962,0.49199519020837856,0.0024333853827294715,0.0043995752245998224
w000082,252_T2_P1_R2,252,2,2,11,evaluation,263464.19679613766,9,4,2.8892015622542497,5.249861884469314,0.6630302876440076,0.3318035644876161,0.09825355210401862,14568.542813608186,142113.73222638128,3318.4208950898656,93140.3091237967,2742.928041855562,7580.263695406066,12.481676557770095,0.0552961009153019,0.5394043439471418,0.012595339083805687,0.35352169386365034,0.010411008688129166,0.02877151350197118
w000083,252_T2_P1_R2,252,2,2,11,evaluation,443440.05880068557,9,4,2.644466095057083,4.561286185380905,0.7555115620517404,0.13056266511772516,0.25156044170933795,12376.139208881903,209861.57019000212,4506.375279457088,208789.9422240574,2805.962720788626,5100.06917749841,13.002320171788575,0.02790938473703533,0.47325803347038,0.010162309854560486,0.4708414092960936,0.006327715922592891,0.011501146719337673
w000084,252_T2_P1_R2,252,2,2,11,evaluation,596232.4404791667,9,4,2.4795634865749707,3.706188548708587,0.7727695735560169,-0.04167258219356909,0.22934688454604255,12422.497191799705,389208.47028208926,4572.1348456328515,178260.19806284996,4914.992653574745,6854.147443220211,13.298387548017745,0.020834990430605,0.6527797614790952,0.007668376517652111,0.29897769051209255,0.008243417029816047,0.011495764030739125
w000085,252_T2_P1_R2,252,2,2,11,evaluation,610017.8285488272,9,4,2.6190787013148715,4.3264246481882775,0.7627434999030017,0.08673015759984783,0.500564893364732,13691.04409367717,371631.69093546906,4133.366203108505,207836.25327646706,4842.366947875105,7883.107092230414,13.321245102146621,0.022443678615503462,0.6092144746319047,0.006775812131493565,0.34070521147044047,0.007938074464798222,0.012922748685859815
w000086,252_T2_P1_R2,252,2,2,12,evaluation,248145.54498736383,9,4,2.9820168158083997,5.909416837694706,0.6879661297949041,-0.011978869062428187,0.181582687005985,46260.27784779594,122791.77057053939,3326.6941245284725,68390.47312979789,3092.3980778408777,4283.931236861268,12.421774757837314,0.18642397086013218,0.4948376992897142,0.013406221436286014,0.2756062903860736,0.012462033432832132,0.017263784594961865
w000087,252_T2_P1_R2,252,2,2,12,evaluation,275986.29839445435,9,4,2.9748740822434616,6.211548759700021,0.7983596573930839,0.13575690962405604,0.4592347834480773,26981.599418317906,142106.07455607178,2218.316204326689,98468.28777694935,3200.1631791708837,3011.8572596177005,12.528110123330372,0.09776427154276465,0.5149026432934224,0.008037776575256474,0.3567868707605666,0.011595369762150438,0.010913068065839244
w000088,252_T2_P1_R2,252,2,2,12,evaluation,292544.4164189598,9,3,2.714747156186253,4.571280557527343,0.6408802043221133,0.020317037457429594,0.4124051581084175,25884.108857278614,168071.9044995953,2010.2679066109235,91001.55982408827,2685.9955627830022,2890.5797686036985,12.586375203409348,0.08847924419179264,0.5745175606390502,0.006871667322243372,0.31106920767123025,0.009181496593448307,0.00988082358223522
w000089,252_T2_P1_R2,252,2,2,12,evaluation,204684.9697615441,9,5,2.7677199023450623,4.754099454617451,0.7663213729328986,0.056403055053459696,0.0534677734559845,7528.896158524087,100075.09176899906,2872.8212141267477,85149.95706543504,3740.9188892482225,5317.284665210943,12.229232228809627,0.036782848136310026,0.48892252267269803,0.014035330573972065,0.41600493267597455,0.018276470879158124,0.025977895061887177
w000090,252_T2_P1_R2,252,2,2,13,evaluation,340949.4664564042,9,5,3.571646178955461,9.629408980344648,0.7133098916167843,0.010534832365510822,0.14201850754820822,20916.859963896957,101912.462421022,91344.77399667341,85474.37312315658,30535.80033727744,10765.196614377794,12.73949248605581,0.06134885671267507,0.2989078219720667,0.26791294013757694,0.25069513676474936,0.08956107382905064,0.03157417058388122
w000091,252_T2_P1_R2,252,2,2,13,evaluation,433482.43565727066,9,4,3.5599389447796868,9.678840534222251,0.5292142442298814,-0.03694074381981027,0.3411036293714335,15633.647906751614,125570.29030374458,26891.707943573812,70529.05337257414,173032.34589817617,21825.390232450376,12.979608863762815,0.03606523960549172,0.28967791996773246,0.06203644192134124,0.16270337058901588,0.3991680669501977,0.050348960966221115
w000092,252_T2_P1_R2,252,2,2,13,evaluation,777554.1826546863,9,4,3.3140958896776356,6.509851727949608,0.7170421423218697,-0.05059939852489757,0.4679389213402685,14781.27180456661,404312.59921308846,118897.76589826171,138677.18601243914,83306.72478884441,17578.634937485873,13.563909894992438,0.01900995729210939,0.5199799682546942,0.15291251535980033,0.1783505112646613,0.10713944654560636,0.022607601283128314
w000093,252_T2_P1_R2,252,2,2,13,evaluation,468252.67894612753,9,5,3.692308294023889,10.713067508737145,0.5977471977655969,0.04986602219906834,0.4090618683051158,18332.57712844324,176878.51628129242,111543.805344391,58092.56685547545,73234.76286638653,30170.45047013892,13.056765477074462,0.03915103522675714,0.37774160028167675,0.23821285036838863,0.12406243352674765,0.15640009370840607,0.06443198688802383
w000094,252_T2_P1_R2,252,2,2,13,evaluation,573144.4864856647,9,4,3.65069563686401,10.350504898869714,0.6713650627188071,0.1692019082317922,0.13522795973552812,24656.939464236966,224200.0294798225,122465.13486705598,111033.96505070463,70716.91859729204,20071.499026552574,13.258894866585278,0.04302046001598181,0.3911754099817727,0.21367235968363282,0.19372770334323328,0.12338410342373726,0.03501996355164204
w000095,252_T2_P1_R2,252,2,2,13,evaluation,816388.9161916623,9,4,3.452628389653381,8.608755820961761,0.7419208607499818,0.015156845169365673,0.4655017346187567,17517.60528166124,301207.10586516745,185381.7046360289,215376.758643018,77176.54372932979,19729.19803645694,13.612647358287973,0.021457426643392424,0.36895050862554035,0.2270752345595382,0.2638163678749092,0.09453404155625647,0.024166420740363345
w000096,252_T2_P1_R2,252,2,2,13,evaluation,527253.915452187,9,4,3.519215877367033,9.475853044168954,0.7919497063177822,0.1507961093983985,0.38896835423114745,7908.857891854379,163911.09644207792,96988.4202549987,144541.23715143415,100923.46918884816,12980.834522973706,13.17543942110873,0.015000093237945008,0.31087696390363156,0.18395011855306725,0.2741397131730577,0.19141340866533635,0.024619702466962236
w000097,252_T2_P1_R2,252,2,2,13,evaluation,512612.7109109519,9,4,3.2616647271046832,6.627462092995667,0.7629127861939503,0.03215571404900539,0.15277979952505916,5613.88862679406,212499.2682064129,98290.58856644553,107591.07587931267,79519.62073196527,9098.268900021478,13.147277840332293,0.010951520528661397,0.41454155092796174,0.1917443451446525,0.209887647319777,0.1551261196599141,0.01774881641903331
w000098,252_T3_P1_R1,252,3,1,9,evaluation,167197.87282693552,9,3,2.078120088117768,3.722380007051505,0.7299239020048699,-0.007976724780297755,0.38666587247111617,98.98315415435744,63590.822100196114,10.925984505884394,103456.12908659212,10.260456367074003,30.75204512000872,12.026939238144317,0.0005920120422633229,0.38033272209161534,6.534762865789416e-05,0.618764625036099,6.136714656468432e-05,0.00018392605479999012
w000099,252_T3_P1_R1,252,3,1,9,evaluation,228755.59130779523,9,3,2.133974541138697,4.041149113047113,0.90299102434028,0.15568378296057866,0.2953812780864019,658.2991825262498,116257.15588568407,3.786465238365698,111821.9157436725,3.5708441160722177,10.863186557966719,12.340413797182945,0.0028777402937465034,0.5082155816215995,1.6552448911602485e-05,0.488827027590394,1.5609865951943336e-05,4.7488179396454984e-05
w000100,252_T3_P1_R1,252,3,1,9,evaluation,276451.98209610145,9,3,2.173377159490209,4.043743576935393,0.7525210353528852,0.06229628155428449,0.3537566650610994,1368.1273490330127,117363.40286391255,10.175824846798601,157673.8477375564,9.17287100206642,27.255449750617828,12.529796038816242,0.004948878784155067,0.4245344959151502,3.680865215595103e-05,0.5703480457692836,3.318070260345504e-05,9.859017665188296e-05
w000101,252_T3_P1_R1,252,3,1,9,evaluation,352105.4278816052,9,3,2.1653831668099954,4.043782618145042,0.8053115324806159,0.06357029739101103,0.2875588123195952,1730.3502723802358,154561.6175513047,7.103012660571805,195765.76473794002,6.752457812999421,33.83984950668735,12.771688760817478,0.004914295933438614,0.43896402983959604,2.0172971212929384e-05,0.5559862167298536,1.9177374951657724e-05,9.610715094703378e-05
w000102,252_T3_P1_R1,252,3,1,9,evaluation,362650.56663176033,9,3,2.0648018149413603,3.5611061684868948,0.699361606059331,0.08677084871490721,0.19038811540508693,1572.9535411086024,203792.16494985681,7.942741072202125,157243.73738900624,9.155614658802762,24.612396057619623,12.801197780737446,0.004337380624323684,0.5619518724116314,2.190191275853507e-05,0.43359573059394496,2.524638178243764e-05,6.786807555883772e-05
w000103,252_T3_P1_R1,252,3,1,10,evaluation,289941.40028496186,9,3,2.1519660252978063,3.4299960523522666,0.5913856909416252,0.2228291817546378,0.5796608381359084,575.9635498583382,77237.7298058621,128.7901317171342,211762.269308506,70.67512738213155,165.9723616362222,12.577437562528122,0.0019864826109423023,0.2663908283879117,0.0004441936597897228,0.7303623045911366,0.00024375659120315422,0.0005724341590166161
w000104,252_T3_P1_R1,252,3,1,10,evaluation,449928.55597466073,9,3,2.290557207991625,3.527943809669697,0.5539912615466197,0.08172702451576667,0.39140854839979655,3626.6433645785387,111910.52518737342,354.06820927106725,333218.72057106515,296.59737669174535,522.0012656807444,13.01684630721395,0.008060487196066715,0.2487295453940382,0.000786943181465921,0.7406036272786195,0.0006592099406743351,0.001160187009135163
w000105,252_T3_P1_R1,252,3,1,10,evaluation,390682.84858634067,9,3,2.4870913089253657,4.664252285308429,0.6622052525357305,0.0501085877975263,0.22805247252000915,2174.7732085242374,194273.99667166892,1053.3337785005408,191949.86653165685,322.7217794704146,908.1566165196857,12.875653940506904,0.005566595043507813,0.4972677899084543,0.002696135195880642,0.4913188977356298,0.0008260454244105198,0.0023245366921168633
w000106,252_T3_P1_R1,252,3,1,10,evaluation,354652.9334880704,9,3,2.451040404564355,4.472190645916557,0.8061429925978497,0.1697599465622458,0.20356717207357733,3151.439967730606,151919.85072616235,772.4377788418448,196236.44669346116,695.6260816488143,1877.132240225547,12.77889775775178,0.00888598308418225,0.42836203054069066,0.002178010403705931,0.5533196772502152,0.0019614276831357814,0.005292871038069925
w000107,252_T3_P1_R1,252,3,1,10,evaluation,280556.51027920283,9,3,2.4517000195797602,4.011073948879276,0.6038993879791096,0.24871440264328967,0.48338723336410144,9039.879951117531,64839.99439637619,1214.4440280489507,204010.24106648436,741.5251448858726,710.4256922899318,12.544534010662918,0.032221244633108916,0.23111206484515026,0.004328696656657036,0.7271627411656156,0.0026430509281282592,0.002532201771339877
w000108,252_T3_P1_R1,252,3,1,11,evaluation,396533.9384007065,9,4,2.846519869497159,5.629293757671791,0.8702308488406311,0.2678980230011527,0.274359140590467,20110.95609690087,173736.16938542505,3260.7779750896843,185086.89662068285,3364.763412616874,10974.374909991235,12.890519433200705,0.05071685964135129,0.43813694758671756,0.008223200234111095,0.46676180446791504,0.00848543614245877,0.027675751927446323
w000109,252_T3_P1_R1,252,3,1,11,evaluation,364811.3508464571,9,4,2.7775447320948667,5.049699299083856,0.7166796872163808,0.0016292273949226525,0.4072549852552488,11378.029650582052,206908.84385019864,3520.033798120201,128208.0511929911,2745.0048740910756,12051.387480473973,12.807138393096194,0.03118880381375762,0.5671666831915081,0.009648915226877695,0.3514365737127288,0.0075244502884078334,0.03303457376671977
w000110,252_T3_P1_R1,252,3,1,11,evaluation,540522.0857689402,9,4,2.6564165998099987,4.940723613804237,0.8387122853433482,0.15635425870141173,0.0968970140401136,11626.84368145633,274976.85220373445,3576.9607557540457,239207.7982356672,3402.5517957084185,7731.07909661977,13.200292627025204,0.021510395204140685,0.5087245451081905,0.006617603331907344,0.4425495359646093,0.006294935739523002,0.014302984651629231
w000111,252_T3_P1_R1,252,3,1,11,evaluation,515463.0866155226,9,4,2.900696829228338,5.640287632067032,0.7773912756991658,0.2433754382534368,0.029250404136423307,13577.601741885825,226095.3844677958,5307.249707146548,246193.2238558941,6166.222888364817,18123.403954435584,13.152822912923098,0.026340589839390742,0.43862575291727435,0.010296081028795681,0.4776156241805274,0.011962491686556257,0.035159460347455686
w000112,252_T3_P1_R1,252,3,1,11,evaluation,336438.4120462935,9,6,3.0967906639287834,5.959030354052354,0.567906701499615,0.09849883531517681,0.4957150194395414,18504.59456834631,164414.63069157794,12883.780006000603,107715.140911714,17082.062478850785,15838.203389803846,12.726173358501114,0.055001432374493855,0.48869161428854535,0.03829461662132626,0.32016302852152484,0.05077322287593105,0.04707608531817862
w000113,252_T3_P1_R1,252,3,1,12,evaluation,386028.1014025916,9,4,3.0712836780604844,6.453496582152902,0.8114357654101837,0.15480391233575616,0.33988229517396,27657.47000904437,173905.95073590957,6202.429985703205,159554.60136944993,6440.44579984411,12267.203502640437,12.86366803783981,0.07164626074773811,0.4505007539711254,0.016067301740902647,0.41332379894035026,0.016683878133336518,0.03177800646654705
w000114,252_T3_P1_R1,252,3,1,12,evaluation,621601.5629676024,9,4,2.6375587279204473,4.139912740627324,0.7363626683845422,0.16889006045997898,0.10386927011904076,39834.105786208005,402750.4406565736,5601.042307482177,159361.19411152817,5986.121931367619,8068.6581744428995,13.340056201205329,0.06408302063468933,0.6479237901748404,0.009010663166196224,0.2563719327710796,0.009630159072942379,0.012980434180252269
w000115,252_T3_P1_R1,252,3,1,12,evaluation,446029.9394242724,9,4,2.6460449715890193,4.408702620789176,0.6916546502458498,0.24663928730700352,0.2594312860179054,11034.105963690754,235808.61654845625,6326.507049115931,179636.05106012657,5566.630678361463,7658.028124521387,13.008143599502592,0.024738487236828505,0.5286833813282442,0.014184041226654147,0.4027443792046732,0.01248039691135257,0.01716931409224734
w000116,252_T3_P1_R1,252,3,1,12,evaluation,353504.4686497129,9,5,2.970874969403482,5.623905688866029,0.7476994857987951,0.09468032446170166,0.3361278871386669,6808.076733424681,196708.01979083146,10913.221999145895,122750.97747552494,5822.792731371888,10501.379919414068,12.775654234212437,0.019258813783683156,0.5564512961949264,0.0308715248800993,0.34724024266057785,0.016471624117265927,0.029706498363447482
w000117,252_T3_P1_R1,252,3,1,13,evaluation,382277.7665376153,9,5,3.674535837904417,10.002372795665327,0.7479086251292208,0.16309905523679544,0.19514376500035863,20913.40665443468,67847.76183246884,67526.67246129063,155343.07022942632,54548.4476841492,16098.407675845543,12.853905376780832,0.05470735806545225,0.17748288750084232,0.1766429501587196,0.4063617710138026,0.1426932258661236,0.04211180739505942
w000118,252_T3_P1_R1,252,3,1,13,evaluation,507540.6178912141,9,5,3.4322823856188167,8.127924869428304,0.5408263364224876,0.0395285269820062,0.26232983663273907,26741.14107546285,208064.9036290772,27720.70806784667,87381.7864493016,129621.9252295784,28010.15343994743,13.13733399223277,0.05268768672460127,0.4099472954372958,0.05461771352019812,0.17216708056266533,0.2553922201697785,0.055188003585461026
w000119,252_T3_P1_R1,252,3,1,13,evaluation,555217.0214897897,9,4,3.4581347097665325,8.361209605664609,0.7634371263284911,0.02339605397994711,0.29750874078351736,14810.141870039597,170305.08891065704,108103.60591577238,180100.68675949593,69948.99375747918,11948.50427634558,13.227116147103608,0.026674509780518232,0.30673607313710377,0.19470513642701853,0.3243789001213248,0.12598495912425034,0.02152042140978437
w000120,252_T3_P1_R1,252,3,1,13,evaluation,490162.95493460924,9,4,3.665315036883182,10.511705945095974,0.700851064495947,-0.017033559275569612,0.15356581878859207,19824.65127273284,134118.00545013676,92066.18190776774,141985.51240727562,83189.53143663042,18979.072460065858,13.10249521602744,0.04044502154467706,0.2736192200979956,0.1878277029728816,0.28967001887406474,0.16971811231170747,0.03871992419867345
w000121,252_T3_P1_R1,252,3,1,13,evaluation,618495.575335528,9,6,3.495077071484723,8.535091305352886,0.787367806744653,0.18672565832684468,0.7368174933564215,23400.970079577713,165321.10060457978,60661.48203514127,250988.77871145646,97352.72278222602,20770.521122546626,13.33504693375089,0.03783530717561384,0.2672955267544067,0.0980790881199643,0.40580529387829073,0.1574024563222026,0.03358232774952159
w000122,252_T3_P1_R1,252,3,1,13,evaluation,433965.2474071946,9,5,3.2240892107310795,6.975099031084481,0.8018399786364216,0.3595097211798617,0.42222427567282583,12447.743346284764,186373.00915512955,30762.483376571996,181440.70848586792,15809.759721595005,7131.543321745349,12.98072203910706,0.028683733134521952,0.4294652861459517,0.07088697438416584,0.4180996279538947,0.03643093500240706,0.016433443379058738
w000123,252_T3_P1_R2,252,3,2,9,evaluation,306932.72097045276,9,3,2.195973175315072,4.021884842510495,0.7300410469614957,0.05517704894403944,0.43221335977246067,745.4791501448635,126493.93588952477,16.58999156558617,179597.70075752685,22.635423020063982,56.37975867061952,12.634387110656784,0.002428803119419216,0.41212268111910383,5.4050905726611095e-05,0.585137029996929,7.374718129919751e-05,0.0001836876775221596
w000124,252_T3_P1_R2,252,3,2,9,evaluation,591238.4353347525,9,3,2.053829163324641,3.7827366008747947,0.7726874628109043,-0.012890738989438993,0.21145705555396158,964.1869269996389,290543.24450435885,11.953240585735253,299678.840665107,11.901634577433242,28.308363123841144,13.28997635027304,0.001630792028014429,0.49141467661833677,2.0217292840522898e-05,0.5068663042777863,2.0130008243957738e-05,4.7879774777858054e-05
w000125,252_T3_P1_R2,252,3,2,9,evaluation,447831.2845071823,9,3,2.179390320048031,3.8652153578450474,0.599027798319225,0.35521637961221086,0.43807536269677,6321.021087582203,150051.2948563891,41.284463844083206,291271.58253776334,82.92306785709418,63.17849374653362,13.01217407636575,0.014114737639506797,0.33506210943148745,9.218753863860775e-05,0.6504047229712732,0.00018516586653464194,0.00014107655255942792
w000126,252_T3_P1_R2,252,3,2,9,evaluation,817799.0054497977,9,3,2.1552866389267717,4.090965327491314,0.7590558634926226,0.14862950257224966,0.1327639601860257,1917.7073757862288,436853.97864899575,45.24670100174994,378812.9417328589,75.16546132059617,93.96552983448467,13.614373093576653,0.002344961736327217,0.5341825751044068,5.532741015851908e-05,0.4632103233293955,9.191190111469309e-05,0.00011490051859723487
w000127,252_T3_P1_R2,252,3,2,10,evaluation,515492.36651332735,9,3,2.3513498834815154,4.115695902256409,0.6909446683760321,0.23475653385108813,0.30779744917239815,1095.1726185279745,221820.66309748308,136.52393615283268,291905.2515635166,149.43624509300918,385.3190525538127,13.152879714292977,0.0021245176256158202,0.4303083372462475,0.0002648418192421537,0.5662649352848754,0.00028989031613360606,0.0007474777078854199
w000128,252_T3_P1_R2,252,3,2,10,evaluation,526771.0759796584,9,4,2.2518825445839004,3.71401186472624,0.7195400888788557,0.16083690271746048,0.4601890503243341,4674.366452761838,227999.93058168516,821.9768554942109,290866.69147674664,796.9595964555792,1611.1510165150105,13.174523240574022,0.008873620185141566,0.4328254548860035,0.0015604062048500782,0.5521690630712963,0.0015129144951123974,0.0030585411575961815
w000129,252_T3_P1_R2,252,3,2,10,evaluation,734578.7035329639,9,3,2.117885038649511,3.3660004034838344,0.716339862633982,0.14054483814986604,0.2662292434752655,3178.4104591053597,383433.7608772288,1095.0986881790284,344326.08682471927,1323.6349645720911,1221.7117191593159,13.507053782708802,0.004326848088324317,0.52197777996163,0.00149078469456321,0.46873954440644605,0.0018018967310188209,0.0016631461180176893
w000130,252_T3_P1_R2,252,3,2,10,evaluation,530184.7165906812,9,3,2.2014134264469245,3.6460486731031327,0.586621370122396,0.10833930407885273,0.16788448245621446,2101.9856801423443,173233.2187860402,1131.245946476329,351171.843709358,1554.8509067195464,991.5715619447898,13.18098263281119,0.003964628957354765,0.32674125331262904,0.0021336826790306846,0.6623575382699561,0.00293265886032686,0.001870237920702481
w000131,252_T3_P1_R2,252,3,2,10,evaluation,635491.3544585252,9,4,2.470283600310043,4.258348109392322,0.6052766454520259,0.36509361439051735,0.47945610689446616,7135.99234551193,224456.8558996225,2132.692826663756,395002.14942402375,2595.558826954828,4168.105135748346,13.362155338789512,0.01122909429915408,0.3532020606179175,0.0033559745725902624,0.621569666766888,0.0040843338131112605,0.006558869930338877
w000132,252_T3_P1_R2,252,3,2,11,evaluation,448213.7863839898,9,4,2.936783842598795,5.689679281447627,0.7495551993607593,0.18027374638358343,0.39144962224221586,16606.276573920986,161221.03892215155,6796.340899144394,243486.34814547055,9997.953886017283,10105.82795728505,13.013027830398249,0.0370499013604508,0.35969674253623174,0.015163167902474763,0.5432370791398929,0.022306216787031007,0.02254689227391875
w000133,252_T3_P1_R2,252,3,2,11,evaluation,1044931.5511088147,9,4,2.680163990244472,5.044325025621897,0.8515061519512169,0.19482473168968809,0.14672239383655003,17751.970975032073,524985.5799551564,6797.800937973936,480293.290303052,7246.330028393446,7856.578909206802,13.85946289690449,0.01698864481237533,0.5024114540307212,0.006505498786748801,0.4596409112093471,0.006934741343300528,0.007518749817507091
w000134,252_T3_P1_R2,252,3,2,11,evaluation,643535.9322246474,9,4,2.6794070757159374,4.63680962344332,0.669525884703848,0.051106353728285765,0.18114289395224292,11121.26070199923,337364.11851041764,4468.509179115408,279202.0134093659,5596.948633275082,5783.081790474113,13.374734697105913,0.01728149143677806,0.5242350918062639,0.006943682481983816,0.4338561367415631,0.008697181234196077,0.008986416299215035
w000135,252_T3_P1_R2,252,3,2,11,evaluation,562766.2378357853,9,5,2.693040515535575,4.966071977620615,0.8091305250931177,0.27003263995319315,0.24412395525021954,7008.329382075915,313186.4235069521,4894.791368833052,225700.27955549862,7709.884188522718,4266.52983390293,13.240621389727274,0.012453357914695908,0.5565124601492879,0.00869773458275823,0.40105511734937765,0.013699976420356006,0.007581353583524496
w000136,252_T3_P1_R2,252,3,2,11,evaluation,421253.6348481613,9,4,2.5244224288633537,4.520210997786934,0.6401465262706048,0.06520159407308454,0.4759132585647671,5213.052896968781,143647.39106248575,2378.2794232555107,263993.9864788846,3454.540628969619,2566.3843575970554,12.950992763195092,0.01237509297420733,0.34099976636228363,0.005645718461545737,0.6266865485304117,0.008200619159558801,0.006092254511992746
w000137,252_T3_P1_R2,252,3,2,12,evaluation,593182.5217236789,9,3,2.7185449955534473,4.583892715381465,0.7564133220651973,0.07203223144745421,0.3032730677028714,27289.743353028716,318460.7518044058,3587.248346431713,231291.8297930862,6958.35161315394,5594.596813572359,13.293259110241873,0.04600564304175679,0.5368680636088495,0.006047461304166265,0.389916798493986,0.011730540530651938,0.009431493020589165
w000138,252_T3_P1_R2,252,3,2,12,evaluation,383036.78999521903,9,4,2.9860859763950574,6.125125676025062,0.7618210037296752,0.10654542292475,0.4248570538887213,21092.89944090671,162673.82280613438,6416.5263502143025,179015.27403075696,6556.7973672078715,7281.469999998755,12.855888931690204,0.055067554845501875,0.42469503466798797,0.016751723379611633,0.4673579110585993,0.017117931066855777,0.019009844981443272
w000139,252_T3_P1_R2,252,3,2,12,evaluation,602266.2670834383,9,4,2.90013489593405,5.869314102867623,0.8089619511001487,0.3065094463650782,0.34113605044449136,26103.759260470484,246516.0984055381,4753.78064513646,312746.84018914815,5256.703180240094,6889.085402904912,13.308456591022425,0.04334255575508441,0.4093141387435295,0.007893154415168115,0.5192833424054614,0.008728204562570707,0.011438604118185643
w000140,252_T3_P1_R2,252,3,2,12,evaluation,560981.0387053223,9,4,2.67710995959647,4.877024413446757,0.7176122469489231,0.29327682951971284,0.32092996727645295,8537.85316893143,215741.55703608796,5170.224374052832,320069.82169609074,5345.620887203424,6115.961542955896,13.23744416742424,0.015219504011464954,0.384579053748401,0.009216397734199888,0.5705537257280102,0.009529058057898861,0.010902260720025066
w000141,252_T3_P1_R2,252,3,2,13,evaluation,578362.9630545481,9,5,3.736947820618876,11.278940433713771,0.7168683479076983,-0.034532343468090185,0.4769063726935234,36691.397577707845,124917.71706363198,153268.3287241014,181473.65156241282,63079.24264111396,18932.62548558016,13.267958643346521,0.06344008852836468,0.2159849870121272,0.26500370617550406,0.31377121834355287,0.10906514882621324,0.03273485111423799
w000142,252_T3_P1_R2,252,3,2,13,evaluation,597740.7689158459,9,4,3.652539996044211,10.102479678574653,0.6568711405347643,-0.08236543181154518,0.4251058112213893,20805.845101702744,88884.21703852496,158133.9718162419,230799.10434746137,78116.84782627087,21000.78278564393,13.300914115114255,0.03480747204083035,0.1487002755387406,0.26455276273535405,0.3861190608866682,0.13068683263474823,0.035133596163658305
w000143,252_T3_P1_R2,252,3,2,13,evaluation,936343.568255132,9,4,3.6088046747466973,10.01077366277402,0.7980558258915653,-0.04457372882621245,0.2047695540403248,13480.620992508027,223956.39014114227,128372.76742992249,368276.74857516465,178324.39465570805,23932.646460686494,13.749738816194771,0.014397088258564159,0.23918185347124565,0.1371000685882256,0.39331369495221197,0.19044760993874715,0.025559684791005476
w000144,252_T3_P1_R2,252,3,2,13,evaluation,527916.3597242907,9,5,3.6533295272110395,10.40029995605684,0.6204025925742788,0.13280966041209974,0.266729049061103,13169.091150568825,182543.3929964688,48078.92589009769,112394.73286795447,143443.33413937234,28286.88267982852,13.176695034764851,0.02494541210552086,0.34578089811765605,0.09107299860001945,0.21290253805859263,0.27171602375476106,0.05358212936344994
w000145,252_T3_P1_R2,252,3,2,13,evaluation,415508.4919401372,9,6,3.5546066695217022,8.956921864373747,0.7593191369646933,0.04678686875060444,0.6007159618469214,33486.23282487319,184619.73373819527,33902.03940487325,102875.5631361118,41161.65039059171,19463.272445491893,12.937260737637974,0.08059097100161695,0.44432240813213913,0.08159168840707486,0.24758955624650197,0.09906331925587196,0.046842056956794983
w000146,252_T3_P1_R2,252,3,2,13,evaluation,824851.862669727,9,3,3.1802935460748274,6.336200121208019,0.6349055142166858,0.047376763013354105,0.21150428491370604,22714.018035189532,397498.43296053295,112865.44415044744,262958.069079075,17155.069264932044,11660.829179549915,13.622960301131753,0.027537087643438214,0.4819028130384334,0.1368311684296203,0.3187942962606416,0.02079775780515026,0.014136876822716159
w000147,651_T1_P1_R1,651,1,1,9,evaluation,59987.14278564226,9,3,2.239091490319999,4.049332103532667,0.8861062973568148,0.23895746575269886,0.08242097859389082,40.80435020993821,35443.61525388577,15.84405602941731,24460.593237922294,18.681596966040527,7.604290628797392,11.00190220143549,0.0006802182653664346,0.5908535330735755,0.00026412419884764936,0.40776393243681647,0.0003114266840945775,0.00012676534129939352
w000148,651_T1_P1_R1,651,1,1,9,evaluation,141366.1626963141,9,3,2.0880167335388364,3.6205165701629047,0.819799870535023,0.3897240258396368,0.2685796217533211,85.82432261687138,77885.71231933104,14.37764403266533,63345.08727908318,12.988834924817553,22.172296325540124,11.859115775604597,0.0006071065450170073,0.5509501767169478,0.00010170498907543881,0.44809228793429506,9.188079153510345e-05,0.00015684302312973678
w000149,651_T1_P1_R1,651,1,1,9,evaluation,154116.33471019688,9,3,1.8564115904221044,2.803825685965366,0.7468259702581234,0.13783957629577456,0.1049298740344522,48.08724296568877,105192.82457653919,14.519409233896841,48833.59878415398,13.003093908177963,14.301603395960157,11.945469504989447,0.00031201911890853674,0.6825546738724722,9.42107094695666e-05,0.31686192690723897,8.437193846213131e-05,9.279745344874149e-05
w000150,651_T1_P1_R1,651,1,1,9,evaluation,74141.53108792793,9,3,1.8838609651329234,3.031610914832872,0.7719772729829911,0.32763460704736097,0.48674820251366907,46.251519540746976,31655.411661826714,8.979254584519962,42410.27750394676,8.282255438588125,12.328892590603903,11.213744615425037,0.0006238274130850512,0.4269592385984729,0.0001211096460075938,0.5720178270077863,0.00011170871867706386,0.00016628861597128996
w000151,651_T1_P1_R1,651,1,1,10,evaluation,241766.48246652645,9,3,2.3129214578045447,4.208706322108814,0.912101415868494,0.078880598661699,0.13148548651377118,234.4064619200833,115796.37759266335,46.9850095519883,125588.79845676062,39.48404551115684,60.43090011926449,12.395731727004986,0.0009695573163353519,0.4789595994088876,0.0001943404605660901,0.519463232353347,0.00016331480322804288,0.0002499556576360058
w000152,651_T1_P1_R1,651,1,1,10,evaluation,249816.48301278363,9,3,2.1923884271840097,3.6763934918230965,0.8817551164455002,0.10830728630472271,0.16330575721066798,272.07286665489266,121142.05176095589,62.29425035436032,128226.52045390152,51.76548676264757,61.778194154319564,12.428485862266134,0.0010890909333671555,0.484924174337835,0.00024936004863687313,0.5132828663164708,0.00020721405624783622,0.00024729430744230854
w000153,651_T1_P1_R1,651,1,1,10,evaluation,239667.5139830654,9,3,2.294989479760698,4.1114444931262835,0.88575713194386,-0.0036226180945497974,0.2709092110175381,303.9979955270312,103062.56406491248,54.02220148920603,136138.14951054897,53.73057505471846,55.04963553299359,12.387012055862387,0.0012684155248028788,0.43002308636703573,0.0002254047726010258,0.5680292136721055,0.00022418797675898198,0.00022969168669594213
w000154,651_T1_P1_R1,651,1,1,10,evaluation,204718.7359629661,9,3,2.320552704185598,4.194887009781412,0.8658280303734773,0.0761353884734648,0.15351313459492835,251.3579217215131,102018.75605225074,45.0020643086267,102271.09822762551,41.746096535875424,90.77560052384953,12.229397181085702,0.0012278207978334923,0.4983361956216165,0.00021982386759542924,0.4995688242532256,0.00020391927656014517,0.00044341618316884763
w000155,651_T1_P1_R1,651,1,1,10,evaluation,198182.97140283353,9,3,2.3752832504169867,4.372221831339915,0.872637985441415,0.1816950501908085,0.2896752519352558,831.8227300709044,98934.41480697165,133.15044003219816,97796.23469637503,120.47252693643,366.87620244733256,12.196951026784562,0.004197246232523747,0.49920744505275455,0.0006718561089769514,0.49346436782195097,0.0006078853600976311,0.0018511994236962335
w000156,651_T1_P1_R1,651,1,1,11,evaluation,100839.68815790572,9,3,2.867195948140322,5.748320348012518,0.8551920615451645,0.3250385923702473,0.3553373956711445,1711.85086268826,51943.31208591954,847.0631212784367,45044.18096140909,895.4879727706893,397.7931538397264,11.521297205533884,0.016975963471918497,0.5151078214817668,0.008400096596411657,0.4466909981997765,0.008880312792800759,0.0039448074573259165
w000157,651_T1_P1_R1,651,1,1,11,evaluation,90048.37723197397,9,3,2.969258649275938,5.989631058903549,0.7287372643650428,0.13895698117056968,0.3414631222513572,1606.5255690138467,38689.58465896983,695.5860618177533,47439.84320038895,904.7469354874602,712.090806296143,11.408113434777567,0.01784069428453186,0.42965332467126466,0.007724581865876954,0.5268261867526939,0.010047343031587767,0.007907869394044972
w000158,651_T1_P1_R1,651,1,1,11,evaluation,94323.13729990736,9,3,3.1370435538742734,6.332965368494435,0.7692742109913455,0.17291709464555688,0.151955175286344,2973.3651956453155,30709.541809734248,2277.1722511249372,53856.03601985391,2888.5676116824634,1618.4544118664853,11.454492398752068,0.03152317957990818,0.3255780361937177,0.024142244589304748,0.5709737564031048,0.03062416809248032,0.01715861514148422
w000159,651_T1_P1_R1,651,1,1,11,evaluation,93597.51022677195,9,3,3.2779758879636667,7.126056415524001,0.7798753009597866,0.2564953681571771,0.023256012102924408,3200.0238161909374,31152.914523212152,3367.851712921116,50043.710110502536,4007.560984791497,1825.449079153713,11.446769745958376,0.034189198072019075,0.3328391369357323,0.03598227885294539,0.5346692448255786,0.042816961424313654,0.019503179889410936
w000160,651_T1_P1_R1,651,1,1,11,evaluation,121314.10939622845,9,3,3.1045177116542706,6.502065914528749,0.7509006839712274,0.26940489320001887,0.2525083165926743,3566.7636508977603,53778.69351176673,3070.6419186693265,56271.9116765346,3655.799238090499,970.2994002695608,11.706146649386195,0.029401061992288324,0.4433012267033027,0.02531149867028402,0.4638529842620601,0.030134988059386886,0.007998240312678144
w000161,651_T1_P1_R1,651,1,1,12,evaluation,145148.95282752905,9,3,2.7861429866850558,5.072164830561486,0.8161133024966272,-0.04889657309606366,0.22598099640041308,3768.1972596574788,54264.22373666261,2650.924118174692,80832.55492252647,3065.506468369562,567.5463221382379,11.885522644461535,0.02596089869235901,0.3738519822539899,0.018263473945448375,0.556893820781294,0.021119728448968568,0.003910095877940062
w000162,651_T1_P1_R1,651,1,1,12,evaluation,126878.9240171141,9,4,2.951578921633721,5.640587595887583,0.8758905183540234,0.08993146962913896,0.1963741640659463,1959.1357668517103,56117.41178006911,4640.255756378288,57871.41631254667,5720.549230173978,570.1551710943438,11.750996438012207,0.015440986610096501,0.44229104411777403,0.03657231326892705,0.45611528282459796,0.04508667829971792,0.00449369487888657
w000163,651_T1_P1_R1,651,1,1,12,evaluation,121488.48638533925,9,4,3.1854060516149296,6.227550239144895,0.8953230103671636,0.018117589960909973,0.3582921483378631,2636.388529177787,49230.31006433419,8716.878495776185,51165.11199831701,8824.514559842697,915.282737891376,11.70758300621074,0.02170072743202714,0.4052261372998315,0.07175065518659803,0.42115194221805213,0.0726366326752393,0.007533905188251886
w000164,651_T1_P1_R1,651,1,1,12,evaluation,135233.0222339676,9,4,3.0208789178461095,5.583541177461051,0.8618507881162316,0.07511988926847225,0.23319704041536396,1697.7998603781919,56193.95706286988,6971.609261784635,62714.47592236944,6323.56544520779,1331.614681357666,11.81476205467639,0.012554624841858642,0.4155342839683662,0.05155256568712192,0.46375119690711847,0.046760512637714656,0.00984681595782005
w000165,651_T1_P1_R1,651,1,1,13,evaluation,176327.61525411907,9,3,3.3610434814238266,8.370276337176062,0.6618674481461664,0.025859617032542012,0.01679145755369628,2052.4051804875016,67172.46411522295,6431.541283372587,58075.81133216126,41867.030249886455,728.3630929883318,12.080104665221466,0.01163972629885356,0.38095260358631644,0.036474951890568055,0.32936310769282406,0.23743887302932504,0.004130737502112943
w000166,651_T1_P1_R1,651,1,1,13,evaluation,204231.15294868965,9,4,3.4967503104212185,8.926416116484177,0.7974259013730726,0.038494940587113884,0.21578098492444442,1750.5228596115016,49744.978294977016,43215.30216287842,75906.68239674272,32703.464026462516,910.2032080175088,12.227012630440342,0.008571282266869918,0.24357194079727287,0.21159995200994478,0.3716704396014121,0.1601296548263566,0.004456730498143862
w000167,651_T1_P1_R1,651,1,1,13,evaluation,195662.14481714056,9,3,3.469455047481347,8.85564897591043,0.6262998317798738,-0.01682380196561994,0.30071219438390184,4019.2597019620034,64301.16239264597,7263.088986541708,78916.25642784007,39956.36506401977,1206.0122441310746,12.184149810749167,0.020541836059899433,0.3286336376039409,0.037120563067166386,0.4033292004520988,0.204211014355187,0.006163748461707676
w000168,651_T1_P1_R1,651,1,1,13,evaluation,180108.45306223287,9,4,3.470585284607769,8.384151269870284,0.845094688759531,0.10519573264989429,0.6591494445414285,2399.580970586664,60561.7585955349,36136.65839047204,57510.84857007791,22464.338777684847,1035.2677578765374,12.101320017639095,0.013322978071204337,0.336251617099887,0.20063832527608097,0.31931232317122943,0.12472673212024504,0.00574802426135336
w000169,651_T1_P1_R1,651,1,1,13,evaluation,200205.82935529112,9,3,3.3437204441161805,7.284625467426267,0.7717578509874317,0.08757632724547756,0.5573816356780094,5734.381950909563,66619.08559603136,10138.878080421011,98741.2511765555,17129.745986870537,1842.4865645031505,12.207106257945226,0.028642432487483473,0.3327529763272137,0.050642272071050744,0.4931986820489946,0.08556067544103119,0.009202961624226335
w000170,651_T1_P1_R1,651,1,1,13,evaluation,192774.25308372642,9,4,3.5710592714075737,9.923515230607252,0.6916428318161953,0.09834630739046979,0.18775872229794996,1115.2470482612252,65100.25799278693,16739.377971134538,52030.0573082092,55526.96323378986,2262.3495295446837,12.169280297545463,0.005785248965674099,0.33770203723477715,0.08683409585752216,0.2699014856803067,0.2880413869878836,0.011735745273836397
w000171,651_T1_P1_R2,651,1,2,9,evaluation,57924.91846967579,9,3,2.290238636366752,4.044168869761915,0.7788866667764154,0.5619422282562144,0.6333136347471489,55.469302587882986,24805.28744959837,20.365955638944882,33014.01246819511,23.623099653599546,6.160194001889189,10.966920205362625,0.0009576069169078185,0.42823171969735546,0.00035159230564315154,0.5699449104184453,0.0004078227518950493,0.00010634790975345275
w000172,651_T1_P1_R2,651,1,2,9,evaluation,155755.64777203518,9,3,1.9738909355448564,3.4777184094196465,0.7848953505481957,0.32302865313842405,0.07716796601143963,61.812241957746906,77650.95321922365,10.40095616130385,78001.89307010305,9.281020431846102,21.307264157573492,11.956050118063299,0.00039685393654691507,0.498543419323542,6.677739337277031e-05,0.500796562987347,5.9587055523211934e-05,0.00013679930366800516
w000173,651_T1_P1_R2,651,1,2,9,evaluation,146612.87527184546,9,3,1.9945174058598394,3.525758008802639,0.7453840522881061,0.1981926731971148,0.21473476340039652,90.73955150887508,86177.4034106258,10.23386996160354,60310.5930099237,8.372293303971931,15.533136521470976,11.89555771110358,0.000618905749857428,0.5877887821982761,6.980198664427109e-05,0.4113594586975905,5.710476169605337e-05,0.0001059466059353237
w000174,651_T1_P1_R2,651,1,2,9,evaluation,178396.81335995812,9,3,1.9894454718565766,3.6151286592972425,0.7684129437539722,0.21308213238974763,0.18318397085568996,46.68982954427565,104464.57561602129,5.353611857593561,73863.93670331391,4.982623783294629,11.274975437728365,12.091771242102022,0.0002617189660785464,0.585574224385046,3.0009571117121765e-05,0.4140429154094575,2.7930004406754718e-05,6.320166389395315e-05
w000175,651_T1_P1_R2,651,1,2,10,evaluation,361957.11949770927,9,3,2.2525614027350818,3.9674637017383776,0.8406505685309977,0.26541821421370326,0.11566775764527074,257.12772510196686,213893.2092927673,74.42941856183865,147620.42260156316,59.83154181095857,52.09891790406067,12.799283792119795,0.0007103817310149473,0.5909352179329657,0.0002056304864651507,0.40783953305412857,0.00016530008276667487,0.0001439367126591093
w000176,651_T1_P1_R2,651,1,2,10,evaluation,310067.54379771976,9,3,2.3490835743670284,4.320002547813135,0.8880905905752808,0.13961056131478505,0.17782392148511922,407.7454520583675,164750.25020593236,83.8347317074553,144610.16480701003,70.52092834659433,145.02767266488212,12.644548661045233,0.001315021388773184,0.5313366506796057,0.00027037570808167836,0.466382785620897,0.0002274373108608891,0.000467729291781324
w000177,651_T1_P1_R2,651,1,2,10,evaluation,375420.2547481418,9,3,2.345633855346701,4.413694808114557,0.8782464652715756,0.3109883103341691,0.3171936797926817,413.43626697637535,165132.70857506874,115.7431013324742,209599.85744319652,95.34177548723706,63.16758608045498,12.835804020466602,0.0011012625497623652,0.4398609464634542,0.0003083027616880255,0.5583072697657477,0.0002539601267683306,0.00016825833257939752
w000178,651_T1_P1_R2,651,1,2,10,evaluation,215152.13756966722,9,3,2.4958775400789697,4.728390190653239,0.891971212958702,0.25765784463118657,0.5361216646590344,635.2367145083135,104456.40691238121,121.01225799930712,109651.7516822562,96.28257779785551,191.44742472434973,12.279105321333395,0.0029525001316922594,0.48550020507492175,0.0005624497128694472,0.5096475123178847,0.00044750927825050674,0.0008898234843814099
w000179,651_T1_P1_R2,651,1,2,10,evaluation,318994.61383528967,9,3,2.395263041236934,4.465352396487769,0.8209416501147079,0.27146897226299976,0.21474310948118283,1074.9206322038667,140123.66255642183,239.35124761949436,177196.36877448126,173.7697517434678,186.5408728198076,12.672932631939819,0.0033697140502782705,0.4392665470796117,0.0007503300596262778,0.5554838893485995,0.000544741961797488,0.0005847775000869654
w000180,651_T1_P1_R2,651,1,2,11,evaluation,224026.9845834293,9,3,2.8811019593251705,5.599171835304017,0.7827712895635299,0.07330088890934124,0.40219821369089426,3507.127849436598,75897.24960225789,3734.662351511862,136252.20021941932,3950.026479831903,685.7180809717345,12.31952625420995,0.015654934855093394,0.3387861946335897,0.016670591529213956,0.6081954835609458,0.01763192272206335,0.0030608726990938363
w000181,651_T1_P1_R2,651,1,2,11,evaluation,205160.73976740887,9,3,2.9363773277371075,5.550595919165054,0.7697359182693887,-0.028477165926894383,0.4178521809008982,4379.9778150549955,67427.88000692829,2322.463001758292,127043.20496025245,3103.541440285876,883.6725431289713,12.231553921518959,0.021349005760169244,0.3286587876577722,0.011320211675934066,0.6192374091859952,0.01512736522496637,0.004307220495162927
w000182,651_T1_P1_R2,651,1,2,11,evaluation,207879.26433590983,9,3,2.8876262315725225,5.515704393881274,0.7982754072691641,0.050835853613902596,0.09765273200867124,4525.065085038753,83110.39365019028,3267.739906532389,112071.31585556982,4045.3274502019867,859.4223883765883,12.244717540700893,0.02176775591107899,0.3998012688552385,0.015719412501152996,0.5391173391612306,0.019459985406072952,0.004134238165225836
w000183,651_T1_P1_R2,651,1,2,11,evaluation,238216.4673644413,9,3,3.096044635371828,6.30016565873448,0.835596760985464,0.17074512803870806,0.3732899620950868,6641.677531253723,95694.13722359332,5149.42130356119,123472.97701346397,5852.471881168083,1405.7824114010161,12.380939263879936,0.02788084973610489,0.4017108400704864,0.021616563122326977,0.5183225928061715,0.02456787285076533,0.005901281414144831
w000184,651_T1_P1_R2,651,1,2,11,evaluation,264094.041127219,9,3,3.291894415721147,7.40971271215609,0.8864805684336055,0.11265170753150262,0.3276858351536491,9901.227177966055,96492.74118083373,10108.081508944215,134754.7084469683,10913.723973472226,1923.5588390345104,12.484064321612234,0.03749129338816263,0.365372655774355,0.03827455351056166,0.5102527413030665,0.04132514284263947,0.007283613181214856
w000185,651_T1_P1_R2,651,1,2,12,evaluation,240001.31289920682,9,3,3.0036237673887274,5.848070855523315,0.8179497835565775,-0.05246523881467756,0.41112164814077307,15392.38936074766,75807.8302473909,4584.868080483757,139234.6077848492,3809.8900636982216,1171.7273620371132,12.38840383935772,0.06413460482698272,0.3158642314562165,0.01910351249790563,0.5801410254923208,0.015874455092244676,0.0048821706343298325
w000186,651_T1_P1_R2,651,1,2,12,evaluation,264174.4116944312,9,3,2.815666813551969,4.995622679443559,0.7335779678868212,0.03500101937148292,0.35911139814992793,15590.205301377418,73790.63294152296,2511.442266256969,167164.87719970677,4298.126051801085,819.1279337660196,12.48436859972358,0.059014819797954185,0.2793254368136006,0.009506758244102527,0.6327822446068897,0.016270031696986226,0.0031007088404667272
w000187,651_T1_P1_R2,651,1,2,12,evaluation,246037.7585426527,9,3,3.0534046086815,6.235972514379193,0.879586721325797,0.09697010814544683,0.2484712118059711,5214.8772493139495,90572.20636883032,6491.383221983001,135539.43045392682,7090.038712732696,1129.8225358659342,12.41324435755544,0.021195434717837858,0.36812319745275546,0.026383687042319016,0.5508887386097282,0.028816872478146797,0.004592069699212733
w000188,651_T1_P1_R2,651,1,2,13,evaluation,280370.53496000194,9,4,3.4167485089297394,8.015238576885343,0.7424824921022433,-0.11450457939000516,0.21587345422715137,5188.17670073291,104858.96198885184,27351.842447536743,111300.27238040513,29863.617018613622,1807.664423861715,12.543870913154976,0.018504714489605917,0.37400136217527696,0.09755605185630079,0.3969756393847998,0.10651481983609301,0.006447412257923605
w000189,651_T1_P1_R2,651,1,2,13,evaluation,331500.3660113064,9,4,3.532346190750381,9.025938755585074,0.7856069034944674,-0.08062639342385351,0.2538239899074328,4644.741842522119,83833.0206116182,54293.70166613255,147081.24857189314,39085.71341879271,2561.9399003477256,12.711387209297321,0.014011272139481445,0.2528896773789955,0.16378172464606197,0.4436835178844921,0.1179054909926091,0.007728316958359998
w000190,651_T1_P1_R2,651,1,2,13,evaluation,291534.06107111915,9,4,3.3299080480567596,7.472102530762475,0.8234770028590296,-0.028134403369397945,0.12878244604642258,4766.702552154692,91561.09090856698,26927.666452640362,136187.30152950648,30546.201404594714,1545.098223655923,12.582915555656898,0.016350413857788865,0.31406652990104933,0.09236542156928762,0.46714027523625745,0.10477747022891788,0.005299889206698902
w000191,651_T1_P1_R2,651,1,2,13,evaluation,291612.5756587632,9,3,3.220794833644339,6.813942880102178,0.8087896093106856,0.04823930628880704,0.03253965522003756,3265.954189468878,106596.18361304056,16849.101717655467,138930.80556137505,24449.100446222896,1521.4301310003375,12.58318483379003,0.011199634247909136,0.365540420786847,0.05777906415590187,0.4764225453841468,0.08384103597381391,0.005217299451381247
w000192,651_T1_P1_R2,651,1,2,13,evaluation,418653.53538477584,9,4,3.425837987201133,8.301587523892314,0.7505740843829616,0.03706687360011314,0.3556445032451196,3760.2518550683335,132710.65584011548,43128.226902414186,179904.72691283998,55242.47561307026,3907.198261267582,12.944801360930581,0.008981774993521464,0.3169939929401142,0.103016511882017,0.4297222206603206,0.13195272688261916,0.009332772641407546
w000193,651_T1_P1_R2,651,1,2,13,evaluation,316639.1328815845,9,4,3.5525080613510496,9.164395921888943,0.8862375615956278,0.15708074550954343,0.4589392884808391,4245.404144972479,98817.2644340668,54334.273389416674,106381.50219889743,48674.96543802162,4185.723276209503,12.6655211804977,0.013407705188986097,0.3120816543892637,0.17159683610470344,0.3359707981473079,0.1537237832704175,0.013219222899321365
w000194,651_T1_P1_R2,651,1,2,13,evaluation,108814.91537181729,9,4,3.2676343427056356,7.111976219954223,0.883249791326156,0.1262801377179601,0.35558257252130326,1995.9252150854575,45780.12664730713,6097.858388372972,45271.87217621457,9052.24849165749,616.8844531796501,11.597412883696926,0.01834238631960923,0.4207155470449783,0.05603881019009915,0.4160447308305295,0.08318940892180295,0.005669116692980687
w000195,651_T2_P1_R1,651,2,1,9,evaluation,54675.82041416683,9,3,2.4380729498625784,4.717084140371086,0.8083673636799392,0.39533116646014954,0.43233566898618625,135.6590546081787,32255.85421909958,30.166301823835866,22190.17426621341,32.9314376413088,31.03513478051528,10.90919514017436,0.0024811526115304278,0.5899473290892201,0.0005517302089905101,0.40584986376288196,0.000602303493424601,0.0005676208339522947
w000196,651_T2_P1_R1,651,2,1,9,evaluation,205899.58315644113,9,3,2.2257430372360396,4.259229619361553,0.8454586589272429,0.08500705166090936,0.34127614494316727,90.325432572206,99285.36991462612,56.724288843123844,106353.68820913228,44.79518717611876,68.68012409132754,12.23514872524325,0.00043868681610480644,0.4822028699261123,0.0002754949183166879,0.5165318286648761,0.00021755841604634854,0.0003335612585439031
w000197,651_T2_P1_R1,651,2,1,9,evaluation,94140.79765613347,9,3,2.096549425752632,3.5360974668258156,0.8580020697944484,0.13457444828967463,0.29357710458726927,38.409287942659276,42464.301022301996,30.149356775371963,51567.16312174064,23.486723563684535,17.28814380912202,11.452557410334038,0.0004079983269629417,0.4510722458228009,0.00032025814021140994,0.5477663712825035,0.00024948507074981565,0.00018364135677148325
w000198,651_T2_P1_R1,651,2,1,9,evaluation,120466.07163446484,9,3,2.2304415213825592,3.97342219249814,0.8448336184152762,0.293365029118759,0.20653716714998982,115.64324539476344,66310.23789875359,52.728787342265754,53873.78798772792,53.782140255310104,59.89157499099418,11.69913173012504,0.0009599652734229144,0.5504474164307563,0.0004377065394998758,0.4472112957347806,0.00044645051943341743,0.0004971655021068973
w000199,651_T2_P1_R1,651,2,1,10,evaluation,190990.43824292894,9,3,2.4763398540466297,4.662615465826124,0.7968900803081337,0.22777714826306195,0.22714052858668318,760.5309068392675,117792.07838338954,192.9120885180858,71835.54736107176,158.75771694004376,250.61178617024638,12.159983880070802,0.003982036555525966,0.616743327399274,0.0010100614998993437,0.37612117141540374,0.0008312338481474816,0.0013121692817495004
w000200,651_T2_P1_R1,651,2,1,10,evaluation,212809.3995217762,9,4,2.5258497705909058,4.98971632842121,0.8441347607369032,0.4270033240760955,0.500870482357785,1185.7907784680822,111094.85464423522,586.1849219468238,98806.41179389256,477.32321847649496,658.8341647570471,12.26815690518869,0.005572078964241161,0.5220392280316885,0.0027545067241583053,0.46429533665303147,0.002242961164070442,0.0030958884628102643
w000201,651_T2_P1_R1,651,2,1,10,evaluation,209721.7122299656,9,3,2.608153976188452,5.4032689529771885,0.8683093200177561,0.18901443357497646,0.18259098801946808,1105.8109330450868,116748.91238527055,381.48175006918035,90546.34783698135,351.48701277282464,587.6723118266007,12.25354151922713,0.0052727536948226645,0.5566849094635093,0.0018189902514760853,0.4317452250136829,0.0016759686397534725,0.0028021529367555508
w000202,651_T2_P1_R1,651,2,1,10,evaluation,246766.95110393458,9,4,2.5175343900631386,4.863441152221913,0.8586170967649959,0.18546151467082558,0.44984366405908627,1789.729937655812,134275.78427255616,611.4278158014993,108602.44881339272,533.9137407059045,953.6465238224737,12.416203704817484,0.007252713256979068,0.5441400628076861,0.0024777540633631077,0.440101270966593,0.0021636355205484057,0.0038645633848302966
w000203,651_T2_P1_R1,651,2,1,10,evaluation,333750.6575264159,9,3,2.3734779873616856,4.563615680556457,0.8269953684158429,0.24496499674368524,0.3721889270820593,559.4843377861257,146387.88089377806,213.20669070570176,185941.68792260208,268.9519148948696,379.44576664908664,12.718152455055547,0.0016763542637870108,0.43861450934277685,0.0006388202866351709,0.5571275553453705,0.0008058468465296805,0.001136913914900839
w000204,651_T2_P1_R1,651,2,1,11,evaluation,269069.5962754051,9,4,2.9134719016921458,6.366319919466801,0.737898828815897,0.03703842618781809,0.3080253898577249,6752.647596884726,98714.33117255625,1646.4892695538115,156950.32174369926,1999.751758816754,3006.0547338943397,12.502729063838226,0.02509628620386036,0.3668728557184053,0.006119194782113376,0.5833075305284712,0.007432098559251252,0.01117203420789878
w000205,651_T2_P1_R1,651,2,1,11,evaluation,232500.87434723214,9,5,2.9609955803414807,6.458714991921828,0.8403773547268877,0.14472232332159296,0.11028804350512758,5099.559365058129,116451.11825694353,3757.233719403637,101373.30372689084,3431.8951861875175,2387.7640927484654,12.356653565685578,0.021933506183043898,0.5008631411984618,0.016160084257542777,0.43601256989465453,0.014760784000588742,0.010269914465708293
w000206,651_T2_P1_R1,651,2,1,11,evaluation,247094.965163976,9,5,3.0947140642350264,7.009915080838523,0.8519231028085387,0.1523715057669769,0.10625100955704914,7289.243361326131,98404.46063573351,7088.727529516029,125435.51832006182,6074.871461865507,2802.1438554730235,12.417532063085702,0.029499764823167792,0.3982455108724324,0.02868827183432022,0.5076409316427022,0.024585168936299973,0.011340351891077497
w000207,651_T2_P1_R1,651,2,1,11,evaluation,259972.38956573306,9,5,3.1387381872282423,7.208066412205155,0.853809772771532,0.01620991258484456,0.5951854981596012,6926.756071863598,121740.22701573912,6225.067956484412,113889.84093054486,6262.083648314705,4928.4139427863565,12.468334556935666,0.0266441989606446,0.4682813710298168,0.023945111890085646,0.4380843716549685,0.024087495055821535,0.01895745140866286
w000208,651_T2_P1_R1,651,2,1,11,evaluation,327614.3206023969,9,4,2.9692375631512387,6.369902207929889,0.7952144567407752,0.06478726299977146,0.3535265159892429,8294.798500987288,123922.8620288837,3666.2897568843296,181151.63155609265,4625.976091232412,5952.762668316521,12.69959539605313,0.025318790966571077,0.378258379551364,0.011190871480046974,0.5529417371713247,0.014120188893838504,0.018170031936854743
w000209,651_T2_P1_R1,651,2,1,12,evaluation,184066.4250906538,9,4,3.259246738596067,7.831645243222453,0.823963719235789,-0.020069055720964176,0.8139520035389634,13701.556145403269,80242.88872060223,3931.6530529664838,77430.81445928446,4701.347374757698,4058.1653376396457,12.123057410178198,0.07443810645344566,0.43594527726108734,0.021359968560426604,0.4206677802382989,0.025541580287889314,0.022047287198852128
w000210,651_T2_P1_R1,651,2,1,12,evaluation,232952.3288703865,9,5,3.2090171337276963,7.184201393990778,0.8031958001501094,0.07018483072751062,0.2087013818574729,5707.357111423021,81131.85892754333,8322.912206228848,120845.02689266848,11300.330386719577,5644.843345803204,12.358593407206746,0.02450010755032445,0.34827665952498243,0.035727963084068046,0.5187543197299652,0.048509196888119645,0.02423175322254008
w000211,651_T2_P1_R1,651,2,1,12,evaluation,188723.0196819881,9,4,3.3033963907979333,7.887131713127237,0.7659155862771628,0.1947140871399033,0.4645100284694167,6823.085793748464,69450.54965001051,5197.524851703761,93702.53405604904,7053.841459298895,6495.483871177455,12.14804101356852,0.03615396683057454,0.3680025349691823,0.027540492201014826,0.49650823844353786,0.037376688181362965,0.03441807937432759
w000212,651_T2_P1_R1,651,2,1,12,evaluation,257495.4431574926,9,5,3.249937814754396,7.565548245555832,0.8674307381047318,0.14256806025193614,0.27049765682840204,6483.849984374136,115334.72330083701,8051.497559348895,109218.68200201489,9304.35719709363,9102.333113824061,12.458761186009916,0.025180445544461156,0.44790976448579145,0.031268505029133024,0.4241577274639893,0.036134065453743903,0.03534949202288126
w000213,651_T2_P1_R1,651,2,1,13,evaluation,250421.11108826956,9,3,3.7747272480178937,11.948940997188524,0.9260749128629202,0.1329671457033069,0.569456519776929,9061.928422774648,74293.94338868905,47044.9122275719,77183.78450494219,36234.03321084608,6602.5093334457115,12.430903217377763,0.036186759109061134,0.29667603927570463,0.1878632037974997,0.3082159653773603,0.144692406536261,0.026365625904113288
w000214,651_T2_P1_R1,651,2,1,13,evaluation,254556.0439174641,9,4,3.6805758725705062,11.3546616670626,0.8535391715802829,-0.03324823225754963,0.4377722353539602,3469.7752284064236,83340.16369774009,40874.72395030636,72478.71402280407,50714.17786626972,3678.489151937414,12.447280230986369,0.01363069277401029,0.3273941659965531,0.16057259266473894,0.2847259601752146,0.19922598216804868,0.014450606221434318
w000215,651_T2_P1_R1,651,2,1,13,evaluation,143969.99366746584,9,4,3.8235244052122765,12.725718745668091,0.7391827246525408,0.018004849694943415,0.3212418525145257,6790.860010107081,31027.770655882927,21721.079541573163,38033.570100511,40594.47060453998,5802.242754851703,11.877367125402992,0.04716857893174771,0.21551553810267718,0.15087226850716787,0.2641770630924587,0.2819648009313865,0.04030175043456216
w000216,651_T2_P1_R1,651,2,1,13,evaluation,395369.6404106655,9,4,3.4596528625300826,8.712030789290074,0.8630548304393691,-0.01489039731447123,0.29344361983163647,7625.82112786294,160151.40724724936,31302.72945653436,147994.3672186871,40955.215296144685,7340.100064187036,12.887578934080299,0.01928782675357191,0.40506753902728115,0.07917332606525025,0.3743189969390852,0.1035871526544249,0.018565158560386593
w000217,651_T2_P1_R1,651,2,1,13,evaluation,350639.3291891129,9,4,3.632144441912947,10.778150178493101,0.7980670960787941,0.08157965102431072,0.5997662062873147,7382.675166554993,93490.20701809469,57759.83629324513,113621.74447021629,74253.69684747022,4131.169393531534,12.767516273915867,0.021054897588436924,0.2666278401635657,0.16472720395290597,0.32404164339744057,0.21176659509128373,0.011781819806367015
w000218,651_T2_P1_R1,651,2,1,13,evaluation,253990.62475555984,9,4,3.588278717228836,10.261021978483955,0.8050403872755393,0.0728853774598745,0.3230948284987512,2836.1721791733107,89420.9581918954,49580.968151019275,73973.58414346012,34870.89679389505,3308.045296116698,12.445056572053732,0.011166444359522475,0.3520640113309457,0.1952078672145317,0.29124533322697316,0.1372920627580437,0.013024281109983313
w000219,651_T2_P1_R1,651,2,1,13,evaluation,297165.3449079863,9,4,3.22105934659094,6.652498118668402,0.7347233332722853,0.1653326470180922,0.41562214194968744,1995.0564658935436,67878.07910735418,29109.864101158637,162143.03583050118,33890.533015954534,2148.776387124231,12.602047344861683,0.006713624250200807,0.22841855643824086,0.09795847530664169,0.5456323848284087,0.11404604741662704,0.007230911759880931
w000220,651_T2_P1_R2,651,2,2,9,evaluation,139794.96324314855,9,3,2.2933950023565655,4.410036936675495,0.8568701635204796,0.530780623660807,0.5266011991031067,76.63579044994623,79297.89596838414,23.323094472636406,60343.97831274937,21.70393532166604,31.42614177082276,11.847939233137113,0.0005482013705790806,0.5672442992846567,0.0001668378740661065,0.43166060430798014,0.00015525548859665205,0.0002248016741215673
w000221,651_T2_P1_R2,651,2,2,9,evaluation,418887.909937954,9,4,2.132525042183901,3.907380856879768,0.746572226151729,0.37966962359853,0.0731478043538771,152.63966167364967,154967.1953977264,982.6629839967064,261673.50766410364,786.4124478573,325.4917825962776,12.94536103233773,0.0003643926168608179,0.36994907640251606,0.0023458852850211393,0.6246862262099255,0.0018773815839511435,0.0007770379017252841
w000222,651_T2_P1_R2,651,2,2,9,evaluation,296690.9116073457,9,3,2.1205889355165093,3.988557308748799,0.7696670337536071,0.2085178680024354,0.270343288011168,147.9488475024312,164030.3791460169,17.293151738732803,132415.99511808285,12.571499599214748,66.72384440558871,12.600449544725473,0.0004986632273328058,0.5528662076548614,5.8286759257456966e-05,0.4463095765242996,4.23723784834112e-05,0.00022489345576548732
w000223,651_T2_P1_R2,651,2,2,9,evaluation,242799.75780305895,9,3,2.0615292334275597,3.700451337550231,0.8463463769696095,0.46612288146645586,0.6184489911615036,68.99278418901056,88184.56745550377,22.906686336045258,154463.28376166435,20.4264945333474,39.58062083246206,12.399996459262523,0.00028415507829695764,0.36319874555654424,9.434394228113462e-05,0.6361756089021862,8.412897409031128e-05,0.00016301754660137227
w000224,651_T2_P1_R2,651,2,2,9,evaluation,119425.35818657889,9,3,1.9815065251360984,3.4303085265199265,0.7473086601019038,0.13980701601096704,0.21964493079177694,33.25552586341852,54480.4215405001,10.544934949475515,64882.18908077349,7.094212833618248,11.852891658768275,11.690455210909247,0.0002784628521813871,0.4561880522508883,8.829728551453122e-05,0.5432865353387317,5.9402901873946406e-05,9.92493708099283e-05
w000225,651_T2_P1_R2,651,2,2,10,evaluation,367325.25062818103,9,3,2.375330469701379,4.455368638202548,0.7469208317380681,0.1532929505518101,0.18805372794913566,657.1954824817848,136285.10130151935,278.00448860994646,229548.46927372122,181.52501039098752,374.9550714577408,12.814005698429513,0.0017891377773727299,0.37102023633946063,0.0007568346802582106,0.624918839315182,0.0004941805935762723,0.0010207712941501072
w000226,651_T2_P1_R2,651,2,2,10,evaluation,341891.4234860974,9,3,2.4851797314867494,4.918599046661982,0.8823127081672261,0.16722067116901254,0.46617239676005845,971.3997461647932,181392.8340082104,539.3414866073635,157913.26689179806,413.04757198348057,661.5337813333618,12.742251415352893,0.002841252162045808,0.5305568421653798,0.0015775227149835047,0.4618813343769631,0.0012081249882545727,0.0019349235923733614
w000227,651_T2_P1_R2,651,2,2,10,evaluation,253174.00875510936,9,4,2.6502498143565854,5.266830046894329,0.7663354889896414,0.20022928680194957,0.3601771678239372,1952.2640085787164,161696.3699490315,1102.474972779093,86405.51057971305,888.1302096293655,1129.2590353776764,12.44183626278174,0.007711154941134207,0.6386768165662593,0.004354613564797234,0.3412890249065477,0.0035079833589412323,0.004460406662320492
w000228,651_T2_P1_R2,651,2,2,10,evaluation,288243.2736380606,9,4,2.622165018708698,5.286646296812722,0.802890489929261,0.20217543150651412,0.3065996792108562,2697.278461762897,140490.83530102548,574.8147566829825,142256.72539104373,636.7281314223472,1586.8915961231576,12.571563571977551,0.009357645809802306,0.4874036903890985,0.0019942000707526037,0.4935300782410337,0.002208995628539349,0.0055053898607735595
w000229,651_T2_P1_R2,651,2,2,10,evaluation,348540.98265835125,9,3,2.4782461606414787,4.78336674601608,0.8575325425837484,0.1704439370690679,0.3362266049099773,1787.2124233796976,151341.91195609263,584.8985148437008,193481.51400367275,440.09854364200476,905.3472167204123,12.761513968665636,0.005127696633401555,0.4342155427513723,0.0016781341189280837,0.5551184039477167,0.0012626880784157328,0.002597534470165469
w000230,651_T2_P1_R2,651,2,2,11,evaluation,250932.92757601425,9,4,2.910146578235889,6.499199008803155,0.8228155613640934,0.11555006849422786,0.35210042977131845,3799.643705105673,101079.73089499385,1891.1619896034606,139047.92310951746,2000.902263243899,3113.5656135499116,12.4329449467121,0.015142069005490161,0.40281573196237513,0.007536523834762886,0.5541238627098716,0.007973852943782249,0.012407959543718032
w000231,651_T2_P1_R2,651,2,2,11,evaluation,296896.92779407266,9,4,2.85626260652331,6.124800888592385,0.815101325536676,0.09712408817451144,0.45054084040728165,4076.968980451512,114103.18435003926,2615.2140684347205,169979.87532594107,2954.8367775022225,3166.848291703822,12.601143681253168,0.013731933875985718,0.3843191817369733,0.008808491512073273,0.5725215029636107,0.00995239930388129,0.010666490607475548
w000232,651_T2_P1_R2,651,2,2,11,evaluation,245157.68790293232,9,5,3.049433115852389,6.9442314453028615,0.7716663850875873,0.15496520287360407,0.18329902013595836,7073.8796351640985,103074.10739272725,3839.8755906131687,123399.90820563497,3501.439732038076,4268.477346754753,12.409660985582295,0.028854406711344614,0.4204400370815146,0.01566288058701846,0.5033491270911884,0.014282398247386127,0.01741115028154782
w000233,651_T2_P1_R2,651,2,2,11,evaluation,246097.58447897268,9,4,3.0533798907848824,6.793700056973529,0.8209308582264264,0.20811745942860455,0.4143322678612208,5801.299365166284,86249.7830829141,3499.260159209445,141440.2520884464,4139.951989171898,4967.0377940645785,12.413487484550224,0.023573166625948595,0.35046984823324645,0.014218994333560525,0.5747323866989499,0.016822399935118536,0.020183204173176178
w000234,651_T2_P1_R2,651,2,2,11,evaluation,311055.36947784666,9,5,3.0208131788884933,5.772216565994929,0.7413467590650361,0.2569086410169316,0.38186756988666404,12160.963798644698,192370.2557371084,7531.8483469413695,85036.45291637193,9156.465618686056,4799.383060094219,12.647729427077493,0.03909581698929907,0.618443771152483,0.02421385092816341,0.27338043724857874,0.029436770804042264,0.01542935287743371
w000235,651_T2_P1_R2,651,2,2,12,evaluation,167504.10948257888,9,5,3.120312134883836,6.5068276302915935,0.8171168629049586,0.07906951984542906,0.3199632643860446,4280.576589728854,86213.11393379974,7391.8030378587655,58737.39958719176,6186.109041556318,4695.107292443457,12.028769134155615,0.025555054159277515,0.5146925302317211,0.0441290847173367,0.35066243908064054,0.03693108820234466,0.028029803608679627
w000236,651_T2_P1_R2,651,2,2,12,evaluation,233466.35172407466,9,4,3.4710415876819747,8.831005864321188,0.8501698304813006,0.00969607170212646,0.48658382618135554,4814.379847287866,100531.92478029939,17946.808368880906,81606.75688525804,21428.555268375727,7137.926573972748,12.360797525005006,0.020621300721646627,0.43060562705461897,0.07687107044055574,0.3495439761773726,0.09178434112724455,0.030573684478561614
w000237,651_T2_P1_R2,651,2,2,12,evaluation,281615.628177453,9,4,3.3049525312117853,7.714355490242589,0.8992299288529184,0.11954342123369725,0.22388884769740194,3916.0732797121736,128903.82441132714,18363.114409069505,105158.12470032634,20312.954013770217,4961.53736324761,12.54830195044832,0.013905738488506606,0.4577296552949172,0.06520630452191542,0.3734101171191522,0.07213006659193828,0.017618117983570224
w000238,651_T2_P1_R2,651,2,2,12,evaluation,344681.27515947993,9,4,3.3866961800076685,8.194722823518854,0.7779033139004837,-0.023829031443714458,0.07205810023556186,10409.763191659844,111629.38640825845,15021.72314848208,172627.40586010495,27700.84263533705,7292.153915637647,12.750378330119547,0.030201127655812954,0.3238626361603451,0.043581488845112655,0.5008319810243023,0.08036654333056009,0.02115622298386721
w000239,651_T2_P1_R2,651,2,2,13,evaluation,279500.0756713008,9,3,3.65016865077897,10.703166089898861,0.7820693368751724,-0.03847435366673854,0.5254106999568305,8902.09819624554,84208.0621076885,68492.30520815452,81954.73520353645,31708.995595791457,4233.87935988433,12.540761420125524,0.03185007436890512,0.30128099931793695,0.2450529039881306,0.29321900899918646,0.11344896962776511,0.015148043698075703
w000240,651_T2_P1_R2,651,2,2,13,evaluation,517545.4338429327,9,3,3.412460631921535,8.71343075650865,0.7623305444034466,-0.029286195203317978,0.13846286986273884,6750.476470304971,182452.53504106315,38183.33615599567,200816.97090114973,84327.32083903554,5014.794435383572,13.156854527329134,0.013043253845716743,0.35253433439900617,0.07377774714863727,0.38801805169069403,0.16293703958100736,0.009689573334938334
w000241,651_T2_P1_R2,651,2,2,13,evaluation,359784.15537897433,9,4,3.4576097824071526,9.056972699931997,0.8532577135341631,0.13753414970687514,0.6874655478130116,2449.7844072327207,130310.94701975433,49361.05445786944,127767.73665230379,43964.994932709764,5929.637909104298,12.793262341667932,0.006809039171422848,0.36219201171461496,0.13719629872492733,0.3551233002957598,0.12219825213369878,0.016481097959576304
w000242,651_T2_P1_R2,651,2,2,13,evaluation,359796.6752059891,9,4,3.4754983308026715,9.195949652025542,0.6966962787305712,-0.002948483914390246,0.19623110624779933,4814.582363779586,133272.96423092348,33653.30376174567,110316.43210755775,74763.0294578122,2976.363284170455,12.793297139126915,0.013381397593580218,0.37041188375246287,0.09353422663641525,0.30660770293221834,0.20779244114751538,0.008272347937808044
w000243,651_T2_P1_R2,651,2,2,13,evaluation,281354.6418043401,9,5,3.386166827812495,8.342640864779844,0.7406899270070396,-0.025751171567115275,0.6015093240479311,11355.333189679772,70946.14702166295,31360.44409778115,134303.82457616078,28609.835564897417,4779.057354158045,12.54737477727932,0.040359501861627387,0.2521591489185395,0.1114623305898392,0.4773471079590663,0.10168602650882616,0.01698588416210137
w000244,651_T2_P1_R2,651,2,2,13,evaluation,225110.84618305578,9,5,3.424986436215843,8.435079919049311,0.8676230298682712,0.02111252081808583,0.43716498264601317,7618.3123694305295,80578.93364257345,11339.905781219582,103305.06424097814,15829.124849450312,6439.505299403754,12.324352651823105,0.03384249359195898,0.357952248898075,0.05037476413730057,0.4589075381866428,0.07031702433643901,0.028605930849583645
w000245,651_T2_P1_R2,651,2,2,13,evaluation,246894.3384705889,9,5,3.0930759545614857,6.754210640399909,0.8500909199159911,-0.03306115513975931,0.29282493012779026,3228.905977666056,105246.53025004282,6364.32326278785,118882.6824504169,8594.256867896576,4577.639661778705,12.416719794922509,0.013078088374435111,0.42628166729947203,0.02577751803549758,0.48151238779652583,0.03480945298760004,0.018540885506469453
w000246,651_T3_P1_R1,651,3,1,9,evaluation,62347.057382892104,9,3,2.4791608792897613,5.020566273096246,0.863165873881503,0.4067168881949839,0.2688659210109045,36.951479433061614,34442.59588927115,24.004239088162905,27804.608993283673,24.216452173344333,14.680329642714039,11.040487793973119,0.0005926739927135842,0.5524333839486404,0.0003850099763449239,0.4459650568995931,0.00038841371493483306,0.00023546146777317335
w000247,651_T3_P1_R1,651,3,1,9,evaluation,61428.53828023199,9,3,2.522852455406649,5.282973683141556,0.8593958330913549,0.1372090224557665,0.10900984076654474,58.865886252539475,31909.073933846135,13.84686093925778,29396.44412376592,15.224597871243319,35.0828775568948,11.025646077936205,0.0009582823863396862,0.5194503210914696,0.00022541413692915056,0.4785470230410129,0.0002478424246689697,0.0005711169195797818
w000248,651_T3_P1_R1,651,3,1,9,evaluation,100622.34179993508,9,3,2.5348397150106634,5.376001020531335,0.9085286764598017,0.13687349745478705,0.32478800439431726,82.69280757222197,51240.89663090999,23.34596320951777,49210.582560217605,21.403001137237005,43.42083688851271,11.519139535578228,0.0008218135862573944,0.5092397544552382,0.00023201570140293467,0.4890621871836554,0.000212706251458469,0.0004315228219876386
w000249,651_T3_P1_R1,651,3,1,9,evaluation,95372.8633394329,9,3,2.400422374952587,4.6692569706062255,0.8540629408501904,0.12737223958662014,0.23630946614231146,232.09968686625217,55200.458874761236,57.94658971993104,39690.48266852069,55.67488884880318,136.20063071595942,11.46555985071163,0.002433603005502805,0.5787857986217977,0.0006075794276375933,0.4161611728827088,0.0005837602741427165,0.001428085788210218
w000250,651_T3_P1_R1,651,3,1,10,evaluation,110321.65814645059,9,3,2.7146511043326136,6.003317082773623,0.8351860441878988,0.38283600184733435,0.4228071594117187,471.2708861124126,57812.26991927761,132.9278653134116,51447.80611092422,144.47684536853035,312.9065194543997,11.611164607050462,0.004271789366026448,0.5240337291026986,0.0012049117784012234,0.46634366248038,0.001309596391097922,0.0028363108813957484
w000251,651_T3_P1_R1,651,3,1,10,evaluation,153677.42105848502,9,4,2.7067450055846756,5.796026910536119,0.7915669334475084,0.1603567028460892,0.11719554517293691,986.2449841376947,92701.16704554386,317.5390546385006,58635.8944765064,294.9960941878983,741.5794034706507,11.942617523173658,0.00641763101791225,0.6032191743396356,0.002066270063952041,0.38155178602451517,0.001919579936701512,0.0048255586172833275
w000252,651_T3_P1_R1,651,3,1,10,evaluation,174815.26480272744,9,4,2.696441441503206,5.712857596753643,0.8268479264231094,0.20261738999707157,0.26202847377457933,1067.6269457077108,98438.54257903827,428.64271721342243,73450.48334908491,390.1615923224956,1039.8076193606407,12.071490785945391,0.006107172316516457,0.5631003830822355,0.0024519753334877816,0.42016058169731957,0.002231850821281417,0.005948036749159321
w000253,651_T3_P1_R1,651,3,1,10,evaluation,222064.09766509518,9,4,2.6165777367114815,5.316258212267701,0.7887762903946837,0.09850138855081371,0.19759081214068444,1480.2241938786055,130654.5453616156,470.1092634463489,87780.10174482255,430.1578827190049,1248.959218613053,12.310725850595757,0.006665751958297185,0.5883641107922883,0.0021169980577199913,0.3952917318368485,0.0019370888281443192,0.005624318526701531
w000254,651_T3_P1_R1,651,3,1,10,evaluation,244708.46413486832,9,4,2.6422609226290397,5.334055929673705,0.8371330991769735,0.3233157922468281,0.35360088755783453,2185.600306226086,110115.47516127901,378.22230047276275,130272.97587810874,326.7452309356056,1429.4452578461273,12.407826925163715,0.008931445481270795,0.44998637685286647,0.0015456036709229222,0.5323599097345086,0.001335242865794473,0.005841421394636782
w000255,651_T3_P1_R1,651,3,1,11,evaluation,182662.44710973115,9,4,2.9207994669536745,5.891708837676991,0.819180609771215,0.23035144047069808,0.36525260001581455,7337.811488721916,97330.10613164345,1512.8906803280786,71372.70567291384,1643.6103887404347,3465.3227473834145,12.115400651795024,0.04017142880120214,0.5328413566756508,0.008282439572372733,0.39073551680843294,0.00899807494505461,0.01897118319728677
w000256,651_T3_P1_R1,651,3,1,11,evaluation,250023.50343537255,9,4,3.0911654389395027,6.976857336972578,0.8415507794514853,0.25657093559000943,0.3337981345616911,9448.243446611441,106831.61341775692,2972.972464579912,121954.71813419214,3525.820085824973,5290.135886407175,12.429314205782841,0.03778942106158301,0.42728628288888587,0.01189077196235826,0.4877730151706144,0.014101954565788838,0.021158554350769663
w000257,651_T3_P1_R1,651,3,1,11,evaluation,249831.0824001978,9,4,3.0577739801482835,6.812110235834628,0.7601089530097779,0.2690744150210429,0.4568436366600242,8688.411049662014,100096.10040323151,3373.207584953131,130833.78927239188,3601.958611465619,3237.615478493664,12.428544300773556,0.03477714208412338,0.40065511241267493,0.013501953209927975,0.5236889982440723,0.014417575975177246,0.012959218074024165
w000258,651_T3_P1_R1,651,3,1,11,evaluation,280763.54406758107,9,4,3.0713453639819797,6.9322082406975545,0.8616392910969802,0.4648513462715899,0.3337843015219631,10413.637367780851,111874.5448640602,3336.3231152356557,146439.37908011005,3782.2808997961934,4917.378740598101,12.545271675595778,0.03709041856685725,0.3984653535970877,0.011883035336071223,0.5215754757849239,0.013471410301352304,0.01751430641370756
w000259,651_T3_P1_R1,651,3,1,11,evaluation,356603.7868722446,9,4,2.827973695646791,6.225725026279893,0.8742397074954236,0.05073277872018104,0.15084472485428832,3565.1137353697145,162239.27101407,2152.565924179392,183992.50049560494,2341.8784866268365,2312.4572163937573,12.784383407967308,0.009997408515033345,0.4549566689604257,0.006036295752940395,0.5159577863976003,0.006567172231028012,0.006484668142972381
w000260,651_T3_P1_R1,651,3,1,12,evaluation,159920.0498455181,9,4,3.0689757677551324,6.352866017597441,0.8273753632497757,0.04118708288308473,0.1607542905405549,10051.440029708545,58435.72644206352,2526.1608640804834,83515.20564357634,2616.6372355102067,2774.879630579019,11.98243553396963,0.06285290705835936,0.3654058793660464,0.015796398678719403,0.5222309880734253,0.016362158703914012,0.01735166811953559
w000261,651_T3_P1_R1,651,3,1,12,evaluation,177351.48894856003,9,5,3.1805942404610383,7.145456954682558,0.8678919419917747,-0.026357315592357152,0.16881122350121272,5577.123487232502,75090.5024317092,4981.663581198101,83148.9366497747,5391.242003405382,3162.0207952401497,12.085894494208507,0.031446724920646825,0.4233993347159823,0.028089212054165553,0.46883698097336896,0.030398628369954574,0.01782911896588181
w000262,651_T3_P1_R1,651,3,1,12,evaluation,202692.03329202876,9,5,3.251907091914998,7.0825941343382395,0.8257200917934073,0.00511890786660801,0.21256941274768584,3974.1039591269155,76437.17223862358,10003.008018848435,96812.47269465307,10239.235114363488,5226.041266413284,12.219447962298526,0.019606611540579008,0.377109899176435,0.04935077050826458,0.4776333392204439,0.050516218857064296,0.02578316069721329
w000263,651_T3_P1_R1,651,3,1,12,evaluation,370225.2707754588,9,5,3.0158981265858302,6.569541253924074,0.8806207242141273,0.03862060457153549,0.3227154593986406,5177.980562170969,156498.48223201104,8514.801929843132,187191.6642848131,8721.247728699183,4121.094037921328,12.821869640340784,0.013986026808287241,0.4227115072512897,0.022998975494050892,0.5056155780309892,0.02355659760996869,0.011131314805414154
w000264,651_T3_P1_R1,651,3,1,13,evaluation,290451.9729031205,9,3,3.4904113021422694,9.20469505895068,0.6592102390204353,0.1528532132346378,0.30909757710336655,7231.6013889040805,82418.40066990709,19861.94248115811,111578.99015031848,66657.82536745569,2703.2128453770956,12.579196958875682,0.02489775268738203,0.2837591352749996,0.06838288024913161,0.3841564201994089,0.2294968930704741,0.009306918518603918
w000265,651_T3_P1_R1,651,3,1,13,evaluation,275695.96311033395,9,4,3.526040547620709,9.299423255821113,0.6830328035235712,0.010894646616253527,0.2716518757704421,6832.447597422856,94076.12760472973,22909.96920869044,93219.4737447699,54313.7379200806,4344.207034640458,12.527057581754754,0.024782544946762606,0.341231429518902,0.08309867489616392,0.338124188301819,0.1970059238710875,0.015757238465265087
w000266,651_T3_P1_R1,651,3,1,13,evaluation,296218.2723899617,9,3,3.4976431564852093,9.086189812443303,0.8161220364122429,0.05330325193134023,0.34727167318746427,5146.982968550745,115779.8960703283,32438.272659180046,117702.24407218849,19687.521100332582,5463.355519381487,12.598855244161566,0.017375643058828286,0.3908600746881267,0.10950800704311757,0.39734970811401304,0.06646288543069552,0.018443681665218672
w000267,651_T3_P1_R1,651,3,1,13,evaluation,327646.1865992957,9,4,3.559114299137693,9.905358021283392,0.7701166689365583,0.1802168661974485,0.6047037387401771,6033.680475361682,91377.87446369717,68207.01921891018,115619.57974600774,41698.3033093119,4709.729386007053,12.699692657827072,0.018415231802287827,0.27889192122797496,0.20817278518283477,0.35287936949929477,0.12726625553651885,0.014374436751088918
w000268,651_T3_P1_R1,651,3,1,13,evaluation,248384.9672537729,9,5,3.4879920077113047,9.41668088464816,0.9062753686188344,0.095808031550232,0.5022419766359402,5623.923669249723,91298.25233163883,23758.417981605515,93879.87457448422,27265.964307246788,6558.534389547821,12.422739134908552,0.0226419647349423,0.36756754380533885,0.09565159375096857,0.37796117700862275,0.10977300522132394,0.026404715478803593
w000269,651_T3_P1_R1,651,3,1,13,evaluation,202720.89418923412,9,4,3.4126231346278013,7.701783262326885,0.8683656858209011,0.023314405900271413,0.12394025282294083,3529.705006886727,83427.49191872746,16286.719856494381,74256.17675502438,19431.574343782693,5789.2263083184625,12.219590339380858,0.01741164876468949,0.411538693396105,0.08034060781761941,0.36629759873547313,0.09585383105918957,0.02855762022692336
w000270,651_T3_P1_R2,651,3,2,9,evaluation,89458.00129028523,9,3,2.548677103691653,5.364874757213311,0.8847461582339181,0.36392475499112914,0.28230830723559236,158.3465754142257,46601.29591156522,52.796929004757644,42545.04225097419,55.34240628108604,45.177217045759754,11.401535713167373,0.0017700660995141357,0.5209293214627849,0.000590186771929267,0.47558677409881284,0.0006186412113266832,0.0005050103556322783
w000271,651_T3_P1_R2,651,3,2,9,evaluation,101390.25086184926,9,4,2.3476093035000782,4.524014517146614,0.7594079005691439,0.05387902907017969,0.3317982668223384,128.62238148940185,54282.935747966294,107.18854176287064,46644.61559018343,69.03884858554932,157.8497518617151,11.526742083002876,0.0012685872694472185,0.5353861469573666,0.001057187854371935,0.46005030260492913,0.0006809219624046418,0.001556853351480465
w000272,651_T3_P1_R2,651,3,2,9,evaluation,108549.15087060245,9,3,2.3548179684961177,4.5441902292027825,0.7522799859260453,0.0329580310761701,0.36861840379207367,150.78938801216609,60166.78114544145,66.52751234758456,48046.89651622511,43.93428842003682,74.22202015610097,11.594967565177443,0.0013891346620658203,0.5542814537274834,0.0006128791594776234,0.4426280273117944,0.0004047409681943004,0.0006837641709844269
w000273,651_T3_P1_R2,651,3,2,9,evaluation,107580.12377556143,9,3,2.26881574800837,4.1371064050275494,0.8957151246082155,0.12810297008759985,0.21158613142420504,149.31162137225124,57425.75762677885,42.820899540783,49808.19213427104,37.14413189925341,116.89736169924949,11.586000481725096,0.001387910853158637,0.5337952366236638,0.00039803727712860713,0.4629869383510208,0.00034526946610272726,0.0010866074289254965
w000274,651_T3_P1_R2,651,3,2,10,evaluation,152350.17976754307,9,3,2.621786079271258,5.487484308954597,0.8094856969097199,0.09809596621722728,0.27811641334053494,532.482964974304,96708.0853469618,123.7033764914839,54605.6809933188,110.43440095165917,269.7926848450382,11.933943528181333,0.003495125281681781,0.6347749999016716,0.0008119673812018557,0.358422163181143,0.0007248721407494282,0.0017708721135524072
w000275,651_T3_P1_R2,651,3,2,10,evaluation,138821.79362380828,9,3,2.6173893887421262,5.204464595503638,0.6728837889913569,0.25662944728772163,0.19335378851911506,584.2762120071092,93166.11055250214,306.3652586591378,43948.26537594098,191.89671606617227,624.879508632721,11.840953532764049,0.004208821949026485,0.6711202046918656,0.0022068959826967356,0.31658044625929505,0.00138232413698811,0.004501306980127886
w000276,651_T3_P1_R2,651,3,2,10,evaluation,176019.3890156693,9,3,2.6250708862398073,5.563097025521637,0.764740736735192,0.23092423412586632,0.14490626626531702,510.2378849242528,86618.8680033485,312.94744366312517,87995.4158522645,193.95109341114926,387.968738057781,12.07835511399052,0.0028987595501699603,0.4920984471525331,0.0017779146116412578,0.4999188802117199,0.0011018734611894583,0.0022041250127464306
w000277,651_T3_P1_R2,651,3,2,10,evaluation,181038.95953605615,9,3,2.6480829542819726,5.796232881038905,0.8179428800432601,0.006188713165212754,0.39604939808884826,589.9958777122525,108533.33128409478,151.29142789102985,71133.52741887092,158.63592892487006,472.1775985623105,12.106473056799087,0.0032589442583199754,0.5995026239779014,0.0008356843647286777,0.39291833979361657,0.0008762529862710338,0.002608154619162349
w000278,651_T3_P1_R2,651,3,2,10,evaluation,229500.21096622918,9,3,2.647030554488411,5.752994147684245,0.8965885876173724,0.06258236249349917,0.458755563406559,809.8322173194247,126007.16386452715,234.25150990424206,101819.33978966603,234.72626693003483,394.8973178822743,12.34366358501012,0.0035286774417762562,0.5490503182285486,0.0010207028085857056,0.4436568461570987,0.0010227714647485647,0.0017206838992421807
w000279,651_T3_P1_R2,651,3,2,11,evaluation,156002.3948604097,9,4,2.9789937361843797,6.583393050561174,0.7450099244727342,-0.011286953398391013,0.342667546683249,4242.772266404332,82773.54430193255,568.4742583954256,64329.784443423014,1038.4693573439831,3049.350232910393,11.95763304792059,0.027196840601073767,0.5305914974959068,0.0036440098173114205,0.41236408262184077,0.006656752662503683,0.01954681680136346
w000280,651_T3_P1_R2,651,3,2,11,evaluation,241011.60896103157,9,4,2.8455439273998486,6.347199434156856,0.8196400487796832,0.11930325987004108,0.25441108741853163,2939.0802863099207,106400.54450294786,744.5483008823153,127438.40910019769,1158.7492796079118,2330.2774910858943,12.392604530444563,0.01219476646365666,0.44147476945872527,0.0030892632271613896,0.5287646086824093,0.004807856702849805,0.009668735465197736
w000281,651_T3_P1_R2,651,3,2,11,evaluation,279756.1528915383,9,4,2.803105605837829,6.001599300311669,0.7791751568345437,0.046672184989251325,0.515193060765235,2353.923598420997,152813.13236224276,1578.422708047562,117947.28860685916,1926.6953674709287,3136.6902484968723,12.54167719471785,0.008414197772206339,0.5462368951773817,0.0056421375963785075,0.4216074870481488,0.006887052697703883,0.011212229708180789
w000282,651_T3_P1_R2,651,3,2,11,evaluation,156991.50258651192,9,4,3.3544473030889836,8.488164647450292,0.8779950287304594,-0.02157605560637258,0.6007270971001842,9558.914553585424,69759.39136674255,3732.3091002917486,62482.21833244468,3272.517254981934,8186.151978465565,11.963953328964138,0.060888101560260414,0.4443513834661265,0.023773956161958626,0.3979974540215204,0.02084518716660207,0.05214391762353185
w000283,651_T3_P1_R2,651,3,2,11,evaluation,166015.41450917977,9,4,3.265779616190907,7.837848806711972,0.8718302669072422,0.13930198913393743,0.2620386801965244,6779.498444708653,77541.8273851137,3029.110698145593,67851.03516410697,3496.656988418999,7317.285828685853,12.01984194503554,0.040836560055294034,0.4670760701008644,0.018245960515781496,0.40870322412353566,0.021062242917362667,0.04407594228716181
w000284,651_T3_P1_R2,651,3,2,12,evaluation,205778.936452791,9,5,2.8377938099851114,5.547197900158751,0.7892370247262311,-0.08853057146099676,0.16907493761585343,5200.50866342604,105926.91168059778,3540.167883011696,85545.18140140717,4211.230806932379,1354.9360174158983,12.234562607118358,0.02527230800718576,0.5147607112105913,0.017203742734980397,0.4157139835399655,0.020464829294608116,0.006584425212668656
w000285,651_T3_P1_R2,651,3,2,12,evaluation,162784.07628576588,9,4,2.9802568575323103,6.2448419869605285,0.8042974848605076,0.006816540578593805,0.2614866172350024,4206.441273689465,65975.78590701538,2528.375390424589,84762.77968628786,3804.9293293468536,1505.764699001746,12.000186059342365,0.02584061887174454,0.4052963128358791,0.01553208058253837,0.5207068260011355,0.023374088032218437,0.009250073676484121
w000286,651_T3_P1_R2,651,3,2,12,evaluation,166210.89690381754,9,5,3.1827597089502015,6.8710741012256555,0.8193896535950355,-0.0014973904821876478,0.32679784113437915,4245.300133627735,78923.6600283412,5507.163080989864,64307.22195642256,8093.185590919057,5134.366113517118,12.021018740693718,0.025541647465414936,0.4748404677342697,0.033133586206304716,0.3869013593834084,0.048692268327042355,0.03089067088355981
w000287,651_T3_P1_R2,651,3,2,12,evaluation,178867.01655763586,9,4,3.2154629504125367,7.0779461992789665,0.7264185216465039,0.15713463689808257,0.1996581552800626,3378.808879939084,79137.34761262985,11074.478293414762,76708.95466116164,5615.172860777363,2952.2542497131544,12.09440347518894,0.018890061146909883,0.4424367842414905,0.06191459167009845,0.4288602568402761,0.03139300341026262,0.01650530269096235
w000288,651_T3_P1_R2,651,3,2,13,evaluation,187123.3830760952,9,4,3.4728534688870227,7.786297141200574,0.7192528763733433,0.10125263299324105,0.5848261859260836,3574.6601640481804,35767.162745011854,21998.379676686534,94975.29489393233,26286.503379892674,4521.382216523607,12.13952882486196,0.019103225397514946,0.19114213390673285,0.11756082705997636,0.5075543918277166,0.14047684980771782,0.024162572000341356
w000289,651_T3_P1_R2,651,3,2,13,evaluation,177273.32634268905,9,4,3.640886862981611,10.759142766481931,0.722692620823359,-0.05098380120965391,0.4916713627819923,3577.4597240669273,46201.60003341878,22075.403106181882,47052.41220242073,56135.91726450167,2230.5340120990218,12.085453678095531,0.02018047383593006,0.26062352970184555,0.12452749413359387,0.2654229667438134,0.316663078550152,0.012582457034664941
w000290,651_T3_P1_R2,651,3,2,13,evaluation,215699.1185747036,9,5,3.3659783666408973,7.54850794223087,0.7615741628853611,-0.05066846153698811,0.29325874080753167,4866.410999946484,63220.36499870971,14638.263672145478,110565.61773138569,15199.711926169357,7208.749246346908,12.281644382097559,0.022561107491318226,0.2930951476132919,0.06786427208823188,0.512591884760499,0.07046719535344417,0.03342039269321485
w000291,651_T3_P1_R2,651,3,2,13,evaluation,246360.800834243,9,4,3.6708816902999453,10.85883330906368,0.7992882432000528,-0.028029987974447942,0.04383496373795933,6976.6577440772735,52666.2857967141,65185.75123027813,70530.86915983979,47509.05875143388,3492.1781518998077,12.414556469541445,0.028318862905350444,0.21377705226794236,0.2645946555196358,0.2862909558704289,0.1928434174209355,0.014175056015706908
w000292,651_T3_P1_R2,651,3,2,13,evaluation,239525.63330791765,9,4,3.667135413251829,10.354566958492487,0.8625740432561848,-0.008371689847781805,0.2998309475566771,4924.55478693604,90798.04001153112,36988.525834062726,59168.94485744881,42501.13757776993,5144.430240169022,12.386419893441312,0.020559614931089112,0.37907441787162466,0.15442408114422068,0.24702552307370498,0.17743878594878149,0.021477577030579006
w000293,651_T3_P1_R2,651,3,2,13,evaluation,158008.471604251,9,3,3.740205765830093,11.82597692238228,0.7073485155672733,0.037229178230692196,0.5704461827394581,3362.9555383612046,40729.60240762352,39870.01218193444,52369.33759627111,15632.430647291892,6044.1332327688215,11.970410257074711,0.021283387556485477,0.2577684727540124,0.25232831997636884,0.33143373304335016,0.09893412985124604,0.03825195681853689
w000294,671_T1_P1_R1,671,1,1,9,evaluation,64817.83957254097,9,3,2.3187768120324415,4.2049430751909025,0.8414626596353576,0.3731250113362786,0.3024399227275093,117.1843725657991,37141.67508985633,28.42843451494595,27477.452046877595,33.46434233714527,19.635286389135274,11.079351574229536,0.0018079030917815774,0.5730162457557565,0.00043858966454952925,0.42391804830406554,0.0005162829023280482,0.0003029302815185689
w000295,671_T1_P1_R1,671,1,1,9,evaluation,81350.57662583259,9,3,1.7923175653985537,2.4879869671361976,0.7937783071579168,0.2983238311569324,0.4691764545995279,62.98121305443355,59762.89015607808,9.10494282925565,21494.34419404395,12.064679322780247,9.19144050408623,11.306535493231753,0.0007741950415927856,0.7346338850301473,0.00011192229000580197,0.26421870729824054,0.00014830477942733047,0.00011298556058627273
w000296,671_T1_P1_R1,671,1,1,9,evaluation,91863.24717219356,9,3,1.874353492297774,2.837765863761078,0.7389835527380119,0.18230476753136765,0.4895044660313179,59.49090825946211,72979.17171005534,10.087471362660722,18794.283344764754,9.145412335917143,11.068325415409266,11.42806719208414,0.0006476029325193465,0.7944327460280076,0.00010980965373183693,0.20458979976546776,9.95546381979561e-05,0.00012048698207523824
w000297,671_T1_P1_R1,671,1,1,9,evaluation,115873.72953517313,9,3,1.6466219706892424,2.253446449720597,0.685117811744025,0.2134353828920847,0.2520604651106834,48.94696520121026,89912.59617482475,8.17698077896982,25882.162132051744,10.628322869974243,11.218959446473157,11.660264968756893,0.0004224164130865621,0.7759532426850216,7.056802962821459e-05,0.22336522899433636,9.172331737840583e-05,9.682056054877974e-05
w000298,671_T1_P1_R1,671,1,1,10,evaluation,188296.66359844283,9,3,2.36593071981978,4.3464889988284865,0.7438385903430892,0.2740456411178733,0.23649400684117655,481.42960162411964,116061.71315665742,108.05782912306496,71425.34753688643,147.31922257315534,72.79625157861837,12.145779306700197,0.002556761189623654,0.6163768966409728,0.0005738701209996298,0.3793234897098681,0.0007823782947494224,0.00038660404378625633
w000299,671_T1_P1_R1,671,1,1,10,evaluation,237691.67072070867,9,3,2.4958261388622733,4.753275546071029,0.8059841145808531,0.2284336608197964,0.14872178574052716,722.8866712567888,141079.88126150623,360.46692306167034,94897.44135720885,402.74016268807924,228.25434498703063,12.378733818715178,0.0030412789352900448,0.5935415441093737,0.0015165315720516957,0.3992459688194745,0.0016943806296069374,0.0009602959342030666
w000300,671_T1_P1_R1,671,1,1,10,evaluation,268031.8780688987,9,3,2.4858111472899083,4.686243290776264,0.826884392316062,0.12424017199462746,0.09587783515975692,586.9799041590626,167018.02897530477,378.5307192110589,99353.90298027478,378.09235757794033,316.34313237105675,12.498864931330058,0.00218996303121891,0.6231274808751371,0.0014122600712209166,0.37067942699985656,0.001410624588022885,0.001180244434543489
w000301,671_T1_P1_R1,671,1,1,10,evaluation,241256.5917083485,9,3,2.515752021513395,4.7992133732581665,0.8839650708775703,0.28125108754719663,0.22416552980638313,780.3066658787532,135302.773770298,375.5057988318542,104151.42300359061,393.2328059158875,253.34966383341745,12.393620486927253,0.0032343434032345705,0.5608251895304212,0.0015564581932161153,0.4317039475111947,0.0016299360076812359,0.0010501253542522398
w000302,671_T1_P1_R1,671,1,1,10,evaluation,375604.42978059757,9,3,2.327107591691117,3.9930934479490188,0.7566664140100446,0.2855358801484309,0.2576205267513426,847.1065014592489,276897.2780080284,138.09105565121183,97470.88900927536,119.01588259976401,132.0493235834956,12.836294482496625,0.00225531552424467,0.7372045057343249,0.00036765023173947973,0.2595040986769277,0.0003168649599507784,0.00035156487281214917
w000303,671_T1_P1_R1,671,1,1,11,evaluation,199135.28376953272,9,3,2.806811667038146,5.497226178445761,0.8368885275613543,0.31977196371389116,0.30269962122297855,2494.282525941892,108776.05397642302,1650.8597635217072,83238.5649876779,1773.5745227038733,1201.9479932643183,12.201744712371609,0.012525567939173579,0.5462419914610106,0.008290141918959543,0.4180000822155317,0.008906380070527846,0.006035836394796721
w000304,671_T1_P1_R1,671,1,1,11,evaluation,260712.35480789866,9,3,3.017063039838517,6.274667262388068,0.8124803048093808,0.3523724139309497,0.23466199995532713,8190.263453038002,89163.81123008445,3386.3446419932407,152795.48549081353,3259.81919255892,3916.630799410502,12.471176825337201,0.031414941800793655,0.3420007129918459,0.012988815372744454,0.5860692164105464,0.012503508684737479,0.015022804739331984
w000305,671_T1_P1_R1,671,1,1,11,evaluation,313820.5606931023,9,3,3.0223641352183517,6.876255992895195,0.9053807214501771,0.21785231623253545,0.2498856172880035,5720.025782314684,137578.85159453354,3631.730070498736,160815.92537881446,3782.8984506031047,2291.129416337765,12.656579825311777,0.018227058704125273,0.43839973802442284,0.011572632661409175,0.5124454720992063,0.01205433589898704,0.007300762611849236
w000306,671_T1_P1_R1,671,1,1,11,evaluation,324275.5390590282,9,3,2.708644684137437,5.553065283679911,0.8288624955176385,0.16782115356233582,0.42170312372387364,2277.7893008459996,172943.38030577474,1259.68381449669,144884.53751062605,1333.7021422031405,1576.4459850815233,12.689351946351426,0.007024240272502858,0.5333223122768248,0.0038846094224436354,0.4467945313761473,0.004112866934315281,0.0048614397177659495
w000307,671_T1_P1_R1,671,1,1,11,evaluation,263660.2272251033,9,3,2.9586848309546916,6.566772710100004,0.8504771808141001,0.23662142600666813,0.16583447924613332,4383.062804308233,146469.68859228588,1283.2722268092991,106735.37922063534,1461.5617127277706,3327.2626683367826,12.482420327875593,0.016623905889932112,0.5555243964317588,0.004867143749040651,0.40482169170516813,0.005543353004395098,0.01261950921970529
w000308,671_T1_P1_R1,671,1,1,11,evaluation,165667.2454661098,9,3,3.0522112617908386,6.542114608726494,0.8789776778079815,0.25607536283965854,0.10180492031011987,3500.184752857069,79031.74392121017,2717.953409375489,75511.25703222155,2176.458740647233,2729.6476097982977,12.017742546341765,0.021127801956320292,0.4770511135067887,0.016406100081693548,0.4558007638731986,0.013137532011977988,0.0164766885700209
w000309,671_T1_P1_R1,671,1,1,12,evaluation,311282.3452620664,9,4,3.079078090571418,6.611772332437838,0.8508104687183764,0.04264344043565427,0.19911491808968976,13723.553422828467,159017.2018761996,7290.478369507623,123764.2096609883,6365.091941929541,1121.809990612886,12.648458854394786,0.04408715634442649,0.5108455532302166,0.023420789776464262,0.39759469672715325,0.02044796962889371,0.003603834292845751
w000310,671_T1_P1_R1,671,1,1,12,evaluation,211794.3125856355,9,4,3.2722496067759517,7.691366722289583,0.8385310900780646,0.06390110476676363,0.17087276967987045,7972.93380008078,107574.02569685828,9121.860120247726,79671.68969865121,6670.813980630133,782.9892891673655,12.263375580580819,0.03764470208262584,0.5079174430303105,0.04306942905541646,0.37617483078747593,0.03149666248914451,0.003696932555026835
w000311,671_T1_P1_R1,671,1,1,12,evaluation,237133.27379652904,9,3,3.2209538393254347,7.300208141221592,0.9632980614577189,-0.00057914393595045,0.18652911215174545,4511.709621267626,108897.53101219184,9079.597954169369,104160.54008852341,9003.606381642154,1480.2887387346489,12.37638181578845,0.019026050410533592,0.45922501413964706,0.0382890085765023,0.43924894394153147,0.037968549236020124,0.006242433695765542
w000312,671_T1_P1_R1,671,1,1,12,evaluation,229780.57814861828,9,4,3.1279848556556153,6.729098389428497,0.8837979582924992,0.041358154650555166,0.06880075336287887,3666.405111684155,117875.48228140431,12461.29905157363,83790.23242984313,10320.07186069324,1667.087413419818,12.344884476468975,0.015956114051174444,0.5129914948911147,0.054231298188804566,0.36465324051734693,0.04491272475612969,0.007255127595429642
w000313,671_T1_P1_R1,671,1,1,12,evaluation,214187.85708088745,9,4,3.505652090991526,8.501630190015643,0.7927782408117698,0.03803927107875629,0.1860507553601835,13511.257138026624,75039.22654598764,19074.79745296062,92813.81961367311,11555.42556223091,2193.3307680085827,12.27461341454501,0.06308134047451688,0.35034304730752913,0.08905639055792541,0.43332904525312205,0.053949956452792915,0.01024021995411382
w000314,671_T1_P1_R1,671,1,1,13,evaluation,299665.4908455126,9,3,3.610794383622061,9.50483143781832,0.6941735163075465,0.009382707558872034,0.5554723968121476,13246.932255007354,97559.16804687091,19038.903391248637,117438.20669025026,47830.881362691325,4551.399099444121,12.610425438063048,0.04420573158968305,0.3255602364209694,0.06353385348953583,0.3918976668247513,0.15961424596384277,0.015188265711217702
w000315,671_T1_P1_R1,671,1,1,13,evaluation,474091.6050391987,9,4,3.40927395148323,7.6354010662591,0.7538596191394993,-0.022761858767979783,0.22460689626433014,11269.008546676328,225199.69991176238,49758.849687780166,145279.64410236938,35324.55920781371,7259.843582796681,13.06915795087613,0.023769685914907916,0.4750130513134534,0.1049561923452874,0.3064379173943766,0.07450998674590117,0.015313166286073395
w000316,671_T1_P1_R1,671,1,1,13,evaluation,369605.88189735345,9,4,3.6346382394601195,10.447246728523472,0.7924384293610173,-0.11038610933420485,0.482684134308858,4723.874005084153,128267.61591372994,72539.03189336759,112709.68056695725,47404.248561990185,3961.4309562242775,12.820195238428466,0.012780840988878155,0.3470388924961759,0.19626049109660287,0.3049455814619824,0.128256207175716,0.010717986780644475
w000317,671_T1_P1_R1,671,1,1,13,evaluation,374453.0052903148,9,4,3.310921294020302,6.775469333926265,0.7244007408365644,-0.08755049662422625,0.3023104253852079,13037.87525114499,202810.26398314463,23120.64125038006,93494.08095200585,37805.12078035464,4185.023073284562,12.833224258082623,0.034818455365411415,0.54161740223157,0.06174510799413812,0.24968174812622895,0.10096092232199924,0.011176363960652148
w000318,671_T1_P1_R1,671,1,1,13,evaluation,273993.95893141127,9,4,3.5763372726270113,9.471351723290686,0.9063181616573421,0.036057823575212984,0.1452568202869225,9610.50931658149,104226.59584157373,24220.879707209384,108426.68984699942,24537.20554081788,2972.078678229387,12.520864987140419,0.035075624857069505,0.38039742280472943,0.08839932019549591,0.3957265710159026,0.0895538194948315,0.010847241631971111
w000319,671_T1_P1_R1,671,1,1,13,evaluation,109543.95434068986,9,4,3.0841502194055246,5.74333486253935,0.6624898663973678,0.3462306700154619,0.5403922965641074,2470.37656821939,62876.2666294016,4878.929574532183,33921.009153641855,4528.193573030635,869.1788418641813,11.604090285913523,0.022551464232670793,0.5739820787722499,0.04453855627083124,0.3096566064079172,0.04133677299020643,0.007934521326124218
w000320,671_T1_P1_R2,671,1,2,9,evaluation,132786.04938365734,9,3,2.0291297078789197,3.2804970455960905,0.6624770569649578,0.30217207432234205,0.1533713421201953,210.60423008111115,95338.10139060384,58.075242041565,37108.74552421975,41.5102938453091,29.012702865787773,11.79650199156774,0.001586041839927134,0.7179828139561895,0.00043735951412914476,0.279462682235555,0.0003126103535573518,0.00021849210064200098
w000321,671_T1_P1_R2,671,1,2,9,evaluation,135728.27562652205,9,3,2.2525145081130873,4.245390720058188,0.6977991584225576,0.17741000712187927,0.11273571356608095,75.38941827948237,76957.51827194163,239.37158724033168,58234.544848064936,161.00589579468712,60.445605200996866,11.818417560406939,0.0005554437196780452,0.5669969497269861,0.0017636088437386524,0.4290524179965754,0.0011862369506389402,0.00044534276238300237
w000322,671_T1_P1_R2,671,1,2,9,evaluation,181674.67859312508,9,3,2.0837535955952666,3.7512747332204066,0.7500811452650508,0.16216881618832257,0.37089456256556413,155.10352321207395,78749.94122317852,40.192360876240244,102655.71528527566,31.39095178909006,42.33524879346448,12.10997839068152,0.0008537432096381503,0.43346679808662436,0.0002212325965703467,0.5650524117077499,0.00017278660973658636,0.00023302778968046307
w000323,671_T1_P1_R2,671,1,2,9,evaluation,131798.23449445813,9,3,2.1993267336591873,4.219008261582402,0.6789536601382691,0.05514363792471387,0.1855724323027362,180.97384096753015,66409.19349800033,200.98315611788408,64860.69160219111,114.77125326253423,31.621143918758854,11.78903509294914,0.0013731127860831837,0.5038701296168934,0.0015249305644252393,0.49212109593864384,0.0008708102479730876,0.00023992084598135088
w000324,671_T1_P1_R2,671,1,2,10,evaluation,187542.77791031127,9,3,2.6305612835454815,5.126418817258423,0.7356466826715361,0.269066789915879,0.14915883029522137,344.7665102829407,123288.79256834881,1009.3770439071304,61806.782636304924,950.4715089450617,142.58764252240758,12.141767579328205,0.0018383353074135367,0.6573902441996956,0.005382116310497681,0.3295609850988921,0.005068025116912828,0.0007602939665882383
w000325,671_T1_P1_R2,671,1,2,10,evaluation,156130.2016809506,9,3,2.655479603240202,5.321577077776179,0.7424048166566501,0.24933592425006817,0.04162372773711273,392.4602613618307,97610.60946348915,587.1151058107671,57010.06623197636,376.68189316989447,153.26872514261743,11.958451969175073,0.0025136729289815213,0.6251872373991726,0.003760419825822853,0.3651443834580798,0.0024126138896536976,0.0009816724982897253
w000326,671_T1_P1_R2,671,1,2,10,evaluation,148579.0994339385,9,3,2.724931328238353,5.780482394570399,0.7974218063864712,0.1250616224345375,0.21418877418633067,597.4938848630829,81624.26621740307,572.4742940088494,65258.68748969763,416.3722709049582,109.80527706090253,11.908879481933857,0.004021385828420246,0.5493657353448624,0.003852993430367263,0.4392184885917488,0.0028023609813982372,0.0007390358232028748
w000327,671_T1_P1_R2,671,1,2,10,evaluation,215197.84307095298,9,3,2.491065987579955,4.4202294450875,0.7417948450193872,0.2372193241362631,0.3365567783608294,613.1883275743478,130215.18160109379,469.450557570138,83305.08236803082,369.3135985177148,225.6266181662023,12.27931773119097,0.0028494166987174364,0.6050951986454645,0.0021814835635474063,0.3871092812977882,0.001716158457944898,0.0010484613365377034
w000328,671_T1_P1_R2,671,1,2,10,evaluation,197409.90701776213,9,3,2.677113878922322,5.54500654284297,0.8305418759369501,0.24651939829136352,0.2421500791055683,634.4591255069115,108299.83282656087,427.22822411401654,87570.89863727099,330.32706378201146,147.1611405272996,12.193042657837893,0.0032139173514216055,0.5486038388986045,0.002164168103658426,0.443599310491503,0.0016733054018017951,0.0007454597530105652
w000329,671_T1_P1_R2,671,1,2,11,evaluation,275144.49177752365,9,3,2.9303938030791596,6.450561123262279,0.7712011841969931,0.24004609467514373,0.10626694444704474,2344.1848960598745,117044.4756216729,3228.012802352886,148369.20862031184,2687.2297643904885,1471.3800727356618,12.525055297754452,0.008519832183140107,0.4253927631461099,0.011732064056593917,0.539241064437809,0.009766612978621171,0.005347663197725908
w000330,671_T1_P1_R2,671,1,2,11,evaluation,315620.86701134813,9,3,2.991121193025497,6.654515793565236,0.8044289364333089,0.44389127196040495,0.08344913906386434,5780.966393347914,133802.47722127032,3500.8164435696553,167493.07314532678,2462.6496865519894,2580.8841212815105,12.662300152661816,0.01831617297071825,0.42393419195714793,0.011091840906209106,0.5306780718630514,0.0078025566239365435,0.008177165678936922
w000331,671_T1_P1_R2,671,1,2,11,evaluation,414405.76027894556,9,3,2.975874893607924,6.477892633310796,0.7897704385174095,0.14055528397326164,0.5254769966733093,6970.140938193164,193361.6068054373,5959.899560856915,200129.01267151252,5050.090791413891,2935.00951153181,12.934603283208792,0.01681960437398701,0.46659970815869306,0.014381797098682161,0.482930093772831,0.012186343133875756,0.007082453461931106
w000332,671_T1_P1_R2,671,1,2,11,evaluation,379936.42285255174,9,3,2.6505831387746954,5.210907475803378,0.7912009251301051,0.004386892266010818,0.13156167084003612,2359.1639695396116,192137.1629947871,1411.4811557436767,182216.73091754474,957.1008953461409,854.7829195904455,12.84776184143806,0.006209365113844775,0.5057087224020977,0.003715045651970708,0.4795979536509471,0.0025191080343396795,0.002249805146799983
w000333,671_T1_P1_R2,671,1,2,11,evaluation,420694.81645269203,9,3,2.8075261190473784,5.922477404800055,0.8712267681422464,0.14784026214963408,0.06753390127964949,3964.864021378872,218258.47535474043,2434.9236115614744,193101.29957177318,2578.8470508385735,356.4068423995178,12.949665325276,0.009424561145798498,0.518804764924609,0.005787862165958697,0.4590056545027286,0.006129971062119255,0.0008471861987859707
w000334,671_T1_P1_R2,671,1,2,12,evaluation,216384.91126651032,9,4,3.393586305529984,8.580165178715855,0.7194658459874252,0.0725373193468145,0.22452852201726636,25790.148882721922,76363.34743875264,11538.962558894167,93198.19583886443,8139.988091940004,1354.2684553371846,12.284818718781944,0.11918644757516157,0.35290514015877833,0.053326096035791574,0.4307056129439494,0.037618094738197314,0.00625860854812192
w000335,671_T1_P1_R2,671,1,2,12,evaluation,215015.53366671858,9,4,3.2207140577954094,6.914825105122663,0.7818655000416588,-0.07104057201563224,0.24618088810666555,21292.436879117682,75015.73231247025,6625.343000882501,104055.79117420576,7054.295298335986,971.9350017063973,12.278470204928523,0.09902743544157924,0.3488851760298733,0.03081332259069249,0.4839454591941055,0.032808305418855856,0.004520301324893716
w000336,671_T1_P1_R2,671,1,2,12,evaluation,195686.15693590665,9,4,3.2224517100050925,6.454943987561518,0.6910264078832172,0.346378148339566,0.46480725189172734,17992.05581379327,43225.551098688884,6412.251301703573,116585.08620163874,9968.571158557435,1502.6413615247452,12.184272524945062,0.0919434266353661,0.22089222751125215,0.03276803736200812,0.5957758485687059,0.05094162670802746,0.007678833214640254
w000337,671_T1_P1_R2,671,1,2,12,evaluation,182216.9200788847,9,4,3.254248920126228,7.147427970198107,0.7004637512622696,0.07620291396698707,0.14123480370878383,15298.630149959077,53206.19981244701,7177.675280361737,100133.16323520691,5171.676524336123,1229.5750765738799,12.112958612862263,0.08395834011098448,0.2919937390524062,0.03939082757657414,0.549527251321434,0.028381977491976153,0.006747864446625356
w000338,671_T1_P1_R2,671,1,2,13,evaluation,372243.67039699346,9,4,3.316239266586433,7.055764874747589,0.7548319901613078,-0.00847335144471935,0.35889019966672603,6814.315426967798,193864.98165801328,29917.698738313775,101977.45056603706,36254.37092462795,3414.8530830335903,12.82730663317578,0.01830606124128427,0.5208012844147453,0.08037127590754439,0.27395348444012313,0.09739419043972754,0.009173703556575428
w000339,671_T1_P1_R2,671,1,2,13,evaluation,480302.9237408173,9,3,3.2982636326154195,7.299901525597757,0.6074057781924447,-0.018453210640716717,0.5363907046617391,7118.102236343639,228757.5774817178,67302.06872533236,153950.63870042458,19586.07780756405,3588.458789434838,13.082174356973736,0.01482002687159309,0.47627771178249323,0.14012421203092681,0.3205282147803455,0.04077859375707893,0.0074712407775623995
w000340,671_T1_P1_R2,671,1,2,13,evaluation,479957.32097258937,9,3,3.323557820280273,7.400328960825888,0.6378777754259055,0.05306460303041998,0.3213303426663436,16373.210719409133,228377.01866634126,58169.03662704521,160857.30285917156,13661.858185265446,2518.893915356769,13.081454547806912,0.034113888889600284,0.4758277636093898,0.12119626909570001,0.3351491806254961,0.028464735484357125,0.0052481622954567335
w000341,671_T1_P1_R2,671,1,2,13,evaluation,270078.3931033623,9,4,3.3262868594291386,7.235702476543204,0.6702122232214879,0.2972036041650634,0.3638989583582468,21813.747218603505,79471.61435293606,18155.16604652455,140575.00786443404,8764.00753683985,1298.8500840242928,12.506471243287686,0.08076820573445546,0.2942538773270963,0.06722183821486359,0.5204970536485467,0.03244986552288082,0.004809159552157166
w000342,671_T1_P1_R2,671,1,2,13,evaluation,327867.334577548,9,4,3.237393224266653,7.136929122531605,0.8240744105427231,0.1577659630304245,0.3184448114474046,4569.821321672725,156524.86009947537,14755.849393077344,131569.75730103027,18817.537687168675,1629.5087751236572,12.700367387805228,0.013938019557699669,0.477403033459113,0.04500554900380676,0.40128961755386783,0.05739375565246468,0.00497002477304808
w000343,671_T1_P1_R2,671,1,2,13,evaluation,475757.3302978269,9,3,3.1972893868811965,6.8851452004844615,0.6077637740000869,0.263002181924639,0.2745017115558328,5574.671507187671,253126.48206787155,11146.980939334837,151095.3861961055,53526.017661093356,1287.791926233961,13.072665294827123,0.011717468449089146,0.5320495680211861,0.0234299720245125,0.3175891921655078,0.11250697414916498,0.0027068251905394618
w000344,671_T2_P1_R1,671,2,1,9,evaluation,35820.75830457954,9,3,2.2346249535781952,3.9187867694653127,0.856872719898668,0.7563270405912518,0.8129962571469336,142.34665703193562,18114.57454168228,35.224105709219764,17471.06675655827,41.39199339179421,16.154250206035055,10.48631076163999,0.003973859397994296,0.5057004764571498,0.0009833433845736455,0.48773581530586035,0.0011555309086380343,0.00045097454578368873
w000345,671_T2_P1_R1,671,2,1,9,evaluation,76425.30470874067,9,3,2.167599562397735,3.7217137524860617,0.8620383477559682,0.20812931071973276,0.18439452549600077,73.62777266965853,38251.72864492209,84.03401030321301,37857.44953555062,101.63554543405846,56.8291998610268,11.244082218366545,0.0009633952124922022,0.5005113004220353,0.0010995574126065884,0.4953522878296213,0.001329867716215131,0.0007435914070294484
w000346,671_T2_P1_R1,671,2,1,9,evaluation,94369.04129126071,9,3,2.240850865223564,3.867749109885773,0.8027668411213753,0.2339059994957993,0.3545215904373042,116.01915413402352,57599.76751356678,159.250480700102,36265.045183086266,154.1836821293522,74.77527764418926,11.454978942561757,0.0012294196544388098,0.6103672001476712,0.0016875288603239186,0.38428964294718,0.0016338375384516149,0.0007923708519344047
w000347,671_T2_P1_R1,671,2,1,9,evaluation,61139.96652528141,9,3,2.2046776124982337,3.8721206877820404,0.8583001131889981,0.09397122392137675,0.4122998075122787,55.1894596013896,30785.895649814334,92.62062222832374,30028.96874758623,106.19443510202443,71.09761094910144,11.020937403715056,0.0009026740238493381,0.503531444314487,0.0015148948796042448,0.49115121342386137,0.0017369069879701843,0.0011628663702277714
w000348,671_T2_P1_R1,671,2,1,10,evaluation,139706.14829532785,9,3,2.2566462501164377,3.7206807403378224,0.78123369758871,0.19615000480647674,0.16452990710075496,241.19878875654956,93276.94801611059,343.50523127705435,45375.498628536414,332.05110239228327,136.94652825495265,11.847303712835954,0.0017264722540820052,0.6676653043138118,0.002458769606552399,0.32479242454395185,0.0023767823137629796,0.0009802469678389417
w000349,671_T2_P1_R1,671,2,1,10,evaluation,125919.25929725188,9,3,2.679817983379357,5.565568979208608,0.9178778018345557,0.0812720744817186,0.24741458602503535,216.97177241709485,67094.0955855358,604.0696282885547,57150.88228400462,601.1305359237812,252.1094910820361,11.74340412287125,0.0017231023564465181,0.532834261891184,0.004797277490828904,0.4538692699032729,0.004773936403999325,0.00200215195426851
w000350,671_T2_P1_R1,671,2,1,10,evaluation,141993.5589667717,9,3,2.782810183403009,5.795541225050377,0.7506287041607199,0.30953367126449366,0.18443022347273685,671.8842438067209,77863.60315243097,983.3158547351729,60458.58115150695,1592.368224014172,423.8063402777459,11.863544018713867,0.0047317938130133795,0.5483601067471803,0.006925073657497953,0.42578396929719203,0.011214369409437836,0.0029846870756787074
w000351,671_T2_P1_R1,671,2,1,10,evaluation,121135.3611282975,9,3,2.6199438005462796,5.21310393540551,0.8360385492177329,0.2124319678365,0.20617707815568595,453.8574029551429,68936.28077102767,395.0211546114532,50832.28843743549,364.2923488273564,153.62101344039544,11.70467214151928,0.00374669624730347,0.5690847010231432,0.0032609896146929083,0.41963212033188013,0.0030073163231133246,0.0012681764598670043
w000352,671_T2_P1_R1,671,2,1,10,evaluation,146986.43696722048,9,3,2.635908630264016,5.393579705338225,0.8166781060149237,0.08792847678491679,0.2642910045507804,391.5029973286602,73021.80890835964,430.56246797514956,72429.15799594972,570.3352998884461,143.06929771884936,11.898102399300695,0.002663531448251715,0.49679283623049025,0.0029292666511208073,0.492760825354942,0.0038801899798117895,0.0009733503353833614
w000353,671_T2_P1_R1,671,2,1,11,evaluation,149016.29547182855,9,3,2.862101075040873,6.412797229176332,0.9202817181726225,0.29477979507808705,0.3089533831376955,379.0966944928716,79704.6782299942,995.3556515242717,66686.56186976582,1038.9589547384132,211.64407131298523,11.911817655183322,0.002543994891917976,0.5348722297626995,0.006679508763606616,0.44751187552084115,0.006972116381290849,0.0014202746796439885
w000354,671_T2_P1_R1,671,2,1,11,evaluation,159183.9298345134,9,3,2.8188285702230336,5.842337119384669,0.8055807574159413,0.14832533741632345,0.08414540856944,724.8641698092594,97611.97842543096,1134.6184341451603,58135.26150675483,1279.036385983796,298.1709123894124,11.977821886068195,0.004553626553652894,0.6132024666491633,0.0071277197096761115,0.3652081059136552,0.008034959228067016,0.0018731219457855388
w000355,671_T2_P1_R1,671,2,1,11,evaluation,151404.4246926698,9,4,2.910482663669494,5.796146426015492,0.87228596895452,0.2975307645966621,0.1118718994535973,2815.8556480404163,66043.524658058,2403.1545968573,75468.31204494619,2496.7276712598104,2176.850073508082,11.927716449546173,0.018598238814725637,0.4362060408215763,0.015872419856522515,0.4984551290237158,0.016490453804952034,0.014377717678507672
w000356,671_T2_P1_R1,671,2,1,11,evaluation,139543.07966282783,9,3,2.89186401164885,6.27639558088058,0.8644613693916593,0.08041650677746152,0.05098327504157105,665.986478844489,71252.62356139968,1630.8677028709844,63597.80549482237,2017.9639551639684,377.83246972632844,11.846135813577444,0.004772622766056795,0.510613809968681,0.011687198726096503,0.4557575026184825,0.014461225594561129,0.0027076403261220077
w000357,671_T2_P1_R1,671,2,1,11,evaluation,136238.04984563845,9,4,2.844594771724241,5.194649392962107,0.7533833955879442,0.21023850800912405,0.10754769504074738,1926.8711022219663,82332.33651942355,2503.8897683788055,46361.46462417331,2275.2715934364373,838.2162380043711,11.822166341190396,0.01414341371155243,0.6043270335468572,0.018378784570212088,0.34029747692881807,0.016700705830818806,0.006152585411741388
w000358,671_T2_P1_R1,671,2,1,12,evaluation,156837.35760304102,9,4,3.14725504438305,5.973939053072155,0.7871918194222752,-0.022532126307916154,0.5901543793349785,19944.267706743747,53017.22268548156,5162.134167112898,72775.64597242148,4989.0607757992075,949.0262954821455,11.962970984552413,0.1271652877321687,0.3380395047184446,0.03291393227995067,0.4640198424958059,0.03181041081058402,0.006051021963046285
w000359,671_T2_P1_R1,671,2,1,12,evaluation,226997.44846300056,9,3,3.1911921896544113,6.75217165171794,0.8328248768802127,0.07026979317356503,0.4191025386377216,11605.546237853689,88316.95685652591,6694.577277830262,110171.86148337493,8805.924115320175,1402.5824920955777,12.332698461475426,0.051126329024554364,0.3890658571473817,0.029491861354210086,0.48534405223207777,0.03879305329176639,0.006178846950009623
w000360,671_T2_P1_R1,671,2,1,12,evaluation,161578.8245944702,9,4,3.59503576513808,8.869858111423785,0.7725165417520687,-0.09288577417536684,0.29806731025941424,8383.515284683603,41113.632675592475,12835.548078918779,79189.84230117948,17239.508236797737,2816.778017298127,11.9927545694685,0.0518849874401829,0.25444938579531867,0.07943830579986813,0.49010037360978326,0.10669410598861191,0.01743284136623511
w000361,671_T2_P1_R1,671,2,1,12,evaluation,240531.32487371354,9,4,3.3920258294058514,8.317052124163272,0.8261301456709945,0.00428266749372234,0.3558718557595547,3439.4457505690066,87442.13575117633,13769.274369653618,114301.47778535116,19889.278300825314,1689.7129161381013,12.390609766455455,0.014299367254451465,0.36353741366986686,0.05724524394850823,0.4752041250567385,0.08268893172757355,0.007024918342861386
w000362,671_T2_P1_R1,671,2,1,13,evaluation,376709.54514812614,9,3,3.47665221430126,9.196493839805285,0.5159258353105548,0.02164872309495988,0.341335317168166,8269.82189815963,130223.59548814347,88428.95112452601,138642.3164998615,9209.364415259175,1935.4957221763584,12.839232386779498,0.02195278034409202,0.34568700784297407,0.2347404048117624,0.3680350505728383,0.024446857091550353,0.005137899336782935
w000363,671_T2_P1_R1,671,2,1,13,evaluation,411311.3587647432,9,4,3.499993245607386,9.625428684949023,0.7549133504325648,0.058317135385583786,0.3211710026081455,4784.561513683173,162243.55081229817,36544.43164764995,153762.24504912688,51230.67363815714,2745.8961038278694,12.927108201821405,0.011632456560529338,0.39445434062300294,0.08884858360683441,0.37383418126576445,0.12455448298829848,0.006675954955570369
w000364,671_T2_P1_R1,671,2,1,13,evaluation,369579.8281826544,9,3,3.5003671348860093,9.571692909389263,0.630338336740123,0.0401852437151755,0.5047599171544255,3426.530612079207,120108.34369751372,16701.93957146731,132449.46105965163,94900.37294774441,1993.1802941981257,12.820124745604101,0.009271422168597743,0.324986199295903,0.045191696888859545,0.3583784908146887,0.2567790926642311,0.005393098167719945
w000365,671_T2_P1_R1,671,2,1,13,evaluation,301959.0084681459,9,4,3.513625834460982,8.869456704802806,0.7772652622523141,-0.04322428141452138,0.275721077159285,11997.291321889228,91918.87377411581,31217.90995303438,145721.87851446588,19390.53107400937,1712.5238306313036,12.618049865297493,0.03973152310557689,0.3044084501417101,0.10338459551647257,0.48258827995800063,0.06421577277120681,0.005671378507033216
w000366,671_T2_P1_R1,671,2,1,13,evaluation,399852.29625022,9,3,3.6006143552324246,10.118711000563504,0.6930019723117835,-0.047615594500797234,0.5386565950319571,5492.4615200664775,111304.35163431073,32359.232096094966,159265.4679734066,88713.77615105483,2717.0068752863235,12.898852999443001,0.013736226030397482,0.2783636674794999,0.08092796364947014,0.3983107499118657,0.22186636661338424,0.006795026315382398
w000367,671_T2_P1_R1,671,2,1,13,evaluation,339890.6461994111,9,4,3.6091866380173356,10.361231248873185,0.8721839957515523,-0.019889461547963023,0.40227170073524277,3573.0395787165876,138114.81468302783,32128.662984985684,125395.95850838648,37500.55529489458,3177.615149399896,12.736382158151853,0.010512321002856649,0.4063507372956565,0.09452647004041428,0.3689303012911326,0.11033123657334573,0.00934893379659414
w000368,671_T2_P1_R2,671,2,2,9,evaluation,103885.03558504477,9,3,2.2559084715741284,4.193855415009371,0.8468908102994125,0.08741382151257585,0.16824606707837714,205.88166544994112,62850.2099764185,30.03369059550671,40746.559785655845,32.65207225112808,19.69839467385085,11.551049765600647,0.0019818221584127728,0.6049977229392832,0.00028910507106598464,0.3922274229024926,0.00031430967961114755,0.00018961724913425953
w000369,671_T2_P1_R2,671,2,2,9,evaluation,120236.96377665158,9,3,2.1472589730024483,3.9720071442686784,0.7319557270654921,0.03460435066955868,0.2478075829766972,64.28861549267671,47015.439587709814,29.591464214093477,73074.15507606558,26.85490628925814,26.634126880159243,11.697228089624877,0.000534682625653266,0.39102317715743573,0.00024610954306083154,0.6077511672018419,0.00022334983723593498,0.0002215136347723647
w000370,671_T2_P1_R2,671,2,2,9,evaluation,223068.45634739145,9,3,1.7453897682588295,2.8368814741720634,0.6858456634413775,0.3585381277183254,0.4922831691102409,132.0278228538209,185017.30165104254,20.229026076563443,37842.716362099665,18.457306299196,37.724179019651665,12.315238465388804,0.0005918713251335271,0.8294193839890537,9.068528292973952e-05,0.16964620180616674,8.274278937247793e-05,0.00016911480734372694
w000371,671_T2_P1_R2,671,2,2,9,evaluation,137397.28195651452,9,3,1.9995361857208085,3.329168668361925,0.7649845190210872,0.2391145941383964,0.3142750057278477,114.35361962586677,72851.7618717876,24.903580091129065,64354.204182087946,22.573357232458562,29.48534568952769,11.830639154736712,0.000832284438218065,0.5302270964490025,0.000181252348929369,0.4683804749678796,0.00016429260398035316,0.00021459919199027272
w000372,671_T2_P1_R2,671,2,2,10,evaluation,132084.50699577178,9,3,2.49708137973032,4.585355587873722,0.8422325711460507,0.1401216138298373,0.28457668834097544,276.83210272643623,62288.69746934835,143.53979167605138,69047.32888649055,134.23358245305977,193.87516307736092,11.79120477212043,0.0020958711132964144,0.471582162708472,0.0010867269367227626,0.522751157247389,0.0010162704582556135,0.0014678115358644384
w000373,671_T2_P1_R2,671,2,2,10,evaluation,166036.18385300747,9,3,2.4456536259087276,4.245852194610815,0.8392598355699566,0.11221454331213856,0.3776227649890831,370.2809167631219,92291.48664775382,307.3893830216721,72532.15782720069,346.8338955683663,188.03518269981515,12.019967041369128,0.002230121821463526,0.5558516493577078,0.0018513397254047055,0.4368454883991655,0.00208890548746543,0.0011324952087930634
w000374,671_T2_P1_R2,671,2,2,10,evaluation,181170.03703151632,9,3,2.5060395971046385,4.8414918199547845,0.8632659572640858,0.023618522075241583,0.09493329102995209,206.14443485543416,79752.99982988414,114.26305470360832,100884.88892214507,135.71136611043227,76.02942381762317,12.107196820033359,0.0011378505973345544,0.44021076076730237,0.0006306951004471624,0.5568519528678748,0.0007490828413686527,0.0004196578256723384
w000375,671_T2_P1_R2,671,2,2,10,evaluation,160212.8231271088,9,3,2.4055917679195153,4.474925479496546,0.7781661322720278,0.10962285138256649,0.11293132268523796,124.06203142512192,90058.05701660378,99.77657357411076,69684.64558547735,136.1356931512217,110.14622687720696,11.984264596579987,0.0007743576887518812,0.5621151619377807,0.0006227752037984535,0.43495048789066854,0.0008497178346530669,0.0006874994443473462
w000376,671_T2_P1_R2,671,2,2,10,evaluation,153844.56773982185,9,3,2.350834480087772,4.070072089418902,0.7255749287897536,0.1653047166315402,0.3025959511645941,140.3686984202975,99046.77779310544,212.27955498270796,54203.78043950817,158.84058457981027,82.52066922543845,11.943704571364268,0.0009124059463554514,0.6438106931445959,0.0013798313330224952,0.3523282052517855,0.0010324744442614157,0.0005363898799793528
w000377,671_T2_P1_R2,671,2,2,11,evaluation,111642.18449125443,9,3,3.050538699050512,6.705980750307953,0.7003259094096392,0.06111589019840366,0.5927274017915621,1003.3740573138322,46118.37176566659,1382.639972390764,59511.28651756588,2283.225803058143,1343.2863752592034,11.623063211887423,0.00898740974915653,0.41309091161038064,0.012384565732848714,0.5330537626861622,0.02045128204417212,0.012032068177279625
w000378,671_T2_P1_R2,671,2,2,11,evaluation,175536.49256995483,9,3,2.862780231500468,5.73471130618868,0.6408627871806407,0.11995581368262961,0.21768004885854395,1208.7589925096286,118461.81431226726,2022.41787817044,49765.68787625632,3527.8706022964852,549.9429084546376,12.075607931949039,0.006886083769891402,0.6748557669001951,0.011521352902528035,0.2835062222541771,0.02009764779190035,0.0031329263813077175
w000379,671_T2_P1_R2,671,2,2,11,evaluation,210059.27371281362,9,3,2.8582637979403107,6.141650133981822,0.8291198001915971,-0.02989395200468398,0.18682309166879738,1727.4286293475695,86831.8562029803,1722.403028243099,117890.79627139858,1533.361990714452,353.42759012956907,12.255149786197975,0.008223529477252479,0.41336835393277643,0.008199604796301038,0.5612263347752746,0.007299663393156429,0.00168251362523877
w000380,671_T2_P1_R2,671,2,2,11,evaluation,273111.80771645845,9,3,2.8383691970412386,6.02850829485448,0.8696802627491719,0.13496542803774172,0.33260406288329086,2039.6768283812548,136220.71889429443,2189.775925916041,129488.28433029285,2425.819944898481,747.5317926753805,12.51764020389586,0.007468285042069012,0.49877271888485036,0.008017873501058736,0.4741218822172863,0.008882149641135031,0.002737090713600561
w000381,671_T2_P1_R2,671,2,2,11,evaluation,168779.3061156696,9,3,2.8585475828981757,5.939687909040073,0.7768501277742593,0.04490100066037731,0.1968271393485013,2803.8733579553436,90034.42125528929,653.6246010454304,73743.68171231181,1250.9733813191506,292.73180774855155,12.03635318440666,0.0166126607727239,0.5334446700094024,0.003872658420561828,0.4369237165945748,0.007411888400950175,0.0017344058017867044
w000382,671_T2_P1_R2,671,2,2,12,evaluation,218220.81263156526,9,4,3.030799671794694,6.306416612619452,0.7979836478951327,0.2675594414404275,0.5099919766899854,17681.1736026718,79158.1830607936,3574.1145028630553,112805.8065646532,4488.6040507018115,512.9308498817966,12.293267313615639,0.08102423132537748,0.36274350785431686,0.016378430910242454,0.5169342245787973,0.020569092363706753,0.0023505129675591816
w000383,671_T2_P1_R2,671,2,2,12,evaluation,191474.63422929344,9,3,3.250936059866385,7.485417978614181,0.944145330518712,-0.017373545124718635,0.4407165124156626,11684.800629903606,86589.00045564325,5434.614552964877,81333.80798207487,4991.790350977162,1440.6202577296733,12.162515843107045,0.06102531897729545,0.45222178281824926,0.028382947824080202,0.4247758890333042,0.026070243565523288,0.007523817781547561
w000384,671_T2_P1_R2,671,2,2,12,evaluation,203082.93505577647,9,3,3.2821282191822245,7.446570862637537,0.8051605583898286,0.03435208751608046,0.31063796116723896,8159.948975056615,97086.86330495663,6056.82183442997,81945.19920714851,8839.301031182564,994.8007030021922,12.22137464574861,0.04018037740500203,0.47806509827274185,0.029824376099185645,0.4035060808267439,0.04352557258813923,0.00489849480818746
w000385,671_T2_P1_R2,671,2,2,12,evaluation,194611.7092315372,9,5,3.442276099715059,7.757650387884067,0.880466315166559,0.04287453435683163,0.5816576531334205,12345.394040512467,65072.7378823012,10966.811630802822,89365.94780033923,11964.271414046052,4896.546463535458,12.178766756116048,0.0634360290511845,0.3343721615685601,0.05635227024163882,0.4592012893428578,0.06147765446020356,0.025160595335555293
w000386,671_T2_P1_R2,671,2,2,12,evaluation,298076.05355560774,9,4,3.299363338732158,7.452014110505999,0.7752392052725022,-0.033537287161627155,0.12975783030502777,11258.482629224043,133410.24213514745,17537.059474572372,119389.68200476845,12396.315513044185,4084.2717988512795,12.605107301042894,0.03777050351722974,0.44757115019391863,0.05883417760461169,0.40053429512577615,0.041587760456348044,0.013702113102115852
w000387,671_T2_P1_R2,671,2,2,13,evaluation,274458.5165518272,9,4,3.276436491783065,7.069444277091767,0.7096027369812398,0.04715040831446608,0.2275202934773864,7784.130674229469,147987.20495915355,13945.756522329197,84005.22209274673,18891.307416121024,1844.8948872472527,12.522559048369866,0.028361774930600697,0.5391969861908383,0.0508118920758495,0.3060762083397899,0.06883119406700465,0.006721944395917017
w000388,671_T2_P1_R2,671,2,2,13,evaluation,301043.1138402071,9,4,3.4146059290523922,8.331407765623675,0.7402897417654692,0.05825891590238834,0.2692143174174394,14839.849387226777,120454.68009614867,9422.208601992861,129534.46678572621,25296.318316711506,1495.5906524010773,12.615012090601157,0.04929476445391716,0.400124349497945,0.03129853555459217,0.4302854336488253,0.08402888873298966,0.004968028111730643
w000389,671_T2_P1_R2,671,2,2,13,evaluation,285907.68383048906,9,3,3.7004258481941625,10.867689684347871,0.8333563900082482,-0.05777056223999485,0.2743860026145998,4327.2935296141895,109659.35750089189,43467.81025355012,71574.96410545327,53208.30998168525,3669.948459294391,12.563427751512963,0.015135282380797381,0.3835481300527323,0.1520344247876934,0.25034291889786753,0.18610311296576332,0.012836130915146217
w000390,671_T2_P1_R2,671,2,2,13,evaluation,391177.6144982191,9,3,3.5707821214593425,9.905007003854356,0.7171818797448093,-0.05661971670949851,0.2512760022484828,4340.7664273206165,160538.56579819205,71436.10046551749,128887.22830551738,22927.643428541818,3047.3100731298036,12.876919549232941,0.011096663680227997,0.41039814101868277,0.18261806866722613,0.32948518404062244,0.05861184939724152,0.007790093195999274
w000391,671_T2_P1_R2,671,2,2,13,evaluation,274355.41095020884,9,4,3.472771547218058,8.581887124915134,0.6276423282229734,0.023695087846323966,0.18487763580880578,12987.193664261555,95603.74209199587,13080.855144123534,124965.325531321,25806.648207633207,1911.6463108736914,12.522183309993245,0.04733711509199476,0.3484667634615978,0.04767850248996001,0.4554870089804798,0.09406283666232013,0.006967773313647621
w000392,671_T2_P1_R2,671,2,2,13,evaluation,309695.15808778635,9,4,3.379130900192708,8.031182923538118,0.7174001815060704,-0.05736654019120305,0.5160124569266435,5861.409649702802,130052.54458279918,13512.013698163619,129869.91398124688,28367.364253861553,2031.9119220122889,12.643346960614043,0.01892638453211246,0.419937287317661,0.043630045046857004,0.4193475764462352,0.09159770023211188,0.006561006425022383
w000393,671_T2_P1_R2,671,2,2,13,evaluation,319941.6167447009,9,4,3.4283506478766723,8.04864764340726,0.6732884665456822,-0.09025561934865935,0.2343869758299076,2724.293697725795,162134.3333135289,49535.39032384979,81735.66380262584,20817.143783224965,2994.791823745525,12.675896936022866,0.008514971342098518,0.5067622491978119,0.1548263424679035,0.2554705593922383,0.06506544536166459,0.009360432238283135
w000394,671_T2_P1_R2,671,2,2,13,evaluation,284355.3006567124,9,3,3.6124663451369483,10.434214928978033,0.6339448207314707,0.25866200968216285,0.26840625290543757,3431.1489648897814,76015.17847369685,19952.75534176844,114201.40819781154,67772.88269371587,2981.926984829881,12.557983310592896,0.012066414647328948,0.2673246403289879,0.070168396002072,0.4016151903413296,0.2383387351570232,0.01048662352325835
w000395,671_T3_P1_R1,671,3,1,9,evaluation,40990.78762134339,9,3,2.1743218408727043,3.711517125500981,0.7496166661599911,0.5854299815934005,0.6043074370480244,142.81664185115523,28428.063643800706,6.949659562112255,12398.980132675386,6.733651595244518,7.243891858785545,10.621127023704883,0.003484115581540872,0.693523235181716,0.00016954198651439559,0.3024821149379279,0.00016427231546383824,0.00017671999683689272
w000396,671_T3_P1_R1,671,3,1,9,evaluation,62086.151540274885,9,3,2.024794389087656,3.453564453737359,0.7648648992519872,0.14287643836910865,0.12980382073552385,39.171178340095736,45149.581027852095,6.656063721040915,16874.245344258467,5.183596561839405,11.314329541361342,11.036294347002432,0.0006309165146866229,0.7272085627430757,0.00010720689809100455,0.2717875874994805,8.349038285094607e-05,0.000182235961815443
w000397,671_T3_P1_R1,671,3,1,9,evaluation,45943.84851890949,9,3,2.2401412598608643,4.027026641397332,0.8497733633816084,0.04252042723375782,0.6524124453370316,137.9764065856998,28808.74835971646,8.552211967619762,16963.267247681746,7.424627450201183,17.87966550777289,10.735197010920288,0.0030031530016235296,0.6270425593071378,0.00018614487561049347,0.3692173771794505,0.0001616022098615741,0.00038916342631623485
w000398,671_T3_P1_R1,671,3,1,9,evaluation,115032.82364643346,9,3,2.0147032184164133,3.551954125351135,0.7523523566280396,0.13159823694021927,0.05561796549363395,54.21970263325589,80504.80106011112,20.35891908418403,34390.1830183124,22.896192858124486,40.36475343436194,11.652981482765611,0.00047134114346272457,0.6998419973376627,0.00017698356381096493,0.2989597397349348,0.00019904051845670201,0.00035089770167189515
w000399,671_T3_P1_R1,671,3,1,9,evaluation,145078.17866496267,9,3,1.7397578237106432,2.694408637963554,0.6402629254858466,0.23110964000489403,0.18491791201187702,84.33590981939163,121950.42543274515,12.906932608381958,22997.054527401757,13.370351840088372,20.085510547910896,11.885034932124698,0.0005813135413986232,0.8405842047022952,8.89653614840911e-05,0.1585149106435239,9.215963395132833e-05,0.00013844611734681005
w000400,671_T3_P1_R1,671,3,1,10,evaluation,109723.11396164728,9,3,2.427386428831492,4.249512448929471,0.7558339925260184,0.019128099838335497,0.3235966970359295,324.70663905979336,74828.17016988322,175.55092173699796,33881.227440000504,177.36693468047514,336.09185628628154,11.60572443944201,0.0029593275959456603,0.6819727172165267,0.0015999447645858847,0.30878842403108775,0.001616495634114724,0.0030630907577391523
w000401,671_T3_P1_R1,671,3,1,10,evaluation,125086.33420013195,9,4,2.643872736323793,5.333422944065195,0.7279357010775668,0.11846072626077259,0.13698459472023944,729.3429726240212,66016.00220441962,615.8179166372904,56405.78638273989,688.0269533197991,631.3577703913322,11.736767445926718,0.005830716658920617,0.5277635053146356,0.004923143048160738,0.4509348422705667,0.0055004166339944855,0.005047376073721938
w000402,671_T3_P1_R1,671,3,1,10,evaluation,113279.63296548279,9,3,2.782299373348583,5.943620637926639,0.7487236998250566,0.11871174145710374,0.26166432679618845,868.1532861972653,53973.60012105481,647.4299223123602,56503.59169603408,812.8686769016072,473.98926298265127,11.637623496530958,0.0076638073718141245,0.4764634092476359,0.005715325035610216,0.49879744678596527,0.0071757707508577,0.004184240808116668
w000403,671_T3_P1_R1,671,3,1,10,evaluation,133831.49645755277,9,3,2.539881619918049,4.963767265016406,0.8271446341289286,0.20501971017025147,0.23344665589774174,332.2551345223786,81713.4393583974,202.64772555748814,51053.09159137758,215.50694609202674,314.5557016059025,11.804344270562135,0.002482637819324988,0.6105695708507182,0.0015142005501056455,0.38147291887728424,0.0016102857084944792,0.0023503861940725583
w000404,671_T3_P1_R1,671,3,1,10,evaluation,194945.87961087108,9,3,2.5649363834697714,5.069868293832563,0.6675984926215077,0.1287100365056969,0.3060060802595435,860.6984690375551,96405.10301791091,342.94254427770994,96539.11706948103,410.307422296914,387.7110878669662,12.180482388182984,0.004415063661543317,0.4945223936527608,0.00175916795452283,0.49520983599233537,0.0021047247734392914,0.001988813965398352
w000405,671_T3_P1_R1,671,3,1,11,evaluation,134352.78227138618,9,5,3.128729701006721,6.7128051356946665,0.7853132605139638,0.03404249376310785,0.1506298531831917,3870.3010662788233,71746.94968743555,3856.8643748321583,48016.18320328507,4594.8483888259025,2267.6355507286507,11.808231766020915,0.02880700347880404,0.5340190837470723,0.028706992960082337,0.3573888265766963,0.03419987521765295,0.016878218019691884
w000406,671_T3_P1_R1,671,3,1,11,evaluation,204192.26310222546,9,4,2.9866301315950357,6.647327555670338,0.7888974167379426,0.2228065810518123,0.14859647536643725,3124.252760281095,112889.0819058403,2460.1180430124523,79488.30896675907,2498.4885052248287,3732.0129211077465,12.226822192504535,0.01530054426556304,0.5528568036357198,0.012048047294430715,0.3892816885376532,0.012235960693447047,0.018276955573186315
w000407,671_T3_P1_R1,671,3,1,11,evaluation,308368.7105415525,9,3,2.680108700972655,5.167716408381348,0.7426706692329942,0.05201764417927852,0.5148999627706776,1205.7206061735158,199944.82426805887,3019.662110289325,100529.5763926825,1675.6194832667547,1993.3076810815573,12.63905470100211,0.003909996588356994,0.6483953054670131,0.009792375189383643,0.32600446464277766,0.005433818107952837,0.006464040004515829
w000408,671_T3_P1_R1,671,3,1,11,evaluation,158967.56704581596,9,4,3.011165809101449,6.302128457215628,0.614075458487832,-0.13459190954005282,0.6007209332598822,1136.716841726328,98148.32176876644,4146.587546216207,48112.78783789689,5300.473673301557,2122.6793779085465,11.976461770123073,0.007150621116310572,0.6174109825841341,0.026084487693147626,0.3026578863349549,0.033343113767186926,0.01335290850426597
w000409,671_T3_P1_R1,671,3,1,11,evaluation,307940.77424018696,9,3,2.5458276567157063,4.507282456364817,0.7371529569917016,0.11115644449786671,0.31661078992770453,1826.4898341433327,213684.89378687233,2126.749996367139,85354.38299346232,2387.348679654091,2560.908949687782,12.637665999409798,0.005931302337762881,0.6939155566979346,0.006906360489658057,0.2771779190464976,0.007752622839715315,0.008316238588431715
w000410,671_T3_P1_R1,671,3,1,12,evaluation,161820.16063724406,9,5,3.3767434087667305,8.297788671517809,0.798707573153648,0.07000123598124078,0.39436312812222185,12249.96952622278,74465.62100546622,6930.071252251447,56637.65234831835,7653.8158833008,3883.030621684437,11.99424705773287,0.07570113314671474,0.46017517664191115,0.042825759318004544,0.3500036838752389,0.04729828380567817,0.023995963212452343
w000411,671_T3_P1_R1,671,3,1,12,evaluation,192131.36662106367,9,5,3.35283549460644,7.96908246561158,0.8477714636983109,-0.08939648504547196,0.14748658162405384,12695.489950270257,80138.21699257566,12940.354024981243,68613.93247034313,16083.404550370384,1659.9686325230066,12.165939822961072,0.06607713344021168,0.41710116573849415,0.06735159517447876,0.357119889776607,0.08371045724195215,0.008639758628256286
w000412,671_T3_P1_R1,671,3,1,12,evaluation,158437.5155406116,9,5,3.6144854478419237,9.518179205856846,0.830858959406184,-0.08862674291913626,0.4456635936888769,9831.999560156786,63525.324377652374,15100.243589899135,47201.73730967558,16964.10345681689,5814.107246410865,11.97312188247088,0.062056006916093,0.4009487535884088,0.09530724802377095,0.2979202062631218,0.10707125391945795,0.03669653128914761
w000413,671_T3_P1_R1,671,3,1,12,evaluation,212319.635318074,9,5,3.33470754610541,7.65996765511528,0.8154354445492397,-0.0335905184532587,0.17753372606994092,8273.727664160808,115149.25677699146,13264.838083145705,60182.589155875605,11838.289105711416,3610.9345321890128,12.265852841828297,0.038968264295320666,0.542339179343858,0.06247579534164977,0.283452771881963,0.05575692087063257,0.017007068266576036
w000414,671_T3_P1_R1,671,3,1,12,evaluation,237928.47121509217,9,4,3.480101803399057,8.777301085481499,0.8500907856454668,0.056546870585603044,0.17404852957799988,8544.93371711486,105756.90796696761,21065.528636236402,81445.09186540126,14765.043322868758,6350.965706503251,12.37972956930402,0.035913876441420356,0.4444903437863946,0.08853723360073514,0.3423091463138653,0.06205664772889184,0.0266927521286927
w000415,671_T3_P1_R1,671,3,1,13,evaluation,230230.97395144263,9,5,3.452968632034664,8.609913588026329,0.7354167356195161,-0.0691635854881186,0.1711758039055117,14206.398361449268,88744.59109135423,11919.393622502568,92686.21383152748,17918.17807260807,4756.198972001029,12.346842662025415,0.061704983120322895,0.3854589570127567,0.0517714598428292,0.40257925439291964,0.07782696552544291,0.020658380105728718
w000416,671_T3_P1_R1,671,3,1,13,evaluation,194908.6934666043,9,4,3.6497406306676425,10.162099908606333,0.7528770588793272,-0.022627382251082594,0.1939253985250556,10359.381642304475,68294.90643936035,31412.859301200697,48216.57044006296,29244.79797719443,7380.177666481381,12.18029161984946,0.053149920909399836,0.3503943576075636,0.1611670507995221,0.24738029680715293,0.15004357916033764,0.037864794716023796
w000417,671_T3_P1_R1,671,3,1,13,evaluation,230394.58212224365,9,4,3.56726882366522,9.03094989952659,0.7858729860094907,0.06103855283028468,0.11557209315537843,6522.300019468807,97849.63768711718,30319.884374436624,64390.43657871279,22996.331314970674,8315.992147537587,12.347553032803383,0.028309259529411067,0.424704594985657,0.13159981495723447,0.2794789529579661,0.0998128128845026,0.03609456468522882
w000418,671_T3_P1_R1,671,3,1,13,evaluation,252192.63590282825,9,5,3.47958691701678,8.869441883434424,0.7816405652786779,-0.05958694367630743,0.4733115257170013,16244.915470996875,113536.9798749417,18844.374295350048,74734.1975745019,24574.363530309474,4257.8051567282055,12.437952467867952,0.06441470986193334,0.4501994258019824,0.07472214336429288,0.2963377471628377,0.09744282755257835,0.016883146256375107
w000419,671_T3_P1_R1,671,3,1,13,evaluation,215023.7138379674,9,5,3.582016122259405,9.866159430441057,0.8746534413533478,-0.02477292220484738,0.3573501277421504,12053.758132201703,73123.74915965169,18347.912916828052,85972.40197075601,19863.94032555591,5661.951332974037,12.278508248587345,0.05605780830892399,0.34007295220821365,0.08532971824053903,0.3998275373270741,0.09238023086385959,0.026331753051389666
w000420,671_T3_P1_R1,671,3,1,13,evaluation,217897.9480857859,9,4,3.406371265292338,8.555639058392778,0.8908792138461367,0.0014674596252268375,0.33248710478961246,6427.372924498842,91915.96209487967,15549.662657169216,84814.32458787321,14238.937655719355,4951.688165645631,12.291786693412044,0.029497170491795545,0.42183032425203276,0.0713621344017767,0.3892387483817976,0.06534681845702155,0.022724804015575965
w000421,671_T3_P1_R1,671,3,1,13,evaluation,173088.28129543405,9,5,3.1304187900637257,6.608570084703293,0.7767188733555769,0.23195116298304594,0.36617717662015037,5216.9965272872205,66398.20977161457,11838.307163048481,80109.57615202382,7967.782789092936,1557.408892367049,12.061562817210277,0.030140668612814062,0.38360892646616224,0.06839461963830111,0.46282495586913575,0.04603305740550513,0.008997772008081823
w000422,671_T3_P1_R2,671,3,2,9,evaluation,44905.39254640315,9,3,2.370132345528411,4.328212991424883,0.7536794575177435,0.28590887497899103,0.14063625390469056,352.58160875161286,16617.957362405323,5.327387163585269,27915.990447579723,6.83750211958625,6.698238383317338,10.712335436567393,0.007851654083354719,0.3700659635751563,0.00011863579987815926,0.621662318589747,0.0001522646108152978,0.00014916334104853195
w000423,671_T3_P1_R2,671,3,2,9,evaluation,18419.147797264704,9,3,2.6508681991729057,5.655492868796524,0.7713156345380795,0.00411313458771743,0.17332515813937308,85.52701718849066,8007.36718186789,44.510727212380786,10208.703791503998,50.26097955523953,22.778099936704272,9.82120033351569,0.0046433753683865694,0.4347306004600825,0.002416546503795944,0.5542440890245758,0.0027287353415288533,0.0012366533016303222
w000424,671_T3_P1_R2,671,3,2,9,evaluation,94616.20836410236,9,3,2.2747405271782033,4.173423822955021,0.7661008581118474,-0.032312111163265385,0.06486375756575397,59.24173217384366,44506.730066906755,33.063975616290115,49929.20921329893,34.25100332121809,53.712372785339014,11.457594645094247,0.000626126677427925,0.4703922386705228,0.00034945361041158223,0.5277024949167398,0.0003619993224566058,0.0005676868024413207
w000425,671_T3_P1_R2,671,3,2,9,evaluation,129102.47951776639,9,3,2.1869400491175326,3.9602429504701457,0.6884734869285088,-0.029542163016437268,0.13176969710810368,99.20102106986965,81350.37378935434,80.85226615153438,47392.104718223185,106.77826941989215,73.16945354753737,11.768369528584362,0.0007683897430972125,0.6301224739696757,0.0006262642394905198,0.36708903574312324,0.0008270814768139128,0.0005667548277991686
w000426,671_T3_P1_R2,671,3,2,9,evaluation,74129.41598181815,9,3,2.2937494237661054,3.8652039327340932,0.6398946665275046,0.365829487008847,0.38402360383036144,108.92179435399463,49772.715158207844,52.454398366532,24076.855420384316,55.942871810096136,62.52633869538292,11.21358119915287,0.0014693464518958311,0.6714300186907676,0.00070760571457082,0.3247948887967725,0.0007546649473647187,0.0008434753986287826
w000427,671_T3_P1_R2,671,3,2,10,evaluation,80891.24471877782,9,3,2.5788138027876135,4.952292655099368,0.8073180946322652,0.05645864788842848,0.06062648356762307,269.1442941434788,41730.84157928637,316.01537812593165,37999.68255308521,292.9178548062865,282.64305933056227,11.300873235890013,0.003327236403385453,0.5158882364137872,0.00390666974188089,0.46976261380564577,0.0036211317531907082,0.0034941118821101595
w000428,671_T3_P1_R2,671,3,2,10,evaluation,99149.74733667083,9,4,2.6891649118680787,5.559733948172643,0.8106083375704667,0.23226749062488525,0.23663467009538236,411.87574574415595,40466.62493708178,612.8022206345369,56483.67762649942,581.2393685570568,593.5274381538736,11.50439667135444,0.004154077612982706,0.4081364403246954,0.006180572690253242,0.5696804998877568,0.005862237516182592,0.005986171968129219
w000429,671_T3_P1_R2,671,3,2,10,evaluation,103170.19638236657,9,3,2.295833042956481,3.8423043716502674,0.7343767054198179,0.047933952717120455,0.5774297362472386,362.71022794809755,66231.6157866136,198.56800083174787,36007.771041769054,189.24972868028775,180.28159652378767,11.54414498825057,0.003515649292784428,0.6419646187465593,0.0019246643681458213,0.3490133033024192,0.0018343449495714398,0.0017474193405199398
w000430,671_T3_P1_R2,671,3,2,10,evaluation,133139.5193140427,9,3,2.561265523338847,4.994975692507629,0.8542917683458624,0.12823987339710227,0.43947183496573544,338.0903742761973,78644.56103497698,399.0203174000707,52954.38011923746,361.6541157512011,441.81335240078556,11.79916038565815,0.0025393690469824137,0.5906928419162624,0.0029970088479806057,0.39773600199300235,0.0027163543748280317,0.003318423820944244
w000431,671_T3_P1_R2,671,3,2,10,evaluation,156521.12246587608,9,3,2.6263138266644863,5.263450416110581,0.7625774135113825,0.17718921610346666,0.2836497040146043,751.5795833388073,82673.91584622466,613.3619776745486,71253.17115507652,584.0783647921108,645.0155387694176,11.960952636581732,0.004801777367157987,0.5281965433403328,0.003918716962998209,0.4552303870080587,0.0037316264769277296,0.004120948844524422
w000432,671_T3_P1_R2,671,3,2,11,evaluation,105484.27498930725,9,5,2.871896860050879,5.97435554183166,0.8492605705402243,0.06536998359808441,0.1894747607869552,833.4130648786067,53566.481327272726,1564.584391804835,46447.11288997194,1537.2356715196597,1535.4476438594743,11.566326648595894,0.007900827540058348,0.5078148504381593,0.014832394610129652,0.44032262528874755,0.014573126389459344,0.014556175733445765
w000433,671_T3_P1_R2,671,3,2,11,evaluation,238016.04872859444,9,4,2.699499369296991,5.302861153954664,0.7528838536202034,0.12687044876514336,0.04593722418536806,2237.3715702746576,158241.0469037522,1378.559987404099,72819.38773205449,1447.5490618519507,1892.1334732570504,12.38009758340149,0.009400087020291197,0.6648335175254998,0.005791878298828694,0.3059431837518199,0.0060817288144404315,0.007949604589120028
w000434,671_T3_P1_R2,671,3,2,11,evaluation,173469.14442975254,9,3,2.58730415767906,4.847658520698349,0.7047175713757161,0.00158953007810404,0.05803714306397633,1014.6589767566855,118586.1154421317,1254.0036534412102,50501.110103608014,910.3211733758967,1202.9350804390565,12.063760785347213,0.00584921877658524,0.6836150361608195,0.00722897237755748,0.2911244548396258,0.00524774118399216,0.006934576661419996
w000435,671_T3_P1_R2,671,3,2,11,evaluation,241321.64630174357,9,3,2.5538935766401605,4.673108782591636,0.9004849022532976,-0.05269638167018135,0.6127352777815821,868.8436444940933,145079.84338731325,773.5163106687712,92976.3628638535,799.3691903547343,823.7109050592672,12.393890098439142,0.0036003552014878485,0.6011886857671624,0.003205333307322056,0.38527983000579147,0.003312463687386003,0.003413332030850296
w000436,671_T3_P1_R2,671,3,2,11,evaluation,158367.52768386857,9,3,2.7500526170065362,5.300458372583033,0.82703609910481,-0.06641506132663684,0.5610916190571894,1202.0121833059188,90707.38854377814,1283.4760257756514,60857.89359254438,1376.70933003688,2940.0480084275664,11.972680049756748,0.007590016721769893,0.5727650729311579,0.008104414109044573,0.38428265240099097,0.008693128889307733,0.01856471494772878
w000437,671_T3_P1_R2,671,3,2,12,evaluation,109153.39569558157,9,5,3.2276755039550644,7.106641802585451,0.8467088232668573,-0.02618490062205566,0.7227561606366057,10023.223987236037,38747.789642524134,4441.051299907767,46681.49695150959,4320.923435688089,4938.910378715934,11.600518633229322,0.09182695529866844,0.3549847386387138,0.04068633203398854,0.4276687560110346,0.03958579032885732,0.045247427688737095
w000438,671_T3_P1_R2,671,3,2,12,evaluation,164496.23122409167,9,4,3.1505640126017234,6.816622229816039,0.86435082583697,0.009815922379806101,0.23726687857233358,17783.748704863832,65890.82529032468,5810.613615508271,67652.13756325463,4662.098602632864,2696.807447507413,12.010649017581425,0.10811037172418375,0.40056130648101124,0.03532368840470593,0.4112686172797039,0.028341674261714425,0.016394341848680886
w000439,671_T3_P1_R2,671,3,2,12,evaluation,202983.24788752748,9,5,3.179338173672624,6.680903843701014,0.7445588022354236,-0.021393945954884187,0.13811203300326258,9100.93725316225,61617.29687176997,8820.607820355648,112953.82762568854,6343.380484534642,4147.197832016441,12.220883658399986,0.044835903198302635,0.3035585326032026,0.043454856063999556,0.5564687174986774,0.031250758624423496,0.020431232011394324
w000440,671_T3_P1_R2,671,3,2,12,evaluation,153720.11846395588,9,5,3.2598470835389204,7.435092501616371,0.8682233882200371,-0.0643653780932369,0.23801588206885826,11397.930929444661,62191.98917532056,4028.302278851341,66076.64417715318,4765.821529036446,5259.4303741497015,11.942895320634328,0.07414729472848562,0.4045793731931274,0.026205433089071504,0.4298503334334,0.03100323872150756,0.034214326834408
w000441,671_T3_P1_R2,671,3,2,13,evaluation,266188.4404700747,9,4,3.3823218696940835,8.185101889244256,0.5141708075791058,-0.10829182747760907,0.6186370877862347,9127.418980983059,75549.33207165655,6975.157618311555,118400.6310299053,49764.20229156692,6371.6984776513,12.491963516500748,0.034289313859251436,0.28381898153894447,0.026203833667584494,0.4448000477436813,0.1869510268878918,0.023936796302646415
w000442,671_T3_P1_R2,671,3,2,13,evaluation,306747.3770968333,9,5,3.552486857190743,9.34733717958598,0.7645432810054783,0.1324488324341196,0.4271805863395261,13732.64020660095,140322.37566270653,30770.39200997592,89866.31330348432,23873.056401143796,8182.599512921848,12.633783071921291,0.044768566031669316,0.4574525689209394,0.10031183412617214,0.2929652215905192,0.07782644020329342,0.0266753691274067
w000443,671_T3_P1_R2,671,3,2,13,evaluation,365563.5559058328,9,4,3.348135098020616,7.330962872626315,0.7993676500305785,-0.04736936869656825,0.6597419013388681,4160.261282224731,172488.8389813032,30480.77291626772,110374.73193801001,40574.39612896404,7484.554659063056,12.809198166121238,0.011380404898174237,0.4718436403046025,0.08338022875595237,0.3019303487857579,0.11099135970604189,0.020474017549471032
w000444,671_T3_P1_R2,671,3,2,13,evaluation,377868.320099637,9,3,3.5997808111367693,9.977101305726649,0.6221531437844546,0.0036267216958006166,0.11402367077913132,8625.999281919407,176935.28434339838,71200.92505008355,83679.03975905705,30795.566246334492,6631.505418844117,12.842303700806731,0.022828056291262753,0.4682458807257082,0.18842787622764764,0.22145026536490914,0.08149814262866562,0.01754977876180652
w000445,671_T3_P1_R2,671,3,2,13,evaluation,289085.4074895427,9,4,3.571691190609531,9.998313525626918,0.7111452654536331,0.05006246102423684,0.5039398020489647,5005.969872423147,93676.30360434955,63073.416942651194,91705.54510668702,24743.910939762536,10880.261023669218,12.574480910259696,0.017316577532901698,0.3240436949683743,0.21818263844719593,0.31722647608909266,0.08559377366931818,0.0376368392931172
w000446,671_T3_P1_R2,671,3,2,13,evaluation,302440.5018824984,9,5,3.4997575459106502,8.493147751278391,0.7819968534027214,0.08876202123896393,0.09666319567761798,10195.566348119957,118510.41588453294,30174.81032264143,110966.22158019684,18893.02723554183,13700.460511465348,12.619643155545667,0.033710982109403625,0.39184704147388166,0.0997710628530986,0.36690264990800897,0.06246857520055958,0.04529968845504738
w000447,671_T3_P1_R2,671,3,2,13,evaluation,279062.15588899446,9,5,3.5880044696795905,9.887655048371373,0.8563628930810463,0.12846920062061948,0.4359516119059215,6482.42215679815,104575.15025880649,23014.251331062023,106042.77458673528,24577.099540207622,14370.458015384851,12.539193400380297,0.023229312968458298,0.3747378426346153,0.08246998328292371,0.37999697325106685,0.08807034211397664,0.05149554574895903
w000448,671_T3_P1_R2,671,3,2,13,evaluation,288276.9588314063,9,4,3.389277718654112,7.88847836417059,0.7513838562781746,0.03337101362429362,0.23373313804672247,4953.321096292659,151319.04383264648,21233.380839067482,77303.50219098674,28901.89980511357,4565.811067299374,12.571680428506186,0.017182507809059833,0.5249085617041727,0.07365618440385119,0.26815706154370916,0.10025740497011534,0.015838279569091777
w000449,671_T3_P1_R2,671,3,2,13,evaluation,228619.2596069771,9,5,3.6070318091164197,9.621714134617472,0.8002967814726343,0.006722991543612828,0.6526031791142589,11362.976918042752,88347.17695188861,31700.934645714777,63681.58424777438,27202.437165391646,6324.149678164932,12.339817651118347,0.04970262320671067,0.38643803284013606,0.13866257243686442,0.27854864177782035,0.11898576354483771,0.027662366193630734
w000450,790_T1_P1_R1,790,1,1,9,evaluation,79936.86908700688,9,3,2.325290056079259,3.929968405761723,0.7615858697812862,0.1025651257811617,0.20630614328950528,21.346187901554483,55492.25200988552,6.436642765652941,24400.18822531827,6.614906811335822,10.031114324559917,11.289004975505309,0.00026703807824047165,0.6942009693860446,8.052157707911989e-05,0.3052432313649914,8.275163747201382e-05,0.0001254879561725341
w000451,790_T1_P1_R1,790,1,1,9,evaluation,281166.5098029629,9,3,2.4628044967967195,4.718289423980648,0.6718691024236287,0.6220763379779046,0.91560487479607,744.2069469006447,182466.49362153542,151.06175506849905,97338.03215656753,105.34782853071121,361.36749436007483,12.546705891002002,0.0026468548740821705,0.6489624022057432,0.0005372679526248015,0.34619354995294604,0.0003746812826482689,0.0012852437319555432
w000452,790_T1_P1_R1,790,1,1,9,evaluation,237820.16852231097,9,3,2.281361993931129,4.23894846405715,0.8669039225880653,0.18757278153492843,0.37737375528389333,38.22655989059409,130892.37979846747,11.370235448866836,106858.12718531312,10.280749389097586,9.783993801802955,12.379274277453181,0.0001607372500327191,0.5503838493251588,4.781022366402092e-05,0.4493232338084408,4.3229089664584536e-05,4.1140303039037985e-05
w000453,790_T1_P1_R1,790,1,1,9,evaluation,182412.90429963847,9,3,2.3718415184707364,4.543647695484177,0.8358794975796494,0.40006172132865103,0.8149979385701424,51.69991510258866,105233.53846174545,8.354448560057739,77098.71092511003,7.4645358167771185,13.136013303536451,12.114033583429961,0.0002834224656478491,0.5768974451987497,4.5799657607196466e-05,0.4226603990607195,4.0921095168330766e-05,7.201252210731062e-05
w000454,790_T1_P1_R1,790,1,1,10,evaluation,337868.48094989144,9,3,2.4642270330090557,4.636790055417967,0.880676632345246,0.06991770468510204,0.2567627361192767,879.7733940296371,174491.49630256352,208.8608403946468,161603.1214713624,194.5308107840466,490.69813075718207,12.730414948853822,0.002603893063822412,0.5164479853580719,0.0006181720171335619,0.4783018558494345,0.0005757589765021528,0.0014523347350354249
w000455,790_T1_P1_R1,790,1,1,10,evaluation,239643.0888799641,9,4,2.421951750482847,4.2757796665625785,0.7290281596262306,0.1513482300080913,0.14084619054462624,1102.1105896960207,165233.70321280506,275.02659784669,72124.06900798013,278.2583320352843,629.9211396008927,12.386910138646037,0.004598966716908168,0.6894991380100667,0.0011476508633405625,0.30096452747738817,0.0011611364773163242,0.0026285804549799337
w000456,790_T1_P1_R1,790,1,1,10,evaluation,409865.6149463427,9,3,2.3571224446924623,4.3471802500910846,0.7166188409880555,0.24552323079069985,0.26717043828600834,829.5198484428647,276146.78938087384,232.5924656263332,132174.37867596967,196.62248002208776,285.71209540794894,12.923587056350238,0.002023882507322457,0.6737495884279666,0.0005674847002151739,0.3224822328491088,0.0004797242629095111,0.0006970872524775047
w000457,790_T1_P1_R1,790,1,1,10,evaluation,145208.61466979087,9,3,2.3136261779323615,4.1951252977964995,0.6445990280082962,0.2975707688544381,0.18897479742337683,130.63218716280045,97731.24533414381,17.069928907409032,47280.72118688178,19.960431416647957,28.985601278434686,11.885933595914699,0.0008996173364773317,0.673040270760711,0.00011755451938045555,0.3256054834928333,0.00013746038044670165,0.00019961351015123234
w000458,790_T1_P1_R1,790,1,1,10,evaluation,265972.77725942846,9,3,2.763557392491092,6.1845952704438165,0.7486590926094834,0.7200076836788758,0.8732611525081887,1373.5209076976219,116928.68088907018,27.952680481923494,146754.10445741395,23.263904661732415,865.2544201031073,12.491153001172865,0.005164140938972475,0.4396264989744366,0.0001050960206151421,0.5517636277274751,8.746723969814746e-05,0.0032531690988027045
w000459,790_T1_P1_R1,790,1,1,11,evaluation,246852.2820577991,9,4,2.657699978066785,4.938285350130507,0.8043072086208065,0.05374038343655061,0.2158474109612853,3749.12663997255,103605.4229918003,1019.4804239582948,134474.21293353502,1289.659695972969,2714.3793725599653,12.416549439356364,0.015187733363124074,0.4197061583880422,0.004129921001579354,0.5447558021847602,0.005224418770700294,0.010995966291793925
w000460,790_T1_P1_R1,790,1,1,11,evaluation,380354.089077493,9,4,2.7046883610238233,4.814671193308529,0.7874654497424788,0.21647342167913988,0.29603955110393376,7280.916040001543,253852.26958052564,2246.883900822456,109281.51466974695,2509.4198788436033,5183.085007552795,12.848860540321457,0.01914246816081458,0.6674103864538866,0.005907347824949182,0.2873152091904605,0.006597588801871238,0.013626999568017785
w000461,790_T1_P1_R1,790,1,1,11,evaluation,257519.75006130827,9,4,3.0236247148192925,6.729127481654072,0.8598615229571356,0.22353224220486176,0.37374149224522263,6981.985371398974,100969.93171470657,2744.1519704602733,137959.42163802782,2968.0973803637307,5896.161986350865,12.458855578601673,0.027112426793427527,0.3920861669470728,0.010656083542357303,0.5357236546136114,0.011525707755063872,0.02289596034846707
w000462,790_T1_P1_R1,790,1,1,11,evaluation,233767.9282443654,9,4,2.7809496222756946,5.3191586757173,0.8127027232621149,0.16595366122827276,0.11513927039760888,3423.3388643078442,114442.03115492688,1541.4036751304661,109197.58102815853,1677.0071825698888,3486.5663392717684,12.362088420319001,0.01464417676974625,0.48955402913652385,0.006593734592707626,0.4671195995457968,0.0071738120586706715,0.014914647896554674
w000463,790_T1_P1_R1,790,1,1,11,evaluation,198210.77467956956,9,4,2.822192942021896,5.4444961835135715,0.6261861897181108,0.22468104986822574,0.04763885156541665,6068.046574552256,54018.122711252225,943.1312718289428,132798.70126434654,1310.188094771328,3072.5847628182855,12.197091307183918,0.0306141105818387,0.27252868971718974,0.004758224033752063,0.6699872975070648,0.006610075042032388,0.01550160311812247
w000464,790_T1_P1_R1,790,1,1,12,evaluation,150111.83971798857,9,4,2.831081323159627,5.176223196260669,0.6804246369670695,0.14951846461514925,0.23280279782465677,6633.599579639552,95763.5760099079,2088.754232395174,39812.168433417624,2674.024717476315,3139.71674515199,11.919142555055652,0.04419104843496644,0.6379481870971443,0.013914653476496359,0.2652167111415846,0.017813549700676105,0.020915850149132133
w000465,790_T1_P1_R1,790,1,1,12,evaluation,210764.2654919145,9,5,3.12914372723983,7.214330873847801,0.8660622847551446,0.05562164249841173,0.42067326365585045,3519.9440504402814,97015.70122432834,4775.009496836997,93681.61490883493,5879.322696625384,5892.673114848585,12.258500307366212,0.016700857909783175,0.4603043167583365,0.02265568826713739,0.44448528639419105,0.02789525388899918,0.02795859678155282
w000466,790_T1_P1_R1,790,1,1,12,evaluation,144004.71311266097,9,5,3.016675026010271,5.753461883944357,0.6566501201903906,-0.01967816050830865,0.4237545346781985,892.7209309417433,80417.73444620207,4604.879477436539,45191.450073222106,6710.013643176984,6187.914541681542,11.87760825216461,0.0061992480082462996,0.5584382115555334,0.03197728308957462,0.3138192431095427,0.0465957918886131,0.042970222348489906
w000467,790_T1_P1_R1,790,1,1,12,evaluation,84653.20695796737,9,6,3.002129886984585,5.73998654809301,0.6225503404487167,0.40969258163728933,0.4710598072644433,1997.5635570960783,54892.47905814319,3028.406767513044,17418.15865116824,3124.9634255418314,4191.635498505004,11.346330084589416,0.023597021647247494,0.6484394511527343,0.03577427100920974,0.20575899339308942,0.036914885304858695,0.04951537749286055
w000468,790_T1_P1_R1,790,1,1,13,evaluation,240450.02647085578,9,5,3.2843308247903926,7.03634486688087,0.8440944542758823,0.09544961840523615,0.4126010972026215,6781.904619532315,85348.97427040491,15333.19226073377,113379.32457241733,11843.047846914258,7763.582900853188,12.3902717156543,0.02820504833820149,0.35495514607793066,0.06376872768858796,0.4715296822234274,0.049253676619369045,0.0322877190524834
w000469,790_T1_P1_R1,790,1,1,13,evaluation,353162.99643239996,9,4,3.441133588983754,8.632412517512773,0.7312288614255641,0.055659086524541844,0.31865423448732394,5194.027462798894,138702.70576460243,69678.58537071937,96659.47205675133,34684.34926533513,8243.856512192868,12.774687807160575,0.014707167838273506,0.39274416392928063,0.1972986583379405,0.2736964886842363,0.09821059854999324,0.023342922660276075
w000470,790_T1_P1_R1,790,1,1,13,evaluation,231148.70980675195,9,4,3.4069018910851927,8.32737445743504,0.5629497639470523,0.07527483246229,0.18000961550792313,7848.740333597236,63190.20562119277,6064.107646116423,122889.47786482044,23525.24587020261,7630.932470822456,12.350820873982972,0.033955371588096014,0.2733746845224526,0.0262346592857309,0.5316468258358878,0.10177537175037879,0.0330130870174537
w000471,790_T1_P1_R1,790,1,1,13,evaluation,445223.4648099691,9,4,2.912256482604235,5.117744657840723,0.6438796493638511,0.09834025039554832,0.13959864663823757,3074.130252852236,296881.31541914656,11549.444373501812,98709.15041393327,20976.24538203957,14033.178968495637,13.006333849277043,0.006904690556155526,0.6668141706005137,0.025940780947903006,0.22170698136061728,0.047113970938150534,0.03151940559665986
w000472,790_T1_P1_R1,790,1,1,13,evaluation,414444.6108037833,9,5,3.1489528722349687,6.272523336331144,0.6977913746112255,0.19480287371493177,0.39747789727878635,4288.3162087007095,247547.41950339038,15057.871092642494,107035.9905316163,27485.730166609923,13029.283300823452,12.934697028551682,0.010347139513731042,0.5972991638696695,0.03633265025075104,0.2582636804566677,0.06631942954524966,0.03143793636393091
w000473,790_T1_P1_R1,790,1,1,13,evaluation,442495.5801338159,9,4,3.5776398944772816,9.924686513258788,0.8500742760314804,0.16564385097888873,0.08760854066389576,5502.712778502697,149326.6460606031,89843.90829109657,112067.56994971674,71387.95756749454,14366.785486402188,13.000188014889106,0.012435633316017781,0.33746471776157616,0.20303910891929522,0.2532625747715405,0.161330329098216,0.032467636133354155
w000474,790_T1_P1_R1,790,1,1,13,evaluation,273109.8255175281,9,4,2.938284433871013,4.944906644993282,0.6171576103663282,0.1576606011696679,0.35531837387973214,2144.2239940440713,185597.38616997882,10612.98248696893,47989.59130202889,20114.203868931047,6651.43769557637,12.517632946066612,0.007851141898614905,0.6795705200949178,0.03885976078252736,0.17571535996953333,0.07364877419117286,0.024354443063233852
w000475,790_T1_P1_R2,790,1,2,9,evaluation,169981.24184219804,9,3,2.2930700620497633,4.395242186682452,0.7873503039495052,0.08742863006585169,0.1278582188348964,70.79050277389794,80015.64837742224,13.43275075914313,89849.1050094236,17.83075941781013,14.434442401344507,12.043449250824322,0.00041646067534684947,0.4707322261576646,7.902490071000548e-05,0.5285824720167355,0.00010489839481443077,8.491785472861006e-05
w000476,790_T1_P1_R2,790,1,2,9,evaluation,289503.41544369276,9,3,1.9565508535138278,3.414969078766631,0.6863150797892893,0.16006857023737375,0.467020499508055,54.865954409304216,167269.99938030646,4.8108687299335795,122154.73955778478,10.411998978905004,8.587683483377392,12.575925827843273,0.00018951746847344336,0.5777824732186615,1.6617657938717045e-05,0.4219457631288063,3.5965029852748303e-05,2.9663496267275165e-05
w000477,790_T1_P1_R2,790,1,2,9,evaluation,252690.88721873736,9,3,2.1048124198114526,4.107152827194321,0.8364194155594744,0.12843588832088554,0.3009330821620652,30.37567557633685,132415.66406820755,26.03690415482423,120177.04864490288,26.957679735584225,14.804246160228384,12.439926188463371,0.0001202088287024086,0.5240223164580695,0.00010303855608487318,0.47558916733263024,0.0001066824373142067,5.858638719889155e-05
w000478,790_T1_P1_R2,790,1,2,9,evaluation,182343.8210530814,9,3,2.0360690377216613,3.7767837941158424,0.8069187710867541,0.04267058740040801,0.15615650870982714,49.26826842172258,90384.35096831454,14.592725629407614,91877.20237664021,9.805836556376663,8.600877519165595,12.113654794698773,0.0002701943402150177,0.49568090899007267,8.00286269374578e-05,0.5038679229492191,5.3776631967814934e-05,4.716846158807776e-05
w000479,790_T1_P1_R2,790,1,2,10,evaluation,300612.50737448863,9,3,2.546586714266468,5.2649652001664515,0.7564850009793209,0.16488746996502013,0.21808746568302517,686.5559102111729,166224.10285864072,38.00765751675425,133391.68553410863,50.93965258569074,221.21576142569657,12.613580690003682,0.0022838567703235796,0.5529513868548613,0.00012643405242419316,0.4437329860262124,0.00016945287150754696,0.000735883424671072
w000480,790_T1_P1_R2,790,1,2,10,evaluation,236352.5325032782,9,3,2.496942213369625,5.095472276821811,0.7399296888265398,0.2034232166886499,0.16137674916084652,380.83936972645813,126386.2031117988,19.303134543461923,109437.20423539728,20.9803736734994,108.00227813864964,12.37308398217814,0.001611319183648586,0.534735980076904,8.167094441094761e-05,0.46302530832361355,8.876728948613404e-05,0.00045695418193647514
w000481,790_T1_P1_R2,790,1,2,10,evaluation,470317.98298057076,9,3,2.449165159244436,4.514204286594444,0.4149122770093509,0.5119223118463287,0.5471488667081265,792.4328536718162,287838.1208590461,5902.333039397556,174784.23453024062,447.45130055780817,553.4103976568134,13.061166430674945,0.0016848874215905803,0.6120074742516001,0.012549664807610357,0.3716299202989674,0.000951380378275463,0.0011766728419561098
w000482,790_T1_P1_R2,790,1,2,10,evaluation,133777.74189110033,9,3,2.230879063780381,4.0061069449542055,0.733666134507771,0.13506690589721687,0.4627382942042892,662.2869281945345,52970.914361439056,39.867995717704375,80017.54684011807,34.79772966932624,52.32803596166815,11.803942534315876,0.004950651123515441,0.39596209064852655,0.00029801665922989107,0.5981379690595697,0.00026011598923274384,0.00039115651992590044
w000483,790_T1_P1_R2,790,1,2,10,evaluation,278375.79610272776,9,3,2.3955450018854036,4.49138985283811,0.5824663404251229,0.14771007728813573,0.31922985163067147,360.8656402279007,202007.48108411842,136.36265650201767,75697.42495533182,63.07065498234165,110.59111156522343,12.536730856636664,0.0012963254897876686,0.7256646731225602,0.0004898509799023489,0.27192531109061485,0.0002265665904339865,0.0003972727267007527
w000484,790_T1_P1_R2,790,1,2,11,evaluation,203865.12638027308,9,4,2.9550066749222577,5.939464962575033,0.829752801687192,0.08515103497093071,0.5511784466388844,7674.163656215864,104356.96128834497,2258.5901165806363,81692.49697681378,2336.4107382653438,5546.5036040524765,12.225218814170555,0.037643337006551654,0.5118921668519517,0.011078844904388648,0.4007183495642672,0.011460570916416559,0.02720673075642417
w000485,790_T1_P1_R2,790,1,2,11,evaluation,212879.02785318176,9,4,3.032369866483867,5.885410738813893,0.7758722385071987,0.06628503903938131,0.24838489210341724,11864.33330185629,109824.2375587158,4520.852289870598,75004.73206939414,3773.939514771854,7890.933118573032,12.268484036491387,0.05573274841352091,0.5158997514516052,0.021236719913003996,0.35233499901701615,0.01772809446205599,0.037067686742797624
w000486,790_T1_P1_R2,790,1,2,11,evaluation,195080.742735417,9,5,3.138624931346512,6.798729876336105,0.7555823205790743,-0.02283883033716265,0.6208853359980843,10891.25391700929,94922.83561682644,6148.992821524497,72199.07408405503,4612.197977260738,6306.388318741015,12.181173943223788,0.05582946714418049,0.48658229554501875,0.03152024508059321,0.3700984170537877,0.023642507776977986,0.03232706739944192
w000487,790_T1_P1_R2,790,1,2,11,evaluation,373430.8990344396,9,4,2.8065910923212667,5.729753445920432,0.8643600123705071,0.2673617202862225,0.22479116568382992,5518.113401669059,189358.9266286872,2057.04283527911,170395.69371199215,1866.2495827171986,4234.872874094846,12.83049093502809,0.01477679917740324,0.5070788922885131,0.005508496593607803,0.4562977893703366,0.004997576760634058,0.011340445809505138
w000488,790_T1_P1_R2,790,1,2,11,evaluation,170705.2707393427,9,4,3.0574524990359313,6.160221057460341,0.7673075759883471,0.1303856488239474,0.23006877455765704,7283.036167700022,69911.94501236052,3027.7569184944277,82643.94368802568,2124.3303083422356,5714.258644419788,12.047699643546249,0.0426643895420242,0.40954766487036076,0.017736751216766128,0.4841323488729198,0.012444433022727037,0.033474412475202
w000489,790_T1_P1_R2,790,1,2,12,evaluation,161050.1754892889,9,5,3.3503148965068275,7.588450095536693,0.8025245280664361,-0.02366654656234224,0.253133127095077,11925.130999938276,57487.040769616986,9117.035786108705,69707.3660356859,7192.791457009504,5620.810440929492,11.989477453641674,0.07404606026481102,0.3569511215679509,0.05660990904486819,0.4328301153594334,0.04466180452866306,0.03490098923427327
w000490,790_T1_P1_R2,790,1,2,12,evaluation,353815.076878563,9,4,2.798721064661889,4.848938633378488,0.6879366471761511,0.009654223509306599,0.4371307289613776,10825.455672480392,86658.65013772887,5304.2543066056105,236945.3924539904,5431.01947088215,8650.30483687552,12.776532500259272,0.030596366237371855,0.2449263917814107,0.014991600565473205,0.6696870991037932,0.01534988140922608,0.02444866090272488
w000491,790_T1_P1_R2,790,1,2,12,evaluation,247328.4596612131,9,4,3.0273912252103985,6.222463740143268,0.6409960129457002,0.18147921517740104,0.6130583279643915,7979.766315374789,159946.5250969581,3587.2902877409388,64421.132903992955,4637.774124486294,6755.970932660025,12.418476571611645,0.032263841881784876,0.646696806813298,0.014504154890443084,0.26046793398639234,0.018751477815529393,0.027315784612552293
w000492,790_T1_P1_R2,790,1,2,12,evaluation,81613.36701822073,9,5,3.28001026300119,6.713790237389794,0.7023038496313115,-0.031691733915489226,0.8056407564724519,6144.416761577806,46336.59974491182,4308.8400693856665,16741.09635230638,4619.577910047842,3462.8361799912077,11.309760591854094,0.07528689216076606,0.5677574818665044,0.0527957640618318,0.20512689237007975,0.056603202132519424,0.04242976740829853
w000493,790_T1_P1_R2,790,1,2,12,evaluation,162112.30494354246,9,6,3.3347719115914574,7.06729630299456,0.7915787558635873,0.03646909316475561,0.5362143893456703,7771.013022576795,55115.551642814826,12179.779367094812,71397.2806704488,8894.572881056169,6754.107359551077,11.996050782970817,0.04793598502768277,0.3399837641072926,0.07513173889752887,0.44041863876597004,0.05486673503380147,0.04166313816772438
w000494,790_T1_P1_R2,790,1,2,13,evaluation,454838.38110681507,9,5,2.7912363743918265,4.8286683125451,0.6907035113574811,0.1547741236663951,0.17810880638894228,5551.903169340072,309486.19303755695,11218.797238797877,108282.06713791193,9730.714821973812,10568.705701234432,13.02769962705445,0.012206320750306806,0.6804311287109182,0.02466545855584521,0.2380671280959528,0.021393785630612016,0.023236178256365
w000495,790_T1_P1_R2,790,1,2,13,evaluation,316510.266717531,9,4,3.261242809228719,7.359891642324391,0.8065758823156354,-0.006367182329464338,0.48931924567137447,6184.856969871575,131372.26614000634,9877.333593292176,140941.46667949454,14184.79188338943,13949.551451477,12.66511411777648,0.019540778357724612,0.41506478605715896,0.031206992732741853,0.44529824621858943,0.044816214116835014,0.044072982516950236
w000496,790_T1_P1_R2,790,1,2,13,evaluation,354332.2482538007,9,4,3.149933400938214,6.560574884873308,0.7703211615561079,0.26057894721179586,0.1294708879001347,11292.237648560487,172790.0843764534,13473.271820904287,135799.96891871767,10941.70264855182,10034.982840613056,12.777993128544377,0.031869065557002585,0.48764989703304545,0.03802440192023862,0.38325602478453225,0.030879782188818757,0.02832082851636245
w000497,790_T1_P1_R2,790,1,2,13,evaluation,435143.59506985574,9,3,3.318197851600412,7.469618628628848,0.7371010633496112,0.15138731005512127,0.17586182631189318,10172.01388140484,220609.42911469683,39474.05464502066,132221.03068909116,22737.716616330414,9929.350123311895,12.983433657296802,0.023376223381552652,0.506980756729928,0.09071500785547285,0.3038560883973601,0.052253363887109994,0.02281855974857653
w000498,790_T1_P1_R2,790,1,2,13,evaluation,288815.9315769424,9,6,3.4143083719013094,7.899860567616753,0.7662547279417374,-0.01764513309453933,0.2346001477425136,10658.278838650383,108463.95155110546,24712.815332778897,109913.71885720002,20866.125715148024,14201.041282059668,12.573548311626276,0.036903361876389255,0.3755469823250037,0.08556596998595711,0.380566675311394,0.07224714232770486,0.0491698681735513
w000499,790_T1_P1_R2,790,1,2,13,evaluation,187694.52566419664,9,5,3.3783595365242256,7.238926855576147,0.6130837545340256,0.058509738547231675,0.33278343477015293,5069.488371604428,100463.68647307977,18331.542236492493,28398.619245541966,23507.984920362425,11923.204417115605,12.14257638459307,0.02700925002295605,0.535251020867912,0.09766689876341607,0.1513023309819371,0.12524598060158904,0.06352451876218997
w000500,790_T1_P1_R2,790,1,2,13,evaluation,249196.85980884568,9,4,3.2156763096230025,6.864727301278615,0.5433690026275663,0.19204139869654063,0.11948277667477689,5039.179391901601,147563.6184141345,8722.670542671374,50276.89437162957,32003.744297980018,5590.752790528657,12.426002477611549,0.020221680946409446,0.5921568134017733,0.03500313185873359,0.20175573002884567,0.12842755852754123,0.022435085236696885
w000501,790_T2_P1_R1,790,2,1,9,evaluation,58442.909529631055,9,3,2.3012259068776046,3.799539283645438,0.7368551198751531,0.7480457413531133,0.7423165384247072,80.62113012442148,38822.32536158437,25.1139460409457,19462.15799301251,18.80085542103657,33.890243447773436,10.975822761806914,0.0013794852236702192,0.6642777656697794,0.00042971758666828034,0.3330114491159108,0.0003216960889242582,0.0005798863150471794
w000502,790_T2_P1_R1,790,2,1,9,evaluation,93631.47550081788,9,3,2.5313397094832317,5.261470833246912,0.7134394139879807,0.3543648061476759,0.2474423022208256,199.3105232295165,62666.49095460038,21.774230485084203,30653.896200400515,18.71399162007982,71.28960048229713,11.447132562767639,0.002128670109740773,0.6692887260337255,0.0002325524655957601,0.32738879779944036,0.00019986859675106105,0.0007613849947464986
w000503,790_T2_P1_R1,790,2,1,9,evaluation,84453.15280916117,9,4,2.531172451483479,4.852596472952573,0.7548399873166155,0.2563626451093367,0.2524934617805206,761.3075633115527,39770.11298913884,82.67994325076833,43440.082189271365,84.99894044113717,313.97118374751756,11.343964095794949,0.009014554673072772,0.4709133012358625,0.0009790036310142291,0.5143689814332087,0.0010064626081303242,0.0037176964187115476
w000504,790_T2_P1_R1,790,2,1,9,evaluation,80446.90352950596,9,3,2.5385846866053776,4.607373662982152,0.6334412005858473,0.017229705701544404,0.22533005727375696,485.30113706844435,53536.60465721357,358.0229435557407,25308.03452486257,618.2349784383069,140.7052883673283,11.295365092783353,0.006032564533580186,0.6654899357012249,0.004450425409157317,0.31459302240987064,0.007685006523732184,0.0017490454224347
w000505,790_T2_P1_R1,790,2,1,9,evaluation,104079.10918209229,9,3,2.873443372149324,6.217274204361108,0.8105064594367989,0.1860382704801072,0.16953762168363232,1012.2099385363585,56823.06431988314,799.7457721910348,44148.68538366178,900.2791390022763,395.1246288177024,11.552916162206708,0.00972539010461206,0.5459603254334928,0.0076840182287862815,0.42418392826961226,0.00864995046630527,0.0037963874971912903
w000506,790_T2_P1_R1,790,2,1,10,evaluation,174509.68123299393,9,3,2.8049523749969554,5.542761128811562,0.7349447833203353,0.06840597816943637,0.48150266358658755,2998.517727222252,100855.01680336552,1072.4490249593014,67327.33994379238,1711.3535030018525,545.0042306526153,12.069741229255596,0.01718252939341988,0.5779336486708178,0.006145498733261896,0.3858086237284527,0.009806639327459232,0.0031230601465884363
w000507,790_T2_P1_R1,790,2,1,10,evaluation,132272.15849490173,9,3,2.880230315306587,6.12916333245144,0.7974048377597304,0.2135573135146643,0.408468663817329,2544.4814566774953,70961.73276668348,965.4765049448656,55649.1703482627,1233.591681494608,917.7057368385608,11.792624445882959,0.019236712287987418,0.5364827608027476,0.007299166475627437,0.4207171863034777,0.009326162780825532,0.006938011349334204
w000508,790_T2_P1_R1,790,2,1,10,evaluation,134537.3431747579,9,3,2.8447080194720527,6.032262470873557,0.7937557655253403,0.24916692458203746,0.5911804954387585,2144.648945686382,73287.18972493988,872.414841645202,56329.19090201712,998.8809475304275,905.0178129389087,11.809604516762858,0.015940919413731696,0.544734926344897,0.006484555299356364,0.4186881468950079,0.007424562756772494,0.006726889290234695
w000509,790_T2_P1_R1,790,2,1,10,evaluation,122310.56098448343,9,4,2.900710233709568,6.25588046054053,0.7079805663321184,0.02106377222228608,0.2887024043663045,3997.192133896983,71014.74637305003,776.4995574576379,44041.90258816411,485.7594926574252,1994.4608392572632,11.714326846925383,0.032680678607990975,0.5806100945122729,0.006348589616526624,0.36008258186103287,0.003971525342926436,0.01630653005925044
w000510,790_T2_P1_R1,790,2,1,10,evaluation,164330.84598603487,9,4,2.5347289125662003,4.562540325313818,0.6797976811932449,0.19439444011709311,0.09267894431648215,1766.1164153784514,89877.7250967558,662.6737077253878,70679.30320079102,551.8794248928352,793.1481404913636,12.00964311352084,0.010747321385593908,0.5469315548000877,0.004032558244005529,0.4301036897649604,0.003358343478252007,0.004826532327100457
w000511,790_T2_P1_R1,790,2,1,11,evaluation,162292.22180910796,9,4,2.910903043836943,5.701969811644567,0.7563870551580639,0.19888855721648036,0.3129142150467308,6673.851381495295,85850.68716542001,2628.987068050316,61964.40609190129,2506.0728376930983,2668.2172645479245,11.99715998928558,0.041122435241198685,0.5289883039890825,0.016199094687005974,0.3818076146913888,0.015441731031575881,0.016440820359748025
w000512,790_T2_P1_R1,790,2,1,11,evaluation,236502.18573168252,9,4,3.090142931518163,6.912607924065915,0.7999128868178488,0.12360397886322637,0.3862373080041692,11443.19702686691,109869.9460562208,3667.2064701011204,103283.8737470888,2712.4204776788997,5525.541953725977,12.37371695714764,0.048385163931844145,0.4645620746223078,0.015506015129440096,0.43671424611807547,0.011468902366746863,0.023363597831585533
w000513,790_T2_P1_R1,790,2,1,11,evaluation,223675.5999501137,9,4,2.914788366893931,5.5666464921593555,0.7135721940093495,0.014717911383703357,0.3829841608291868,8307.343425466852,141033.85850753705,3830.6363826431652,62727.58807686712,3431.658909825248,4344.514647774261,12.317956537402905,0.03714014146969824,0.6305285804039054,0.017125857194515228,0.2804400126382012,0.015342124534775405,0.019423283758904487
w000514,790_T2_P1_R1,790,2,1,11,evaluation,237088.2766764557,9,4,2.8755188778242338,5.907635898392803,0.7708831942672106,-0.03011805494076936,0.22141023627182443,8297.41202900126,140832.02585491288,2763.431563652704,79586.99025531061,2746.26540256563,2862.1515710125796,12.376192044022947,0.0349971417621985,0.5940067042922598,0.011655707327207249,0.33568505103236124,0.011583303236512795,0.01207209234946035
w000515,790_T2_P1_R1,790,2,1,12,evaluation,145821.811496829,9,6,3.359359220599176,8.030554936750525,0.6962906253763325,-0.0793072231287865,0.5311008003528224,13003.868707013744,65190.498663913735,7876.2414650178125,47551.72105231923,5934.976884309133,6264.504724255335,11.89014754377275,0.0891764309710041,0.4470558827568217,0.05401278028416954,0.3260947080838677,0.040700199945316096,0.04295999795882086
w000516,790_T2_P1_R1,790,2,1,12,evaluation,211738.96026841574,9,5,3.2007043405411153,7.046799725593824,0.7826954427007039,-0.07136944669739435,0.49328002029652934,9763.028969710884,96996.83318159913,7441.0172787696065,83942.73877105402,5773.369861657989,7821.972205624083,12.263114198254092,0.04610879810373375,0.4580962948842238,0.03514240964127164,0.3964444647534024,0.027266450417718326,0.036941582199649894
w000517,790_T2_P1_R1,790,2,1,12,evaluation,262716.73269153,9,5,3.3115414590068752,7.7281547630666765,0.765146826354112,0.03495271276721484,0.42913958575386424,20200.12177829184,121782.14256794492,10902.587740359777,91416.39369624747,9839.118159041976,8576.368749644043,12.478835475076234,0.07688936129549806,0.46354924302037487,0.04149940366821286,0.3479656311179251,0.03745143317762946,0.032644927720359644
w000518,790_T2_P1_R1,790,2,1,12,evaluation,171137.83478671627,9,6,3.23471386071481,6.882719462819686,0.7376809062842676,0.2507461834747596,0.753228341565204,16538.438702049738,74727.33555993465,8035.579820186843,59237.98587382738,8297.572188999786,4300.922641717853,12.050230405410339,0.09663812051064616,0.4366500000018406,0.04695384764100431,0.3461419618148952,0.04848473278478012,0.025131337246833575
w000519,790_T2_P1_R1,790,2,1,13,evaluation,219038.0493779406,9,4,3.437037963079739,8.041726406813456,0.6565203017118192,0.03538246475638806,0.5885039337205586,7720.209987928678,95554.15286284251,25718.67917993517,70621.85479542297,12784.318159814615,6638.834391996676,12.297005300565546,0.035245976714336935,0.4362445389475141,0.11741649112095,0.3224182054030624,0.05836574145963029,0.030309046354506455
w000520,790_T2_P1_R1,790,2,1,13,evaluation,301640.3333825501,9,4,3.536310586290884,9.18296340603854,0.605436506139138,0.15357353999693463,0.07575557104240868,10634.644491887702,85039.69081573433,21817.017963337752,98065.97223859331,78052.72034941823,8030.287523578772,12.616993952750223,0.03525604276003932,0.2819241374723062,0.07232792020445322,0.3251089505799705,0.25876088742558584,0.02662206155764488
w000521,790_T2_P1_R1,790,2,1,13,evaluation,241307.95381375213,9,5,3.560106344136458,8.834716491625587,0.758636201117934,0.07497149857770309,0.11774427436856885,15693.889961864948,111352.6478900938,29253.084337417313,49685.00564365914,28151.638296611985,7171.687684104928,12.393833357488107,0.06503677029219646,0.4614545278355753,0.12122718656839475,0.2058987482940879,0.11666270361871356,0.02972006339103197
w000522,790_T2_P1_R1,790,2,1,13,evaluation,338751.0590780058,9,6,3.266173602197256,7.2251061052909025,0.8196717269745023,0.08833174527486728,0.3492426762798145,11196.699773411272,133617.89899100276,20838.02390842375,145908.21845534982,17816.508944738045,9373.709005080196,12.733023729616631,0.033052884923476966,0.3944427490638013,0.06151426940225531,0.4307240215055707,0.052594695919859415,0.027671379185036492
w000523,790_T2_P1_R1,790,2,1,13,evaluation,199071.24861707815,9,5,3.5501578813200303,9.237935181129906,0.7352446291954318,0.008837262623407472,0.5274197802642974,10639.66538375969,65884.06054770891,26877.983516056684,70366.88809753359,19329.739736029478,5972.911335989791,12.201423096194162,0.053446519563583636,0.3309571874662807,0.13501690325837865,0.35347589662677625,0.09709960564526844,0.030003887439712277
w000524,790_T2_P1_R1,790,2,1,13,evaluation,259165.49028799252,9,4,3.606481535331091,9.887504818161927,0.6774886714238352,0.009273956848983439,0.2274395802099924,9529.156511624486,88624.47179182206,45789.799495320294,48519.26560199503,59567.47882647911,7135.31806075153,12.465225953806385,0.03676861645829234,0.3419609288772972,0.17668170034689915,0.1872134501706958,0.22984340530942576,0.027531898837389764
w000525,790_T2_P1_R1,790,2,1,13,evaluation,203413.44474199569,9,4,3.2746780746024644,6.0533725837675,0.4841631237143752,0.3278849637972091,0.6313256963701522,6349.2780847186095,106440.32707513579,43485.34886486435,20972.17196573508,23048.955291307313,3117.363460234567,12.223000776505707,0.031213659907150526,0.5232708546386495,0.2137781449009923,0.10310120843946985,0.11331087441413722,0.01532525769960068
w000526,790_T2_P1_R2,790,2,2,9,evaluation,168036.88228216788,9,3,2.420919256885131,4.408936121027964,0.7915686473900208,0.36110453553559074,0.45500202262409634,803.8093753733679,90045.33772699769,129.76411924632208,76775.46451535137,124.7071949713216,157.79935022781842,12.031944722741207,0.004783529451728398,0.535866510399743,0.0007722359370392382,0.4568965067230291,0.0007421418040946096,0.0009390756843657777
w000527,790_T2_P1_R2,790,2,2,9,evaluation,88634.55585180968,9,5,2.706264667738774,4.676233086188503,0.565287987139939,-0.08667420204832675,0.7134376332945989,1561.3160145143997,40777.04078022853,3049.552850755695,40963.691747293735,974.447467399127,1308.5069916181951,11.392288363673323,0.017615206614503748,0.46005804833506114,0.034405913375978536,0.462163897067211,0.010993990526994122,0.014762944080251505
w000528,790_T2_P1_R2,790,2,2,9,evaluation,78092.79597596673,9,4,3.08982695341281,6.5040134172992525,0.7822228608584832,0.13401264817032438,0.442858973666497,1398.1440470151151,36594.87955936119,3248.461797080228,32003.77730813982,4103.357427401791,744.1758369685878,11.265665895745055,0.01790362388158567,0.46860762381492094,0.041597457953483324,0.4098172809434185,0.05254463457377823,0.009529378832813335
w000529,790_T2_P1_R2,790,2,2,9,evaluation,78436.44993427067,9,4,2.294267560578981,3.438102858160663,0.5981176447892363,0.06344685955812886,0.5532468098542781,639.2154666566377,66144.79890264902,1535.13164903067,7688.65044443769,1887.9928344670102,540.6606370296286,11.270056770019854,0.008149469630411585,0.84329159412592,0.01957166152110533,0.09802394742343308,0.02407035040531715,0.006892976893812753
w000530,790_T2_P1_R2,790,2,2,10,evaluation,164093.97687589133,9,5,2.587008667636105,4.507558818539619,0.7594028808035337,-0.008798045583754318,0.20130859677370586,3115.608616605913,91113.16986889139,1997.5210857428947,65845.62227023805,1128.7376611742816,893.3173732388123,12.008200666468861,0.01898673355306838,0.5552499342361769,0.012173031111639603,0.40126775841406326,0.006878605069264523,0.005443937615787398
w000531,790_T2_P1_R2,790,2,2,10,evaluation,166104.74653175997,9,4,2.6271699937373327,4.624879068630873,0.7780450267236747,0.1643966873268364,0.14925222874871247,1867.7056662644475,101906.62966983485,2453.3890051760272,57804.50954683425,1686.2419844228273,386.2706592275537,12.020379891822676,0.011244143862603792,0.6135082337960153,0.014770131837905837,0.3480003476949514,0.01015167850185672,0.00232546430666686
w000532,790_T2_P1_R2,790,2,2,10,evaluation,168256.02859973584,9,5,2.8331577548248377,5.949241436095164,0.8423046961444473,0.37350229157660997,0.5823059803846207,1719.3728175644342,75257.00249829637,1996.703768255089,85626.68869300047,2500.3203383418927,1155.9404842775848,12.033248021372835,0.010218788782033177,0.4472767075545638,0.011867056324056277,0.5089071066612284,0.014860212493722309,0.006870128184396001
w000533,790_T2_P1_R2,790,2,2,10,evaluation,185180.32607363793,9,3,2.8091800085549163,5.773735183065463,0.7948854396294227,0.21198466967959553,0.3664427534834359,1468.4626342527563,87606.18972973604,1446.965684170268,91405.05542147302,2612.7680544640443,640.8845495418195,12.129090764974551,0.00792990629938093,0.4730858379356076,0.007813819722916324,0.4936002509528216,0.01410931771134836,0.003460867377925279
w000534,790_T2_P1_R2,790,2,2,10,evaluation,122622.88425464967,9,4,3.0571566246043007,6.322376094244681,0.640148114564265,0.2377198568510657,0.2293241734370129,7752.877019483007,76180.01927510774,2005.7146270973237,32126.580867485176,2259.3204502874523,2298.3720151889825,11.716877097985492,0.06322536830386967,0.6212545051289569,0.016356772549339788,0.2619949861949768,0.01842494950286396,0.018743418319993006
w000535,790_T2_P1_R2,790,2,2,11,evaluation,208471.22177262863,9,4,2.8604335189766754,5.330844523945823,0.6893923090859985,0.18876169815493718,0.05948531803286432,7139.570654401867,126453.55191211015,3471.523476647361,63186.52608010079,3520.122770947945,4699.926878420515,12.247561082436977,0.034247272087217465,0.6065755783310374,0.016652291127422926,0.30309471754818923,0.016885413444677772,0.02254472746145528
w000536,790_T2_P1_R2,790,2,2,11,evaluation,193417.90356713897,9,4,3.0755272934798135,6.667514145648879,0.6979272878946402,-0.05758876148475192,0.4661044833721053,11717.987630869135,104649.78352653544,4018.675177227846,63859.870270283085,3606.601412783576,5564.985549439857,12.172613600591559,0.060583779550695015,0.5410553087202165,0.02077716231596362,0.33016524888615667,0.018646678235407804,0.028771822291560237
w000537,790_T2_P1_R2,790,2,2,11,evaluation,231763.56762810575,9,5,3.0909665392062604,6.055183352851997,0.680164228069483,0.08328924820797387,0.25684551065831757,11043.379746681294,130880.60076732174,7762.487079511951,72495.94528705961,4991.431904062315,4589.722843468862,12.353477340689246,0.047649334447603116,0.5647160255029228,0.033493129049376104,0.3128013001741008,0.021536740891354007,0.019803469934643304
w000538,790_T2_P1_R2,790,2,2,11,evaluation,216005.11218195717,9,5,3.2516895975333524,6.8353850939238905,0.6468149117734564,0.12577199105991946,0.5587050433829752,13416.593356103762,121936.20999488789,7875.386037033672,56089.12675171234,10504.011095508533,6183.784946710977,12.283061983404636,0.06211238808460222,0.5645061302631206,0.03645925764201196,0.259665737468585,0.04862853008154836,0.028627956460131904
w000539,790_T2_P1_R2,790,2,2,11,evaluation,176447.81222813937,9,5,3.114060951782162,6.27017399709801,0.644381704507455,0.1421396433142738,0.3717070123958178,7352.354122139223,108280.47781454165,5144.584434158285,43491.66044725258,7313.457464632424,4865.277945415192,12.08078609758821,0.0416687179585596,0.6136685768284827,0.029156408170743203,0.24648455482700884,0.04144827511477694,0.02757346710042853
w000540,790_T2_P1_R2,790,2,2,12,evaluation,154364.7505727943,9,5,3.5958529552712024,9.904828691837933,0.7592859010059817,0.16461531279503133,0.1228778870227441,21530.203802912863,66060.13355660342,13969.412864606125,34456.329315234514,13391.907036062978,4956.7639973743935,11.947080069251452,0.13947616747360853,0.4279483062776772,0.09049613213360212,0.22321371418914598,0.08675495530145473,0.03211072462451145
w000541,790_T2_P1_R2,790,2,2,12,evaluation,202653.33638408562,9,6,3.4549490306603805,8.470330164670653,0.7658037725562336,0.08186223945994753,0.5134877447334214,26404.640796606775,71699.51388457377,15909.202751006082,70285.3383806449,12432.923476219694,5921.717095034411,12.21925703021925,0.13029462661578137,0.3538037673788051,0.07850451926857807,0.3468254687277106,0.06135069719580522,0.029220920813319725
w000542,790_T2_P1_R2,790,2,2,12,evaluation,211138.7556348401,9,6,3.4152890387200165,8.411999865865662,0.7234020341333128,-0.011142483369183213,0.55077190379496,19990.948187488506,84323.16892288328,14430.480710172471,71419.69920428247,14872.052462947893,6102.4061470654715,12.260275542182214,0.09468156676106596,0.3993732399783504,0.06834595887800757,0.338259544011907,0.07043734068731931,0.028902349683349704
w000543,790_T2_P1_R2,790,2,2,12,evaluation,256604.14538922627,9,5,3.3064809915273874,7.6385394343279,0.7317327754174452,-0.031854076885916696,0.6860117844373854,9764.164114567251,112874.83776351868,15764.437684295095,105436.00611468327,7959.284815025911,4805.414897136024,12.455293783142,0.03805146678264539,0.4398792451006827,0.06143485195994413,0.4108897225910135,0.03101775617441014,0.018726957391304026
w000544,790_T2_P1_R2,790,2,2,13,evaluation,297757.2429571708,9,5,3.5755023087688067,9.254369515673286,0.7940989579064921,0.041086884030802066,0.5818903903556921,16013.59039693579,106272.32855370495,37128.37854502835,103794.01815088763,26995.677423668218,7553.249886945838,12.604037170989413,0.053780691404504886,0.35690929798470455,0.12469345221056088,0.3485860398224378,0.09066337784283976,0.025367140734951967
w000545,790_T2_P1_R2,790,2,2,13,evaluation,415455.24053180666,9,4,3.5385357311336842,9.152329205065692,0.6872292255893395,-0.043872010356748994,0.4505579989998926,18583.54481904207,168242.32429175245,52419.56267401995,110615.42137646073,57337.83995503689,8256.54741549456,12.93713257011837,0.04473055820707439,0.40495896519777336,0.12617379096462927,0.2662511158479229,0.13801207533606064,0.019873494446539425
w000546,790_T2_P1_R2,790,2,2,13,evaluation,389973.5621964189,9,4,3.3942477884690554,7.496044661164119,0.6381021808745749,-0.06809477560083242,0.21891368760987445,11699.177438437317,206807.85449513677,47263.27368965139,69452.74150114376,48508.72651058857,6241.788561461049,12.87383679084119,0.029999924539871155,0.530312499468806,0.12119609704682029,0.17809602556124646,0.12438978231595112,0.016005671067304897
w000547,790_T2_P1_R2,790,2,2,13,evaluation,416670.5917890916,9,4,3.4649922981673393,7.991682162318881,0.5547792492330089,-0.10197851112879701,0.6497882601243121,15006.23398190393,215560.07666145195,34168.552786039676,64788.9303097177,79178.83232394172,7967.965726036649,12.940053640834336,0.036014622288245667,0.5173393104991753,0.08200375418703645,0.15549196796329764,0.190027407463448,0.01912293759879708
w000548,790_T2_P1_R2,790,2,2,13,evaluation,516676.433628103,9,4,3.6171968727122823,9.873246445116987,0.7421826086305667,0.04947789064024626,0.2090592028919833,22998.89308370795,165642.27721395396,60849.185587313295,182050.50810563596,74579.69205603043,10555.87758146136,13.155174039290385,0.04451314514619851,0.32059189549407846,0.11777039095828348,0.3523491614031569,0.1443450624065272,0.020430344591755356
w000549,790_T2_P1_R2,790,2,2,13,evaluation,388167.75846581254,9,5,3.569458673565088,9.267640352303722,0.7125267553449219,-0.03033832417381713,0.23772824903603446,20713.1922439565,159926.68757176131,44122.19608253903,87096.05698311336,67698.32592364201,8611.29966080038,12.869195468543987,0.05336144435545847,0.41200404743519337,0.11366785396326275,0.2243773602613218,0.1744048145348591,0.022184479449904676
w000550,790_T2_P1_R2,790,2,2,13,evaluation,293109.6646117972,9,4,3.549455896077078,9.594896340683956,0.5526850701692201,0.04762430823493297,0.15743245419559884,10341.731725242213,95221.32668356814,100248.7074499288,39430.58802784277,42528.97432155337,5338.336403661921,12.588305511611242,0.03528280699627935,0.32486587165142433,0.3420177481445419,0.13452503546775152,0.14509577627841086,0.018212761461592085
w000551,790_T2_P1_R2,790,2,2,13,evaluation,208467.95760096036,9,4,3.4735527596000018,8.48712109692286,0.8533927042936161,-0.051678561307804904,0.561157498257847,4818.237368390046,80840.80819369623,23026.72270568796,69319.79873081682,26412.689314650044,4049.7012877192255,12.247545424728745,0.02311260408476247,0.3877852938360817,0.11045689213190565,0.33252016054911204,0.12669903623849946,0.01942601315963854
w000552,790_T3_P1_R1,790,3,1,9,evaluation,134213.8173843399,9,3,2.1937410280048106,4.060804626366217,0.7865327781228219,0.1464689285524997,0.07802952482018458,35.21632084508572,73316.63921162474,14.363004964409964,60809.94507031124,22.410087232156478,15.243689362277427,11.807196910124684,0.00026238968186292547,0.5462674457852008,0.00010701584415321043,0.45308259801726314,0.00016697302609299967,0.00011357764542696082
w000553,790_T3_P1_R1,790,3,1,9,evaluation,263198.3755954652,9,3,2.128108876990203,3.8394797016833073,0.7787192409106825,0.11152523394169515,0.2774195479084024,64.23970813873954,142308.84509894304,23.15814299746426,120751.66237887397,27.225867823623577,23.24439868833036,12.480667106072831,0.00024407334579251244,0.5406904384458328,8.798740852815228e-05,0.45878574328463473,0.00010344238547075847,8.831512974098634e-05
w000554,790_T3_P1_R1,790,3,1,9,evaluation,220886.94866894095,9,3,2.300688237257067,4.379586277063626,0.8515114964373564,0.133470648354114,0.15121589774470257,87.35449969861904,134473.75911936982,14.834536008608108,86256.29664299084,21.885104898107436,32.818765974942636,12.305410832324439,0.00039547153068578746,0.6087899712033926,6.71589521155534e-05,0.39049974279951377,9.907830693477596e-05,0.0001485772073574635
w000555,790_T3_P1_R1,790,3,1,9,evaluation,198140.05764215608,9,3,2.178642056194873,4.109119869664808,0.9341098549934898,0.3512479470268291,0.44054592771355955,79.93870714164376,105035.06090578466,13.772198057287294,92982.66307270483,13.485443163737706,15.13731530392215,12.196734468365587,0.0004034454622296228,0.5301051294508027,6.950738897108877e-05,0.4692774604953074,6.806015565056824e-05,7.639704703861734e-05
w000556,790_T3_P1_R1,790,3,1,10,evaluation,213701.1354166767,9,3,2.414955133299391,4.58518350834114,0.8156645053067683,0.33501235472030755,0.3647503547276272,282.1347216065905,104972.13455702123,96.20103924014711,108100.82083123198,108.08780414983543,141.7564634269007,12.272338433848219,0.0013202303350259759,0.49120999919979585,0.00045016625228767887,0.5058504748720959,0.000505789564192463,0.0006633397766020404
w000557,790_T3_P1_R1,790,3,1,10,evaluation,232659.9869487689,9,3,2.495347966015254,4.9833918476739765,0.8562844094770677,0.0488141758601358,0.5063537606305474,604.9249610172751,147325.45398975495,112.53958889076995,84254.86116115973,117.49927670368712,244.70797124245632,12.357337681383461,0.0026000386613555426,0.6332221363968168,0.00048370839509911457,0.3621373071756959,0.0005050257169040422,0.0010517836541284616
w000558,790_T3_P1_R1,790,3,1,10,evaluation,269546.58544386766,9,3,2.447688485697128,4.717212312431821,0.8869393422690888,0.17933077863316738,0.2816299812424297,664.4797673347621,116244.40618415098,72.70429904777465,152265.66999776656,86.12306036402084,213.20213520356012,12.504500223109654,0.0024651759778019453,0.4312590567331025,0.0002697281396759341,0.5648955624758804,0.0003195108564339641,0.0007909658171053288
w000559,790_T3_P1_R1,790,3,1,10,evaluation,308551.1423874459,9,3,2.528330656033253,5.263168811942322,0.8503448227100135,0.30286707550059394,0.32874974036507365,378.9338153055585,177114.44983587484,84.53017178832722,130760.22961998102,100.25249084229822,112.74645365383395,12.639646127129566,0.0012281069918377858,0.574019750714367,0.00027395838218023243,0.42378786417126973,0.000324913691994735,0.00036540604835051584
w000560,790_T3_P1_R1,790,3,1,10,evaluation,177886.2327157832,9,3,2.5685986303691055,5.431881607354743,0.7581436160180095,0.16850169299501913,0.3353440974752542,435.5078856284358,107407.62411962036,77.06575153596862,69669.50040180799,99.5452594932151,196.98929769725112,12.08890510444442,0.002448238286794607,0.6037995323181099,0.0004332305561785662,0.3916520089169693,0.0005596006951941189,0.0011073892267536507
w000561,790_T3_P1_R1,790,3,1,11,evaluation,144413.5286802249,9,4,2.6958807516315044,4.743520087037227,0.5746258857183998,0.21467617831097136,0.31232613753873334,5742.078054486321,106125.13445824322,1327.5195630394496,27294.731884212604,1289.887483331749,2634.1772369115765,11.880443114508582,0.03976135828105837,0.7348697551268639,0.0091924875402704,0.18900398136971897,0.008931901983975123,0.01824051569811329
w000562,790_T3_P1_R1,790,3,1,11,evaluation,177871.59632948416,9,4,3.129968588308031,7.034588219617102,0.6901331987771575,0.017017619276943667,0.31869208613877065,14367.64967937671,94111.7274391014,2726.639138880917,55669.35431149211,3061.786608972535,7934.439151660483,12.088822822044259,0.08077540189588502,0.5290992456421856,0.015329255458134924,0.3129749519331452,0.017213465624387664,0.044607679446261664
w000563,790_T3_P1_R1,790,3,1,11,evaluation,143402.57213452228,9,5,3.043667936860232,6.0219118600788395,0.5738004697680326,-0.09051661299166106,0.3479211961550249,8216.703447780215,91729.62846693074,3183.260057801673,31072.84118043989,4356.037148332905,4844.10183323685,11.873418117119984,0.057298159478425086,0.6396651545474479,0.022198068071021336,0.21668259305203572,0.0303762832388154,0.0337797416122545
w000564,790_T3_P1_R1,790,3,1,11,evaluation,200408.23971103184,9,4,2.9549929221738918,6.2029480861542,0.622452895719537,-0.018714401785621268,0.15135856533808584,10145.638910106189,125811.46611051119,2492.9761353722315,54748.686822061536,2163.3959789171195,5046.075754063595,12.208116753472456,0.050624859161156055,0.6277759152613607,0.01243948920945989,0.2731858076344742,0.010794945267901734,0.02517898346564752
w000565,790_T3_P1_R1,790,3,1,11,evaluation,194598.52327736723,9,5,3.340305793818084,7.799979336517396,0.6896167567014544,0.11076675769198567,0.15425496260811844,13445.849172742677,89536.06076237342,6827.423020642403,66776.0599927781,12032.684127317745,5980.446201512883,12.178698998974449,0.06909532994542768,0.4601065786853631,0.035084659974069114,0.34314782490718154,0.0618333784073335,0.030732228080625104
w000566,790_T3_P1_R1,790,3,1,12,evaluation,140063.99660602782,9,6,3.2821127198671154,7.5164246264864225,0.7053239673888486,-0.06981134387915394,0.4406923537975598,14813.503878385365,78995.46145795667,7422.3303209724745,27459.559719127523,5988.318029674522,5384.823199911253,11.849861855327056,0.10576239602852977,0.5639954832943629,0.05299242132758795,0.1960500941320831,0.04275415649118217,0.038445448726253974
w000567,790_T3_P1_R1,790,3,1,12,evaluation,169592.92135094007,9,4,2.9781457960855393,6.035857557562524,0.6581554987474576,0.039774584501900384,0.4412610313793986,7736.886643134385,101363.84325690466,2219.3602467404844,51551.22539187217,2808.830211751685,3912.775600536668,12.041162160606477,0.04562033946643551,0.5976891160872899,0.01308639670253656,0.30397038379447916,0.016562190151435324,0.023071573797823368
w000568,790_T3_P1_R1,790,3,1,12,evaluation,162061.08288577106,9,4,3.0079783968696177,6.120899825414005,0.6684561340498882,-0.03256127496407845,0.26989101109631647,8202.212411612765,102462.61828911304,2679.8528630595006,40875.04462446105,3019.244613257523,4822.110084267175,11.99573476849149,0.05061185736611488,0.6322469063182427,0.016536066619697944,0.25221998950403085,0.018630287787140366,0.02975489240477336
w000569,790_T3_P1_R1,790,3,1,12,evaluation,290455.819958864,9,4,3.0033502898299482,6.6724501690106255,0.7304883132832571,0.11397507035022923,0.10532235324685453,6167.431678563257,165182.4975678828,2313.5283883912757,107640.53583132985,3794.810616504119,5357.015876192656,12.57921020380903,0.021233630916525355,0.568700939066316,0.007965164508388679,0.37059176795484594,0.013065018346134574,0.018443479207789146
w000570,790_T3_P1_R1,790,3,1,13,evaluation,379103.36652075726,9,5,3.5200744811769256,8.987976842338284,0.7034120686266622,0.02553640092111843,0.3271405008786601,17381.344216099562,177368.64162604677,44956.539335911715,96010.10314665108,33723.709654743085,9663.028541305004,12.845566819561958,0.04584856203103085,0.46786353614808956,0.11858649462415202,0.2532557387389863,0.08895650271915112,0.025489165738589975
w000571,790_T3_P1_R1,790,3,1,13,evaluation,372325.5286373901,9,4,3.6882058332835093,10.598256459447741,0.8805675203632524,0.02635792374368474,0.42131907612397446,8844.207480938561,136952.37575139065,50073.966776896166,101829.34331007444,64350.76121892828,10274.87409916199,12.827526513399008,0.023753964745060453,0.36782966844255616,0.13448974868887778,0.2734954642587686,0.17283467361057545,0.02759648025416153
w000572,790_T3_P1_R1,790,3,1,13,evaluation,351790.1416342254,9,4,3.466096583602756,8.512061084468531,0.5940206344116259,-0.010303461780402135,0.47779817256739715,11956.773238520129,113229.81449908535,20188.756529880433,133457.23497411347,60812.422897181954,12145.139495444073,12.770792930849826,0.03398836926747143,0.3218675030888623,0.05738863640719,0.3793660457741762,0.17286562555357737,0.03452381990872277
w000573,790_T3_P1_R1,790,3,1,13,evaluation,398860.6866942469,9,4,3.4984224814970735,9.005373710158079,0.6640909313150709,0.009879846300504076,0.3005681732080132,12023.988067561066,179807.2456812545,27780.19445015879,108952.63955615171,59929.57600049768,10367.042938623177,12.896369985885933,0.030145834043499624,0.4508021263551819,0.06964886582430758,0.27315963490698975,0.1502518999733801,0.025991638896641127
w000574,790_T3_P1_R1,790,3,1,13,evaluation,439132.7300166941,9,4,3.43321470561598,8.082407447010558,0.662337459269601,0.016212091762438572,0.23161182714587672,5630.235115304096,204806.79326707934,76104.0006883707,75829.79498174378,69291.32772714438,7470.578237051814,12.992559269852595,0.012821260476507996,0.4663892697301187,0.17330523435471895,0.17268080878157505,0.15779130770897035,0.01701211894810895
w000575,790_T3_P1_R1,790,3,1,13,evaluation,316692.21383728244,9,5,3.570556094118705,9.481827545122485,0.6319458015455242,0.09854006747073057,0.19119523838968883,8315.08621057249,136167.68473543346,26556.68133393403,62574.74418582224,68387.95589324983,14690.061478270418,12.665688804565175,0.02625604876678405,0.42996852712456296,0.08385643907108795,0.19758851481575535,0.21594454459302811,0.04638592562878171
w000576,790_T3_P1_R1,790,3,1,13,evaluation,391200.0731524841,9,4,3.0476476106359365,4.937460689804482,0.6115236304842487,0.20339102367076115,0.708476548449665,7597.745291513552,226591.8982550249,31438.071151440105,67997.57134474041,51841.55182075273,5733.235289012343,12.876976960371358,0.0194216356614843,0.579222535489411,0.080363152537515,0.1738178901572852,0.1325192794648217,0.014655506689482676
w000577,790_T3_P1_R1,790,3,1,13,evaluation,340406.1683136507,9,4,3.4680006064822813,8.881351043937169,0.5207862028004341,0.07141556474276287,0.5521634739162293,4915.996190439079,148164.33404191126,28052.14364446344,52053.0695471346,97898.22605528563,9322.398834416754,12.737897733960365,0.014441560253718651,0.4352574889459478,0.08240785936233727,0.15291458966505223,0.2875923974593847,0.02738610431355957
w000578,790_T3_P1_R1,790,3,1,13,evaluation,378394.5535286351,9,4,3.6289263420801725,10.328599041033952,0.7122400627224483,0.15204344813739498,0.4369300036557645,6507.185104683913,161495.18668653243,72833.60288723742,78764.37389981246,49399.558989944875,9394.64596042407,12.843695365373682,0.017196825493397277,0.42679046297190226,0.1924805793530686,0.20815408986549258,0.1305503964824022,0.02482764583373721
w000579,790_T3_P1_R2,790,3,2,9,evaluation,291270.47817634937,9,3,2.21436424060359,4.102277407416581,0.8637347192322615,-0.028947039909346422,0.43636119516933825,337.9256606349828,155826.01382701565,18.44424910687741,135012.53591074384,17.638819965596007,57.91970888235931,12.582011025954532,0.0011601782053256566,0.5349873245055442,6.332344157347234e-05,0.46352976366180393,6.0558214055997135e-05,0.00019885197169653386
w000580,790_T3_P1_R2,790,3,2,9,evaluation,266716.7259089894,9,3,2.1050888108254497,3.911485295648117,0.8494567931305353,0.326830098784659,0.3340125029204262,197.62410726542532,148888.6057135164,12.60566036878026,117578.3786617284,13.057438080544692,26.454328029829277,12.49394617181221,0.0007409513092660704,0.5582274797581349,4.7262354191771374e-05,0.4408361652649005,4.8956202638001136e-05,9.91851108687356e-05
w000581,790_T3_P1_R2,790,3,2,9,evaluation,266291.5134017524,9,3,2.305924233878151,4.453375824692052,0.9354590646874572,0.3172675498773904,0.3083879662138366,105.97184121025923,139615.91056542142,18.727733456720614,126511.19236665382,19.674900822493118,20.035994187731017,12.492350658007481,0.000397954256433175,0.5242972589771712,7.032793954821307e-05,0.4750853331769051,7.388482107880664e-05,7.52408288637529e-05
w000582,790_T3_P1_R2,790,3,2,9,evaluation,211123.71076207934,9,3,2.2261412383023576,4.223929690368223,0.8440607480487609,0.12882216679990818,0.3606420918094202,199.12953283856547,100957.61112811131,11.097528957064284,109916.17149604844,13.78394518809592,25.917130935896346,12.260204284124931,0.0009431888636277789,0.4781917235335211,5.256410526797898e-05,0.5206244769916712,6.528847536044589e-05,0.00012275803055158982
w000583,790_T3_P1_R2,790,3,2,10,evaluation,476810.3320765078,9,3,2.413513977486269,4.6244775905400894,0.7231754429656296,0.30519196801514176,0.4331571535378163,820.0085475206354,313502.6656450366,320.6588840327154,161660.8027083742,208.57207047273835,297.6242210708905,13.074876161389833,0.0017197793175946926,0.6574997321885482,0.0006725082542491199,0.339046349948714,0.0004374319439857931,0.0006241983469081673
w000584,790_T3_P1_R2,790,3,2,10,evaluation,441540.7238110897,9,3,2.5011896042155404,5.043155857960745,0.6912582481536814,0.17452522816569702,0.12045090126033914,728.8158093239174,290385.5199449459,1049.693228778138,148610.40947758872,523.7407731536542,242.54457729932886,12.998027799229247,0.0016506196824457272,0.657664184264882,0.0023773418218774366,0.33657237365306014,0.0011861664052934182,0.0005493141724410906
w000585,790_T3_P1_R2,790,3,2,10,evaluation,478842.5142944889,9,3,2.5371163356830975,5.289777350074869,0.8603250159987433,0.17326004754304225,0.09069771424668156,919.6899189460396,247158.60896502258,224.16534369653573,229960.68935611448,191.37505505847378,387.98565565083976,13.079129130521586,0.001920652179978382,0.5161584478963362,0.000468140018909586,0.4802428407906327,0.00039966178721711793,0.00081025732692613
w000586,790_T3_P1_R2,790,3,2,10,evaluation,376901.4783400436,9,4,2.579928037976632,5.236439451643246,0.7750649073008063,0.17288862990858075,0.1542924919797158,1781.9875647528809,233876.7299987396,466.7910661973391,139355.39240212855,572.848058899909,847.7292493253523,12.839741754824066,0.0047279930357427705,0.6205248412099198,0.001238496246428082,0.3697395749570421,0.0015198880657694867,0.002249206485097742
w000587,790_T3_P1_R2,790,3,2,10,evaluation,692498.8181627623,9,4,2.2063684863964683,3.4846069359785714,0.6805496758209014,0.1350953219630374,0.30201913223399574,1249.0590569813864,261374.3440346446,800.672615235922,426905.6686534457,1736.1295216021963,432.9442808524023,13.448063254462747,0.001803698467378196,0.3774365200045903,0.0011562079157913232,0.6164713317288397,0.0025070505191738,0.0006251913642264797
w000588,790_T3_P1_R2,790,3,2,11,evaluation,144113.6559725722,9,4,3.2080373309289003,7.4842140440992955,0.7784259343722194,0.1864871915469741,0.1825642791431547,7851.609185411592,68161.67392946364,2925.1511418504488,57421.92261355545,2231.860712530536,5521.438389760536,11.878364483773288,0.05448206231688353,0.47297165191920615,0.020297529211299487,0.3984488647244091,0.015486809334399965,0.03831308249380184
w000589,790_T3_P1_R2,790,3,2,11,evaluation,300455.45707805955,9,4,3.120817160195399,7.140124153087499,0.7940505638170476,0.05685414813685135,0.34889214820980796,9695.219361833077,136322.5273652328,4412.136803615647,138612.94230249373,4693.616853988229,6719.0143908960645,12.613058120887635,0.032268408289599544,0.45371959188551414,0.0146848283153977,0.46134273496148054,0.015621672841737764,0.022362763706270234
w000590,790_T3_P1_R2,790,3,2,11,evaluation,338511.4962334806,9,5,3.0508237772678846,6.729203921850076,0.8621419967318422,0.020960288662011214,0.21271779883462064,8953.398767192637,144177.46992953762,5087.774205411588,166885.89064489675,6524.663953567637,6882.298732874346,12.732316287147842,0.026449319644427184,0.42591602215510727,0.015029841710021015,0.49299918171698076,0.019274571251392297,0.020331063522071455
w000591,790_T3_P1_R2,790,3,2,11,evaluation,208917.57285774616,9,5,3.12037765780736,7.313691623880975,0.8297592040378085,-0.033974861465910645,0.2244319154482242,7935.331137436048,96591.48593255982,3287.387197622091,93679.59094735901,3606.662216146315,3817.115426622872,12.249699851480312,0.03798307164347198,0.46234256224262105,0.01573533117704992,0.4484045533649115,0.01726356556230013,0.018270916009645487
w000592,790_T3_P1_R2,790,3,2,11,evaluation,180896.55933117404,9,3,2.9713537462472943,5.340693365733114,0.67099381232551,0.40380690491315513,0.6684785122344825,7675.584638396789,102882.0269274232,4614.391116917401,60119.84841864942,2705.1524118180637,2899.555817969152,12.105686179480177,0.042430793967423185,0.568734017428564,0.025508451537044792,0.33234379161731753,0.014954139657602004,0.016028805792048413
w000593,790_T3_P1_R2,790,3,2,12,evaluation,116259.44624492463,9,6,3.2417852187763474,7.227035742657997,0.712617376956525,0.014771203188962133,0.7798099487691821,8995.51428542078,62756.95340621559,4788.302538765352,29900.87634241721,5863.179826347021,3954.6198457586684,11.663588179583813,0.07737448074945982,0.539800897331001,0.04118635253670313,0.2571909406778423,0.050431857502529445,0.0340154712024642
w000594,790_T3_P1_R2,790,3,2,12,evaluation,263369.24708236806,9,5,2.988762716171974,5.763132197602894,0.6938155354548688,-0.0728610148308654,0.5972362666113484,7604.80594206651,76830.62321986839,6324.089762095177,161458.7527308252,6336.543247301663,4814.432180211153,12.481316104744769,0.028875071886005455,0.2917220748853787,0.02401225591884437,0.6130508953474335,0.024059541185990956,0.018280160776347025
w000595,790_T3_P1_R2,790,3,2,12,evaluation,477006.8343073735,9,3,2.026411251891433,2.4496937863221135,0.5289870507971524,-0.011287004556285899,0.26380260923382964,2936.1354196421444,46118.92814474537,4617.641410313175,407577.96963063296,12619.563459356807,3136.5962426830465,13.075288193860077,0.006155331975286036,0.09668399869304026,0.009680451260238466,0.8544489099877298,0.026455728831811697,0.006575579251893669
w000596,790_T3_P1_R2,790,3,2,12,evaluation,157843.29889947522,9,5,2.935504735998287,5.428348734448341,0.6814516429735615,0.24411800146095747,0.6381487926122438,3663.215528341202,77831.528913038,4115.2745654772825,62642.09635009117,4948.526779695312,4642.656762832248,11.969364376130699,0.023207925543131062,0.4930936533619088,0.026071899118746588,0.3968625642447177,0.03135088289587037,0.02941307483562537
w000597,790_T3_P1_R2,790,3,2,12,evaluation,109540.7589841422,9,5,3.365437636945348,7.858355741527591,0.7219674244793755,0.2687715060407567,0.4078838235451056,5787.799677937119,60347.40093876563,8475.22355608904,25924.03561966237,6863.229609779017,2143.0695819090142,11.604061116125001,0.05283695066212748,0.55091275154942,0.07737050240190473,0.23666109181711342,0.0626545741824975,0.019564129386936767
w000598,790_T3_P1_R2,790,3,2,13,evaluation,327936.1828976674,9,4,3.60007960957687,9.74288075581268,0.8195151726469542,0.03859141290630704,0.24910836944499834,7479.630142865462,91548.297907522,58511.95545456362,119399.66694307921,44134.48543893985,6862.14701069715,12.700577353468942,0.022808188095546272,0.2791649799012562,0.17842482320050146,0.3640942145756997,0.13458254300871714,0.02092525121827891
w000599,790_T3_P1_R2,790,3,2,13,evaluation,452556.63651662815,9,4,3.582033581732014,9.520714588337192,0.9189330526469609,0.0826831056438186,0.194432992252771,9021.274251958435,164438.5409649131,65002.926541631015,137229.91358475262,67241.86624683556,9622.114926537477,13.02267040752821,0.019934022670391155,0.3633546117688436,0.14363489847804417,0.3032325735868651,0.14858221230474633,0.021261681191109733
w000600,790_T3_P1_R2,790,3,2,13,evaluation,279313.76330087095,9,5,3.694847976762635,10.954487088803985,0.6938094222202087,0.1302201229480468,0.2836418236772969,14292.786384183086,102965.33261896262,64354.121208874305,56020.482424802256,32242.46328969726,9438.57737435145,12.54009460875641,0.05117107805671285,0.3686368025769304,0.23040082396352732,0.20056470459158204,0.1154345668779893,0.033792023933258204
w000601,790_T3_P1_R2,790,3,2,13,evaluation,344551.29734792496,9,4,3.705198073106908,10.9771378037274,0.9076302744060352,0.16648791670096233,0.11582710893689684,8128.408996587309,79224.26402675206,72744.19729308515,91171.28019416676,80966.17547999203,12316.971357341696,12.750001164439587,0.02359128831948443,0.22993459794392263,0.21112733532861633,0.2646087270485671,0.23499019189073922,0.035747859468670415
w000602,790_T3_P1_R2,790,3,2,13,evaluation,314011.3072239219,9,5,3.3013984603238056,7.359992568267289,0.4116843961049347,0.24695217109710027,0.519799702500782,7186.22257159869,166218.74672433594,84852.13782134622,20543.008742603455,25195.78109554526,10015.410268492313,12.65718745910293,0.02288523504178843,0.5293400043260389,0.2702200075898479,0.06542123888536985,0.08023845166052608,0.031895062496428865
w000603,790_T3_P1_R2,790,3,2,13,evaluation,224554.59922103412,9,4,3.654125730272891,10.746825739497021,0.6933731833379007,0.05717331515232618,0.4706754656917074,5877.608538043087,78056.66003681433,46972.17593411547,49175.51568140602,39714.14491689346,4758.494113761793,12.321878613502419,0.026174518617886892,0.34760659682584105,0.20917930916159816,0.2189913537820771,0.17685741042338635,0.021190811189210606
w000604,252_T1_P1_R1,252,1,1,1,training,11221.735092901357,9,6,3.3656881383811896,7.838397557930207,0.871516036179029,0.11716676090475356,0.19143909417705593,995.0003831866159,3335.088254261583,1696.6977309614347,2717.640894964959,1804.434917020367,672.8729125063991,9.325696918790548,0.08866724931120794,0.2971989827465534,0.1511974500302303,0.24217653263656916,0.1607982100880118,0.059961575187427556
w000605,252_T1_P1_R1,252,1,1,1,training,10457.990298259401,9,5,3.7260210021997464,11.166997752344775,0.7742270392037154,0.14438713463723477,0.13032441021680635,2263.1042797151126,1601.028414257975,1734.9230592904437,2541.1162503114206,1863.3583359678098,454.4599587166404,9.255217203156496,0.21639953902919354,0.15309140366332583,0.16589449882920618,0.2429832288842682,0.1781755655556443,0.04345576403836208
w000606,252_T1_P1_R1,252,1,1,1,training,9674.04975507523,9,5,3.7465644623579824,11.675428806519948,0.7883163271493963,0.26608485785688835,0.45362571559063136,1763.240149798242,1300.347975703305,1913.9445094105363,2591.0738126164665,1952.3958241097164,153.04748343696403,9.177305660528194,0.18226494533721058,0.13441609342779248,0.1978431533708452,0.26783755285702654,0.2018178398436957,0.015820415163429545
w000607,252_T1_P1_R1,252,1,1,1,training,15825.4636626884,9,5,3.4223470670914113,8.060419234095429,0.7947703223137702,0.332965517456524,0.6868468952877674,239.88851741461826,3786.504013010443,2538.8329201513284,5591.81421275026,2710.544231356241,957.8797680055133,9.669438733268624,0.015158387932746764,0.2392665449630939,0.16042707969038023,0.3533428360733623,0.17127739756193525,0.060527753778481734
w000608,252_T1_P1_R1,252,1,1,1,training,15354.734271598749,9,5,3.2237130151228124,6.826747336743248,0.714849025021668,0.3842541525310181,0.5482716343247825,492.64246668575913,4265.323952477879,1677.3266702479455,5886.741839446282,1863.6753281507304,1169.0240145901514,9.639244251438452,0.03208407634881621,0.27778559218490273,0.10923840429791434,0.38338285347828094,0.12137463893451558,0.07613443475557012
w000609,252_T1_P1_R1,252,1,1,2,training,1893.251129434497,9,5,3.419848207998514,7.247084788411498,0.8945851264475494,0.07267830325900396,0.6072128993710776,75.16613931543425,708.4716234645404,236.07325235098455,591.1438033539939,233.73527547328072,48.66103547626308,7.546578857054936,0.03970214946491855,0.3742090061111738,0.12469199076696087,0.31223739638310166,0.1234570902081522,0.02570236706569289
w000610,252_T1_P1_R1,252,1,1,2,training,2523.486458033743,9,5,3.510469361303218,8.810409387999206,0.9141012659354858,-0.09380671072176701,0.20686850921909858,110.22973458359508,703.6501486369913,510.67194455520246,697.6123180840252,467.33299555120533,33.989316622723855,7.8337929380674085,0.04368152412019844,0.2788404694611531,0.20236761839138587,0.2764478152292494,0.18519338356796378,0.013469189230049501
w000611,252_T1_P1_R1,252,1,1,2,training,6964.148445886715,9,5,3.3185954784557143,7.582519644703809,0.9166559616293323,0.07316239781957287,0.6677004001698115,1808.5483243629892,2037.3526119265855,481.75347036279,2130.239319337877,446.94916122812816,59.30555866834498,8.848674199107634,0.2596941088226207,0.2925487053811901,0.06917622076929326,0.30588654677458454,0.06417858043966782,0.00851583781264356
w000612,252_T1_P1_R1,252,1,1,2,training,6259.577315004717,9,3,3.0777411042289615,6.446948350280319,0.9214922165347126,0.4545050044224192,0.7545175714625688,1904.7603603786151,2001.7316659469857,151.07750063031432,1986.9093281343276,161.41849477005042,53.67996514442405,8.742027682686084,0.3042953644510068,0.31978703436551087,0.024135415704215242,0.31741908888505044,0.02578744324846298,0.008575653345753682
w000613,252_T1_P1_R1,252,1,1,2,training,643.947432123335,9,5,3.5155299195270877,8.654995670227493,0.9075686328940024,0.5994018057074723,0.6083452999102472,186.33255737864454,151.684835031389,52.777981829060465,191.4734573548697,53.48895403226844,8.189646497102963,6.469168812890443,0.2893598888409828,0.2355546857780417,0.08196007809990291,0.2973433044425851,0.08306416232749837,0.012717880510989293
w000614,252_T1_P1_R1,252,1,1,2,training,1579.5738203775823,9,4,2.3503059374564965,2.956331363223459,0.858540542314813,0.15507119127048616,0.1335801154245659,1086.0572578794477,49.70222463075413,217.8402295421394,36.42837712309624,176.86488685297093,12.680844349173839,7.36554323754221,0.6875634705187985,0.03146559153460348,0.1379107622143717,0.023062155534072083,0.11197000391579866,0.00802801628235558
w000615,252_T1_P1_R1,252,1,1,2,training,2872.054584035649,9,4,3.1407747649639197,6.4986150838650465,0.8316221819019981,0.3041402348881751,0.36164893190421776,1097.3056409371166,70.40043133034162,831.490338780524,46.623141815244665,715.2605975342397,110.97443363818243,7.963131057767015,0.382062947910706,0.0245122191345747,0.2895106323544035,0.01623337595127891,0.24904143588009245,0.03863938876894443
w000616,252_T1_P1_R1,252,1,1,2,training,3053.673684865421,9,5,3.530941931623498,9.368878223333587,0.7653477465286024,0.3883662885250597,0.6836447767395087,78.42948122300734,379.22724985336174,1110.1453759259134,167.54652193916934,994.2975526245145,324.02750329945474,8.024428052436058,0.025683648391024407,0.12418722135665086,0.36354420625491257,0.05486719906241499,0.32560700822502403,0.10611071670997323
w000617,252_T1_P1_R1,252,1,1,3,training,72150.90610717358,9,3,2.305424739638834,4.109384752362706,0.8100191196710265,0.5920363871117398,0.5942955432949018,77.58797762687722,35261.017548951684,46.180963131060786,36671.35365705302,55.80374216383465,38.96221824710432,11.186528982524894,0.0010753569402389398,0.48871205437911847,0.0006400607507612335,0.508259086900185,0.0007734309265769065,0.0005400101031195575
w000618,252_T1_P1_R1,252,1,1,3,training,56177.55509692592,9,3,2.4583026276527193,4.784953082822579,0.7978522295031815,0.42905251483630913,0.4004592316308894,138.86152976710477,28563.130389883227,46.29173010265718,27307.284976792973,58.15087108654005,63.83559929341877,10.936290381155649,0.0024718329148984875,0.5084438142706966,0.000824025360711903,0.4860888824669988,0.0010351264127854882,0.0011363185739087442
w000619,252_T1_P1_R1,252,1,1,3,training,7733.25183472992,9,3,2.503668427841849,4.457745749807023,0.7696059375706996,0.517897176259628,0.6582732067776568,83.4733624718644,4833.532804726513,26.180055845205693,2717.7748277502706,27.496487669852435,44.794296266213586,8.953414033665805,0.01079408303981344,0.6250323806887018,0.003385387726238456,0.35144010383119606,0.0035556177734140395,0.005792426940636158
w000620,252_T1_P1_R1,252,1,1,3,training,749.9524915439995,9,3,2.8639932492206146,5.327822646430072,0.7288355303421626,0.3796798468197364,0.20527684860060522,10.699543638432445,461.65297922000195,11.054429711270359,250.57661676352515,10.42189666183296,5.547025548936667,6.621342389502134,0.014266961919686757,0.6155762990660282,0.014740173325528313,0.33412332059546723,0.013896742499483396,0.007396502593806271
w000621,252_T1_P1_R1,252,1,1,3,training,713.7793125831,9,3,2.8547715981979493,5.143452349490669,0.6907578390675047,0.29705505779721997,0.5076308196692338,25.184624862539014,434.9645200667472,11.816175404677486,225.93485987683408,13.274661964621497,2.6044704076806258,6.571973841320712,0.0352834894743562,0.6093823572620108,0.016554382000671695,0.31653321396945105,0.018597711828578705,0.0036488454649313004
w000622,252_T1_P1_R1,252,1,1,3,training,337.7974784695292,9,5,2.998140224793509,5.4508093189091245,0.6814040475645476,0.02411547170569095,0.17761120637811287,38.35372782700415,198.2861848759658,12.58828022929088,73.00685988643382,12.948796427520008,2.6136292233145713,5.825402520216347,0.11354059835133974,0.5869972321118201,0.03726576138556463,0.21612612449686877,0.03833301683063939,0.007737266823767401
w000623,252_T1_P1_R1,252,1,1,3,training,3510.7319976538733,9,4,1.8752375537890884,2.2817691755284364,0.5627540640011202,0.48812629638150873,0.9240256200762607,92.19170345113251,246.00458297447688,16.883147003035614,3106.251134675619,18.361347251635607,31.040082297973477,8.163864641380195,0.026259966158835742,0.07007216248317304,0.004809010489640953,0.884787314084767,0.005230062352781698,0.00884148443080153
w000624,252_T1_P1_R1,252,1,1,3,training,6203.373736282401,9,3,2.668888311637159,4.618855586651906,0.6000659710353021,0.19297283698539236,0.6850148924917377,201.903104768023,1463.5943742696409,70.41641609709887,4384.666093857083,48.7714817470729,34.02226554348258,8.733009763662274,0.03254730624839329,0.2359352243617605,0.011351309640630889,0.7068195920893773,0.007862089859557775,0.005484477800280283
w000625,252_T1_P1_R1,252,1,1,3,training,4219.37867526624,9,5,2.8500914441876444,5.2555001288910805,0.8907274968413645,0.03388088652419765,0.19856658278218892,136.2684614642175,1485.9194861789947,604.9918531759914,1367.8850737364708,606.5195502664665,17.794250444100037,8.347680136479662,0.03229585963995494,0.35216547281934446,0.1433841093055761,0.32419111414553425,0.14374617614243773,0.0042172679471527245
w000626,252_T1_P1_R1,252,1,1,3,training,8108.789779805963,9,4,3.0909674120759227,6.820831202000419,0.7587943205330001,0.45141632916583246,0.8386121583303505,109.56378569935397,2015.8996124347677,1787.3170350689431,2445.800580903092,1693.0058541024155,57.20291159739091,9.000827225664494,0.013511730933290484,0.24860671779346666,0.22041723655483794,0.30162337997639127,0.20878650206454455,0.007054432677469131
w000627,252_T1_P1_R1,252,1,1,3,training,42589.16415584124,9,4,2.574554169135532,4.458707650043275,0.661282624853016,0.32678521155870066,0.7676661667973325,215.82093077035177,27368.607342851523,1280.1665755229903,12341.37755164046,1281.279796149497,101.91195890641744,10.659378617238106,0.005067508016373016,0.6426190296363877,0.03005850433783194,0.28977740691226506,0.030084642926098974,0.002392908171043312
w000631,252_T1_P1_R1,252,1,1,5,training,55302.08942443397,9,6,2.507672610164387,3.596525170274184,0.5453830248379786,0.4815745969070276,0.5118653444930608,1372.840560031172,6053.2185179736625,1692.5605815634947,43050.573062006035,1324.8810009431934,1808.0157019164158,10.920584052576237,0.02482438863195309,0.10945732034672791,0.030605725736208355,0.7784619624694527,0.023957159932511064,0.03269344288314693
w000632,252_T1_P1_R1,252,1,1,5,training,42025.66889849744,9,6,3.0082574486844313,5.493291721484358,0.7154388815690301,0.22488543810998707,0.13989116325967066,1350.9054653640508,9608.32624524186,1910.614896514082,25090.506929784933,1976.9713225764062,2088.3440390161045,10.646059669528706,0.03214477010768888,0.22862994205870665,0.04546304548129138,0.5970281398824328,0.047041995389800674,0.049692107080079574
w000633,252_T1_P1_R1,252,1,1,5,training,20153.42841278544,9,6,3.375240032787739,7.8091671111795975,0.7247782984301387,0.3365868134983857,0.11594874810436184,1075.5085244001675,5836.99234775045,1598.0015558315074,7240.807747955305,2273.596397579335,2128.5218392686743,9.911179315575097,0.053366032933526056,0.28962776100404986,0.07929179706306083,0.3592841674204523,0.1128143733667148,0.10561586821219604
w000634,252_T1_P1_R1,252,1,1,6,training,5968.735662192037,9,5,3.7046780885124084,11.853133051795329,0.7373739311440834,0.7110642465903559,0.9143283652185077,918.8235912418891,1125.7885741926211,1480.3355383125754,434.7775869430822,1362.7866810965343,646.2236904053357,8.694457927716586,0.15393940077829618,0.18861424561381424,0.2480149267942145,0.07284249320959353,0.22832083010961263,0.10826810349446904
w000635,252_T1_P1_R1,252,1,1,6,training,14041.721613894497,9,6,3.2534527571792946,5.717872739517268,0.8784708477953868,0.059123211695142876,0.17778307741180674,6588.310891312068,1820.476297779308,1706.6493976122993,1429.4868491551447,1600.3921027499478,896.4060752857297,9.549859505937356,0.4691953787769752,0.12964765630860528,0.12154132125248401,0.10180281937370456,0.11397406577027816,0.06383875851795283
w000636,252_T1_P1_R1,252,1,1,6,training,9036.804644536822,9,6,2.614471052434055,3.346513166239215,0.8362882940776457,0.5922156085931959,0.4996588746266282,5845.634670944657,870.5014454543885,402.61906027873357,1198.3789234568987,421.3400678335121,298.3304765686308,9.109171574837953,0.6468696514844571,0.09632845676050418,0.044553254841260284,0.13261091398953453,0.046624895016208215,0.033012827908035586
w000637,252_T1_P1_R1,252,1,1,6,training,3647.8494400762047,9,5,3.592075338443997,10.447654162016526,0.7696663021020099,0.5835136509473213,0.6619611686121265,421.0262894332741,226.31104337406796,1235.3601966909982,229.08051574973237,1168.7995082145503,367.2718866135819,8.20216717498674,0.1154176717952698,0.062039578960621865,0.33865438170748385,0.06279878583611356,0.32040782587510896,0.10068175582540201
w000638,252_T1_P1_R1,252,1,1,7,training,10892.958457356359,9,6,3.707150267575947,11.1725127992169,0.793455300678872,0.17636898657046388,0.25193603345917914,639.5884158863921,3141.6882964723277,1448.31770305288,2522.3937578696314,2081.24318394002,1059.7271001351085,9.295963644585546,0.05871576747402886,0.2884146036883714,0.13295907707008514,0.23156186335826695,0.19106317095467218,0.09728551745457556
w000639,252_T1_P1_R1,252,1,1,7,training,5882.297473446622,9,6,3.452534923368285,8.575484025567208,0.6262667612490003,0.30845025743518584,0.6122561270803815,644.2836173650315,909.1432046012013,724.2910568776663,2105.8870376912705,666.2245548609798,832.4680020504725,8.679872678509877,0.10952924775963867,0.15455580216831605,0.12313064073131302,0.35800417221289654,0.11325924230598593,0.14152089482184985
w000640,252_T1_P1_R1,252,1,1,7,training,3374.948705525282,9,5,3.2397500058869073,6.6203476238427434,0.5844531009029873,0.4550490188880747,0.7318696313531531,98.6650778882705,335.44172510531865,642.510045391532,1593.9449361493507,472.3925042947641,231.99441669604562,8.124431661739425,0.02923454146925001,0.09939165136233086,0.19037624018985816,0.47228715907291596,0.13997027673972906,0.06874013116591579
w000641,252_T1_P1_R1,252,1,1,7,training,6035.1006851810125,9,5,3.4026172643417882,8.725840174291994,0.46740948045779035,0.640196083713862,0.8688508410336376,477.29210704918313,245.01415712610446,1662.3443618550657,1284.711127463472,1679.6331920285743,686.1057396586122,8.705513500527445,0.07908602224668064,0.04059818881360646,0.2754460030694925,0.2128731887801039,0.2783107158680645,0.11368588122205182
w000642,252_T1_P1_R1,252,1,1,8,training,20895.036242051014,9,3,2.2190651620821455,3.914643284749805,0.8363020360025827,0.25905656635954,0.1826855465839622,43.30298196371438,12039.82996787089,28.65289795264074,8740.831235901409,31.52175010797915,10.897408254381569,9.947314766476023,0.00207240520964341,0.5762052684857696,0.0013712777341336752,0.4183209416172531,0.0015085759958885353,0.0005215309573117975
w000643,252_T1_P1_R1,252,1,1,8,training,15202.06875063053,9,3,1.753990216214355,2.645539512086201,0.8394474341159143,0.3948542639646984,0.20217842018846144,15.941604427136058,9103.60394989345,7.670136630316348,6062.124939589774,8.340190130831791,4.387929959022105,9.629252577945874,0.0010486470419675516,0.5988398091881977,0.0005045455823239989,0.3987697358189054,0.0005486220505670236,0.00028864031803830045
w000644,252_T1_P1_R1,252,1,1,8,training,9728.714788061741,9,4,1.1132669251814575,1.61829659757163,0.4121613402711089,0.5633630940650204,0.8209111863865096,82.899934128041,171.53852244414253,4.883309118995598,9439.552081889604,5.705910914297544,24.135029566660407,9.182939862115457,0.00852115987918248,0.017632187414378737,0.0005019480193815512,0.9702773991764078,0.0005865020240185638,0.002480803486630822
w000645,252_T1_P1_R1,252,1,1,8,training,23537.02640961179,9,3,1.929167181246947,2.971531826567396,0.8171315236864347,0.335964170136037,0.7540425963785656,140.83480502413232,13493.876812074652,10.15476999587535,9816.34697311897,11.62128523468333,64.19176416347482,10.06637253743595,0.005983542804991703,0.5733042304173211,0.0004314381017870829,0.4170597764682067,0.0004937448355811658,0.0027272673721120905
w000646,252_T1_P1_R1,252,1,1,8,training,20300.992663217057,9,4,1.9497124183818568,2.6572940742807742,0.5417829034709017,0.3193816198930625,0.6018426073322246,190.8493693383635,17538.459561297223,99.40351596998862,2261.213778005434,74.09291511055704,136.97352349549664,9.918474320962037,0.009400987060310576,0.8639212797251432,0.0048964854881256995,0.11138439462137632,0.003649718826055459,0.006747134278989032
w000647,252_T1_P1_R1,252,1,1,8,training,7999.4415628565275,9,4,2.7942255292842875,4.489550152887315,0.5733243168851249,0.15841436703751766,0.8289295761644303,201.5165600164498,4484.078731160898,674.5777537967615,2333.9909191121883,182.39123450129256,122.88636426893554,8.987252014495832,0.02519132847374537,0.5605489703158323,0.08432810571790413,0.291769231736064,0.02280049589313611,0.015361867863317941
w000648,252_T1_P1_R1,252,1,1,8,training,6792.6768793530255,9,4,3.3365955118653807,8.354276538605152,0.7704481739395497,0.14419180159984982,0.22213406993325588,116.80987739877239,1001.1847375516891,2581.8617665856746,716.2594761738236,2299.9529065078623,76.60811513520346,8.823747587882881,0.01719644250322386,0.14739178019712426,0.3800948893113824,0.10544583363754001,0.3385930094067603,0.01127804494396914
w000649,252_T1_P1_R1,252,1,1,8,training,12163.693816419334,9,4,3.138250834462875,6.922831053054442,0.747249407541573,0.7437124059916449,0.8678961613557319,193.67309232162896,869.0765936776704,4748.162187402342,718.3273457425136,5406.057163855652,228.3974334195288,9.40629308567928,0.015922226853507,0.07144841088523085,0.39035528672983927,0.0590550334942556,0.44444206220960686,0.018776979827560547
w000650,252_T1_P1_R1,252,1,1,8,training,56653.504116981494,9,4,2.9985369918153704,5.299771216290062,0.6419887358922354,0.40678994134793733,0.36881007230636464,780.2317112692414,26538.037878420546,6231.320950586918,16351.296592996321,6158.948560740944,593.6684229675147,10.944726771097542,0.013771993867460924,0.46842712188858154,0.10999003588057182,0.28861933339962875,0.10871257933178474,0.010478935631972087
w000651,252_T1_P1_R1,252,1,1,8,training,55858.24934111418,9,4,2.817942139668312,4.711993600632432,0.6286515329554669,0.435497492060174,0.2629534508249219,907.6022473330398,27532.42222707413,3858.660914472421,19242.568647227643,3652.672309075194,664.3229959317447,10.930590401190367,0.01624831171830163,0.4928980509027345,0.06907951752852866,0.34448928984002813,0.06539181503468035,0.01189301497572666
w000652,252_T1_P1_R1,252,1,1,8,training,12654.480275461214,9,6,2.925116744911296,4.721943855093068,0.6529079376916103,0.4650051022112833,0.5975723448539849,394.5215101896258,1939.4640240351578,698.8005956393622,7987.714421232926,997.2540190998718,636.7257052642702,9.44584562369814,0.031176429343736666,0.15326303268227037,0.05522159586391178,0.6312163160680891,0.07880639879250396,0.050316227249488026
w000653,252_T1_P1_R1,252,1,1,8,training,6662.104491181757,9,6,2.6264625288354604,3.977535655260622,0.5058652285694977,0.7560149276065852,0.8682403142408642,157.5039733600014,663.0455671588561,277.3656426009786,4821.257564933414,338.31098095650486,404.6207621720019,8.804340794742101,0.023641774692738655,0.09952494261182653,0.04163333717868153,0.7236838706620459,0.05078139819096317,0.06073467666374417
w000654,252_T1_P1_R1,252,1,1,8,training,18857.61976776678,9,5,2.8249008853911737,5.000984693882677,0.6449675889437276,0.8084228604451433,0.9661412861750853,135.32700088082055,7798.120963650728,1349.8446910855434,7487.101290449265,1721.2305480136558,365.99527368676513,9.844725370464198,0.0071762503723897435,0.41352625939462473,0.07158086268092144,0.3970332089974008,0.0912750691344273,0.019408349420235883
w000655,252_T1_P1_R1,252,1,1,8,training,28497.738928152172,9,5,2.8008121027400374,4.757729526593681,0.7016295095352311,0.6815221371406991,0.7191569510769555,148.29888070308178,12447.96122420751,1893.9809513228886,10894.914208835451,2593.7343791862136,518.8492838970243,10.257615117142754,0.005203882352805934,0.43680522358601914,0.06646074469620024,0.3823080222716424,0.09101544461914945,0.01820668247418277
w000656,252_T1_P1_R1,252,1,1,9,training,81841.36592480051,9,3,2.309211238555063,4.204259172258371,0.8616636134595804,0.18293853816167785,0.18937098189642057,26.763108771308744,31666.18516772872,8.546868358465401,50110.41962743265,8.18669637104938,21.26445613832786,11.312550309357214,0.0003270120002139246,0.38692151346575787,0.00010443213235613203,0.6122871858404262,0.00010003127731973193,0.0002598252839263043
w000657,252_T1_P1_R1,252,1,1,9,training,133927.5367039517,9,3,2.286016189723018,4.287077318710787,0.6469189370214526,0.3023853918909498,0.39455742130848814,47.66180722770509,58805.84038104834,21.882325857358335,74956.51044827388,53.636988890862646,42.00475265354178,11.805061628494196,0.00035587757679036574,0.43908700053999583,0.00016338929540479386,0.5596796020669452,0.00040049261123519214,0.0003136379096286506
w000658,252_T1_P1_R1,252,1,1,9,training,134199.28368990181,9,3,2.3575866849365252,4.4632362885323555,0.7693319373306353,0.19661495794575962,0.4431332795015844,118.97841755116129,60286.17562970979,193.4308567075887,73389.5343005257,128.4929822755544,82.67150313203938,11.807088617451178,0.0008865801238260569,0.4492287437913216,0.0014413702621137309,0.5468697915713845,0.0009574788981174211,0.0006160353532368386
w000659,252_T1_P1_R1,252,1,1,9,training,111510.97542834588,9,3,2.365794597116726,4.2241140568540905,0.7539782129451976,0.16559990929323756,0.21280158892106932,147.7168094262393,36945.169117751386,450.8555075766651,73245.28903101386,654.685473291967,67.2594892857502,11.621887267059833,0.0013246840399235714,0.3313141955384599,0.004043149168454485,0.6568437658235662,0.005871040682561792,0.0006031647470339765
w000660,252_T1_P1_R1,252,1,1,9,training,158540.84280641898,9,4,2.1966518988068255,3.9179134819094426,0.7759439072517937,0.07958031487582352,0.2725119363459735,76.0546677903638,66021.59928001359,493.641362864391,91227.16003721257,699.960904696756,22.426553841300745,11.973773829929112,0.00047971656037698634,0.4164327507746825,0.0031136542112819177,0.5754174030007048,0.004415019450548903,0.00014145600240490674
w000661,252_T1_P1_R1,252,1,1,9,training,185105.82772388123,9,3,2.2259245088171005,4.0323541046503575,0.6697282477199611,0.10765641462873195,0.2544362366772441,42.43523509634579,74200.80409935015,666.3833033548353,109893.50714456878,277.2305465407115,25.46739497037398,12.128688384558123,0.000229248509450743,0.40085612112674296,0.0036000125525430045,0.5936793481645256,0.0014976867554610486,0.0001375828912764605
w000662,252_T1_P1_R1,252,1,1,9,training,158040.60877791932,9,4,2.2393421105551448,3.8483729373486653,0.6103715716538763,0.011886802083306003,0.10133514582710053,516.0529027399203,48978.27583339128,657.3759929931947,107641.8794648973,220.30771522974052,26.716868667878465,11.970613624035142,0.0032653183680473193,0.3099094353794611,0.00415953847606945,0.6811026627729398,0.0013939943469802735,0.00016905065650197126
w000663,252_T1_P1_R1,252,1,1,9,training,189390.3746148812,9,4,2.0823612488178695,3.6453655764973942,0.7077964160422525,0.044383933686637886,0.3209666177014888,759.4800010365232,91725.21628447807,306.2213139760605,96472.61011117403,105.1837381424775,21.663166074038628,12.151570918120983,0.004010129884271571,0.48431825783648264,0.0016168789707436345,0.5093849690479136,0.0005553805907843257,0.00011438366980418054
w000664,252_T1_P1_R1,252,1,1,10,training,213678.1161820726,9,3,2.3257696840121524,3.86071368659196,0.789847204539954,0.1568686934678409,0.06951256994811096,1151.366749574766,100036.64858709625,1287.888391066618,109965.92362185844,635.8434694894897,600.4453629870984,12.272230711600038,0.0053883231944711635,0.4681651559575534,0.006027235797835392,0.5146335319062705,0.002975707016003899,0.0028100461278658313
w000665,252_T1_P1_R1,252,1,1,10,training,262450.4502402165,9,3,2.3203189748641013,3.918856898036914,0.7558126306072361,0.13565466325646813,0.16873721095041233,892.4477586633047,124048.86386684181,1411.6927561730415,134913.41561155076,811.3834018535575,372.64684513400937,12.477821392442342,0.0034004428563428344,0.4726563195197492,0.005378892491443405,0.5140529021309233,0.003091567955440396,0.0014198750461008238
w000666,252_T1_P1_R1,252,1,1,10,training,327910.78269926336,9,3,2.32519857346603,3.7566035696762605,0.7329425825804023,0.0786709462191524,0.12306901483806375,1880.232737594041,123022.84587703354,1545.5602240769908,199604.76086344177,1076.8233496411715,780.559647475845,12.700499896006177,0.005733976547268523,0.37517170025439944,0.0047133559053911004,0.6087166735425873,0.0032838912486411217,0.0023804025017125446
w000667,252_T1_P1_R1,252,1,1,10,training,377969.8328250616,9,4,2.3903856744264416,4.112460236754642,0.7075342430736697,0.16382053824007242,0.31949241585240595,2480.2425396799754,161517.49609891174,1456.8097412879583,210227.3084028111,1154.4786042485496,1133.4974381223246,12.842572309786135,0.006562011896933381,0.42732906722126685,0.0038543016261359244,0.5562012894825711,0.003054419966851918,0.0029989098062409365
w000668,252_T1_P1_R1,252,1,1,10,training,322401.45500452304,9,4,2.5110647647459343,4.614833369950516,0.7571971903662258,0.24026985071100182,0.6881152075049229,1257.3653510808022,149788.55942200054,1919.9004955782423,167521.5259791354,1108.8852963565223,805.2184603715726,12.683555904363915,0.0038999989967885298,0.46460261607659037,0.005954999475890416,0.5196053658529091,0.003439454999795102,0.002497564598026631
w000669,252_T1_P1_R1,252,1,1,10,training,396861.9805433025,9,3,2.2866908255767466,3.7815779707310053,0.7722527722533897,0.10564178423315575,0.171558672252622,742.4743135340537,209766.19666171214,2208.7440497679663,182314.60781433954,1263.4594000574186,566.4983038914218,12.891346362925264,0.0018708627934517924,0.5285620869364787,0.005565521914556301,0.459390460040419,0.0031836241867455976,0.0014274441283488224
w000670,252_T1_P1_R1,252,1,1,10,training,589960.853163148,9,4,2.1623410180943763,3.3560134061635254,0.7632153145611602,0.18712077952844292,0.13748491326545528,3047.249573508994,300139.59825213853,2680.873877874052,281527.60719916684,1714.5308168973988,850.993443562216,13.287813158135954,0.0051651724977526715,0.5087449389953638,0.004544155537609344,0.47719709823070766,0.0029061772619398897,0.0014424574766266432
w000671,252_T1_P1_R1,252,1,1,10,training,485250.74895898945,9,4,2.2696253329473146,3.6135621452222,0.6623084806222354,0.19238608155613482,0.31282215888476045,3840.9124276348493,189970.17065153638,3235.9757490434095,284904.87216867646,1501.5272940711402,1797.2906680272374,13.092423105267914,0.007915314784932894,0.391488670669917,0.006668667191108025,0.5871291755445698,0.0030943327697945306,0.003703839039677884
w000672,252_T1_P1_R1,252,1,1,10,training,304449.5116542537,9,3,2.3731064750309927,3.972197813285243,0.7043649827874384,0.16122098145636485,0.16950107181987306,1542.2519936598753,126095.95726611315,2609.014573661867,172020.62944376655,799.1985990169742,1382.459778035289,12.626263829620802,0.005065706905818016,0.4141769076289841,0.00856961326521942,0.5650218603047745,0.0026250611954489827,0.00454085069975501
w000673,252_T1_P1_R1,252,1,1,10,training,331931.08792603173,9,3,2.352608273271102,4.0240762102110255,0.7521416241114985,0.07969202971860412,0.4385351399197297,717.6495988706865,168733.13940110704,1509.4869581029882,159945.8589080918,511.73158832705775,513.221471532157,12.71268567253485,0.002162043945189639,0.5083378614982514,0.0045475913917390155,0.4818646542192351,0.001541680206950345,0.0015461687386344614
w000674,252_T1_P1_R1,252,1,1,11,training,446166.58846735663,9,4,2.7423832895188704,5.307738295698634,0.8482010723960752,0.028455972744657297,0.10465444447602833,11927.974444067584,196881.54999436552,4145.061377439343,223749.79052868506,3831.0006833199054,5631.211439479154,13.008449919317925,0.026734351590606123,0.44127362981320634,0.009290389474653844,0.5014938283417776,0.008586480436556035,0.012621320343199918
w000675,252_T1_P1_R1,252,1,1,11,training,481178.2255888431,9,3,2.542031050255278,4.654034606541206,0.7792254144641407,0.2284505642174037,0.21155287449770616,10515.657427981132,173108.31674298272,1810.6572270879237,289018.1342033187,1710.3425300878994,5015.117457384735,13.083995090057709,0.0218539760711586,0.35975924831415834,0.003762965842588008,0.6006467434174354,0.003554488626318997,0.01042257772834062
w000676,252_T1_P1_R1,252,1,1,11,training,492532.11994830315,9,4,2.447603337992746,4.307485056415286,0.8570428132475357,0.23889537403469227,0.2362864797422092,8553.288790290242,202701.42130896106,1035.7293858073474,274679.906897307,1108.6787278033908,4453.09483813405,13.107316985959189,0.017365951262605994,0.41154964945278466,0.0021028666839353724,0.5576893278069617,0.002250977515780614,0.009041227277931545
w000677,252_T1_P1_R1,252,1,1,11,training,432526.3451898938,9,4,2.5221424764011484,4.58780442097629,0.8514891431873004,-0.004896622718449159,0.2679217908422857,8367.13361157136,203155.7850821312,1359.9299518617197,212334.19183860964,1743.0534666058845,5566.251239114021,12.977400829227987,0.019344795304660354,0.4696957476496348,0.003144155187274579,0.4909162047583199,0.004029935947232589,0.01286916115287786
w000678,252_T1_P1_R1,252,1,1,11,training,389966.14440530137,9,4,2.7398996178834576,5.423849265118527,0.8384881862055156,0.04635604220768029,0.3167555379726353,8483.13390160771,203764.8894356184,2308.537391455715,165230.63602599245,2830.6111941406334,7348.336456486471,12.873817769442399,0.021753513794241026,0.5225194349790544,0.005919840541481456,0.42370507900876697,0.0072586075349113125,0.018843524141544877
w000679,252_T1_P1_R1,252,1,1,11,training,529552.9669166313,9,4,2.8087052168266746,5.484975107718423,0.8273260880701194,0.1902742021393033,0.21350997111395603,11401.905530925444,260573.23046087674,6504.608887225494,237082.95154761078,5773.118790845888,8217.151699146887,13.179790359352493,0.021531189972013642,0.49206263913143056,0.012283207334479025,0.44770394343751313,0.010901872242280841,0.015517147882282626
w000680,252_T1_P1_R1,252,1,1,11,training,590947.9172590438,9,4,2.8931234118927223,5.756921820670866,0.7820448585363173,0.023559245886437853,0.4028280139704346,18061.329778418032,333500.00881434866,9718.556154776901,214369.01848065387,7172.715550211445,8126.288480634771,13.289484858234704,0.03056331911988243,0.564347549207383,0.016445706755095886,0.36275450377242735,0.012137644182722897,0.013751276962488368
w000681,252_T1_P1_R1,252,1,1,11,training,695061.0939843947,9,4,2.7842521101107143,5.248713549650941,0.7967583271337197,0.20705724648228882,0.26749919725533966,16948.849036829175,384637.3097937086,10270.758289440051,266528.68022616516,7133.459609772513,9542.037028479297,13.451756464418443,0.024384689610047007,0.5533863326873888,0.01477677052899561,0.3834607957961019,0.010263068486369159,0.01372834289109776
w000682,252_T1_P1_R1,252,1,1,11,training,667009.7522133423,9,5,2.7138007081411053,4.84595485280702,0.869331666533619,0.12726536555309542,0.10603971105806285,12741.756756587354,324097.8300299166,11561.149231756786,296035.8239218541,9288.963140508182,13284.229132719289,13.410561445027714,0.019102804290801308,0.4858966888481928,0.017332803895885117,0.4438253307984129,0.013926277853786338,0.019916094312921444
w000683,252_T1_P1_R1,252,1,1,11,training,333560.32873293775,9,5,2.836876099691187,5.413989964977688,0.6995405261170375,0.4812739251883061,0.6065740164804865,8032.1826682903775,168687.83969238645,6987.1796521482875,134286.52334922002,6403.559692935152,9163.043677957405,12.717582021683027,0.02408014975522247,0.505719131328249,0.0209472741518447,0.402585414936245,0.019197605774222953,0.027470424054215747
w000692,252_T1_P1_R1,252,1,1,13,training,349333.90326695197,9,4,3.6303486202874513,10.798749290524981,0.7671800680507755,0.0029927733356142744,0.12167888263409639,8225.696748785442,50577.599056617655,112202.38595767393,85971.95112610464,75745.57004306545,16610.700334704834,12.763786349269703,0.02354680342176687,0.14478296719447684,0.32118951212110597,0.24610251201529412,0.21682856812550094,0.047549637121855205
w000693,252_T1_P1_R1,252,1,1,13,training,389019.1576244753,9,4,3.5004175422488375,8.763128977866126,0.7389913513971302,-0.02176471804810569,0.09417925041394452,5819.487017373453,55915.16514675409,75909.77961643327,81401.66103828314,154197.14704006715,15775.917765564256,12.871386440344075,0.014959384141670142,0.1437337057850751,0.1951312117376745,0.20924846358559315,0.3963741733997467,0.040553061350240574
w000694,252_T1_P1_R1,252,1,1,13,training,597739.5791563351,9,4,3.528083816987215,9.392422797960043,0.6187880843249406,0.24529651535725758,0.32486764488603603,7866.837126284989,113117.98164350702,75802.839926319,140766.75414718853,242468.96708308786,17716.199229947742,13.30091212468836,0.013160977456752059,0.18924291712983876,0.126815828447079,0.23549846631516408,0.4056431521990141,0.02963865845215209
w000695,252_T1_P1_R1,252,1,1,13,training,601570.9365924005,9,4,3.659360795242478,11.018064500989228,0.745698389042785,0.2840310516600056,0.2926885946346043,9350.336740021541,144593.13917814096,150889.29982266045,154630.3621975728,122587.16702822916,19520.63162577552,13.307301402578256,0.015543198933423442,0.24035925006149567,0.2508254482461755,0.257044269913498,0.20377840678711034,0.03244942605829691
w000696,252_T1_P1_R1,252,1,1,13,training,526359.7315387715,9,4,3.726578739869289,11.656089853089613,0.8514772102481799,0.16611711279333105,0.3144046622797557,11585.53260319385,107398.56608244359,98263.3125295254,153165.08456950926,135158.53557023575,20788.70018386368,13.173742058070033,0.02201067427655313,0.20404024025255937,0.1866847075141183,0.2909893660021125,0.25677977905929533,0.03949523289536139
w000697,252_T1_P1_R1,252,1,1,13,training,470667.74798010837,9,5,3.564156327573901,9.487085199406563,0.5447214538641081,0.052666050659001436,0.08822554916420904,20370.591363134194,76017.74012952413,26386.294719479534,175719.14005799484,147420.1412922067,24753.840417769024,13.061909830411492,0.04328019383217885,0.16151040825668989,0.05606140389418543,0.37334009141714375,0.3132148780639141,0.05259302453588807
w000698,252_T1_P1_R1,252,1,1,13,training,418112.7529959374,9,4,3.719512073067143,11.04453177135486,0.6938177181188753,0.023716804553926087,0.46664602344587885,18409.022890074564,101988.22127805825,90991.67243183986,147513.91505535477,36570.81757508134,22639.10376552869,12.943508810838429,0.04402884809938681,0.24392516264398473,0.21762472390485535,0.3528089349065803,0.08746640066115534,0.05414592978403761
w000699,252_T1_P1_R1,252,1,1,13,training,428779.5903554439,9,4,3.679158943958503,10.697784577888251,0.7146982979365752,-0.018925118848449368,0.15181537767977385,16428.79937407785,115466.05511339067,134010.63260128055,110988.64150574154,36902.39393985455,14983.067821098684,12.968700622684954,0.03831525507186321,0.2692899981962136,0.312539672166276,0.2588477716808668,0.08606378374787779,0.03494351913690254
w000700,252_T1_P1_R1,252,1,1,13,training,326983.5376013227,9,4,3.7360316938435356,11.575476953761694,0.8299675587050027,-0.07302566431737173,0.3091649700526074,16286.776942136426,69653.50558699392,61131.81417050629,88796.80927733728,78007.85867110552,13106.772953243271,12.697668163138523,0.04980916489439358,0.21301838648500868,0.1869568560513947,0.27156354698689295,0.23856815313502797,0.04008389244728219
w000701,252_T1_P1_R1,252,1,1,13,training,224252.04429167433,9,5,3.579065435541041,9.889489848582098,0.652233154675785,-0.006218176849919329,0.13127883386107506,6180.662289895503,66195.50125244736,14887.124550401724,67581.61659716914,58255.3346364112,11151.80496534944,12.320530355265571,0.02756123053155582,0.2951834907973009,0.06638568044016903,0.30136455081439006,0.2597761586540596,0.04972888876252472
w000702,252_T1_P1_R1,252,1,1,14,training,57424.21172857635,9,4,2.6716097594644337,4.2187858203445545,0.4395487814000015,0.7853910945433434,0.9483663210327425,615.6995326119475,3421.5248108301457,31884.148920800653,17701.92934889118,3328.3966826600386,472.5124327823927,10.958238714595803,0.010721950098716867,0.05958331351595153,0.5552387740471839,0.3082659529148062,0.05796155632735849,0.008228453095983093
w000703,252_T1_P1_R1,252,1,1,14,training,155985.58707964915,9,4,2.606427945862466,4.036631753876456,0.4279073622578909,0.4353660140395908,0.5536653091586201,1038.5734216339788,12255.121067282224,83848.43675851756,51962.64814589584,5935.017113845265,945.7905724742826,11.957525302276501,0.00665813708226558,0.07856572710800858,0.5375396427857337,0.33312467593151884,0.03804849681922686,0.006063320273246427
w000704,252_T1_P1_R1,252,1,1,14,training,187819.4285566697,9,4,3.0609247214178312,6.226967206827731,0.609379956710029,0.10203914150178613,0.43737827385798833,1916.8004292805692,37443.38994035809,61304.64821702752,75286.41277225278,9931.565190932897,1936.6120068178689,12.1432416180974,0.010205549255529887,0.1993584488468428,0.32640205908480024,0.40084464823902405,0.052878263272621455,0.010311031301181633
w000705,252_T1_P1_R1,252,1,1,14,training,181641.26699668056,9,4,3.2858134828317236,7.371978558359077,0.7179182761231239,0.11015912104566185,0.5763067598203548,3074.6558055621076,39883.10991678455,42418.39916714149,76168.51914255322,17883.726059841658,2212.8569047975298,12.109794465846846,0.016927077510521308,0.21957075380625596,0.23352842593812492,0.4193348813402914,0.09845629440675768,0.012182566998048792
w000706,252_T1_P1_R1,252,1,1,14,training,157981.47537757966,9,4,3.4116141669830577,8.21960049347215,0.6675952664531865,0.11087432415997032,0.22549592501449367,5009.221537409363,27613.98115976841,44096.0725571186,56819.27272276173,21598.65530180638,2844.2720987151692,11.97023939052577,0.03170765132707616,0.17479252610959803,0.2791217922970265,0.35965781802557706,0.13671637924753555,0.018003832993186628
w000707,252_T1_P1_R1,252,1,1,14,training,108519.75088582483,9,6,3.600830837952525,9.64026626886111,0.7615657429430465,0.1520735387918132,0.31361388564846837,6804.91817962044,25004.83844231224,14197.47416933116,38704.180335198864,19308.70183951484,4499.637919847296,11.594696686080157,0.06270672503459754,0.23041739626383942,0.1308284810224871,0.35665563198647665,0.17792799634998976,0.04146376934260961
w000708,252_T1_P1_R1,252,1,1,14,training,168066.99095272314,9,6,3.567631398984408,9.607057792209655,0.6921675964111589,0.2874810397085518,0.6469058947641022,6752.234724140909,44153.746045172105,40722.193772932595,52416.0036321955,17226.429946100485,6796.382832181541,12.032123884565104,0.040175853008758255,0.2627151577765348,0.24229739309361262,0.3118756594323748,0.1024974020683588,0.040438534620360685
w000709,252_T1_P1_R1,252,1,1,14,training,325549.44920732506,9,5,3.460877297155149,8.909897725704742,0.6313682204455556,0.2625666460095126,0.34527196168714286,7017.918134098295,83073.5587672496,102231.91976023387,105447.76418276422,17553.80597240533,10224.482390573692,12.693272718505325,0.021557149462811585,0.25517954021892536,0.3140288518661502,0.32390705755920407,0.05392055190124512,0.03140684899166352
w000710,252_T1_P1_R1,252,1,1,14,training,298825.41023614706,9,5,3.4993033852035307,9.19074386228021,0.6739396222360893,0.25422048944211545,0.25153831289675255,5393.183263502755,64176.01207392374,90218.60279629906,99437.76564358552,29418.54682140742,10181.299637428578,12.607618116006014,0.018047940632762077,0.2147608934033039,0.3019107468973396,0.33276208192939394,0.09844727326956361,0.03407106386763695
w000711,252_T1_P1_R1,252,1,1,14,training,193381.33381858387,9,4,3.6164825208916684,10.276062917294801,0.6300343519844601,0.1918510593721967,0.16586869532138931,4940.328196255496,24040.170975761215,36540.67806848121,60966.98785480631,59195.12960633963,7698.039116940036,12.172424512527046,0.025547078917607158,0.12431484725570222,0.1889565934153758,0.3152682146251047,0.3061057054341767,0.039807560352033616
w000712,252_T1_P1_R1,252,1,1,14,training,153016.60041405246,9,5,3.4525806601788545,8.644801942480706,0.5739264116109727,0.17953466382718916,0.20496202355883675,4570.620628659871,10984.497230655612,29991.04221884708,57056.26807053651,44621.286359734964,5792.885905618415,11.938308229144473,0.029870096553524805,0.07178631077237577,0.1959986180433585,0.37287632790263375,0.2916107549049764,0.0378578918231307
w000713,252_T1_P1_R1,252,1,1,14,training,178845.27290138358,9,5,3.2923451675741306,7.444370810310278,0.4706107262186326,0.20261066922202867,0.14993044695468713,4270.192600722255,12401.104210132224,80688.22887346511,59467.430276628795,16642.76702075473,5375.549919680462,12.09428190522699,0.023876463333067047,0.06933984895966622,0.4511622116954532,0.3325076995991922,0.09305679009996344,0.030056986312657952
w000714,252_T1_P1_R1,252,1,1,14,training,247214.49189407806,9,4,3.222369686365185,6.569061729761431,0.5685684604796146,0.08243274077915089,0.3337125818253121,5751.322234848733,19527.301351832528,99358.73551825414,90134.92328909186,27079.021370943636,5363.188129107159,12.418015672076448,0.023264502783732252,0.0789893068251,0.40191307053643743,0.3646021015940733,0.10953654522221926,0.021694473038437728
w000715,252_T1_P1_R1,252,1,1,14,training,177360.00775746725,9,4,3.281884136912551,7.095612738180293,0.5614058547451205,0.19891192826324103,0.30340533194023017,4373.4201396486105,14173.768725042832,70683.98022005007,62081.10005895711,22612.051246071544,3435.6873676970604,12.085942526262476,0.02465843453068117,0.07991524642029164,0.39853392607372684,0.35002874009709417,0.12749238981198413,0.01937126306622193
w000731,651_T1_P1_R1,651,1,1,1,training,8487.134724601898,9,4,3.2259488714327755,7.404425948502672,0.8626363724206972,0.5629673446516034,0.5698050165259364,120.26825906444475,2965.5630938876748,1475.0155320142194,2372.888513938709,1503.1870835542713,50.212242142577914,9.046424552529059,0.014170655111179011,0.3494186424649668,0.17379428745705547,0.2795865260699055,0.17711361164056233,0.0059162772563308395
w000732,651_T1_P1_R1,651,1,1,1,training,5382.723846057597,9,5,3.3518661416541704,7.831540661230506,0.8536223640580912,0.27238056208243683,0.15263783960105243,984.7436901910239,1089.0006220294163,1223.4776285751154,815.875192163768,1234.955118334362,34.67159476391199,8.591135578415049,0.18294523708703125,0.20231404269922182,0.22729712011349276,0.15157292395026536,0.22942940296646744,0.006441273183521403
w000733,651_T1_P1_R1,651,1,1,1,training,2885.0522504221253,9,5,3.1406826471586884,6.715246546368625,0.8070504551666868,0.37010389241509345,0.38509738614054356,1268.5231064751133,373.4597207313085,431.96056152684173,334.4844754244748,456.8889261454381,19.735460118948698,7.967644843959298,0.43968808755179734,0.1294464322705649,0.14972365282592007,0.11593705984892816,0.15836417731380378,0.0068405901889856974
w000734,651_T1_P1_R1,651,1,1,1,training,2851.5829990462803,9,4,3.6504411623279283,11.081161003599219,0.8779174005990168,0.17637051381879856,0.021592855615217156,421.6495992303014,936.7045499276501,241.9971423864796,944.148085507744,285.15786600840795,21.925755985697638,7.955980178261663,0.14786509786715774,0.3284858095454116,0.08486414123924017,0.3310961265456825,0.09999984784022761,0.007688976962280518
w000735,651_T1_P1_R1,651,1,1,1,training,2357.996851396502,9,4,3.3236703429362136,7.582884415228426,0.8726378880538181,0.24601695950665292,0.01612850548738561,47.87097821027931,962.9308206366579,161.60379340238,984.1018636285594,183.81414081076713,17.675254707858027,7.7659917446872,0.020301544585154204,0.40836815370061713,0.06853435504236219,0.41734655542297866,0.07795351410325459,0.007495877145633176
w000736,651_T1_P1_R1,651,1,1,1,training,5465.831265730329,9,4,3.260545916412515,8.071312133923577,0.9035961571410503,0.7111786599302016,0.6955882110969613,735.7412984479168,2404.734266439753,124.26508552092216,2064.1676519620632,118.55707292777493,18.365890431898876,8.606454434275712,0.13460739321772847,0.4399576477080361,0.02273489236669991,0.3776493549853949,0.021690584133305418,0.0033601275888352693
w000737,651_T1_P1_R1,651,1,1,1,training,7593.215900275657,9,4,3.416914022777363,9.095617499856658,0.8992345611132373,0.5498201825831025,0.6246548328210726,818.6174258878157,3432.866387019013,309.3941330563853,2700.829799316428,311.8035146717176,19.70464032429731,8.935142170763653,0.10780905437682832,0.45209650721170586,0.0407461261631127,0.35568984667199827,0.04106343330240329,0.0025950322739515374
w000738,651_T1_P1_R1,651,1,1,1,training,11715.646674453737,9,4,3.328270190786683,7.617222542241726,0.888089803233487,0.6881065076785748,0.4665881664576951,480.8866079924167,3404.5586009443,2534.6807333594943,2547.4577909378054,2644.9412758597414,103.1216653599786,9.368765902263732,0.04104652703815335,0.29059928961224357,0.21635004910880673,0.2174406468310965,0.22576144103313583,0.008802046376563916
w000739,651_T1_P1_R1,651,1,1,2,training,10834.201864388722,9,3,2.7711753186719927,5.0702441572723975,0.9409272142617608,0.6124364309533505,0.3952600906759749,64.83001042256541,5424.276483283268,111.87876097437817,5095.818508283286,112.72521212220204,24.672889303021257,9.29055554456652,0.005983828918275669,0.5006623054636348,0.010326442351246563,0.47034553833013687,0.010404570039692732,0.0022773148970132587
w000740,651_T1_P1_R1,651,1,1,2,training,9923.757625029546,9,3,2.9301566545662676,5.930885744106845,0.9449474693881863,0.3334467992586741,0.5346219768545829,59.26377899497922,4754.671939705047,161.02606553006234,4777.7320568232335,159.2112055392246,11.852578436998758,9.202787684605267,0.005971909153192642,0.47912011955157874,0.01622631986939352,0.4814438479203596,0.016043439547300573,0.0011943639581749126
w000741,651_T1_P1_R1,651,1,1,2,training,3863.15424643451,9,3,3.1473751362508113,7.02415135755992,0.8806350858443002,-0.01078551704236056,0.2624856797610783,137.62301006554287,2071.28080735627,110.70102755641616,1430.7564809497344,107.21783984099635,5.57508066554986,8.259498113385183,0.03562451853755561,0.5361631131524076,0.028655606402096797,0.370359656819359,0.0277539629539651,0.0014431421346158698
w000742,651_T1_P1_R1,651,1,1,2,training,1608.7959175686576,9,3,3.4509225402882366,8.88806447103128,0.9315252625169744,-0.07004320521904311,0.19779316851689477,162.08017820930596,643.5789786663363,65.10511781666438,672.3550055442003,62.625118139343044,3.051519192807618,7.383862690669747,0.10074626398496499,0.40003767515706085,0.04046822664434436,0.41792436082279316,0.03892670130216838,0.0018967720886682263
w000743,651_T1_P1_R1,651,1,1,2,training,289.16822795058425,9,5,3.761562716307517,12.035956637470356,0.9021587930279044,0.15433817950005813,0.3883532357014089,71.64225974001947,56.790467267014805,51.538051501719714,54.94217254955696,52.61874114550088,1.6365357467724297,5.67046085117098,0.24775287467702836,0.19639248637204945,0.17822861061529557,0.1900007235889898,0.18196584568928803,0.005659459057348777
w000744,651_T1_P1_R1,651,1,1,2,training,192.3136571322865,9,4,3.8266818876600373,12.58573413865015,0.8596964622431498,0.007993744586557784,0.3597195208835196,34.16150389301755,41.15333807189579,24.4798083630563,67.15329958558294,23.962394751148075,1.4033124675858342,5.264314036239395,0.17763431054466888,0.2139907206048695,0.12729105529004325,0.3491863271020337,0.12460058795858216,0.007296998499802538
w000745,651_T1_P1_R1,651,1,1,2,training,188.76136073607825,9,4,3.595910212039919,9.354821822201094,0.914913046308626,0.17028620403356137,0.2736579051776229,18.845004724325573,79.3571472121172,13.884269276889945,63.27273101325372,11.798840171703565,1.6033683377882464,5.24576728661037,0.0998350756258545,0.4204099128267703,0.07355461532353864,0.33519959151873346,0.0625066492723605,0.008494155432742609
w000746,651_T1_P1_R1,651,1,1,2,training,122.938129868623,9,4,3.439654107512932,7.623629270053707,0.7505221628118439,0.4571578201923163,0.5996115468957827,16.767805360925998,62.042899793105654,8.377873130755983,28.03434537473285,6.511795302551109,1.203410906551397,4.8197824884143365,0.1363922273654626,0.5046676719371556,0.06814706828311884,0.22803621142351496,0.052968068649733774,0.009788752341014248
w000747,651_T1_P1_R1,651,1,1,2,training,41.30831533532762,9,5,3.8066598114355914,11.872052641749933,0.841246695277553,0.1435289789652588,0.3332633227468784,4.62559391973917,14.938061485629007,4.848023994151526,10.806715109489549,5.637085028076786,0.4528357982415887,3.7449836467642954,0.11197730728523024,0.3616235947742392,0.11736193923177031,0.26161113136094055,0.136463687330668,0.010962340017151833
w000748,651_T1_P1_R1,651,1,1,2,training,37.53585676527107,9,4,3.8970353360519794,13.056690798065036,0.9077401665098381,0.31203182216135616,0.47605192900549625,4.361341086967395,12.289672231282303,4.065303142332338,11.293290692613466,4.8787471707395085,0.6475024413360626,3.6515891524139916,0.11619132911340913,0.3274115283456899,0.10830452513058496,0.3008667355919326,0.1299756443884724,0.017250237429911146
w000749,651_T1_P1_R1,651,1,1,2,training,220.4284240492055,9,3,2.780627997231054,4.205829643658139,0.6996822042276893,0.3958375348249858,0.403634017946217,11.498847907753884,163.70125578069303,7.662047139678602,27.935404647683875,7.766679226167122,1.8641893472289766,5.400099395273524,0.052165903546028326,0.7426503931459881,0.03475979639526085,0.1267323157990185,0.03523447241283816,0.00845711870086609
w000750,651_T1_P1_R1,651,1,1,3,training,5685.758896779741,9,3,3.7175890598311834,10.844871075408738,0.8766174671307179,0.39482153905950274,0.8998541042049085,580.4485495137022,2358.6568033351937,453.1008180560302,1746.2274547337204,518.912189915591,28.41308122550335,8.645895750906018,0.10208813986862027,0.41483588139326005,0.07969047338828493,0.30712302199847696,0.09126524696808525,0.0049972363832725564
w000751,651_T1_P1_R1,651,1,1,3,training,5471.076734731633,9,4,3.438944528089397,8.176969945886723,0.8648275944844557,0.7645016990317265,0.692489591624479,95.5386718713036,2592.0511006749184,465.2055052570985,1768.8230968673888,529.6955393514819,19.76282070944204,8.607413482364084,0.01746249897480006,0.4737734867105759,0.08502997267500721,0.3233043846083349,0.09681742096374828,0.003612236067533687
w000752,651_T1_P1_R1,651,1,1,3,training,2738.5632623683555,9,4,2.6564390979369965,4.398097675842768,0.8629880845843828,0.4866082062188185,0.323982723914544,24.07057396305465,1721.7444881025833,78.01827205615757,831.3789830222787,80.36964683949164,2.9812983847896533,7.9155537933814335,0.00878948983717762,0.6287035657571737,0.028488760193432983,0.30358217188062625,0.029347376393995227,0.0010886359375942903
w000753,651_T1_P1_R1,651,1,1,3,training,1375.9937142885508,9,3,2.0746754313352396,2.4401063355244297,0.637096386771764,0.32809516612941825,0.6412193170644978,27.650660499542415,1085.1058592396719,10.66951934994165,235.581101100292,12.35270410885304,4.633869990249732,7.227657933931417,0.020095048554665106,0.7885979768452062,0.007754046576773979,0.17120797766296322,0.008977296902289943,0.0033676534581014756
w000754,651_T1_P1_R1,651,1,1,3,training,887.0180993125539,9,3,2.70497892162565,4.094421973501461,0.5718813048115391,0.28628816132692214,0.7378879679309516,60.54710506543141,677.590098898078,9.570452488427216,124.95138460562005,9.00260079768685,5.356457457310423,6.7889921248931895,0.06825915402668323,0.7638965872547762,0.01078946697462475,0.1408667813006954,0.010149286474158687,0.006038723969061872
w000755,651_T1_P1_R1,651,1,1,3,training,974.4174982891345,9,3,2.624954650957143,3.7917625346843487,0.73680770094634,0.07396821136846425,0.46297170266604426,62.38074366993516,588.3176752963874,16.992850832914886,288.07423948635187,15.466788448024175,3.1852005555209337,6.882865582718417,0.06401849697841243,0.6037634549147007,0.017438983662291206,0.29563738335174367,0.015872855808911988,0.003268825283939845
w000756,651_T1_P1_R1,651,1,1,3,training,888.7055474493862,9,4,2.144700215416058,2.8227080180615816,0.8456381595241952,0.37580591288100634,0.7435628579007945,20.21076088161299,548.8448373907075,15.112644461328559,288.54772584284734,14.593511258600774,1.3960676142889434,6.790890562422231,0.022741796694775374,0.6175778231225292,0.017005232503276634,0.32468316043597195,0.01642108716490476,0.0015709000785419905
w000757,651_T1_P1_R1,651,1,1,3,training,533.1079278798477,9,4,2.0845449089795434,2.586590742784069,0.771588955788564,0.372286060650532,0.3716929940502331,7.998955199771653,386.44188487647796,7.08154920669565,122.66146261674149,8.000985719979852,0.9230902601810496,6.280597930672835,0.015004382380099334,0.7248848960347379,0.013283518845534211,0.23008748548265265,0.015008191215237603,0.0017315260417382057
w000758,651_T1_P1_R1,651,1,1,3,training,914.638968876694,9,4,3.0094912023186566,4.550017531565545,0.8208856501977314,0.5307360236698034,0.3615236063174519,32.67994290513961,511.1384095662657,80.4374713316743,195.63574982789564,85.50402799723047,9.243367248488255,6.819622148200124,0.03572988251886447,0.5588417145554337,0.08794450495637957,0.2138939586929737,0.09348391103676842,0.010106028239580058
w000759,651_T1_P1_R1,651,1,1,3,training,16775.40606390404,9,3,2.567109611505293,4.301328275388079,0.9105874506185964,0.1662755342573327,0.11003088339780903,120.47406750895965,8620.756175378378,120.79647969809629,7767.391749392985,127.64313427506247,18.344457650556915,9.727728777337939,0.007181588752607664,0.513892548564164,0.007200808090006022,0.4630225772064158,0.007608944533969561,0.0010935328528368104
w000760,651_T1_P1_R1,651,1,1,4,training,25925.518459617375,9,3,2.136213022511121,2.8257992145698396,0.783074797542767,0.7041028020484192,0.9053171661851801,63.464508110379576,19997.496078091768,59.67750200353509,5726.449119935271,41.9604413626009,36.470810113823816,10.163021602631,0.002447955214829529,0.7713441144577559,0.002301882683522459,0.2208807946832391,0.001618499604085456,0.0014067533565676694
w000761,651_T1_P1_R1,651,1,1,4,training,46540.07883692779,9,3,2.5443902257738684,4.125079688602225,0.7904807469549959,0.13353515524478982,0.6537722767707759,99.22449838797137,31786.060377073456,174.02631600654183,14248.949288629794,179.017911488922,52.80044534110564,10.748090617441237,0.0021320225678096725,0.6829825211179579,0.0037392784962035465,0.3061651300281811,0.0038465321925255976,0.001134515597322334
w000762,651_T1_P1_R1,651,1,1,5,training,53809.118612867394,9,3,2.841058573584869,6.146209287780632,0.7012608314997727,0.4745431483204897,0.11910111679867462,260.65290097644504,18213.505961026123,131.98749015802457,34935.1641586134,213.50398306583324,54.30411902756157,10.893216806771454,0.004844028441568174,0.33848363308204643,0.002452883332054102,0.6492424529373232,0.0039678030149852325,0.0010091991920227403
w000763,651_T1_P1_R1,651,1,1,5,training,64777.621885041925,9,3,2.782520273021325,5.627993641306853,0.8326218623298225,0.09496036535266568,0.48058841964058796,388.0022906055925,32432.709161732004,380.6636763595667,31052.494150776816,454.38489072008093,69.36771484786775,11.078730918726908,0.00598975818059767,0.5006776756838797,0.005876468837264731,0.47937070314011143,0.007014534919581617,0.001070859238565004
w000764,651_T1_P1_R1,651,1,1,6,training,1544.7330050115347,9,6,3.1639134720191016,6.624041640445369,0.6811662947484968,0.4344503787462691,0.6249331326441068,440.8783719899893,81.8739453916107,433.3903493995979,76.63478584485009,349.08344009693434,162.87211228855216,7.343253513722914,0.2854074914950738,0.05300200431141778,0.2805600372320404,0.049610376418595295,0.2259830268171992,0.10543706372567341
w000765,651_T1_P1_R1,651,1,1,6,training,624.3622388760426,9,6,3.3416001986654327,6.852955963733542,0.646484400481002,0.39060393536096194,0.3963824295802693,106.39034666545493,52.905264531175106,200.12824392288337,73.20575148452195,136.78313220564246,54.94950006636483,6.438331064045174,0.1703984322578116,0.08473488823797785,0.3205322671069089,0.11724884518369443,0.21907656115122398,0.08800900606238327
w000766,651_T1_P1_R1,651,1,1,6,training,888.9441438872179,9,6,3.2482988990692503,6.059849163267263,0.6211489990267093,0.791401538829391,0.8185788362168748,72.49881924839087,139.06411829992135,298.1181379823258,77.6736025085218,241.35748444879275,60.231981399265436,6.791158701079431,0.08155610197437663,0.15643740864506409,0.33536205849638695,0.08737737128101987,0.27151029241654384,0.06775676718660872
w000767,651_T1_P1_R1,651,1,1,7,training,2247.998807510605,9,5,3.2213257590727022,7.01493488590239,0.6278441469474334,0.23224252277792898,0.36371763840449994,914.7456263594936,199.89929076392764,377.21126597295483,88.50650719871132,459.5400101371974,208.09610707832033,7.71824042172823,0.4069155300720409,0.0889232192188272,0.1677986948714942,0.039371242948621446,0.20442182113347473,0.09256949175554162
w000768,651_T1_P1_R1,651,1,1,7,training,718.3846587962937,9,4,3.09607511661148,5.292529489775941,0.742485296437143,0.43825944436355463,0.5389378248467414,21.081697222573627,120.47435513809187,227.45095435829424,69.08792467708908,253.8803203592072,26.40940704103776,6.578396206035941,0.02934597358732237,0.16770173703313138,0.31661443708918424,0.0961712138909689,0.35340442929920346,0.03676220910018967
w000769,651_T1_P1_R1,651,1,1,7,training,2648.0302961561865,9,4,3.306526849880778,7.467918668642511,0.6244842395690354,0.6948138913823647,0.950665220916275,757.5378488608458,459.2098897495187,595.9005309317741,117.18304115934197,600.4338825203206,117.76510293438537,7.881948926034222,0.28607597502206394,0.17341564800678305,0.22503539019050053,0.044252908031090846,0.22674736138476026,0.04447271736480138
w000770,651_T1_P1_R1,651,1,1,8,training,14671.3444382183,9,3,2.8055410131132694,6.251518374842607,0.8522982594011539,0.5061617569550649,0.6848122413915226,28.52587323579406,8093.3294438773755,12.669621503075557,6513.134595052026,16.60871751064323,7.076187039386677,9.59371967010798,0.0019443257811796193,0.5516419765045224,0.0008635624060513274,0.4439357703364632,0.0011320515022044024,0.00048231346957907116
w000771,651_T1_P1_R1,651,1,1,8,training,9668.48115321724,9,3,2.2794024314179544,3.586171910870353,0.8241091678007172,0.6676328419534828,0.7300481728349995,16.932101600022264,5593.143240884125,9.707391543051152,4033.7330964842176,11.655001506244163,3.3103211995823445,9.176729931704559,0.0017512679945999598,0.5784924387035677,0.001004024457328643,0.4172044225521369,0.0012054635388481776,0.00034238275351871754
w000772,651_T1_P1_R1,651,1,1,8,training,5052.938549947018,9,3,2.0601757490028625,3.5742543152375372,0.5626307633989994,0.237475982651625,0.34615964643266756,9.428555601772528,1216.3968918544974,5.665175226728108,3814.680673039773,4.80043127444746,1.9668229497997491,8.52792312917755,0.001865954930695009,0.2407305926701309,0.0011211644809706837,0.7549430168866335,0.0009500276377787722,0.0003892433937911974
w000773,651_T1_P1_R1,651,1,1,8,training,9413.517979074144,9,3,2.2943658523463792,3.865064707887456,0.8297819083466915,0.31314381820495535,0.7097090782246123,17.55584550276132,5816.532409188308,7.305928179667877,3560.6087734701364,6.402838675072942,5.112184058198769,9.150008242656275,0.0018649611698609624,0.6178914643938871,0.0007761102911694278,0.37824422085188775,0.0006801749026566034,0.00054306839053826
w000774,651_T1_P1_R1,651,1,1,8,training,6127.684100382466,9,3,1.5070615236984204,2.057090312652281,0.4420267015430426,0.2510450749426239,0.7476995878847272,151.8019801687266,5878.425023414405,10.102021763627171,72.95271389173092,8.911201126727352,5.491160017249357,8.72073534036959,0.02477314066488051,0.9593224662230053,0.0016485872310220175,0.01190542996287578,0.0014542526965727804,0.0008961232216436584
w000775,651_T1_P1_R1,651,1,1,8,training,704.5997950088765,9,5,3.514656613591676,9.226763357334715,0.6770963836649259,0.28345084778512736,0.5845678155062499,242.28080078092736,143.92290611057987,72.47026410416757,171.09544819811944,63.75962579461613,11.070750020466257,6.55904821417224,0.3438559058591198,0.20426191879429476,0.10285308712480479,0.24282642346775588,0.0904905539942896,0.0157121107597353
w000776,651_T1_P1_R1,651,1,1,8,training,1384.731034324156,9,5,3.880427726330933,13.02558896035626,0.7534000847428246,0.5309695867036381,0.7658140005557362,217.57361091105565,216.51541535106176,300.0076293449022,309.362075274227,305.3640406204254,35.90826282248413,7.233983101988798,0.1571233730724079,0.15635918455220885,0.2166540807625696,0.2234095052438952,0.22052227692684306,0.02593157944207543
w000777,651_T1_P1_R1,651,1,1,8,training,2262.1971035820666,9,5,3.884603189525474,12.495734471307152,0.7578598279436866,0.6686383545105101,0.6157862173678592,296.9521420637594,339.10357653871733,413.4789412634755,778.6675264562386,389.6153162663892,44.37960099348642,7.724533740197773,0.1312671391867454,0.1499001019857046,0.18277759290238416,0.3442085241923707,0.17222872209033174,0.019617919642463393
w000778,651_T1_P1_R1,651,1,1,8,training,15898.595369500983,9,4,3.244973023029421,7.386172309879928,0.9346171112580555,0.7478274589587561,0.8836862173730171,435.88118092982575,7072.285210374619,745.4670016411783,6864.457137025392,675.1717983629758,105.333041166994,9.674048939425449,0.02741633275138236,0.44483710956891914,0.04688885931843026,0.431765006749829,0.042467386751548465,0.0066253048598909105
w000779,651_T1_P1_R1,651,1,1,8,training,19497.336031707495,9,4,3.139724807881442,6.861344745325693,0.8574257760060945,0.6688644031582032,0.9069459598360292,382.17495267237894,10080.0542634011,699.7816472511624,7473.371051113616,759.9670607001176,101.98705656911835,9.878084409203574,0.019601393341678465,0.516996488495066,0.03589114154431889,0.3833021618420109,0.038977994709852824,0.0052308200670728635
w000780,651_T1_P1_R1,651,1,1,8,training,5583.2292907484325,9,3,3.111940726291841,6.088689956920484,0.5298323677091056,0.6636013658351345,0.6739597619968983,162.97099425674713,3610.8688438857835,183.8163862186396,1274.1394469364345,328.91662030790087,22.5169991429262,8.627701705695966,0.02918937872152137,0.6467348295849311,0.032922951332704266,0.2282083325948514,0.058911537244749186,0.004032970521242518
w000781,651_T1_P1_R1,651,1,1,8,training,1100.7255210891399,9,4,3.191159784911449,6.366920371770171,0.6578338210698707,0.5744356955414788,0.7635212483894376,38.94731815637874,488.55337139414706,65.62591479457458,357.3408983100335,140.17616907352323,10.081849360482618,7.004632885267091,0.0353833152863044,0.4438466829684624,0.05962059890247608,0.3246412402216801,0.1273488861553991,0.009159276465677733
w000782,651_T1_P1_R1,651,1,1,8,training,8300.26744732419,9,3,3.1079453740838767,6.17358256705326,0.49893038844972654,0.9068027637954816,0.9385303241340739,116.54091262905192,5380.044552654872,332.7754206677373,1833.8564650539467,591.7266914107074,45.32340490787494,9.024163486623435,0.01404062138583522,0.6481772529377077,0.040092132305329056,0.2209394428182117,0.0712900753097379,0.0054604752431785955
w000783,651_T1_P1_R1,651,1,1,8,training,13293.766267279445,9,3,3.2146716921267835,7.265898277143934,0.5744194641687813,0.7634610377584469,0.8121249539111778,162.19319695656137,7984.959544073528,564.8216883774955,3606.000791057317,898.7725070640433,77.01853975049902,9.495125723024609,0.012200695701697035,0.6006544258061219,0.042487710180952785,0.27125501671658936,0.06760856848192323,0.0057935831127156395
w000784,651_T1_P1_R1,651,1,1,9,training,59987.14278564226,9,3,2.239091490319999,4.049332103532667,0.8861062973568148,0.23895746575269886,0.08242097859389082,40.80435020993821,35443.61525388577,15.84405602941731,24460.593237922294,18.681596966040527,7.604290628797392,11.00190220143549,0.0006802182653664346,0.5908535330735755,0.00026412419884764936,0.40776393243681647,0.0003114266840945775,0.00012676534129939352
w000785,651_T1_P1_R1,651,1,1,9,training,106147.54990300405,9,3,1.953800266298753,3.1776179110750866,0.8172499772133863,0.4048111418526587,0.14944830581412757,52.133729218771364,63565.037304808866,11.751784713258795,42493.692186513654,11.203591414378446,13.73130633510334,11.572594806209114,0.0004911439714473894,0.598836594560059,0.00011071178490692805,0.4003266417863033,0.0001055473388186172,0.00012936055846461637
w000786,651_T1_P1_R1,651,1,1,9,training,141366.1626963141,9,3,2.0880167335388364,3.6205165701629047,0.819799870535023,0.3897240258396368,0.2685796217533211,85.82432261687138,77885.71231933104,14.37764403266533,63345.08727908318,12.988834924817553,22.172296325540124,11.859115775604597,0.0006071065450170073,0.5509501767169478,0.00010170498907543881,0.44809228793429506,9.188079153510345e-05,0.00015684302312973678
w000787,651_T1_P1_R1,651,1,1,9,training,149085.55913938017,9,3,2.0247510727688414,3.356662629993604,0.778121283061855,0.3399332109291702,0.18841875898677624,72.86029966946077,85820.29871197607,10.422468664864995,63151.910170951945,9.360386087915302,20.707102029923565,11.91228235007221,0.0004887146688791208,0.5756446111037664,6.990931063364107e-05,0.4235950855032927,6.278533039651595e-05,0.00013889408303164013
w000788,651_T1_P1_R1,651,1,1,9,training,154116.33471019688,9,3,1.8564115904221044,2.803825685965366,0.7468259702581234,0.13783957629577456,0.1049298740344522,48.08724296568877,105192.82457653919,14.519409233896841,48833.59878415398,13.003093908177963,14.301603395960157,11.945469504989447,0.00031201911890853674,0.6825546738724722,9.42107094695666e-05,0.31686192690723897,8.437193846213131e-05,9.279745344874149e-05
w000789,651_T1_P1_R1,651,1,1,9,training,110480.40032629973,9,3,1.9331498900093131,3.1858420527872293,0.8571614008762216,0.314864171812519,0.17367132340632618,40.84758708058432,66197.22768585422,15.208832451174132,44204.367213440004,13.613485678287194,9.135521795458164,11.612602462933149,0.00036972700098789014,0.5991762112586774,0.00013766091004608431,0.4001104909367097,0.00012322082141339344,8.26890721655311e-05
w000790,651_T1_P1_R1,651,1,1,9,training,74141.53108792793,9,3,1.8838609651329234,3.031610914832872,0.7719772729829911,0.32763460704736097,0.48674820251366907,46.251519540746976,31655.411661826714,8.979254584519962,42410.27750394676,8.282255438588125,12.328892590603903,11.213744615425037,0.0006238274130850512,0.4269592385984729,0.0001211096460075938,0.5720178270077863,0.00011170871867706386,0.00016628861597128996
w000791,651_T1_P1_R1,651,1,1,9,training,98350.35016127714,9,3,2.133583107378707,3.909157189194129,0.8141624293316543,0.22638228470852337,0.22524127254178106,50.52158639687543,42555.75645791482,8.584759153739451,55711.16530186859,8.302297593003452,16.019758350113655,11.49630155184984,0.0005136899493904087,0.4326955256196945,8.72875301375335e-05,0.5664561967548886,8.44155366949803e-05,0.0001628846091940099
w000801,651_T1_P1_R1,651,1,1,11,training,100839.68815790572,9,3,2.867195948140322,5.748320348012518,0.8551920615451645,0.3250385923702473,0.3553373956711445,1711.85086268826,51943.31208591954,847.0631212784367,45044.18096140909,895.4879727706893,397.7931538397264,11.521297205533884,0.016975963471918497,0.5151078214817668,0.008400096596411657,0.4466909981997765,0.008880312792800759,0.0039448074573259165
w000802,651_T1_P1_R1,651,1,1,11,training,102513.919343774,9,3,2.828098473203453,5.477190356333693,0.7765146020809557,0.13529672830800382,0.4773385227369914,1253.2415403427233,52281.36165155126,606.9040712251096,47207.875906544425,792.1775474569371,372.35862665355313,11.537763621541966,0.012225086586925395,0.5099928086470774,0.005920211373344286,0.460502107506355,0.007727512054245232,0.0036322738320527168
w000803,651_T1_P1_R1,651,1,1,11,training,90048.37723197397,9,3,2.969258649275938,5.989631058903549,0.7287372643650428,0.13895698117056968,0.3414631222513572,1606.5255690138467,38689.58465896983,695.5860618177533,47439.84320038895,904.7469354874602,712.090806296143,11.408113434777567,0.01784069428453186,0.42965332467126466,0.007724581865876954,0.5268261867526939,0.010047343031587767,0.007907869394044972
w000804,651_T1_P1_R1,651,1,1,11,training,90845.7688616606,9,3,3.1421935688734695,6.708918430950473,0.7675229901605853,0.18960417813048594,0.04810476862334651,2901.35514534881,34683.524545710796,1340.620056669155,48747.66434612025,1536.6362181186369,1635.9685496929542,11.416929507552446,0.03193715218335569,0.38178469928001446,0.014757099570709158,0.5365980711809804,0.016914780263003963,0.0180081975219363
w000805,651_T1_P1_R1,651,1,1,11,training,94323.13729990736,9,3,3.1370435538742734,6.332965368494435,0.7692742109913455,0.17291709464555688,0.151955175286344,2973.3651956453155,30709.541809734248,2277.1722511249372,53856.03601985391,2888.5676116824634,1618.4544118664853,11.454492398752068,0.03152317957990818,0.3255780361937177,0.024142244589304748,0.5709737564031048,0.03062416809248032,0.01715861514148422
w000806,651_T1_P1_R1,651,1,1,11,training,84836.6506649344,9,3,3.2517103349387013,6.712611210970616,0.7249214260037371,0.29386804216375584,0.0769410885560384,2658.243791451283,22394.98506318444,3253.3421431162437,51130.53900059781,3936.804030251654,1462.7366363329666,11.348494716934225,0.03133367206998917,0.2639777134959546,0.03834830957631087,0.6026939842608808,0.046404519737586206,0.017241800859278393
w000807,651_T1_P1_R1,651,1,1,11,training,93597.51022677195,9,3,3.2779758879636667,7.126056415524001,0.7798753009597866,0.2564953681571771,0.023256012102924408,3200.0238161909374,31152.914523212152,3367.851712921116,50043.710110502536,4007.560984791497,1825.449079153713,11.446769745958376,0.034189198072019075,0.3328391369357323,0.03598227885294539,0.5346692448255786,0.042816961424313654,0.019503179889410936
w000808,651_T1_P1_R1,651,1,1,11,training,117593.2298748655,9,3,3.079251952788898,6.250038617811488,0.7586068930343927,0.17709622508819958,0.17856139032686602,3102.9104074973966,48783.30949945106,3195.800119180818,57354.86952826845,4036.642142617783,1119.698177849994,11.674995247552983,0.026386811645528377,0.4148479427885674,0.027176735621443217,0.48773955430343646,0.034327164471231,0.009521791169793521
w000809,651_T1_P1_R1,651,1,1,11,training,121314.10939622845,9,3,3.1045177116542706,6.502065914528749,0.7509006839712274,0.26940489320001887,0.2525083165926743,3566.7636508977603,53778.69351176673,3070.6419186693265,56271.9116765346,3655.799238090499,970.2994002695608,11.706146649386195,0.029401061992288324,0.4433012267033027,0.02531149867028402,0.4638529842620601,0.030134988059386886,0.007998240312678144
w000810,651_T1_P1_R1,651,1,1,11,training,146179.37339958912,9,3,3.0284868970075776,6.248490852058704,0.7913971399132331,0.3295981521126158,0.21846940885219893,4209.316381842582,59904.83698474422,3160.1783478083403,73811.08441028341,3834.7499255166686,1259.2073493939024,11.892596572413314,0.028795556335682128,0.40980362407896737,0.021618497017153192,0.5049350171211698,0.026233180758233072,0.008614124688794444
w000811,651_T1_P1_R1,651,1,1,12,training,145148.95282752905,9,3,2.7861429866850558,5.072164830561486,0.8161133024966272,-0.04889657309606366,0.22598099640041308,3768.1972596574788,54264.22373666261,2650.924118174692,80832.55492252647,3065.506468369562,567.5463221382379,11.885522644461535,0.02596089869235901,0.3738519822539899,0.018263473945448375,0.556893820781294,0.021119728448968568,0.003910095877940062
w000812,651_T1_P1_R1,651,1,1,12,training,144988.79533203825,9,3,2.881889256249379,5.58516968631426,0.8551676662503623,0.057042256321400496,0.138686813305418,2362.9797109348315,66221.79464499914,3721.6993291144117,68138.03298307935,4028.253714415019,516.0349494954561,11.884418641905707,0.016297671178820274,0.4567373257591725,0.02566887545062612,0.4699537838564471,0.027783207007065144,0.003559136747868596
w000813,651_T1_P1_R1,651,1,1,12,training,126878.9240171141,9,4,2.951578921633721,5.640587595887583,0.8758905183540234,0.08993146962913896,0.1963741640659463,1959.1357668517103,56117.41178006911,4640.255756378288,57871.41631254667,5720.549230173978,570.1551710943438,11.750996438012207,0.015440986610096501,0.44229104411777403,0.03657231326892705,0.45611528282459796,0.04508667829971792,0.00449369487888657
w000814,651_T1_P1_R1,651,1,1,12,training,125162.45145286007,9,4,3.0505809995025914,5.552598866392644,0.8717777755545366,0.06696490591067442,0.09672171228146019,1827.611216871928,50181.313728168425,7816.491711448996,56244.49998998633,8374.849535901812,717.6852704825761,11.737375773727782,0.014601912919229304,0.4009294572427595,0.06245077194251761,0.4493719908575752,0.0669118368862888,0.005734030151629604
w000815,651_T1_P1_R1,651,1,1,12,training,121488.48638533925,9,4,3.1854060516149296,6.227550239144895,0.8953230103671636,0.018117589960909973,0.3582921483378631,2636.388529177787,49230.31006433419,8716.878495776185,51165.11199831701,8824.514559842697,915.282737891376,11.70758300621074,0.02170072743202714,0.4052261372998315,0.07175065518659803,0.42115194221805213,0.0726366326752393,0.007533905188251886
w000816,651_T1_P1_R1,651,1,1,12,training,104693.60930266512,9,4,3.07529595091321,5.781636509851903,0.7803000502447164,0.10950452318537865,0.6144163013333046,1973.977659519809,31675.370252835928,6412.088090533103,56755.037430913435,6758.90421986253,1118.2316490003263,11.558802908452561,0.018854805681721383,0.30255304467786254,0.061246222508157186,0.5421060350191658,0.06455889967765657,0.01068099243543665
w000817,651_T1_P1_R1,651,1,1,12,training,135233.0222339676,9,4,3.0208789178461095,5.583541177461051,0.8618507881162316,0.07511988926847225,0.23319704041536396,1697.7998603781919,56193.95706286988,6971.609261784635,62714.47592236944,6323.56544520779,1331.614681357666,11.81476205467639,0.012554624841858642,0.4155342839683662,0.05155256568712192,0.46375119690711847,0.046760512637714656,0.00984681595782005
w000843,651_T1_P1_R1,651,1,1,15,training,5008.357467981718,9,4,2.606786605696159,3.5431815254391106,0.32533374983703844,-0.07522939765022953,0.17608817556592843,37.430894617406004,1139.017935181768,140.7729961764515,306.5699888830388,3358.7585397485823,25.807113374471363,8.51906293595034,0.007473686704014362,0.22742345019569313,0.02810761753257612,0.061211682840718075,0.670630752940665,0.005152809786333239
w000844,651_T1_P1_R1,651,1,1,15,training,57778.235839978624,9,3,2.904276939624898,5.821685813762701,0.42822968623699964,0.6452117594177837,0.8394753823080512,139.84646495692746,14249.314526004935,406.52211549282094,28090.225306783985,14838.861115174153,53.466311565806734,10.964384748594913,0.0024204003968595245,0.24662079620204283,0.007035903910578301,0.48617312208323693,0.25682440627421627,0.0009253711330661929
w000845,651_T1_P1_R1,651,1,1,15,training,132157.91177593847,9,3,3.117840810499127,7.285204730580266,0.5469314047138333,0.29443270906640545,0.5292718825952242,559.6241839954325,42338.31972594685,2338.914786114279,48636.42637084474,38083.71199577347,200.91471326370402,11.791760354580003,0.004234511399848869,0.3203615974027159,0.017697879413225696,0.36801751569216157,0.2881682336229774,0.0015202624690706097
w000846,651_T1_P1_R1,651,1,1,15,training,137415.4986489926,9,4,3.0923241589232426,6.414465985551155,0.6212284401673067,0.12803405122840594,0.2916315938342363,1292.0663516953346,52133.553756135276,5445.998287888667,37570.48374170229,40639.608441721975,333.78806984903633,11.830771729065244,0.009402624626758626,0.3793862720631147,0.03963161609448187,0.2734079060300941,0.29574253880582857,0.0024290423797220153
w000847,651_T1_P1_R1,651,1,1,15,training,132457.68047675918,9,4,3.1502606510190865,6.6184361289145075,0.6659700194085616,0.12857707512161057,0.35737948453528023,2640.283003065182,46425.25603429966,5854.786190382316,50629.882134536354,26582.573741565237,324.89937291044134,11.794026030316086,0.019933030637120677,0.35049123514166747,0.0442011831198387,0.38223440084638804,0.20068729609250083,0.002452854162484354
w000848,651_T1_P1_R1,651,1,1,15,training,140900.20887978945,9,3,3.0482330461423,5.90912216470513,0.6288099957319417,0.030618136650002594,0.3339100777818603,3498.6923065120372,56459.067382512054,3973.769032466145,61385.63822583613,14886.792352182763,696.2495802803282,11.855814277550389,0.024830994462875386,0.40070251017640945,0.028202719244060235,0.43566747497307085,0.10565486361261248,0.004941437530971591
w000849,651_T1_P1_R1,651,1,1,15,training,114287.32051095639,9,4,3.1804822762403715,6.251716995933784,0.7487190830678865,-0.05970922805039195,0.06102978313234212,2260.0054310543273,52626.58867589076,4094.0215220825694,40549.859130534016,13396.571301524937,1360.2744498697693,11.646479661805602,0.01977476959780212,0.4604761791649985,0.035822184856368976,0.35480628077763554,0.11721835144643755,0.011902234156757258
w000850,651_T1_P1_R1,651,1,1,15,training,113772.28334699791,9,3,3.395336461269544,8.13114895616654,0.674389155839257,0.0008800208291150468,0.28901380997518494,1260.8939634729054,49423.09908872473,4913.20422841027,38874.171274620036,17702.00217205489,1598.9126197150943,11.641963004632126,0.011082611040047975,0.43440368457744283,0.04318454445908696,0.3416840211957107,0.15559151711902414,0.014053621608687566
w000851,651_T1_P1_R1,651,1,1,15,training,140301.80132991285,9,3,3.328918142656367,7.647782180278515,0.6916204535301758,0.0588797969728845,0.1759078773260765,1309.2623282488144,57240.1319100578,5683.514689166936,51784.367357553885,23046.410870063184,1238.114174822236,11.851558232604782,0.009331757082506359,0.4079785959088324,0.040509206833363655,0.3690926764068087,0.16426311459730067,0.008824649171188265
w000852,651_T1_P1_R1,651,1,1,15,training,144262.95708367045,9,3,3.191332882061043,6.665143268202104,0.7123644609638852,0.11695050141375966,0.3810807270581703,1506.6818987516613,52840.17689881083,7057.244814611485,53051.926482760915,28557.948747439936,1248.9782412956272,11.879399935902386,0.0104439970537815,0.36627681815896984,0.04891931343482987,0.36774462103942285,0.19795759996016674,0.008657650352829227
w000853,651_T1_P1_R1,651,1,1,15,training,152157.47509470067,9,4,3.14810237101387,6.257824101998226,0.672568610792324,0.04363578442963485,0.34873810986653087,1883.2396784760117,46476.80536207446,7102.465839419181,71215.34922109512,23956.998433912308,1522.6165597236031,11.932677856006475,0.01237691199399773,0.3054520018365707,0.04667838918198863,0.4680371383448082,0.15744871173106553,0.0100068469115694
w000854,651_T1_P1_R1,651,1,1,15,training,138643.23291018777,9,3,3.3114843291775884,7.495710435139512,0.564923134532528,0.03465564738891312,0.11440050572356766,1953.1293388793174,36209.73782391029,5628.702254209949,57686.15443562782,35932.41957026171,1233.089487298704,11.839666455589503,0.014087448033937166,0.261172053362076,0.0405984636686609,0.4160762355635241,0.2591718240841838,0.008893975287618197
w000855,651_T1_P1_R1,651,1,1,15,training,130698.9752565216,9,4,3.263663432940526,7.160102923086665,0.5444734645922582,0.15394140326927705,0.1650363264359841,1990.1779116109433,25940.44850342285,5156.896547541433,38106.771693685594,57939.79727652969,1564.8833237311023,11.780659710297234,0.015227188336441357,0.1984747657929971,0.03945628905980359,0.29156136548809053,0.4433072039226919,0.011973187399975563
w000856,651_T1_P1_R1,651,1,1,15,training,114737.28584572765,9,3,3.499499078189107,8.83494536124242,0.5534476192388538,0.15921292891902478,0.2105574489319049,1966.5627437585838,26717.45072281344,5272.552745297753,45772.368561637006,33602.98855921626,1405.3625130046048,11.65040903857876,0.01713970074560388,0.23285761490590715,0.04595326363556369,0.39893194460936765,0.29286895111322264,0.012248524990334995
w000857,671_T1_P1_R1,671,1,1,1,training,5465.667282233672,9,5,3.686267031557704,10.697417957663612,0.7810599801661705,0.4476448062608599,0.6240727719677869,813.3436671580848,1416.6154509224127,1167.9298784216521,1066.8625535880856,890.1919674799784,110.72376466345838,8.606424437747894,0.1488095826472798,0.259184355316901,0.21368477408386088,0.19519346833568826,0.16286976896189348,0.020258050654376556
w000858,671_T1_P1_R1,671,1,1,1,training,6375.17356056851,9,5,3.512091058136577,9.037301246520858,0.8010500489286042,0.3203910321813896,0.628086743810486,910.1468512268691,1311.0642739525485,1402.7028107656379,1447.5518397886185,1217.7058054701367,86.00197936469867,8.760323441016839,0.1427642467424379,0.20565154211042902,0.22002582320920389,0.22706077348889184,0.19100747515359365,0.01349013929544365
w000859,671_T1_P1_R1,671,1,1,1,training,3384.399284908497,9,5,3.369344241955357,7.710074666433637,0.7961566111481277,0.644600231334715,0.6546115146330522,186.46948296663453,628.1268050760759,838.2600372787296,929.1214354178264,788.7104960995562,13.711028069674347,8.127227135526907,0.05509677413008792,0.18559476946971948,0.24768355229734465,0.2745306795096273,0.2330429803647947,0.004051244228425916
w000860,671_T1_P1_R1,671,1,1,1,training,1613.6827832674255,9,4,3.4205631315380893,7.854046977231736,0.8380595637696031,0.4943447895540986,0.3876078791609429,40.37866309118671,374.79550751845716,424.4403534149625,397.9219931509827,344.45294274497223,31.693323346864183,7.386893797334555,0.025022677015507953,0.2322609569890569,0.2630258919634409,0.24659245130276486,0.2134576549472228,0.019640367782006538
w000861,671_T1_P1_R1,671,1,1,1,training,6051.478442588636,9,4,3.1177071337211246,6.2384039601876236,0.7824164292429787,0.5987378082254636,0.3736020563818804,79.79872294131852,1099.8678665934992,1778.0963324473862,1514.2620704785559,1467.9795311689154,111.47391895896061,8.708223127069173,0.013186649130188932,0.18175192674453444,0.29382841719035707,0.25023010241953386,0.24258196490260633,0.018420939612779234
w000862,671_T1_P1_R1,671,1,1,1,training,10253.562121807718,9,4,3.300175340782213,7.1495365434327995,0.8384147958908368,0.12669733451337212,0.3328239191661745,404.0898155776964,1942.8455901770603,2731.244720055121,2607.9681012124224,2373.103142968307,194.31075181711182,9.235477970599993,0.03940970082175255,0.18948006235266598,0.266370329414223,0.25434752042567565,0.23144182624310522,0.018950560742577775
w000863,671_T1_P1_R1,671,1,1,2,training,233.98710043994976,9,3,1.6418592891749166,2.383210401321973,0.7655328379642548,0.3107907001152155,0.880787082338347,214.16916358246033,8.649421698883787,1.8827519247195985,6.831412378691269,1.2116043791621856,1.2427464760326132,5.459530620892657,0.9153032931292916,0.03696537835898166,0.008046391964256107,0.02919567944492084,0.005178081940774041,0.0053111751617758544
w000864,671_T1_P1_R1,671,1,1,2,training,268.95612147828547,9,3,2.2459917778577805,3.0740148096523923,0.8392323730705104,0.3471586872961059,0.8372819270582912,215.76784612436114,21.723578639150602,3.753894186407279,18.210763375741745,4.549452266526409,4.950586886098243,5.598259432748312,0.8022418115580293,0.08076997288535218,0.013957273646624751,0.0677090496235908,0.016915221120534025,0.018406671165868724
w000865,671_T1_P1_R1,671,1,1,2,training,261.2844171753686,9,4,3.575278977382275,9.357008446597238,0.8414723652805354,0.3016101476484906,0.6167924323151287,43.384182421688706,109.16747897559901,12.211864507937808,72.21271318416308,15.088617149790382,9.219560936189662,5.569429476703079,0.1660419817251105,0.41781090566272877,0.04673782171916307,0.2763758894036739,0.057747864617824565,0.035285536871499254
w000866,671_T1_P1_R1,671,1,1,2,training,449.2904827625399,9,4,3.2343714373235612,6.183680471289843,0.8249193061748107,0.24225918107132244,0.40290238842648407,25.04812569761456,201.7374993161455,27.61683677845143,156.63211369722364,26.682143278299705,11.573763994805114,6.109892891757811,0.055750403488633554,0.4490135158789203,0.061467664769225806,0.3486210362929215,0.05938728796176574,0.025760091608533153
w000867,671_T1_P1_R1,671,1,1,2,training,357.6953591744055,9,5,3.0999566397262117,5.53847213709982,0.7156196447290587,0.40881757959733844,0.8140648513063384,13.943691606215296,140.26422327289788,33.90668590093766,129.9956496530062,31.684261544205498,7.900847197142993,5.882473446552131,0.03898203107358912,0.39213319288413717,0.09479207664085293,0.36342559756170273,0.08857890026120482,0.022088201578513322
w000868,671_T1_P1_R1,671,1,1,2,training,206.62127421697133,9,4,3.4702794137176967,8.243650868989043,0.7825866982820899,0.11423137353757534,0.11288206848923535,9.44790273758985,56.65473609189231,40.30442673041452,60.6416043860746,36.56996651643496,3.002637754565116,5.3357156230016916,0.04572570164129703,0.2741960444615187,0.19506426375093963,0.29349158074785336,0.17699032519774868,0.01453208420064272
w000869,671_T1_P1_R1,671,1,1,2,training,241.18111795404207,9,4,3.6359030684606486,10.352506195389271,0.7842608337681256,0.10459516022508661,0.14690084102536974,11.442971841361928,59.17273263461923,66.68875766631726,52.013390298623406,50.05438524521169,1.808880267908504,5.489685867526822,0.04744555435530582,0.24534562712282812,0.2765090328465309,0.2156611211518422,0.20753857378980115,0.007500090733691652
w000870,671_T1_P1_R1,671,1,1,2,training,287.9533039035979,9,4,3.506277249760054,9.340872642166735,0.6890546020075067,0.06642861484467648,0.33820710727087416,4.386845226742366,54.61757532037503,109.3595152239364,53.451693950191476,64.86215468775268,1.2755194945999893,5.666265096869028,0.015234571603356256,0.18967511252678704,0.3797821165495229,0.18562625684644424,0.22525233712709017,0.004429605346799607
w000871,671_T1_P1_R1,671,1,1,2,training,206.166155480165,9,4,3.4402445925244542,8.558499227495599,0.6564133759628873,0.14551354448975443,0.32085163161645636,2.391839243603552,29.967772183521355,71.44009849569568,62.47886855477215,38.92175088067511,0.9658261218971489,5.33352115476633,0.011601512566565117,0.14535737989451192,0.34651710087579746,0.30305104351030676,0.18878826541643362,0.004684697736385106
w000872,671_T1_P1_R1,671,1,1,2,training,84.20545026334673,9,4,3.2877636625115763,6.554405238022731,0.7619124632050325,0.011594811529179102,0.12722112047086745,2.528633418688414,28.127994452116905,7.506798395209734,40.16920780440038,5.182832286012355,0.6899839069189526,4.445065402016336,0.030029331958683046,0.3340400694271991,0.08914860465365057,0.477038097638264,0.061549843505419234,0.008194052816784134
w000873,671_T1_P1_R1,671,1,1,2,training,386.3696721409088,9,4,3.08122926492915,6.0363293726542295,0.6726591162143892,0.399760994533733,0.4624871659322271,2.8760872381786577,43.34173168199695,214.69249200605577,28.729265226432698,94.9894286986329,1.7406672896118383,5.959379462262851,0.007443874210524864,0.11217684721949461,0.5556660045712841,0.07435693662818119,0.2458511512362966,0.0045051861342186765
w000874,671_T1_P1_R1,671,1,1,2,training,1482.9626022454427,9,4,3.3231116887888406,8.077712044746455,0.7489007568737122,0.6559443873549732,0.7801507242790278,13.035154137586122,282.8356905296595,495.4745650500954,300.2591921709951,376.293205609253,15.064794747853485,7.302471222766552,0.008789941241841712,0.19072341413155058,0.33411130145822127,0.20247253148282676,0.25374423133765134,0.010158580347908286
w000875,671_T1_P1_R1,671,1,1,2,training,2633.8117638232907,9,5,3.437361386560708,8.346449829568286,0.8468962435791048,0.5137016543640772,0.7959756711471623,379.8231937066369,679.1685613806064,477.69810419528284,580.6906052230124,470.12120340318796,46.31009591456416,7.8765670215445205,0.14421045532702703,0.2578652623203082,0.18137139136391708,0.22047536319758518,0.17849460992639474,0.017582917864767813
w000876,671_T1_P1_R1,671,1,1,2,training,1740.2383598120134,9,5,3.4973256845859777,8.804732355105541,0.8610739108878052,0.6386086413466996,0.9044332136588045,522.5106322890837,437.2352187935445,214.98784676992184,320.88844471278446,207.30577535052817,37.31044189615061,7.462351840110875,0.30025233574642446,0.2512501901410656,0.12353931032364186,0.1843933866320749,0.11912493146796399,0.021439845688829094
w000877,671_T1_P1_R1,671,1,1,3,training,71606.23390746297,9,3,2.475557690677481,4.4960143286567185,0.8183572564660837,0.5305211986970454,0.7230457157799566,202.81197338096356,34485.435643982964,23.08405427725262,36838.49041209184,43.821778729634666,12.59004500032303,11.178951380072462,0.0028323228623231087,0.48159823191579426,0.0003223749248855098,0.5144592642548186,0.000611982733043407,0.00017582330913525207
w000878,671_T1_P1_R1,671,1,1,3,training,20657.670254564353,9,3,2.2648748760017594,3.71585886771175,0.86404890562881,0.7908807320840165,0.8382083848748141,104.1026014573419,9859.446833436192,8.497200205427891,10666.790940998424,15.237500303963408,3.595178163004629,9.935890377318795,0.005039416360823178,0.47727777198194593,0.00041133390652077126,0.5163598222622212,0.0007376194951411161,0.00017403599334781073
w000879,671_T1_P1_R1,671,1,1,3,training,1389.5587516422631,9,3,2.4128630090799352,4.038509705088089,0.8378856770446925,0.12323153662101637,0.08109184770167913,32.21488789692036,729.1839652632631,5.57413403762389,615.0073536725527,7.056109917125527,0.5223008547777275,7.237460924951334,0.02318353783807046,0.5247593629283182,0.004011441783973543,0.44259183208029196,0.0050779500390222415,0.0003758753303237026
w000880,671_T1_P1_R1,671,1,1,3,training,296.3414784796655,9,3,3.0537732340243915,6.384557283234036,0.818339917169666,0.17878689174543025,0.2105814703144773,11.839872434260151,135.30723438452412,6.298119778499705,135.64505691251998,6.8638148424981775,0.38738012736339117,5.694881237526598,0.039953476965164644,0.456592290349286,0.021252913398459247,0.4577322675462987,0.02316184314700705,0.001307208593784392
w000881,671_T1_P1_R1,671,1,1,3,training,336.27304712133827,9,3,3.1492421801695545,6.895763324677742,0.7424027071386577,0.18747919524797185,0.19868033065829144,26.739993204003397,132.59748495420752,7.70707447406345,160.29623691306185,8.489936945189053,0.44232063081296935,5.820892831140861,0.07951869301720972,0.39431493570271786,0.02291909666873327,0.4766847604506993,0.025247152627506323,0.001315361533133417
w000882,671_T1_P1_R1,671,1,1,3,training,530.9496708546125,9,3,2.963363327596407,5.7905440196704285,0.7862473800030332,0.19315475633519108,0.1872541069513587,277.58692082189634,95.95183884382604,8.71866716116547,139.40095841639175,8.794033066507069,0.4972525448257795,6.276548881209693,0.5228121158359409,0.1807173901989292,0.0164208919220761,0.26255023040510234,0.016562837401052084,0.0009365342368993386
w000883,671_T1_P1_R1,671,1,1,3,training,1086.9469242305613,9,3,2.7366178328460364,4.920626409127978,0.6495549000602462,0.2592475642691593,0.7384914508211047,633.1771069888475,290.6311804009957,6.564096317825392,147.48583972550787,6.418956027850495,2.6697447695343595,6.992047643349642,0.5825280819825376,0.26738304688311304,0.006039021935198951,0.13568817063437721,0.005905491689388981,0.0024561868753842277
w000884,671_T1_P1_R1,671,1,1,3,training,2055.246626624463,9,3,2.6627918941857005,4.2610703556568374,0.4871446465978817,0.47119828785448126,0.7906313490393171,435.5635604126021,1447.6674612528673,9.39035790849087,138.94463497269825,12.978091483554035,10.702520594250089,7.628637573964963,0.21192763669826414,0.7043765173966087,0.004568968894946488,0.06760484759967758,0.006314615149068145,0.005207414261434847
w000885,671_T1_P1_R1,671,1,1,3,training,1371.7241493254185,9,3,2.287558081101708,3.0609136023039145,0.3902473446414035,0.7671566127148571,0.8299076461872223,63.200805848902775,1205.638074721583,6.590725280861065,77.64578144792102,10.319380994469377,8.329381031681496,7.224552474676202,0.04607399080929168,0.878921666075856,0.004804701647996959,0.05660451591969522,0.007522927258767154,0.006072198288393253
w000886,671_T1_P1_R1,671,1,1,3,training,23.185033381674362,9,3,3.615773178450006,10.18211648278066,0.8381585707507601,0.25004132631214904,0.0912234480483427,2.088441870120054,9.686018341098432,1.2257925372208374,8.47549404667063,1.508899577108727,0.20038700945568472,3.185733986537561,0.09007715605752697,0.41777029955688305,0.05286999233694068,0.3655588459652479,0.0650807593100717,0.008642946773329739
w000887,671_T1_P1_R1,671,1,1,3,training,33712.40670155446,9,3,2.606928527711224,4.909201908350203,0.7535476708882544,0.7785442696305285,0.8701748196244747,483.4071921783172,15458.494312887582,18.095419304412033,17729.345134234012,17.008136895918863,6.056506054212708,10.425650862201023,0.014339148090427719,0.4585402178413682,0.0005367584540790933,0.5258997167181341,0.0005045067546344779,0.0001796521413564178
w000888,671_T1_P1_R1,671,1,1,3,training,72921.898316948,9,3,2.6537021958523757,5.199452401363522,0.8124738826126033,0.5254026782443058,0.520247875374946,618.6396455223417,33694.05754704258,53.48289821574367,38450.789042641285,73.09917604856028,31.83000747750015,11.197157974532459,0.008483592169165482,0.46205678026365427,0.0007334271247751313,0.5272872748802923,0.0010024310630373575,0.0004364944990756287
w000889,671_T1_P1_R1,671,1,1,4,training,98312.49825798106,9,3,2.769360930898946,5.880428463314778,0.7924153994463558,0.2752300299464832,0.47650324980534753,663.8588320533635,44354.13531628447,73.2845694586254,52921.8142680541,72.34238037469808,227.06289175581577,11.495916613676417,0.006752537508622115,0.4511545948094527,0.0007454247502318568,0.5383019982788189,0.0007358411357309322,0.002309603517143688
w000890,671_T1_P1_R1,671,1,1,5,training,54965.891143671906,9,3,2.650193458211944,5.081426277778473,0.6674124090561547,0.7349284519098399,0.6038327216316363,222.40281440180738,41049.17726929928,47.680869724975096,13450.468691769485,62.88291685343165,133.27858162292162,10.914486303746413,0.00404619682814716,0.7468118212075086,0.000867462870752792,0.24470573317208932,0.0011440352470419505,0.0024247506744601494
w000891,671_T1_P1_R1,671,1,1,5,training,105614.43304669132,9,3,2.8133826793967134,6.263615739232985,0.7968073577246566,0.23944607867022408,0.12259607800647578,391.5682918762684,49660.819703748704,84.31495901598048,55144.41357654213,133.46986434355244,199.84665116468244,11.567559785851458,0.003707526334995891,0.4702086473521478,0.0007983279991542963,0.5221295232647153,0.0012637464453797375,0.001892228603606969
w000892,671_T1_P1_R1,671,1,1,6,training,1871.7934187337441,9,6,2.996498436019055,5.897971549163797,0.7275042378160143,0.035933010518841936,0.3042869562085109,573.9502503911883,72.92556986366363,472.2918621624667,79.04437917557752,542.8931499000685,130.68820724077943,7.535186402038608,0.30663119372407127,0.03896026619913927,0.2523205057970388,0.04222922165686987,0.29003903126624525,0.06981978135663558
w000893,671_T1_P1_R1,671,1,1,6,training,667.6337385240505,9,6,3.3511568921028645,6.735770357100535,0.7264088282090713,0.23246737939256915,0.43342061822020034,53.35570291953204,83.09854940759354,160.28938887196503,91.04421236459235,209.0018938972248,70.8439910631428,6.505236434160739,0.07991762524986593,0.12446727091908348,0.24008581295834386,0.13636850133707348,0.31304872992079297,0.10611205961484037
w000894,671_T1_P1_R1,671,1,1,6,training,384.08352568411084,9,5,3.395722704681541,7.194974365655727,0.7763762404663138,0.3625206791280957,0.6335647910785298,9.238596495926863,61.80998711949198,97.09100692870891,84.73484817885713,111.96272514835377,19.246361812772157,5.953460260586432,0.02405361302459283,0.1609285037919787,0.2527861791410479,0.22061567995641457,0.2915061898292337,0.050109834256732246
w000895,671_T1_P1_R1,671,1,1,6,training,1841.6963131955572,9,5,3.0103151515075672,5.486046162070427,0.8169744091408077,0.7286368165458105,0.8160424940272577,403.0008853729057,100.85347440049186,533.0637376512162,112.54076881996583,574.946041498615,117.29140545236265,7.518985165576648,0.21882048765882162,0.05476118602067426,0.2894417140501784,0.0611071260845902,0.31218287042178894,0.06368661576394669
w000896,671_T1_P1_R1,671,1,1,6,training,2667.2377706731877,9,5,2.9983323393713586,5.885134119427716,0.8196676133916704,0.5211301852109843,0.6554317240379606,819.2870790503459,95.0257889677948,687.4833583597506,145.53400666055478,744.3969045794158,175.5106330553255,7.8891735225073365,0.3071668705574625,0.03562704083326291,0.25775105838660783,0.054563566945823226,0.2790890683853568,0.06580239489148662
w000897,671_T1_P1_R1,671,1,1,7,training,1506.6033540381068,9,6,3.378591113309602,7.194262987211569,0.7873351062543881,0.1859175614664904,0.18126078621058006,259.6058554301404,155.52610497904882,459.08801397181844,142.71954556924072,377.89622558075166,111.7676085071067,7.3182764861438265,0.17231201213931066,0.10322962879526092,0.3047172387751147,0.09472934278734581,0.25082661907521114,0.07418515842775679
w000898,671_T1_P1_R1,671,1,1,7,training,551.5956951326293,9,5,3.267113409683108,6.390048548658532,0.7324300036344321,0.5442827650435971,0.6384140024194366,24.71679140580266,93.49320102662314,180.43205844091526,107.02190782507728,132.40451537228904,13.527221061921981,6.314626622253813,0.044809616216927854,0.16949588593896298,0.3271092578007357,0.194022376841328,0.24003906582420448,0.02452379737784104
w000899,671_T1_P1_R1,671,1,1,7,training,361.3893288354902,9,4,2.9152448614686026,5.001545906060768,0.7195068795693421,0.3865046730329009,0.3352541494088926,8.59600633242626,83.23790010164085,134.2234047080197,35.008164527021954,97.56893017208824,2.7549229942932083,5.892719127917104,0.02378599932689017,0.23032749851762221,0.3714094302134754,0.0968710521692194,0.2699828754946527,0.007623144278140239
w000900,671_T1_P1_R1,671,1,1,7,training,3126.462891694887,9,5,2.9675541882924024,4.997296514491252,0.6068132847688587,0.6218307787343147,0.801988949472904,436.82756349593,157.73721236297104,1147.3908598692997,239.11667207628952,1007.8574631715264,137.53312071887,8.047977377105171,0.13971941412012776,0.05045228996063987,0.3669932763050604,0.07648153212100399,0.32236348169965223,0.04399000579351573
w000901,671_T1_P1_R1,671,1,1,8,training,7862.4278733448045,9,3,2.7791387781568093,5.873339848313321,0.9074242488556367,0.27200876879370917,0.28920604515055576,45.44324715365781,4491.6113839398395,6.917732357964239,3303.790545569514,6.418906784965142,8.246057538863589,8.96997790655385,0.005779798286954016,0.5712753689184604,0.0008798468449442606,0.42019979054688966,0.0008164026288529163,0.0010487927738986789
w000902,671_T1_P1_R1,671,1,1,8,training,4164.745108256356,9,3,2.364854299952685,3.9186968247392477,0.8746717046365216,0.4024545642072124,0.35846837376935736,12.578622009866038,2494.4804318157835,6.0102548821898285,1642.8123758731354,4.864622277748312,3.9988013976320236,8.334650436141228,0.003020262148799858,0.5989515245172211,0.0014431267042669337,0.3944568834756199,0.0011680480200587768,0.0009601551340332068
w000903,671_T1_P1_R1,671,1,1,8,training,4987.2013794275135,9,4,2.114095122456196,3.086858492692709,0.4937546255660631,0.6603237117585719,0.8099063379868866,25.683527010526944,558.9499992053716,40.20591385140635,4327.6721273668245,32.07068821167244,2.6191237817108903,8.514830678765144,0.005149887693822218,0.11207688574820174,0.008061818802276164,0.8677556405118741,0.0064305981996166895,0.000525169044208827
w000904,671_T1_P1_R1,671,1,1,8,training,6306.866838048272,9,3,2.2935216118152524,3.4089415921121957,0.4643230829717123,0.16145423909378026,0.1595641189320862,119.65728674145109,751.6238377251902,47.47955214329465,5337.694322541064,44.25339309058927,6.158445806681748,8.74955283784874,0.01897254053622612,0.11917547286566595,0.007528231269583568,0.8463305884848634,0.007016700086898292,0.0009764667567624663
w000905,671_T1_P1_R1,671,1,1,8,training,2338.1578113159894,9,3,2.966521900380184,5.936643477509933,0.6398187934345178,0.11432278725822953,0.17747593682100696,117.33521373776514,680.5419694219416,32.27301416808007,1465.5692074185613,34.79860186996541,7.6398046996757705,7.757546233874687,0.05018276062030439,0.29105904063802734,0.01380275275342334,0.6268050857498333,0.014882914105091842,0.003267446133319738
w000906,671_T1_P1_R1,671,1,1,8,training,3935.661254066834,9,4,2.644420429211515,4.143783389943282,0.6431803793930285,0.2682101229143552,0.3682449575205367,48.65250783380916,890.2765981530309,109.69607286857934,2795.693489828337,75.80671471657664,15.53587066650108,8.278088245602836,0.01236196529453217,0.22620762831991245,0.027872336003315117,0.7103491152698839,0.01926149376759581,0.003947461344760658
w000907,671_T1_P1_R1,671,1,1,8,training,3928.5708561059473,9,3,2.9180533919690768,4.656232265003066,0.5722585745015173,0.22056849620255528,0.20518134411304942,68.78139932704269,805.899770330325,316.48134861515086,2595.3517073165267,115.64390574492754,26.412724771974435,8.276285501981283,0.017507995107213046,0.20513815324923115,0.08055890047732306,0.66063507631095,0.02943663484271615,0.006723240012566576
w000908,671_T1_P1_R1,671,1,1,8,training,5722.941621365967,9,3,3.4222613584611743,8.410990405234804,0.6978830001428324,0.7964953900979307,0.7294243839380324,165.21551986648353,2283.096157068226,528.5921216127587,2501.8116737581267,209.18335304423707,35.042796016134645,8.652412941701545,0.028868985706523676,0.39893752341357813,0.09236371023588964,0.43715484785270053,0.036551718833418505,0.006123213957889464
w000909,671_T1_P1_R1,671,1,1,8,training,13910.967989073106,9,3,3.251614563521843,7.61582815240793,0.8696387111906276,0.8171818858185345,0.8793534928079245,259.0109279997631,5609.866714258616,628.8371209718962,6824.611518113973,526.0540907508275,62.58761697802983,9.54050475507353,0.018619187981973147,0.40326932810607413,0.0452044114734388,0.4905921373318249,0.037815778971243164,0.0044991561354459034
w000910,671_T1_P1_R1,671,1,1,8,training,13277.742878171155,9,4,3.082922780800083,6.473977964417794,0.7900848161092764,0.6795827966337861,0.5944629598689459,201.2730126015347,5329.1871452907135,407.8524545844727,6766.047824330382,518.7545584208331,54.62788294321739,9.493919755761304,0.015158676775736568,0.4013624299090768,0.03071700200302789,0.5095781629763207,0.03906948366003342,0.004114244675804545
w000911,671_T1_P1_R1,671,1,1,8,training,5690.613906269945,9,3,2.817946069904205,4.971043397349182,0.7121035735731057,0.667618993225407,0.5447395297164502,89.73884483700965,2266.6132220873014,110.98665602038972,3020.182467344143,185.3195513898783,17.77316459122217,8.646749125965682,0.015769624563377067,0.3983073284219716,0.01950345917829781,0.5307305181988348,0.032565827596508064,0.0031232420410106567
w000912,671_T1_P1_R1,671,1,1,8,training,1447.848549426544,9,4,2.970685439239189,5.852234763467273,0.8282235120742273,0.6086727151243896,0.6463591077488023,31.060190663469882,578.4071453784773,37.86879212995439,741.1788223585529,53.45179538056052,5.881803515529347,7.278524416103379,0.021452651712620105,0.3994942327411038,0.026155216403644745,0.511917370537212,0.03691808470004091,0.004062443905378763
w000913,671_T1_P1_R1,671,1,1,8,training,7589.48340720482,9,3,3.1854270163134966,6.79060663617878,0.7049528488547967,0.8998517323629919,0.9416703849960255,103.26592112983175,3675.412599603299,287.55243482160256,3000.2408243802797,483.0800463740885,39.93158089571806,8.934650558375363,0.013606449291634229,0.4842770452748036,0.03788827505026553,0.39531555224590154,0.06365124218013216,0.005261435957262962
w000914,671_T1_P1_R1,671,1,1,8,training,14696.386851734951,9,4,3.0185269990898553,5.926273413604105,0.7011922835499348,0.5219766741274111,0.696943265582528,218.86393302128388,8460.537367248235,367.51129669328424,5005.990430819894,586.1309956038245,57.35282834843021,9.595424991776625,0.01489236335633383,0.5756882594751134,0.02500691499216343,0.34062729032128886,0.03988265969840268,0.003902512156697858
w000915,671_T1_P1_R1,671,1,1,8,training,15234.896842049022,9,3,2.8132174470344555,5.441040097475403,0.8081969073692277,0.24708627239246736,0.15175350498918766,197.02313966027057,9668.899956283061,92.34397471579396,5135.329805826554,115.9861748941886,25.313790669153367,9.631409556904073,0.012932357974126715,0.6346547703294222,0.006061345585282882,0.33707676914836765,0.0076131906961169156,0.0016615662666836135
w000932,671_T1_P1_R1,671,1,1,11,training,199135.28376953272,9,3,2.806811667038146,5.497226178445761,0.8368885275613543,0.31977196371389116,0.30269962122297855,2494.282525941892,108776.05397642302,1650.8597635217072,83238.5649876779,1773.5745227038733,1201.9479932643183,12.201744712371609,0.012525567939173579,0.5462419914610106,0.008290141918959543,0.4180000822155317,0.008906380070527846,0.006035836394796721
w000933,671_T1_P1_R1,671,1,1,11,training,289321.63530494797,9,3,2.9140940439176024,5.886870835074305,0.8850985424325789,0.386447412389028,0.35364373640203867,5415.491035657524,130501.83406491473,3118.3085706973848,144422.68654442416,3235.683341645482,2627.6317476086124,12.57529772953831,0.018717891698453663,0.45106144214678057,0.01077799994947027,0.49917693293901494,0.011183689523374353,0.009082043742905924
w000934,671_T1_P1_R1,671,1,1,11,training,260712.35480789866,9,3,3.017063039838517,6.274667262388068,0.8124803048093808,0.3523724139309497,0.23466199995532713,8190.263453038002,89163.81123008445,3386.3446419932407,152795.48549081353,3259.81919255892,3916.630799410502,12.471176825337201,0.031414941800793655,0.3420007129918459,0.012988815372744454,0.5860692164105464,0.012503508684737479,0.015022804739331984
w000935,671_T1_P1_R1,671,1,1,11,training,281135.7633385411,9,3,3.051168653469888,6.771022671815358,0.9115013858261273,0.3205157322059007,0.166069239642246,8086.824696241214,118928.90685632241,2858.101439518835,144794.06396450105,2974.649205342096,3493.217176615459,12.546596532187136,0.028764838027750792,0.42303015967808166,0.01016626773334823,0.5150325317741286,0.010580828173611093,0.012425374613079585
w000936,671_T1_P1_R1,671,1,1,11,training,313820.5606931023,9,3,3.0223641352183517,6.876255992895195,0.9053807214501771,0.21785231623253545,0.2498856172880035,5720.025782314684,137578.85159453354,3631.730070498736,160815.92537881446,3782.8984506031047,2291.129416337765,12.656579825311777,0.018227058704125273,0.43839973802442284,0.011572632661409175,0.5124454720992063,0.01205433589898704,0.007300762611849236
w000937,671_T1_P1_R1,671,1,1,11,training,336861.4814680877,9,3,2.831080698003649,5.931667557028479,0.8074760180752828,0.07599678190471108,0.4115022494816901,3999.3725828639917,178551.97865607694,2827.8085600773165,147132.4370318223,2741.401269172401,1608.4833680747402,12.727430059192287,0.011872454414895367,0.5300456967591646,0.008394573780752094,0.43677429782294885,0.00813806689095175,0.004774910331287368
w000938,671_T1_P1_R1,671,1,1,11,training,324275.5390590282,9,3,2.708644684137437,5.553065283679911,0.8288624955176385,0.16782115356233582,0.42170312372387364,2277.7893008459996,172943.38030577474,1259.68381449669,144884.53751062605,1333.7021422031405,1576.4459850815233,12.689351946351426,0.007024240272502858,0.5333223122768248,0.0038846094224436354,0.4467945313761473,0.004112866934315281,0.0048614397177659495
w000939,671_T1_P1_R1,671,1,1,11,training,263483.48941677605,9,3,2.8697020164016593,6.270699099886545,0.8465082336049442,0.1885096392053859,0.45822000044650907,2574.8752118199377,142467.87999942567,1005.3434282474688,113860.36593902274,1069.2373068928423,2505.7875313674026,12.48174978153757,0.00977243476439247,0.5407089465635212,0.003815584158509548,0.43213472764860544,0.004058080865938174,0.009510225999033162
w000940,671_T1_P1_R1,671,1,1,11,training,263660.2272251033,9,3,2.9586848309546916,6.566772710100004,0.8504771808141001,0.23662142600666813,0.16583447924613332,4383.062804308233,146469.68859228588,1283.2722268092991,106735.37922063534,1461.5617127277706,3327.2626683367826,12.482420327875593,0.016623905889932112,0.5555243964317588,0.004867143749040651,0.40482169170516813,0.005543353004395098,0.01261950921970529
w000941,671_T1_P1_R1,671,1,1,11,training,196015.2301826323,9,3,3.073862438563237,6.954977677438531,0.8207937061460512,0.34924973308946694,0.20967698474280386,4772.955230638201,91218.66237140817,1904.6935877491683,92262.51419280274,1935.556596154071,3920.848203879983,12.185952741838586,0.024349920290332127,0.46536517742227196,0.009717069362286376,0.4706905382139921,0.009874521456065757,0.020002773255051814
w000942,671_T1_P1_R1,671,1,1,11,training,165667.2454661098,9,3,3.0522112617908386,6.542114608726494,0.8789776778079815,0.25607536283965854,0.10180492031011987,3500.184752857069,79031.74392121017,2717.953409375489,75511.25703222155,2176.458740647233,2729.6476097982977,12.017742546341765,0.021127801956320292,0.4770511135067887,0.016406100081693548,0.4558007638731986,0.013137532011977988,0.0164766885700209
w000943,671_T1_P1_R1,671,1,1,12,training,311282.3452620664,9,4,3.079078090571418,6.611772332437838,0.8508104687183764,0.04264344043565427,0.19911491808968976,13723.553422828467,159017.2018761996,7290.478369507623,123764.2096609883,6365.091941929541,1121.809990612886,12.648458854394786,0.04408715634442649,0.5108455532302166,0.023420789776464262,0.39759469672715325,0.02044796962889371,0.003603834292845751
w000944,671_T1_P1_R1,671,1,1,12,training,249173.92730018604,9,4,3.1182996331540394,6.716985889131456,0.8435087758482723,0.08646653208139422,0.07050549782379775,14648.98962190602,134434.9616525891,6557.738651143311,87272.57303324428,5612.891943874924,646.772397428416,12.425910448073545,0.05879021846558615,0.5395225861276888,0.02631791665443006,0.3502476120950842,0.022526000230806385,0.0025956664264043692
w000945,671_T1_P1_R1,671,1,1,12,training,211794.3125856355,9,4,3.2722496067759517,7.691366722289583,0.8385310900780646,0.06390110476676363,0.17087276967987045,7972.93380008078,107574.02569685828,9121.860120247726,79671.68969865121,6670.813980630133,782.9892891673655,12.263375580580819,0.03764470208262584,0.5079174430303105,0.04306942905541646,0.37617483078747593,0.03149666248914451,0.003696932555026835
w000946,671_T1_P1_R1,671,1,1,12,training,232869.92855060345,9,3,3.2125307683182873,7.366357879229284,0.8709295200921515,0.03757793253774501,0.14989746861937456,5676.752248463186,105605.08773791736,9124.739724740615,104864.55501550133,6305.571820875756,1293.2220031052202,12.358239624339795,0.024377352128699643,0.45349388130622886,0.03918384731568197,0.45031385403939733,0.027077656012186792,0.005553409197805455
w000947,671_T1_P1_R1,671,1,1,12,training,237133.27379652904,9,3,3.2209538393254347,7.300208141221592,0.9632980614577189,-0.00057914393595045,0.18652911215174545,4511.709621267626,108897.53101219184,9079.597954169369,104160.54008852341,9003.606381642154,1480.2887387346489,12.37638181578845,0.019026050410533592,0.45922501413964706,0.0382890085765023,0.43924894394153147,0.037968549236020124,0.006242433695765542
w000948,671_T1_P1_R1,671,1,1,12,training,229854.01465364444,9,4,3.2035493795078245,7.1635842305303115,0.9095312616688364,0.0007002580850369977,0.19369818695368074,3727.72908214386,103748.89597812165,10298.677046026347,100585.90060714906,10039.254521216608,1453.557418986886,12.345204018066841,0.01621781149988174,0.45136864863750886,0.04480529548959547,0.4376077605549633,0.0436766550992997,0.006323828718750809
w000949,671_T1_P1_R1,671,1,1,12,training,229780.57814861828,9,4,3.1279848556556153,6.729098389428497,0.8837979582924992,0.041358154650555166,0.06880075336287887,3666.405111684155,117875.48228140431,12461.29905157363,83790.23242984313,10320.07186069324,1667.087413419818,12.344884476468975,0.015956114051174444,0.5129914948911147,0.054231298188804566,0.36465324051734693,0.04491272475612969,0.007255127595429642
w000950,671_T1_P1_R1,671,1,1,12,training,233824.49061613483,9,5,3.4038157593404295,8.111246115566274,0.8526915946589728,0.028710470554704857,0.11925602772982882,10421.22385172404,113642.952762339,17517.538083835105,76240.62723543179,14061.110451713292,1941.0382310916066,12.36233034951988,0.04456857288243755,0.4860181774068502,0.07491746496560667,0.3260592037837241,0.060135319506788305,0.008301261454593187
w000951,671_T1_P1_R1,671,1,1,12,training,214187.85708088745,9,4,3.505652090991526,8.501630190015643,0.7927782408117698,0.03803927107875629,0.1860507553601835,13511.257138026624,75039.22654598764,19074.79745296062,92813.81961367311,11555.42556223091,2193.3307680085827,12.27461341454501,0.06308134047451688,0.35034304730752913,0.08905639055792541,0.43332904525312205,0.053949956452792915,0.01024021995411382
w000952,671_T1_P1_R1,671,1,1,13,training,299665.4908455126,9,3,3.610794383622061,9.50483143781832,0.6941735163075465,0.009382707558872034,0.5554723968121476,13246.932255007354,97559.16804687091,19038.903391248637,117438.20669025026,47830.881362691325,4551.399099444121,12.610425438063048,0.04420573158968305,0.3255602364209694,0.06353385348953583,0.3918976668247513,0.15961424596384277,0.015188265711217702
w000953,671_T1_P1_R1,671,1,1,13,training,405540.2741022188,9,3,3.388104993789709,7.880502006610044,0.609243372880996,0.034564302606004196,0.10242806095055892,13590.59718622806,196249.90637620777,49636.32304448662,127709.70605711958,12897.134098628005,5456.607339548822,12.912977933059935,0.03351232430937912,0.483922113064267,0.12239554543471926,0.31491251106894896,0.03180235089395143,0.013455155228734328
w000954,671_T1_P1_R1,671,1,1,13,training,474091.6050391987,9,4,3.40927395148323,7.6354010662591,0.7538596191394993,-0.022761858767979783,0.22460689626433014,11269.008546676328,225199.69991176238,49758.849687780166,145279.64410236938,35324.55920781371,7259.843582796681,13.06915795087613,0.023769685914907916,0.4750130513134534,0.1049561923452874,0.3064379173943766,0.07450998674590117,0.015313166286073395
w000955,671_T1_P1_R1,671,1,1,13,training,395766.2738118862,9,3,3.5356079237668605,9.359294524383662,0.7272204939239237,-0.042923625419083115,0.1645433763210617,4600.505469212023,134991.9228801499,27910.81640949923,152350.99815886444,69365.06602869247,6546.964865468191,12.888581625083527,0.011624298919919372,0.3410900114857024,0.07052348382461127,0.38495194825842893,0.17526775427474336,0.0165425032365948
w000956,671_T1_P1_R1,671,1,1,13,training,369605.88189735345,9,4,3.6346382394601195,10.447246728523472,0.7924384293610173,-0.11038610933420485,0.482684134308858,4723.874005084153,128267.61591372994,72539.03189336759,112709.68056695725,47404.248561990185,3961.4309562242775,12.820195238428466,0.012780840988878155,0.3470388924961759,0.19626049109660287,0.3049455814619824,0.128256207175716,0.010717986780644475
w000957,671_T1_P1_R1,671,1,1,13,training,319668.8742292319,9,3,3.5379835292596975,9.381431079604674,0.6495176802183983,-0.12351261964446497,0.10304680686381956,8355.335752358296,121918.42211061006,69185.87652853626,101234.80805292768,14988.186861828968,3986.244922970661,12.675044099232313,0.02613747044501666,0.3813897189852252,0.21642981880970882,0.3166864722035247,0.04688660069882519,0.012469918857699476
w000958,671_T1_P1_R1,671,1,1,13,training,374453.0052903148,9,4,3.310921294020302,6.775469333926265,0.7244007408365644,-0.08755049662422625,0.3023104253852079,13037.87525114499,202810.26398314463,23120.64125038006,93494.08095200585,37805.12078035464,4185.023073284562,12.833224258082623,0.034818455365411415,0.54161740223157,0.06174510799413812,0.24968174812622895,0.10096092232199924,0.011176363960652148
w000959,671_T1_P1_R1,671,1,1,13,training,375550.30205307057,9,3,3.411803421735606,7.725382727095019,0.6708190598018671,-0.0724843999853002,0.17502938405949733,14427.21494906646,198823.74477666355,18303.93827385125,92859.1159228614,47694.291729769044,3441.996400858943,12.836150364164652,0.03841619849643388,0.52941974401226,0.04873897896975901,0.24726145982366723,0.1269984113154279,0.009165207382452165
w000960,671_T1_P1_R1,671,1,1,13,training,273993.95893141127,9,4,3.5763372726270113,9.471351723290686,0.9063181616573421,0.036057823575212984,0.1452568202869225,9610.50931658149,104226.59584157373,24220.879707209384,108426.68984699942,24537.20554081788,2972.078678229387,12.520864987140419,0.035075624857069505,0.38039742280472943,0.08839932019549591,0.3957265710159026,0.0895538194948315,0.010847241631971111
w000961,671_T1_P1_R1,671,1,1,13,training,222739.78543772895,9,4,3.26453624806012,7.261946208492794,0.6710133009507803,0.1300438684409963,0.17939365864610127,3972.1315168323445,106093.18644964218,17879.139624582174,81825.26427454781,11237.309653853561,1732.7539182708897,12.313763977194483,0.017833058018917897,0.47630999662295403,0.08026917862673716,0.36735809955883963,0.050450392738638786,0.007779274433912541
w000962,671_T1_P1_R1,671,1,1,13,training,109543.95434068986,9,4,3.0841502194055246,5.74333486253935,0.6624898663973678,0.3462306700154619,0.5403922965641074,2470.37656821939,62876.2666294016,4878.929574532183,33921.009153641855,4528.193573030635,869.1788418641813,11.604090285913523,0.022551464232670793,0.5739820787722499,0.04453855627083124,0.3096566064079172,0.04133677299020643,0.007934521326124218
w000963,671_T1_P1_R1,671,1,1,14,training,2471.556489697281,9,4,2.796240658214605,4.591416778236951,0.43385786998542963,0.15193730078340487,0.1606824779013991,32.28926978364913,210.44554750754276,149.90338571007842,449.60100751492575,1618.1872034035464,11.130075777538664,7.813007910433965,0.013064346260442528,0.08514697049603684,0.06065140988480452,0.18191006735597348,0.6547239402170184,0.004503265785724318
w000964,671_T1_P1_R1,671,1,1,14,training,21088.05761400763,9,4,3.3299007308188076,7.087989037415389,0.6614925250575714,0.6122423304609735,0.84238322927666,1313.2907236832261,7141.196071980668,1540.0489163077941,9522.22995025709,1185.314853545961,385.97709823289017,9.956509588453958,0.06227651440078008,0.3386369765623728,0.0730294342180109,0.4515460894763489,0.05620787249550294,0.018303112846984396
w000965,671_T1_P1_R1,671,1,1,14,training,42026.91895822359,9,4,3.6064130678233983,9.352915678717297,0.6498747054153523,0.188833371028478,0.5927060985299951,5503.733439913548,10116.215402587623,3805.107613333689,19284.881569781508,2191.5558023775125,1125.4251302297193,10.646089413526223,0.13095733820945749,0.24070799509817833,0.090539770881518,0.4588697446260916,0.05214647794086464,0.02677867324389009
w000966,671_T1_P1_R1,671,1,1,14,training,64624.09281085011,9,4,3.494052064732711,7.935721867428245,0.6403654089401966,0.0511199967172959,0.18268183694243154,6231.803002043273,10708.25618195267,5962.975165731865,36127.65799125711,4487.145999932268,1106.2544699329264,11.07635804795438,0.09643157421618738,0.16570068091005835,0.09227170404055106,0.5590431744550761,0.06943456851403405,0.017118297864093048
w000967,671_T1_P1_R1,671,1,1,14,training,82360.9280172271,9,4,3.34556183784339,7.172148114970569,0.76468408853294,0.02057263585626755,0.33995675625734595,3633.6742244089965,21493.62560564803,6148.553418210939,43026.46697567144,7454.103639301386,604.5041539863112,11.318878570498942,0.044118908223678054,0.2609687156651792,0.07465376564145648,0.5224135765768906,0.0905053381348768,0.007339695757918967
w000968,671_T1_P1_R1,671,1,1,14,training,103291.92837693881,9,5,3.2941855338485015,7.1918041776355865,0.8212428745817197,0.14668885933964695,0.3000324957557651,5759.031494705285,34092.96705462775,6566.975683625217,47928.89144586503,8318.673923455695,625.3887746598243,11.5453241956196,0.05575490345856549,0.33006419369201573,0.06357685239122106,0.4640139089180345,0.08053556608120158,0.006054575458961516
w000969,671_T1_P1_R1,671,1,1,14,training,135947.00216540197,9,5,3.3798447317360942,7.668610699752772,0.7266629564581489,0.08919809125676552,0.2255531598041125,8446.840916897287,51968.58264449127,8757.335037741232,55488.682672039664,9901.88750171281,1383.6733925197457,11.820027754589653,0.06213333712662755,0.38227089834068506,0.06441727215938522,0.4081640770903394,0.07283637994213017,0.010178035340832883
w000970,671_T1_P1_R1,671,1,1,14,training,168920.50141177778,9,4,3.485992576705084,8.30714807576977,0.6934119587958536,0.05790195839857374,0.26831724162010817,9744.863682409372,65482.04308025481,12238.058506020838,61108.452011172485,18314.44677391343,2032.6373580068325,12.037189397309218,0.05768905254818243,0.38765006339064273,0.07244862763098307,0.36175864682172776,0.10842050917945285,0.012033100429011095
w000971,671_T1_P1_R1,671,1,1,14,training,163108.86462839274,9,4,3.482636688183957,8.06816329616629,0.7334372705081719,0.009211913794284507,0.43649403811791415,6898.114453101409,58655.24638973705,16230.946438173829,61242.94165788866,18145.29040238588,1936.325287105929,12.002179268867156,0.042291474892043594,0.3596079619790744,0.09950989773089543,0.37547279724751365,0.11124650057325754,0.01187136757721547
w000972,671_T1_P1_R1,671,1,1,14,training,105692.92033357773,9,4,3.561765916148627,8.619891773518914,0.6521591011685677,-0.009196974206869742,0.134550659308615,4200.613933736835,33461.07380957543,17281.345634194033,35559.74959739322,13255.279748473447,1934.8576102047628,11.56830265207333,0.03974356958327261,0.31658765510470177,0.16350523364906872,0.33644400670511315,0.1254131280187776,0.01830640693906605
w000973,671_T1_P1_R1,671,1,1,14,training,72056.06965041271,9,4,3.811672232502984,11.702616150467724,0.753535353371905,0.12387955049860426,0.5151601723369318,4267.796524549018,16743.493126192705,15622.962357843562,19335.81698998894,14489.430127397844,1596.5705244406495,11.185213718063244,0.059228827567957325,0.2323675605320336,0.21681674331725195,0.2683440421299497,0.20108549075317006,0.022157335699637414
w000974,671_T1_P1_R1,671,1,1,14,training,107093.55912996168,9,3,3.6425322557403303,10.154305496802504,0.6252056358435356,0.06435182004427634,0.1434301223213179,3736.9422273892233,30557.692155641882,9941.110465573982,25137.870345335148,36505.382048005114,1214.5618880163365,11.581467453370985,0.03489418278511331,0.285336414289482,0.09282640848185936,0.2347281251044191,0.3408737401630717,0.011341129176054596
w000975,671_T1_P1_R1,671,1,1,14,training,177775.59039757826,9,3,3.3592186214531163,7.995004996921806,0.5574775104644403,0.01789810484216755,0.2798122471856773,3570.8863852949025,64459.144037538186,5600.2079039676355,34906.08240537577,67603.70893512902,1635.5607302727587,12.088282930837863,0.020086483061645042,0.36258714648834195,0.03150155705540508,0.19634912941260171,0.3802755416755457,0.009200142306460534
w000976,671_T1_P1_R1,671,1,1,14,training,169163.00270633333,9,3,3.406779991322608,8.40506556503157,0.5470999663760928,-0.008825866307887877,0.13426818142585642,4817.826681756782,52193.47380121663,5471.403730302143,40197.21994568135,64694.08608634706,1788.9924610293635,12.038623953557208,0.02848038048911038,0.30853953267680173,0.03234397381678363,0.237624180835,0.38243637823487847,0.010575553947425794
w000977,671_T1_P1_R1,671,1,1,14,training,123399.0003389681,9,3,3.4515951036096273,8.707853853977152,0.5143652143281281,0.16770730852102378,0.1226982111446503,4421.2286963568495,22044.713548773558,4833.371027076431,40760.806586731225,49599.68869153532,1739.1917884947052,11.72318639320033,0.035828723767713316,0.178645803355119,0.03916864005218448,0.3303171539053335,0.40194562804632594,0.014094050873323704
w001001,790_T1_P1_R1,790,1,1,2,training,574.9256296531123,9,4,1.7509461142101947,2.054772117995418,0.9245783063829324,0.27470301927342095,0.4329184415108811,484.52249837070184,20.485533698356434,7.828318127052746,24.982399375146652,7.47261226912136,29.63426781273333,6.355978537174239,0.8427568251967542,0.03563162371229928,0.013616227427147487,0.04345327132175349,0.012997528521436838,0.05154452382060875
w001002,790_T1_P1_R1,790,1,1,2,training,681.8152902152709,9,6,3.2313584260353894,7.56242479823685,0.8875876839111776,0.2986463756144407,0.39575014170486833,147.25069285120964,225.60265016115574,31.142922360147114,185.2489487926536,30.122014039472965,62.44806201063187,6.526224384072122,0.21596859877506983,0.3308852901933686,0.04567647984297081,0.2716996105120561,0.044179141289076226,0.09159087938745847
w001003,790_T1_P1_R1,790,1,1,2,training,1556.8488779894087,9,6,2.950054286572127,5.631741766940564,0.7942692211632701,0.15268958844225147,0.39725621439935926,56.88585544163679,636.3087798704298,87.71858774052875,671.6040812530839,54.10442376804482,50.227149915684485,7.351061224286734,0.03653909910324886,0.40871582904834686,0.056343675343629274,0.4313868165036201,0.03475252128383709,0.0322620587173177
w001004,790_T1_P1_R1,790,1,1,2,training,1219.657551785301,9,5,2.9660447826084866,5.79337200770893,0.7481065732601506,0.2899634021985079,0.7354693624564209,11.065428669796908,433.3516457810607,120.81811498072253,570.8954581091879,60.42054036037588,23.10636388415722,7.107144969404634,0.00907257012724567,0.35530599974290533,0.09905904719228141,0.4680784842216792,0.04953893842737576,0.01894496028851276
w001005,790_T1_P1_R1,790,1,1,2,training,270.8346266087214,9,4,3.456150538043058,9.070964800047646,0.6871946761454157,0.25612076812932016,0.38064342863029144,3.384207916647761,52.276760584181424,75.6234733444908,87.60423685088726,42.85764330570044,9.08830460681374,5.605193890985767,0.012495477254970702,0.19302096352585815,0.27922379900759553,0.3234602530253649,0.15824285041519998,0.03355665677101082
w001006,790_T1_P1_R1,790,1,1,2,training,480.6367035168554,9,5,3.2158744318012347,7.0911220153034735,0.7059886863622094,0.6935663162697308,0.8607563706443538,5.975597745649941,198.45889387721988,59.45746981951523,137.58342932461548,52.875228589538416,26.286084160316413,6.17719010271203,0.012432670459675754,0.41290832020334906,0.12370563751053633,0.2862524403939754,0.11001080067886272,0.05469013075360066
w001007,790_T1_P1_R1,790,1,1,2,training,1064.016311559873,9,6,3.268449139391239,7.59779194449553,0.7652785579403345,0.41445876656240005,0.709959961849905,74.08784531047583,406.4997210127963,80.26569178348186,344.81568450603095,73.08742215041921,85.25994679666894,6.970745394044896,0.06963036610017877,0.38204275310108554,0.07543652377453731,0.3240699233271368,0.0686901331834578,0.08013030051360383
w001008,790_T1_P1_R1,790,1,1,2,training,1685.6403130405567,9,6,3.197129446303991,5.658596932828356,0.8773845944980992,0.10225608581493913,0.7259781664203988,779.0218664374512,335.5372959475103,113.72926399341152,274.9540559129092,107.46460885802324,74.9332218912511,7.430493848811823,0.46215189587644123,0.1990562834500964,0.06746947324027079,0.16311549610304898,0.0637529893101445,0.04445386201999797
w001009,790_T1_P1_R1,790,1,1,3,training,31076.164510915256,9,3,2.227311661712314,3.6984792435814176,0.7756724303767799,0.4530585471126697,0.7970330741721838,178.1957749193319,13540.883815637862,26.046262684949582,17264.733155566457,30.464252517366546,35.84124958929143,10.344228568367162,0.005734162427179263,0.43573214483665557,0.0008381427725999147,0.5555619049932097,0.0009803092819471405,0.0011533356884084738
w001010,790_T1_P1_R1,790,1,1,3,training,15008.169870979349,9,3,2.302904819995396,3.8642186828519876,0.8048535149888315,0.5505035244622735,0.517581525364246,98.07948381646835,6801.303519534504,25.67281117928407,8041.828839139648,26.3192973485786,14.96591996086786,9.61641661803346,0.006535072874282988,0.453173410082857,0.0017105890591581376,0.535830078435465,0.0017536646756291779,0.0009971848726077397
w001011,790_T1_P1_R1,790,1,1,3,training,3383.451930338653,9,3,2.597748762203383,5.028573691271229,0.8349358013147054,0.5551346016061868,0.7013428965583027,42.972645910813924,1553.8387309534996,11.75890355739645,1759.450055400586,7.835311795372576,7.596282720983955,8.126947260963668,0.012700829447431445,0.4592465809904308,0.003475416172447141,0.5200162708457575,0.0023157745275217585,0.0022451280164112264
w001012,790_T1_P1_R1,790,1,1,3,training,1765.382257306948,9,3,2.621376299876749,4.892292555060135,0.8463575603359773,0.3980821952655233,0.39387552013703603,37.371586504840465,651.5639314283853,6.633117220773413,1061.0135377458732,6.0058929308884625,2.794191476187415,7.476688811482368,0.021169118671131318,0.369078101205306,0.0037573263203019205,0.6010106498772827,0.0034020353982996978,0.0015827685276784717
w001013,790_T1_P1_R1,790,1,1,3,training,515.8449443955903,9,4,3.2404774234269222,7.422280715679319,0.8603453402615152,0.2706794883408532,0.11082615553462227,104.96271625559453,167.13645159694784,14.331930062828915,208.01651866382142,11.301197073988849,10.096130742408818,6.24774291539674,0.20347726074659536,0.3240052139946427,0.02778340704612599,0.403253964052225,0.021908128007787946,0.019572026152622934
w001014,790_T1_P1_R1,790,1,1,3,training,596.0214650095926,9,4,3.276167583355672,6.960233279480305,0.8404312821370512,0.17420926026853914,0.05603779718495361,191.46506918932397,159.2037841027397,23.686774093888218,175.5196841693341,24.604520372405453,21.541633081901153,6.391953067536181,0.32123854664570256,0.2671108230979188,0.039741478259523746,0.29448550844810467,0.04128126555309457,0.036142377995655665
w001015,790_T1_P1_R1,790,1,1,3,training,525.4478603828885,9,4,3.3166576339728846,7.1601236779317405,0.7967064716337793,0.17384142034112215,0.16440468183461762,163.34254756282476,125.7004446219622,19.68904922834191,175.85427792937554,24.12339714344087,16.73814389694331,6.266152296058378,0.31086347452970636,0.23922534298715303,0.03747098563498708,0.33467502903377,0.04591016342870327,0.031855004385680424
w001016,790_T1_P1_R1,790,1,1,3,training,288.74306627011396,9,4,3.185921696675777,6.121373753075979,0.835385565512375,0.2674945910042137,0.29558995881077876,117.57304854494963,53.691092113473296,10.734938425430768,90.18478060475627,11.137540923765387,5.42166565773864,5.668994551890786,0.407189166700066,0.18594764129589952,0.037178168688519864,0.31233574461105856,0.03857249653692608,0.01877678216753011
w001017,790_T1_P1_R1,790,1,1,3,training,229.61731363816403,9,4,2.9013434323103624,5.01495989339711,0.7908642056550771,0.16845276883188115,0.24223762940764598,108.14936925902545,46.44822858645001,5.853697839544087,63.33581353594432,3.5742877711114676,2.2559166460887083,5.440759685841184,0.4709983212740202,0.20228539325063327,0.02549327725682076,0.27583204651435944,0.015566281629546055,0.009824680074620291
w001018,790_T1_P1_R1,790,1,1,3,training,2874.977798846588,9,4,2.96463253935126,5.802489814741703,0.7279823197011931,0.5363114260348276,0.818005056315296,59.78820986124379,1139.191328682137,82.60682106925847,1479.8785578937548,68.50637758964831,45.0065037505455,7.964147999355853,0.020796059672262588,0.3962435219983852,0.02873302920892102,0.5147443428910884,0.023828489255510902,0.015654556973831817
w001019,790_T1_P1_R1,790,1,1,3,training,24775.412085095017,9,3,2.3572027540314533,4.3055619913991,0.7882736598372384,0.19149837266030698,0.3785940781455774,56.08619957429905,10498.8429478982,94.64011060462602,13981.582545052652,82.34911178360392,61.91117018163456,10.117647353945099,0.0022637847306701602,0.4237605781021234,0.003819920745599298,0.5643329966432334,0.0033238241003121583,0.002498895678061418
w001020,790_T1_P1_R1,790,1,1,3,training,48200.07563171419,9,3,2.245318053526569,4.209154114534754,0.7835092375920245,0.10169114953163944,0.3330317661578977,93.15362333009496,23195.611131781065,34.41056481742058,24816.48300782885,21.780661850955084,38.636642105807006,10.78313661580036,0.0019326447543746735,0.48123599035431913,0.0007139110129275289,0.514863984808778,0.0004518802422090821,0.0008015888273914919
w001028,790_T1_P1_R1,790,1,1,6,training,4577.909447584711,9,5,3.50879344160312,9.530876728695251,0.5664538853185289,0.4330730955495887,0.36415095170251227,913.2730756253738,199.71647482979063,1758.7182420255508,558.6500978379853,805.419385719603,342.1321715464079,8.429216136874029,0.1994956619570563,0.04362613046773136,0.3841749737870949,0.12203170557091886,0.17593606753068028,0.0747354606865183
w001029,790_T1_P1_R1,790,1,1,6,training,3324.3759435554034,9,5,3.4712561262910717,8.730033897290276,0.5331622152061297,0.6990185758012714,0.826866754103642,553.1190320947612,165.41886294855806,1451.9745100273294,500.5801854012141,443.7350664802981,209.5482866032425,8.109338012429454,0.16638281634994723,0.04975937311459528,0.4367660381017106,0.1505786932346304,0.13347920753082027,0.06303387166829623
w001030,790_T1_P1_R1,790,1,1,6,training,646.4418416645015,9,5,3.2873756283280002,6.9518713093984505,0.7011442476047144,0.6216473001396223,0.5679760794378095,17.564837990732148,64.7466111355742,228.6784108821318,61.11950482045128,239.4524472172068,34.880029618405246,6.473028969716487,0.027171567275882134,0.10015844730727874,0.3537493957589679,0.09454756929575708,0.3704160711513486,0.05395694921076554
w001031,790_T1_P1_R1,790,1,1,6,training,2958.3080911621123,9,5,3.152813502302946,6.9661144042320196,0.7759893502806375,0.6679750659511502,0.7596276306308514,385.65742672921476,115.50050583406376,1054.77999815939,116.46828351335108,1095.5886680219378,190.31320890415483,7.992710767007845,0.13036418616484158,0.03904275764215339,0.3565483937628149,0.03936989655042955,0.3703429914196522,0.0643317744601084
w001032,790_T1_P1_R1,790,1,1,7,training,4252.968127369446,9,5,3.5927595513780006,10.21953458304899,0.8394941444293985,0.43250900937269804,0.5002405384418211,827.1779031533208,340.36706382594406,1293.9883509403367,253.36505721481097,990.3278458079257,547.7419064271079,8.355607503341293,0.19449426338987133,0.08003047604226193,0.30425536053586577,0.0595737023243395,0.23285569422324007,0.12879050348442142
w001033,790_T1_P1_R1,790,1,1,7,training,1009.9039468475901,9,6,3.7873324410337608,12.03031799641685,0.7814284101033326,0.6420049611632147,0.8077228262102655,85.21538211587088,191.72927407529315,247.10836892399107,208.16322781588056,157.3591562695183,120.3285376470361,6.918600206443211,0.084379690149613,0.18984901947732266,0.2446850214768826,0.20612180838154062,0.1558159632514697,0.11914849726317142
w001034,790_T1_P1_R1,790,1,1,7,training,2864.746476228265,9,5,3.222102726483491,7.1003491180393725,0.7898633791277013,0.726973409775489,0.7388047488751882,281.50394132613405,96.90200796438963,1150.1270365329544,107.52872689645027,949.1334795636051,279.5512839447315,7.960584145378474,0.09826487043864458,0.03382568362278646,0.40147602801041427,0.03753516333425182,0.33131500027647737,0.09758325431742557
w001035,790_T1_P1_R1,790,1,1,8,training,11030.923368059854,9,3,2.105018257792689,3.1630882269051637,0.8777336141689701,0.5843643598790241,0.8130821128692161,71.26905183062526,4960.02721916513,8.506486429426097,5954.387828378382,9.453339664568997,27.279442591721008,9.308548473116511,0.006460841894431566,0.4496475094303472,0.000771149082048445,0.5397905170494948,0.0008569853446667243,0.0024729971990113627
w001036,790_T1_P1_R1,790,1,1,8,training,28130.93585361102,9,3,2.026778027976903,3.308752413573365,0.8505570832591826,0.3591018943085385,0.19805395877411047,59.81235362169866,16328.191140521629,9.812198022416599,11706.576335456948,11.063812148709362,15.48001383961766,10.244660717232327,0.0021262127194400064,0.5804354048329915,0.00034880453581344535,0.41614599657743834,0.0003932969811699016,0.0005502843531467714
w001037,790_T1_P1_R1,790,1,1,8,training,25939.83663760687,9,3,1.9564417348657288,3.086880819909863,0.8638708282224635,0.4972806984992397,0.5734862442584385,13.44633876610012,14428.468142173788,4.4799171084224065,11486.079910563963,4.689434879647342,2.6728941149437744,10.163573710149356,0.0005183663626703794,0.5562281807610071,0.00017270413730854204,0.44279692547915883,0.00018078120325741475,0.00010304205659756104
w001038,790_T1_P1_R1,790,1,1,8,training,39545.80799708548,9,3,2.043356144811612,3.1821060971261397,0.8070883964243913,0.698103817619373,0.9276536433726514,76.73338424471687,22397.051297689795,10.623284715547063,17002.612925946618,11.007288575748287,47.779815913058705,10.585240261900438,0.0019403670864525542,0.5663571547037414,0.0002686323849124539,0.42994728865319193,0.00027834274056455044,0.0012082144311371782
w001039,790_T1_P1_R1,790,1,1,8,training,38915.17091278451,9,3,2.007097395782071,3.0999552281552,0.8749083375641536,0.5066621844446654,0.8967383687567944,87.60901683692921,22724.488425118783,18.96728435379963,16012.869389618305,18.539312777324362,52.69748407937695,10.569165147924108,0.0022512818209966456,0.5839493414033363,0.0004874007722157646,0.41148140979531755,0.0004764032212237768,0.0013541629869101934
w001040,790_T1_P1_R1,790,1,1,8,training,3409.479551824677,9,5,2.7058886768358543,3.418381129190434,0.5798711130664708,0.6715752368448834,0.7087179662434586,275.15967122868955,2117.290192786032,137.00701758084477,584.8352858407915,229.99060263374582,65.19678175457379,8.134608191423576,0.08070430311905824,0.6210009946101321,0.04018414408953463,0.17153212886342162,0.0674562199707753,0.01912220934707819
w001041,790_T1_P1_R1,790,1,1,8,training,2995.573333335403,9,6,2.7655799905468395,3.452188784727777,0.6814380092220259,0.6609333990474284,0.7859371280311092,288.02334326540006,1835.1893310422327,168.0574006712466,365.8160075852729,259.53028977980625,78.95696099144435,8.005224692595744,0.09614965524636389,0.6126337521501609,0.056101915049472054,0.12211886236080134,0.08663793568052425,0.02635787951267753
w001042,790_T1_P1_R1,790,1,1,8,training,4848.40970204406,9,6,2.560308944653711,3.211792299679812,0.5614608478993753,0.8874710368763883,0.9626337455455193,211.47552179242518,3017.8286167137376,154.89536246490457,1100.9053336500988,226.00795838953525,137.29690903335936,8.486612265605403,0.04361750239532529,0.6224367993161632,0.03194766366373733,0.22706524433897649,0.04661486389944555,0.02831792638635217
w001043,790_T1_P1_R1,790,1,1,8,training,31243.99459959514,9,4,2.461432677301619,4.083900676574591,0.7393201426341438,0.6987143073283828,0.5915911531302954,547.2533124014853,18344.858836562016,319.85897028758745,11311.567370700383,469.9914130433121,250.46469660035604,10.349614469522557,0.017515471994370934,0.5871483167136295,0.010237454409614198,0.36203973005573875,0.015042615999216767,0.008016410827429907
w001044,790_T1_P1_R1,790,1,1,8,training,27663.26681427636,9,4,2.3976305763661623,3.7709519457451792,0.7340817803228663,0.7092587923845388,0.8116339636342692,569.1296381644648,15784.355902661171,238.57217049459234,10629.482594427263,288.8298590608167,152.8966494680548,10.22789685269569,0.020573478974318046,0.5705890055803257,0.008624150289128935,0.3842453845307105,0.01044091650490673,0.005527064120610239
w001045,790_T1_P1_R1,790,1,1,8,training,1275.7667223013793,9,3,3.34154270370666,8.602828528358806,0.6995030800719757,0.8601808950333727,0.8341063829769225,214.6309881754808,543.992240586067,38.52528110781367,437.97858403153896,15.478226820213731,25.161401580265213,7.152086162995441,0.16823686056672177,0.42640416235716616,0.030197747310979548,0.34330616747978915,0.012132489858563068,0.019722572426780417
w001046,790_T1_P1_R1,790,1,1,8,training,530.8902031812944,9,3,2.7266024905981086,4.914661153889714,0.8477458650997376,0.5033488980094993,0.4562853949167215,14.979009934674941,223.23598091690678,5.491379542859361,277.5165801392655,5.497303913774713,4.169948733813012,6.2764370830437635,0.028214892354228922,0.4204936907465848,0.01034371986891629,0.5227381829166963,0.010354879183742314,0.007854634929831265
w001047,790_T1_P1_R1,790,1,1,8,training,1457.2142315170015,9,4,2.92017829898928,5.972256671222491,0.757498063496899,0.8285786697088724,0.7702827439120703,247.0757671056497,471.00231532914853,12.249214195758084,680.071799190911,10.602308907328528,36.21282678820571,7.284967836971531,0.16955349581539345,0.3232210509218138,0.008405911725832037,0.4666930808676888,0.007275737964960185,0.024850722704311722
w001048,790_T1_P1_R1,790,1,1,8,training,14255.302543846718,9,3,2.1841589769043663,3.3459940541767086,0.7766544548001801,0.5691790829356463,0.6175647632474103,694.4659987665135,7219.676563984923,40.39501697287841,6194.026963963257,36.64702830200606,70.09097185714096,9.564954371696873,0.0487163283017293,0.5064555130821329,0.002833683595885158,0.4345068752424971,0.0025707646813728766,0.004916835096382828
w001049,790_T1_P1_R1,790,1,1,8,training,13588.507191834135,9,3,2.1244117707097017,3.1836670234792566,0.8066868785344516,0.2875588982954179,0.8865332232280221,454.7526629674181,7043.180113845971,52.03099099081682,5930.947053162672,68.81568563836642,38.780685228890725,9.517053243929492,0.03346597654528945,0.518318900995872,0.00382904393074791,0.43646788932980146,0.00506425648284018,0.002853932715449093
w001050,790_T1_P1_R1,790,1,1,8,training,6581.247954206939,9,3,2.2972178150061957,3.581902893718582,0.7411958749863384,0.07590496213138823,0.5108240492267561,39.759649325860806,3410.1224430273833,27.289950020391586,3041.6498785341914,51.40897916135887,11.017054137753192,8.792131600353581,0.006041354102217833,0.5181574173705956,0.004146622374704329,0.4621691660454571,0.007811433259933118,0.001674006847092085
w001051,790_T1_P1_R1,790,1,1,9,training,79936.86908700688,9,3,2.325290056079259,3.929968405761723,0.7615858697812862,0.1025651257811617,0.20630614328950528,21.346187901554483,55492.25200988552,6.436642765652941,24400.18822531827,6.614906811335822,10.031114324559917,11.289004975505309,0.00026703807824047165,0.6942009693860446,8.052157707911989e-05,0.3052432313649914,8.275163747201382e-05,0.0001254879561725341
w001052,790_T1_P1_R1,790,1,1,9,training,231342.05331197256,9,3,2.4800157746542917,4.664680962070413,0.6669778744653019,0.645740049233056,0.8840487703877058,732.994282225738,158460.1233261114,149.95497489589528,71537.00707666972,105.39738445932652,356.57626761042445,12.351656967136863,0.0031684437469622975,0.6849603046983532,0.0006481959191988148,0.30922612664892213,0.00045559111692155077,0.0015413378696417523
w001053,790_T1_P1_R1,790,1,1,9,training,281166.5098029629,9,3,2.4628044967967195,4.718289423980648,0.6718691024236287,0.6220763379779046,0.91560487479607,744.2069469006447,182466.49362153542,151.06175506849905,97338.03215656753,105.34782853071121,361.36749436007483,12.546705891002002,0.0026468548740821705,0.6489624022057432,0.0005372679526248015,0.34619354995294604,0.0003746812826482689,0.0012852437319555432
w001054,790_T1_P1_R1,790,1,1,9,training,205734.4671790858,9,3,2.3816416668067775,4.595666556905375,0.7473926484502178,0.35794865936830395,0.6806577392769759,45.858374176591724,122176.42118223556,8.26081004506472,83481.5510805655,6.934450846238795,15.441281216856504,12.234346482650182,0.00022290078471233195,0.5938548987802057,4.015277633510931e-05,0.4057732874088486,3.3705829369867126e-05,7.505442052845391e-05
w001055,790_T1_P1_R1,790,1,1,9,training,237820.16852231097,9,3,2.281361993931129,4.23894846405715,0.8669039225880653,0.18757278153492843,0.37737375528389333,38.22655989059409,130892.37979846747,11.370235448866836,106858.12718531312,10.280749389097586,9.783993801802955,12.379274277453181,0.0001607372500327191,0.5503838493251588,4.781022366402092e-05,0.4493232338084408,4.3229089664584536e-05,4.1140303039037985e-05
w001056,790_T1_P1_R1,790,1,1,9,training,254873.7529406007,9,3,2.2648653807850123,4.115125184603899,0.8132248498809097,0.12315392202378678,0.39396496363250005,56.273927863662536,141451.78582607402,13.700954449729831,113327.35170927472,12.083516137336485,12.55700680123432,12.448527538540732,0.0002207913808872167,0.5549876524909958,5.375584693070726e-05,0.4446411229158072,4.740980975060462e-05,4.9267555628455695e-05
w001057,790_T1_P1_R1,790,1,1,9,training,182412.90429963847,9,3,2.3718415184707364,4.543647695484177,0.8358794975796494,0.40006172132865103,0.8149979385701424,51.69991510258866,105233.53846174545,8.354448560057739,77098.71092511003,7.4645358167771185,13.136013303536451,12.114033583429961,0.0002834224656478491,0.5768974451987497,4.5799657607196466e-05,0.4226603990607195,4.0921095168330766e-05,7.201252210731062e-05
w001058,790_T1_P1_R1,790,1,1,10,training,337868.48094989144,9,3,2.4642270330090557,4.636790055417967,0.880676632345246,0.06991770468510204,0.2567627361192767,879.7733940296371,174491.49630256352,208.8608403946468,161603.1214713624,194.5308107840466,490.69813075718207,12.730414948853822,0.002603893063822412,0.5164479853580719,0.0006181720171335619,0.4783018558494345,0.0005757589765021528,0.0014523347350354249
w001059,790_T1_P1_R1,790,1,1,10,training,252989.90291740757,9,4,2.5122236462263805,4.820465933734361,0.7258084953559552,0.18004164545798895,0.09701590663855007,1003.4038216584181,170753.41618053388,314.64183732885084,80052.20167994879,297.8326085363933,568.4067894011857,12.441108810215002,0.003966181298492354,0.6749416249876145,0.0012436932608791526,0.3164244926647648,0.0011772509697101443,0.0022467568185389236
w001060,790_T1_P1_R1,790,1,1,10,training,239643.0888799641,9,4,2.421951750482847,4.2757796665625785,0.7290281596262306,0.1513482300080913,0.14084619054462624,1102.1105896960207,165233.70321280506,275.02659784669,72124.06900798013,278.2583320352843,629.9211396008927,12.386910138646037,0.004598966716908168,0.6894991380100667,0.0011476508633405625,0.30096452747738817,0.0011611364773163242,0.0026285804549799337
w001061,790_T1_P1_R1,790,1,1,10,training,391331.51004485314,9,3,2.2723682788957733,3.8511349308180183,0.6738395650352286,0.12517131581699495,0.38803569721643905,1240.8655955865804,295168.887566835,308.7249122045495,93782.10416179043,280.29694166562535,550.6308667709512,12.877312886896243,0.0031708808612021977,0.7542681332586882,0.0007889089027591069,0.2396487421905827,0.0007162646872813759,0.0014070700994863402
w001062,790_T1_P1_R1,790,1,1,10,training,409865.6149463427,9,3,2.3571224446924623,4.3471802500910846,0.7166188409880555,0.24552323079069985,0.26717043828600834,829.5198484428647,276146.78938087384,232.5924656263332,132174.37867596967,196.62248002208776,285.71209540794894,12.923587056350238,0.002023882507322457,0.6737495884279666,0.0005674847002151739,0.3224822328491088,0.0004797242629095111,0.0006970872524775047
w001063,790_T1_P1_R1,790,1,1,10,training,246867.93721348568,9,3,2.44579613064679,4.8449391088672185,0.7481317776647937,0.1277673986497719,0.29540811304345127,111.23838128762222,130331.43132626686,29.098986115332693,116312.74732287478,31.790068693512477,51.63112824755268,12.416612856213378,0.00045059873932282196,0.5279398888222542,0.00011787268303768651,0.4711537214421256,0.00012877358255730537,0.00020914473070232395
w001064,790_T1_P1_R1,790,1,1,10,training,145208.61466979087,9,3,2.3136261779323615,4.1951252977964995,0.6445990280082962,0.2975707688544381,0.18897479742337683,130.63218716280045,97731.24533414381,17.069928907409032,47280.72118688178,19.960431416647957,28.985601278434686,11.885933595914699,0.0008996173364773317,0.673040270760711,0.00011755451938045555,0.3256054834928333,0.00013746038044670165,0.00019961351015123234
w001065,790_T1_P1_R1,790,1,1,10,training,122868.87072221868,9,3,2.4545457565968554,4.8580359609803105,0.841526172978476,0.19017076972518535,0.4064269349782913,132.50107703064458,65971.50708420324,13.332064422424622,56683.44750868344,15.014326975040007,53.06866090386974,11.71888111271016,0.0010783941957943305,0.5369261286152072,0.0001085064454817501,0.46133285978376976,0.00012219797322776996,0.0004319129865191575
w001066,790_T1_P1_R1,790,1,1,10,training,265972.77725942846,9,3,2.763557392491092,6.1845952704438165,0.7486590926094834,0.7200076836788758,0.8732611525081887,1373.5209076976219,116928.68088907018,27.952680481923494,146754.10445741395,23.263904661732415,865.2544201031073,12.491153001172865,0.005164140938972475,0.4396264989744366,0.0001050960206151421,0.5517636277274751,8.746723969814746e-05,0.0032531690988027045
w001067,790_T1_P1_R1,790,1,1,11,training,246852.2820577991,9,4,2.657699978066785,4.938285350130507,0.8043072086208065,0.05374038343655061,0.2158474109612853,3749.12663997255,103605.4229918003,1019.4804239582948,134474.21293353502,1289.659695972969,2714.3793725599653,12.416549439356364,0.015187733363124074,0.4197061583880422,0.004129921001579354,0.5447558021847602,0.005224418770700294,0.010995966291793925
w001068,790_T1_P1_R1,790,1,1,11,training,356850.9343559103,9,4,2.8220256260777927,5.801913972122739,0.8213884171126544,0.15932050337236153,0.24325974832606975,7263.401243677041,200787.36353325617,1840.506441262674,140306.16427557732,2255.0452077218797,4398.453654415212,12.785076225025996,0.020354160643538587,0.562664530767343,0.005157633801869267,0.3931786378220352,0.00631929186844381,0.012325745096770162
w001069,790_T1_P1_R1,790,1,1,11,training,380354.089077493,9,4,2.7046883610238233,4.814671193308529,0.7874654497424788,0.21647342167913988,0.29603955110393376,7280.916040001543,253852.26958052564,2246.883900822456,109281.51466974695,2509.4198788436033,5183.085007552795,12.848860540321457,0.01914246816081458,0.6674103864538866,0.005907347824949182,0.2873152091904605,0.006597588801871238,0.013626999568017785
w001070,790_T1_P1_R1,790,1,1,11,training,302438.9141227862,9,4,2.9363515815357397,6.3743140702303025,0.786392706728669,0.2979404435056533,0.16161846785405384,5843.67855603584,145017.73343171575,2516.728564512515,140989.88282449616,2663.8655682642584,5407.025177761689,12.619637905724229,0.0193218474315226,0.47949429342561545,0.008321444255320783,0.4661763954332151,0.00880794581606904,0.017878073638257105
w001071,790_T1_P1_R1,790,1,1,11,training,257519.75006130827,9,4,3.0236247148192925,6.729127481654072,0.8598615229571356,0.22353224220486176,0.37374149224522263,6981.985371398974,100969.93171470657,2744.1519704602733,137959.42163802782,2968.0973803637307,5896.161986350865,12.458855578601673,0.027112426793427527,0.3920861669470728,0.010656083542357303,0.5357236546136114,0.011525707755063872,0.02289596034846707
w001072,790_T1_P1_R1,790,1,1,11,training,172472.39645520912,9,4,3.1026201766135317,6.900350399564153,0.8373621408331442,0.2882189743795937,0.33258765224595777,5237.345746261811,86430.3082470949,2456.334646476911,70834.82689175103,2620.5110744391795,4893.069849185281,12.05799828011183,0.030366283845438092,0.5011254555713253,0.014241900135682398,0.4107023984568264,0.01519379986767751,0.028370162123050255
w001073,790_T1_P1_R1,790,1,1,11,training,233767.9282443654,9,4,2.7809496222756946,5.3191586757173,0.8127027232621149,0.16595366122827276,0.11513927039760888,3423.3388643078442,114442.03115492688,1541.4036751304661,109197.58102815853,1677.0071825698888,3486.5663392717684,12.362088420319001,0.01464417676974625,0.48955402913652385,0.006593734592707626,0.4671195995457968,0.0071738120586706715,0.014914647896554674
w001074,790_T1_P1_R1,790,1,1,11,training,247931.08511901824,9,4,2.6443069027067985,5.013204595112956,0.6884746359618921,0.19242885005286758,0.20580165686328886,5491.0916982705185,92988.47409794558,749.3014816398313,144979.91047964978,1130.221090915507,2592.0862705970067,12.420910137316731,0.022147653230471458,0.3750577466044924,0.0030222167635015687,0.5847589075409919,0.004558609866822263,0.01045486599372034
w001075,790_T1_P1_R1,790,1,1,11,training,198210.77467956956,9,4,2.822192942021896,5.4444961835135715,0.6261861897181108,0.22468104986822574,0.04763885156541665,6068.046574552256,54018.122711252225,943.1312718289428,132798.70126434654,1310.188094771328,3072.5847628182855,12.197091307183918,0.0306141105818387,0.27252868971718974,0.004758224033752063,0.6699872975070648,0.006610075042032388,0.01550160311812247
w001076,790_T1_P1_R1,790,1,1,11,training,121341.51965225005,9,4,2.7495394453479682,5.10380803792759,0.76585456353513,0.4756423977375185,0.5533965973672365,2129.394875890176,62528.43997083674,673.7374413008811,53554.394419770295,725.0580695723174,1730.4948748796182,11.706372566504447,0.01754877375850213,0.515309517715252,0.00555240649063676,0.44135259368145907,0.005975350165798526,0.014261358188351397
w001077,790_T1_P1_R1,790,1,1,12,training,150111.83971798857,9,4,2.831081323159627,5.176223196260669,0.6804246369670695,0.14951846461514925,0.23280279782465677,6633.599579639552,95763.5760099079,2088.754232395174,39812.168433417624,2674.024717476315,3139.71674515199,11.919142555055652,0.04419104843496644,0.6379481870971443,0.013914653476496359,0.2652167111415846,0.017813549700676105,0.020915850149132133
w001078,790_T1_P1_R1,790,1,1,12,training,192836.57492271843,9,5,2.9832031488320503,5.842419003389939,0.7228372114971047,-0.09126045066067733,0.05084717426778468,5400.356859125803,106476.61536391969,3959.5128634282855,67269.08202866773,5097.202565876651,4633.805241700277,12.169603532847862,0.02800483705588559,0.5521598556010003,0.020532997254359593,0.34883985081993196,0.026432758245780997,0.02402970102304156
w001079,790_T1_P1_R1,790,1,1,12,training,210764.2654919145,9,5,3.12914372723983,7.214330873847801,0.8660622847551446,0.05562164249841173,0.42067326365585045,3519.9440504402814,97015.70122432834,4775.009496836997,93681.61490883493,5879.322696625384,5892.673114848585,12.258500307366212,0.016700857909783175,0.4603043167583365,0.02265568826713739,0.44448528639419105,0.02789525388899918,0.02795859678155282
w001080,790_T1_P1_R1,790,1,1,12,training,179716.81026208148,9,5,3.1733969664114405,7.359030820698675,0.775242156115449,0.11674031218689938,0.05004525456460207,2639.05610958428,71871.94296105357,4620.7867729986265,87337.19287490762,6295.867041271811,6951.964502265573,12.099143178946067,0.014684525647521441,0.39991775313751976,0.025711488904460976,0.4859711940554897,0.03503215437715889,0.0386828838778493
w001081,790_T1_P1_R1,790,1,1,12,training,144004.71311266097,9,5,3.016675026010271,5.753461883944357,0.6566501201903906,-0.01967816050830865,0.4237545346781985,892.7209309417433,80417.73444620207,4604.879477436539,45191.450073222106,6710.013643176984,6187.914541681542,11.87760825216461,0.0061992480082462996,0.5584382115555334,0.03197728308957462,0.3138192431095427,0.0465957918886131,0.042970222348489906
w001082,790_T1_P1_R1,790,1,1,12,training,160868.49999484586,9,5,2.706887072323629,4.2460692513760545,0.625038467271084,0.2078142065032594,0.15142798548669606,1303.3002180138521,117744.03833447934,4351.885626762279,27384.702318503554,5219.494406029951,4865.079091056898,11.988348756247776,0.008101649596133544,0.7319272470263091,0.027052441136093834,0.17023035783500776,0.03244572061153788,0.030242583794918038
w001083,790_T1_P1_R1,790,1,1,12,training,84653.20695796737,9,6,3.002129886984585,5.73998654809301,0.6225503404487167,0.40969258163728933,0.4710598072644433,1997.5635570960783,54892.47905814319,3028.406767513044,17418.15865116824,3124.9634255418314,4191.635498505004,11.346330084589416,0.023597021647247494,0.6484394511527343,0.03577427100920974,0.20575899339308942,0.036914885304858695,0.04951537749286055
w001098,790_T1_P1_R1,790,1,1,14,training,3868.955321966948,9,4,2.397639368732536,2.82474475840269,0.46254656608447114,0.05962157489049038,0.4650339840763093,34.49331700820724,716.4270287250918,2488.807015754448,133.78358843667817,436.0850579375482,59.359314104974366,8.260998241245805,0.008915408459840032,0.18517324939303398,0.6432762357382709,0.034578736972507504,0.11271390379247022,0.015342465643877359
w001099,790_T1_P1_R1,790,1,1,14,training,3034.568944689146,9,4,1.9453838208809762,2.1210967939021246,0.46962432293917594,0.38181822078242145,0.3356261169906818,27.511757921488854,537.7339279708681,2199.079186092544,85.86065536505924,150.08644773784184,34.29696960134398,8.018154147107532,0.009066117271659844,0.1772027387652424,0.7246759675509078,0.02829418508197862,0.04945890189791563,0.011302089432295723
w001100,790_T1_P1_R1,790,1,1,14,training,24190.90932032552,9,3,2.713120944864542,5.014737953730083,0.4146159989785117,0.7764371793219426,0.886427154435429,68.65372970762014,13558.331279387157,4370.734910090235,5960.998196347827,146.07618338106187,86.11502141162148,10.09377353063913,0.00283799706735027,0.5604721633177827,0.18067675142818568,0.24641480472746502,0.0060384742651375545,0.0035598091940788066
w001101,790_T1_P1_R1,790,1,1,14,training,88834.9834531888,9,3,2.859307846833556,5.54536789374742,0.4333715632405143,0.5338618534662544,0.5810514866204258,465.6086558350371,47533.77857567016,6738.373342225708,33468.05969178627,406.39847388623934,222.76471378538392,11.394547065968629,0.005241275877316817,0.5350795005294043,0.07585269991946882,0.37674414280070323,0.0045747571293283254,0.002507623743778472
w001102,790_T1_P1_R1,790,1,1,14,training,149879.6251270485,9,3,2.882907836301196,6.488339754369621,0.6493945330200598,0.12225198804004908,0.1788535732372575,484.7420605684777,64033.12911848986,4247.949310610936,80265.62471713188,636.5854418705678,211.5944783767578,11.917594423749263,0.0032342091872566156,0.42723037947426734,0.028342406828213478,0.5355339303063582,0.00424731140961257,0.0014117627942917222
w001103,790_T1_P1_R1,790,1,1,14,training,152591.22917579985,9,3,2.8393614766821997,6.055519657525902,0.6573166440477428,0.05278768976577209,0.31783998869564783,368.80688262496534,68248.58898893747,3336.211165711549,78874.40048089024,1128.3247149469585,634.8969426886628,11.93552447370364,0.00241695990403265,0.4472641668696993,0.021863715127872198,0.5168999614651463,0.007394427065313298,0.004160769567936307
w001104,790_T1_P1_R1,790,1,1,14,training,195102.4445817404,9,3,2.9350811559967616,6.01767642180685,0.5417772808253104,0.1165763570055347,0.09386513382826604,2214.658433346871,117791.27695833535,7640.423526960439,63420.29843481137,2497.9164314456625,1537.8707968406875,12.181285181923005,0.01135125927353009,0.603740651281206,0.03916108556886583,0.32506152637283187,0.01280310165667418,0.00788237584689196
w001105,790_T1_P1_R1,790,1,1,14,training,245093.94057471506,9,3,2.915167424148948,5.51879541332125,0.5484906598072206,-0.09530680540534947,0.27164149414034156,2238.425318470475,157088.3805762559,18160.422355260718,62273.08929335876,3306.499523784084,2027.1235075851157,12.409400927013126,0.009132928024338927,0.6409313106962294,0.07409576227252607,0.25407845313244404,0.01349074365539495,0.008270802219066538
w001106,790_T1_P1_R1,790,1,1,14,training,169818.09880247535,9,4,3.0242541901879685,5.847076645729462,0.5424222241147197,-0.07630875305737804,0.5745506524612727,2549.646450559885,96485.13993194058,16782.89650905179,48068.98185262897,2898.1703741229867,3033.2636841711465,12.042489024758419,0.015013985367516788,0.5681675899820765,0.09882866801242951,0.2830615946804387,0.017066322109129287,0.01786183984840921
w001107,790_T1_P1_R1,790,1,1,14,training,183579.19005959152,9,4,3.163262815447027,6.5756069361997325,0.6477360777903375,0.10391496779647531,0.2783952109885621,5080.887724945243,80378.9786948456,17019.20957172684,73069.65073315626,3219.4879135306333,4810.975421386963,12.120406854068284,0.027676817417572976,0.4378436285112372,0.09270772774518857,0.3980279611727079,0.017537324968508454,0.02620654018478497
w001108,790_T1_P1_R1,790,1,1,14,training,253900.01718969067,9,4,3.022989955054431,5.898720957828242,0.7174674969654834,-0.02208843542803268,0.3500008230879779,3660.200728711872,125700.16982479804,19019.333296372184,94407.9583978586,6381.964272943978,4730.390669005998,12.444699773945834,0.01441591367036934,0.49507743723737707,0.07490875151127971,0.37183124067032136,0.02513573785296739,0.01863091905768516
w001109,790_T1_P1_R1,790,1,1,14,training,278821.64887457347,9,4,2.976360785270137,5.90184551249346,0.689482366220284,0.04996633789686541,0.18113730334564745,2449.98061553977,151924.24419808353,16192.036223727086,95061.7806617131,10152.702866663918,3040.904308846045,12.538331191565279,0.008786909572584451,0.5448796562652346,0.05807309543245329,0.34094117528325846,0.036412893000396324,0.010906270446072789
w001110,790_T1_P1_R1,790,1,1,14,training,334286.53082098806,9,4,3.1487465287676892,7.074594319848959,0.6363374078336846,-0.011261971491527255,0.08239839302971488,3055.7957765278748,187087.35822194524,33086.09215291038,95864.04352117168,12097.833257858132,3095.40789057474,12.719756772343684,0.009141247088307805,0.5596616703714317,0.09897524758671217,0.2867720792869974,0.03619001109062506,0.009259744575925929
w001111,790_T1_P1_R1,790,1,1,14,training,318370.4705471338,9,4,3.130177471261875,6.461662844420598,0.5379933627946772,-0.03330288539243417,0.26500475305961196,2238.257480682352,204465.12225164523,34576.107755193225,53881.90050115274,18011.772936016925,5197.309622443337,12.670974126384845,0.007030355160878478,0.6422238906148011,0.10860337548194292,0.16924277056397316,0.0565748855572657,0.016324722621138602
w001112,790_T1_P1_R1,790,1,1,14,training,328639.32836179907,9,4,2.9332858871895313,5.1238511131131945,0.3829078228464109,0.14051653125445276,0.1677777979377939,2978.944663639301,218905.96730922232,60404.3102031945,22189.26035984226,16964.15550443399,7196.690321466719,12.70271920487531,0.009064480135377409,0.6660979025256184,0.1838012221613823,0.0675185787119614,0.05161937126940008,0.02189844519626051
w001113,790_T1_P1_R1,790,1,1,15,training,7641.695919750271,9,4,3.223317515266525,7.320183873599631,0.38314974684625763,0.08101183710762383,0.22230811401570721,78.21858968861687,3316.022866617024,294.8757313462292,1040.0387605643564,2835.631281463796,76.90869007024789,8.941505688994177,0.01023576317482848,0.4339380814730706,0.038587734246806525,0.13610051636264855,0.3710735563469612,0.010064348395684559
w001114,790_T1_P1_R1,790,1,1,15,training,61999.67561722566,9,4,2.927364982557013,5.641054263665355,0.6307335553147481,0.6468052861448452,0.569859015187272,769.187486461756,37764.79408132178,1473.6431788355067,18368.330469325865,3215.2175484066083,408.50285287413766,11.034900561019883,0.012406314691234432,0.609112768822768,0.02376856272496493,0.2962649447188802,0.051858618878214094,0.006588790163938235
w001115,790_T1_P1_R1,790,1,1,15,training,129950.60914379571,9,4,3.1921579237459494,7.139040024911214,0.5774927792167128,0.21079221898953174,0.5079593024061825,2702.7019427810646,70819.45319370212,5655.900363927249,35519.38132221234,13786.038840095789,1467.133481077128,11.77491742278478,0.02079791668995113,0.5449720756240356,0.043523461730516105,0.27332985629108275,0.10608675812239532,0.011289931542019047
w001116,790_T1_P1_R1,790,1,1,15,training,111728.78045691163,9,5,3.267705611260506,7.474185944600272,0.6371301553497786,0.12448277990364706,0.31984213940106365,3016.0177530917226,49773.30350136388,6294.78821242645,35074.986679994225,15479.447320017349,2090.236990018023,11.62383856059639,0.026994098930980943,0.4454832792214986,0.05633989905451482,0.3139297371416396,0.13854485170888464,0.018708133942481598
w001117,790_T1_P1_R1,790,1,1,15,training,122735.40346283473,9,4,3.1004960418880576,5.884227163356607,0.7477026716800175,0.11415812719609374,0.2834545567200145,2781.063000798423,39911.64140129351,4061.221848106789,62167.02714690099,11729.03763212482,2085.412433610196,11.717794273434865,0.02265901217036005,0.32518442336305253,0.0330892451038918,0.5065125904419719,0.09556360513106936,0.01699112378965435
w001118,790_T1_P1_R1,790,1,1,15,training,219253.30822804995,9,4,2.9187138927900405,5.322737689212129,0.65402797373768,0.17643053308438084,0.39618215556047737,3295.44208201556,67261.86308007907,5644.055755210107,126805.44520049288,13215.071905071407,3031.4302051809323,12.297987559884247,0.015030295819244387,0.306776958686154,0.025742169186973484,0.5783513426789432,0.0602730787137138,0.013826154914971127
w001119,790_T1_P1_R1,790,1,1,15,training,174177.9171800793,9,4,3.0138748199917056,5.940687066230378,0.7569038113365504,0.20599353524962882,0.2993989220333117,1888.0290740717892,60498.0668203191,6834.740556802303,90450.50319134357,11028.411032959793,3478.16650458274,12.067838309555455,0.010839658118771687,0.34733488492557457,0.03923999475625829,0.5192994878784116,0.06331693024872795,0.01996904407225589
w001120,790_T1_P1_R1,790,1,1,15,training,84392.44959621037,9,4,3.5194282232948417,9.081129201441502,0.5587402255007936,0.08988032158045449,0.4605697056192221,2675.7405660943987,34322.056869195396,4642.55160807967,24819.434573491508,13690.075591970039,4242.5903873793595,11.343245066152818,0.03170592368034015,0.4066958244892162,0.05501145695252035,0.2940954397252858,0.16221919919936523,0.0502721559532723
w001121,790_T1_P1_R1,790,1,1,15,training,124437.8948331903,9,5,3.41744475040485,8.325963854832462,0.6101766725397603,0.012125580797667478,0.4189584374123185,5952.836764197646,46430.04086823463,3515.4880324815676,50615.05535770253,13603.28647768198,4321.187332891942,11.731570069850232,0.047837813169191404,0.3731181802012511,0.028250944273800996,0.40674953096524413,0.10931787696920832,0.03472565442130404
w001122,790_T1_P1_R1,790,1,1,15,training,250832.5909017206,9,5,3.1048914987142084,6.624351812790904,0.6937721166695789,0.12603671802369176,0.27938530616290635,6684.761568724951,109177.98037479757,6345.654989545499,114149.44047559837,10374.502343650394,4100.25114940383,12.432545013787244,0.02665029111525673,0.43526233964379407,0.02529836719675637,0.4550821727959728,0.04136026465442545,0.016346564593794594
w001123,790_T1_P1_R1,790,1,1,15,training,284256.74368352914,9,4,3.1727627226479207,7.019355858924299,0.7333419406676954,0.08313136436451905,0.3906761279146927,4389.272509047421,118657.87311123096,10084.118686918942,130602.16993390562,16206.866860391736,4316.4425820344295,12.55763665375193,0.01544122560530743,0.4174320425035757,0.03547538945336639,0.4594514390107438,0.057014889604291276,0.015185013822715298
w001124,790_T1_P1_R1,790,1,1,15,training,226750.98112065904,9,4,3.3369318705914903,8.093049084461502,0.7050662450079398,-0.0032611989387930124,0.29872093419708146,2351.2949565151575,75102.87275818075,11293.304661527518,107219.21686854286,25617.348399838076,5166.943476054658,12.331612104965275,0.010369502900911301,0.33121300021284983,0.04980487672297263,0.4728500681171881,0.1129756893365173,0.022786862709560745
w001125,790_T1_P1_R1,790,1,1,15,training,222653.7025952733,9,4,3.390253932050714,8.264472250065298,0.6619456510408257,0.03706269324052376,0.24106311993118348,2601.735479710525,63962.79549710693,11866.053723062174,101593.39114011555,35659.581744276285,6970.14501100185,12.313377431547568,0.011685121106832909,0.2872747892873567,0.05329376329587289,0.45628431037046796,0.16015714685462096,0.03130486908484862
w001126,790_T1_P1_R1,790,1,1,15,training,187049.06934838757,9,4,3.279568787414016,7.412968746660617,0.6594346832582009,0.24447724436233717,0.024455429166894607,1926.5430398005217,56226.62806965031,7275.660484305783,95431.73711420859,21987.122726339283,4201.377914083101,12.139131610524085,0.010299666534091362,0.300598277583117,0.038897068612271615,0.510196267998867,0.11754735162775522,0.022461367643897976
w001127,252_T1_P1_R2,252,1,2,1,training,13780.271569046781,9,6,3.3296284336698667,7.338462761061815,0.8996920197617252,0.08079972637018076,0.2471132964437826,1213.3346411399366,4010.8778725720153,2276.1285978009787,3578.1899995552917,2110.552451189676,591.1880067888804,9.531065816728931,0.08804867415423992,0.29105942161410236,0.16517298562632207,0.25966033990161813,0.15315753688994016,0.04290104181377715
w001128,252_T1_P1_R2,252,1,2,1,training,12442.502309962914,9,5,3.7447382825930706,11.059601630092894,0.8888144343360339,0.10896588484647747,0.1720367181057314,2049.2489133861654,3513.5108310592377,1869.4058932189123,2708.521340291352,1861.2813018773966,440.5340301298518,9.428953862839952,0.1646974910943194,0.28237976120333225,0.15024356408775175,0.21768300883678315,0.1495905932351757,0.03540558154263786
w001129,252_T1_P1_R2,252,1,2,1,training,12966.964036785674,9,5,3.601775700398389,10.181544601906758,0.9079022181963404,0.24627007254634836,0.06527913274054935,1960.1556423283914,4547.910787420285,936.1545545181509,4346.898646556943,997.0427795011453,178.80162646075763,9.470237290184158,0.15116534886405733,0.3507305776832899,0.07219535365891323,0.33522871153381234,0.07689099597042594,0.013789012289501192
w001130,252_T1_P1_R2,252,1,2,1,training,11793.815994749231,9,4,3.6158912670211993,10.491193175199637,0.8992607070262917,0.18841844553884265,0.04016330530520237,243.2668625613174,3740.6325978202067,1700.0983734274098,3952.8953589175026,2049.2784224860447,107.64437953675163,9.375415391444484,0.020626645580160242,0.31716898071714766,0.14415167865806258,0.3351667823779331,0.17375872435167816,0.009127188315018344
w001131,252_T1_P1_R2,252,1,2,1,training,6757.9162382100585,9,4,3.5147166150984073,9.043218207438368,0.8796065254012265,0.20779628333806596,0.2313461498430906,174.04704381654506,1645.094792196684,1438.157192253623,1510.590533909403,1860.9044457887558,129.12223024504826,8.818617836393006,0.025754542921450026,0.2434322554776757,0.21281074543690137,0.22352904070759935,0.27536660417111736,0.019106811285256226
w001132,252_T1_P1_R2,252,1,2,1,training,3548.8695035481774,9,5,3.0610041009152327,6.045056401818859,0.842099393473816,0.3541058833108575,0.05338281600404155,85.03772120699472,1299.7137057582397,492.03523688316466,1037.003302939573,501.9796638579049,133.09987290230103,8.174666122229919,0.02396191832975926,0.36623316367614517,0.1386456268372859,0.2922066595863195,0.14144776621288077,0.037504865357609544
w001133,252_T1_P1_R2,252,1,2,1,training,2499.1628422304975,9,6,3.2151770377518987,7.005025308616209,0.8380351848633012,0.21647201439873826,0.16649420578687277,54.77143290120448,809.3991858067347,306.1118959857152,796.1859163603509,302.19894649755594,230.49546467893617,7.8241111456271755,0.02191591199088135,0.3238681258098203,0.12248577436135014,0.3185810475838208,0.12092007026954835,0.0922290699845791
w001134,252_T1_P1_R2,252,1,2,1,training,2411.0861220269344,9,6,3.5097784528753344,9.206692764318209,0.7401716122230446,0.20902496919721034,0.4383149486339301,575.7284224072976,603.943398139574,201.9946641873733,533.4728968778184,253.82265470599154,242.12408570888041,7.788247262859286,0.23878384813699577,0.2504860330878,0.08377745711445674,0.22125833333126327,0.10527315983744694,0.10042116849203764
w001135,252_T1_P1_R2,252,1,2,1,training,1987.0381427550128,9,6,2.734661922822885,3.600188467630768,0.7507181887604079,0.2635106611915889,0.4885652453448733,1235.3664560710051,202.89400601961728,97.9219371250694,190.3037133665781,167.69680888447397,92.85522128826922,7.5949035735289465,0.6217125023871858,0.10210876261202834,0.0492803509998562,0.09577255175520863,0.08439536477742882,0.046730467468292375
w001136,252_T1_P1_R2,252,1,2,2,training,1544.1792915283813,9,4,3.6630990677353092,9.906966187015815,0.9150471176403928,-0.08934607675729851,0.35192105983797317,64.74080441908013,553.1949057629831,201.36433405097398,496.24025327857964,199.0438710607065,29.59512295605787,7.342895228895682,0.041925704336445074,0.35824525610329083,0.13040217230971266,0.3213618107696654,0.1288994562695495,0.01916560021133655
w001137,252_T1_P1_R2,252,1,2,2,training,3973.8922311000383,9,4,3.038246860087018,5.881032201244053,0.9069096335338419,0.00030463351041781496,0.3230610011875011,1089.8100590343395,1275.062260063826,129.79882027468372,1320.9397952776646,130.53321616222945,27.748080287295682,8.287752915047959,0.2742424795784314,0.32085979838232,0.0326628938899919,0.3324045340082126,0.03284769907464142,0.006982595066402835
w001138,252_T1_P1_R2,252,1,2,2,training,3670.744841195067,9,4,2.7338813179862074,4.821572094631013,0.922638018718103,0.27247593368129885,0.36836751646449706,1119.0842802092602,1175.3432076784138,85.25032515234977,1185.2358152036977,85.12212259212765,20.709090359217974,8.208422261634023,0.3048657230680532,0.32019202056435037,0.02322425797500957,0.32288700699169987,0.0231893324855603,0.005641658915326791
w001139,252_T1_P1_R2,252,1,2,2,training,1501.82945634086,9,5,3.379392458087756,7.3882957287917375,0.9208555403866193,-0.023644398800185852,0.11244771937933305,90.5496829946936,470.2759019639372,276.73799643176244,384.8687001587305,252.75706541354808,26.640109378188264,7.315104914479809,0.06029291982014645,0.3131353563338299,0.18426725835170535,0.256266581091335,0.16829944594999444,0.017738438452988992
w001140,252_T1_P1_R2,252,1,2,2,training,661.4728721970912,9,5,3.376033988697366,7.5490438062586005,0.9037692168856475,0.5672030113660108,0.5317185358685118,32.84133478029407,57.92069914062422,267.76823811310294,45.90576084359377,235.58374800675065,21.453091312725505,6.495979609394968,0.04964880066995208,0.08756322681569666,0.4048060765118108,0.06939930989326464,0.35615027903450674,0.03243230707476902
w001141,252_T1_P1_R2,252,1,2,2,training,1187.361731537169,9,5,2.7656829535913845,5.002792122131383,0.883650877740794,0.5585617131279206,0.5519786115640712,23.7091736296298,36.23249538074117,548.5790506977097,33.873260067428866,524.9440108806887,20.023740880970685,7.0803309414014794,0.01996794489825413,0.03051512813524339,0.4620151013183779,0.02852817230649353,0.44210959216370527,0.016864061177925764
w001142,252_T1_P1_R2,252,1,2,2,training,3877.1760689550565,9,5,3.2761039772552674,7.683309100943897,0.7593422454720536,0.5254077894711602,0.3319387954627289,364.0949920971082,195.87199760982452,1512.713184773853,398.19638922217143,1342.7410029916928,63.55850226040657,8.263120236771714,0.09390726281750625,0.050519242388343294,0.39015849625357524,0.10270268415473068,0.3463193260020242,0.016392988383820372
w001143,252_T1_P1_R2,252,1,2,2,training,6458.784346159428,9,5,3.215878996427047,6.748105011376524,0.8811764908275235,0.1057937955938752,0.5325120320424729,487.02094076266735,969.1660969361965,2005.5641673854836,1026.5282749533285,1824.9553541110013,145.54951201075073,8.773351213271967,0.07540442824233069,0.15005394900860708,0.3105172831135084,0.15893521442061007,0.28255400030443345,0.02253512491051021
w001144,252_T1_P1_R2,252,1,2,3,training,123834.08830249257,9,3,2.375522669874615,4.07316387315673,0.8760874999046628,0.37618614929389377,0.48386789170334804,500.5654931643881,59429.533284801415,341.965506116519,62988.03393934803,363.5065581141838,210.48352094803403,11.726706026396931,0.0040422269831037515,0.47991255153937445,0.0027614811947514117,0.508648586207423,0.002935432101912338,0.0016997219734349782
w001145,252_T1_P1_R2,252,1,2,3,training,57330.82831449687,9,3,2.498428643538838,4.741590775785106,0.8759639230561331,0.6623409949459271,0.7560448503600562,339.36204011007635,26999.62132364754,350.6521005955193,29141.720958633887,365.34168372675293,134.13020778308643,10.956611216454391,0.005919363980726999,0.470944204321226,0.006116292244583744,0.5083080397647947,0.0063725170988742095,0.0023395825897943607
w001146,252_T1_P1_R2,252,1,2,3,training,1023.60856666816,9,4,3.0380673092543806,6.2615989985154705,0.8885329663525802,0.25296539109270394,0.1811215166110466,14.523652671796773,460.65111520423903,52.74128680148887,431.6010362674134,52.452833992983194,11.638641730238753,6.932065932458007,0.014188678313890219,0.450026631472669,0.05152485873888439,0.42164656522196986,0.051243058822491944,0.011370207430094557
w001147,252_T1_P1_R2,252,1,2,3,training,286.4112866211635,9,5,3.642029088965667,9.816894083402593,0.8388483058824548,0.29766504662924265,0.7363612699011657,30.553650924973418,76.61969890323635,29.767662031119777,109.97849531989036,31.526071815565583,7.965707626378061,5.6609142443462055,0.10667753804474459,0.267516339202726,0.10393327156304943,0.3839879936902033,0.11007272858372075,0.027812128915556004
w001148,252_T1_P1_R2,252,1,2,3,training,158.37634723575957,9,4,3.47097562036434,8.413082600162184,0.8731940028217263,0.09204298788398461,0.2631152408321216,35.55947746188691,47.72167641626423,10.801457671691372,53.44726564392204,9.147551935732228,1.6989181062627887,5.0712683691209435,0.22452517741776773,0.3013182034387091,0.06820120466354919,0.3374699983726753,0.05775832121014352,0.01072709489715515
w001149,252_T1_P1_R2,252,1,2,3,training,3435.8688798613,9,5,2.6653615708163323,4.003759609461355,0.5255401218367904,0.5949125754614041,0.9115663661026154,76.92867796017646,2424.1326066904226,349.2666022116911,265.8366660170537,277.8924710526838,41.81185592927236,8.142316126532739,0.022389875938246498,0.7055369955760014,0.10165306489396371,0.07737101598236341,0.08087982422190157,0.012169223387523518
w001150,252_T1_P1_R2,252,1,2,3,training,6366.042683520645,9,5,2.9462105123694666,5.496816746744936,0.6221890919698423,0.29276613740866525,0.5603860823088487,94.31513930506003,3704.2854101136877,900.8766096411266,828.5978926581499,768.4764727665893,69.49115903603112,8.75889038386147,0.014815348245968788,0.5818819625106704,0.1415128132855858,0.1301590224651001,0.12071494191452621,0.010915911578148588
w001151,252_T1_P1_R2,252,1,2,3,training,4544.102392367375,9,4,3.228962437232439,7.4575209912599,0.7532594755708563,0.21676773336776287,0.2929518400097727,63.16992240755785,1652.9177140008887,899.8524923328871,945.3865185100954,907.541912330443,75.23383278550267,8.421805534931494,0.013901518265447303,0.36375010316168427,0.19802645597166754,0.2080469225557152,0.1997186317488841,0.016556368296601596
w001152,252_T1_P1_R2,252,1,2,3,training,9076.639959540698,9,4,3.0959581462086354,5.6833543730062335,0.8604526256867453,0.5554683683309053,0.794674999159993,154.20955287643687,1630.7758681301095,2903.1159664813867,1719.1470707648957,2526.4556769455216,142.93582434234827,9.113569521461088,0.016989717953320722,0.17966735216989163,0.31984478611271167,0.18940346630779978,0.27834701918410865,0.015747658272167623
w001153,252_T1_P1_R2,252,1,2,3,training,44898.487912830344,9,4,2.7722836049397044,5.251231296607555,0.7919530473686507,0.18433146069546785,0.26788947058630574,407.32379259855156,23883.31477659248,2672.0441992101323,15569.408020182185,2225.3858896726783,141.01123457431115,10.712181668605849,0.00907210490895292,0.5319402921310298,0.05951301087016251,0.346769094995135,0.04956482930991412,0.0031406677848056282
w001154,252_T1_P1_R2,252,1,2,3,training,56420.40917513146,9,3,2.3463477481604698,4.299192717263841,0.8035261927518446,0.3041471316010242,0.5143470314018116,334.48949748016594,32190.096189915585,158.24344772286344,23497.023117049008,167.64838077341344,72.90854219043021,10.940603960761829,0.005928519526363158,0.5705399280249119,0.0028047199592556786,0.4164631816850743,0.0029714137707336614,0.0012922370336613273
w001155,252_T1_P1_R2,252,1,2,3,training,45183.25485162507,9,3,2.3290262891820377,3.8427089086443216,0.7612989387211265,0.6207175274260227,0.5151942003487826,105.71448467251552,21639.57134038596,324.1157661969359,22508.262324481286,350.71753937544435,254.873396512926,10.718503961143865,0.0023396828099185372,0.47892900614280703,0.007173360291578877,0.49815495582146513,0.007762113210461428,0.0056408817237689375
w001159,252_T1_P1_R2,252,1,2,5,training,32040.764174685184,9,6,2.9772433007891372,5.239475581293507,0.5512450189640787,0.6496111943745896,0.617942352517163,2667.7357178641414,2441.232926243051,1444.135243782929,23294.252063923883,1543.7763705313814,649.6318523398021,10.374795461298332,0.0832606770337853,0.07619147012017348,0.04507181026986596,0.7270192413927581,0.048181633937154675,0.02027516724626263
w001160,252_T1_P1_R2,252,1,2,5,training,46916.43238277899,9,6,3.4287327718112404,7.8201290161083925,0.7126793794666736,0.18515775737234924,0.09787442191072594,3481.1245957422234,7469.709282522421,4628.065665565766,24764.897280417794,4708.669118833583,1863.9664396972116,10.756144577970357,0.07419840808313453,0.159213071053208,0.09864487623028494,0.527851245771789,0.10036289802295224,0.03972950083863141
w001161,252_T1_P1_R2,252,1,2,5,training,52974.39230989978,9,6,3.6144829568463206,9.292959408587313,0.8254399195712073,0.07503826651821974,0.35539093857506293,2887.3162770504505,12316.46972764816,6141.008160528412,22591.995206776806,6282.0845715713,2755.5183663246503,10.877582788675852,0.05450399997341495,0.23249855620045454,0.11592408884284246,0.4264701154968199,0.11858719463587529,0.0520160448505929
w001162,252_T1_P1_R2,252,1,2,5,training,47854.70803032665,9,4,3.5646158194545667,8.769090733188417,0.7649560247395605,0.17451655002595687,0.5632487987922156,2188.932263580574,13413.317403425166,4138.772777558372,21781.432201723852,4371.75349509,1960.4998889486926,10.775945679846576,0.0457412102941553,0.2802925345386045,0.08648621939006575,0.4551575612564692,0.0913547208838787,0.04096775363682666
w001163,252_T1_P1_R2,252,1,2,6,training,10812.031011136534,9,5,3.5495189115153334,10.15713315913443,0.7323269663460227,0.5127401625174695,0.6265869267010269,550.0836405096077,2439.8120807674136,1642.5114119879236,3183.740223700762,1802.9538933220226,1192.9297608488048,9.288507260890794,0.05087699433557065,0.2256571478803913,0.15191515916816326,0.29446273511623,0.16675441380670813,0.11033354969293664
w001164,252_T1_P1_R2,252,1,2,6,training,8700.8919537248,9,6,3.523681671508297,9.709082254926066,0.6157449476164096,0.7575782056500363,0.8071707948577581,492.34413399481303,987.6482418671771,1624.4143197823073,2745.7708573754085,1769.7288427853484,1080.9855579197451,9.071295746945763,0.056585478432937375,0.11351114887070524,0.1866951490056034,0.315573492002732,0.20339625548708692,0.12423847620093496
w001165,252_T1_P1_R2,252,1,2,6,training,2401.2645386492773,9,5,3.363832757044135,7.478477713747526,0.5313706265619964,0.5227613106040006,0.5155965613371013,67.589375096219,225.83482549152296,590.7958616928629,527.010636270154,793.8984796601883,196.13536043833034,7.784167129235755,0.0281474090040235,0.09404829074707284,0.24603530855671088,0.2194721272011954,0.3306168341230575,0.08168003036793997
w001166,252_T1_P1_R2,252,1,2,6,training,5650.891718077042,9,6,3.170591640488983,7.162881205043787,0.61176312445813,0.4124551848292931,0.8475003763085139,139.1551673173349,850.2476845865118,1852.60428220136,241.2191030997581,1915.2743020396783,652.3911788323985,8.639745585460432,0.024625346628423524,0.15046256891927226,0.32784282103210927,0.0426869094532647,0.33893310960335166,0.11544924436357852
w001167,252_T1_P1_R2,252,1,2,6,training,8484.542579883977,9,5,3.4064727631968053,8.862224890250257,0.6761723468561484,-0.09998803871492704,0.388310200105895,292.9519583008807,2703.2402342849978,1585.8789352050544,1676.5571683973,1348.4559836618828,877.4583000338614,9.046119121396892,0.034527725630777224,0.3186076572582848,0.1869138990433048,0.19760136184268243,0.15893089945225103,0.10341845677269974
w001168,252_T1_P1_R2,252,1,2,7,training,7177.032769503137,9,6,3.6069481144105855,10.348151466560621,0.6957253988613603,0.14334058352391335,0.5589091546800334,1012.0031971918095,1356.2191114103462,1134.9544044914132,1798.6066919138273,1116.1424374552116,759.106927040529,8.878780636966447,0.14100579301965066,0.18896654856770795,0.15813699629658867,0.2506058909966972,0.15551586195871328,0.1057689091606421
w001169,252_T1_P1_R2,252,1,2,7,training,4037.7029884520384,9,6,3.3272917302323934,7.040810204046791,0.6310676232176037,0.581810774566758,0.5151161975987701,612.370491269164,331.34385159211513,602.8853132811503,1699.841001602823,428.28408352788347,362.97824717890245,8.303678876947666,0.15166308493233985,0.08206246287549364,0.14931393294787204,0.42099208546651984,0.10607122038267545,0.08989721339509915
w001170,252_T1_P1_R2,252,1,2,7,training,3849.1343754642044,9,5,3.2170465422765853,6.55183202383842,0.6156260028935786,0.6328458327628088,0.4910960291331938,527.8213802382595,128.0568724180901,1503.3661825859062,674.3115111064998,852.0269688136802,163.5514603017685,8.255863329390719,0.13712729376318655,0.03326900542479671,0.39057253811893766,0.17518523525829832,0.2213554752062731,0.04249045222850767
w001171,252_T1_P1_R2,252,1,2,7,training,10815.4498727309,9,6,3.4183769873511034,8.6547442245787,0.7181071162070165,0.45079189066955716,0.7078220924560836,916.8210762474589,799.4319458406796,2803.7994109704523,2807.594992263757,2599.173744720033,888.6287026885195,9.288823390680612,0.08476957380747045,0.0739157367698865,0.2592402021149115,0.25959114279125584,0.2403204467040576,0.08216289781241812
w001172,252_T1_P1_R2,252,1,2,8,training,16669.431884084992,9,4,2.4279602790487154,4.396203081143967,0.8595563742928666,0.3764605141753393,0.14003321134630517,40.66871371586038,9076.937877090588,135.35339493763166,7226.891075743299,134.98484989385273,54.59597270376112,9.721391883272764,0.0024397180419021064,0.5445259286704739,0.008119856506139195,0.43354153434845705,0.008097747471689688,0.0032752149613380762
w001173,252_T1_P1_R2,252,1,2,8,training,31772.64621577822,9,4,2.119404975673043,3.613256880969725,0.8495612349973006,0.3467494977961854,0.1373472907986051,40.17003714694412,18625.357550074637,131.84332762379674,12793.741268089952,127.10732944425725,54.426703398632775,10.366392489824396,0.0012642962400467536,0.5862073125286408,0.004149585990679104,0.40266527317880785,0.004000527012482078,0.0017130050493435012
w001174,252_T1_P1_R2,252,1,2,8,training,31064.438979780196,9,4,1.9022606930205455,3.0921829109841585,0.7033082502616753,0.5799234121707296,0.47982079083264634,50.714785692838,13576.22209660368,8.547915765262715,17383.333282092324,9.425486233492682,36.19541339259423,10.34385119340649,0.001632567249189602,0.4370341954490286,0.0002751672344968645,0.5595894808661156,0.00030341723665531893,0.0011651719645139505
w001175,252_T1_P1_R2,252,1,2,8,training,17228.551168341546,9,4,1.3029995057184847,1.8981006590464495,0.36058894697948796,0.6678038054125628,0.9065246617468251,106.8593443958325,97.31097583801075,17.02439310377212,16939.98341568092,17.703684624917056,49.66935469809416,9.75438127975387,0.006202456802763118,0.005648239070550823,0.0009881500154844953,0.9832506082582912,0.0010275782595955366,0.0028829675933147794
w001176,252_T1_P1_R2,252,1,2,8,training,28226.767899627324,9,4,2.013219350458143,3.0029261641558342,0.6456147162042706,0.3359746958781514,0.8380145415187875,123.92221476446363,20073.51257844828,22.440439694295875,7898.011920089144,21.643034537660494,87.2377120934798,10.248061449741279,0.004390237493896698,0.7111516504414701,0.0007950056405357042,0.27980574850701984,0.0007667556772571983,0.003090602239820436
w001177,252_T1_P1_R2,252,1,2,8,training,23023.20043133442,9,5,1.65880503729336,2.225227391669171,0.3114049965265923,0.225413366390227,0.4877908722080948,166.51206505426936,21713.903099496332,152.0394286654198,756.2687067441406,52.843581775126765,181.6335495991356,10.044301134411288,0.007232359617025597,0.9431313932334038,0.006603748645583399,0.032848113753762224,0.0022952318003194297,0.007889152949905852
w001178,252_T1_P1_R2,252,1,2,8,training,5338.323646565296,9,5,3.4552215207205674,8.259533013364319,0.5324103116334332,-0.08464954530757247,0.6673808598397201,186.0596428245078,1994.0441844456018,1168.689302482112,944.7006877119411,878.5407350245725,166.28909407656016,8.58285426598587,0.034853571110140445,0.3735337751072061,0.21892440021579668,0.17696579493073003,0.1645724000997635,0.031150058536363073
w001179,252_T1_P1_R2,252,1,2,8,training,8577.605375424046,9,6,3.3750670587344196,7.878559290292771,0.5838324108223463,0.2162652758900175,0.9475532404074716,494.8436708283418,2287.735567870826,1881.2570593418795,1365.7986647954174,1983.4920522310154,564.4783603565647,9.057026635613484,0.05769018848152344,0.26671028425083365,0.21932194091510965,0.1592284332301656,0.23124076772218713,0.0658083854001804
w001180,252_T1_P1_R2,252,1,2,8,training,18992.4617114651,9,6,3.4733374552181355,8.522288924466107,0.54601065582769,0.5695556757266167,0.7647758366415784,1096.222484157393,4558.511840075472,4467.289793211635,5200.807622183309,2574.6100094585063,1095.019962378784,9.851850078476344,0.05771882027781795,0.24001690298649667,0.23521383699907022,0.2738353616921475,0.13555957350722483,0.05765550453724268
w001181,252_T1_P1_R2,252,1,2,8,training,54096.59187055282,9,5,2.8306869399628543,4.855004109005443,0.5288813607005529,0.23501122874110233,0.3511756777978561,1252.2116715636653,27334.661422407145,3892.119395956535,19191.940213412694,1653.0614054300963,772.5977617826819,10.898544951284762,0.023147699850668408,0.5052935957188575,0.0719475896978861,0.3547717064937638,0.0305575887180784,0.01428181952074584
w001182,252_T1_P1_R2,252,1,2,8,training,47924.78000648613,9,5,2.3559125959213323,3.640139008015736,0.8363137306326079,0.2507651803688627,0.10739394366278046,633.3719691946642,26435.63606091972,780.8911266906546,18703.579528020025,945.0696913482323,426.2316303128276,10.777408843347098,0.013215959866877715,0.551606831733853,0.016294099348707892,0.39026949159680413,0.019719854555833676,0.008893762897923402
w001183,252_T1_P1_R2,252,1,2,8,training,24088.8931520581,9,4,3.0592428516112182,5.91489485921409,0.5858760204146731,0.34192810589219286,0.2800657863311631,149.0626014260394,3652.6113202084925,4114.1604188646015,12824.84224935221,2959.8218246700403,388.394737536713,10.08954766023412,0.006188022026794695,0.15163051690054186,0.1707907620700745,0.5323964936204005,0.12287081045968108,0.016123394922507243
w001184,252_T1_P1_R2,252,1,2,8,training,20212.27933566006,9,4,3.115014506254775,6.536907406798464,0.5162322252611181,0.4099880669552011,0.10729984310751688,156.99387985109283,2072.5835194496394,4838.631474268737,9817.250357167337,3100.1133054693,226.70679945395676,9.914095060255725,0.007767252631132608,0.10254081120841368,0.2393906888933625,0.4857072373746086,0.15337771925602875,0.011216290636454008
w001185,252_T1_P1_R2,252,1,2,8,training,19163.321647433193,9,4,3.2911158100380358,8.004822041325363,0.8675251869477701,0.34061201087796616,0.5940615493539863,137.44037063211755,5355.76702403866,3758.1423774484333,6515.540620285725,3140.618513484723,255.81274154353568,9.86080558180253,0.007172053632493657,0.2794800986266403,0.19611121947388557,0.3400005875890749,0.16388695922689317,0.013349081451012445
w001186,252_T1_P1_R2,252,1,2,8,training,31482.35620834136,9,4,2.8444996715000377,4.6384424826730415,0.8664907618385842,0.3706709064917461,0.04100447024322976,77.65900597670779,17249.083862056337,2498.2834869159974,9222.931781453184,2246.5363645840257,187.8617073551072,10.357214310836444,0.002466746944313265,0.5478968520623667,0.07935503525794135,0.2929555755108805,0.0713585841452616,0.0059672060792366165
w001187,252_T1_P1_R2,252,1,2,8,training,23228.029325343392,9,3,2.4590191308967535,4.284225216980884,0.7546873886650658,0.07943965123853597,0.07133429071754382,30.08036841113463,16634.554042423188,45.59971361647179,6433.764649471176,51.19013866855634,32.84041275286445,10.053158039499401,0.001295003032319873,0.7161414259225914,0.001963133117225719,0.2769828020860768,0.002203808939258758,0.0014138269025273393
w001188,252_T1_P1_R2,252,1,2,9,training,173392.13792211033,9,3,2.3542925201626757,4.543729006013066,0.746276536181246,0.5010120636482427,0.45763889972386645,329.50534739526876,76689.20203873131,28.664107891669055,96241.24652161222,34.188111124745774,69.33179535509329,12.063316768855268,0.0019003476821035923,0.442287654779255,0.00016531376932756484,0.5550496560855882,0.0001971722105422303,0.0003998554731832069
w001189,252_T1_P1_R2,252,1,2,9,training,330834.36472434807,9,3,2.224698973469664,4.199505167754178,0.722910998177036,0.28585596737812247,0.038126934882407,421.3813357362113,170675.4559160341,36.8424701498582,159570.64753368683,36.59479883752177,93.4426699035937,12.70937614308125,0.0012736927618970514,0.5158939763051558,0.00011136228299788455,0.4823279095164175,0.00011061365667986952,0.00028244547685199006
w001190,252_T1_P1_R2,252,1,2,9,training,395995.14130253345,9,3,2.0744848913171308,3.798420926704225,0.7131205313921457,0.3328064348265877,0.20573722983609827,150.62611712939162,184334.45726489194,27.06191762660567,211412.3698360108,22.116195478139595,48.509971396535114,12.889159746003621,0.0003803736496209075,0.46549676508294224,6.833901430606401e-05,0.5338761711586137,5.584966372413949e-05,0.00012250143079274383
w001191,252_T1_P1_R2,252,1,2,9,training,311303.51331116137,9,3,2.0889031165395435,3.7305291852503553,0.7448672430037161,0.05560795896487096,0.1953189536344967,105.61765417932513,115703.34174994961,15.007322539296846,195444.01753245102,11.337342771639983,24.191709270519034,12.64852685459367,0.00033927549694486004,0.3716737421922351,4.8208008896759146e-05,0.6278246443595266,3.64189361406526e-05,7.771100625625889e-05
w001192,252_T1_P1_R2,252,1,2,9,training,355944.64231048874,9,3,2.1364869862764295,3.939771554346964,0.8243939947735558,0.13414858747592584,0.10532785725840989,120.18179988009726,186946.2718187364,26.90588905637391,168794.63755769527,26.23104060126461,30.414204519391216,12.782533308036765,0.0003376418285157479,0.5252116469719583,7.559009423972179e-05,0.4742159805019808,7.36941576954076e-05,8.544644561010433e-05
w001193,252_T1_P1_R2,252,1,2,9,training,439222.12901897205,9,3,1.9997497341444783,3.490731211113573,0.7866103738858738,0.25552469574257436,0.13542108907910708,79.04461421608372,248655.560402807,29.57417235281536,190405.3068718076,26.971139948501982,25.67181784002029,12.992762829491635,0.00017996500857694585,0.5661271233263987,6.733306543290744e-05,0.43350572362346323,6.140660537469635e-05,5.844837075344945e-05
w001194,252_T1_P1_R2,252,1,2,9,training,370695.5949905666,9,3,1.973582138302304,3.5104995522030875,0.7737054067005122,0.37837799104252795,0.37852996956332763,44.283103937359435,185115.1225073442,13.028921466074152,185502.9843650358,10.402013799528424,9.774078983597056,12.82313920374613,0.00011945948248585567,0.4993723286948014,3.514722495260757e-05,0.5004186369405238,2.8060796891296033e-05,2.6366860344930143e-05
w001195,252_T1_P1_R2,252,1,2,9,training,286470.4453126897,9,3,2.0962665475139186,3.8877670562085282,0.7856345849106682,0.16262583273333722,0.33776647861423464,402.99509125426175,136191.7651244313,10.828598974782825,149842.99277433415,10.396388903873842,11.467334791319237,12.565394142849359,0.001406759747290449,0.4754129696547738,3.780005634774344e-05,0.5230661494967719,3.629131407439229e-05,4.002973074169083e-05
w001196,252_T1_P1_R2,252,1,2,10,training,321147.70219932456,9,3,2.2596745059513403,3.6708078555237567,0.6698367393947372,0.28499502808877886,0.21568016095292933,2957.420419637308,115785.51530554489,310.7496905222282,201530.87196024042,320.15192598857755,242.9928973911212,12.67965954157338,0.009208910415313343,0.3605366456387755,0.0009676223382391113,0.6275332832216798,0.0009968993201448194,0.0007566390658473541
w001197,252_T1_P1_R2,252,1,2,10,training,420257.5430219607,9,3,2.147595318140845,3.4394107860925858,0.7972691274219013,0.17709598822594216,0.09896323217404052,2474.28515423686,189670.30091158752,682.0290235267961,226548.8381645567,429.07600639447827,453.0137616582943,12.948625379492466,0.005887544900312629,0.4513192066648432,0.001622883479074536,0.5390714382792609,0.0010209834743455319,0.0010779432021631125
w001198,252_T1_P1_R2,252,1,2,10,training,529592.7396127655,9,3,2.0798590649786557,3.2901198887208882,0.7078482073990304,0.16766012042919545,0.1151909029491762,643.8526840465047,266456.00610774657,995.1946148996755,260845.60279941547,327.07031593956,325.0130907177362,13.179865462562192,0.001215750586983661,0.5031337973072995,0.0018791696722038802,0.4925399902388087,0.0006175883683350937,0.0006137038263692654
w001199,252_T1_P1_R2,252,1,2,10,training,658885.18791076,9,3,2.2038251270759486,3.6386411518604795,0.5580045474320132,0.096250157945526,0.14506652746189808,1288.1664748245116,219158.9285116031,1123.3697181927564,436008.6971093539,594.5049572585689,711.5211395272327,13.398306094337016,0.0019550697123866473,0.33262081548156786,0.0017049551861301009,0.6617369840895668,0.0009022891516861494,0.0010798863786623803
w001200,252_T1_P1_R2,252,1,2,10,training,669415.8375819579,9,4,2.117798409122368,3.3003967895342976,0.4756872461640266,0.17786838506039176,0.12064761147403977,1723.4588451430886,144753.17164657748,836.2960447693835,520510.1821388461,694.501380060278,898.2275265617388,13.41416222068766,0.002574571362650323,0.2162380444559695,0.0012492922901110688,0.7775588101097458,0.001037473780974369,0.0013418080005490863
w001201,252_T1_P1_R2,252,1,2,10,training,604537.2418208834,9,3,2.155051933113976,3.567575009935303,0.6591982943062907,0.15872511670861658,0.185174104774405,1498.4494575532729,193751.18873701434,491.49256479688614,407803.20186943933,381.78782812010917,611.1213639593615,13.312220208939895,0.002478671873117197,0.32049504204808005,0.0008130062646206817,0.6745708513194729,0.0006315373176516857,0.0010108911770574242
w001202,252_T1_P1_R2,252,1,2,10,training,518999.97145467985,9,3,2.0819862620558234,3.3658773225204435,0.7832240812636629,0.22086500303134957,0.06846780233825037,970.2725497250799,249216.6636852522,456.0820425756624,267609.9693715633,283.66391052455,463.3198950391113,13.15966103392793,0.0018695040521978258,0.4801862762857865,0.0008787708432764113,0.5156261735843497,0.0005465586245206954,0.0008927166098689648
w001203,252_T1_P1_R2,252,1,2,10,training,473021.88299117907,9,3,2.0550777692771773,3.278276151104159,0.6916814603257819,0.1432963121027522,0.07048925755229113,1203.9310024784959,185651.8955279029,606.1866010248937,284713.37750101154,383.54784422811224,462.9445145331607,13.066899044720742,0.0025451909219619483,0.39248056422659194,0.001281519149159951,0.6019031840569644,0.0008108458784247507,0.0009786957668970967
w001204,252_T1_P1_R2,252,1,2,10,training,575030.2402024738,9,3,2.1282093338005392,3.273585024242968,0.8270181068638659,0.14319348648455918,0.5601555776564398,4715.172038268982,346734.4797723095,1017.0499308524819,220601.9428827287,788.6796803085781,1172.915898005623,13.262179649090534,0.008199867952351033,0.6029847745924125,0.0017686894701300728,0.3836353768195784,0.0013715447035113773,0.0020397464620167238
w001205,252_T1_P1_R2,252,1,2,10,training,601519.783265135,9,3,1.8370983245239505,2.2642353446973367,0.6890109475519138,0.15844018951947467,0.5848476580997841,6488.854143288267,484764.22986275423,1126.3285311656632,106970.64085926983,854.3721884185376,1315.3576802384816,13.30721636619419,0.010787432639481686,0.805899063255052,0.0018724713010298542,0.17783395298923996,0.0014203559254209125,0.0021867238897755495
w001206,252_T1_P1_R2,252,1,2,11,training,316874.8770877247,9,4,2.7591946965170915,4.857779673515881,0.7172876391085378,0.11235700434797333,0.17689807013451805,13523.426282259705,85631.23652943449,4323.804398352773,197769.11239010576,3453.8943113796477,12173.40317619229,12.666265421253456,0.042677495945870884,0.2702367487016904,0.013645147378331786,0.6241236736964626,0.010899867932488256,0.038417066345156056
w001207,252_T1_P1_R2,252,1,2,11,training,605865.497903211,9,4,2.62355781387982,4.683211058147808,0.8859985110429053,0.28421998201884974,0.16710693543120797,13998.175244173544,310607.3530152782,3654.362943487674,261370.0678927761,3067.2016460442974,13168.337161451054,13.314414940291984,0.023104427125523158,0.512667174629077,0.0060316406135268496,0.4313994917969909,0.005062512482818905,0.021734753352062867
w001208,252_T1_P1_R2,252,1,2,11,training,870161.8776272653,9,4,2.6903203796844952,4.854999297538834,0.9114299342896023,0.17128193005542117,0.2333386695835393,13507.163347778129,426939.5056159745,8543.671814558404,402006.9545619011,6897.975599913424,12266.606687139765,13.676435688771624,0.015522586883039636,0.49064377168549606,0.009818485541856953,0.4619909983393931,0.00792723259575867,0.014096924954455633
w001209,252_T1_P1_R2,252,1,2,11,training,946306.7120002751,9,4,2.755170784508089,5.333449324452832,0.8103628428474432,0.15151783963589724,0.09663723348761567,11714.951053651615,383061.61490642803,9740.958361419162,524136.0431327843,8652.753385155931,9000.391160836138,13.76032307209883,0.012379655459580223,0.4047964682578693,0.0102936587449845,0.5538754364585252,0.009143709196425329,0.009511071882615497
w001210,252_T1_P1_R2,252,1,2,11,training,846309.3400726957,9,3,2.6925328213170947,5.321756324430519,0.819224673656785,0.27499295629658593,0.37858094682991056,8759.144315303456,391531.26117088355,6556.764427963915,428363.2375173567,6514.161256840474,4584.771384347801,13.648641403559093,0.010349814069818808,0.46263374706139015,0.007747479695073088,0.5061544487746779,0.007697139743584686,0.0054173706554555825
w001211,252_T1_P1_R2,252,1,2,11,training,583657.5343437564,9,3,2.782630015847244,5.622211571976276,0.8117194807672483,0.25134921346392863,0.35441938534850226,7098.094522532314,290218.43562796304,6775.546806720785,269675.4831843974,5981.5960212759655,3908.3781808668223,13.27707138933963,0.012161403057210864,0.49724096503658477,0.011608771253743802,0.46204403664147137,0.010248468784012971,0.0066963552269761455
w001212,252_T1_P1_R2,252,1,2,11,training,548842.9215775058,9,3,2.827983278173301,5.647335644395994,0.8351444733569273,0.273802492378814,0.2535695117684341,6073.645110597259,232462.15295974392,7491.2998637674,290586.59300182946,6518.997083205216,5710.233558362578,13.215569384220403,0.011066272100476674,0.42354951447964767,0.013649260233211377,0.5294531123160232,0.01187771004583253,0.010404130824808676
w001213,252_T1_P1_R2,252,1,2,11,training,560976.7999507572,9,3,2.796244567590296,5.387644958456472,0.9231954875976298,0.12295186946915634,0.14127970414078916,8359.826362136315,277575.62734396855,6750.29547137947,253571.2367968483,6726.638391438489,7993.1755849860565,13.23743661144154,0.014902267549870413,0.4948076771950895,0.012033109875438723,0.4520173326581543,0.011990938648494834,0.014248674072952217
w001214,252_T1_P1_R2,252,1,2,11,training,764264.8414942108,9,4,2.694567202052813,5.087114229779162,0.886042544384986,0.02752298740795271,0.3270464601245468,9622.636972134173,364742.87889341253,5296.851405104182,373232.3731880087,4438.801127842673,6931.299907708526,13.546670967695547,0.012590709986502843,0.47724670701887234,0.006930649059753071,0.48835475992628913,0.005807935792472662,0.00906923821610997
w001237,252_T1_P1_R2,252,1,2,14,training,54111.420176945256,9,5,3.1820417468958317,5.951983923166594,0.5869154748869582,0.5731747777375463,0.8657350629864878,2620.2071302976424,3860.8101532088067,17848.581997388592,21622.322874343845,6819.452518435859,1340.045503270519,10.89881901661762,0.04842244246647973,0.07134926676446289,0.3298487073343007,0.39958890015524423,0.12602612343450115,0.024764559845011417
w001238,252_T1_P1_R2,252,1,2,14,training,147067.78212275426,9,4,3.3975080753272735,7.3732079227796055,0.6507299450322719,0.32657051142346144,0.4456947699003403,5229.752808740215,25344.009330307617,52190.240533978234,45449.0979554058,14346.076397703591,4508.605096618791,11.898655661924153,0.0355601528305843,0.17232876544744197,0.3548720173832239,0.3090350401658361,0.09754737707086135,0.030656647102052285
w001239,252_T1_P1_R2,252,1,2,14,training,236597.50829957816,9,5,3.48272167934041,8.76920581150775,0.6217249913305233,0.26881875263223665,0.4087205771252605,6348.512995810484,56364.91455165675,72402.3558601152,75164.9330685003,18102.213427177405,8214.578396318055,12.374119925771037,0.026832543763614113,0.23823122634194388,0.3060148704881534,0.3176911439545972,0.07651058355296161,0.03471963189872994
w001240,252_T1_P1_R2,252,1,2,14,training,242383.56351671962,9,5,3.5027533801676776,9.245878957624273,0.6061199289159738,0.06788290640536565,0.40702221161476554,5875.623892370977,53576.87167013394,69487.62015899085,86519.63375826755,17681.757440064765,9242.056596891525,12.398280849287802,0.02424101621051411,0.22104168654339557,0.2866845389629631,0.356953386207227,0.07294949040075928,0.038129881675140934
w001241,252_T1_P1_R2,252,1,2,14,training,240250.7862635706,9,5,3.544474759057009,9.825120198839707,0.6203674797558616,-0.011720429564575089,0.40144905257671476,4555.7946660568405,47343.452599466305,100182.67022960879,58095.76290501023,21620.914914796853,8452.190948631542,12.389442761824965,0.018962662877859804,0.19705847100757243,0.41699205978748366,0.24181299802813314,0.08999310783140295,0.03518070046754787
w001242,252_T1_P1_R2,252,1,2,14,training,296943.17460833513,9,4,3.4495441213596623,8.904799939193786,0.6082450017426247,0.0073666098899571545,0.1854505353433434,6257.492611732915,54617.02644304696,139860.0207793634,64926.89961750174,22838.61369451309,8443.12146217699,12.601299435835637,0.02107303062273272,0.1839309036656129,0.4709992777703588,0.21865092438356135,0.07691240495639268,0.02843345860134141
w001243,252_T1_P1_R2,252,1,2,14,training,350329.77019068674,9,5,3.4821073687122803,8.882797424531867,0.6464270412170582,0.032265489572637814,0.12897060063366778,13757.121527058625,63992.342931700696,153745.09364775804,73980.9057315014,27742.136723117917,17112.169629550128,12.766633044867412,0.0392690621741068,0.18266316019009532,0.438858203697829,0.211175047131259,0.07918863620416185,0.048845890602548174
w001244,252_T1_P1_R2,252,1,2,14,training,297904.8103954606,9,5,3.501099732937436,9.016952191138056,0.6137041511819202,0.1324563510242694,0.33534884557572336,12001.732951451722,75357.11573025597,116134.40581509042,49180.924861927495,26955.269653676856,18275.361383058134,12.604532643027648,0.0402871404980663,0.2529570288919519,0.3898372962186315,0.1650893948192416,0.09048282777943217,0.06134631179267661
w001245,252_T1_P1_R2,252,1,2,14,training,281344.8426097566,9,4,3.425228334744226,8.445074631557114,0.49673649871765874,0.05147015630436591,0.5749641925133667,6645.514243892368,87357.33225722653,113806.1497646313,41591.7034680959,18073.410845878105,13870.732030032463,12.547339948174168,0.023620529817602248,0.31049914207383134,0.4045076807129809,0.14783176077546323,0.06423935366374242,0.049301532956380005
w001246,252_T1_P1_R2,252,1,2,14,training,354602.24490734225,9,5,3.4346106330679023,8.31366276174063,0.49945693991812007,0.05583475443536941,0.11639581276445371,11642.285891638701,109841.21451404583,110669.33892365945,84974.4961524566,18338.20209497092,19136.707330570778,12.778754823475305,0.032831957661973735,0.3097589372079339,0.31209429864883514,0.2396332718498736,0.05171485053559856,0.05396668409578515
w001247,252_T1_P1_R2,252,1,2,14,training,376107.7396793287,9,5,3.443626586954667,8.514697647394035,0.5739812503261803,0.04874149127754111,0.3603540503029481,12306.553966870068,103404.69178399086,111955.17774895499,103172.80182669166,27544.493316150736,17724.021036670412,12.837633581836213,0.03272082084075881,0.2749336981795541,0.29766783806259484,0.2743171462375576,0.0732356460934181,0.04712485058611662
w001248,252_T1_P1_R2,252,1,2,14,training,372201.90894864785,9,5,3.4682004498964267,8.507537399367227,0.6466573156747316,0.0635552869794926,0.19803739278561017,9331.156827523018,109612.45610783766,118233.5449820988,79021.34436912314,41590.46949566979,14412.937166395439,12.827194438712265,0.025070147689141554,0.2944972969576057,0.3176596952876223,0.21230773531584868,0.11174168776605595,0.03872343698372587
w001249,252_T1_P1_R2,252,1,2,14,training,250444.83383360383,9,4,3.4497821152313746,8.219599953962605,0.6726301305692892,0.43979078172955965,0.7764794190227184,5774.590456532716,88826.92143202382,70425.34591766536,51428.882981666495,25056.806839808523,8932.28620590693,12.430997943924321,0.02305733509507874,0.3546765971265379,0.28120103273703834,0.20535014515746,0.1000492062713353,0.035665683612549834
w001250,252_T1_P1_R2,252,1,2,15,training,82684.48280915075,9,5,3.015130672563601,5.93250074577903,0.4170966072783611,0.7292326615999342,0.8048227717710188,956.3427949603171,10025.845272942148,3017.448331453188,37606.253727099065,29690.353873756172,1388.2388089398555,11.322799325205555,0.011566170126113166,0.12125425390981076,0.036493526099908614,0.454816338561377,0.3590801183613417,0.01678959294144872
w001251,252_T1_P1_R2,252,1,2,15,training,246958.22406353283,9,3,3.2242902155270263,7.310672255920697,0.5313914300461305,0.32301133436553864,0.7328228798006917,4482.463248525972,68666.72451010605,5641.171887854129,106328.2345234412,57295.56326336719,4544.06663023826,12.4169785172191,0.018150694375631753,0.27804996075952,0.022842616030486488,0.43055150289745786,0.23200508296750325,0.01840014296940055
w001252,252_T1_P1_R2,252,1,2,15,training,395476.5116273783,9,4,3.0889758059804167,6.26515154518619,0.576984953126793,0.19676793267078044,0.5741438716072231,7689.044538481762,140945.16840678107,8687.123719042978,175049.13741887425,56575.463934904954,6530.573609293246,12.887849203959764,0.01944248093734187,0.3563932730841445,0.021966219139780592,0.4426284046517716,0.1430564452541012,0.01651317693286021
w001253,252_T1_P1_R2,252,1,2,15,training,270233.0726387821,9,5,3.2029431200724905,6.603379829612325,0.7291157131107356,0.23655813625929673,0.4376138161925861,8588.67343401941,87626.46963539142,19051.8870687342,118270.4036307767,31060.442568237348,5635.196301622958,12.507043798108,0.03178246596596193,0.32426256630890204,0.07050168538845232,0.43766072922120675,0.11493945676203571,0.020853096353441056
w001254,252_T1_P1_R2,252,1,2,15,training,113542.49018851515,9,5,3.7059672991882593,11.191444099813701,0.7033177934476678,-0.022325995149549905,0.22216156172965043,7536.498692961554,22106.652343145182,24927.6996614268,35165.90254957863,18645.915479841526,5159.821461561435,11.639941215978483,0.06637602082223729,0.19469937911738064,0.2195451202456386,0.30971579442367797,0.1642197158868334,0.04544396950423193
w001255,252_T1_P1_R2,252,1,2,15,training,115957.69051220588,9,5,3.5369164728633535,9.563065554460406,0.7059785093477348,-0.05593792626226813,0.25681305695902956,4654.246177255784,36325.91604945693,20999.34542569732,34709.405488872246,15176.533447115742,4092.2439238078705,11.660989290389956,0.040137451485081715,0.3132687093801097,0.18109489187771377,0.2993281888898838,0.13087992163416048,0.03529083673305062
w001256,252_T1_P1_R2,252,1,2,15,training,229229.00504600463,9,6,3.1429178473411326,6.325214452087972,0.674466189402735,0.2784898294334431,0.45333926337447766,6820.355229835934,105074.37908262298,27461.615434578074,71257.64380735326,12322.680284662138,6292.331206952241,12.342481167322568,0.029753456498522676,0.45838169153827324,0.11979991549964074,0.3108578855151963,0.05375707268017441,0.027449978268192607
w001257,252_T1_P1_R2,252,1,2,15,training,323305.01615068794,9,4,3.2577005947899202,6.857809622728537,0.6806065606248922,0.1573226393881978,0.22312345279880388,7945.769051942536,134405.17280296292,25282.452243053016,92012.98713389126,56463.68020548943,7194.954713348711,12.686354572110409,0.024576695859983577,0.4157225099789932,0.07819999993835301,0.28460117392983875,0.17464523402003915,0.02225438627279214
w001258,252_T1_P1_R2,252,1,2,15,training,295705.03819830663,9,4,3.308803881413451,7.549944690094879,0.6410841912164129,-0.04655264332334055,0.13087915107896086,6343.320410015633,80950.25488795366,15561.4760829505,116330.1234736265,70001.84081617808,6518.022527582214,12.597121125646646,0.021451512793507616,0.2737533840518015,0.05262499475073067,0.3933991932718199,0.23672860375558846,0.022042311376551785
w001259,252_T1_P1_R2,252,1,2,15,training,372635.6696851415,9,4,3.352057756272997,7.710779241242374,0.6616829933750932,0.12371645416704194,0.4980236605625688,8036.361351572737,105930.89167227672,17860.767992990302,159042.10794369408,70445.4396293825,11320.101095225122,12.828359147994563,0.021566269698129168,0.28427469587595583,0.04793091334514959,0.4268032313655768,0.18904642083487438,0.030378468880314227
w001260,252_T1_P1_R2,252,1,2,15,training,392570.19409379386,9,4,3.3684661417825263,7.87173046032661,0.6505560758183234,0.08505657156939837,0.3780867661775256,7261.296082727008,123935.59665791418,19646.722055770624,157341.7205381236,67424.57714213186,16960.281617126602,12.880473185982334,0.018496809467384374,0.31570302209011614,0.05004639259769319,0.4007989473101239,0.17175164634639228,0.04320318218829015
w001261,252_T1_P1_R2,252,1,2,15,training,318481.86537301337,9,5,3.2735312218829393,6.499966446133868,0.7765851025290805,0.11523456058330031,0.27732377826151816,5676.7649152016575,65877.23922441709,42555.299581167,154248.7526651167,30830.926500627444,19292.882486483424,12.671323954660268,0.01782445260596831,0.20684769334436087,0.1336192235979441,0.4843250729031525,0.0968059090727742,0.060577648475799876
w001268,651_T1_P1_R2,651,1,2,2,training,218.55261366449017,9,3,2.182724407924646,3.5335867569138353,0.7567251497156098,0.13414058742307514,0.16373086729910388,147.3528137177965,8.048278658120251,2.2932383596559847,58.04790279051005,2.118428923932637,0.6919512144747615,5.391591901580411,0.6742212378388864,0.036825359912993405,0.010492843444903555,0.2656015035337073,0.00969299286067899,0.0031660624088303358
w001269,651_T1_P1_R2,651,1,2,2,training,1951.3574070637626,9,4,2.846556923392846,5.3879647775339885,0.7191047017430531,0.46343726852548117,0.5962097389133358,29.51515797342736,1304.7674127141454,39.61793705951207,525.2073624615734,41.86630846804549,10.38322838705892,7.576792848093692,0.015125449528920113,0.6686460450509929,0.020302757924354715,0.2691497521470764,0.021454966843333107,0.005321028505322725
w001270,651_T1_P1_R2,651,1,2,2,training,3306.827011607391,9,4,3.272836919033773,7.370628277096943,0.8285983061420519,0.3041048490454188,0.39909557431521425,110.29430695494527,1843.2913655951465,189.91486507541336,957.8559872458112,181.86777211386624,23.602714622208737,8.104046760824389,0.03335351579257033,0.5574199554814797,0.05743114605293461,0.2896601436614654,0.05499766739399636,0.007137571617553671
w001271,651_T1_P1_R2,651,1,2,2,training,1778.6284523774184,9,5,3.691668270824258,11.120344402364692,0.9325719340533788,0.3874847591937824,0.7145368388638825,148.44681122998048,659.9140725624039,202.70529837905124,569.0807439730959,181.37284137142302,17.10868486146405,7.4841598868786,0.08346139466708621,0.37102412911495053,0.113967196526123,0.3199548186763961,0.10197342853083763,0.009619032484606655
w001272,651_T1_P1_R2,651,1,2,2,training,479.12258809145203,9,5,3.731973743668411,11.104498368081806,0.8740677553893678,0.38692553286238635,0.1259923177784706,68.04905754573576,143.17824079747828,70.49908288694749,135.2754008339523,56.8506297869556,5.27017624038262,6.17404146315218,0.14202848965398177,0.29883425318730594,0.14714205641561415,0.28233985246408744,0.11865570774572685,0.010999640533283896
w001273,651_T1_P1_R2,651,1,2,2,training,407.8138282576464,9,3,3.859836513170782,12.94510680572828,0.8700559050506208,0.20627339973663178,0.27830741262158987,71.9334359117096,115.16818455970737,40.8707051459453,145.7504511401841,30.577641158864772,3.513410341235189,6.013259864779346,0.1763879273516539,0.2824038239501458,0.10021902719817591,0.357394578214505,0.07497941227129404,0.00861523101422521
w001274,651_T1_P1_R2,651,1,2,2,training,469.1905505422584,9,3,3.745725229692874,11.468657895409308,0.8524966801317847,0.16008229407923033,0.31129061678984726,64.54309245302018,199.7724484134987,35.69441593261307,140.32483534561294,24.58824079579314,4.267517601720364,6.153138039226568,0.13756264353241063,0.4257810567212305,0.07607658741498502,0.2990785623952466,0.052405660700915076,0.00909548923521213
w001275,651_T1_P1_R2,651,1,2,2,training,318.4669566970754,9,4,3.7469713219758933,10.73840748067643,0.8130863319969681,0.13833840684939291,0.5105986236729733,14.1301894028689,135.07013513397945,47.4434413060692,74.99502409316987,44.041369090123496,2.78679767086447,5.7666538465507875,0.0443694050692659,0.42412605858653546,0.14897445498936715,0.23548761501339957,0.1382918012810211,0.008750665060410842
w001276,651_T1_P1_R2,651,1,2,2,training,222.09101346505332,9,4,3.8405296879810313,12.796455633642326,0.8540596137204207,0.043747967875891615,0.2169238180588524,7.484730555315458,56.57975061240797,46.62577169331549,65.75761799088117,44.023673093966366,1.6194695191668753,5.407579820327139,0.03370118600720962,0.25475929768455474,0.20993992942741105,0.29608410067986984,0.1982235679288015,0.007291918272153338
w001277,651_T1_P1_R2,651,1,2,2,training,372.92222022733097,9,4,3.694206258789855,10.893229127435768,0.9404600312246957,0.1266623770994091,0.09955313315818941,8.675109446270778,60.49662952678554,112.48917609573249,59.91460885122913,128.42351173648856,2.9231845708244295,5.924047808479731,0.023262516888863546,0.1622231828661408,0.30164246053013366,0.16066248027458802,0.3443707689453378,0.007838590494936116
w001278,651_T1_P1_R2,651,1,2,2,training,1929.5236399161622,9,4,3.563480376222937,10.133158202635482,0.9154794081290633,0.5859344939889869,0.8551846578435187,22.08568887890826,329.8277070968311,638.0758252492442,277.46554688020956,643.850786894211,18.218084916757817,7.565546561118133,0.011446187246437615,0.17093737556444868,0.33069085656652986,0.14380002459688207,0.3336838033879628,0.00944175263773881
w001279,651_T1_P1_R2,651,1,2,2,training,3139.023615771867,9,5,3.9116237265254985,13.344970201840978,0.9334369770689838,0.03465819180969102,0.598761083244799,359.60000774369934,635.063339949242,721.3671596790253,670.203779208851,695.2543723614763,57.53495682957339,8.05198559982047,0.11455791728896435,0.20231238043524047,0.22980622256377817,0.21350708412687489,0.22148746153683124,0.018328934048311037
w001280,651_T1_P1_R2,651,1,2,3,training,31531.463653719788,9,3,2.86141163221023,6.43962061771701,0.8944295252418251,0.3211298246283269,0.4889889828112484,81.22629778027455,16554.373213893414,107.27590624061327,14658.792247390513,107.40262687521829,22.393361539754572,10.358772886299771,0.002576039560748149,0.5250112521161219,0.0034021860646471403,0.4648941263359719,0.0034062049277102913,0.0007101909948006112
w001281,651_T1_P1_R2,651,1,2,3,training,20779.917337145245,9,3,2.8967867161777665,6.833101250338396,0.9017537351942845,0.7374982488760823,0.7436837989298608,44.65931226271708,11553.148978147665,38.89628277837335,9094.959761127788,34.96517283912402,13.287829989578775,9.941790408873517,0.0021491573589124007,0.555976657207186,0.0018718208618108457,0.4376802666519778,0.0016826425375919014,0.0006394553825209905
w001282,651_T1_P1_R2,651,1,2,3,training,2167.438704504989,9,3,2.508330528370523,4.63442889397519,0.908684730252615,0.36724979980720196,0.14116044545294446,17.51235792817436,1019.577249670175,4.284400441139645,1119.0471910900944,4.675432896483056,2.342072478922229,7.6817626965651025,0.00807974771871296,0.4704064975636907,0.0019767112362783696,0.5162993485186785,0.0021571234687122816,0.001080571493927033
w001283,651_T1_P1_R2,651,1,2,3,training,1150.9233023480197,9,3,2.101266497900944,3.0072728903525507,0.8741647006905833,0.12956102999204278,0.44489918708399123,8.274214871463293,688.102542017164,4.685530172711617,442.6883261476666,5.375973463057852,1.7967156759563916,7.0491882612165355,0.007189197450936058,0.597870023669999,0.004071105488222006,0.38463755599050786,0.004671009312340996,0.0015611080879941166
w001284,651_T1_P1_R2,651,1,2,3,training,996.0270818922565,9,3,1.8867514302452022,2.3821036846878005,0.8773869937362544,0.06584066069927605,0.1450358580887789,60.30950620596835,643.1569091455517,5.684309738389153,280.88524640755713,4.922768449456308,1.0683419453338439,6.904777932975324,0.060550066662235814,0.6457223110075274,0.005706983114947113,0.2820056316881767,0.004942404216664482,0.0010726033104483496
w001285,651_T1_P1_R2,651,1,2,3,training,689.9456573881085,9,3,2.0702250374741897,2.5514307476482414,0.8222267038048457,0.1569818141168876,0.24169766952363075,70.57839683918826,444.0536918051714,5.314854441593981,164.98515014253852,4.071166192217603,0.9423979673987951,6.538061177242564,0.10229558818642795,0.6436067638807995,0.007703294288008348,0.2391277463316665,0.005900705582566611,0.0013659017305310424
w001286,651_T1_P1_R2,651,1,2,3,training,612.7190500080623,9,4,2.6155690725553455,4.126985394023602,0.7773363731707222,0.31493468945045344,0.4134614386251322,28.642225439396327,303.86983839203583,12.851210192103036,258.41556192321514,7.532808576064833,1.4074054852470184,6.419537250151774,0.04674609911185142,0.4959366587150138,0.02097406664919907,0.4217521259047109,0.012294066221648756,0.0022969833975759356
w001287,651_T1_P1_R2,651,1,2,3,training,858.4355936783365,9,4,3.4577350663943984,8.349824256010397,0.7762517290344704,0.314514650548079,0.121918306904597,54.00878680867586,293.6004879220264,104.8876681834358,257.14650370819874,143.52004610499142,5.272100951008223,6.756275887376812,0.06291536279064569,0.34201807343981255,0.12218466819857676,0.29955247149800013,0.16718790222807287,0.006141521844891868
w001288,651_T1_P1_R2,651,1,2,3,training,1600.7927913996466,9,5,3.2716151711499575,6.814204774737713,0.7949918771001919,0.3231001916228546,0.3566123323251721,101.1799274805891,536.7519130105511,369.6984139753552,168.39465628679437,403.5229897352704,21.244890911086348,7.378878775567086,0.06320613637454155,0.3353038043988468,0.23094707569997922,0.10519453685168034,0.252076965802958,0.013271480871994035
w001289,651_T1_P1_R2,651,1,2,3,training,2078.6794743685587,9,5,3.1403796255474163,6.01964083234305,0.8067775274669258,0.10353729514852889,0.44351699653980664,113.71702356402784,510.5682864585038,595.936432999747,224.6929048046616,578.3616411172356,55.40318542438287,7.639969061959644,0.05470637727760876,0.24562145956321588,0.28668991075729694,0.10809406047217388,0.27823512390861743,0.026653068021087148
w001290,651_T1_P1_R2,651,1,2,3,training,19058.42479658273,9,3,2.8172210658347865,5.157483727854301,0.8914519346195744,0.0704622031190761,0.606232386689355,144.4388958167965,8651.242338714206,403.9034793378483,9412.24401656505,392.46866303554646,54.12740311328479,9.85531699818947,0.007578742595909348,0.45393270593199375,0.021192909888873405,0.4938626416939091,0.020592922406993362,0.002840077482321105
w001291,651_T1_P1_R2,651,1,2,4,training,62030.35367387098,9,3,2.8329899013301696,5.564916282328866,0.8718573250260461,0.7456397711069459,0.7057876897607727,237.4342395821315,30857.568367468244,540.325533811647,29433.247712514123,838.4469769432254,123.33084355161375,11.035395240619117,0.0038277105565197806,0.49745917183874394,0.008710663438297437,0.474497499518728,0.013516720883963041,0.001988233763747898
w001292,651_T1_P1_R2,651,1,2,4,training,100736.39819637389,9,3,2.951272833650078,6.2844656572545565,0.7969305169175854,0.10801527289296892,0.3797003701262955,634.8055994809829,48231.48145185796,1025.8730957050086,48473.526691213396,2129.111540974458,241.5998171420901,11.520272392049046,0.006301650752327905,0.47878902080493585,0.010183738093406797,0.4811917793280627,0.02113547415924086,0.0023983368620259715
w001293,651_T1_P1_R2,651,1,2,5,training,64279.42702404248,9,3,2.9455305630584876,6.125813264624545,0.7297153607401604,0.48730961751747054,0.45777779194211526,732.8473931670835,20055.423772652895,566.4137827726763,42046.50891266633,713.3352816318759,164.8978811516173,11.071010463016105,0.011400963373444135,0.3120037732313879,0.008811742870091548,0.6541207795293452,0.011097411950561827,0.002565329045169311
w001294,651_T1_P1_R2,651,1,2,5,training,107624.42790729529,9,3,2.863897906289743,5.871267156895135,0.9230486350861533,0.05938159015213385,0.29380687560642,843.9824331176383,50067.17432274,1103.755453932628,54326.60887764516,1118.826172294656,164.08064756521884,11.586412217631956,0.007841922596277319,0.46520269883215065,0.010255622031118924,0.5047795368951052,0.010395652678947404,0.0015245669664005403
w001295,651_T1_P1_R2,651,1,2,6,training,1992.3052875268359,9,6,3.212803044254288,6.4052325942585355,0.7988994388212473,0.07110224845166094,0.3992899919956875,441.21615684659014,136.10917022649545,635.0907990287335,132.15603612668167,462.2391397900151,185.4939855083201,7.597549488374996,0.2214601143754918,0.06831742659050795,0.3187718282960081,0.06633322561259405,0.2320122034930798,0.09310520163231838
w001296,651_T1_P1_R2,651,1,2,6,training,687.8171311680967,9,4,3.159922147555555,5.239752149607896,0.6472695035700058,0.5951063207170125,0.7135084149567827,36.61305728834464,42.67523554673286,288.4315404697771,111.92425696054553,159.2999043212679,48.87313658142874,6.534975823838064,0.053230801661141997,0.06204444991688262,0.41934335072455015,0.16272385767779343,0.23160211792156765,0.07105542209806426
w001297,651_T1_P1_R2,651,1,2,6,training,255.36372768539255,9,5,3.6466194171336292,8.590669612022408,0.7333717109669234,0.3123376694399218,0.6484693619809225,25.296510702168373,40.88367248941683,75.95638680771702,52.70885625962182,47.95269143996085,12.565609986507628,5.546597247353342,0.09906070424118185,0.16009976381526436,0.29744391459265934,0.20640698167031377,0.18778192139738203,0.04920671428319854
w001298,651_T1_P1_R2,651,1,2,6,training,3108.96590411857,9,5,3.3072245059998955,6.69068124122706,0.7981155762360317,0.8401513880956489,0.9203324735486744,529.0232473250992,335.04695215196364,947.4001660722139,285.7028556317397,753.9902700793264,257.80241285822694,8.042367041807257,0.17016051756125122,0.10776797253006658,0.30473160378412495,0.09189642615676737,0.24252124125275407,0.08292223871503573
w001299,651_T1_P1_R2,651,1,2,7,training,3770.6695809353346,9,6,3.5110346975311666,8.873272405826677,0.7082017486756385,0.1682370226292158,0.2550227274104223,1098.2023073363998,581.889277910692,726.1718005637907,354.4321625817681,744.1436225780897,265.8304099645937,8.235273042073203,0.2912486187835066,0.1543198801753272,0.19258431028678466,0.09399714161479228,0.19735052531266897,0.07049952382692017
w001300,651_T1_P1_R2,651,1,2,7,training,2193.504326506398,9,5,3.6841367362690374,10.682926730978293,0.642278222745958,0.20450693686158977,0.4196972905184816,671.4952609867473,476.8011818606881,253.5673417009068,409.8191814010307,254.88254479731154,126.93881575971312,7.693711480648969,0.306128988610768,0.21736961085465056,0.11559919834065904,0.18683308551013947,0.11619878826647399,0.05787032841730886
w001301,651_T1_P1_R2,651,1,2,7,training,2238.8886157781526,9,5,3.4663778657945197,8.42278694918004,0.5870833347832457,0.6257003570924569,0.6756315361675838,250.49929042599584,632.8371096657963,459.44524040233955,319.56241607737206,513.2592569245974,63.28530228205159,7.7141814185137125,0.11188555279644039,0.28265680802787335,0.20521129866152535,0.14273261020013017,0.2292473387499038,0.028266391564127018
w001302,651_T1_P1_R2,651,1,2,8,training,18327.65277814958,9,3,2.7920576425776433,6.118609034491325,0.7993545370188622,0.7247958984080912,0.6297612312165819,54.01364998267668,10912.57675686349,13.590278838612068,7327.102983339597,11.263071467975077,9.106037657231784,9.816220839941113,0.0029471122481691888,0.5954159481826051,0.0007415176947707424,0.39978403519707917,0.0006145397670018624,0.0004968469103740386
w001303,651_T1_P1_R2,651,1,2,8,training,15869.738979342246,9,3,2.7023043694774493,5.446862984280615,0.7487097853003001,0.6362357198530743,0.5081981331742006,54.35463975759022,9351.177466479206,15.014656282137219,6430.062506472413,12.334755381235501,6.794954969665344,9.672232376982185,0.0034250493866562043,0.5892458268312858,0.0009461186665818452,0.40517758451115493,0.0007772500478610102,0.0004281705564603417
w001304,651_T1_P1_R2,651,1,2,8,training,1286.7757107850173,9,3,2.2397758371814542,3.3603682066638987,0.7729509822907872,0.370740335140769,0.34258363237094225,18.483947221332933,658.5210495065178,3.4337743946353867,600.257237243085,2.769692003588891,3.3100104158573536,7.160671753911316,0.014364544703798082,0.5117605531307216,0.002668510421711768,0.46648163484286537,0.0021524279486898287,0.00257232895221346
w001305,651_T1_P1_R2,651,1,2,8,training,5456.964869775514,9,3,2.1072534116411044,3.6322871247509103,0.5556243368948307,0.28574916551627877,0.30262773534693316,12.506487004031309,1233.024915947707,4.263113742475959,4197.790944994266,3.122738699915726,6.256669387117704,8.604831264782842,0.0022918393837022804,0.22595434373731468,0.0007812243333447248,0.7692537967844666,0.0005722482688520932,0.00114654749231968
w001306,651_T1_P1_R2,651,1,2,8,training,12423.958908614088,9,3,2.343220771095709,3.631308329192194,0.7599114857211324,0.08780940798255966,0.6198025914467226,102.96389414189349,8103.93992365438,32.51959683451529,4148.224171669308,21.064072829428934,15.247249484561813,9.427462543805564,0.008287526938816903,0.6522832201284532,0.0026174906946905625,0.3338890769184014,0.0016954396730034472,0.0012272456466344405
w001307,651_T1_P1_R2,651,1,2,8,training,7805.707425436581,9,4,2.0702863126493654,2.595374082905967,0.5877739012946499,0.016238563831515986,0.49868261218795074,147.8864879418146,6862.083389462831,163.20210587240663,473.0463028893351,139.12941900521525,20.359720264978755,8.962738569490881,0.01894594299805481,0.8791110165237879,0.02090804804450874,0.060602617688156196,0.017824062755905,0.002608311989587544
w001308,651_T1_P1_R2,651,1,2,8,training,2205.6565565538963,9,4,3.632937475567992,10.396732774436863,0.6974138978697734,0.46911667815644914,0.6702256086283236,78.2468823882392,530.0827072367957,347.4281130987078,906.7671553501992,317.07989498532277,26.051803494631525,7.699233778630347,0.03547555132993671,0.2403287609132555,0.157516868193445,0.41110985872022,0.1437576009026203,0.011811359940522516
w001309,651_T1_P1_R2,651,1,2,8,training,2062.4202448151714,9,4,3.704703137993077,11.299265554816715,0.7171077110376025,0.66779422058212,0.8620700360142083,54.52765318922803,556.5954995221263,312.4024834255943,836.5403142028466,275.71822721703063,26.63606725834534,7.632120198004774,0.026438672392936416,0.26987492045880634,0.15147372811674034,0.40561098850046207,0.1336867342677485,0.012914956263306266
w001310,651_T1_P1_R2,651,1,2,8,training,10663.701604199829,9,4,3.404063852465565,8.41046153520247,0.633979595233043,0.7386085604901874,0.672049915854317,250.67359479604016,3107.8365062435832,931.0004810142909,5566.575456946122,746.1764043185082,61.43916088128302,9.27469465153605,0.023507183912321216,0.29144068557015723,0.08730556382481881,0.522011555045179,0.06997348875784666,0.005761522889677034
w001311,651_T1_P1_R2,651,1,2,8,training,26133.70726891556,9,4,3.3452710172448867,8.330853218667029,0.8516232103922458,0.23209875752026848,0.6960129454218805,366.5277260355015,9936.159647524675,1644.3169062391598,12301.19355536969,1718.7261022276607,166.78333151887165,10.171019490354068,0.014025094957402529,0.380204750335714,0.0629193894811462,0.47070220190310325,0.06576663940335704,0.0063819239192768554
w001312,651_T1_P1_R2,651,1,2,8,training,20442.26435555395,9,4,3.181442881694743,7.059593012982131,0.7771614568051773,0.67781947462223,0.9089362300723984,229.37470972345668,10424.267962307633,938.786596113458,7394.635523853851,1319.368954630436,135.8306089251164,9.92540873584973,0.011220611657002564,0.5099370490958096,0.04592380666765027,0.36173270217224274,0.06454123338210217,0.006644597025192693
w001313,651_T1_P1_R2,651,1,2,8,training,4830.232619412234,9,4,2.4065366887245343,2.9914863251371906,0.45000514829734495,0.7305098403052934,0.8582464238722657,93.06728623157255,3756.943782150028,144.77914623980757,508.649797230592,304.44200972445867,22.35059783577494,8.482856914794924,0.019267661324952383,0.7777976917822211,0.029973534951081713,0.10530544537055588,0.06302843645685632,0.004627230114332396
w001314,651_T1_P1_R2,651,1,2,8,training,2334.9402228709387,9,4,3.5393356921767394,9.45933413791373,0.6312427259335821,0.8948583558729315,0.9020778083267241,74.84537943666568,1169.740326555373,239.40965397737787,465.11123199552446,359.94897093843304,25.88465996756502,7.756169754096273,0.03205451630133774,0.5009722797601698,0.10253352596881919,0.19919620529884247,0.1541576813884579,0.011085791282373128
w001315,651_T1_P1_R2,651,1,2,8,training,19765.009072128203,9,3,3.085326897427194,6.110981946549496,0.41096917760059254,0.8349996189410201,0.8982385928772295,166.53102397953774,13892.365529952262,1063.3822515481688,2642.183000302223,1892.6919214395145,107.85534490649982,9.891719027912458,0.008425547560935496,0.7028767595934322,0.053801252894323554,0.1336798273484286,0.09575972945585491,0.005456883147025364
w001316,651_T1_P1_R2,651,1,2,8,training,32287.777475826424,9,4,3.016661504548704,6.014690648099368,0.5269351824484078,0.16846275508224892,0.13395394145065478,143.83368674815608,22446.99856431869,1055.3727384985073,6783.8844990435355,1748.320911033833,109.36707618369726,10.382475002268363,0.004454741019441277,0.6952165902755171,0.032686447349578505,0.21010688964647908,0.05414807235780739,0.0033872593511764457
w001317,651_T1_P1_R2,651,1,2,9,training,57924.91846967579,9,3,2.290238636366752,4.044168869761915,0.7788866667764154,0.5619422282562144,0.6333136347471489,55.469302587882986,24805.28744959837,20.365955638944882,33014.01246819511,23.623099653599546,6.160194001889189,10.966920205362625,0.0009576069169078185,0.42823171969735546,0.00035159230564315154,0.5699449104184453,0.0004078227518950493,0.00010634790975345275
w001318,651_T1_P1_R2,651,1,2,9,training,128616.59472856944,9,3,1.9478848486486637,3.2928185127088074,0.7867723626808623,0.2512838621413705,0.2155431248042734,63.90398837733834,56472.15194418524,13.633466378140195,72033.9295362603,13.384663333793412,19.591130034618708,11.764598898911986,0.0004968564788408554,0.4390736052634828,0.00010600083454947677,0.5600671490975145,0.00010406637931940437,0.00015232194629288343
w001319,651_T1_P1_R2,651,1,2,9,training,155755.64777203518,9,3,1.9738909355448564,3.4777184094196465,0.7848953505481957,0.32302865313842405,0.07716796601143963,61.812241957746906,77650.95321922365,10.40095616130385,78001.89307010305,9.281020431846102,21.307264157573492,11.956050118063299,0.00039685393654691507,0.498543419323542,6.677739337277031e-05,0.500796562987347,5.9587055523211934e-05,0.00013679930366800516
w001320,651_T1_P1_R2,651,1,2,9,training,141198.3644293003,9,3,2.0398562560272095,3.6697887292434723,0.7999055221709874,0.31646777138376336,0.30605961833434253,81.4356973117609,81457.19908306892,11.63539399532249,59625.127679137906,10.10279632836573,12.86377945805268,11.857928102822227,0.0005767467466136035,0.5768990272111509,8.240459471574453e-05,0.42227916676041183,7.155037786166652e-05,9.110430924639871e-05
w001321,651_T1_P1_R2,651,1,2,9,training,146612.87527184546,9,3,1.9945174058598394,3.525758008802639,0.7453840522881061,0.1981926731971148,0.21473476340039652,90.73955150887508,86177.4034106258,10.23386996160354,60310.5930099237,8.372293303971931,15.533136521470976,11.89555771110358,0.000618905749857428,0.5877887821982761,6.980198664427109e-05,0.4113594586975905,5.710476169605337e-05,0.0001059466059353237
w001322,651_T1_P1_R2,651,1,2,9,training,155156.99437140033,9,3,2.009257438290944,3.678368070470372,0.7146233497247066,0.1471937649215591,0.2268559958064394,60.499737504043615,91426.74671776687,6.550473910840525,63646.290299790475,4.638286356402278,12.268856071687665,11.952199195274178,0.00038992594403591623,0.5892531438119899,4.2218360425058324e-05,0.41020574391535275,2.9894149311113758e-05,7.90738188851456e-05
w001323,651_T1_P1_R2,651,1,2,9,training,178396.81335995812,9,3,1.9894454718565766,3.6151286592972425,0.7684129437539722,0.21308213238974763,0.18318397085568996,46.68982954427565,104464.57561602129,5.353611857593561,73863.93670331391,4.982623783294629,11.274975437728365,12.091771242102022,0.0002617189660785464,0.585574224385046,3.0009571117121765e-05,0.4140429154094575,2.7930004406754718e-05,6.320166389395315e-05
w001324,651_T1_P1_R2,651,1,2,9,training,123069.31250959601,9,3,1.9499274806811573,3.4294815707916526,0.8039809538085121,0.21322499091614483,0.08841444941153866,46.08591204047799,66934.98549549452,6.380740164533028,56061.823950830716,6.098237986820612,13.938173078929772,11.72051111744646,0.0003744711910768541,0.5438803884621963,5.184671982331507e-05,0.4555304877197509,4.9551247686909096e-05,0.0001132546594655185
w001325,651_T1_P1_R2,651,1,2,10,training,361957.11949770927,9,3,2.2525614027350818,3.9674637017383776,0.8406505685309977,0.26541821421370326,0.11566775764527074,257.12772510196686,213893.2092927673,74.42941856183865,147620.42260156316,59.83154181095857,52.09891790406067,12.799283792119795,0.0007103817310149473,0.5909352179329657,0.0002056304864651507,0.40783953305412857,0.00016530008276667487,0.0001439367126591093
w001326,651_T1_P1_R2,651,1,2,10,training,379546.62998481124,9,3,2.1921816477266454,3.613020862602831,0.8505768319985295,0.2313367017669039,0.09253595772788055,267.7283978383891,244286.93730151004,58.04772917656744,134826.4841886527,50.92899563606534,56.503371997424324,12.846735375148805,0.0007053900013526747,0.64362826067323,0.0001529396511276899,0.35523035521102697,0.000134183764556422,0.00014887069870620504
w001327,651_T1_P1_R2,651,1,2,10,training,310067.54379771976,9,3,2.3490835743670284,4.320002547813135,0.8880905905752808,0.13961056131478505,0.17782392148511922,407.7454520583675,164750.25020593236,83.8347317074553,144610.16480701003,70.52092834659433,145.02767266488212,12.644548661045233,0.001315021388773184,0.5313366506796057,0.00027037570808167836,0.466382785620897,0.0002274373108608891,0.000467729291781324
w001328,651_T1_P1_R2,651,1,2,10,training,315497.7307304902,9,3,2.387378573728399,4.513596886109605,0.9111050970582186,0.19916929342748993,0.11429913784621928,495.92381258555963,144593.01569280273,108.07314229515146,170052.31461303472,95.17961667678506,153.22385309524924,12.661909937914077,0.0015718775898556179,0.458301285901544,0.0003425480812331786,0.5389969500550852,0.00030168082812009515,0.0004856575441619855
w001329,651_T1_P1_R2,651,1,2,10,training,375420.2547481418,9,3,2.345633855346701,4.413694808114557,0.8782464652715756,0.3109883103341691,0.3171936797926817,413.43626697637535,165132.70857506874,115.7431013324742,209599.85744319652,95.34177548723706,63.16758608045498,12.835804020466602,0.0011012625497623652,0.4398609464634542,0.0003083027616880255,0.5583072697657477,0.0002539601267683306,0.00016825833257939752
w001330,651_T1_P1_R2,651,1,2,10,training,306532.3824118164,9,3,2.443398372173055,4.715834213025902,0.8566300473785377,0.18052324871511885,0.20807112122573787,626.9194555471597,130960.13379213012,141.78122101060097,174547.52606544335,109.02194421915206,146.9999334659215,12.633081943311185,0.0020451981308288454,0.42723099191585373,0.0004625326038804033,0.5694260576715982,0.000355662078379323,0.0004795575994592043
w001331,651_T1_P1_R2,651,1,2,10,training,215152.13756966722,9,3,2.4958775400789697,4.728390190653239,0.891971212958702,0.25765784463118657,0.5361216646590344,635.2367145083135,104456.40691238121,121.01225799930712,109651.7516822562,96.28257779785551,191.44742472434973,12.279105321333395,0.0029525001316922594,0.48550020507492175,0.0005624497128694472,0.5096475123178847,0.00044750927825050674,0.0008898234843814099
w001332,651_T1_P1_R2,651,1,2,10,training,258411.41179947756,9,3,2.340133613701307,4.179858563239807,0.8011564012733867,0.23500437284367995,0.18604583685511084,760.826290669357,102482.8232359289,172.71822676611592,154695.77416517283,125.8735580111883,173.3963229291855,12.462312083016736,0.0029442441623272583,0.3965878384483022,0.0006683846721914203,0.5986414186894109,0.000487105260308178,0.0006710087674600757
w001333,651_T1_P1_R2,651,1,2,10,training,318994.61383528967,9,3,2.395263041236934,4.465352396487769,0.8209416501147079,0.27146897226299976,0.21474310948118283,1074.9206322038667,140123.66255642183,239.35124761949436,177196.36877448126,173.7697517434678,186.5408728198076,12.672932631939819,0.0033697140502782705,0.4392665470796117,0.0007503300596262778,0.5554838893485995,0.000544741961797488,0.0005847775000869654
w001334,651_T1_P1_R2,651,1,2,10,training,299018.75095983146,9,3,2.4189452238330564,4.491987538210274,0.8431779525343154,0.3676486277113818,0.5555317933179675,781.042120684672,151956.24703145784,190.72465234816326,145798.67394621467,151.68040137890327,140.38280774719289,12.60826490691302,0.002612017200184188,0.5081830037202945,0.0006378350913979443,0.48759040521107805,0.0005072605008616305,0.00046947827618359336
w001335,651_T1_P1_R2,651,1,2,11,training,224026.9845834293,9,3,2.8811019593251705,5.599171835304017,0.7827712895635299,0.07330088890934124,0.40219821369089426,3507.127849436598,75897.24960225789,3734.662351511862,136252.20021941932,3950.026479831903,685.7180809717345,12.31952625420995,0.015654934855093394,0.3387861946335897,0.016670591529213956,0.6081954835609458,0.01763192272206335,0.0030608726990938363
w001336,651_T1_P1_R2,651,1,2,11,training,208630.71490336285,9,3,3.000571884588647,6.391375102085742,0.8690989378911691,0.05757998250886167,0.053740117438157105,3882.325563570062,89598.16825270525,3070.152972371185,107852.21241301359,3501.3968638913066,726.4588378114711,12.24832584692124,0.01860860020236399,0.42945818545561165,0.014715728572340228,0.5169527049886706,0.016782748721889503,0.003482032059124011
w001337,651_T1_P1_R2,651,1,2,11,training,205160.73976740887,9,3,2.9363773277371075,5.550595919165054,0.7697359182693887,-0.028477165926894383,0.4178521809008982,4379.9778150549955,67427.88000692829,2322.463001758292,127043.20496025245,3103.541440285876,883.6725431289713,12.231553921518959,0.021349005760169244,0.3286587876577722,0.011320211675934066,0.6192374091859952,0.01512736522496637,0.004307220495162927
w001338,651_T1_P1_R2,651,1,2,11,training,189289.7212518116,9,3,2.9643647845782763,5.7895213130255625,0.7182965037866296,-0.04490482690288321,0.3202917256458127,4648.827754130492,63572.61138672561,2407.070048701148,114164.18559050033,3310.340872190701,1186.6855995633427,12.151039319893664,0.02455932484546358,0.33584819590998893,0.012716327293329516,0.6031187791682995,0.017488223080993202,0.006269149701925432
w001339,651_T1_P1_R2,651,1,2,11,training,207879.26433590983,9,3,2.8876262315725225,5.515704393881274,0.7982754072691641,0.050835853613902596,0.09765273200867124,4525.065085038753,83110.39365019028,3267.739906532389,112071.31585556982,4045.3274502019867,859.4223883765883,12.244717540700893,0.02176775591107899,0.3998012688552385,0.015719412501152996,0.5391173391612306,0.019459985406072952,0.004134238165225836
w001340,651_T1_P1_R2,651,1,2,11,training,239767.1971008761,9,3,2.8300538509257964,5.096373808847776,0.7762321189472374,0.162480952820901,0.20721845717325413,3814.0077569864934,75378.96161894764,3789.3341560173826,150820.118792382,5413.71757833077,551.0571982118161,12.38742789018188,0.015907129094818773,0.3143839629873715,0.015804222603574558,0.6290273257393428,0.022579058535905906,0.002298301038986465
w001341,651_T1_P1_R2,651,1,2,11,training,238216.4673644413,9,3,3.096044635371828,6.30016565873448,0.835596760985464,0.17074512803870806,0.3732899620950868,6641.677531253723,95694.13722359332,5149.42130356119,123472.97701346397,5852.471881168083,1405.7824114010161,12.380939263879936,0.02788084973610489,0.4017108400704864,0.021616563122326977,0.5183225928061715,0.02456787285076533,0.005901281414144831
w001342,651_T1_P1_R2,651,1,2,11,training,254607.8557974185,9,3,3.266507942913948,7.415333327702887,0.8615226679438933,0.03018048693657569,0.331439423604252,11357.003584176622,96649.6445763236,7286.1037681094895,128376.73821007776,8765.594852527578,2172.7708062034226,12.4474837476797,0.044605864766454596,0.37960197368467663,0.028616963704005884,0.504213578988003,0.034427825587212114,0.008533793269647623
w001343,651_T1_P1_R2,651,1,2,11,training,264094.041127219,9,3,3.291894415721147,7.40971271215609,0.8864805684336055,0.11265170753150262,0.3276858351536491,9901.227177966055,96492.74118083373,10108.081508944215,134754.7084469683,10913.723973472226,1923.5588390345104,12.484064321612234,0.03749129338816263,0.365372655774355,0.03827455351056166,0.5102527413030665,0.04132514284263947,0.007283613181214856
w001344,651_T1_P1_R2,651,1,2,12,training,240001.31289920682,9,3,3.0036237673887274,5.848070855523315,0.8179497835565775,-0.05246523881467756,0.41112164814077307,15392.38936074766,75807.8302473909,4584.868080483757,139234.6077848492,3809.8900636982216,1171.7273620371132,12.38840383935772,0.06413460482698272,0.3158642314562165,0.01910351249790563,0.5801410254923208,0.015874455092244676,0.0048821706343298325
w001345,651_T1_P1_R2,651,1,2,12,training,286506.67486940493,9,3,2.8343156682494413,5.123991440702148,0.7345035968929501,-0.08000301442196942,0.21969848642704123,18706.555348191476,76279.99307945278,2501.303822400223,184087.7469050479,3985.0956041368772,945.980110175618,12.565520603153015,0.06529186573652523,0.26624159145410004,0.008730350954442384,0.6425251592793031,0.013909259202960482,0.003301773372668589
w001346,651_T1_P1_R2,651,1,2,12,training,264174.4116944312,9,3,2.815666813551969,4.995622679443559,0.7335779678868212,0.03500101937148292,0.35911139814992793,15590.205301377418,73790.63294152296,2511.442266256969,167164.87719970677,4298.126051801085,819.1279337660196,12.48436859972358,0.059014819797954185,0.2793254368136006,0.009506758244102527,0.6327822446068897,0.016270031696986226,0.0031007088404667272
w001347,651_T1_P1_R2,651,1,2,12,training,240939.62459923534,9,3,2.97302987608116,5.5703524603044,0.7756105539975003,0.08997213195396722,0.14441823990740593,8217.994620174479,68392.87533859402,5118.59780386425,151686.2348394666,6721.544426841487,802.3775702945027,12.392305811160952,0.03410810751383797,0.28385897692151996,0.02124431717023807,0.6295611819424575,0.027897214657081434,0.003330201794865124
w001348,651_T1_P1_R2,651,1,2,12,training,246037.7585426527,9,3,3.0534046086815,6.235972514379193,0.879586721325797,0.09697010814544683,0.2484712118059711,5214.8772493139495,90572.20636883032,6491.383221983001,135539.43045392682,7090.038712732696,1129.8225358659342,12.41324435755544,0.021195434717837858,0.36812319745275546,0.026383687042319016,0.5508887386097282,0.028816872478146797,0.004592069699212733
w001349,651_T1_P1_R2,651,1,2,12,training,264945.2830144496,9,4,3.111671668837966,6.261557174085552,0.8384278728194843,0.05692694484536818,0.12519697383449355,3675.0812747888467,95380.99689916076,10312.759047308538,140085.43250769278,13863.891650315501,1627.1216351831763,12.487282378814951,0.013871095318154485,0.36000262323582816,0.03892410889514157,0.5287334460680049,0.052327376779753396,0.006141349703117516
w001363,651_T1_P1_R2,651,1,2,14,training,16855.677249226614,9,3,2.583419291669014,4.061953174120899,0.32010919072663363,0.3803995186907627,0.46160987315330965,51.56624567194014,3729.0344516585446,9412.925779263865,3444.473248620884,132.34172167017064,85.33580234121311,9.732502133202436,0.0030592805563066975,0.22123314278752243,0.5584424547341019,0.20435092566683585,0.00785146272756515,0.005062733527668167
w001364,651_T1_P1_R2,651,1,2,14,training,97974.78370722769,9,3,3.038222519573224,6.683809068786765,0.6583003456643278,0.5836971204601624,0.7166052920375828,361.7418956257943,39747.1412810677,20471.04272308388,34421.85327773973,2648.5079291729016,324.4966005376892,11.492475622088943,0.00369219386803411,0.4056874613762022,0.20894195372001328,0.3513338021811871,0.027032546834574116,0.0033120420199891777
w001365,651_T1_P1_R2,651,1,2,14,training,210486.96320465306,9,3,2.9514288479124526,5.955679841680291,0.5594462488560544,0.09115112513251321,0.20323983782108845,914.0401677362588,57711.761644208236,36479.07092362393,109684.2016613909,5226.886257422642,471.0025502710558,12.257183748543985,0.00434250251806594,0.27418211924173197,0.1733079824433398,0.5210973639006171,0.024832351504547222,0.0022376803916977395
w001366,651_T1_P1_R2,651,1,2,14,training,284712.7627144707,9,3,2.7782328023331475,4.879985588957894,0.45730346578311004,-0.025163134734352912,0.11688110617415766,2155.24932419756,58698.478641016525,42133.91754950337,175153.1975965206,5488.045803216557,1083.8738000160884,12.559239613209328,0.007569907662899504,0.20616735997846136,0.14798745636758873,0.6151926451297729,0.019275728108895288,0.0038069027523823045
w001367,651_T1_P1_R2,651,1,2,14,training,252431.29833183612,9,3,2.913312889136677,5.326166165445848,0.5165725743829549,-0.0874604835034363,0.21517506816240572,3163.938980260279,60626.4916859201,31350.173799337856,149333.03302461992,6282.617967086544,1675.0428746114148,12.438898366327034,0.012533861692939087,0.24017026449003534,0.12419289528086239,0.5915789128030894,0.02488842710315448,0.006635638629919299
w001368,651_T1_P1_R2,651,1,2,14,training,246996.58944927747,9,3,2.9888233756269935,5.583448401941549,0.6738603911632944,-0.07474549308639958,0.21077665936949005,4907.687930407405,73178.26501394267,18206.845089357517,140494.50574523976,8882.487630753878,1326.7980395761992,12.417133856247826,0.019869456259902055,0.29627237030724407,0.07371294125944368,0.5688115210760484,0.035961984943026756,0.005371726154334883
w001369,651_T1_P1_R2,651,1,2,14,training,309080.7480858739,9,4,3.057998944719379,5.90179418494134,0.7886055100364986,0.03231515842986817,0.5183450988803147,5453.5531632835155,96978.7899428688,21953.82679782853,168197.81917203317,14374.258069272037,2122.50094058784,12.641361077803086,0.0176444285095632,0.3137652233063851,0.07102942170868874,0.5441873044946225,0.04650648142367749,0.006867140557062881
w001370,651_T1_P1_R2,651,1,2,14,training,340226.1006576338,9,4,3.0988587710219093,5.8955334706050495,0.7306016047467019,-0.056437829091570385,0.37877542872969583,4462.228062592722,87224.54580860435,29756.68723969243,196962.3077443366,19192.673283905424,2627.658518502324,12.737368616728316,0.013115478365614927,0.25637229371881015,0.08746150628119002,0.5789159249205805,0.056411525296875514,0.007723271416929036
w001371,651_T1_P1_R2,651,1,2,14,training,311561.75421036466,9,4,3.039242964270539,5.70316109380084,0.7956525600427339,0.026328473610947516,0.14727003050597792,4250.294868403463,95941.25975476482,20652.78980705318,174256.4441552895,14840.108704567112,1620.8569202865533,12.649356055058892,0.013641901841179417,0.30793657584167355,0.06628794942882668,0.5592998556479836,0.04763135559490771,0.0052023616454289195
w001372,651_T1_P1_R2,651,1,2,14,training,233215.1623531413,9,4,2.9663392413418905,5.480102991179034,0.8384015409086808,0.06151389836569166,0.27856770686404464,2407.8987427149696,92022.04016390967,14040.000266027106,113354.6955842634,10436.36992415791,954.157672068213,12.35972103788852,0.010324795002260008,0.3945800060142195,0.06020191879620298,0.48605199782258746,0.044749963162150026,0.004091319202579973
w001373,651_T1_P1_R2,651,1,2,14,training,269181.519008315,9,4,2.9858924547730563,5.9225338765088145,0.5299797490259411,0.08844206766341847,0.525683562708924,1364.985953704022,65433.20910439466,58304.86166643046,134429.73423315026,9019.291463355667,629.4365872799103,12.503144937825185,0.005070875440233539,0.24308210067858868,0.21660053736686666,0.4994017967072908,0.033506354732610974,0.0023383350744092765
w001374,651_T1_P1_R2,651,1,2,14,training,292603.1714196625,9,3,3.0320697109443238,6.446886151610633,0.460750310350198,-0.06585511889689058,0.47702481331767915,1479.5119384624331,59748.575337639246,99590.97987398967,124133.77062893979,6515.043125417311,1135.2905152140222,12.586576023856363,0.005056376973920291,0.20419660883287416,0.34036192906177537,0.42423932053320934,0.022265798056143385,0.003879966542077378
w001375,651_T1_P1_R2,651,1,2,14,training,273724.80243950384,9,3,3.290751502899411,7.91362979311112,0.5336342945863859,-0.050361715473327635,0.4000060594877439,1823.217501392614,71994.2143275949,80036.44323606392,108570.57914381345,9645.601186686568,1654.7470439523559,12.519882163290909,0.0066607683525338,0.26301677336494345,0.29239748288338924,0.3966413645245346,0.03523831637002771,0.006045294504571148
w001376,651_T1_P1_R2,651,1,2,14,training,295313.9098501091,9,3,3.1231273152591346,6.54772573564276,0.6463796031486263,-0.02801695825892483,0.1328814261499324,2348.5452354893096,104718.32135350314,38001.16225888819,140690.11562646282,8384.125931463506,1171.6394443021318,12.595797556975898,0.007952707803981697,0.35460003020736297,0.12868057003537772,0.47640869912924916,0.02839055544562392,0.003967437378404609
w001391,671_T1_P1_R2,671,1,2,1,training,6807.416652244703,9,5,3.458948589691199,8.717615036124416,0.7809803873332962,0.1552107760449883,0.17062753651764842,1576.571514238215,1012.7915885350207,1505.4879824253392,1313.7147145732538,1275.9488542634438,122.9019982094315,8.825914868769013,0.23159615383882085,0.14877767004331355,0.221154082280084,0.19298285703432955,0.18743510489294168,0.018054131910510477
w001392,671_T1_P1_R2,671,1,2,1,training,6378.359289478339,9,4,3.320551913364094,7.479876546888934,0.7663247689026491,0.4023840871420675,0.27781221957128016,218.8371542254936,1713.9597718103378,1638.7807108647864,1411.7540169728738,1328.0977849335782,66.9298506712699,8.760822946449268,0.03430931753664059,0.26871483621778164,0.2569282532528543,0.22133497862086343,0.20821934366795417,0.010493270703906026
w001393,671_T1_P1_R2,671,1,2,1,training,2878.463158711522,9,4,3.1752644172302844,7.214864628754008,0.645972188315885,0.42711837795126495,0.055348883524834754,12.22396624778876,1051.4535141891215,760.2840291597024,537.938448276186,513.9145735100516,2.6486273286716076,7.965359152529585,0.004246698871511886,0.36528295003774885,0.2641284557902857,0.1868839094390153,0.1785378325773305,0.0009201532841077615
w001394,671_T1_P1_R2,671,1,2,1,training,2706.0299370659873,9,4,3.0576379939560825,6.256160076181403,0.7075160999723096,0.5694858160600804,0.6793686071841091,17.0841382456491,515.7171222749329,910.1923669128367,714.0457509114104,545.0645319919487,3.926026729209732,7.903607348683547,0.006313358921731877,0.19058071576033603,0.3363570943711409,0.2638720810626413,0.20142590609434827,0.001450843789801722
w001395,671_T1_P1_R2,671,1,2,1,training,6538.419750886281,9,4,3.158562770432895,6.620724763182137,0.7873900957883262,0.3160395998169409,0.3569939499970061,26.134132465001716,1107.2595598542525,2078.5409930859814,1668.6369255592108,1638.7183452598244,19.129794662010433,8.785603717409044,0.0039970105102932925,0.16934666204386217,0.3178965365146886,0.25520492552241353,0.25062911340889316,0.0029257519998494123
w001396,671_T1_P1_R2,671,1,2,1,training,8380.252090480299,9,5,3.5912279236234297,9.315072245788707,0.8217319161267307,-0.07958213065280707,0.14534358562198296,665.0074108601608,1876.9878123842461,2017.6720156086028,2046.057540081173,1683.4544423299144,91.07286921620161,9.033752596453409,0.0793541057810884,0.22397748804197012,0.24076507410804676,0.2441522663029946,0.20088350853338474,0.010867557232515417
w001397,671_T1_P1_R2,671,1,2,2,training,275.89695205519484,9,4,2.0264463336251795,2.7883516265827772,0.6751260776084561,0.4184436388998167,0.6341799957820838,232.82124039509068,14.632083821948436,9.532722992648786,6.109379543883577,10.039972530611431,2.7615527710119423,5.6236454227317,0.8438702880215705,0.053034597566055025,0.03455175173787968,0.02214370074904401,0.03639029882650851,0.01000936309894238
w001398,671_T1_P1_R2,671,1,2,2,training,296.30690314041084,9,5,3.0382752637117423,5.312787263045263,0.6657568914230276,0.198288047575869,0.7481039346310722,172.40795662374973,38.373228610230264,32.527285678773424,18.305050402380154,26.2471148340353,8.446266991242002,5.694764949177508,0.581856024265661,0.12950501052635402,0.10977565940594955,0.06177733359693597,0.08858084153914426,0.028505130665955402
w001399,671_T1_P1_R2,671,1,2,2,training,339.8758746567564,9,5,3.707394036567927,10.44538950736323,0.6831089676171421,-0.0026459371071914798,0.48642385619021006,27.789128587504354,80.11489217475518,98.52000899631014,49.519333985328785,74.68179261251034,9.250718300347602,5.831518407078871,0.08176258057612602,0.2357180904813085,0.2898705567019323,0.1456982906931502,0.21973254997263963,0.027217931574843264
w001400,671_T1_P1_R2,671,1,2,2,training,605.4116119975255,9,4,3.537488567358425,8.730955434867672,0.7216788770233794,0.019105308401864432,0.591287552425146,23.114761474384103,182.40422156962177,135.71740556425993,158.23582261534898,97.23080492646825,8.70859584744253,6.407558983217257,0.038180241370194566,0.3012895986051343,0.22417377347036194,0.2613689917397814,0.1606028080724452,0.014384586742082714
w001401,671_T1_P1_R2,671,1,2,2,training,1143.2313101414882,9,4,3.255427473964784,7.019732791396213,0.6319718944790339,0.011565140870492274,0.5173835578395758,23.520739131114865,225.88912391983723,473.9595595177518,253.68002043208742,159.6361666441944,6.545700496502622,7.042488345680877,0.020573910915896713,0.19758829373898168,0.41457888295509837,0.22189736948395122,0.13963592951669385,0.005725613389378319
w001402,671_T1_P1_R2,671,1,2,2,training,1219.9280911461349,9,4,3.0863380033992254,6.090690350577757,0.6579368743450589,0.07356863859172309,0.15099969488490309,16.094465889366916,174.68804045630748,584.6441155656017,227.03846610922218,214.98151999612062,2.481483129516111,7.107366578966211,0.013192962770654786,0.14319535858231305,0.47924473566005243,0.18610807289134332,0.17622474763585722,0.0020341224597793567
w001403,671_T1_P1_R2,671,1,2,2,training,551.1344646452233,9,4,3.432380077569766,8.73292873425523,0.8031437545923056,0.19273745343313753,0.07129458660212111,9.706304274679663,91.84329759677466,195.84492590455315,123.91931271937979,127.10052188179603,2.7201022680399367,6.313791611984342,0.01761149936599921,0.16664408322911925,0.3553487188115202,0.22484406377878988,0.23061617451852387,0.004935460296047577
w001404,671_T1_P1_R2,671,1,2,2,training,187.8100529227982,9,4,3.749197465037587,11.259655288364586,0.7588639244015012,0.08212232554880063,0.21597150356837838,10.449782189148792,24.42076658876383,47.59789425140523,53.65057376236144,49.08033555658582,2.6107005745330683,5.240741498706987,0.05564016423255209,0.13002907037570724,0.2534363497089848,0.2856640149311667,0.26132965085080373,0.013900749900785296
w001405,671_T1_P1_R2,671,1,2,2,training,1711.2542335968824,9,4,3.1401992149715054,6.6118427814923635,0.7224775661113958,0.595819791882175,0.8262708123331896,10.931774598751447,144.64858177145112,870.7205761740004,188.36992677637195,487.36901848694714,9.21435578936037,7.445566046609274,0.006388165115462691,0.08452781528985001,0.5088201151408311,0.11007711366208721,0.28480222804915845,0.005384562742610566
w001406,671_T1_P1_R2,671,1,2,2,training,5504.040641359901,9,4,3.492927345132006,8.97270736819283,0.7484584097794541,0.48635292939834385,0.7335771254395664,311.43209382814825,1153.9639949752916,1645.8392516079969,1268.087501070844,1075.7518778364006,48.96592204121947,8.613419431756213,0.05658244808148832,0.20965760795875554,0.29902381883600226,0.23039210349245048,0.1954476625322685,0.008896359099034796
w001407,671_T1_P1_R2,671,1,2,3,training,71743.36175919892,9,3,2.6006868479160303,5.157951322672787,0.8265040057923885,0.4109727778966407,0.6915976402282967,209.21705364105406,32624.33556458708,18.725039464789685,38840.74949810503,34.24078305969043,16.09382034127885,11.180864548780834,0.0029161869267190885,0.4547366441244858,0.0002610003072847191,0.5413845761573178,0.000477267613617229,0.00022432487057543417
w001408,671_T1_P1_R2,671,1,2,3,training,27996.762893989875,9,3,2.3619574226942444,4.24818310011397,0.8347066757927009,0.7512927185763654,0.7945327300108377,189.52145423747066,9656.669795245614,10.934235749497345,18120.52410978032,16.62264389038392,2.4906550865887493,10.239879889322216,0.006769405982937965,0.34492094074628293,0.0003905535718861491,0.6472364029510815,0.0005937344954245528,8.896225238680803e-05
w001409,671_T1_P1_R2,671,1,2,3,training,1762.55226215023,9,3,2.5566539674361364,4.412569483758132,0.81803877150373,0.10782192683286303,0.40124136800475063,85.87735481423397,915.675037726015,6.6960608903812044,745.6381010963107,7.915251740765806,0.7504558825231498,7.475085384706353,0.048723295563144135,0.5195165314468094,0.0037990708327776497,0.4230445343996028,0.004490789811310091,0.00042577794635583133
w001410,671_T1_P1_R2,671,1,2,3,training,491.4486111661388,9,4,2.916175743326581,5.981535738826664,0.6352157541689548,0.12248779682224743,0.08547426815511179,203.77298182378985,199.4118613008252,6.899922611996793,71.90123398163452,9.074730314588821,0.3878811333036496,6.199390112358183,0.41463741517198527,0.4057634038839763,0.014039967669507178,0.14630468445321873,0.018465268002397558,0.0007892608189150478
w001411,671_T1_P1_R2,671,1,2,3,training,1680.623535392538,9,3,2.73798692626124,5.084755485978405,0.4076534066990871,0.5167489411633231,0.8903905471603348,621.5359137606849,940.0640992644693,7.092730684416631,91.87178098816922,14.235079978154168,5.8239307166438525,7.4275149958576066,0.36982459228474074,0.5593543583482552,0.004220297130826508,0.05466529478697977,0.008470118190287822,0.0034653392589099824
w001412,671_T1_P1_R2,671,1,2,3,training,1508.278221539639,9,3,2.751642294265189,4.849118394517031,0.44984716240642986,0.5900328358651135,0.8893551897700585,474.41558853203856,903.5995428432109,6.990595095355723,105.04243438196964,12.365041486511647,5.865019200552694,7.319386816550668,0.31454116472474075,0.5990934099153293,0.004634818029938652,0.06964393762494503,0.008198117104607867,0.003888552600438483
w001413,671_T1_P1_R2,671,1,2,3,training,288.0388491357177,9,3,2.890637250825519,5.627760608903525,0.8522039254079294,0.46979540511197215,0.5914930376677466,7.684850069792981,134.557179150022,4.095537800988463,136.85945277762207,4.269768783435587,0.5720605538566603,5.666561105153205,0.026679908258389288,0.4671494124968592,0.014218699363913699,0.47514233995962407,0.01482358645803283,0.001986053463180995
w001414,671_T1_P1_R2,671,1,2,3,training,223.75844933492226,9,3,2.793581298332831,5.285566814946412,0.9148550260982876,0.3272770390505516,0.5854909153994058,3.9318854699329115,97.85168671157075,2.572590253154099,116.3396369766318,2.53924093003615,0.5234089935965394,5.415026267016257,0.01757200893025342,0.43730946027922313,0.011497175909113666,0.5199340508589881,0.011348134283123347,0.002339169739298199
w001415,671_T1_P1_R2,671,1,2,3,training,167.3931896445979,9,3,3.357892475258753,8.444530830008388,0.8241292116642331,0.5248253294000554,0.693894243111571,20.879231439606396,53.03869096926303,3.347849610091839,86.32039692428671,2.9578451842960236,0.8491755170538959,5.126301659450053,0.12473166610861704,0.3168509488460822,0.019999915272537975,0.5156744853691988,0.017670044943739915,0.005072939459824078
w001416,671_T1_P1_R2,671,1,2,3,training,3205.895259251641,9,3,3.158263463027606,7.854831942413574,0.8363075948472236,0.5559371246535577,0.7175735222628876,667.0821701407403,1136.4794039067522,7.387297377449428,1383.1178989002653,7.71891453338784,4.109574393046039,8.07305853911978,0.20807983923232062,0.35449673554589023,0.0023042853181591033,0.4314295343582527,0.0024077251155078857,0.0012818804298694853
w001417,671_T1_P1_R2,671,1,2,3,training,68719.22159568882,9,3,2.719256168057827,5.498667740380522,0.8680075889953713,0.4001922012192109,0.690211219427699,822.587930584113,30650.97466862513,69.77517318448537,37055.92937677811,86.94041744471544,33.014029072259525,11.137798781270062,0.011970274276734806,0.4460320410635742,0.0010153661750566569,0.5392367450667231,0.0012651542818140672,0.00048041913609700573
w001419,671_T1_P1_R2,671,1,2,5,training,92323.84819792418,9,3,2.758224382294795,5.239975997150863,0.8222445845553775,0.7683379890143412,0.7954173267824363,1478.9814787645316,30166.93126528593,239.9321947979603,59779.72724576942,246.64205221104214,411.63396109529674,11.433068595505214,0.016019495586816163,0.32675123333912554,0.002598810594242052,0.647500384923443,0.002671487996062405,0.004458587560310901
w001420,671_T1_P1_R2,671,1,2,5,training,146897.7360148502,9,3,2.8790678395207774,6.14155354205378,0.7770378240638302,0.33369852674204775,0.5609941364722241,1861.2140632308535,67581.37907375104,496.0568834305593,75937.04713293789,470.41459161872865,551.6242698811147,11.897498757733189,0.012670134433131763,0.46005732223755375,0.003376885831517593,0.5169381720441304,0.0032023270363484256,0.0037551584173179486
w001432,671_T1_P1_R2,671,1,2,8,training,4846.199471963128,9,3,2.52224480773114,4.092166944367261,0.818646038426859,0.31687279293511417,0.8018831974640132,79.79103601214004,2637.075160990814,12.166172222886347,2102.8325462334865,8.333397723487975,6.001158780314145,8.486156388694301,0.016464661942571214,0.5441532434327494,0.0025104563469315884,0.43391374176797104,0.001719573816905277,0.0012383226928715666
w001433,671_T1_P1_R2,671,1,2,8,training,2280.4386348971643,9,3,2.8678941953412616,5.9181087333568145,0.8289381935886896,0.5245594361346134,0.6430840470331844,31.78488947464589,1351.0973722226884,9.73831377431172,877.2181742303444,8.78044106879859,1.8194441263760766,7.732561503182223,0.013938059541812323,0.5924725846804537,0.004270368702445206,0.38467080885511407,0.0038503299033935817,0.000797848316781444
w001434,671_T1_P1_R2,671,1,2,8,training,3561.837335502889,9,3,2.461927615197243,3.724637293532472,0.5200267743667523,0.7324023995924386,0.6448899157118066,29.13785587640463,2548.620192892702,37.80035879014153,903.9634197789316,39.138161036959744,3.1773471277492615,8.178312510761506,0.008180568940072248,0.715535256899335,0.010612601090275385,0.25379132583304864,0.010988194392497125,0.00089205284477166
w001435,671_T1_P1_R2,671,1,2,8,training,4363.353058572107,9,3,2.9272768151129434,5.540954745259276,0.5630493933348663,0.03226853542320301,0.4729458779611788,236.0082510808477,2546.0413154151856,52.34214372332485,1461.038911140195,57.71160432636279,10.210832886191167,8.381225246194761,0.05408873586729207,0.5835056850174689,0.011995853422975964,0.33484315651924695,0.013226434705526377,0.0023401344674896943
w001436,671_T1_P1_R2,671,1,2,8,training,3521.95673518977,9,3,2.705689744058354,4.5556032669226205,0.5513485374777451,0.2968552791510267,0.3881108854341792,238.17016131703957,616.2730657604809,27.932165274135368,2600.918886331391,28.361953834216138,10.300502672507378,8.167055897593043,0.06762438588110779,0.17498030557927194,0.00793086553138204,0.7384868929093329,0.008052896718133007,0.00292465338077254
w001437,671_T1_P1_R2,671,1,2,8,training,2332.568419856277,9,3,2.358819184223804,3.4841370049845186,0.44457999338254156,0.14685085879839516,0.20420325658068042,46.89297150234988,319.05537825903906,27.05177331019286,1917.570914525546,15.73037288301271,6.267009376136252,7.7551538856612385,0.02010357814294649,0.13678285941927393,0.01159741899955058,0.8220856023780423,0.006743799131080557,0.0026867419291059414
w001438,671_T1_P1_R2,671,1,2,8,training,353.8328036424575,9,4,3.200304769844083,6.111728778355318,0.582811958897764,0.3483269448200305,0.16614839079872068,32.91332748726123,224.47555050952354,21.63905892440664,58.50500422888091,12.150389303443063,4.149473188942076,5.871646702876497,0.09301943502253575,0.6344113609555335,0.06115616952879408,0.16534646767233965,0.034339352310931694,0.011727214509865098
w001439,671_T1_P1_R2,671,1,2,8,training,3630.883529153731,9,3,2.862911250019324,5.831288266341448,0.7981696457257798,0.8612827830131428,0.9642211733530038,30.041066516615135,2037.0437336088744,34.15516734120203,1487.9677442514262,34.38627656183694,7.2895408737765575,8.197506671242715,0.008273762095480095,0.561032519289777,0.009406847415224788,0.40980872349773073,0.009470498374772028,0.002007649327015336
w001440,671_T1_P1_R2,671,1,2,8,training,12291.451378178856,9,3,2.941772758971416,6.201257381674755,0.8253157292891496,0.8688491146632684,0.9383364621105714,107.7288383371916,6057.351116229971,162.4197850868587,5736.6672473493245,203.46440869124154,23.819982484269218,9.416740643872851,0.008764533578877735,0.4928100783104956,0.013214044467946582,0.46672008624902434,0.016553326570729807,0.0019379308229260123
w001441,671_T1_P1_R2,671,1,2,8,training,13007.611824303078,9,3,2.8700235526147377,5.654386006287947,0.7769448041788536,0.6945146337516251,0.8103081170294678,132.08008854489344,5144.062549180982,181.64023683417852,7273.208007751562,252.9118935233018,23.709048468158144,9.47336686514515,0.010154061354915166,0.39546556421448187,0.013964149552403363,0.5591501427004835,0.01944337645829559,0.0018227057194204386
w001442,671_T1_P1_R2,671,1,2,8,training,5246.139806943292,9,3,2.4905219424792624,3.7019741492831106,0.6370918411180931,0.5716409969246723,0.36730552687424656,65.71727619305915,1435.5638661337064,59.721048790556694,3581.3493812080087,93.5687172183613,10.219517399598171,8.56543840845148,0.012526787049419083,0.27364193844657564,0.011383808092860125,0.6826637323824415,0.017835726965286486,0.0019480070634169129
w001443,671_T1_P1_R2,671,1,2,8,training,961.6321671129498,9,3,2.3807600767159256,3.372821151017919,0.8108897291886643,0.49305867131123154,0.24042456405069362,24.27285773778215,347.1739200843981,11.697328018630174,560.50684393416,14.019918531403107,3.961298806576162,6.869671373215881,0.025241312185567882,0.3610256935629529,0.012164035707903111,0.5828703147659212,0.01457929446504921,0.004119349312605599
w001444,671_T1_P1_R2,671,1,2,8,training,888.8981518352524,9,3,3.0769353552569654,6.587631820515012,0.730610673622556,0.8966676311058167,0.9815933971745023,12.808485453151704,424.60425133683634,17.72037411019469,404.99439204847477,24.996047650521938,3.7746012360730594,6.791107020037705,0.014409395977150841,0.4776748049933308,0.019935213132807782,0.4556139431860761,0.02812026057081361,0.004246382139820942
w001445,671_T1_P1_R2,671,1,2,8,training,14893.133633273406,9,3,2.608601680486334,4.542425633430877,0.7501612428474107,0.7763968460845947,0.7956234269749989,95.02542580589034,8882.570810108966,117.44472953830704,5611.236963401127,166.82002862708055,20.035675792036574,9.60872269851941,0.006380485675196645,0.5964205404203198,0.007885830640498559,0.3767667101881645,0.011201136895352942,0.0013452961804676208
w001446,671_T1_P1_R2,671,1,2,8,training,26160.591459635303,9,3,2.691693200599945,5.0701035750702665,0.752087496211657,0.1427197757635387,0.33520505983166937,211.48074405261286,17240.331085489328,117.32722179694453,8406.111447585245,158.35274297255302,26.988217738620286,10.172047639333694,0.008083943529293624,0.6590191629302585,0.00448488414254607,0.3213272704692294,0.006053102553773858,0.0010316363748985558
w001447,671_T1_P1_R2,671,1,2,9,training,132786.04938365734,9,3,2.0291297078789197,3.2804970455960905,0.6624770569649578,0.30217207432234205,0.1533713421201953,210.60423008111115,95338.10139060384,58.075242041565,37108.74552421975,41.5102938453091,29.012702865787773,11.79650199156774,0.001586041839927134,0.7179828139561895,0.00043735951412914476,0.279462682235555,0.0003126103535573518,0.00021849210064200098
w001448,671_T1_P1_R2,671,1,2,9,training,163851.3352133494,9,3,2.030639156072803,3.25717662949368,0.6548071379769808,0.08843901526340754,0.23167522035425747,209.16299665630652,117729.22067834996,224.04967122690087,45471.40131573932,147.8085521729041,69.69199920403682,12.006720906166684,0.0012765413011981697,0.7185124278972507,0.0013673960662887962,0.27751620855900505,0.0009020893969551352,0.00042533677930235643
w001449,671_T1_P1_R2,671,1,2,9,training,135728.27562652205,9,3,2.2525145081130873,4.245390720058188,0.6977991584225576,0.17741000712187927,0.11273571356608095,75.38941827948237,76957.51827194163,239.37158724033168,58234.544848064936,161.00589579468712,60.445605200996866,11.818417560406939,0.0005554437196780452,0.5669969497269861,0.0017636088437386524,0.4290524179965754,0.0011862369506389402,0.00044534276238300237
w001450,671_T1_P1_R2,671,1,2,9,training,193049.79365533128,9,3,2.142880556030421,3.8366121076627513,0.7513222044472009,0.1155054161306204,0.14335165729620314,140.1218130085991,90207.22234214062,79.23152372069848,102515.69993470267,66.6827186709918,40.835323087668286,12.17070861282266,0.0007258324930342628,0.46727437846007486,0.0004104201419772427,0.5310324242963602,0.00034541719733742016,0.00021152741121586055
w001451,671_T1_P1_R2,671,1,2,9,training,181674.67859312508,9,3,2.0837535955952666,3.7512747332204066,0.7500811452650508,0.16216881618832257,0.37089456256556413,155.10352321207395,78749.94122317852,40.192360876240244,102655.71528527566,31.39095178909006,42.33524879346448,12.10997839068152,0.0008537432096381503,0.43346679808662436,0.0002212325965703467,0.5650524117077499,0.00017278660973658636,0.00023302778968046307
w001452,671_T1_P1_R2,671,1,2,9,training,126432.38417665617,9,3,1.9745731787598897,3.3875402975937683,0.643882113348995,0.13210566704302032,0.2103505611085689,145.26934115985566,57759.71705889917,118.44219633835144,68323.53848501234,49.55546829345336,35.86162695299725,11.74747084114423,0.0011489883870012272,0.4568427419528456,0.0009368026800227026,0.5403958719116463,0.000391952335757685,0.00028364273272653
w001453,671_T1_P1_R2,671,1,2,9,training,131798.23449445813,9,3,2.1993267336591873,4.219008261582402,0.6789536601382691,0.05514363792471387,0.1855724323027362,180.97384096753015,66409.19349800033,200.98315611788408,64860.69160219111,114.77125326253423,31.621143918758854,11.78903509294914,0.0013731127860831837,0.5038701296168934,0.0015249305644252393,0.49212109593864384,0.0008708102479730876,0.00023992084598135088
w001454,671_T1_P1_R2,671,1,2,9,training,175584.3662705013,9,3,2.262042789365753,4.182155310994416,0.6703499912255401,0.171149213505387,0.23046447892326086,276.8472096326897,104603.30430156621,248.28466005470202,70210.04975183183,164.48739549710245,81.39295191880353,12.07588062112115,0.001576719018401588,0.5957438382664247,0.0014140476474551287,0.39986504062478895,0.0009367997788806373,0.00046355466404914084
w001455,671_T1_P1_R2,671,1,2,10,training,187542.77791031127,9,3,2.6305612835454815,5.126418817258423,0.7356466826715361,0.269066789915879,0.14915883029522137,344.7665102829407,123288.79256834881,1009.3770439071304,61806.782636304924,950.4715089450617,142.58764252240758,12.141767579328205,0.0018383353074135367,0.6573902441996956,0.005382116310497681,0.3295609850988921,0.005068025116912828,0.0007602939665882383
w001456,671_T1_P1_R2,671,1,2,10,training,169628.8580149472,9,3,2.708264603374005,5.355816511078013,0.7635141129997246,0.28646334503342163,0.16344951032114421,395.2736747010066,105137.02146193513,1077.6033271707845,61741.13594919258,1068.0727699680576,209.75083197965222,12.041374036461459,0.0023302265860103604,0.6198062210185413,0.006352712267129861,0.3639777846276141,0.0062965275040284836,0.0012365279966759523
w001457,671_T1_P1_R2,671,1,2,10,training,156130.2016809506,9,3,2.655479603240202,5.321577077776179,0.7424048166566501,0.24933592425006817,0.04162372773711273,392.4602613618307,97610.60946348915,587.1151058107671,57010.06623197636,376.68189316989447,153.26872514261743,11.958451969175073,0.0025136729289815213,0.6251872373991726,0.003760419825822853,0.3651443834580798,0.0024126138896536976,0.0009816724982897253
w001458,671_T1_P1_R2,671,1,2,10,training,153736.58576962643,9,3,2.7160760000983033,5.72113343015397,0.7211485988643452,0.11434036749111204,0.031714065647570705,553.0758052193967,87044.82639136288,597.889894450429,65135.165326353985,312.81166243590627,92.81668980385649,11.943002439447097,0.003597554885524635,0.566194611097967,0.003889054069057864,0.42368031656406585,0.002034724921656925,0.0006037384617279186
w001459,671_T1_P1_R2,671,1,2,10,training,148579.0994339385,9,3,2.724931328238353,5.780482394570399,0.7974218063864712,0.1250616224345375,0.21418877418633067,597.4938848630829,81624.26621740307,572.4742940088494,65258.68748969763,416.3722709049582,109.80527706090253,11.908879481933857,0.004021385828420246,0.5493657353448624,0.003852993430367263,0.4392184885917488,0.0028023609813982372,0.0007390358232028748
w001460,671_T1_P1_R2,671,1,2,10,training,179074.7670503601,9,3,2.5562997374370044,4.82474133898309,0.7585936357858539,0.20155320276822192,0.16961122112852992,458.7132769205232,106644.3248889583,524.6429965095616,70925.85320503467,371.5025916238682,149.7300913131553,12.095564274876299,0.0025615740535433564,0.5955296027774107,0.0029297427278630467,0.3960683817898734,0.0020745669406309645,0.0008361317106784097
w001461,671_T1_P1_R2,671,1,2,10,training,215197.84307095298,9,3,2.491065987579955,4.4202294450875,0.7417948450193872,0.2372193241362631,0.3365567783608294,613.1883275743478,130215.18160109379,469.450557570138,83305.08236803082,369.3135985177148,225.6266181662023,12.27931773119097,0.0028494166987174364,0.6050951986454645,0.0021814835635474063,0.3871092812977882,0.001716158457944898,0.0010484613365377034
w001462,671_T1_P1_R2,671,1,2,10,training,217343.26178047646,9,3,2.564424001691042,4.700979691053834,0.7612243636268118,0.25096522917601377,0.210271998563856,700.3239069145006,127712.06912913195,549.2250748505794,87760.00065998053,421.2365526467525,200.4064569521529,12.289237835242465,0.003222202064961415,0.5876053763199945,0.0025269937993537338,0.40378523788154475,0.0019381164577911539,0.000922073476354513
w001463,671_T1_P1_R2,671,1,2,10,training,197409.90701776213,9,3,2.677113878922322,5.54500654284297,0.8305418759369501,0.24651939829136352,0.2421500791055683,634.4591255069115,108299.83282656087,427.22822411401654,87570.89863727099,330.32706378201146,147.1611405272996,12.193042657837893,0.0032139173514216055,0.5486038388986045,0.002164168103658426,0.443599310491503,0.0016733054018017951,0.0007454597530105652
w001464,671_T1_P1_R2,671,1,2,10,training,153667.9433923362,9,3,2.67214166085338,5.419906669323722,0.7001223079382711,0.1342530697235219,0.4939205548453464,585.9630383969873,66050.56733508798,835.9372941382976,85523.9760425293,486.7022230975771,184.7974590860281,11.942555849203108,0.003813176811385703,0.4298265850181352,0.005439893810539459,0.5565505345781481,0.003167233271645712,0.0012025765101457357
w001465,671_T1_P1_R2,671,1,2,11,training,275144.49177752365,9,3,2.9303938030791596,6.450561123262279,0.7712011841969931,0.24004609467514373,0.10626694444704474,2344.1848960598745,117044.4756216729,3228.012802352886,148369.20862031184,2687.2297643904885,1471.3800727356618,12.525055297754452,0.008519832183140107,0.4253927631461099,0.011732064056593917,0.539241064437809,0.009766612978621171,0.005347663197725908
w001466,671_T1_P1_R2,671,1,2,11,training,228241.81471539967,9,3,2.9871603112205074,6.567419111445421,0.7442084649013319,0.18142837118662822,0.2581108189932578,3519.994044102908,87872.43160318283,2222.471957460927,130956.67567425953,1546.2881465726346,2123.9532898208017,12.338165318072992,0.015422213710016612,0.38499707738809,0.009737356672493085,0.5737628568961066,0.006774780285114449,0.009305715048179104
w001467,671_T1_P1_R2,671,1,2,11,training,315620.86701134813,9,3,2.991121193025497,6.654515793565236,0.8044289364333089,0.44389127196040495,0.08344913906386434,5780.966393347914,133802.47722127032,3500.8164435696553,167493.07314532678,2462.6496865519894,2580.8841212815105,12.662300152661816,0.01831617297071825,0.42393419195714793,0.011091840906209106,0.5306780718630514,0.0078025566239365435,0.008177165678936922
w001468,671_T1_P1_R2,671,1,2,11,training,360720.7563288394,9,3,3.0677761298447215,6.937192564108481,0.8228907954307215,0.29768828660708146,0.1918751568878623,7289.950595134245,167929.31832988636,6433.547475858419,170247.29119370942,5117.833052913367,3702.815681337579,12.795862182036426,0.0202094015030524,0.46553827409032994,0.0178352572259343,0.47196422220436074,0.014187797522380054,0.010265047453942536
w001469,671_T1_P1_R2,671,1,2,11,training,414405.76027894556,9,3,2.975874893607924,6.477892633310796,0.7897704385174095,0.14055528397326164,0.5254769966733093,6970.140938193164,193361.6068054373,5959.899560856915,200129.01267151252,5050.090791413891,2935.00951153181,12.934603283208792,0.01681960437398701,0.46659970815869306,0.014381797098682161,0.482930093772831,0.012186343133875756,0.007082453461931106
w001470,671_T1_P1_R2,671,1,2,11,training,415836.9789690939,9,3,2.83031077160398,6.016951811879762,0.815641586192446,0.2210239745166683,0.19382557820818855,4667.8848901955025,195813.93687984732,3064.778776369461,208565.24350306523,2326.006563467438,1399.1283561488726,12.938050989746861,0.011225276072771856,0.47089111065901795,0.007370144867749348,0.5015553066495473,0.005593553919215811,0.003364607831697574
w001471,671_T1_P1_R2,671,1,2,11,training,379936.42285255174,9,3,2.6505831387746954,5.210907475803378,0.7912009251301051,0.004386892266010818,0.13156167084003612,2359.1639695396116,192137.1629947871,1411.4811557436767,182216.73091754474,957.1008953461409,854.7829195904455,12.84776184143806,0.006209365113844775,0.5057087224020977,0.003715045651970708,0.4795979536509471,0.0025191080343396795,0.002249805146799983
w001472,671_T1_P1_R2,671,1,2,11,training,487673.96457325836,9,3,2.6508728085161013,5.0752201818775085,0.7946816036523019,0.13345117547283777,0.10479060997209544,3705.522542281872,265265.89477105235,2158.836403500097,214357.9302418008,1694.4868791542904,491.29373546896545,13.097404406718969,0.0075983604036036845,0.5439410631715282,0.0044268026598245774,0.4395517206447053,0.003474630598000162,0.0010074225223380023
w001473,671_T1_P1_R2,671,1,2,11,training,420694.81645269203,9,3,2.8075261190473784,5.922477404800055,0.8712267681422464,0.14784026214963408,0.06753390127964949,3964.864021378872,218258.47535474043,2434.9236115614744,193101.29957177318,2578.8470508385735,356.4068423995178,12.949665325276,0.009424561145798498,0.518804764924609,0.005787862165958697,0.4590056545027286,0.006129971062119255,0.0008471861987859707
w001474,671_T1_P1_R2,671,1,2,11,training,233795.63861194873,9,3,2.958540298456422,6.594023203855474,0.9139764852234116,0.054991558261825876,0.4033642037952907,2437.314786552538,102638.46196292524,3001.847289825183,122395.36660245055,2791.384461828921,531.2635083662783,12.36220695072235,0.010424979700318382,0.43900930989257403,0.012839620566265628,0.5235143278510894,0.011939420591425267,0.0022723413983272087
w001475,671_T1_P1_R2,671,1,2,12,training,216384.91126651032,9,4,3.393586305529984,8.580165178715855,0.7194658459874252,0.0725373193468145,0.22452852201726636,25790.148882721922,76363.34743875264,11538.962558894167,93198.19583886443,8139.988091940004,1354.2684553371846,12.284818718781944,0.11918644757516157,0.35290514015877833,0.053326096035791574,0.4307056129439494,0.037618094738197314,0.00625860854812192
w001476,671_T1_P1_R2,671,1,2,12,training,205895.8749939618,9,4,3.1791958460740264,6.477036125384328,0.6156416858615275,0.01067795171189575,0.09557890973612744,22136.440235094684,56988.96025793516,8571.771140171362,112188.89419502289,4969.167859471713,1040.6413062659872,12.235130715600858,0.10751279128707104,0.27678534239506475,0.041631582664891864,0.5448816990545002,0.024134373064139538,0.0050542115343326114
w001477,671_T1_P1_R2,671,1,2,12,training,215015.53366671858,9,4,3.2207140577954094,6.914825105122663,0.7818655000416588,-0.07104057201563224,0.24618088810666555,21292.436879117682,75015.73231247025,6625.343000882501,104055.79117420576,7054.295298335986,971.9350017063973,12.278470204928523,0.09902743544157924,0.3488851760298733,0.03081332259069249,0.4839454591941055,0.032808305418855856,0.004520301324893716
w001478,671_T1_P1_R2,671,1,2,12,training,214438.37069778587,9,3,3.2631663477958424,6.997020948790251,0.7673761769354185,0.19825904925194138,0.29011756154608076,18423.787113763574,62530.13582139892,6728.266445777394,115815.26020725886,9466.429395544541,1474.4917140425343,12.275782323306435,0.0859164665997614,0.2915995659635207,0.03137622443167941,0.5400864585493452,0.0441452216072181,0.006876062848474901
w001479,671_T1_P1_R2,671,1,2,12,training,195686.15693590665,9,4,3.2224517100050925,6.454943987561518,0.6910264078832172,0.346378148339566,0.46480725189172734,17992.05581379327,43225.551098688884,6412.251301703573,116585.08620163874,9968.571158557435,1502.6413615247452,12.184272524945062,0.0919434266353661,0.22089222751125215,0.03276803736200812,0.5957758485687059,0.05094162670802746,0.007678833214640254
w001480,671_T1_P1_R2,671,1,2,12,training,190890.42896925475,9,4,3.249991167744906,6.816983620925125,0.8103286635075987,0.06590919589888079,0.0928756253657688,16620.866805080565,53656.855694506994,6492.988490657675,104427.95614660959,8444.474977413152,1247.2868549867842,12.15946011069256,0.08707019463902803,0.2810871974264833,0.034014217086302694,0.5470570562939486,0.04423728849586921,0.006534046058368255
w001481,671_T1_P1_R2,671,1,2,12,training,182216.9200788847,9,4,3.254248920126228,7.147427970198107,0.7004637512622696,0.07620291396698707,0.14123480370878383,15298.630149959077,53206.19981244701,7177.675280361737,100133.16323520691,5171.676524336123,1229.5750765738799,12.112958612862263,0.08395834011098448,0.2919937390524062,0.03939082757657414,0.549527251321434,0.028381977491976153,0.006747864446625356
w001482,671_T1_P1_R2,671,1,2,12,training,327751.2011411163,9,4,3.306360293991609,7.5995764180714245,0.7621572901736717,0.28943763640863823,0.3672080057132036,12659.787204563476,123159.29472473156,15295.336724079283,161171.93514648438,12983.816961391001,2481.0303798665695,12.700013117518319,0.03862621146920736,0.37577068915669415,0.04666752301998043,0.4917508603640183,0.039614856989648985,0.007569859000450585
w001483,671_T1_P1_R2,671,1,2,13,training,372243.67039699346,9,4,3.316239266586433,7.055764874747589,0.7548319901613078,-0.00847335144471935,0.35889019966672603,6814.315426967798,193864.98165801328,29917.698738313775,101977.45056603706,36254.37092462795,3414.8530830335903,12.82730663317578,0.01830606124128427,0.5208012844147453,0.08037127590754439,0.27395348444012313,0.09739419043972754,0.009173703556575428
w001484,671_T1_P1_R2,671,1,2,13,training,420363.00988587557,9,4,3.238499566724412,6.744391610416409,0.8080012593238577,-0.0348891852232386,0.4323556618377006,8787.213056645825,221964.98918819882,22859.912109524368,132136.56029001126,30453.195403342077,4161.1398381532645,12.948876305104926,0.020903868442257723,0.5280316868233961,0.054381359853072256,0.3143391715790717,0.0724449932252836,0.009898920076918692
w001485,671_T1_P1_R2,671,1,2,13,training,480302.9237408173,9,3,3.2982636326154195,7.299901525597757,0.6074057781924447,-0.018453210640716717,0.5363907046617391,7118.102236343639,228757.5774817178,67302.06872533236,153950.63870042458,19586.07780756405,3588.458789434838,13.082174356973736,0.01482002687159309,0.47627771178249323,0.14012421203092681,0.3205282147803455,0.04077859375707893,0.0074712407775623995
w001486,671_T1_P1_R2,671,1,2,13,training,585521.8329199896,9,3,3.2924557557948884,7.444237395469976,0.5648597457190843,0.029261954980917073,0.39556772488346015,9906.89614669312,273635.78619366226,98886.40769413317,184038.32833445905,16442.95860538148,2611.455945660535,13.280260458560969,0.016919772397363152,0.46733660609894634,0.168885944356657,0.3143150570776539,0.028082571273868068,0.004460048795511584
w001487,671_T1_P1_R2,671,1,2,13,training,479957.32097258937,9,3,3.323557820280273,7.400328960825888,0.6378777754259055,0.05306460303041998,0.3213303426663436,16373.210719409133,228377.01866634126,58169.03662704521,160857.30285917156,13661.858185265446,2518.893915356769,13.081454547806912,0.034113888889600284,0.4758277636093898,0.12119626909570001,0.3351491806254961,0.028464735484357125,0.0052481622954567335
w001488,671_T1_P1_R2,671,1,2,13,training,313673.06400988944,9,4,3.3521980812131424,7.501602128845673,0.7403955707697746,0.06820215422471466,0.3694795597013008,18263.700141103676,123702.93856342253,26493.27063631733,134601.688731563,8863.705983129385,1747.7599543535534,12.656109713074741,0.05822527413615554,0.3943690190737017,0.08446141437086245,0.42911459151404624,0.028257784936388197,0.005571915968845991
w001489,671_T1_P1_R2,671,1,2,13,training,270078.3931033623,9,4,3.3262868594291386,7.235702476543204,0.6702122232214879,0.2972036041650634,0.3638989583582468,21813.747218603505,79471.61435293606,18155.16604652455,140575.00786443404,8764.00753683985,1298.8500840242928,12.506471243287686,0.08076820573445546,0.2942538773270963,0.06722183821486359,0.5204970536485467,0.03244986552288082,0.004809159552157166
w001490,671_T1_P1_R2,671,1,2,13,training,323730.18682398775,9,5,3.3536088582020005,7.900368614863314,0.8632900487560121,0.17280459639981322,0.3596598316439784,14700.18101644404,124603.49045036016,20048.42997600942,146439.89980754984,16570.87830318512,1367.307270439157,12.687668780111245,0.04540874349921694,0.3848992016246762,0.06192944245545369,0.4523516983208281,0.05118731269937058,0.004223601400454393
w001491,671_T1_P1_R2,671,1,2,13,training,327867.334577548,9,4,3.237393224266653,7.136929122531605,0.8240744105427231,0.1577659630304245,0.3184448114474046,4569.821321672725,156524.86009947537,14755.849393077344,131569.75730103027,18817.537687168675,1629.5087751236572,12.700367387805228,0.013938019557699669,0.477403033459113,0.04500554900380676,0.40128961755386783,0.05739375565246468,0.00497002477304808
w001492,671_T1_P1_R2,671,1,2,13,training,448599.7923967042,9,3,3.219725982830049,7.09998688648921,0.6606928729889594,0.22529542875234784,0.13710307864514035,3849.644459852114,250595.38363498525,12469.218573152753,136911.64416152873,43267.762707245165,1506.138859940247,13.013888667443645,0.008581467323658077,0.5586168069676225,0.027795863449990226,0.30519774302627295,0.0964506971260093,0.0033574221064470388
w001493,671_T1_P1_R2,671,1,2,13,training,475757.3302978269,9,3,3.1972893868811965,6.8851452004844615,0.6077637740000869,0.263002181924639,0.2745017115558328,5574.671507187671,253126.48206787155,11146.980939334837,151095.3861961055,53526.017661093356,1287.791926233961,13.072665294827123,0.011717468449089146,0.5320495680211861,0.0234299720245125,0.3175891921655078,0.11250697414916498,0.0027068251905394618
w001494,671_T1_P1_R2,671,1,2,13,training,311871.8258311009,9,3,3.2621892616914234,7.642873294171606,0.6673876860648832,0.08053406623066008,0.1803577506943709,6774.919724671675,136755.64817454215,5859.4201093724605,138110.80199090976,22651.466336186524,1719.5694954182777,12.650350774180577,0.02172341059221149,0.4384995272019356,0.018787911007215257,0.44284475400386386,0.07263069139324493,0.005513705801528663
w001495,671_T1_P1_R2,671,1,2,14,training,4890.915434485746,9,4,2.4628627455007535,3.7053127820703438,0.4278893598332822,0.16464582043472034,0.13838491055877125,80.46109170145087,183.2026915927578,172.23276959293747,373.3358150951396,4063.2582951238783,18.42477137958255,8.495339210166593,0.01645113124101908,0.03745775081306851,0.03521483286718222,0.07633250259506764,0.8307766408050987,0.0037671416785638647
w001496,671_T1_P1_R2,671,1,2,14,training,6713.100813909446,9,4,2.9740747693314717,5.85076707938527,0.3420449822494308,0.25379809496916006,0.5040446769652898,52.02892768320969,388.5427016789972,312.0744112958255,3331.3518921244195,2605.28609463656,23.816786490432918,8.811965192903783,0.007750356969972285,0.05787827599340419,0.04648737147656295,0.496246367285578,0.38808982121025887,0.0035478070642235683
w001497,671_T1_P1_R2,671,1,2,14,training,65315.89162521271,9,4,3.2063946331525512,6.270646286666538,0.7803998624019014,0.7058870154241892,0.781753250820855,1639.160050357122,19996.946285735292,3389.1460264735842,34832.897799658516,5054.136608587976,403.60485440020767,11.087005959075391,0.02509588416495545,0.3061574417521422,0.051888536497683414,0.5332989710916325,0.07737989152148418,0.006179274972102064
w001498,671_T1_P1_R2,671,1,2,14,training,117323.59890897042,9,4,3.3170166816761744,7.587336891361315,0.8244465703492391,0.29927535951691014,0.23200388113293616,3793.0441496409644,42794.3492156037,5903.597180239572,56501.46988677888,7695.213301803673,635.9251749036498,11.672699722024518,0.032329763022219675,0.36475482864114306,0.05031892334653049,0.481586572626514,0.06558964584588196,0.0054202665177110225
w001499,671_T1_P1_R2,671,1,2,14,training,120028.42838230904,9,3,3.392644216161651,8.240149395522392,0.7368895336594193,0.23872684836740934,0.2867970058364514,4589.645098415098,45088.54875372205,5166.6522681743845,52402.298245965576,12004.043256210241,777.240759821694,11.695492228217866,0.03823798378661071,0.3756489138565413,0.043045238014096134,0.4365823909570505,0.1000100011138654,0.006475472271835989
w001500,671_T1_P1_R2,671,1,2,14,training,154413.70935109563,9,3,3.348600161300032,8.016483060625765,0.7040569383211724,0.21994289712559079,0.2187786634915383,4721.13584488596,62737.614729726236,5070.2160400404555,64223.93344016241,16481.47935065987,1179.3299456207287,11.9473971798531,0.030574589942343494,0.4062956261679953,0.03283527130685097,0.41592118802181155,0.10673585538435176,0.007637469176647047
w001501,671_T1_P1_R2,671,1,2,14,training,285252.95021511335,9,3,3.2560094167440825,7.63160301569448,0.647388579562671,0.17014553530457166,0.1915957005242159,3743.3994795863227,127063.40958762026,6826.352325066548,109332.91735491474,37116.47067824142,1170.4007896840724,12.561135115884749,0.013123087690288115,0.44544117595208016,0.023930873703212174,0.3832840896911503,0.1301177451460234,0.0041030278172459085
w001502,671_T1_P1_R2,671,1,2,14,training,396879.0665618005,9,3,3.217153481982959,7.503386948263177,0.5655567433603991,0.12583396851510548,0.2652704732988149,2885.640723397705,173751.2706568099,8553.88519613274,142778.42382586608,68049.74890281845,860.0972567756344,12.891389414687577,0.007270831259497443,0.4377939914091035,0.021552875716615207,0.35975297226625874,0.17146217736384947,0.002167151984675673
w001503,671_T1_P1_R2,671,1,2,14,training,421384.997354375,9,3,3.051937697903265,5.839997340288539,0.6229842186418247,0.01583948917047228,0.3809523803118984,2726.271369964193,228075.8873901739,12038.543109406088,118520.8406123071,59222.30416587751,801.1507066462086,12.951304550930592,0.006469787455844001,0.5412529843780066,0.02856898841911534,0.2812649746821286,0.140542032909807,0.0019012321550984394
w001504,671_T1_P1_R2,671,1,2,14,training,380230.81976516766,9,3,3.0531622155119633,5.707205939817557,0.6689045929845179,0.1375126257805403,0.1560605333398828,1728.8596368568437,198369.47243233598,17268.60860479328,117379.60622062447,44669.01428772965,815.2585828274387,12.848536397710083,0.004546868762307578,0.5217080313343613,0.04541612017526211,0.30870618613482903,0.11747867864924112,0.0021441149439988746
w001505,671_T1_P1_R2,671,1,2,14,training,326070.66327347746,9,3,3.210663563871734,6.977553644786356,0.6285312007692798,0.1668677005809734,0.08626151826295915,1103.807507990408,147951.4411278189,14285.652615276544,110271.42870706723,50745.98649384137,1712.3468214830214,12.694872462182914,0.0033851788348853635,0.4537404243684784,0.04381152377175091,0.3381826123210045,0.1556288013904532,0.00525145931342761
w001506,671_T1_P1_R2,671,1,2,14,training,309501.6265114358,9,4,3.331993382863651,8.180879154600957,0.6375495293095892,0.1414868662447233,0.26863716847436264,1967.383605934118,127985.8501517279,13289.685526736273,99393.1376810174,63915.446864458194,2950.122681561922,12.642721857375903,0.00635661798650168,0.4135223830463422,0.04293898444583855,0.32113930644349914,0.20651085936085245,0.009531848716966008
w001507,671_T1_P1_R2,671,1,2,14,training,257450.6553271474,9,4,3.4119886061431783,8.897809149336112,0.6403237920983289,0.16200415515387198,0.08250777079481197,1978.7891423403648,84276.18373602784,12615.700017033323,104568.50152241587,51923.79126066429,2087.6896486656947,12.458587235157044,0.0076860909125513015,0.32734888023080194,0.0490024000948932,0.40616910215100716,0.20168444005195385,0.008109086558792512
w001508,671_T1_P1_R2,671,1,2,14,training,328815.800181714,9,3,3.285308559086816,7.866470096387616,0.6579467761032198,0.17346308407566452,0.17632228444095246,4271.83059850311,142279.945841982,9794.3327478934,129954.34150673164,41508.67552725093,1006.6739593528557,12.703256036302003,0.012991561221031232,0.43270410291522976,0.02978668525807076,0.39521927302433385,0.12623686423922428,0.003061513342109886
w001509,671_T1_P1_R2,671,1,2,15,training,12045.892669404153,9,3,3.1105047660517524,6.913961936484746,0.4619301256847486,0.13439118813873416,0.18577268855390863,65.26492545454582,3550.263796267637,5952.60091122148,2266.0074777681025,176.46545761678044,35.29010107560574,9.396562035905687,0.005418023159073534,0.29472816118352896,0.49416021498686685,0.18811453330674496,0.014649429681952267,0.002929637681833285
w001510,671_T1_P1_R2,671,1,2,15,training,13951.434892797439,9,3,2.5461456535935154,3.5964241289172008,0.5272428522995951,0.3056570245754671,0.14761454087789366,78.87314949454785,3322.252489432168,1109.0264628555049,9301.908747185256,112.47704560900397,26.896998220957713,9.543409316304984,0.00565340770326548,0.2381298063575749,0.07949192834839162,0.6667349142694602,0.008062041393826188,0.0019279019274815628
w001511,671_T1_P1_R2,671,1,2,15,training,92293.33416376215,9,4,3.0618531535471774,6.174090325208932,0.6744632800361205,0.7652107607071861,0.7591648601471146,3586.7255755590554,34244.14047311185,8988.044292628487,43113.72916936022,2138.922723413789,221.7719296887504,11.432738033598813,0.03886223862272536,0.37103590181659507,0.09738562783613827,0.46713806105282407,0.023175267670128345,0.002402903001588889
w001512,671_T1_P1_R2,671,1,2,15,training,213741.60083500785,9,3,3.0181403410873933,5.948618030114075,0.6393596000977879,0.3685099683992072,0.37746205425524304,4774.845813433491,79857.19383300004,18710.780021842314,105465.03235785334,4210.369485011494,723.3793238671396,12.272527770223288,0.0223393377554017,0.3736155877986695,0.08753925276476994,0.49342304888632454,0.019698409053563595,0.003384363741270625
w001513,671_T1_P1_R2,671,1,2,15,training,251548.242465867,9,3,3.127795395998838,6.433215564678659,0.5779256322165559,0.10010602154558489,0.4382579132516672,3649.71599573579,99559.91243283906,30312.012148950045,111061.37970569821,5396.388157536171,1568.834025107711,12.435394044449485,0.01450901012051804,0.395788543210945,0.12050178467481494,0.4415112529389599,0.021452696725831492,0.006236712328930658
w001514,671_T1_P1_R2,671,1,2,15,training,234965.66025738025,9,3,3.3536085238922886,7.858502522493318,0.5184986816581687,-0.021918508536432492,0.5849412857685071,4509.4998597735785,94645.58131573396,43424.050414105564,82826.38294209482,6459.210252463894,3100.935473208473,12.367198911816429,0.019192165590639475,0.40280601519413367,0.1848101989309377,0.3525042035988033,0.02749001809621247,0.013197398589273527
w001515,671_T1_P1_R2,671,1,2,15,training,295736.9173182618,9,3,3.389268832308997,8.397348362685998,0.567975472747486,0.021167793093348118,0.5116823567732797,7511.020540184345,123972.82826490264,47915.605222784274,106005.30374062984,7041.376205590563,3290.783344170185,12.597228926629947,0.02539764263553625,0.4191997042137535,0.1620210478194008,0.35844460915425924,0.023809594924575742,0.011127401252474536
w001516,671_T1_P1_R2,671,1,2,15,training,306164.84582686384,9,4,3.1807616047944363,6.960537008341138,0.5763160903588095,0.25965692375474353,0.10532360180989947,6028.23591170201,143220.9720773631,37544.442708669594,110932.98933805776,6734.269901954249,1703.93588911712,12.63188221394285,0.019689510385888575,0.4677903881830853,0.12262819595526317,0.3623309169883937,0.021995568706677963,0.005565419780691267
w001517,671_T1_P1_R2,671,1,2,15,training,188935.47699980772,9,3,3.214074793135445,7.142332480219495,0.5888735085629798,0.025167511018687853,0.2171438827165312,2852.9676103620377,77084.07038808728,36478.50443373719,65641.01508807146,6038.230588525132,840.6888910246557,12.14916613701722,0.015100221809400788,0.40799150912332743,0.19307387375307133,0.34742556628545873,0.031959220599587425,0.004449608429154421
w001518,671_T1_P1_R2,671,1,2,15,training,194282.46681969933,9,3,3.447444421935919,8.889307911634925,0.6743083638527071,0.08374500731676228,0.1404585662749308,9745.56725391929,71071.94605330162,43743.27303696585,62639.47389889152,6513.592525872897,568.6140507481476,12.17707354075023,0.05016184637476064,0.3658176016431724,0.2251529628639165,0.3224144459573033,0.03352640427361739,0.0029267388872298013
w001519,671_T1_P1_R2,671,1,2,15,training,280966.42001539987,9,3,3.3452241812986396,8.067781396526982,0.6330527120422921,0.01706944291210397,0.4118386118323338,9166.478237210706,125365.99934335364,46168.58321884812,92655.81621440232,6895.128516961557,714.4144846235413,12.545993998588278,0.032624817715612736,0.44619566756939244,0.1643206444966541,0.32977540949314804,0.024540756566509378,0.00254270415868339
w001520,671_T1_P1_R2,671,1,2,15,training,350252.1424108843,9,3,3.196904592458563,6.738422184797242,0.5630326548155985,0.04787316731465389,0.1488681917108424,3039.7714467345722,178363.61591881365,67599.50484211207,91483.63982220035,8861.771894616588,903.8384864070804,12.766411436067312,0.008678809002597293,0.5092434686939716,0.19300240214608141,0.2611936623499078,0.0253011211683632,0.0025805366390786507
w001521,671_T1_P1_R2,671,1,2,15,training,404888.74589774496,9,4,3.185571814127476,7.143026473591616,0.6660160195344292,0.11070315632530807,0.08553427015800268,2833.5052781513655,184052.706793087,79011.26621494725,127200.4640572507,11065.261183573504,725.5423707351014,12.911370076675476,0.00699823175343819,0.45457600058750386,0.1951431523238772,0.31416152053130986,0.02732913990740569,0.0017919548964651583
w001522,671_T1_P1_R2,671,1,2,15,training,350889.8080289413,9,4,3.172488483774386,6.971458505729801,0.6867458495980202,0.0939046838680765,0.314416302333383,2242.6000733332653,152565.40677230243,51987.090716138766,130850.7545309127,12203.775771947083,1040.1801643070048,12.768230365813386,0.006391180427640966,0.4347957771395825,0.14815788183808087,0.3729112431789987,0.03477951052639443,0.0029644068893024417
w001523,671_T1_P1_R2,671,1,2,15,training,300663.05998998415,9,3,3.115236947060283,5.923071923425723,0.6293718151339055,-0.09379290126179779,0.36642925820832956,4202.656146440237,160962.12176531123,48751.80445997474,75360.12612035789,10415.459804281778,970.8916936182634,12.613748840682698,0.013977959735327106,0.535357159508299,0.16214763616654065,0.250646441644239,0.034641634408393046,0.003229168537201099
w001524,671_T1_P1_R2,671,1,2,15,training,307466.79504476645,9,3,3.1838369816382417,7.026405182681666,0.563233318232124,-0.07299521618580387,0.22504791487834952,4519.182910014719,143663.65003349917,62337.186971601215,89188.85580156054,7240.084693478204,517.8346346126302,12.636125629182242,0.01469811694416217,0.4672493171582384,0.20274445233191787,0.2900763830077158,0.023547533620416033,0.0016841969375497434
w001525,790_T1_P1_R2,790,1,2,1,training,10580.30796953809,9,6,3.5222456330316563,9.177743410479016,0.6532422156838271,0.6605858403998842,0.8258239166404515,504.32408474038874,2814.5949825085772,3066.5982168604373,1704.6126100765734,1595.6535390680235,894.5245362840883,9.266844324381557,0.04766629536610798,0.26602202796101176,0.28984016587130756,0.161111814040229,0.15081352486733768,0.08454617189400594
w001526,790_T1_P1_R2,790,1,2,1,training,10393.876649887306,9,6,3.5838541370990664,9.387218815128831,0.6513118336827259,0.31477137527232746,0.8756463865912921,535.2106475960186,3019.8904873911197,2424.627735900157,2098.3779156639825,1160.0429339398497,1155.7269293961795,9.249068333929001,0.05149288043569591,0.2905451535663416,0.23327463058996814,0.2018859744392612,0.11160830294752702,0.11119305802120619
w001527,790_T1_P1_R2,790,1,2,1,training,5452.4723328388,9,4,3.4561495754573146,7.7522262732710505,0.8409886088590657,0.3465684578232507,0.8069371229955842,1837.562641583611,1380.623955395012,275.63437797644707,1331.9821335726836,250.60480024268347,376.064424068363,8.604007810070662,0.33701457419902103,0.2532106301722759,0.0505521827807129,0.24428957219104205,0.04596168214066067,0.06897135851628744
w001528,790_T1_P1_R2,790,1,2,1,training,6254.881525117251,9,5,3.392895301830254,7.97839896777011,0.916080410805106,0.23194229364701638,0.19609108864651922,1818.9761992079164,1981.1284447945663,375.950954402641,1661.6768320172478,351.6631009538839,65.48599374099415,8.741277344244873,0.29080905719854044,0.3167331686202368,0.06010520789130272,0.2656608003436322,0.0562221841519679,0.01046958179431969
w001529,790_T1_P1_R2,790,1,2,1,training,9950.20029457676,9,6,3.3790101738938323,7.444039512976955,0.8896368429200434,0.34132434689590846,0.31287223219031574,444.118920028705,3440.0255598244325,1199.596979268707,3080.0793289158155,1237.1192024124302,549.2603041266692,9.205448455497889,0.044634168848919235,0.3457242525760389,0.12056008359173767,0.309549480184291,0.12433108538395027,0.05520092941506284
w001530,790_T1_P1_R2,790,1,2,1,training,11246.249286913346,9,6,3.412352513611344,8.193942550826087,0.7607440691086184,-0.09906670355037527,0.18244041980342246,479.6151866354929,2856.763063792966,2237.7725601737684,3092.5562146648776,1362.0449162888908,1217.49734535735,9.327878869905728,0.042646679297212026,0.2540191837217433,0.19897945555748472,0.2749855650330923,0.12111103724810983,0.1082580791423578
w001531,790_T1_P1_R2,790,1,2,2,training,314.2645691647787,9,5,2.399872158258428,2.8719332421333394,0.7550148996982673,0.6863102218869498,0.9184796597408023,221.5137791959611,10.090295741571419,16.235007423828932,11.651401988807295,36.478484966853436,18.295599847756552,5.753412188415639,0.7048639933692764,0.03210764665068165,0.051660317505650505,0.037075137104297946,0.11607571627881039,0.05821718909128314
w001532,790_T1_P1_R2,790,1,2,2,training,713.5381215430828,9,5,3.503050697938729,8.283761857604999,0.6184216877718139,0.25078442593859646,0.536904099603841,233.515074029986,160.81540052683303,45.31837221742164,143.48290195702828,82.92259487186948,47.483777939944375,6.571636350100709,0.3272636275199861,0.22537744749931088,0.06351219486271745,0.20108652589820306,0.1162132650916293,0.06654693912815329
w001533,790_T1_P1_R2,790,1,2,2,training,1939.4671548386314,9,5,3.049754715618767,5.383556793513727,0.503323685729269,0.15335037358783735,0.06886187793548194,152.7572413761046,1055.2463303953853,91.33519907219637,467.1506425539053,113.41809778122001,59.5596436598196,7.570684024532567,0.07876247916599256,0.5440908487481885,0.04709293418263415,0.24086545698309256,0.05847899898601618,0.030709281934075915
w001534,790_T1_P1_R2,790,1,2,2,training,2322.6642201344953,9,6,3.349728052584594,6.99637770883184,0.467943342454653,0.16991362115062636,0.11326043464279885,92.0852291845511,1042.6385005253583,388.3851013769205,468.0145509662159,228.97451176143088,102.56632632001876,7.750900623942034,0.03964638038778539,0.44889764585299535,0.1672153460711729,0.20149901432550385,0.0985827007522301,0.044158912610312476
w001535,790_T1_P1_R2,790,1,2,2,training,1843.5462585363568,9,5,3.252009709788997,7.326318001245024,0.5829982022348067,0.33494546622260973,0.3838536259088162,39.24174269785818,173.67809408301594,926.4399838089162,227.08094617090205,318.14818711356526,158.9573046620992,7.519988595896207,0.02128600924232479,0.0942086987396258,0.5025314550796479,0.12317615851483325,0.1725740190355473,0.08622365938802093
w001536,790_T1_P1_R2,790,1,2,2,training,1053.2277210924224,9,6,3.161679712381857,6.566109228581399,0.5519816395578994,0.5485172138083984,0.602718708367634,27.683101981810267,52.031238276280945,614.1996443688566,110.57402134767176,158.88802630197222,89.85168881583049,6.960563759932351,0.026284061297871055,0.04940169844970794,0.5831593985503916,0.10498586310753656,0.15085818870886855,0.08531078988562422
w001537,790_T1_P1_R2,790,1,2,2,training,3445.919528031244,9,5,3.3491676631925595,8.66723108242265,0.6810950910226656,0.5928496403288565,0.6730809913344585,18.48500475404684,727.7919629287763,1131.9931788654555,723.9398984875003,608.863971022151,234.84551197331422,8.145236220735578,0.005364317014276846,0.21120399272486362,0.328502499741251,0.21008613016018646,0.17669129127052277,0.0681517690888993
w001538,790_T1_P1_R2,790,1,2,2,training,5701.556113820714,9,6,3.537213839877574,9.712883139084049,0.5945588384631539,0.20480180077554114,0.43396915930017504,483.8925040778386,1840.3031423319017,1340.3834529727435,858.301433083338,741.3337800337064,437.34180132118655,8.648669794324196,0.08487025198346661,0.3227720828478669,0.2350908113880736,0.15053810151982788,0.130023061289653,0.0767056909711121
w001539,790_T1_P1_R2,790,1,2,3,training,20972.147122523562,9,3,2.343303881313451,3.921600686140578,0.6902540519975735,0.7466968154205607,0.958927041892066,224.02126667590954,9594.817997987524,135.97604088145007,10914.167602724676,48.902165381925755,54.26204887207754,9.950998190009043,0.010681846992925025,0.457502893811141,0.006483649007755396,0.5204125042115089,0.0023317672289932608,0.0025873387476765056
w001540,790_T1_P1_R2,790,1,2,3,training,33291.635775977826,9,3,2.446832777719864,4.391379404882709,0.6700102704088687,0.37688930524806147,0.3610414411408925,246.29551611565256,16784.994639467575,182.2370342375469,15941.546927193307,73.43098161962752,63.130677344114034,10.413091503643205,0.007398119989447064,0.5041805320836499,0.005473958548142092,0.4788454083321497,0.002205688603400286,0.001896292443210829
w001541,790_T1_P1_R2,790,1,2,3,training,13700.019006020855,9,3,2.546488174674574,4.798737902438122,0.7900637542553273,0.4746246318445693,0.47126736797693247,45.292799789910475,7708.355873754053,50.807218066710135,5840.275775053552,41.4370661111879,13.850273245440983,9.525225489051683,0.003306039193814643,0.5626529328438451,0.003708550918387886,0.4262969104266848,0.0030245991697513143,0.0010109674475162476
w001542,790_T1_P1_R2,790,1,2,3,training,1905.805171323469,9,3,2.9920497576906033,6.278816359284066,0.81982101224359,0.3289057192939938,0.7762073871469108,30.624569022272958,859.774635006099,33.86370507024938,947.2466959330061,26.94957873299115,7.345987558850578,7.5531844353699285,0.016069097451869126,0.4511345902210121,0.01776871297223579,0.49703228335517596,0.01414078371624748,0.003854532283459607
w001543,790_T1_P1_R2,790,1,2,3,training,2909.590630566509,9,3,2.9063338643091026,5.75815142613254,0.757123444878305,0.20270578797702335,0.6765388209757619,60.69881822135903,1049.300287422404,42.85768870334027,1711.6787360263115,29.795192650160367,15.259907542933988,7.976111305401176,0.020861635167398352,0.36063502418486304,0.014729800217632578,0.5882885097457992,0.010240338395769141,0.005244692288537794
w001544,790_T1_P1_R2,790,1,2,3,training,2474.445787066711,9,5,3.269907736179824,6.710705352996195,0.7200066491756703,0.1674665784865676,0.44433046837612417,125.36752634588142,570.735850777063,149.5004324819028,1443.2470637476317,162.15298402463196,23.441929689600666,7.814175774770404,0.050664891104563736,0.2306519923613408,0.06041774415236856,0.5832607330866214,0.06553103117965393,0.009473608115451781
w001545,790_T1_P1_R2,790,1,2,3,training,1742.5148458904112,9,5,3.624969317094099,9.618910201639336,0.6973069618843255,0.042551296842613606,0.26647821934146615,469.74603217746767,212.68859181977447,246.03278260197396,538.5696454076694,252.1168380236274,23.360955859898187,7.46365838107252,0.26957935726362847,0.1220584101888052,0.14119408117653837,0.30907607282534494,0.14468561838553387,0.013406460160149123
w001546,790_T1_P1_R2,790,1,2,3,training,1709.2713283566982,9,5,3.651590706092767,9.923456037928503,0.8317187858790103,0.18755381783396044,0.12950602133940628,437.8058038874172,299.05849654640156,343.7116425784851,260.6780483380056,343.92828620454793,24.089050801840614,7.44440730846333,0.25613593150733177,0.17496256538388077,0.20108664837251508,0.15250829052905415,0.20121339456106263,0.01409316964615556
w001547,790_T1_P1_R2,790,1,2,3,training,22516.181186457306,9,4,3.2236598339790885,6.042458786516761,0.5589857997194267,0.48739854546708455,0.3754277443100734,428.24146122803177,3910.0867150630074,11695.218873523305,3966.5360541431014,2188.739278428183,327.35880407167997,10.022033905079029,0.019019275856849295,0.17365674412918597,0.5194139617493205,0.17616380065944903,0.09720739322104198,0.014538824384153331
w001548,790_T1_P1_R2,790,1,2,3,training,27686.161991064644,9,4,3.2520162067161027,6.69102880842649,0.5829310865032171,0.26438428119852897,0.24397680233691213,432.72214454944924,6431.606978161453,12381.346200772197,6043.763312887533,2055.0603463955604,341.66300829845034,10.228724118715308,0.015629546077535226,0.23230402900326785,0.44720341536570213,0.21829545441647277,0.07422698556263613,0.01234056957438585
w001549,790_T1_P1_R2,790,1,2,3,training,25437.12555892465,9,3,2.367303570475193,3.358488713471162,0.6800013137502043,0.47957218369937776,0.5943987535603623,265.33875863622245,12664.514501259851,1530.653661652721,10447.91752502401,274.4702612760095,254.23085107584077,10.14400433387961,0.01043116125764957,0.497875220685715,0.060174002683872,0.4107349905091121,0.010790144532651853,0.009994480330999646
w001550,790_T1_P1_R2,790,1,2,4,training,15976.107647053737,9,4,3.227700552057619,6.145217937738221,0.4356825863550831,0.7002806996655387,0.8483604334441839,191.01671532698708,2407.0045162212373,2405.4205790586893,9437.094671001325,650.1546454752774,885.4165199702229,9.67891220463107,0.011956398864288686,0.15066276275780663,0.15056361863600046,0.5907004934798172,0.04069543469777364,0.05542129156431345
w001551,790_T1_P1_R2,790,1,2,4,training,218336.4266990815,9,4,2.8241886315208498,5.69561610020049,0.6747839440785556,0.31105350076403504,0.2766161301255918,1198.25556389329,100108.8722922378,3784.313294786526,108476.93860641838,1898.964802381115,2869.0821393643887,12.2937969740136,0.005488115666309614,0.4585074227225087,0.01733248707968548,0.4968339009959382,0.008697425487311521,0.013140648048246446
w001552,790_T1_P1_R2,790,1,2,4,training,267317.9666069214,9,4,2.71092754655901,5.304921993758004,0.7833108002824388,0.31041647958747837,0.1243612779001852,2087.726572216077,149784.5929489214,2129.0404657099134,108456.51284974725,2097.4289163508697,2762.664853975887,12.496197855864585,0.007809899943186316,0.5603237030796836,0.007964449575664206,0.40572100044898024,0.007846195087347201,0.010334751865138407
w001553,790_T1_P1_R2,790,1,2,5,training,126128.94436847279,9,4,3.0244899048871132,6.137175452727981,0.5796168138832225,0.03734141161674937,0.2398840559625734,4848.911411777399,71917.73429819448,3836.7535560470765,41508.388128115235,1285.7579695888649,2731.3990047497327,11.74506795901615,0.03844408146009532,0.5701921526282991,0.030419294914880077,0.32909486665370585,0.010193996120610149,0.021655608222409525
w001554,790_T1_P1_R2,790,1,2,5,training,183630.2081941429,9,4,2.884335617109959,5.566597054596907,0.48806327047695347,0.0025724062624622123,0.18075768645195384,4716.367765554281,47940.23504016247,5986.289862012473,121572.69591764714,1298.5458305602479,2116.0737782062765,12.12068472199462,0.025684051725127405,0.2610694368405752,0.03259970089280448,0.6620517240230676,0.007071526212001901,0.011523560306423326
w001555,790_T1_P1_R2,790,1,2,5,training,97062.77162894885,9,3,2.366370975996463,3.6231846724298813,0.3099390010075986,0.030713311105582137,0.10289419857189101,1071.2643860194785,6446.845524029718,5199.4822224804775,83041.15517159084,774.86504806477,529.1592767635516,11.483123480940563,0.011036820482673867,0.06641934302756872,0.05356824388198017,0.8555407369680337,0.007983133337948775,0.005451722301794754
w001561,790_T1_P1_R2,790,1,2,7,training,10620.921855713785,9,5,3.2261905661573085,7.105904888059078,0.6267456550956882,0.592623902340929,0.7493447256001501,995.2815685668049,760.8752395340531,5975.730081224906,287.63789910760227,1937.9129054381272,663.4841618422919,9.27067524412171,0.09370952748620111,0.07163928422321662,0.5626376092777781,0.02708219710258582,0.18246183634197247,0.06246954556824597
w001562,790_T1_P1_R2,790,1,2,7,training,1324.6308452935834,9,6,3.1277825319620662,5.512415320581623,0.8123822546906881,0.5386941413893221,0.3986532807535443,41.7115911130056,203.38681638531975,310.8638369120218,106.89878513116793,565.9898642724327,95.77995147963577,7.189643734771617,0.03148921925018354,0.15354226206339192,0.23467959999310128,0.08070081223835272,0.427281205388955,0.07230690106601562
w001563,790_T1_P1_R2,790,1,2,7,training,3190.9081820354822,9,5,3.0122094646167583,5.99811597301146,0.592969381919995,0.786493926706951,0.8114439152661919,319.17298562881916,268.3543946805807,1419.4768540917398,62.02737623560727,837.0495753748497,284.8269960238858,8.0683741931295,0.1000257504824907,0.08409969180291402,0.44485042286182447,0.01943878441404728,0.26232330346807264,0.08926204697065099
w001564,790_T1_P1_R2,790,1,2,7,training,16344.492557480258,9,5,2.724285930566149,4.929022737641385,0.45682731160706774,-0.09309155918272773,0.06275230958561119,508.70534834659236,582.7246563098478,12447.363137414035,161.58728321175468,2312.7981856180363,331.31394657999164,9.701707453759644,0.03112396096468453,0.03565266124111982,0.7615631438932221,0.009886344445597503,0.14150321140190772,0.020270678053468338
w001565,790_T1_P1_R2,790,1,2,8,training,31613.950667623798,9,5,3.429032918535224,8.497033795245722,0.6084051953922364,0.40628483258744635,0.49074627854824276,1227.9969031971334,6867.9791408466535,12881.695541017478,7569.297790886479,2794.5666552275093,272.4146364485441,10.361385410081052,0.03884351298285345,0.2172452033298144,0.40746870508056326,0.23942903784683517,0.0883966285836416,0.008616912176292063
w001566,790_T1_P1_R2,790,1,2,8,training,20403.060973419353,9,4,2.7390354650161197,4.278102988245094,0.2462252363045589,0.4008290048368342,0.017459907663242437,373.6834720803657,2691.2575344916486,3537.2761832210754,13514.350517873425,234.94930380516516,51.543961947672386,9.923489227345515,0.018315069124539306,0.13190459696208123,0.17336987758010228,0.6623687757184873,0.011515394876839892,0.0025262857379499425
w001567,790_T1_P1_R2,790,1,2,8,training,19439.039933808723,9,3,2.431620887470559,3.6840221863129763,0.637159361971363,0.39484554188939275,0.17125702320032496,504.3003182511406,4849.4525332125395,82.34096436903468,13677.557846672113,175.93794385211004,149.45032745178614,9.875090132220588,0.02594265560276218,0.24946975517953876,0.004235855507751996,0.7036128272407045,0.009050752735278642,0.007688153733963964
w001568,790_T1_P1_R2,790,1,2,8,training,8657.171139253436,9,4,2.419901428791223,3.615651357995721,0.36257994679736616,0.6614263678633822,0.6770181429776084,498.3162819204394,7247.461091199233,74.06136925684746,538.0135165479991,163.60859892206048,135.71028140685576,9.066258794410107,0.057561098643524385,0.8371627376450628,0.008554915695386639,0.06214657281158883,0.018898621303698692,0.015676053900738635
w001569,790_T1_P1_R2,790,1,2,8,training,3479.3504476736466,9,4,1.571269248874845,1.9683024019528994,0.3981871280241758,0.5963980419661004,0.8011083819784962,29.979469737347102,3259.3844162839987,11.503588897879226,146.15340154125505,22.46693242823661,9.862638784929894,8.154888271052775,0.008616398430744994,0.9367795700094766,0.003306246114291454,0.042005944425338275,0.006457220324919666,0.002834620695228968
w001570,790_T1_P1_R2,790,1,2,8,training,376.35873150608467,9,5,3.6359701401700124,10.232439799684641,0.7250295663248029,0.6298058468025935,0.5855815563064457,12.98504199799678,67.81515978038983,78.2754283183395,56.85378205592974,118.98149758969758,41.44782176373119,5.933196277474927,0.03450176895334458,0.18018755539166614,0.20798090163898322,0.15106274226299057,0.3161385338758216,0.11012849787719378
w001571,790_T1_P1_R2,790,1,2,8,training,17421.10733055167,9,5,2.239599459451487,3.09627975422046,0.46180830333658873,0.8648315125197275,0.8651838812643671,145.4505553463701,14751.938036077048,456.23031583042695,1142.724686733028,556.4205195979199,368.3432169668726,9.765495214993065,0.008349099318806858,0.8467853251903421,0.026188364905503376,0.06559426246855238,0.03193944615805888,0.02114350195873619
w001572,790_T1_P1_R2,790,1,2,8,training,41630.020053603665,9,5,2.7249949440003345,4.929238339823566,0.7118160867904058,0.42876368902129086,0.5958318060636433,468.9562888205935,21690.343205820416,964.2208103228766,16968.410817752985,859.5869626600378,678.5019682267576,10.636600842737826,0.011264858585625369,0.5210264894874297,0.023161670570451952,0.40760035176308135,0.02064824762402747,0.016298381969384223
w001573,790_T1_P1_R2,790,1,2,8,training,26072.02920134262,9,5,2.5855703039888493,3.739561835579612,0.7090490503588484,0.7367363506705588,0.8144236399490615,441.58425313238286,6985.555995107618,689.4029513584899,17039.26411351843,480.9770629394937,435.24482528620433,10.168656695088934,0.016937088008080428,0.2679329614569428,0.026442243756116538,0.6535457590175209,0.018448010288156822,0.016693937473182593
w001574,790_T1_P1_R2,790,1,2,8,training,1778.278556086785,9,5,2.9986258243616293,4.923477868023025,0.5591990691655836,0.8407440212032075,0.6952845767866719,108.13968890955304,214.40099826477658,118.11889024786008,1175.7290670848352,67.07352214302736,94.81638943673278,7.483963255558407,0.060811445169490934,0.12056659938394555,0.06642316516923434,0.661161359147299,0.03771823143986334,0.0533191996901668
w001575,790_T1_P1_R2,790,1,2,8,training,363.472603205427,9,5,3.16115601771087,5.94787370926548,0.5531902005351046,0.511678121578016,0.6535169371678109,6.022949682693997,75.19571083983834,182.294720282667,54.31072022866131,24.653701775431838,20.994800396134494,5.898451385950132,0.016570574039358764,0.20688137201179732,0.5015363432485113,0.1494217714064299,0.06782822572599258,0.05776171356791004
w001576,790_T1_P1_R2,790,1,2,8,training,6721.220347482703,9,6,3.084248036025229,6.117875634519798,0.6936648792326332,0.8827983028300366,0.9597715520627176,184.63058741097495,1825.8096700171961,788.4589962320345,3277.107119618227,346.0164575086227,299.19751669564823,8.813173787795805,0.02746980129585018,0.2716485363704846,0.11730890455441412,0.48757620643185745,0.05148119532165259,0.04451535602574116
w001577,790_T1_P1_R2,790,1,2,8,training,34388.76761156151,9,5,2.619038464937648,4.303390555989239,0.6902532630685464,0.3781592604011382,0.14422034632699163,435.4941111409545,12750.107286354212,938.3456086342353,18916.386022972234,933.3245550480228,415.11002741185774,10.445514345961245,0.012663847569650657,0.37076371652433465,0.02728639825751602,0.5500745544778564,0.027140389722318487,0.01207109344832403
w001578,790_T1_P1_R2,790,1,2,8,training,56253.708969445084,9,3,2.3706623920063254,3.872879830954901,0.6680792574816357,0.4285937850778154,0.5113708900053051,284.2819487534524,19143.11925136409,395.67357290192217,35546.45680834849,723.7498849601676,160.42750311695076,10.937645031575117,0.005053568092867685,0.3402996816043173,0.007033733066682542,0.6318953444946359,0.012865816285167642,0.002851856456328755
w001586,790_T1_P1_R2,790,1,2,10,training,300612.50737448863,9,3,2.546586714266468,5.2649652001664515,0.7564850009793209,0.16488746996502013,0.21808746568302517,686.5559102111729,166224.10285864072,38.00765751675425,133391.68553410863,50.93965258569074,221.21576142569657,12.613580690003682,0.0022838567703235796,0.5529513868548613,0.00012643405242419316,0.4437329860262124,0.00016945287150754696,0.000735883424671072
w001587,790_T1_P1_R2,790,1,2,10,training,318217.9457021936,9,3,2.441765201038612,4.82306402777386,0.7551238611085962,0.1936105229548635,0.08667034800871036,791.1379674744603,195342.36198760528,32.44361577206374,121778.23766488711,38.73184386932238,235.03262258541454,12.670494933346541,0.0024861513254027857,0.6138634373889703,0.00010195407333320639,0.3826881522855851,0.00012171483221618757,0.0007385900944925696
w001588,790_T1_P1_R2,790,1,2,10,training,236352.5325032782,9,3,2.496942213369625,5.095472276821811,0.7399296888265398,0.2034232166886499,0.16137674916084652,380.83936972645813,126386.2031117988,19.303134543461923,109437.20423539728,20.9803736734994,108.00227813864964,12.37308398217814,0.001611319183648586,0.534735980076904,8.167094441094761e-05,0.46302530832361355,8.876728948613404e-05,0.00045695418193647514
w001589,790_T1_P1_R2,790,1,2,10,training,203727.85255009035,9,4,2.5182389994224113,4.830630151602135,0.6728289635465217,0.2892919974151856,0.4222662732380816,803.3071079869089,87801.85865764713,93.74974051750186,114641.2685400577,45.048653890563344,342.6198499905247,12.224545234551233,0.0039430401780208265,0.43097621438904327,0.0004601714460935169,0.5627176996423254,0.00022112172354777696,0.0016817526209691191
w001590,790_T1_P1_R2,790,1,2,10,training,470317.98298057076,9,3,2.449165159244436,4.514204286594444,0.4149122770093509,0.5119223118463287,0.5471488667081265,792.4328536718162,287838.1208590461,5902.333039397556,174784.23453024062,447.45130055780817,553.4103976568134,13.061166430674945,0.0016848874215905803,0.6120074742516001,0.012549664807610357,0.3716299202989674,0.000951380378275463,0.0011766728419561098
w001591,790_T1_P1_R2,790,1,2,10,training,422042.12879182247,9,3,2.3979030895958724,4.366797110243973,0.4449116194137651,0.6080095817489348,0.7205317013722993,349.2393341189855,264969.91724757536,5834.893626779431,150180.69677341593,431.20126348021586,276.18054645262146,12.95286278872448,0.0008274987502284449,0.6278281222922062,0.01382538194346367,0.355842904127456,0.0010217019441035736,0.0006543909425422573
w001592,790_T1_P1_R2,790,1,2,10,training,133777.74189110033,9,3,2.230879063780381,4.0061069449542055,0.733666134507771,0.13506690589721687,0.4627382942042892,662.2869281945345,52970.914361439056,39.867995717704375,80017.54684011807,34.79772966932624,52.32803596166815,11.803942534315876,0.004950651123515441,0.39596209064852655,0.00029801665922989107,0.5981379690595697,0.00026011598923274384,0.00039115651992590044
w001593,790_T1_P1_R2,790,1,2,10,training,241735.56936202833,9,3,2.5081844145800747,5.147251897637605,0.7114352930140833,0.18441786771864396,0.5518962645993649,772.4615792762479,144956.76267413082,101.01650490880806,95780.42928882134,55.20443789331135,69.69487699779327,12.395603855875784,0.003195481663351714,0.5996501179230289,0.00041788018691417145,0.39621984278771377,0.00022836704602058794,0.00028831039297082814
w001594,790_T1_P1_R2,790,1,2,10,training,278375.79610272776,9,3,2.3955450018854036,4.49138985283811,0.5824663404251229,0.14771007728813573,0.31922985163067147,360.8656402279007,202007.48108411842,136.36265650201767,75697.42495533182,63.07065498234165,110.59111156522343,12.536730856636664,0.0012963254897876686,0.7256646731225602,0.0004898509799023489,0.27192531109061485,0.0002265665904339865,0.0003972727267007527
w001595,790_T1_P1_R2,790,1,2,10,training,234679.5223471627,9,3,2.548805236471332,5.302018737150875,0.7418771849674295,0.249052035146525,0.2508033333692414,370.23644478953844,136377.52883669798,167.1763135502776,97374.31877187076,112.3745234724517,277.8874567817059,12.36598038882206,0.0015776256960411128,0.5811224067302896,0.0007123600383972691,0.41492465042529103,0.0004788424756814335,0.0011841146342995597
w001596,790_T1_P1_R2,790,1,2,11,training,203865.12638027308,9,4,2.9550066749222577,5.939464962575033,0.829752801687192,0.08515103497093071,0.5511784466388844,7674.163656215864,104356.96128834497,2258.5901165806363,81692.49697681378,2336.4107382653438,5546.5036040524765,12.225218814170555,0.037643337006551654,0.5118921668519517,0.011078844904388648,0.4007183495642672,0.011460570916416559,0.02720673075642417
w001597,790_T1_P1_R2,790,1,2,11,training,164721.016990006,9,4,3.035305745891795,6.003905692537014,0.850061797583872,0.07687221112070561,0.4571271113348073,9437.801298094188,71152.82958988192,3251.8515894423426,71201.68094426068,3415.9642107315954,6260.889357595305,12.012014586587885,0.0572956716183145,0.43195963022859996,0.019741570619610974,0.4322562004858229,0.020737877127961452,0.03800904991969038
w001598,790_T1_P1_R2,790,1,2,11,training,212879.02785318176,9,4,3.032369866483867,5.885410738813893,0.7758722385071987,0.06628503903938131,0.24838489210341724,11864.33330185629,109824.2375587158,4520.852289870598,75004.73206939414,3773.939514771854,7890.933118573032,12.268484036491387,0.05573274841352091,0.5158997514516052,0.021236719913003996,0.35233499901701615,0.01772809446205599,0.037067686742797624
w001599,790_T1_P1_R2,790,1,2,11,training,220643.6916090751,9,5,3.0864922477357806,5.9832894287610685,0.7207364069386354,0.009031992981919323,0.428117086703754,11964.219148358836,121107.05433387333,7478.577680776806,67047.05074411373,5355.1598972815045,7691.629804670875,12.304308956439002,0.054224161412039874,0.5488806566400477,0.033894364376512325,0.30387023646660233,0.02427062318540924,0.03485995791938843
w001600,790_T1_P1_R2,790,1,2,11,training,195080.742735417,9,5,3.138624931346512,6.798729876336105,0.7555823205790743,-0.02283883033716265,0.6208853359980843,10891.25391700929,94922.83561682644,6148.992821524497,72199.07408405503,4612.197977260738,6306.388318741015,12.181173943223788,0.05582946714418049,0.48658229554501875,0.03152024508059321,0.3700984170537877,0.023642507776977986,0.03232706739944192
w001601,790_T1_P1_R2,790,1,2,11,training,269723.13553377637,9,4,2.911728652295415,5.959251650871939,0.7776742023576031,-0.05207259794326592,0.6569672208295915,9075.21224924767,115897.11998376167,2337.1714399508564,135025.93186574918,2000.9366800986286,5386.763314968363,12.505154995423307,0.03364639904281113,0.4296892061350382,0.008665075894678607,0.500609380795369,0.007418483683792335,0.019971454448310756
w001602,790_T1_P1_R2,790,1,2,11,training,373430.8990344396,9,4,2.8065910923212667,5.729753445920432,0.8643600123705071,0.2673617202862225,0.22479116568382992,5518.113401669059,189358.9266286872,2057.04283527911,170395.69371199215,1866.2495827171986,4234.872874094846,12.83049093502809,0.01477679917740324,0.5070788922885131,0.005508496593607803,0.4562977893703366,0.004997576760634058,0.011340445809505138
w001603,790_T1_P1_R2,790,1,2,11,training,308774.358232469,9,4,2.874413349505499,5.672228641004815,0.7980760996653171,0.18802058033527086,0.06453603970595617,7206.278310113954,152361.87709054316,3194.3291123975846,138098.86470370568,2197.903299006454,5715.105716702098,12.640369295478708,0.023338331431940067,0.49344083479831397,0.010345189058712734,0.44724848751765284,0.007118153565561632,0.0185090036278185
w001604,790_T1_P1_R2,790,1,2,11,training,170705.2707393427,9,4,3.0574524990359313,6.160221057460341,0.7673075759883471,0.1303856488239474,0.23006877455765704,7283.036167700022,69911.94501236052,3027.7569184944277,82643.94368802568,2124.3303083422356,5714.258644419788,12.047699643546249,0.0426643895420242,0.40954766487036076,0.017736751216766128,0.4841323488729198,0.012444433022727037,0.033474412475202
w001605,790_T1_P1_R2,790,1,2,11,training,111331.46864894195,9,4,2.8550126422643625,4.943423450471595,0.7833845707655177,0.10181342422404173,0.054255404318454284,3728.681745129637,64965.9950744069,2380.4947663318767,34795.953932319004,2214.802723247332,3245.5404075072083,11.620276216634297,0.033491714340777926,0.5835366753245854,0.02138204763864399,0.3125437430636975,0.019893770828005513,0.029152048804289735
w001615,790_T1_P1_R2,790,1,2,13,training,454838.38110681507,9,5,2.7912363743918265,4.8286683125451,0.6907035113574811,0.1547741236663951,0.17810880638894228,5551.903169340072,309486.19303755695,11218.797238797877,108282.06713791193,9730.714821973812,10568.705701234432,13.02769962705445,0.012206320750306806,0.6804311287109182,0.02466545855584521,0.2380671280959528,0.021393785630612016,0.023236178256365
w001616,790_T1_P1_R2,790,1,2,13,training,409014.1664310155,9,4,3.0669641665558993,6.086996532882787,0.7903496777151007,0.10479816420409445,0.26089724489304617,5625.186409746575,223710.44199374484,9892.002361728912,144907.90216217897,13324.535450400397,11554.098053215814,12.921507516075852,0.013753035643804092,0.5469503512452935,0.024184987155933393,0.35428577798813043,0.032577197916316476,0.028248650050522232
w001617,790_T1_P1_R2,790,1,2,13,training,316510.266717531,9,4,3.261242809228719,7.359891642324391,0.8065758823156354,-0.006367182329464338,0.48931924567137447,6184.856969871575,131372.26614000634,9877.333593292176,140941.46667949454,14184.79188338943,13949.551451477,12.66511411777648,0.019540778357724612,0.41506478605715896,0.031206992732741853,0.44529824621858943,0.044816214116835014,0.044072982516950236
w001618,790_T1_P1_R2,790,1,2,13,training,315761.0487893591,9,4,3.2254625454240498,6.942087575211287,0.8077535797482546,0.053933411595831995,0.42501328344236555,10129.552699434242,137790.53214071784,12324.1552602482,130740.14383135652,10539.408674512983,14237.25618308935,12.662744198754236,0.03207980445425858,0.43637596425845565,0.03903000483276681,0.4140477247989251,0.03337779854393539,0.04508870311165857
w001619,790_T1_P1_R2,790,1,2,13,training,354332.2482538007,9,4,3.149933400938214,6.560574884873308,0.7703211615561079,0.26057894721179586,0.1294708879001347,11292.237648560487,172790.0843764534,13473.271820904287,135799.96891871767,10941.70264855182,10034.982840613056,12.777993128544377,0.031869065557002585,0.48764989703304545,0.03802440192023862,0.38325602478453225,0.030879782188818757,0.02832082851636245
w001620,790_T1_P1_R2,790,1,2,13,training,451271.6808227881,9,4,3.2256565403845485,7.023461957178372,0.6976415119411926,0.3391196862430881,0.4858535851081291,11433.309097726193,229954.62246956758,30631.12851724778,151242.00360599306,18784.13769831972,9226.479433933757,13.01982704957729,0.025335755784365272,0.5095702483486206,0.06787735596747196,0.3351462323765558,0.04162489803054171,0.020445509492444627
w001621,790_T1_P1_R2,790,1,2,13,training,435143.59506985574,9,3,3.318197851600412,7.469618628628848,0.7371010633496112,0.15138731005512127,0.17586182631189318,10172.01388140484,220609.42911469683,39474.05464502066,132221.03068909116,22737.716616330414,9929.350123311895,12.983433657296802,0.023376223381552652,0.506980756729928,0.09071500785547285,0.3038560883973601,0.052253363887109994,0.02281855974857653
w001622,790_T1_P1_R2,790,1,2,13,training,349329.9018904485,9,4,3.329736373543463,7.421918206149801,0.797491008198394,0.017907584310187484,0.538958596910208,7807.963202079864,132936.81976553146,28932.49564317504,148470.2074301384,19020.19433207688,12162.221517446904,12.763774894933526,0.02235125925329025,0.3805480694498951,0.08282284306783565,0.4250143106177591,0.05444765600982449,0.034815861601395444
w001623,790_T1_P1_R2,790,1,2,13,training,288815.9315769424,9,6,3.4143083719013094,7.899860567616753,0.7662547279417374,-0.01764513309453933,0.2346001477425136,10658.278838650383,108463.95155110546,24712.815332778897,109913.71885720002,20866.125715148024,14201.041282059668,12.573548311626276,0.036903361876389255,0.3755469823250037,0.08556596998595711,0.380566675311394,0.07224714232770486,0.0491698681735513
w001624,790_T1_P1_R2,790,1,2,13,training,168995.2407181519,9,5,3.491876980831994,7.961035729919731,0.5603234716123406,0.09792031544828418,0.5129821845063723,8268.111321786668,89193.02443504568,25029.718411581387,12850.38818796692,20547.695850801527,13106.302510969706,12.037631749386513,0.04892511343308252,0.5277842385147441,0.14810901363385512,0.07603994132236323,0.12158742319300406,0.07755426990295088
w001625,790_T1_P1_R2,790,1,2,13,training,187694.52566419664,9,5,3.3783595365242256,7.238926855576147,0.6130837545340256,0.058509738547231675,0.33278343477015293,5069.488371604428,100463.68647307977,18331.542236492493,28398.619245541966,23507.984920362425,11923.204417115605,12.14257638459307,0.02700925002295605,0.535251020867912,0.09766689876341607,0.1513023309819371,0.12524598060158904,0.06352451876218997
w001626,790_T1_P1_R2,790,1,2,13,training,269561.54507921013,9,5,3.1909755530893666,6.70964456122566,0.5378193928075575,0.0191046959850489,0.3190693394783602,5181.088045113524,151730.30609938703,9301.209423351951,51121.776980454946,45023.32120230074,7203.843328601933,12.504555720621198,0.01922042717031864,0.5628781585103372,0.03450495663474109,0.18964788529251422,0.16702427339578696,0.02672429899630193
w001627,790_T1_P1_R2,790,1,2,13,training,249196.85980884568,9,4,3.2156763096230025,6.864727301278615,0.5433690026275663,0.19204139869654063,0.11948277667477689,5039.179391901601,147563.6184141345,8722.670542671374,50276.89437162957,32003.744297980018,5590.752790528657,12.426002477611549,0.020221680946409446,0.5921568134017733,0.03500313185873359,0.20175573002884567,0.12842755852754123,0.022435085236696885
w001628,790_T1_P1_R2,790,1,2,13,training,191884.69922185258,9,4,3.251362339936926,6.355402639767096,0.5426864278010607,0.06908834438733377,0.08536931186059367,4959.842040916923,118267.21186573712,14111.13269280978,30587.609058850645,17991.375257705655,5967.52830583248,12.16465515718581,0.025848033016861182,0.6163451924272468,0.07353964516209195,0.15940619123302777,0.0937613855125804,0.031099552648191944
w001629,790_T1_P1_R2,790,1,2,14,training,34267.944716329825,9,4,3.235368639443819,6.471369044227941,0.5436062630704288,0.18918411927641512,0.6258318398361629,708.3588077404654,18273.555152604597,5713.726575322075,2335.1326531480804,6471.459291027269,765.712236487339,10.441994821173928,0.020671178665784083,0.5332550669108741,0.16673677463356282,0.06814335299295937,0.18884877236140168,0.022344854435417935
w001630,790_T1_P1_R2,790,1,2,14,training,67306.17517454048,9,5,3.134796215109931,6.032987209081149,0.5330765481651353,0.414472093851867,0.6524745644099942,2386.0973781124203,37737.53665489946,8280.954854542817,15329.319704563994,1456.9625171422258,2115.3040652795667,11.117022124727587,0.035451388701329675,0.5606846111376452,0.12303410248864069,0.22775502641193804,0.021646788179004155,0.03142808308144229
w001631,790_T1_P1_R2,790,1,2,14,training,101292.28155388894,9,5,3.398839431840448,8.073820391825668,0.6320830135847108,-0.10214899567229871,0.34695449198317574,4930.287279055033,49875.55361587057,10094.623849339989,28818.25331106261,2407.5179168077716,5166.045581752964,11.525775365765776,0.04867386935530769,0.49239243949042716,0.09965837173851697,0.28450591564304817,0.023768029309587005,0.051001374463113
w001632,790_T1_P1_R2,790,1,2,14,training,114465.42245877,9,5,3.361475173300193,7.655933591642606,0.6392494444730359,-0.12478429625228922,0.7735074555941811,5962.892698781852,57719.69884719359,9985.973925528777,31716.19922354594,2729.9529794066366,6350.7047843132,11.64803680533398,0.05209339703376068,0.5042544517579883,0.08724009147064203,0.27708104807781575,0.023849586370853215,0.055481425288939984
w001633,790_T1_P1_R2,790,1,2,14,training,170363.83057065474,9,5,3.062460129832787,5.62673480692452,0.5395930712915245,-0.11055652037918626,0.6691495349968718,6133.010869201623,110369.52074725798,14310.581323952776,29294.70094746675,4768.262231946583,5487.754450829044,12.045697478710608,0.03599948914425288,0.6478459681116678,0.08400011478972803,0.17195375831442933,0.027988700512160933,0.032211969127761045
w001634,790_T1_P1_R2,790,1,2,14,training,208553.20283764746,9,5,2.921047062700863,4.946615782328714,0.47876259164305557,-0.04106115569322144,0.1925484831925868,3727.680691841367,140576.5229887454,22609.93934202226,30011.939115172798,7318.22201925321,4308.898680612414,12.247954252083968,0.01787400356897543,0.6740559294991029,0.10841329231286576,0.14390543375416875,0.03509043217595767,0.020660908688929436
w001635,790_T1_P1_R2,790,1,2,14,training,147100.11592699093,9,5,2.9330686588005155,4.895394485699941,0.5149594178468226,0.13297980098768256,0.09797990376113094,1415.3044164129929,92396.61802324824,18334.805952263796,25392.252077675665,6542.639063029742,3018.4963943604776,11.898875492740162,0.009621368463879662,0.6281206336309534,0.12464168254880077,0.17261884477561124,0.04447745687893951,0.02052001370181533
w001636,790_T1_P1_R2,790,1,2,14,training,234978.93978095017,9,3,3.026082947726512,6.332066354088093,0.5712802157055806,0.20249339317620574,0.24946234182984775,2022.6112343222767,136427.89739954137,11969.576678675834,76702.7806354033,4571.863946573807,3284.2098864335703,12.367255426848445,0.008607627714244417,0.5805962761033856,0.05093893388843272,0.3264240646710996,0.01945648384844934,0.01397661377438823
w001637,790_T1_P1_R2,790,1,2,14,training,246746.38854666657,9,4,3.085605399571108,6.569647390907599,0.5364322511939974,0.14958627294718596,0.08414387105590151,4130.091887305772,137226.01156993984,12079.109004327825,85956.05225785697,2680.668929414045,4674.45489782217,12.416120373842222,0.016738206024541905,0.5561419252301908,0.04895353920060853,0.3483578939660967,0.010864065509542631,0.018944370069019677
w001638,790_T1_P1_R2,790,1,2,14,training,170458.00292160356,9,4,3.4133747914376786,8.732912235901976,0.5403420811085863,0.05956705066005665,0.43897042331313946,8495.82631581838,72978.19148563927,24181.988748882017,55938.058022720026,1268.3767790379002,7595.5615695059505,12.046250094719767,0.049841170084139436,0.4281300392754404,0.1418647897687955,0.3281632839993254,0.00744099283869498,0.044559724033604184
w001639,790_T1_P1_R2,790,1,2,14,training,217449.75683016193,9,5,3.397980281145539,8.44008517483172,0.593500816665725,0.03648772402498723,0.4834488656979482,11789.082637992131,89278.15522255811,34218.530248391464,70034.39874924783,3168.364648030946,8961.22532394141,12.289727698498742,0.05421520267415123,0.41056911961639203,0.15736292717548395,0.3220716351683385,0.014570559628197614,0.04121055573743654
w001640,790_T1_P1_R2,790,1,2,14,training,268409.19480717793,9,4,3.2610513659894957,7.385764645371105,0.7130437224854598,0.07113288680445272,0.32970134266540124,9129.754462278182,122497.63570043365,20989.49408647953,100790.92454848903,8903.13907004823,6098.246939449338,12.500271666991605,0.034014313365221684,0.45638390215519453,0.07819960900206173,0.37551218996389474,0.033170022645625616,0.022719962868001778
w001641,790_T1_P1_R2,790,1,2,14,training,247800.84541953568,9,5,3.169986596222664,7.0256138685336635,0.7789074304526994,0.16361709430422564,0.05556826737956036,4742.618403749435,100632.57605878741,13847.561524559074,112809.55608589949,12178.850884215213,3589.6824623250714,12.42038469536307,0.019138830602938472,0.4061026341068888,0.055881817114524605,0.45524282168976815,0.04914773742436586,0.01448615906151414
w001642,790_T1_P1_R2,790,1,2,14,training,150176.99983329634,9,5,3.402637621178704,8.441392186882206,0.7899296266906168,0.21140170185585028,0.04550097954034103,3790.821837090743,56573.85366475431,13246.557354663804,59348.12203670089,12963.609356495614,4254.03558359099,11.919576535102648,0.025242359624301568,0.3767145017383087,0.08820629902959919,0.39518782571618916,0.08632220227388908,0.028326811617712257
w001643,790_T1_P1_R2,790,1,2,14,training,156772.66797446416,9,4,3.334300108675538,7.184877851639156,0.6170742577426862,0.1052628912165984,0.17828386910817515,3080.161371564729,85816.90373119593,19081.5788503672,35063.92370460955,10006.034082620274,3724.06623410649,11.962558438959654,0.01964731104829089,0.5473970995070019,0.12171495897151725,0.22366094905217102,0.06382511831877545,0.023754563102243578
w001644,790_T1_P1_R2,790,1,2,14,training,206569.35019897603,9,3,3.120160017742798,6.264064284251726,0.5002126482180386,0.003492270414678511,0.3381128389043975,1478.9041834556383,119558.92175130227,25260.105391576508,52104.3588660873,6189.668644140307,1977.3913624139816,12.238396312295,0.007159359227451204,0.5787834528023554,0.1222838982029277,0.2522366402174294,0.02996411925669595,0.009572530293140185
w001645,790_T1_P1_R2,790,1,2,15,training,234251.9290969748,9,3,3.037666902039683,6.695268317982961,0.687357406608041,0.39096236851865507,0.5259188974532183,997.9933130229156,107885.79295764383,3371.818805609444,96649.01269154847,24267.108358787304,1080.2029703628446,12.364156704171798,0.004260341918506762,0.4605545549764999,0.014393985221840329,0.4125857706449796,0.10359405983265688,0.004611287405516588
w001646,790_T1_P1_R2,790,1,2,15,training,259095.34233096798,9,3,3.108359503510627,6.647336350739398,0.634565067990984,0.07838155418122685,0.4558568378484126,2882.677278643144,132498.99601997744,5195.001992617819,90206.57337712744,25061.90995261674,3250.183709985392,12.464955249626815,0.011125932456789658,0.5113908834791921,0.020050541803957756,0.3481597645313813,0.0967285236667925,0.012544354061886656
w001647,790_T1_P1_R2,790,1,2,15,training,154031.63522395116,9,5,3.0951725646019765,5.701358414913247,0.6247166677838549,0.03369389015260789,0.19597376970577474,6960.283304212144,90985.42110935091,4060.0636711628417,35879.972421965846,9446.168019886194,6699.726697373222,11.944919775983166,0.045187362284977245,0.5906930805289738,0.0263586351288149,0.232938982760255,0.061326155540400065,0.04349578375657891
w001648,790_T1_P1_R2,790,1,2,15,training,179180.86975859076,9,5,3.277176858084053,6.994196052733614,0.5825958348730733,-0.03666555223641998,0.09448211812137375,5803.178531787804,87008.70908599465,4565.391528941768,50289.69662685416,25371.214074652158,6142.679910360247,12.096156601182463,0.03238726622773061,0.4855915098705622,0.02547923522802792,0.2806644297162367,0.14159555151637912,0.03428200744106355
w001649,790_T1_P1_R2,790,1,2,15,training,149594.29115897932,9,4,3.3833704497047683,8.237330791810148,0.5954327216660743,0.0592259006220849,0.0924622902561538,2838.3936985188966,62085.12870651584,4781.660731283678,49353.71084266373,26845.49768243793,3689.899497559243,11.915688867817096,0.018973943968907423,0.41502338241327474,0.03196419257872636,0.3299170741095577,0.17945536206263538,0.024666044866898378
w001650,790_T1_P1_R2,790,1,2,15,training,120340.26371712114,9,4,3.368634608098111,7.666434935596445,0.6719943901380885,0.20634313456038936,0.09358512526852739,2796.1665358063806,50554.21621028444,4720.721312569262,44811.99423625703,13541.892346093142,3915.273076110885,11.69808684994175,0.023235502810424392,0.42009394568986597,0.039228111745426,0.3723773976563216,0.11253002052517938,0.03253502157278261
w001651,790_T1_P1_R2,790,1,2,15,training,173519.3857646027,9,4,3.09692563656896,6.1321382803341,0.7118395986097783,0.18390658875730273,0.29064436029236385,1731.9304928187487,94441.42131437105,5794.744932236294,52548.94680424231,15983.824093261584,3018.518127672691,12.064050368669117,0.00998119308218561,0.5442701453686033,0.033395374855103944,0.3028419364942341,0.09211549489314885,0.017395855306724224
w001652,790_T1_P1_R2,790,1,2,15,training,177536.05140889078,9,4,3.079714198391685,6.303251136273567,0.7207815479935181,0.031113119906532403,0.5570231457531624,1981.7115746029374,94624.95179748216,6925.148765574086,54490.2313173954,17015.05594398917,2498.9520098470252,12.086934606446155,0.011162305114237185,0.5329900662234931,0.03900700004656791,0.3069248802424734,0.09584000437635663,0.014075743996871842
w001653,790_T1_P1_R2,790,1,2,15,training,212784.79223769435,9,5,3.0927943917085807,5.9399824813293725,0.7214710748443388,0.020675133355598754,0.21511049106147836,4579.231898823884,72851.84863863947,8307.96258600868,107001.47511354269,14957.721638728804,5086.55236195082,12.268041268420383,0.021520484855461788,0.34237338050578,0.03904396784488315,0.5028624178837703,0.07029506893528398,0.02390467997482082
w001654,790_T1_P1_R2,790,1,2,15,training,188827.5016842475,9,4,3.2900909967878604,6.7287105782868135,0.7251502009370709,0.08568084030888505,0.33533810517806156,3557.413302688795,45390.426254704136,10190.100043619133,90075.60472413704,33585.621445061544,6028.335914036833,12.148594483610507,0.018839487209005235,0.24038037812206425,0.0539651266511949,0.47702587769634935,0.17786403540530107,0.03192509491608517
w001655,790_T1_P1_R2,790,1,2,15,training,75526.68223868831,9,5,3.4496898006936343,7.523470806308359,0.6795573895219492,0.121910042068633,0.23572811610130415,1184.8241476267337,19102.866296668228,7763.9334734721,10487.278170879948,31734.328489754826,5253.45166028648,11.232254520204693,0.015687490996656162,0.2529287098339247,0.10279722666667129,0.13885527418954824,0.4201737392550127,0.06955755905818692
w001656,790_T1_P1_R2,790,1,2,15,training,52431.22797379371,9,4,3.253447467443021,6.173010645366549,0.5353462798870646,0.07775765805972677,0.1534669692263418,1436.73770920498,30131.559239767947,6482.124145058853,7580.3164843021605,2699.2093375917398,4101.281057868026,10.8672767189188,0.027402328053866932,0.5746872694804777,0.12363098091654008,0.14457636750546773,0.05148094831844992,0.07822210572519754
