fold,objective,seed,participant,timepoint,repetition,recording_id,n_windows,n_exercises,e0,e1,e2,e3,e4,e5,e6,e7,e8,e9,e10,e11,e12,e13,e14,e15,e16,e17,e18,e19,e20,e21,e22,e23,e24,e25,e26,e27,e28,e29,e30,e31,ex11_e0,ex11_e1,ex11_e2,ex11_e3,ex11_e4,ex11_e5,ex11_e6,ex11_e7,ex11_e8,ex11_e9,ex11_e10,ex11_e11,ex11_e12,ex11_e13,ex11_e14,ex11_e15,ex11_e16,ex11_e17,ex11_e18,ex11_e19,ex11_e20,ex11_e21,ex11_e22,ex11_e23,ex11_e24,ex11_e25,ex11_e26,ex11_e27,ex11_e28,ex11_e29,ex11_e30,ex11_e31
A,masked_6d,0,252,1,1,252_T1_P1_R1,23,5,1.2583335638046265,0.2904052138328552,-0.31499260663986206,-0.26021477580070496,-0.11499436944723129,0.5389949083328247,0.8329430818557739,-0.5243582129478455,0.5803313255310059,-0.47073835134506226,1.8254741430282593,-0.12737572193145752,-0.14064522087574005,-0.7246361970901489,1.0046743154525757,0.5514357686042786,-0.4899112582206726,0.22843721508979797,-1.018984079360962,0.6078693866729736,0.15689975023269653,0.4520532190799713,-0.8365272283554077,0.09938289225101471,-0.3234046399593353,-0.33508190512657166,-0.20915286242961884,0.22558733820915222,-0.3009078800678253,-0.9527007937431335,-0.35565608739852905,-0.16438785195350647,1.2022888660430908,0.27188563346862793,-0.3749944567680359,-0.27061399817466736,0.000996733084321022,0.47794613242149353,0.7857049107551575,-0.5218201875686646,0.49754104018211365,-0.3909519910812378,1.8101303577423096,-0.07679285109043121,-0.0890568345785141,-0.7553709745407104,1.0118592977523804,0.5235201716423035,-0.45393839478492737,0.2789527475833893,-0.9349400401115417,0.6120127439498901,0.14946046471595764,0.42911019921302795,-0.7774089574813843,0.04944593086838722,-0.3428307771682739,-0.3082871735095978,-0.2115207463502884,0.2415582835674286,-0.3143285810947418,-0.8797498941421509,-0.32750993967056274,-0.18515552580356598
A,masked_6d,0,252,1,2,252_T1_P1_R2,25,5,1.251164197921753,0.2845586836338043,-0.3032316267490387,-0.2744312882423401,-0.11932487785816193,0.5432192087173462,0.8423295021057129,-0.5334092378616333,0.5658007860183716,-0.5447278618812561,1.844890832901001,-0.15799403190612793,-0.11425673961639404,-0.7253860235214233,0.9856170415878296,0.5890728235244751,-0.45436081290245056,0.1994723379611969,-1.0329906940460205,0.553691029548645,0.18080703914165497,0.4673367440700531,-0.8444103002548218,0.10692451894283295,-0.3242197036743164,-0.3996831774711609,-0.21404948830604553,0.21226148307323456,-0.332785427570343,-1.0053495168685913,-0.37950417399406433,-0.1714281141757965,1.17647385597229,0.2375604212284088,-0.31472015380859375,-0.2996930181980133,-0.028428375720977783,0.4777182936668396,0.8511562347412109,-0.5451310276985168,0.4925135672092438,-0.5715163946151733,1.8666397333145142,-0.16966214776039124,-0.03450920432806015,-0.7089818716049194,0.9597010612487793,0.6078563928604126,-0.39022117853164673,0.17843309044837952,-0.9800101518630981,0.4799169600009918,0.22070851922035217,0.47445979714393616,-0.8026288151741028,0.0661911889910698,-0.3261890411376953,-0.4645727574825287,-0.24439986050128937,0.22093093395233154,-0.36195439100265503,-1.0259690284729004,-0.3824765086174011,-0.2032395303249359
A,masked_6d,0,252,2,1,252_T2_P1_R1,25,5,1.3423807621002197,0.348568856716156,-0.3025687336921692,-0.26100221276283264,-0.19069619476795197,0.6123831272125244,0.8329812288284302,-0.5197575092315674,0.6320391297340393,-0.46001800894737244,1.7949737310409546,-0.07366134226322174,-0.2364112138748169,-0.7445986270904541,1.0326426029205322,0.5115044713020325,-0.5447902679443359,0.2728085517883301,-1.02707839012146,0.6432076692581177,0.13871364295482635,0.462200403213501,-0.8615888357162476,0.16117337346076965,-0.29822391271591187,-0.28139710426330566,-0.1802523136138916,0.21959400177001953,-0.30448561906814575,-0.9532150030136108,-0.3703593909740448,-0.11840273439884186,1.207552194595337,0.24750342965126038,-0.35924896597862244,-0.3216422200202942,-0.005784847307950258,0.45116710662841797,0.8590787053108215,-0.544693112373352,0.5143204927444458,-0.4127415716648102,1.8414665460586548,-0.05487395450472832,-0.09946060180664062,-0.7129961252212524,1.013071894645691,0.5214138627052307,-0.46549081802368164,0.2589479088783264,-0.9420191645622253,0.583813488483429,0.1625346839427948,0.43396395444869995,-0.7774789333343506,0.06530854851007462,-0.2829713821411133,-0.304425448179245,-0.22731859982013702,0.25702184438705444,-0.33323851227760315,-0.9070459604263306,-0.37196436524391174,-0.16245493292808533
A,masked_6d,0,252,2,2,252_T2_P1_R2,25,5,1.2607667446136475,0.2684921622276306,-0.2806238830089569,-0.25736910104751587,-0.1798005998134613,0.5632582902908325,0.8549883961677551,-0.5185717344284058,0.6337858438491821,-0.4795413017272949,1.8241256475448608,-0.16891346871852875,-0.15861406922340393,-0.6951713562011719,1.024399757385254,0.5924493670463562,-0.5383260846138,0.19398388266563416,-1.025124430656433,0.6302470564842224,0.22065258026123047,0.4920147955417633,-0.8980510830879211,0.12656362354755402,-0.2970849275588989,-0.37799763679504395,-0.25835591554641724,0.1738661229610443,-0.3034534752368927,-0.9543651342391968,-0.40139251947402954,-0.165584534406662,1.127310872077942,0.15284621715545654,-0.36057019233703613,-0.2978901267051697,-0.009157905355095863,0.40191560983657837,0.888752281665802,-0.5291954874992371,0.5221367478370667,-0.46294188499450684,1.8660259246826172,-0.18193578720092773,-0.009001998230814934,-0.6654082536697388,1.0002069473266602,0.6447140574455261,-0.48251673579216003,0.1609823852777481,-0.9523600935935974,0.5886205434799194,0.247547909617424,0.44742727279663086,-0.8247185945510864,0.022086430341005325,-0.2802618741989136,-0.42783528566360474,-0.3182947635650635,0.18560445308685303,-0.3210020661354065,-0.8993557691574097,-0.3938423991203308,-0.22496841847896576
A,masked_6d,0,252,3,1,252_T3_P1_R1,25,5,1.2515630722045898,0.3754206895828247,-0.17805016040802002,-0.1580638438463211,-0.2825930714607239,0.7278195023536682,0.7636388540267944,-0.49851885437965393,0.6786894202232361,-0.3376429080963135,1.7295992374420166,-0.07287381589412689,-0.28129124641418457,-0.6835455298423767,0.9585051536560059,0.541790783405304,-0.5876411199569702,0.23412363231182098,-1.01255202293396,0.7041597366333008,0.166672021150589,0.4890928268432617,-0.9747312664985657,0.19747193157672882,-0.27179694175720215,-0.2508133053779602,-0.23744192719459534,0.18994538486003876,-0.22230935096740723,-0.8853103518486023,-0.36661699414253235,-0.09881076961755753,1.287987232208252,0.41969671845436096,-0.18556615710258484,-0.167943075299263,-0.2707390785217285,0.7696226835250854,0.7522865533828735,-0.520102322101593,0.6580920219421387,-0.33134791254997253,1.7357820272445679,-0.021231060847640038,-0.31386321783065796,-0.7556009292602539,0.9667550921440125,0.5016797780990601,-0.5714759826660156,0.30537721514701843,-1.0286012887954712,0.682696521282196,0.11512155830860138,0.47548604011535645,-0.9507112503051758,0.24138543009757996,-0.3058238625526428,-0.20248989760875702,-0.1744314730167389,0.2216644287109375,-0.25862225890159607,-0.8664477467536926,-0.3659728467464447,-0.048877812922000885
A,masked_6d,0,252,3,2,252_T3_P1_R2,24,5,1.2422581911087036,0.3719201683998108,-0.18068312108516693,-0.18190422654151917,-0.2777538597583771,0.6952584981918335,0.7843635082244873,-0.5201393365859985,0.6541579365730286,-0.37776845693588257,1.7510898113250732,-0.0678236335515976,-0.26273590326309204,-0.6608113050460815,0.9560077786445618,0.5745823979377747,-0.5987027883529663,0.21184301376342773,-1.0145636796951294,0.653566300868988,0.20062550902366638,0.4892504811286926,-0.9777084589004517,0.19784684479236603,-0.2343711405992508,-0.2758714556694031,-0.2435213029384613,0.1951773464679718,-0.25105756521224976,-0.9103407859802246,-0.3860330283641815,-0.10134235769510269,1.204319715499878,0.37395352125167847,-0.1508057713508606,-0.20581825077533722,-0.23401756584644318,0.7007746696472168,0.7852953672409058,-0.5230498909950256,0.6053659319877625,-0.4012649953365326,1.7522637844085693,-0.05270394682884216,-0.24351806938648224,-0.6878837943077087,0.9041346311569214,0.5740293264389038,-0.5379161834716797,0.2241142988204956,-1.0079516172409058,0.5714741349220276,0.1889229118824005,0.47674447298049927,-0.9679168462753296,0.21084074676036835,-0.24555376172065735,-0.2980572283267975,-0.23734228312969208,0.21883997321128845,-0.295171856880188,-0.9217997789382935,-0.3914026618003845,-0.07319043576717377
A,masked_6d,0,651,1,1,651_T1_P1_R1,24,5,1.283454418182373,0.24058905243873596,-0.44116300344467163,-0.25021839141845703,-0.045297492295503616,0.5555960536003113,0.8898747563362122,-0.5089021921157837,0.5783239603042603,-0.510887622833252,1.8470733165740967,-0.17469631135463715,-0.16340422630310059,-0.75473952293396,1.0147058963775635,0.5851595401763916,-0.4758484959602356,0.21232819557189941,-1.0602482557296753,0.6559985280036926,0.1284361183643341,0.40495118498802185,-0.795219898223877,0.05287284776568413,-0.3335476219654083,-0.32991060614585876,-0.1614954024553299,0.2006564885377884,-0.2806556820869446,-0.9288412928581238,-0.35444098711013794,-0.2163502722978592,1.2833961248397827,0.2574389576911926,-0.460580438375473,-0.2946638762950897,0.04008280858397484,0.5391349196434021,0.8889962434768677,-0.5318849086761475,0.4953877329826355,-0.5268518328666687,1.8757858276367188,-0.11040306091308594,-0.14515967667102814,-0.8222161531448364,1.0056250095367432,0.5334749817848206,-0.3907794952392578,0.2766156792640686,-1.038341760635376,0.5758436918258667,0.07920517772436142,0.3935754895210266,-0.7170515060424805,0.05940486118197441,-0.38206398487091064,-0.31092068552970886,-0.11063148826360703,0.24866528809070587,-0.3270569443702698,-0.9241068959236145,-0.3509790003299713,-0.17405280470848083
A,masked_6d,0,651,1,2,651_T1_P1_R2,24,5,1.335902452468872,0.2872369587421417,-0.43740764260292053,-0.22514188289642334,-0.08273438364267349,0.6267049312591553,0.8272239565849304,-0.49045032262802124,0.6141903400421143,-0.4326047897338867,1.8022501468658447,-0.14088939130306244,-0.2305212914943695,-0.7887641191482544,1.0490760803222656,0.5352028608322144,-0.49516233801841736,0.2652825713157654,-1.0441263914108276,0.7265496850013733,0.1049986481666565,0.4309987425804138,-0.8151413202285767,0.08094091713428497,-0.3584616184234619,-0.2678831219673157,-0.13499516248703003,0.18461166322231293,-0.26482951641082764,-0.8837785720825195,-0.35015279054641724,-0.1919487565755844,1.321805477142334,0.3263262212276459,-0.4069891571998596,-0.23483304679393768,-0.06328532844781876,0.660115659236908,0.7712273001670837,-0.49936121702194214,0.5925782918930054,-0.30750250816345215,1.789529800415039,-0.06352145969867706,-0.24866065382957458,-0.8402741551399231,1.0759539604187012,0.4565673768520355,-0.4690918028354645,0.34238606691360474,-0.9891007542610168,0.7451139092445374,0.09724079072475433,0.4621099531650543,-0.8046859502792358,0.12050266563892365,-0.4119183421134949,-0.19896355271339417,-0.12245497852563858,0.20104952156543732,-0.2903401553630829,-0.8161888122558594,-0.3636951446533203,-0.13996681571006775
A,masked_6d,0,651,2,1,651_T2_P1_R1,25,5,1.1995313167572021,0.21517416834831238,-0.3749203085899353,-0.2342393398284912,-0.08878649771213531,0.5631703734397888,0.8505951166152954,-0.5186787843704224,0.5948361754417419,-0.40681180357933044,1.830991506576538,-0.18978267908096313,-0.12438533455133438,-0.7057158350944519,0.9738320112228394,0.629122257232666,-0.4954443871974945,0.162258118391037,-1.0295079946517944,0.6679595112800598,0.2085508555173874,0.45059093832969666,-0.8704652786254883,0.057752955704927444,-0.2968723475933075,-0.3718104362487793,-0.23226353526115417,0.1768227368593216,-0.29468879103660583,-0.9043220281600952,-0.39380890130996704,-0.24595649540424347,1.2030061483383179,0.2185405045747757,-0.3938484787940979,-0.25632017850875854,-0.05134851858019829,0.5498407483100891,0.8419249653816223,-0.5292947292327881,0.5584327578544617,-0.45059967041015625,1.846390724182129,-0.181616872549057,-0.11380807310342789,-0.7435556650161743,0.9835909605026245,0.6102531552314758,-0.4489106237888336,0.19208507239818573,-1.0144853591918945,0.6242992877960205,0.20432248711585999,0.45365554094314575,-0.8365706205368042,0.05189002677798271,-0.3311087191104889,-0.3867514729499817,-0.22626809775829315,0.18221059441566467,-0.32794827222824097,-0.926193118095398,-0.3965294659137726,-0.2440238893032074
A,masked_6d,0,651,2,2,651_T2_P1_R2,26,5,1.238088846206665,0.23081377148628235,-0.37592869997024536,-0.24457795917987823,-0.10934052616357803,0.5760376453399658,0.8623309135437012,-0.5187585353851318,0.5999963879585266,-0.4345589280128479,1.8351593017578125,-0.17960503697395325,-0.1385556310415268,-0.7056416273117065,0.9866847991943359,0.6322728991508484,-0.5101977586746216,0.16902971267700195,-1.0463603734970093,0.6643372178077698,0.2008182555437088,0.4516780972480774,-0.8823604583740234,0.074894018471241,-0.27684858441352844,-0.3643842935562134,-0.21100609004497528,0.17944934964179993,-0.30272945761680603,-0.9264563322067261,-0.39739325642585754,-0.23219940066337585,1.2405064105987549,0.25848156213760376,-0.39169755578041077,-0.29075345396995544,-0.030272265896201134,0.5509213805198669,0.8437987565994263,-0.5437952280044556,0.5178478360176086,-0.45882710814476013,1.8610204458236694,-0.11975368112325668,-0.11906695365905762,-0.7738863229751587,1.001591682434082,0.565129280090332,-0.4364529550075531,0.24522502720355988,-1.0143729448318481,0.5853942632675171,0.1693153828382492,0.44830697774887085,-0.8073498606681824,0.087692491710186,-0.3373604416847229,-0.34795305132865906,-0.16168561577796936,0.22674408555030823,-0.35987162590026855,-0.9332831501960754,-0.3908469080924988,-0.19196747243404388
A,masked_6d,0,651,3,1,651_T3_P1_R1,24,5,1.2984259128570557,0.2622877061367035,-0.4169742465019226,-0.24244801700115204,-0.1003185361623764,0.5639747977256775,0.8624190092086792,-0.5070550441741943,0.6060770153999329,-0.5196418762207031,1.8314968347549438,-0.1819651573896408,-0.16628682613372803,-0.7205208539962769,1.0199780464172363,0.6073316335678101,-0.508989691734314,0.19686636328697205,-1.0644580125808716,0.664730429649353,0.14035028219223022,0.4291315972805023,-0.8156660199165344,0.07279293239116669,-0.3047558069229126,-0.341865599155426,-0.17843540012836456,0.1751250922679901,-0.28468137979507446,-0.9461261034011841,-0.35318905115127563,-0.22008900344371796,1.3108694553375244,0.2604120373725891,-0.4382060170173645,-0.2730308175086975,-0.0667605996131897,0.5456489324569702,0.8744365572929382,-0.5192875862121582,0.5759990215301514,-0.552280068397522,1.8509395122528076,-0.16196535527706146,-0.1543138027191162,-0.7450984120368958,1.0273383855819702,0.5839293003082275,-0.47089800238609314,0.21905143558979034,-1.0550905466079712,0.6251584887504578,0.12224066257476807,0.4338766634464264,-0.76844322681427,0.06988757103681564,-0.3240484893321991,-0.34468430280685425,-0.1558159589767456,0.18764296174049377,-0.3103561997413635,-0.9587607383728027,-0.355642169713974,-0.21157900989055634
A,masked_6d,0,651,3,2,651_T3_P1_R2,24,5,1.3049099445343018,0.28662756085395813,-0.4064079821109772,-0.24467726051807404,-0.09856986999511719,0.5743091702461243,0.851462185382843,-0.5093449354171753,0.5933384299278259,-0.5135384798049927,1.8399699926376343,-0.1589052975177765,-0.17057614028453827,-0.7366312742233276,1.0360701084136963,0.5786396265029907,-0.503327488899231,0.2192535102367401,-1.0552878379821777,0.6576101779937744,0.1413702368736267,0.4341179430484772,-0.8126775622367859,0.08540725708007812,-0.32431596517562866,-0.3313775360584259,-0.16008563339710236,0.1913234442472458,-0.29422229528427124,-0.9561354517936707,-0.3515379726886749,-0.20109911262989044,1.3106443881988525,0.27754876017570496,-0.4175904393196106,-0.2446657121181488,-0.07121284306049347,0.5800632238388062,0.8407842516899109,-0.5072309970855713,0.5820347666740417,-0.5141231417655945,1.834817886352539,-0.16504108905792236,-0.1623218059539795,-0.7672372460365295,1.0267560482025146,0.584537148475647,-0.4620112478733063,0.23310339450836182,-1.0416529178619385,0.6443953514099121,0.12696798145771027,0.4434944987297058,-0.797050952911377,0.07542824745178223,-0.34267863631248474,-0.3488137125968933,-0.1549830287694931,0.18402354419231415,-0.3016495704650879,-0.9497491717338562,-0.34769579768180847,-0.20978757739067078
A,masked_6d,0,671,1,1,671_T1_P1_R1,26,5,1.3056833744049072,0.28119736909866333,-0.3608357310295105,-0.2155400961637497,-0.1622093915939331,0.5638755559921265,0.8645674586296082,-0.499107301235199,0.6529837846755981,-0.5274657607078552,1.809410810470581,-0.19738027453422546,-0.1707373857498169,-0.6889474391937256,1.0055179595947266,0.6183425188064575,-0.5353924036026001,0.16924545168876648,-1.0568578243255615,0.6765531897544861,0.16104161739349365,0.43295007944107056,-0.855816662311554,0.08880355954170227,-0.27920952439308167,-0.377597451210022,-0.2232585847377777,0.16598239541053772,-0.25655674934387207,-0.9572242498397827,-0.3479399085044861,-0.202676922082901,1.2838407754898071,0.2817114591598511,-0.3917332589626312,-0.24959571659564972,-0.06788043677806854,0.5178368091583252,0.8652768135070801,-0.5179609656333923,0.5675352215766907,-0.5449204444885254,1.835824966430664,-0.1420816034078598,-0.13779301941394806,-0.7167775630950928,0.9973223805427551,0.5802938342094421,-0.47156986594200134,0.21277283132076263,-1.0257151126861572,0.6105195879936218,0.12313870340585709,0.41070401668548584,-0.776623547077179,0.07396476715803146,-0.29954445362091064,-0.35935184359550476,-0.18888120353221893,0.21318919956684113,-0.2832779586315155,-0.9478759169578552,-0.33200231194496155,-0.1780107468366623
A,masked_6d,0,671,1,2,671_T1_P1_R2,24,5,1.264412522315979,0.2533263862133026,-0.3341970145702362,-0.20333802700042725,-0.17474204301834106,0.5609906911849976,0.8528879284858704,-0.4980471730232239,0.6715830564498901,-0.473021924495697,1.7947638034820557,-0.22733750939369202,-0.15615740418434143,-0.6611098647117615,0.9949636459350586,0.6357618570327759,-0.5438929796218872,0.1392618715763092,-1.0399065017700195,0.6989012360572815,0.20332510769367218,0.4584376811981201,-0.8862608671188354,0.08242447674274445,-0.28059935569763184,-0.3951919674873352,-0.2689857482910156,0.15005239844322205,-0.24494214355945587,-0.9400728940963745,-0.360172301530838,-0.23078827559947968,1.2060911655426025,0.24280790984630585,-0.3480326235294342,-0.2399613857269287,-0.0506133958697319,0.5011543035507202,0.8402624130249023,-0.5173941850662231,0.5680040717124939,-0.4344720244407654,1.8120698928833008,-0.1625421643257141,-0.10878834873437881,-0.6920579075813293,0.9759861826896667,0.5844587087631226,-0.4628326892852783,0.19557121396064758,-0.983034610748291,0.6300779581069946,0.1661120355129242,0.4393182694911957,-0.7997537851333618,0.06486506760120392,-0.31774482131004333,-0.36146703362464905,-0.2473127841949463,0.2079612761735916,-0.2691705524921417,-0.8975074887275696,-0.3381025493144989,-0.2016870677471161
A,masked_6d,0,671,2,1,671_T2_P1_R1,24,5,1.2206919193267822,0.18849888443946838,-0.4335349500179291,-0.2143215388059616,0.007658836431801319,0.5411017537117004,0.8098490834236145,-0.47481170296669006,0.5682935118675232,-0.4570493698120117,1.8186397552490234,-0.2606164813041687,-0.0906953290104866,-0.7351410388946533,0.9815481901168823,0.6656607389450073,-0.4405345916748047,0.16865074634552002,-1.052139401435852,0.6941502094268799,0.14387282729148865,0.42920762300491333,-0.8429844975471497,-0.0022130354773253202,-0.3386346101760864,-0.3996275067329407,-0.2131696492433548,0.16711470484733582,-0.2622726559638977,-0.8917919397354126,-0.3426799476146698,-0.27842193841934204,1.1943364143371582,0.15609434247016907,-0.47523030638694763,-0.2220577895641327,0.07319235801696777,0.5182137489318848,0.8285713195800781,-0.478762686252594,0.5445098876953125,-0.4778803884983063,1.842164397239685,-0.27205291390419006,-0.07444693893194199,-0.7681118249893188,0.9657322764396667,0.6676616072654724,-0.3864652216434479,0.16965749859809875,-1.0579887628555298,0.6668386459350586,0.12914617359638214,0.40367579460144043,-0.7941819429397583,-0.04446219280362129,-0.3617010712623596,-0.42029476165771484,-0.20592251420021057,0.17257459461688995,-0.27279120683670044,-0.8904379606246948,-0.3469812273979187,-0.3026454448699951
A,masked_6d,0,671,2,2,671_T2_P1_R2,27,5,1.2385774850845337,0.21239157021045685,-0.40351882576942444,-0.1749536693096161,-0.05288958549499512,0.6372196674346924,0.7771236896514893,-0.4492267668247223,0.6314467191696167,-0.3440392315387726,1.758437156677246,-0.25561854243278503,-0.16566796600818634,-0.74819016456604,0.9689583778381348,0.6541851758956909,-0.47347259521484375,0.17891132831573486,-1.0504399538040161,0.7753357887268066,0.14174321293830872,0.446195513010025,-0.9042695760726929,0.03355610370635986,-0.34384122490882874,-0.3474251925945282,-0.21577799320220947,0.13572737574577332,-0.23207911849021912,-0.8403499722480774,-0.3489280641078949,-0.274231880903244,1.1932780742645264,0.16493746638298035,-0.4709588587284088,-0.19743122160434723,0.07414795458316803,0.5573390126228333,0.7690021395683289,-0.45944371819496155,0.5482872724533081,-0.3084956705570221,1.7761735916137695,-0.23084373772144318,-0.0967252179980278,-0.7830268144607544,0.9664851427078247,0.6599346995353699,-0.4059120714664459,0.21310248970985413,-0.9985107183456421,0.7481175661087036,0.11622719466686249,0.42079901695251465,-0.8285484313964844,-0.026749053969979286,-0.36363521218299866,-0.3423555791378021,-0.21004733443260193,0.15971285104751587,-0.24664512276649475,-0.7882801294326782,-0.3249351382255554,-0.29953452944755554
A,masked_6d,0,671,3,1,671_T3_P1_R1,27,5,1.1388870477676392,0.17305009067058563,-0.14085760712623596,-0.1917525827884674,-0.30109402537345886,0.6157613396644592,0.8265042304992676,-0.4865064024925232,0.7640916705131531,-0.3726235032081604,1.7622697353363037,-0.33721843361854553,-0.12930141389369965,-0.5697464942932129,0.9121702909469604,0.6974695324897766,-0.5628976821899414,0.008644589222967625,-1.0818524360656738,0.7090457081794739,0.32580751180648804,0.5727735757827759,-1.0468111038208008,0.11453337967395782,-0.27818870544433594,-0.4746497571468353,-0.4004550576210022,0.0877971351146698,-0.23268142342567444,-0.9530414342880249,-0.4591308534145355,-0.2507117688655853,1.1383180618286133,0.14528591930866241,-0.2165306806564331,-0.21694421768188477,-0.2069297581911087,0.5817773342132568,0.8504242897033691,-0.5117670297622681,0.6929502487182617,-0.4442341923713684,1.8322616815567017,-0.3432907164096832,-0.10818876326084137,-0.6147125959396362,0.9480501413345337,0.7148133516311646,-0.4993163049221039,0.02725284919142723,-1.0754474401474,0.6332924962043762,0.3362947106361389,0.5801777839660645,-0.9731844663619995,0.07163070142269135,-0.3161461353302002,-0.5111788511276245,-0.35906821489334106,0.10534262657165527,-0.2728685140609741,-0.9784086346626282,-0.4656957685947418,-0.2843869924545288
A,masked_6d,0,671,3,2,671_T3_P1_R2,28,5,1.182502269744873,0.23613861203193665,-0.12198968231678009,-0.1856648325920105,-0.32506805658340454,0.7055906057357788,0.8537179827690125,-0.5159421563148499,0.7614573836326599,-0.5350692272186279,1.817095160484314,-0.35911792516708374,-0.16438058018684387,-0.5996694564819336,0.8640344738960266,0.7234694361686707,-0.5021126866340637,-0.011132900603115559,-1.1971254348754883,0.6136986613273621,0.27929019927978516,0.5555494427680969,-1.042637586593628,0.16175392270088196,-0.27458494901657104,-0.5237147212028503,-0.3083195686340332,0.11104843765497208,-0.2767769396305084,-1.0595067739486694,-0.48247236013412476,-0.2173738181591034,1.161709189414978,0.2128373086452484,-0.1890227347612381,-0.20359568297863007,-0.18289408087730408,0.655545175075531,0.8386761546134949,-0.5273071527481079,0.6799734234809875,-0.48843860626220703,1.8328489065170288,-0.3221524655818939,-0.13263079524040222,-0.6531791687011719,0.871782124042511,0.681215763092041,-0.43782490491867065,0.05528358370065689,-1.1569921970367432,0.5937297940254211,0.2127968966960907,0.5306373834609985,-0.9502005577087402,0.11870559304952621,-0.3249879479408264,-0.4742334485054016,-0.2627467215061188,0.15954317152500153,-0.2826327085494995,-0.9921180605888367,-0.4435189664363861,-0.21919646859169006
A,masked_6d,0,790,1,1,790_T1_P1_R1,25,5,1.2149722576141357,0.28786784410476685,-0.29068028926849365,-0.23510980606079102,-0.14629633724689484,0.5570346713066101,0.7593775987625122,-0.5213627815246582,0.595649003982544,-0.368983656167984,1.8000911474227905,-0.12265501171350479,-0.11288128048181534,-0.7176598906517029,1.0097240209579468,0.5708869099617004,-0.4987817704677582,0.22351209819316864,-0.9650209546089172,0.6701715588569641,0.20409294962882996,0.5035240054130554,-0.8825452923774719,0.10877277702093124,-0.3273538649082184,-0.3510729670524597,-0.2669619619846344,0.1841854602098465,-0.307991623878479,-0.8974844813346863,-0.3778591752052307,-0.17865756154060364,1.1771552562713623,0.27615290880203247,-0.27419593930244446,-0.24277420341968536,-0.12365657091140747,0.551806628704071,0.7546455264091492,-0.539281964302063,0.5646417737007141,-0.35314732789993286,1.8162959814071655,-0.10851909965276718,-0.10234914720058441,-0.7283946871757507,1.0137995481491089,0.5587515234947205,-0.49147552251815796,0.22956033051013947,-0.9513126611709595,0.6339407563209534,0.2456444799900055,0.5203726887702942,-0.8759865760803223,0.11176687479019165,-0.3518175184726715,-0.36123788356781006,-0.276248037815094,0.19653217494487762,-0.3302075266838074,-0.8988102078437805,-0.4022897779941559,-0.1710546910762787
A,masked_6d,0,790,1,2,790_T1_P1_R2,26,5,1.2431361675262451,0.2640842795372009,-0.27810046076774597,-0.2378346025943756,-0.21783968806266785,0.5748323798179626,0.7990073561668396,-0.5170282125473022,0.649380087852478,-0.39654770493507385,1.8052276372909546,-0.1636998951435089,-0.1429898589849472,-0.6707073450088501,1.04701828956604,0.6032312512397766,-0.5766788721084595,0.17685647308826447,-1.0027425289154053,0.699517011642456,0.2595462203025818,0.5340456962585449,-0.9428121447563171,0.12208376824855804,-0.29467758536338806,-0.35987401008605957,-0.2860523760318756,0.14692534506320953,-0.29156169295310974,-0.9273516535758972,-0.41792064905166626,-0.18958525359630585,1.1329214572906494,0.18489472568035126,-0.26492249965667725,-0.26563936471939087,-0.1484517753124237,0.4704771935939789,0.7904303669929504,-0.5294976234436035,0.6135599613189697,-0.2940601408481598,1.8105113506317139,-0.1660151183605194,-0.039109524339437485,-0.6212063431739807,1.0420396327972412,0.6200876235961914,-0.5539761185646057,0.14655831456184387,-0.9230311512947083,0.7011374235153198,0.3232700228691101,0.5607856512069702,-0.9275995492935181,0.0755535215139389,-0.2854406237602234,-0.39265990257263184,-0.37431707978248596,0.143941730260849,-0.3012402057647705,-0.8695623278617859,-0.4372553825378418,-0.22286434471607208
A,masked_6d,0,790,2,1,790_T2_P1_R1,25,5,1.255952000617981,0.29172784090042114,-0.34821924567222595,-0.24922077357769012,-0.10117797553539276,0.5306687355041504,0.747939944267273,-0.49712076783180237,0.5844890475273132,-0.284074991941452,1.770448923110962,-0.05862971395254135,-0.11945819854736328,-0.7301091551780701,1.0820595026016235,0.5444533228874207,-0.5360167622566223,0.28506478667259216,-0.8934112787246704,0.7477375268936157,0.1956586092710495,0.4918242394924164,-0.8728266954421997,0.09327759593725204,-0.2954149842262268,-0.2880427837371826,-0.25442609190940857,0.17528694868087769,-0.2939624786376953,-0.8341383934020996,-0.35889410972595215,-0.17281268537044525,1.2076181173324585,0.26535990834236145,-0.3648097813129425,-0.2529521882534027,-0.060613490641117096,0.49618813395500183,0.7371118068695068,-0.5077028274536133,0.5521152019500732,-0.23860928416252136,1.7748489379882812,-0.04410575330257416,-0.09446655213832855,-0.7246955633163452,1.0845261812210083,0.5473827123641968,-0.5384392738342285,0.28114187717437744,-0.8579409718513489,0.7449528574943542,0.22652596235275269,0.4992295503616333,-0.8513563275337219,0.071805939078331,-0.30338943004608154,-0.2892073392868042,-0.2769039273262024,0.177821546792984,-0.2998753786087036,-0.8045133352279663,-0.36696311831474304,-0.1905275285243988
A,masked_6d,0,790,2,2,790_T2_P1_R2,26,5,1.2801884412765503,0.3094181716442108,-0.30507177114486694,-0.22522325813770294,-0.16386182606220245,0.5720306634902954,0.7410358190536499,-0.49429163336753845,0.6250697374343872,-0.33027487993240356,1.7640501260757446,-0.10633939504623413,-0.13347001373767853,-0.7217413187026978,1.0723707675933838,0.5578728318214417,-0.5421178936958313,0.2622034251689911,-0.9311035871505737,0.7427493333816528,0.20760472118854523,0.5121897459030151,-0.9080734252929688,0.121862031519413,-0.3089676797389984,-0.3274776339530945,-0.25533920526504517,0.16177690029144287,-0.2883463501930237,-0.8743222951889038,-0.359811007976532,-0.16972842812538147,1.304041862487793,0.3440721333026886,-0.35313519835472107,-0.2272307127714157,-0.13390102982521057,0.5943444967269897,0.7249473333358765,-0.49176645278930664,0.5777075886726379,-0.34186607599258423,1.7545979022979736,-0.0629989355802536,-0.16824154555797577,-0.7628079652786255,1.072744607925415,0.5445853471755981,-0.5413699150085449,0.2962735593318939,-0.9336872100830078,0.7252252697944641,0.18822920322418213,0.49129772186279297,-0.8652019500732422,0.13529035449028015,-0.32926100492477417,-0.2993805706501007,-0.1966259777545929,0.1760706603527069,-0.3033813536167145,-0.8736526370048523,-0.34006062150001526,-0.16178442537784576
A,masked_6d,0,790,3,1,790_T3_P1_R1,27,5,1.2958685159683228,0.32991236448287964,-0.29256853461265564,-0.22757823765277863,-0.17641183733940125,0.6205617189407349,0.7848737835884094,-0.5125231146812439,0.6198991537094116,-0.35643133521080017,1.7798490524291992,-0.09595850110054016,-0.19290851056575775,-0.7340825200080872,1.0452227592468262,0.5345019698143005,-0.5632230043411255,0.27170270681381226,-0.9953805804252625,0.7069693803787231,0.17334593832492828,0.48270463943481445,-0.9035194516181946,0.15885213017463684,-0.3193412125110626,-0.2724694013595581,-0.20482592284679413,0.18886050581932068,-0.28313684463500977,-0.8855239748954773,-0.36476999521255493,-0.13194386661052704,1.2749223709106445,0.2934953570365906,-0.37080472707748413,-0.2537599503993988,-0.05655333399772644,0.5707223415374756,0.7943626642227173,-0.5099365711212158,0.5484648942947388,-0.3308549225330353,1.8018563985824585,-0.057771436870098114,-0.16557882726192474,-0.7702645659446716,1.0567176342010498,0.5262759923934937,-0.5230177044868469,0.3089885711669922,-0.9603856801986694,0.7017928957939148,0.14542818069458008,0.45652827620506287,-0.8367856740951538,0.11372850835323334,-0.32758039236068726,-0.254253089427948,-0.18264202773571014,0.2158559113740921,-0.29623907804489136,-0.8371793031692505,-0.3530999422073364,-0.14429767429828644
A,masked_6d,0,790,3,2,790_T3_P1_R2,25,5,1.2984644174575806,0.35569459199905396,-0.2054411619901657,-0.20932075381278992,-0.2724350094795227,0.6533213257789612,0.7446961402893066,-0.49888738989830017,0.6705911755561829,-0.3084394335746765,1.7179161310195923,-0.08575974404811859,-0.22743186354637146,-0.7017167210578918,1.0333889722824097,0.5046144723892212,-0.6142733097076416,0.26559504866600037,-0.9798201322555542,0.7285197377204895,0.20284810662269592,0.5120681524276733,-0.9630413055419922,0.20070719718933105,-0.306786447763443,-0.248679518699646,-0.24446144700050354,0.1803360879421234,-0.26197952032089233,-0.893264651298523,-0.37437254190444946,-0.10045228898525238,1.3504340648651123,0.45344752073287964,-0.1575176864862442,-0.22844688594341278,-0.29727280139923096,0.6657164692878723,0.6277717351913452,-0.46962136030197144,0.6643141508102417,-0.04348873347043991,1.5445109605789185,0.12947149574756622,-0.31993088126182556,-0.7110809087753296,1.047590970993042,0.3093559741973877,-0.691660463809967,0.4165836274623871,-0.8318452835083008,0.8163467645645142,0.12683555483818054,0.4991551339626312,-0.9479150772094727,0.2733682096004486,-0.27839797735214233,-0.006126553285866976,-0.22811272740364075,0.23212723433971405,-0.22932009398937225,-0.7567905187606812,-0.32811373472213745,0.01722126081585884
A,masked_6d,1,252,1,1,252_T1_P1_R1,23,5,0.4576868414878845,0.07055079936981201,0.1363126039505005,0.11828584969043732,-0.7194380760192871,0.4433162212371826,-0.04881829768419266,0.14227919280529022,1.0274937152862549,-0.4868372976779938,-0.17080508172512054,-0.022174302488565445,-0.03683192655444145,0.306006520986557,0.16508057713508606,-0.07653218507766724,0.8376483917236328,0.14585939049720764,-0.13119956851005554,-0.2175162136554718,0.9248067736625671,1.0879143476486206,-0.3297777771949768,0.20089487731456757,-0.04958532005548477,-0.1824163943529129,-0.5115121603012085,-1.7744481563568115,-0.5536084175109863,0.8218528032302856,-0.018833452835679054,-0.12726278603076935,0.44875240325927734,0.032127153128385544,0.12283463776111603,0.13987764716148376,-0.665488064289093,0.4609869420528412,-0.03628547862172127,0.1828964799642563,1.0261633396148682,-0.5024330019950867,-0.18043449521064758,-0.0015022456645965576,-0.07023318111896515,0.2955862581729889,0.1391536295413971,-0.04549543932080269,0.8069276809692383,0.15333299338817596,-0.11849214881658554,-0.25546392798423767,0.9800955653190613,1.0555505752563477,-0.33807745575904846,0.29270297288894653,-0.09771161526441574,-0.2307942658662796,-0.5423981547355652,-1.853918433189392,-0.5910511612892151,0.845714271068573,0.02811276540160179,-0.1397315412759781
A,masked_6d,1,252,1,2,252_T1_P1_R2,25,5,0.4805843234062195,0.09845565259456635,0.11355502903461456,0.08747807890176773,-0.7409898042678833,0.41963887214660645,-0.04813753440976143,0.16894282400608063,1.0435236692428589,-0.4703419804573059,-0.1720164716243744,-0.025418754667043686,-0.0236904788762331,0.33028116822242737,0.16109851002693176,-0.10516931116580963,0.8561896085739136,0.1682184338569641,-0.15906429290771484,-0.24037937819957733,0.9565765261650085,1.0618302822113037,-0.29423218965530396,0.1873808354139328,-0.04369623214006424,-0.19177953898906708,-0.4871695637702942,-1.8026478290557861,-0.54096519947052,0.7898262739181519,-0.056219857186079025,-0.12470324337482452,0.43937936425209045,0.06404741108417511,0.08377377688884735,0.055356644093990326,-0.7310106754302979,0.3581533133983612,0.007754808757454157,0.2328140288591385,1.0715844631195068,-0.4600244462490082,-0.10672569274902344,0.008153815753757954,-0.02573801949620247,0.3732209801673889,0.12169681489467621,-0.08178159594535828,0.8808357119560242,0.21187396347522736,-0.19738897681236267,-0.29091909527778625,1.031618356704712,0.9831892848014832,-0.24018311500549316,0.24833934009075165,-0.04704835265874863,-0.24835261702537537,-0.4636971056461334,-1.913901925086975,-0.5551691651344299,0.7581852078437805,-0.055705320090055466,-0.1317729651927948
A,masked_6d,1,252,2,1,252_T2_P1_R1,25,5,0.47243037819862366,0.11907309293746948,0.1601785570383072,0.10054846853017807,-0.7392043471336365,0.40644627809524536,-0.061215270310640335,0.11132802814245224,1.036198616027832,-0.5319475531578064,-0.17136049270629883,-0.050008855760097504,-0.027396446093916893,0.287214457988739,0.17370052635669708,-0.07694609463214874,0.8986089825630188,0.15828436613082886,-0.18318024277687073,-0.14310602843761444,0.8785598874092102,1.1106336116790771,-0.3832692503929138,0.11892161518335342,-0.042065657675266266,-0.16823458671569824,-0.5336834788322449,-1.67989182472229,-0.5049986839294434,0.8646776080131531,-0.02143198810517788,-0.08512905985116959,0.39467155933380127,0.05982089042663574,0.11533357948064804,0.11949525773525238,-0.6498087048530579,0.39757871627807617,-0.015162711963057518,0.19635823369026184,1.058547854423523,-0.5187989473342896,-0.12106368690729141,0.015288732945919037,-0.028573090210556984,0.2936629354953766,0.11691294610500336,-0.012382443994283676,0.9025659561157227,0.18995338678359985,-0.17324674129486084,-0.23680691421031952,1.0094172954559326,1.0576459169387817,-0.37776798009872437,0.2456062138080597,-0.08327528834342957,-0.2536888122558594,-0.5272340774536133,-1.8557840585708618,-0.6131454706192017,0.8402464985847473,0.016803957521915436,-0.0786537155508995
A,masked_6d,1,252,2,2,252_T2_P1_R2,25,5,0.47526660561561584,0.13803839683532715,0.13451360166072845,0.0992012694478035,-0.7227874994277954,0.374539315700531,-0.03488374128937721,0.13771696388721466,1.0320968627929688,-0.4838310182094574,-0.17416928708553314,-0.036598630249500275,-0.030099421739578247,0.2726052403450012,0.1419546902179718,-0.09022633731365204,0.8900768160820007,0.18050602078437805,-0.19163748621940613,-0.22216887772083282,0.8997045755386353,1.0540739297866821,-0.32860812544822693,0.1518407166004181,-0.04602149501442909,-0.14457502961158752,-0.46934300661087036,-1.7103363275527954,-0.5308511853218079,0.778730571269989,-0.02003936842083931,-0.11450083553791046,0.4018862843513489,0.11269420385360718,0.06635473668575287,0.09944649040699005,-0.6440893411636353,0.3451616168022156,0.009434090927243233,0.20541603863239288,1.0787971019744873,-0.4741218686103821,-0.12279954552650452,0.01096903346478939,-0.037525467574596405,0.271686851978302,0.0794270783662796,-0.04489597678184509,0.9196127653121948,0.21200400590896606,-0.18354715406894684,-0.3110378086566925,1.0086239576339722,0.9951716661453247,-0.3148033320903778,0.26272639632225037,-0.08550138026475906,-0.19630306959152222,-0.4403429627418518,-1.8696236610412598,-0.6227610111236572,0.7381746172904968,0.02747810073196888,-0.13597336411476135
A,masked_6d,1,252,3,1,252_T3_P1_R1,25,5,0.5164030194282532,0.11478358507156372,0.17465229332447052,0.14668990671634674,-0.7370967864990234,0.40080636739730835,-0.0022787039633840322,0.12495391070842743,0.9079254269599915,-0.5722081661224365,-0.22232942283153534,-0.08126650750637054,-0.06695374101400375,0.2676926851272583,0.18471458554267883,-0.06496689468622208,0.8720536231994629,0.18493163585662842,-0.24474458396434784,-0.15213707089424133,0.8797709345817566,1.0890820026397705,-0.35865527391433716,0.1377810537815094,-0.051690977066755295,-0.1396561563014984,-0.5559521913528442,-1.646518349647522,-0.47424355149269104,0.8434222936630249,-0.034864719957113266,-0.06986506283283234,0.5255854725837708,0.0940302386879921,0.1945178210735321,0.12904593348503113,-0.7877447009086609,0.41150742769241333,-0.024998407810926437,0.1281970590353012,0.9636234045028687,-0.6240537166595459,-0.2179146111011505,-0.07506606727838516,-0.0809285119175911,0.2941010594367981,0.20004849135875702,-0.0759483203291893,0.9069434404373169,0.20667846500873566,-0.28136181831359863,-0.11091484129428864,0.8856940269470215,1.1243462562561035,-0.3798871636390686,0.12232093513011932,-0.046919066458940506,-0.21512861549854279,-0.6231303215026855,-1.669775366783142,-0.4488099217414856,0.9300175905227661,-0.02680603228509426,-0.05592463165521622
A,masked_6d,1,252,3,2,252_T3_P1_R2,24,5,0.46440309286117554,0.07721133530139923,0.16927608847618103,0.1309070885181427,-0.7522533535957336,0.3406282961368561,0.04221881181001663,0.16390159726142883,0.9247342348098755,-0.5636034607887268,-0.1669047623872757,-0.06196033954620361,-0.05652976036071777,0.2998649775981903,0.16150501370429993,-0.061865538358688354,0.8947035670280457,0.1843687742948532,-0.28945067524909973,-0.14615049958229065,0.9383079409599304,1.072302222251892,-0.32805776596069336,0.1359657347202301,-0.035522837191820145,-0.1500280648469925,-0.5224960446357727,-1.6683286428451538,-0.48267021775245667,0.8024781942367554,-0.05168827623128891,-0.05545492097735405,0.45196858048439026,0.0393022857606411,0.14593617618083954,0.10598000138998032,-0.7902384400367737,0.3212237060070038,0.07017526030540466,0.2017461508512497,0.9505835771560669,-0.5668719410896301,-0.13392777740955353,-0.051238883286714554,-0.06308604776859283,0.34567752480506897,0.15129856765270233,-0.07185753434896469,0.922598659992218,0.22051401436328888,-0.34012970328330994,-0.1720036119222641,1.0052889585494995,1.0425097942352295,-0.28483256697654724,0.15328499674797058,-0.021571451798081398,-0.2345898598432541,-0.5309537649154663,-1.7556116580963135,-0.4770248532295227,0.8013099431991577,-0.08264515548944473,-0.04288534075021744
A,masked_6d,1,651,1,1,651_T1_P1_R1,24,5,0.4476352632045746,0.05488240718841553,0.14326943457126617,0.09812168776988983,-0.7355829477310181,0.44704586267471313,-0.06487640738487244,0.1331939697265625,1.0610764026641846,-0.5157626867294312,-0.18150849640369415,-0.009617242030799389,-0.05810870975255966,0.2881627678871155,0.14331629872322083,-0.05305631086230278,0.8641341924667358,0.1539674997329712,-0.15618009865283966,-0.22185739874839783,0.9226515889167786,1.1050834655761719,-0.3401988446712494,0.21435293555259705,-0.016428882256150246,-0.2062036246061325,-0.5288512706756592,-1.8110297918319702,-0.564212441444397,0.8497596979141235,-0.006974364630877972,-0.11095090210437775,0.4422356188297272,0.024013381451368332,0.1267070323228836,0.07994470745325089,-0.7699995040893555,0.44966191053390503,-0.08481857925653458,0.1790260523557663,1.1451565027236938,-0.5638729333877563,-0.15704132616519928,-0.00011138580885017291,-0.06489232182502747,0.3349428176879883,0.13845425844192505,-0.07938453555107117,0.9328292608261108,0.20028111338615417,-0.20176894962787628,-0.2272912710905075,0.9780904650688171,1.1153703927993774,-0.3378447890281677,0.2105463445186615,-0.015504959039390087,-0.33282336592674255,-0.5944825410842896,-1.9113504886627197,-0.5676270723342896,0.9209445118904114,-0.024496596306562424,-0.08035548776388168
A,masked_6d,1,651,1,2,651_T1_P1_R2,24,5,0.5261441469192505,0.08238811790943146,0.18214201927185059,0.13053008913993835,-0.7385761141777039,0.4903281331062317,-0.10134075582027435,0.09163060039281845,1.0313982963562012,-0.51687091588974,-0.26122763752937317,-0.04394873231649399,-0.09020528197288513,0.2313012182712555,0.15636417269706726,-0.07661297172307968,0.815987229347229,0.1631445586681366,-0.13156907260417938,-0.20654945075511932,0.8453177213668823,1.1117732524871826,-0.34798622131347656,0.20545296370983124,-0.017837652936577797,-0.1877385675907135,-0.5810448527336121,-1.7425968647003174,-0.5155059099197388,0.8998586535453796,0.0043452102690935135,-0.1323344111442566,0.549397885799408,0.05893276259303093,0.2100902497768402,0.15147367119789124,-0.7535195350646973,0.4951907992362976,-0.10211239755153656,0.10507287085056305,1.0511958599090576,-0.5640634298324585,-0.26643872261047363,-0.029796725139021873,-0.12498997151851654,0.21622440218925476,0.1473957747220993,-0.07269749790430069,0.8216041326522827,0.22115781903266907,-0.17697425186634064,-0.2057204246520996,0.834060549736023,1.1088060140609741,-0.3587203025817871,0.2290308028459549,-0.03827079012989998,-0.26788729429244995,-0.6496747732162476,-1.7512893676757812,-0.5058450698852539,0.9672414660453796,0.03981133550405502,-0.1262539178133011
A,masked_6d,1,651,2,1,651_T2_P1_R1,25,5,0.4918159544467926,0.02922123670578003,0.14962151646614075,0.13095542788505554,-0.7285537719726562,0.43896517157554626,0.004689156077802181,0.16217368841171265,0.9835715293884277,-0.4791264533996582,-0.21386921405792236,0.006739446427673101,-0.08413402736186981,0.27546459436416626,0.13846975564956665,-0.03433191403746605,0.7531975507736206,0.17735567688941956,-0.15845787525177002,-0.30256029963493347,0.9546739459037781,1.0519767999649048,-0.3124952018260956,0.31835129857063293,-0.041198499500751495,-0.18260827660560608,-0.5117968320846558,-1.831224799156189,-0.5761236548423767,0.8030437231063843,0.0012638706248253584,-0.16717658936977386,0.4999191164970398,0.021599235013127327,0.14069606363773346,0.10712718963623047,-0.7534639239311218,0.42684850096702576,0.0004863381327595562,0.19090799987316132,1.02461576461792,-0.47570037841796875,-0.20924988389015198,-0.004455440677702427,-0.06956551969051361,0.2992091178894043,0.13902497291564941,-0.06818639487028122,0.787573516368866,0.199355810880661,-0.18464061617851257,-0.33434587717056274,0.9786002039909363,1.0325024127960205,-0.2839811146259308,0.3064904808998108,-0.029630105942487717,-0.2486177235841751,-0.5293196439743042,-1.8908729553222656,-0.5626556277275085,0.8275682330131531,-0.024500412866473198,-0.16165581345558167
A,masked_6d,1,651,2,2,651_T2_P1_R2,26,5,0.497401624917984,0.03672673553228378,0.15231552720069885,0.11271429061889648,-0.7399038076400757,0.4189017415046692,0.00016967914416454732,0.15625207126140594,0.9863446950912476,-0.48845377564430237,-0.21022312343120575,0.005290527828037739,-0.07756729423999786,0.28242984414100647,0.13769081234931946,-0.03452874347567558,0.7663789391517639,0.17325811088085175,-0.1735156625509262,-0.2737849950790405,0.9458916783332825,1.059588074684143,-0.3097469210624695,0.2901487946510315,-0.028612766414880753,-0.16207566857337952,-0.5060356855392456,-1.8067373037338257,-0.5580726265907288,0.797092854976654,-0.012819643132388592,-0.16085907816886902,0.49331027269363403,-0.0012359961401671171,0.13866454362869263,0.0939224511384964,-0.767508864402771,0.4171116352081299,-0.016852831467986107,0.2052919864654541,1.0598646402359009,-0.5358349084854126,-0.19841508567333221,0.020635712891817093,-0.08278326690196991,0.3212520182132721,0.13053622841835022,-0.05545483157038689,0.8297194242477417,0.21337899565696716,-0.22021909058094025,-0.28439489006996155,1.0046355724334717,1.0632381439208984,-0.3007722496986389,0.287398099899292,-0.020703505724668503,-0.2863592505455017,-0.578798770904541,-1.9167430400848389,-0.5578747987747192,0.8694671392440796,-0.037374697625637054,-0.13284388184547424
A,masked_6d,1,651,3,1,651_T3_P1_R1,24,5,0.4540330469608307,0.059112824499607086,0.1633102148771286,0.12226048856973648,-0.7395284175872803,0.46184468269348145,-0.05135244131088257,0.1264270544052124,1.014719009399414,-0.4798891544342041,-0.19349154829978943,-0.018285054713487625,-0.044951893389225006,0.2876201570034027,0.16970162093639374,-0.06638754159212112,0.8073407411575317,0.10968607664108276,-0.12801159918308258,-0.20671208202838898,0.9239127039909363,1.1101700067520142,-0.3380680978298187,0.20177176594734192,-0.01680820807814598,-0.147230863571167,-0.5062949061393738,-1.7618153095245361,-0.5569883584976196,0.8300985097885132,-0.029373154044151306,-0.11965105682611465,0.4393511414527893,0.05109454318881035,0.13749569654464722,0.10179607570171356,-0.7518978714942932,0.4458250403404236,-0.0427393838763237,0.14975114166736603,1.0637043714523315,-0.4920749068260193,-0.1762908399105072,-0.027972418814897537,-0.033293984830379486,0.3086021840572357,0.15643391013145447,-0.08477999269962311,0.8537430763244629,0.13391681015491486,-0.15428762137889862,-0.2208266258239746,0.9524917602539062,1.1067078113555908,-0.3266702890396118,0.19713708758354187,-0.004174872301518917,-0.20024633407592773,-0.5112403631210327,-1.817111611366272,-0.5571056604385376,0.8456375002861023,-0.04191377013921738,-0.11299635469913483
A,masked_6d,1,651,3,2,651_T3_P1_R2,24,5,0.46846452355384827,0.054866813123226166,0.16626717150211334,0.11959487199783325,-0.7556161284446716,0.46167007088661194,-0.06047981232404709,0.13338437676429749,1.0255483388900757,-0.49330252408981323,-0.19953975081443787,-0.025696296244859695,-0.05013531446456909,0.29269760847091675,0.16996550559997559,-0.07981185615062714,0.8196039199829102,0.12471653521060944,-0.13806931674480438,-0.20432519912719727,0.9203430414199829,1.113433837890625,-0.33418604731559753,0.19189777970314026,-0.016065919771790504,-0.16905608773231506,-0.5294346213340759,-1.7667200565338135,-0.5429936647415161,0.8491150736808777,-0.03550785779953003,-0.11724790185689926,0.496675968170166,0.0629168152809143,0.15871965885162354,0.11395914852619171,-0.7678079009056091,0.46589961647987366,-0.06615514308214188,0.1427331268787384,1.0511661767959595,-0.49466198682785034,-0.22207443416118622,-0.028032679110765457,-0.06646542251110077,0.28703317046165466,0.15876778960227966,-0.09723196923732758,0.8157693147659302,0.15247391164302826,-0.14968986809253693,-0.23254284262657166,0.926736056804657,1.0942692756652832,-0.3197462856769562,0.21038682758808136,-0.013869896531105042,-0.20181453227996826,-0.5433127880096436,-1.8043079376220703,-0.5328139066696167,0.863055408000946,-0.03806301951408386,-0.13080266118049622
A,masked_6d,1,671,1,1,671_T1_P1_R1,26,5,0.44630736112594604,0.11170834302902222,0.14110182225704193,0.11455219984054565,-0.7140643000602722,0.42890071868896484,-0.036231838166713715,0.099116250872612,1.015981912612915,-0.47557583451271057,-0.18753167986869812,-0.04733554646372795,-0.0494837611913681,0.27807146310806274,0.1587926596403122,-0.06978567689657211,0.8260208368301392,0.11263205111026764,-0.1223830133676529,-0.18548381328582764,0.8906093835830688,1.0868175029754639,-0.35501211881637573,0.17726008594036102,-0.0314197838306427,-0.110113225877285,-0.46218594908714294,-1.6966402530670166,-0.531968891620636,0.798332154750824,-0.0065697296522557735,-0.13543887436389923,0.41661086678504944,0.0555403046309948,0.11647802591323853,0.10540945082902908,-0.7200602889060974,0.430713027715683,-0.03215095028281212,0.15626095235347748,1.0699726343154907,-0.5170974731445312,-0.1590171903371811,-0.022514289245009422,-0.04298120364546776,0.32459235191345215,0.15392714738845825,-0.07178200036287308,0.8704814314842224,0.13295775651931763,-0.1599455028772354,-0.20096318423748016,0.9712865948677063,1.0969537496566772,-0.35957273840904236,0.20299209654331207,-0.03664500638842583,-0.21919523179531097,-0.5203568935394287,-1.8137794733047485,-0.5589634776115417,0.8535767197608948,-0.02166934497654438,-0.11019780486822128
A,masked_6d,1,671,1,2,671_T1_P1_R2,24,5,0.4506174921989441,0.10391118377447128,0.15038689970970154,0.13536280393600464,-0.6959936022758484,0.43867796659469604,-0.03387591615319252,0.10297654569149017,0.9840657114982605,-0.45164451003074646,-0.19800399243831635,-0.03095751628279686,-0.05315663293004036,0.2493477761745453,0.15164490044116974,-0.054794006049633026,0.7854695320129395,0.11734960973262787,-0.10157692432403564,-0.21376463770866394,0.8776826858520508,1.0727659463882446,-0.3446040749549866,0.2045901119709015,-0.03791812062263489,-0.08750884234905243,-0.456026166677475,-1.6834503412246704,-0.5476680994033813,0.7773846983909607,0.010620446875691414,-0.15568122267723083,0.4125925898551941,0.033638834953308105,0.13322283327579498,0.14834102988243103,-0.6838658452033997,0.44957321882247925,-0.0349816270172596,0.1653113067150116,1.0402508974075317,-0.5039887428283691,-0.16634385287761688,0.010748157277703285,-0.05755238980054855,0.2827974855899811,0.136170893907547,-0.039885472506284714,0.8352929353713989,0.14992444217205048,-0.1354711949825287,-0.23971430957317352,0.9644948840141296,1.0842626094818115,-0.350248247385025,0.24578812718391418,-0.052115924656391144,-0.22340090572834015,-0.5372489094734192,-1.8269493579864502,-0.5931118130683899,0.8433793783187866,0.010115212760865688,-0.12277013063430786
A,masked_6d,1,671,2,1,671_T2_P1_R1,24,5,0.5644407272338867,0.03925888612866402,0.12851610779762268,0.15303519368171692,-0.6935029625892639,0.5307565331459045,-0.06855025887489319,0.1513868272304535,0.9811976552009583,-0.46893081068992615,-0.30716219544410706,0.0021026493050158024,-0.13081775605678558,0.27539828419685364,0.14804615080356598,-0.0716458112001419,0.677168071269989,0.127332866191864,-0.07994097471237183,-0.3192690312862396,0.9592212438583374,1.054938554763794,-0.30500444769859314,0.35747620463371277,-0.06831518560647964,-0.17349155247211456,-0.5442448854446411,-1.8790315389633179,-0.5749365091323853,0.8191253542900085,-0.015812469646334648,-0.198231503367424,0.5514144897460938,0.05611645057797432,0.12064693123102188,0.15271909534931183,-0.7062419652938843,0.5406638979911804,-0.05249176546931267,0.1488620638847351,1.0031650066375732,-0.4620599150657654,-0.3058043420314789,-0.009613118134438992,-0.1436285525560379,0.28667783737182617,0.14805980026721954,-0.08480434119701385,0.6907362937927246,0.14168643951416016,-0.08775090426206589,-0.35873541235923767,0.9718985557556152,1.0362342596054077,-0.3068256378173828,0.37377819418907166,-0.06599406152963638,-0.21711185574531555,-0.5297300219535828,-1.9214038848876953,-0.5883218050003052,0.8163436055183411,-0.01781455986201763,-0.18638943135738373
A,masked_6d,1,671,2,2,671_T2_P1_R2,27,5,0.6276772618293762,0.050538115203380585,0.18405179679393768,0.18658879399299622,-0.6986092329025269,0.5579076409339905,-0.08941929042339325,0.11052298545837402,0.9161683917045593,-0.4773188531398773,-0.37401288747787476,-0.007825321517884731,-0.16730383038520813,0.20254011452198029,0.15374983847141266,-0.05875926464796066,0.6200069785118103,0.14135341346263885,-0.07353708893060684,-0.3024335503578186,0.8850775957107544,1.0579370260238647,-0.30398792028427124,0.35736221075057983,-0.06896795332431793,-0.13497278094291687,-0.5865987539291382,-1.7939574718475342,-0.5415077209472656,0.8426138162612915,0.006357419304549694,-0.21352624893188477,0.6241170167922974,0.025822829455137253,0.15633705258369446,0.208605095744133,-0.6613579988479614,0.5967987179756165,-0.09984748810529709,0.15053114295005798,0.955518901348114,-0.48305463790893555,-0.3871837258338928,0.023557592183351517,-0.17533482611179352,0.202749103307724,0.13995510339736938,-0.05095713213086128,0.6195412278175354,0.1567860096693039,-0.06381283700466156,-0.3638177514076233,0.9550861120223999,1.0581170320510864,-0.321071594953537,0.4293973445892334,-0.08996539562940598,-0.20918801426887512,-0.6335867643356323,-1.9229587316513062,-0.6011167764663696,0.8794495463371277,0.012561343610286713,-0.2125430554151535
A,masked_6d,1,671,3,1,671_T3_P1_R1,27,5,0.4997684359550476,0.08038106560707092,0.16876938939094543,0.16269877552986145,-0.7005177736282349,0.3848027288913727,0.05513421818614006,0.12665288150310516,0.8736761212348938,-0.3892041742801666,-0.21310465037822723,0.012639626860618591,-0.0611250177025795,0.1983894407749176,0.11138224601745605,-0.0168923269957304,0.6738318204879761,0.19188527762889862,-0.13641874492168427,-0.3327121138572693,0.870665431022644,0.9786742925643921,-0.23984947800636292,0.2944638729095459,-0.02969542145729065,-0.05569855496287346,-0.39662307500839233,-1.6885725259780884,-0.5509124994277954,0.6501456499099731,0.00026430358411744237,-0.2112123668193817,0.5045406222343445,0.03670089691877365,0.16750308871269226,0.1500076949596405,-0.7392016053199768,0.39193248748779297,0.035816919058561325,0.19135603308677673,0.93592768907547,-0.37659215927124023,-0.2148294746875763,0.011991707608103752,-0.04459293559193611,0.24656477570533752,0.10736610740423203,-0.07086606323719025,0.7014365792274475,0.20080634951591492,-0.1525181382894516,-0.38843029737472534,0.9241299629211426,0.9814192652702332,-0.21328012645244598,0.30299150943756104,-0.013591038063168526,-0.14410802721977234,-0.4420979917049408,-1.796938180923462,-0.5593756437301636,0.6842771768569946,-0.05036476254463196,-0.186921626329422
A,masked_6d,1,671,3,2,671_T3_P1_R2,28,5,0.5503813028335571,0.07395897805690765,0.17165657877922058,0.07665731757879257,-0.8390759229660034,0.35469335317611694,0.05971052497625351,0.13390278816223145,0.9106887578964233,-0.4390241503715515,-0.21380236744880676,-0.019930219277739525,-0.07224904745817184,0.31103944778442383,0.15961135923862457,-0.07737047970294952,0.7069250345230103,0.1857565939426422,-0.22296173870563507,-0.2695210576057434,0.907142162322998,0.9923354387283325,-0.19276870787143707,0.22755925357341766,0.012991255149245262,-0.09182721376419067,-0.4070606827735901,-1.7106012105941772,-0.4520708918571472,0.6836906671524048,-0.07838241755962372,-0.2020992487668991,0.5527634024620056,0.025618309155106544,0.17143914103507996,0.10983321815729141,-0.8109577298164368,0.43735504150390625,-0.0047098854556679726,0.16351579129695892,0.9549873471260071,-0.4819099009037018,-0.24716782569885254,0.008220206014811993,-0.09695135056972504,0.314723402261734,0.16208897531032562,-0.07237522304058075,0.7150360345840454,0.17911961674690247,-0.1925487071275711,-0.2915484309196472,0.9535492062568665,1.0296883583068848,-0.23406727612018585,0.2702457308769226,-0.008995525538921356,-0.20010407269001007,-0.5189379453659058,-1.8299554586410522,-0.4995059370994568,0.7830613255500793,-0.07655398547649384,-0.16533049941062927
A,masked_6d,1,790,1,1,790_T1_P1_R1,25,5,0.5178107023239136,0.09067736566066742,0.12338882684707642,0.13322152197360992,-0.6857541799545288,0.4471730589866638,-0.029858995229005814,0.1694112867116928,0.98773592710495,-0.4875144064426422,-0.22064273059368134,0.008192723616957664,-0.07260549068450928,0.27567631006240845,0.14655156433582306,-0.054416052997112274,0.7781689167022705,0.18177929520606995,-0.15839514136314392,-0.2698037326335907,0.9441993832588196,1.0336014032363892,-0.3318862318992615,0.2799766957759857,-0.09298291802406311,-0.17592771351337433,-0.5206400752067566,-1.7937536239624023,-0.5588358640670776,0.811928391456604,0.007479093968868256,-0.15977412462234497,0.5074725151062012,0.07958636432886124,0.12002117931842804,0.12558968365192413,-0.7159285545349121,0.40493863821029663,-0.004469920881092548,0.1993933469057083,1.0251672267913818,-0.4953085482120514,-0.19660112261772156,0.006723248865455389,-0.08308546990156174,0.2763480544090271,0.11749345064163208,-0.06681416928768158,0.8388398289680481,0.24229590594768524,-0.2154933512210846,-0.3049042820930481,0.963588535785675,1.0019925832748413,-0.29123446345329285,0.2800809442996979,-0.07259105890989304,-0.24644196033477783,-0.5409068465232849,-1.8470674753189087,-0.5449494123458862,0.8218650817871094,0.0012482262682169676,-0.151617169380188
A,masked_6d,1,790,1,2,790_T1_P1_R2,26,5,0.5357288122177124,0.11771492660045624,0.1492644101381302,0.11484991014003754,-0.7029992938041687,0.39860451221466064,-0.03311975672841072,0.14635738730430603,0.9767290949821472,-0.45812368392944336,-0.2305043637752533,-0.020995410159230232,-0.05204340070486069,0.23075298964977264,0.1311573088169098,-0.07359673827886581,0.7858174443244934,0.18930105865001678,-0.16406288743019104,-0.25342148542404175,0.8821180462837219,1.02048659324646,-0.28674283623695374,0.2185676395893097,-0.06178645044565201,-0.10793425887823105,-0.48181042075157166,-1.7047580480575562,-0.5171204805374146,0.7724477052688599,0.005952995270490646,-0.18349933624267578,0.51116544008255,0.12092293798923492,0.1228165253996849,0.14185896515846252,-0.6256207823753357,0.3751366138458252,-0.0030727058183401823,0.19120198488235474,0.9975446462631226,-0.4307045340538025,-0.21012994647026062,0.023395592346787453,-0.06255890429019928,0.18310204148292542,0.06768716871738434,-0.03355034068226814,0.7888654470443726,0.2479836493730545,-0.15870137512683868,-0.3241250813007355,0.9309228658676147,0.9624944925308228,-0.26908719539642334,0.30211958289146423,-0.10662807524204254,-0.13674700260162354,-0.45749038457870483,-1.7710834741592407,-0.5793863534927368,0.7354292273521423,0.0732201486825943,-0.2121240198612213
A,masked_6d,1,790,2,1,790_T2_P1_R1,25,5,0.5246044397354126,0.15770401060581207,0.12165983021259308,0.18109557032585144,-0.5916701555252075,0.4639855921268463,-0.07266934216022491,0.1480594128370285,0.9817989468574524,-0.5024091601371765,-0.2749662399291992,-0.019449759274721146,-0.09659560769796371,0.17547357082366943,0.1073751300573349,-0.04810101538896561,0.8078147172927856,0.19254900515079498,-0.12358446419239044,-0.246896892786026,0.9112938642501831,1.0371949672698975,-0.37859493494033813,0.2699812948703766,-0.1373283714056015,-0.14467978477478027,-0.5534273386001587,-1.7419469356536865,-0.57657790184021,0.8271639943122864,0.05643584579229355,-0.147681325674057,0.4935809373855591,0.14895962178707123,0.11272391676902771,0.1999843567609787,-0.5677059888839722,0.44195833802223206,-0.0545259453356266,0.17280741035938263,1.012345552444458,-0.4953548312187195,-0.2579110264778137,-0.009723402559757233,-0.11178767681121826,0.1519920378923416,0.06544481217861176,-0.046512167900800705,0.8303492665290833,0.22762049734592438,-0.13889700174331665,-0.2825702428817749,0.9295697212219238,1.0068869590759277,-0.3624266982078552,0.2945786714553833,-0.1451796293258667,-0.18815508484840393,-0.5503585934638977,-1.7734930515289307,-0.5986863970756531,0.8166977167129517,0.08445179462432861,-0.15052571892738342
A,masked_6d,1,790,2,2,790_T2_P1_R2,26,5,0.5574876070022583,0.17180675268173218,0.13270701467990875,0.1581602692604065,-0.6346503496170044,0.4725106656551361,-0.0933045968413353,0.11989245563745499,0.9678492546081543,-0.4962378442287445,-0.28766027092933655,-0.025839760899543762,-0.09317747503519058,0.19007079303264618,0.1385011523962021,-0.06701203435659409,0.7893897891044617,0.17581219971179962,-0.12045228481292725,-0.22511553764343262,0.8665962219238281,1.0410128831863403,-0.3560875952243805,0.23096732795238495,-0.11196150630712509,-0.1125650554895401,-0.5466111898422241,-1.6993497610092163,-0.5337681174278259,0.8261297941207886,0.031196514144539833,-0.16283968091011047,0.5494379997253418,0.14009954035282135,0.1414327323436737,0.152776300907135,-0.6385243535041809,0.45686787366867065,-0.10005928575992584,0.14878098666667938,1.0008111000061035,-0.5322148203849792,-0.28436166048049927,-0.02170836739242077,-0.10168905556201935,0.19997334480285645,0.12093250453472137,-0.07231307774782181,0.8191345930099487,0.18408821523189545,-0.15238311886787415,-0.20272116363048553,0.8918119668960571,1.0510895252227783,-0.343252569437027,0.2331238090991974,-0.10961006581783295,-0.15527412295341492,-0.5851908922195435,-1.7349424362182617,-0.5265070199966431,0.8591192364692688,0.032217204570770264,-0.14372268319129944
A,masked_6d,1,790,3,1,790_T3_P1_R1,27,5,0.5058215260505676,0.0894528180360794,0.14970895648002625,0.1362297236919403,-0.7065140008926392,0.4289725720882416,-0.06378418952226639,0.12970729172229767,0.9932922124862671,-0.5496867299079895,-0.21720221638679504,-0.015040084719657898,-0.08191800862550735,0.24618573486804962,0.14773161709308624,-0.05936026573181152,0.8481650352478027,0.18424071371555328,-0.1923486888408661,-0.19116099178791046,0.8827944993972778,1.084557294845581,-0.34966138005256653,0.19346025586128235,-0.05647812411189079,-0.16708984971046448,-0.5755882859230042,-1.719932198524475,-0.5274075269699097,0.8545562624931335,-0.0020481585524976254,-0.12420344352722168,0.47692155838012695,0.060415636748075485,0.13856439292430878,0.15493230521678925,-0.6926664113998413,0.44618719816207886,-0.07755331695079803,0.15967419743537903,1.0528342723846436,-0.5861738920211792,-0.2252853363752365,0.0007641827687621117,-0.1269674003124237,0.23657330870628357,0.10800135135650635,-0.056259386241436005,0.8855058550834656,0.19895386695861816,-0.21163193881511688,-0.20855875313282013,0.9361273646354675,1.0892198085784912,-0.36180394887924194,0.22943469882011414,-0.0626680999994278,-0.2509582042694092,-0.6295573115348816,-1.8109149932861328,-0.5591467022895813,0.9002246856689453,0.015119343996047974,-0.10200806707143784
A,masked_6d,1,790,3,2,790_T3_P1_R2,25,5,0.49743929505348206,0.12666286528110504,0.14431360363960266,0.15258540213108063,-0.6820545792579651,0.42325273156166077,-0.05380759760737419,0.09965096414089203,0.9236851930618286,-0.5250328779220581,-0.20995524525642395,-0.031169375404715538,-0.06782692670822144,0.21742820739746094,0.1463766098022461,-0.041399553418159485,0.8416897058486938,0.17904677987098694,-0.171840101480484,-0.17494256794452667,0.8387596011161804,1.0671641826629639,-0.33772027492523193,0.15501654148101807,-0.053403694182634354,-0.09760687500238419,-0.5408675074577332,-1.646833062171936,-0.5107415318489075,0.7964979410171509,-0.013290849514305592,-0.12404187023639679,0.4830271303653717,0.1598103791475296,0.16368244588375092,0.22843432426452637,-0.5901035070419312,0.47862643003463745,-0.12843427062034607,0.04126141220331192,0.8757576942443848,-0.5848389863967896,-0.2303498536348343,-0.013524187728762627,-0.11422910541296005,0.09528782218694687,0.10819008201360703,0.03710753470659256,0.8536529541015625,0.18656393885612488,-0.14514301717281342,-0.058015525341033936,0.7586185336112976,1.0905354022979736,-0.41787081956863403,0.10170815140008926,-0.0886840969324112,-0.07064157724380493,-0.6399787664413452,-1.5196415185928345,-0.4994107186794281,0.8582126498222351,0.04669623449444771,-0.08014875650405884
A,masked_6d,2,252,1,1,252_T1_P1_R1,23,5,0.07048718631267548,-0.1149672269821167,-0.04918234795331955,-1.2195022106170654,-0.11443430185317993,-0.1977752149105072,-0.11965946108102798,-0.02913764677941799,-0.5863999128341675,-0.027898211032152176,0.5453225374221802,-0.6080015897750854,-0.011682412587106228,-0.056005410850048065,-0.5318088531494141,0.3184593617916107,1.0203875303268433,-0.6158099174499512,0.4643521308898926,0.10330506414175034,-0.29208794236183167,0.0033046870958060026,0.24268989264965057,-0.6413513422012329,-0.6155688166618347,0.5391696691513062,0.0654514729976654,0.031086880713701248,0.0677596777677536,0.5207465887069702,0.18449676036834717,-0.09074769914150238,0.08548474311828613,-0.10954688489437103,-0.12788040935993195,-1.2149884700775146,-0.15378938615322113,-0.1697690635919571,-0.09853969514369965,-0.04189490154385567,-0.583758533000946,-0.06746870279312134,0.53731369972229,-0.5500404834747314,0.013053824193775654,-0.05403858423233032,-0.5519412159919739,0.33088013529777527,1.0470266342163086,-0.5849562883377075,0.4667302668094635,0.1227499470114708,-0.3108261525630951,-0.0064787850715219975,0.28615158796310425,-0.7158124446868896,-0.6314139366149902,0.5673969984054565,0.09900777786970139,-0.008782265707850456,0.09019851684570312,0.47694024443626404,0.16825857758522034,-0.08706933259963989
A,masked_6d,2,252,1,2,252_T1_P1_R2,25,5,0.03145309537649155,-0.10473170131444931,-0.03647535294294357,-1.1808124780654907,-0.09820528328418732,-0.20828482508659363,-0.15588930249214172,-0.024303551763296127,-0.5725210905075073,-0.03387858718633652,0.5579472184181213,-0.5875973701477051,-0.031997811049222946,-0.07497630268335342,-0.5326482057571411,0.32556214928627014,0.9925643801689148,-0.6143599152565002,0.44382745027542114,0.06680101901292801,-0.30849045515060425,-0.011877166107296944,0.2391900271177292,-0.5915381908416748,-0.6028432846069336,0.5308752059936523,0.06887708604335785,0.03649807721376419,0.06730199605226517,0.5016800761222839,0.18878373503684998,-0.07646383345127106,-0.015191557817161083,-0.0824359804391861,-0.106523297727108,-1.0982517004013062,-0.1333191692829132,-0.1835995614528656,-0.16310928761959076,-0.028313368558883667,-0.5461195111274719,-0.06758515536785126,0.5152088403701782,-0.45648255944252014,-0.016055062413215637,-0.10626975446939468,-0.5661284923553467,0.3648410439491272,0.9659451246261597,-0.5579878687858582,0.39763325452804565,0.026931678876280785,-0.3765065371990204,-0.06077181175351143,0.28999754786491394,-0.5943596959114075,-0.6206382513046265,0.5884021520614624,0.11035104840993881,-0.009143199771642685,0.092805877327919,0.4435175955295563,0.17833773791790009,-0.06216051056981087
A,masked_6d,2,252,2,1,252_T2_P1_R1,25,5,0.11678435653448105,-0.1122056245803833,-0.01373571902513504,-1.238466501235962,-0.1381196528673172,-0.23718562722206116,-0.1261005401611328,-0.036740172654390335,-0.6084802746772766,-0.04121817648410797,0.5117958784103394,-0.6502959728240967,0.006892859935760498,-0.07148993015289307,-0.5338284969329834,0.2824501395225525,0.9846712350845337,-0.6430402994155884,0.44331827759742737,0.1518086940050125,-0.23197630047798157,0.053710538893938065,0.2561767101287842,-0.6853490471839905,-0.5608118772506714,0.5436863303184509,0.016381453722715378,0.05382378771901131,0.054416436702013016,0.5767568349838257,0.13847550749778748,-0.07699047774076462,0.08077454566955566,-0.12741273641586304,-0.14608466625213623,-1.1998012065887451,-0.1884841024875641,-0.1756051927804947,-0.07575266063213348,-0.07220379263162613,-0.565649688243866,-0.05243260785937309,0.4655776619911194,-0.5125910043716431,0.02475302293896675,-0.049478717148303986,-0.5471943020820618,0.32725316286087036,1.0289851427078247,-0.5751137137413025,0.4280639588832855,0.1335584819316864,-0.35438913106918335,-0.011803952977061272,0.32717442512512207,-0.7226622104644775,-0.6172353625297546,0.6160247325897217,0.12288453429937363,-0.007206915412098169,0.13744734227657318,0.4717520773410797,0.1299118548631668,-0.05139540508389473
A,masked_6d,2,252,2,2,252_T2_P1_R2,25,5,0.0681179016828537,-0.14154627919197083,-0.057090628892183304,-1.2271207571029663,-0.12232553958892822,-0.17981457710266113,-0.14225497841835022,-0.06555856764316559,-0.6059711575508118,-0.05213446170091629,0.5549267530441284,-0.6416202783584595,0.015075837261974812,-0.028026729822158813,-0.5008243322372437,0.3164111375808716,1.0092946290969849,-0.6144794821739197,0.4450377821922302,0.10895059257745743,-0.267164409160614,0.02592981979250908,0.28040215373039246,-0.6550179719924927,-0.5765529274940491,0.5030748844146729,0.08539880812168121,0.045702576637268066,0.09262742102146149,0.5097597241401672,0.15327121317386627,-0.057586003094911575,0.047977376729249954,-0.16609717905521393,-0.18557322025299072,-1.2161109447479248,-0.15652818977832794,-0.11552158743143082,-0.10484030842781067,-0.09618774056434631,-0.5960697531700134,-0.08891777694225311,0.5424451231956482,-0.5302757620811462,0.03783705085515976,0.004434977658092976,-0.5328483581542969,0.39052456617355347,1.070560336112976,-0.5528090000152588,0.4650959074497223,0.08465567231178284,-0.37575680017471313,-0.03458792716264725,0.33920717239379883,-0.701769232749939,-0.6561893820762634,0.5550960302352905,0.18871596455574036,-0.017738457769155502,0.14802515506744385,0.440146803855896,0.1634799987077713,-0.0345170758664608
A,masked_6d,2,252,3,1,252_T3_P1_R1,25,5,0.1697932332754135,-0.15562239289283752,0.000157967209815979,-1.3309911489486694,-0.1665494292974472,-0.2181740254163742,-0.14959268271923065,-0.0049582310020923615,-0.6634440422058105,-0.10979382693767548,0.565318763256073,-0.7252084016799927,0.050191640853881836,-0.06749103963375092,-0.5557127594947815,0.21457597613334656,1.0371408462524414,-0.6426594853401184,0.46721404790878296,0.21491995453834534,-0.18541549146175385,0.1375724822282791,0.2542147636413574,-0.7408531904220581,-0.4732453227043152,0.503482460975647,-0.038804661482572556,-0.021761879324913025,0.008500924333930016,0.6551610827445984,0.05029786378145218,-0.07685177773237228,0.17421111464500427,-0.11202704906463623,0.012601539492607117,-1.33461594581604,-0.18362395465373993,-0.23417654633522034,-0.1643614023923874,0.024624109268188477,-0.6596233248710632,-0.10294318199157715,0.562664806842804,-0.7294937968254089,0.06430801004171371,-0.14572229981422424,-0.5962934494018555,0.19456811249256134,1.0409184694290161,-0.6776268482208252,0.44628363847732544,0.23424705862998962,-0.14864763617515564,0.13376978039741516,0.24451155960559845,-0.7898153066635132,-0.48122572898864746,0.5713116526603699,-0.06102246046066284,-0.060719192028045654,0.0034348764456808567,0.6864050626754761,0.04675732180476189,-0.11690089851617813
A,masked_6d,2,252,3,2,252_T3_P1_R2,24,5,0.14640562236309052,-0.18738096952438354,0.011661339551210403,-1.2643318176269531,-0.17893901467323303,-0.25501638650894165,-0.16761332750320435,-0.03723881021142006,-0.6525675058364868,-0.11219345033168793,0.4888245165348053,-0.6873817443847656,-0.0138412956148386,-0.07344967126846313,-0.5573378801345825,0.22101382911205292,0.9808724522590637,-0.6404328942298889,0.4434216618537903,0.18927204608917236,-0.19360582530498505,0.11215710639953613,0.28671449422836304,-0.7020221948623657,-0.4580862522125244,0.5008810758590698,-0.08180811256170273,-0.0156843364238739,-0.0258638858795166,0.6810572743415833,0.046213969588279724,-0.014572404325008392,0.10968486964702606,-0.14107683300971985,0.0009542264160700142,-1.1847366094589233,-0.20311827957630157,-0.2814524173736572,-0.20398788154125214,-0.03455335274338722,-0.610721230506897,-0.14529626071453094,0.48598289489746094,-0.6243095397949219,-0.044240545481443405,-0.14297810196876526,-0.5911734700202942,0.20990338921546936,0.9504967927932739,-0.6307368874549866,0.4165697991847992,0.1670386791229248,-0.20477977395057678,0.10577304661273956,0.31329238414764404,-0.6984934210777283,-0.43165192008018494,0.5412650108337402,-0.11246331036090851,-0.05381432920694351,-0.0514419749379158,0.6625145673751831,0.018174316734075546,-0.008546203374862671
A,masked_6d,2,651,1,1,651_T1_P1_R1,24,5,0.030137469992041588,-0.07879437506198883,-0.06804659217596054,-1.1634467840194702,-0.10897616297006607,-0.16187827289104462,-0.11577621847391129,-0.011518524959683418,-0.5151678323745728,0.011654086410999298,0.5420094728469849,-0.5824884176254272,-0.028277907520532608,-0.09530200064182281,-0.5210973024368286,0.34044674038887024,1.0165884494781494,-0.6511809825897217,0.4531882703304291,0.0686824694275856,-0.25303781032562256,-0.04335253685712814,0.24874277412891388,-0.6957560777664185,-0.6537544131278992,0.5747265815734863,0.10979112237691879,0.05624997615814209,0.056418586522340775,0.4518961012363434,0.22773146629333496,-0.14069904386997223,-0.02682412602007389,0.0006843112641945481,-0.11880619823932648,-1.1232579946517944,-0.14441873133182526,-0.17787052690982819,-0.12898863852024078,0.006611550692468882,-0.47899141907691956,0.008936580270528793,0.5306705236434937,-0.5145803093910217,-0.019134148955345154,-0.19414165616035461,-0.5827608108520508,0.31241098046302795,1.0241553783416748,-0.6646614670753479,0.42827433347702026,0.06196765974164009,-0.2542174756526947,-0.07273651659488678,0.26200300455093384,-0.7507362961769104,-0.6630014181137085,0.6712472438812256,0.12444667518138885,-0.013731089420616627,0.06907584518194199,0.4081021249294281,0.2407960444688797,-0.19181469082832336
A,masked_6d,2,651,1,2,651_T1_P1_R2,24,5,0.07850002497434616,-0.07200084626674652,-0.03696182370185852,-1.2112573385238647,-0.11144602298736572,-0.16934354603290558,-0.12040722370147705,0.0018634222215041518,-0.541892409324646,0.007989472709596157,0.5607924461364746,-0.6489927768707275,-0.006189057137817144,-0.08533666282892227,-0.5086089372634888,0.292350172996521,1.0224215984344482,-0.6751476526260376,0.45710402727127075,0.11929534375667572,-0.1962737739086151,0.012730062007904053,0.228206068277359,-0.7295719385147095,-0.6152520179748535,0.5442838668823242,0.07616337388753891,0.07516421377658844,0.049894917756319046,0.47601038217544556,0.2039295732975006,-0.16867367923259735,0.07556778192520142,-0.04556230455636978,-0.07085446268320084,-1.2556442022323608,-0.16876007616519928,-0.15855416655540466,-0.11566793918609619,0.032937534153461456,-0.5398849844932556,-0.017782889306545258,0.5603746175765991,-0.6473895311355591,0.03864100202918053,-0.1262115091085434,-0.5422717332839966,0.24200192093849182,1.057939052581787,-0.6830660700798035,0.44286805391311646,0.16209079325199127,-0.1647186577320099,0.033790238201618195,0.2631259262561798,-0.8431082963943481,-0.5938105583190918,0.5926533937454224,0.07566623389720917,-0.002096276031807065,0.037495795637369156,0.4613521993160248,0.16920384764671326,-0.22081510722637177
A,masked_6d,2,651,2,1,651_T2_P1_R1,25,5,0.005024691578000784,-0.1609574556350708,-0.1205320805311203,-1.1803336143493652,-0.1347723752260208,-0.11334041506052017,-0.12210117280483246,-0.02127091959118843,-0.5366414785385132,-0.02395455166697502,0.5431605577468872,-0.58305823802948,-0.02967211604118347,-0.056311070919036865,-0.49774590134620667,0.3297867476940155,1.041751503944397,-0.6140557527542114,0.45379671454429626,0.06884519755840302,-0.2799358367919922,-0.0415881872177124,0.30862143635749817,-0.7227055430412292,-0.624847948551178,0.5101578235626221,0.11042419821023941,0.018903039395809174,0.010852500796318054,0.41690152883529663,0.1936144381761551,-0.08897650986909866,-0.02439001016318798,-0.12543165683746338,-0.13756033778190613,-1.152229905128479,-0.15145474672317505,-0.12919388711452484,-0.13828250765800476,-0.02312360890209675,-0.5210498571395874,-0.05726073309779167,0.5252830982208252,-0.5207490921020508,-0.038378097116947174,-0.08064865320920944,-0.5277139544487,0.3304685056209564,0.9976984262466431,-0.6076515913009644,0.4367401599884033,0.05948149412870407,-0.2896118760108948,-0.044982437044382095,0.3217669129371643,-0.6968432068824768,-0.6106635332107544,0.5362210273742676,0.094886913895607,0.005029444582760334,0.029625514522194862,0.4037357270717621,0.16780702769756317,-0.08940736204385757
A,masked_6d,2,651,2,2,651_T2_P1_R2,26,5,0.01373298466205597,-0.15771235525608063,-0.08752704411745071,-1.1640288829803467,-0.11766739189624786,-0.12315378338098526,-0.13025589287281036,-0.012585188262164593,-0.5347408056259155,-0.0014976758975535631,0.5294390320777893,-0.5965753793716431,-0.031562402844429016,-0.05994432047009468,-0.48785775899887085,0.33578649163246155,1.0159986019134521,-0.6258472204208374,0.4373733401298523,0.06178085133433342,-0.2655872404575348,-0.05280565470457077,0.290874719619751,-0.7029424905776978,-0.6236816048622131,0.5087330341339111,0.10509393364191055,0.048858221620321274,0.010422094725072384,0.4349702000617981,0.20661576092243195,-0.08961355686187744,-0.01611892506480217,-0.07561072707176208,-0.12815186381340027,-1.1207494735717773,-0.14082367718219757,-0.130990132689476,-0.1376761943101883,0.004059101454913616,-0.5007890462875366,-0.019420543685555458,0.5224863290786743,-0.536117672920227,-0.005953471176326275,-0.1381342113018036,-0.5349341034889221,0.3297227621078491,0.9981544613838196,-0.6346428394317627,0.413129985332489,0.0626596063375473,-0.27175167202949524,-0.08001701533794403,0.2974398732185364,-0.7322993278503418,-0.6313090324401855,0.5971435308456421,0.11528847366571426,0.003623158438131213,0.03538782149553299,0.4245109558105469,0.19831374287605286,-0.13449427485466003
A,masked_6d,2,651,3,1,651_T3_P1_R1,24,5,0.04802002012729645,-0.15925367176532745,-0.03566230088472366,-1.2006950378417969,-0.09915656596422195,-0.1831989586353302,-0.10612660646438599,-0.03346576541662216,-0.5567015409469604,-0.007517297752201557,0.5122340321540833,-0.6248671412467957,-0.05631299689412117,-0.02471730299293995,-0.49466055631637573,0.3468693792819977,0.9823338389396667,-0.6457281708717346,0.46955642104148865,0.07862869650125504,-0.26985082030296326,-0.04013298824429512,0.2600650191307068,-0.6210036873817444,-0.6211780905723572,0.5110644102096558,0.056524693965911865,0.08744771778583527,0.035079892724752426,0.5262203216552734,0.19734761118888855,-0.07294116169214249,0.02992459014058113,-0.124298594892025,-0.06567780673503876,-1.1723322868347168,-0.1060982346534729,-0.18270716071128845,-0.10066695511341095,-0.02226267382502556,-0.534244179725647,-0.015436721034348011,0.5023928284645081,-0.5816599130630493,-0.03972427919507027,-0.05256258323788643,-0.5163821578025818,0.3632640242576599,0.9651447534561157,-0.6459622979164124,0.45928454399108887,0.06850253790616989,-0.28440573811531067,-0.07524560391902924,0.2665598392486572,-0.6265876889228821,-0.6356817483901978,0.5599181652069092,0.07502271980047226,0.07955435663461685,0.05635228753089905,0.513437032699585,0.20174023509025574,-0.09392035752534866
A,masked_6d,2,651,3,2,651_T3_P1_R2,24,5,0.026471078395843506,-0.13738326728343964,-0.035154104232788086,-1.1830244064331055,-0.10725090652704239,-0.20187802612781525,-0.11726471036672592,-0.025724291801452637,-0.5515157580375671,-0.0034223664551973343,0.5040807723999023,-0.6222745180130005,-0.052279066294431686,-0.055451881140470505,-0.5050073862075806,0.32367509603500366,0.9730606079101562,-0.6492866277694702,0.45567265152931213,0.0756048709154129,-0.2515920400619507,-0.04131817817687988,0.2636827826499939,-0.6354669332504272,-0.6057085394859314,0.5219711065292358,0.046615589410066605,0.06952885538339615,0.02432137355208397,0.5177499055862427,0.20389306545257568,-0.08937766402959824,0.00037659003282897174,-0.11191008239984512,-0.058729201555252075,-1.1678597927093506,-0.11384904384613037,-0.1880703717470169,-0.1316145360469818,-0.009726221673190594,-0.543325662612915,-0.029400337487459183,0.53242427110672,-0.6011031866073608,-0.04467327520251274,-0.08162160217761993,-0.5218256711959839,0.32368606328964233,0.9753412008285522,-0.6487202048301697,0.4575098156929016,0.06180204078555107,-0.2454768419265747,-0.04970233142375946,0.27001872658729553,-0.6522170305252075,-0.607053279876709,0.5307614207267761,0.05603770166635513,0.054723698645830154,0.0272841639816761,0.4846792221069336,0.20091131329536438,-0.11140261590480804
A,masked_6d,2,671,1,1,671_T1_P1_R1,26,5,0.09879475831985474,-0.15921394526958466,-0.0024211821146309376,-1.2485872507095337,-0.07694543898105621,-0.20722541213035583,-0.10666792094707489,-0.044058769941329956,-0.6150996685028076,-0.02603851817548275,0.545655369758606,-0.6803688406944275,-0.017708713188767433,0.010471688583493233,-0.5054882764816284,0.31520605087280273,0.9982668161392212,-0.6213458776473999,0.5059295892715454,0.10397522151470184,-0.2625184953212738,0.018362345173954964,0.23250818252563477,-0.6243847608566284,-0.5842793583869934,0.46856775879859924,0.056786585599184036,0.10637743771076202,0.048436082899570465,0.5490546226501465,0.20496800541877747,-0.0660313218832016,0.07963746041059494,-0.11228390783071518,-0.07572095841169357,-1.2105951309204102,-0.11427312344312668,-0.2070578783750534,-0.09345913678407669,-0.04648967459797859,-0.5843032002449036,-0.043967898935079575,0.5162456631660461,-0.5993964076042175,-0.012424934655427933,-0.053170353174209595,-0.5513233542442322,0.3137757182121277,0.9962708353996277,-0.6234391331672668,0.4852463901042938,0.11391172558069229,-0.2864542007446289,-0.012618604116141796,0.25458192825317383,-0.66082364320755,-0.5953543782234192,0.5570721626281738,0.071372851729393,0.05238279700279236,0.07145103067159653,0.5341320037841797,0.1875820755958557,-0.07587534189224243
A,masked_6d,2,671,1,2,671_T1_P1_R2,24,5,0.08071776479482651,-0.19088652729988098,-0.012422865256667137,-1.272503137588501,-0.08559847623109818,-0.17921867966651917,-0.10193251073360443,-0.045744188129901886,-0.6209995150566101,-0.028484370559453964,0.5498672723770142,-0.6820346117019653,-0.023236161097884178,0.03533915430307388,-0.48532265424728394,0.3213813900947571,1.02749502658844,-0.6056315898895264,0.5175737142562866,0.09943578392267227,-0.27775880694389343,0.017770225182175636,0.250328928232193,-0.6325065493583679,-0.5974828600883484,0.44326990842819214,0.07470844686031342,0.090087890625,0.04048904404044151,0.5231470465660095,0.20894141495227814,-0.05804339796304703,0.06455106288194656,-0.1460283100605011,-0.10273773968219757,-1.2605844736099243,-0.14385995268821716,-0.1516314297914505,-0.08238007128238678,-0.04099179059267044,-0.5901302695274353,-0.056098710745573044,0.5289634466171265,-0.5895297527313232,-0.0008186075720004737,-0.02587416209280491,-0.5419809818267822,0.31855836510658264,1.0598094463348389,-0.6000415086746216,0.49847421050071716,0.12118256092071533,-0.31733837723731995,-0.008531436324119568,0.2845306992530823,-0.6973483562469482,-0.6212953329086304,0.5505480766296387,0.10043041408061981,-0.002868124982342124,0.07316335290670395,0.5026745796203613,0.17342312633991241,-0.08243314921855927
A,masked_6d,2,671,2,1,671_T2_P1_R1,24,5,0.04694168642163277,-0.11093330383300781,-0.09584958851337433,-1.16044282913208,-0.08704177290201187,-0.101687952876091,-0.1317063868045807,-0.0020073107443749905,-0.5247824192047119,-0.017909761518239975,0.6241795420646667,-0.6065725088119507,-0.02439282462000847,-0.05386854335665703,-0.48301011323928833,0.361260324716568,1.072554588317871,-0.618038535118103,0.47584328055381775,0.06108652427792549,-0.2871328890323639,-0.03138231113553047,0.2339695394039154,-0.669292688369751,-0.6668705344200134,0.49816903471946716,0.1411212533712387,0.0506565161049366,0.06204529479146004,0.4103660583496094,0.21182981133460999,-0.13770756125450134,-0.002632695948705077,-0.09419547766447067,-0.12734267115592957,-1.1283801794052124,-0.10985137522220612,-0.10159552097320557,-0.13967621326446533,-0.0036369350273162127,-0.5040174722671509,-0.03497368097305298,0.6350182890892029,-0.5489806532859802,-0.039534322917461395,-0.07901156693696976,-0.5064103007316589,0.35037750005722046,1.073549509048462,-0.6044548749923706,0.4636837840080261,0.033585239201784134,-0.29499098658561707,-0.03425271064043045,0.262401282787323,-0.6843352317810059,-0.6708529591560364,0.514845609664917,0.15088415145874023,0.01764741726219654,0.0799432247877121,0.33520805835723877,0.19931940734386444,-0.14298610389232635
A,masked_6d,2,671,2,2,671_T2_P1_R2,27,5,0.05872005969285965,-0.1274167001247406,-0.05741368606686592,-1.2019792795181274,-0.08203566074371338,-0.08532053232192993,-0.13504016399383545,0.0307050459086895,-0.5228846669197083,-0.013163132593035698,0.6565253138542175,-0.6719579100608826,-0.025465231388807297,-0.047769881784915924,-0.4595719873905182,0.3160838484764099,1.0813674926757812,-0.6387561559677124,0.4899236261844635,0.08291193097829819,-0.21179616451263428,8.033141784835607e-05,0.23113946616649628,-0.7139630317687988,-0.6277095675468445,0.45219650864601135,0.11128280311822891,0.052854813635349274,0.01034608669579029,0.4028368890285492,0.20646920800209045,-0.16504374146461487,0.049739986658096313,-0.11752083152532578,-0.13072064518928528,-1.2148053646087646,-0.11563167721033096,-0.03784717991948128,-0.11687858402729034,0.0311360452324152,-0.5118812322616577,-0.03587455302476883,0.6520390510559082,-0.5983032584190369,-0.01453541498631239,-0.05786018818616867,-0.4903464913368225,0.34296873211860657,1.1292946338653564,-0.6267175674438477,0.4951655864715576,0.09260635823011398,-0.2709542512893677,-0.022345829755067825,0.2513812780380249,-0.7685513496398926,-0.6880468726158142,0.5140551328659058,0.1685279905796051,0.0009449109202250838,0.05777212232351303,0.3584369719028473,0.19646039605140686,-0.17610110342502594
A,masked_6d,2,671,3,1,671_T3_P1_R1,27,5,0.025202373042702675,-0.27630406618118286,-0.014538553543388844,-1.2816791534423828,-0.0963224470615387,-0.08634792268276215,-0.13100552558898926,-0.030360069125890732,-0.6003343462944031,-0.07994627207517624,0.6508792638778687,-0.7024974226951599,-0.033568236976861954,0.09719133377075195,-0.4326092302799225,0.3209959864616394,1.0729044675827026,-0.5430654287338257,0.5095223188400269,0.06255459785461426,-0.2878686785697937,0.028197091072797775,0.3142448365688324,-0.5769819021224976,-0.5386747717857361,0.34688037633895874,0.060377638787031174,0.028233205899596214,-0.006461434066295624,0.44357672333717346,0.13686370849609375,-0.043041057884693146,-0.09215482324361801,-0.198561429977417,-0.07086335122585297,-1.1599884033203125,-0.11685745418071747,-0.11552631855010986,-0.18744316697120667,-0.06853367388248444,-0.5436691045761108,-0.05269051343202591,0.5905086994171143,-0.5876435041427612,-0.09585386514663696,0.012273745611310005,-0.44768834114074707,0.31228429079055786,1.0029571056365967,-0.5646054744720459,0.44733089208602905,0.001978142885491252,-0.28881290555000305,-0.01044715940952301,0.3246957063674927,-0.5462157726287842,-0.5473379492759705,0.39050164818763733,0.08565634489059448,0.01820511743426323,0.01111827977001667,0.35169991850852966,0.18126782774925232,-0.02923104166984558
A,masked_6d,2,671,3,2,671_T3_P1_R2,28,5,-0.04700470715761185,-0.23615427315235138,0.0582100972533226,-1.1546556949615479,-0.07139758765697479,-0.17365674674510956,-0.19220757484436035,0.010615112259984016,-0.5339602828025818,-0.024287134408950806,0.6131827235221863,-0.6993893384933472,-0.11679438501596451,-0.03413038328289986,-0.4516586363315582,0.3020034730434418,0.9817301630973816,-0.6129879355430603,0.454338937997818,0.0034674883354455233,-0.22674600780010223,-0.0310505423694849,0.26582983136177063,-0.5025731325149536,-0.5062991380691528,0.38488173484802246,-0.031640905886888504,0.03889547660946846,-0.07442330569028854,0.4882023334503174,0.1584259569644928,-0.05024805665016174,-0.057647496461868286,-0.16385367512702942,-0.009534402750432491,-1.138340711593628,-0.09470760822296143,-0.15593278408050537,-0.17444679141044617,0.012930256314575672,-0.48517632484436035,-0.025300249457359314,0.6163495779037476,-0.6445399522781372,-0.10474983602762222,-0.08508926630020142,-0.4831486642360687,0.30187028646469116,0.999172568321228,-0.6291701197624207,0.4591672420501709,0.02154083549976349,-0.2194564789533615,-0.05274052172899246,0.2612210214138031,-0.5490576028823853,-0.5317960977554321,0.46674495935440063,0.0044768196530640125,0.0007709409692324698,-0.02646443247795105,0.448014497756958,0.16677770018577576,-0.10264474153518677
A,masked_6d,2,790,1,1,790_T1_P1_R1,25,5,0.13146767020225525,-0.1568312793970108,-0.10418444871902466,-1.3112547397613525,-0.14971473813056946,-0.14343592524528503,-0.09336920827627182,-0.026538852602243423,-0.6271868944168091,-0.10981164872646332,0.5889481902122498,-0.6434175372123718,0.04643542319536209,0.010890688747167587,-0.5270363092422485,0.3187919557094574,1.0810811519622803,-0.5982669591903687,0.49272385239601135,0.14896515011787415,-0.3232089579105377,0.03896348923444748,0.2796066701412201,-0.6824955344200134,-0.5877689719200134,0.48489147424697876,0.0817248746752739,-0.006327291484922171,0.06981608271598816,0.5400258898735046,0.09533729404211044,-0.06757603585720062,0.08822748064994812,-0.1370353400707245,-0.1492237150669098,-1.2786659002304077,-0.20355796813964844,-0.14365752041339874,-0.1164657324552536,-0.02848104201257229,-0.6207631230354309,-0.13745173811912537,0.5672935843467712,-0.5900030136108398,0.07665898650884628,-0.04515779763460159,-0.5583921074867249,0.2928536534309387,1.080862045288086,-0.577785074710846,0.4520775377750397,0.15159054100513458,-0.32424086332321167,0.04330062121152878,0.3226860463619232,-0.7419064044952393,-0.5672665238380432,0.5388728380203247,0.08633993566036224,-0.07466856390237808,0.08230695128440857,0.5034912824630737,0.06406668573617935,-0.07658524066209793
A,masked_6d,2,790,1,2,790_T1_P1_R2,26,5,0.11988340318202972,-0.18945816159248352,-0.06549609452486038,-1.2947132587432861,-0.13200658559799194,-0.14512446522712708,-0.1182059794664383,-0.05053035542368889,-0.6367998719215393,-0.09480887651443481,0.5660489797592163,-0.6780198216438293,0.023365367203950882,0.03953711315989494,-0.4837277829647064,0.3300016522407532,1.0417299270629883,-0.6068636775016785,0.47724518179893494,0.13385233283042908,-0.28849610686302185,0.03308489918708801,0.28755202889442444,-0.6459170579910278,-0.5725557804107666,0.4468364119529724,0.07684174180030823,0.04707663506269455,0.06983732432126999,0.5514411330223083,0.11385130882263184,-0.044508934020996094,0.11568647623062134,-0.22277145087718964,-0.14888246357440948,-1.3645145893096924,-0.18527956306934357,-0.07874004542827606,-0.07854931056499481,-0.06325052678585052,-0.6700031757354736,-0.15459494292736053,0.5737184882164001,-0.6253402829170227,0.07406137883663177,0.09805957973003387,-0.504815399646759,0.3562421500682831,1.127139925956726,-0.54292231798172,0.5088692903518677,0.1446618288755417,-0.37948814034461975,0.03424365073442459,0.3481002151966095,-0.7068457007408142,-0.6140772700309753,0.4645608365535736,0.1597040891647339,-0.029900169000029564,0.12534606456756592,0.49470090866088867,0.08834654837846756,-0.04136437177658081
A,masked_6d,2,790,2,1,790_T2_P1_R1,25,5,0.1728578507900238,-0.16848471760749817,-0.11908397823572159,-1.3461081981658936,-0.1546982228755951,-0.12354135513305664,-0.0744471475481987,-0.04197291284799576,-0.6544460654258728,-0.10363781452178955,0.5724940299987793,-0.6824212670326233,0.08751825243234634,0.04833211749792099,-0.5045005083084106,0.31353580951690674,1.0932838916778564,-0.6057281494140625,0.49738430976867676,0.18188944458961487,-0.29833704233169556,0.051228273659944534,0.2986670136451721,-0.7592756152153015,-0.5928019881248474,0.47315388917922974,0.12933234870433807,0.021996427327394485,0.1037064790725708,0.5310603380203247,0.1059836745262146,-0.07118339836597443,0.14657370746135712,-0.17617574334144592,-0.1722068041563034,-1.3589179515838623,-0.20109307765960693,-0.10789432376623154,-0.07073371112346649,-0.057593151926994324,-0.665707528591156,-0.1337285041809082,0.5541563630104065,-0.6450995802879333,0.10344485938549042,0.04630225896835327,-0.5240978002548218,0.3036614954471588,1.114611268043518,-0.5891088843345642,0.49694016575813293,0.18763414025306702,-0.3132569491863251,0.050295665860176086,0.3367440104484558,-0.8052144050598145,-0.5933941006660461,0.4919707775115967,0.14657095074653625,-0.026958990842103958,0.11740604043006897,0.5000789165496826,0.08909499645233154,-0.062018316239118576
A,masked_6d,2,790,2,2,790_T2_P1_R2,26,5,0.15767399966716766,-0.1595282405614853,-0.06770465523004532,-1.3439610004425049,-0.12471747398376465,-0.13510362803936005,-0.09538135677576065,-0.02342417649924755,-0.6564118266105652,-0.10117121040821075,0.6077224016189575,-0.7220304012298584,0.07733690738677979,0.0397593155503273,-0.49127086997032166,0.305721253156662,1.0821278095245361,-0.6113648414611816,0.5024517178535461,0.1660502851009369,-0.2758314609527588,0.05932120233774185,0.2749861478805542,-0.721937894821167,-0.573685348033905,0.4466584324836731,0.10953420400619507,0.04298817738890648,0.08612426370382309,0.5459145307540894,0.11827267706394196,-0.09165646135807037,0.155197411775589,-0.12019948661327362,-0.08965565264225006,-1.305893063545227,-0.13904957473278046,-0.14816048741340637,-0.10965968668460846,-0.023630278185009956,-0.6368454694747925,-0.10673202574253082,0.5859125852584839,-0.6801342964172363,0.06656833738088608,-0.007239924278110266,-0.5148703455924988,0.3046458661556244,1.0494457483291626,-0.6352648735046387,0.4760298728942871,0.1640128791332245,-0.2502293288707733,0.04135013744235039,0.27554062008857727,-0.735136091709137,-0.5684037208557129,0.47724395990371704,0.09473609924316406,0.02949996292591095,0.06768213957548141,0.5514373779296875,0.11823222786188126,-0.0841008722782135
A,masked_6d,2,790,3,1,790_T3_P1_R1,27,5,0.13027578592300415,-0.12849968671798706,-0.06509040296077728,-1.283447027206421,-0.1407519280910492,-0.14803525805473328,-0.10478468239307404,-0.009111898951232433,-0.6000515818595886,-0.052284467965364456,0.5573740005493164,-0.68632972240448,0.066070057451725,-0.04725444316864014,-0.51486736536026,0.2921072244644165,1.0548169612884521,-0.6465483903884888,0.45337024331092834,0.1667182296514511,-0.23817022144794464,0.025321602821350098,0.26464611291885376,-0.7504040002822876,-0.5801268815994263,0.5366734266281128,0.0763886421918869,0.013026204891502857,0.056018244475126266,0.5670938491821289,0.1293710321187973,-0.12103023380041122,0.08764100819826126,-0.09660927206277847,-0.1377522200345993,-1.2430732250213623,-0.18421396613121033,-0.11658219248056412,-0.10472069680690765,-0.022460104897618294,-0.5641934275627136,-0.055254172533750534,0.5426445007324219,-0.628182590007782,0.07177938520908356,-0.0974152535200119,-0.5348346829414368,0.3010251522064209,1.0823677778244019,-0.6524084806442261,0.43622857332229614,0.1604953110218048,-0.224772647023201,-0.013629110530018806,0.3062289357185364,-0.840815544128418,-0.6123555302619934,0.6089992523193359,0.12992437183856964,-0.03075750172138214,0.0931302160024643,0.4894832968711853,0.14514097571372986,-0.14811387658119202
A,masked_6d,2,790,3,2,790_T3_P1_R2,25,5,0.1847408562898636,-0.15738940238952637,-0.012019442394375801,-1.3121336698532104,-0.11675944179296494,-0.14893770217895508,-0.11800587177276611,0.023545395582914352,-0.6192097067832947,-0.0739954262971878,0.5916271805763245,-0.732825756072998,0.0849556103348732,-0.010736997239291668,-0.5096067190170288,0.28926119208335876,1.0564942359924316,-0.6245534420013428,0.4604681432247162,0.18063977360725403,-0.2301645278930664,0.062408410012722015,0.24212315678596497,-0.7172735929489136,-0.5418144464492798,0.500830352306366,0.055150121450424194,0.024692630395293236,0.04058704525232315,0.6177289485931396,0.10194488614797592,-0.12755000591278076,0.3449665606021881,-0.193657785654068,-0.010944008827209473,-1.4385217428207397,-0.1607692837715149,-0.12918439507484436,-0.0547238290309906,0.05722767114639282,-0.6693981289863586,-0.10560864210128784,0.5709384679794312,-0.8264603614807129,0.17517374455928802,0.0314413458108902,-0.5191978216171265,0.2363475263118744,1.1141223907470703,-0.623310923576355,0.4860852360725403,0.3197042644023895,-0.16028816998004913,0.1278626173734665,0.2714523673057556,-0.8880438804626465,-0.48675456643104553,0.5204352736473083,0.0426696240901947,0.01112281158566475,0.029557202011346817,0.6979790329933167,0.04180888086557388,-0.15882210433483124
A,masked_angular_velocity,0,252,1,1,252_T1_P1_R1,23,5,1.5072680711746216,1.2158044576644897,-8.36591625213623,14.277839660644531,2.013749837875366,2.0701189041137695,0.6051411628723145,-3.1890172958374023,-1.0553261041641235,-0.6118780374526978,-0.4780733585357666,0.7469342350959778,2.798438310623169,2.712573528289795,2.643662214279175,-0.06765474379062653,-1.149928331375122,5.7405524253845215,-2.585484504699707,0.9276084899902344,1.4072750806808472,2.3297762870788574,1.2274123430252075,-4.352517127990723,8.946383476257324,-4.695679664611816,-4.745092868804932,-0.2551526427268982,4.7511515617370605,1.6587616205215454,-2.380526542663574,5.770045280456543,1.5971753597259521,1.1546542644500732,-8.194101333618164,13.960522651672363,1.935957670211792,2.14097261428833,0.6973613500595093,-3.339911937713623,-1.0733792781829834,-0.6569611430168152,-0.4813101887702942,0.8463312387466431,2.707303524017334,2.7147300243377686,2.868006944656372,-0.09579883515834808,-1.0023151636123657,5.8170671463012695,-2.5831634998321533,0.8295409083366394,1.3905893564224243,2.2750356197357178,1.138680100440979,-4.192540168762207,8.875846862792969,-4.5877861976623535,-4.660055637359619,-0.012873521074652672,4.598027229309082,1.7647819519042969,-2.214169979095459,5.617615222930908
A,masked_angular_velocity,0,252,1,2,252_T1_P1_R2,25,5,1.3066449165344238,1.1685339212417603,-8.444791793823242,14.539759635925293,2.1184420585632324,2.2001819610595703,0.45490598678588867,-3.048218250274658,-0.7848935723304749,-0.688992977142334,-0.3269153833389282,0.8149018287658691,2.791940689086914,2.819690227508545,2.525585412979126,-0.34095293283462524,-1.1937755346298218,5.447203159332275,-2.6631240844726562,1.2434817552566528,1.5089843273162842,2.408639430999756,1.3711378574371338,-4.812651634216309,9.093889236450195,-4.976737976074219,-4.812068939208984,-0.26042693853378296,4.8729023933410645,1.651554822921753,-2.4980411529541016,5.766263484954834,1.0832479000091553,0.9736608266830444,-8.300504684448242,14.265902519226074,2.0591647624969482,2.275602102279663,0.2586972713470459,-2.940276622772217,-0.6210305690765381,-0.774139404296875,-0.20624668896198273,0.8319656252861023,2.6871142387390137,2.715914011001587,2.480699062347412,-0.5979141592979431,-1.0989668369293213,5.131308078765869,-2.712615489959717,1.2623851299285889,1.5769641399383545,2.3656458854675293,1.3026009798049927,-4.903103828430176,8.990506172180176,-4.95894718170166,-4.582612037658691,-0.13544781506061554,4.693763256072998,1.6354258060455322,-2.352785110473633,5.484061241149902
A,masked_angular_velocity,0,252,2,1,252_T2_P1_R1,25,5,1.7262136936187744,1.4332225322723389,-8.287931442260742,13.954954147338867,1.8215593099594116,1.8691465854644775,0.8396202325820923,-3.1701557636260986,-1.085319995880127,-0.30729955434799194,-0.6282760500907898,0.6893128752708435,2.591646194458008,2.599137783050537,2.5215306282043457,0.15971803665161133,-1.2382005453109741,5.9069437980651855,-2.272684097290039,0.5690159797668457,1.365847110748291,2.1369152069091797,1.0042288303375244,-4.127246379852295,8.676321983337402,-4.434072971343994,-4.72004508972168,-0.25761520862579346,4.583901405334473,2.0035552978515625,-2.4442477226257324,5.77156925201416,1.3947672843933105,1.028577208518982,-7.745574951171875,13.062225341796875,1.7912664413452148,1.8034775257110596,0.6082334518432617,-2.9161529541015625,-1.0695940256118774,-0.41814327239990234,-0.5841482281684875,0.6459844708442688,2.3250317573547363,2.26314115524292,2.4231691360473633,-0.04759844392538071,-1.032975196838379,5.243926048278809,-2.343151092529297,0.6736456155776978,1.3979167938232422,2.1683261394500732,0.9127848744392395,-3.9056859016418457,8.01780891418457,-4.069043159484863,-4.093991279602051,-0.12927952408790588,4.0686821937561035,1.8853414058685303,-2.1599972248077393,5.162120342254639
A,masked_angular_velocity,0,252,2,2,252_T2_P1_R2,25,5,1.6794846057891846,1.3881783485412598,-8.772032737731934,15.144709587097168,2.1317365169525146,2.5810132026672363,0.7084210515022278,-3.6059165000915527,-1.0551306009292603,-0.6943953037261963,-0.7030013799667358,0.766620934009552,2.8811066150665283,2.879664182662964,2.8525593280792236,-0.0767040103673935,-0.8427003622055054,5.80954647064209,-2.930943727493286,1.129174828529358,1.5706613063812256,2.642329454421997,1.4528316259384155,-4.97383975982666,9.682157516479492,-5.199835777282715,-4.964325904846191,-0.012313482351601124,5.302210807800293,1.619577169418335,-2.392822265625,6.164492607116699,1.421054482460022,1.0706590414047241,-8.51536750793457,14.789607048034668,2.1863934993743896,2.8359053134918213,0.5011289715766907,-3.6932573318481445,-0.9833988547325134,-0.9478647112846375,-0.6876593828201294,0.8541924953460693,2.7109715938568115,2.69521164894104,3.005535840988159,-0.38862693309783936,-0.4392768442630768,5.243255615234375,-3.243922710418701,1.3735206127166748,1.6591383218765259,2.8217005729675293,1.5278164148330688,-5.134943008422852,9.54581356048584,-5.223631858825684,-4.534070014953613,0.3372984826564789,5.1884446144104,1.4137415885925293,-2.1327052116394043,5.775192737579346
A,masked_angular_velocity,0,252,3,1,252_T3_P1_R1,25,5,1.8504085540771484,1.6202360391616821,-8.459352493286133,14.839154243469238,1.9350430965423584,2.460491895675659,0.93377685546875,-3.5957183837890625,-0.7789293527603149,-0.5136390328407288,-0.548170268535614,1.0407856702804565,2.5588841438293457,3.1545262336730957,2.844190835952759,-0.09194093942642212,-0.9872837066650391,5.879054546356201,-2.5562446117401123,1.0213263034820557,1.4274483919143677,2.220517158508301,1.376143217086792,-5.060696601867676,9.458990097045898,-5.289830684661865,-5.305241584777832,0.18145756423473358,5.209822654724121,2.0900392532348633,-2.605891466140747,6.219679832458496,2.0143258571624756,1.7320419549942017,-8.349762916564941,14.488369941711426,1.7949517965316772,2.1031041145324707,1.1585099697113037,-3.3542563915252686,-0.6414082646369934,-0.34327271580696106,-0.49025577306747437,1.0980740785598755,2.3793530464172363,3.1467602252960205,2.6481871604919434,0.002812552498653531,-1.2429554462432861,5.980937957763672,-2.1436803340911865,0.8623803853988647,1.332802176475525,1.9088599681854248,1.2655097246170044,-4.95167875289917,9.091495513916016,-4.973479270935059,-5.429947376251221,0.10674414783716202,4.959280014038086,2.5031991004943848,-2.7300660610198975,6.138714790344238
A,masked_angular_velocity,0,252,3,2,252_T3_P1_R2,24,5,1.640381097793579,1.6177871227264404,-8.493083000183105,14.935526847839355,1.9017505645751953,2.464190721511841,0.7496052980422974,-3.4447474479675293,-0.5998004078865051,-0.4603893756866455,-0.3908070921897888,1.0296076536178589,2.456010580062866,3.123155117034912,2.6638264656066895,-0.3059529960155487,-1.0673458576202393,5.644371032714844,-2.5516200065612793,1.0649712085723877,1.4891977310180664,2.1478514671325684,1.3231227397918701,-5.355824947357178,9.490715980529785,-5.411983489990234,-5.274914741516113,0.14938385784626007,5.190097808837891,2.1726181507110596,-2.726778030395508,6.16862154006958,1.445225715637207,1.565580129623413,-8.193567276000977,14.539998054504395,1.8754886388778687,2.4310905933380127,0.732117772102356,-3.105628490447998,-0.23522980511188507,-0.44049111008644104,-0.1886724978685379,1.1260550022125244,2.225778818130493,3.104562997817993,2.373922109603882,-0.5493806600570679,-1.1386680603027344,5.193356513977051,-2.3887691497802734,1.3010118007659912,1.5283600091934204,2.0404980182647705,1.330217957496643,-5.594047546386719,9.158016204833984,-5.381832122802734,-5.19413423538208,0.16743972897529602,4.937623023986816,2.3733935356140137,-2.83575701713562,5.94264554977417
A,masked_angular_velocity,0,651,1,1,651_T1_P1_R1,24,5,1.4901124238967896,1.256408452987671,-8.23067855834961,13.944537162780762,1.9393278360366821,2.0978918075561523,0.7135288715362549,-3.220569610595703,-0.9428125619888306,-0.559426486492157,-0.5265375375747681,0.7325776219367981,2.6885106563568115,2.58685302734375,2.5318844318389893,-0.09707628935575485,-1.0464754104614258,5.675139427185059,-2.498258590698242,0.8394759893417358,1.4594476222991943,2.340088129043579,1.1784610748291016,-4.277585029602051,8.792572975158691,-4.5535736083984375,-4.575080871582031,-0.1605147421360016,4.671080112457275,1.6504695415496826,-2.3657450675964355,5.656898498535156,1.4765642881393433,1.242578387260437,-7.6255645751953125,12.661140441894531,1.686806082725525,1.4610058069229126,0.8485434651374817,-2.6501729488372803,-0.7000982761383057,-0.28781789541244507,-0.381680965423584,0.742652416229248,2.187222480773926,2.4177680015563965,2.108142375946045,-0.022908754646778107,-1.3942196369171143,5.466814994812012,-1.7842079401016235,0.595565676689148,1.3652962446212769,1.8293302059173584,0.8325897455215454,-3.8467438220977783,7.741143703460693,-3.7857329845428467,-4.3271613121032715,-0.2845652103424072,3.858905792236328,2.265702724456787,-2.414736270904541,5.109609127044678
A,masked_angular_velocity,0,651,1,2,651_T1_P1_R2,24,5,1.8700029850006104,1.5021393299102783,-8.523170471191406,14.419424057006836,1.9260072708129883,2.1011159420013428,0.9844325184822083,-3.442617893218994,-1.091362714767456,-0.5208869576454163,-0.6424400210380554,0.750929057598114,2.8735945224761963,2.8166394233703613,2.724888324737549,0.16332265734672546,-1.1280518770217896,6.239300727844238,-2.4292383193969727,0.700013279914856,1.4017196893692017,2.2905991077423096,1.2271499633789062,-4.312948226928711,9.179473876953125,-4.689509391784668,-5.018845081329346,-0.1627110242843628,4.997877597808838,1.7823508977890015,-2.4409422874450684,6.046285629272461,2.230497121810913,1.7985079288482666,-8.271326065063477,13.95313835144043,1.672865629196167,1.8002374172210693,1.4158921241760254,-3.372892379760742,-1.0398385524749756,-0.28324446082115173,-0.7185018062591553,0.8753352165222168,2.5042736530303955,2.941805124282837,2.699694871902466,0.41104060411453247,-1.3015567064285278,6.516938209533691,-1.9129031896591187,0.39073216915130615,1.2860956192016602,1.8260955810546875,0.9828937649726868,-4.1990203857421875,8.79744815826416,-4.325319290161133,-5.3154191970825195,-0.04926968738436699,4.7335381507873535,2.5155673027038574,-2.5194272994995117,6.064192771911621
A,masked_angular_velocity,0,651,2,1,651_T2_P1_R1,25,5,1.438700795173645,1.036616325378418,-8.521760940551758,14.886309623718262,2.1345295906066895,2.7763314247131348,0.6450222730636597,-3.506088972091675,-0.985896110534668,-1.026928424835205,-0.450861394405365,0.9070886373519897,2.9851200580596924,2.9149937629699707,3.0252466201782227,-0.42350077629089355,-0.6314541101455688,5.681117057800293,-3.119349956512451,1.2546569108963013,1.5408176183700562,2.6791157722473145,1.4519915580749512,-4.945918560028076,9.69920825958252,-5.33641242980957,-4.940201282501221,0.23989816009998322,5.254088401794434,1.3818349838256836,-2.170600414276123,6.005240440368652,1.330593228340149,1.0690151453018188,-8.362874031066895,14.595138549804688,2.091343879699707,2.750944137573242,0.6507852077484131,-3.3569297790527344,-0.7346636652946472,-0.9833126068115234,-0.3061825633049011,0.9705232381820679,2.8570330142974854,2.8874049186706543,2.8421452045440674,-0.5373122096061707,-0.7100385427474976,5.498797416687012,-2.988330125808716,1.3540745973587036,1.6004998683929443,2.6031177043914795,1.4383447170257568,-5.059013366699219,9.517179489135742,-5.2649970054626465,-4.861123085021973,0.23709341883659363,5.0923871994018555,1.5328937768936157,-2.296405076980591,5.869162559509277
A,masked_angular_velocity,0,651,2,2,651_T2_P1_R2,26,5,1.3992359638214111,1.0513029098510742,-8.599390983581543,14.99738597869873,2.1386256217956543,2.7343127727508545,0.5460403561592102,-3.4963409900665283,-1.0176794528961182,-0.9867715835571289,-0.446061909198761,0.8797060251235962,3.0296404361724854,2.888202428817749,2.9977283477783203,-0.4466719627380371,-0.7052631974220276,5.685744285583496,-3.1359810829162598,1.21817946434021,1.5385626554489136,2.6601948738098145,1.440821647644043,-4.928274631500244,9.727472305297852,-5.365678787231445,-4.926936149597168,0.15559852123260498,5.282875061035156,1.3314568996429443,-2.2053887844085693,6.020065784454346,1.273856282234192,1.018900990486145,-8.056846618652344,13.909123420715332,1.9522384405136108,2.183133602142334,0.5728193521499634,-3.0015807151794434,-0.8197323679924011,-0.748357892036438,-0.2846434712409973,0.8822194337844849,2.642840623855591,2.6874451637268066,2.630558967590332,-0.4393743872642517,-1.0228662490844727,5.442418098449707,-2.5977578163146973,1.037337064743042,1.4562488794326782,2.2773377895355225,1.1522316932678223,-4.504289627075195,8.789445877075195,-4.758097171783447,-4.648941993713379,0.004986500833183527,4.621943950653076,1.73797607421875,-2.3012027740478516,5.511586666107178
A,masked_angular_velocity,0,651,3,1,651_T3_P1_R1,24,5,1.5190455913543701,1.3289077281951904,-8.413328170776367,14.185857772827148,1.881584882736206,1.9516023397445679,0.7027469873428345,-3.078174352645874,-0.9820529818534851,-0.5179360508918762,-0.4347478747367859,0.6428428292274475,2.760680675506592,2.6448521614074707,2.4510369300842285,-0.037746042013168335,-1.2456767559051514,5.887790203094482,-2.4315390586853027,0.6654685735702515,1.4350459575653076,2.1781506538391113,1.1066718101501465,-4.321575164794922,8.9229097366333,-4.607583522796631,-4.789530277252197,-0.3265722393989563,4.74256706237793,1.7891027927398682,-2.4713737964630127,5.828465461730957,1.5186874866485596,1.3541550636291504,-8.129328727722168,13.484234809875488,1.689260482788086,1.552571415901184,0.7191869020462036,-2.826765537261963,-0.8849760293960571,-0.3306761682033539,-0.37818869948387146,0.6178614497184753,2.5264925956726074,2.484210968017578,2.2274861335754395,0.0024742602836340666,-1.4545135498046875,5.822941303253174,-2.064037799835205,0.3843710422515869,1.3800970315933228,1.8415054082870483,0.8788536190986633,-4.014123439788818,8.36998176574707,-4.1669511795043945,-4.5964035987854,-0.41455668210983276,4.335209846496582,2.0998430252075195,-2.5052225589752197,5.517280101776123
A,masked_angular_velocity,0,651,3,2,651_T3_P1_R2,24,5,1.550001621246338,1.4055777788162231,-8.371227264404297,14.061572074890137,1.8106372356414795,1.8109095096588135,0.7481104135513306,-2.98207688331604,-0.9433099627494812,-0.39975374937057495,-0.3893108069896698,0.6632886528968811,2.6670479774475098,2.6704392433166504,2.3826136589050293,0.012501177377998829,-1.3966832160949707,5.9506072998046875,-2.2426538467407227,0.576348066329956,1.3911888599395752,2.029090404510498,1.005434274673462,-4.260148048400879,8.779966354370117,-4.526314735412598,-4.861203193664551,-0.3931507170200348,4.6381025314331055,1.9848915338516235,-2.554311990737915,5.81798791885376,1.512136697769165,1.3625015020370483,-8.30472469329834,13.987065315246582,1.8087180852890015,1.938388466835022,0.7564077377319336,-3.0150959491729736,-0.8391968607902527,-0.478436142206192,-0.3393705487251282,0.7247933149337769,2.6769063472747803,2.7159156799316406,2.418738842010498,-0.09214244037866592,-1.324754238128662,5.915955543518066,-2.260101795196533,0.6439740061759949,1.4398713111877441,2.05493426322937,1.0154058933258057,-4.307392120361328,8.844696044921875,-4.573483943939209,-4.82571268081665,-0.2903532385826111,4.610142230987549,1.9843240976333618,-2.5096752643585205,5.761786460876465
A,masked_angular_velocity,0,671,1,1,671_T1_P1_R1,26,5,1.8058668375015259,1.491823434829712,-8.805935859680176,14.820655822753906,1.9517093896865845,2.367931842803955,0.7631537914276123,-3.8313069343566895,-1.2154834270477295,-0.5425785779953003,-0.7305383682250977,0.7283047437667847,2.9249799251556396,2.7613325119018555,2.9683024883270264,0.06071377918124199,-0.9069795608520508,6.24289608001709,-2.7991127967834473,0.6169264316558838,1.4728065729141235,2.443798780441284,1.1884368658065796,-4.415581226348877,9.609858512878418,-4.895292282104492,-4.83365535736084,-0.033551014959812164,5.188150405883789,1.6029155254364014,-2.348973274230957,6.122870445251465,1.6893037557601929,1.3353132009506226,-8.054060935974121,13.320551872253418,1.6988567113876343,1.6808539628982544,0.779449999332428,-3.250168561935425,-1.0603489875793457,-0.3086763322353363,-0.5643647313117981,0.6785235404968262,2.4761040210723877,2.446185827255249,2.5423953533172607,0.12754710018634796,-1.2083032131195068,5.927475452423096,-2.16525936126709,0.3396083116531372,1.3524214029312134,1.9648199081420898,0.8591943383216858,-3.75927996635437,8.396800994873047,-4.0495781898498535,-4.35317850112915,-0.1746317595243454,4.278225898742676,2.00146222114563,-2.3462977409362793,5.414633274078369
A,masked_angular_velocity,0,671,1,2,671_T1_P1_R2,24,5,1.8036314249038696,1.4671685695648193,-8.972932815551758,15.276385307312012,2.063520908355713,2.602141857147217,0.7755047678947449,-3.926541566848755,-1.2750811576843262,-0.7004119753837585,-0.7263185381889343,0.755255401134491,3.1005823612213135,2.9144070148468018,3.1217362880706787,0.037636104971170425,-0.8081444501876831,6.3204851150512695,-3.0192463397979736,0.799526572227478,1.4919354915618896,2.619659423828125,1.3341180086135864,-4.650368690490723,9.9696683883667,-5.2011399269104,-5.062726020812988,0.012920573353767395,5.476574897766113,1.4531176090240479,-2.3281476497650146,6.353954792022705,1.7108933925628662,1.3364592790603638,-8.156489372253418,13.76771354675293,1.8206793069839478,1.9634414911270142,0.8251748085021973,-3.4017319679260254,-1.1071460247039795,-0.4608538746833801,-0.5935062170028687,0.7892974615097046,2.5867252349853516,2.642881155014038,2.7615463733673096,0.0915769562125206,-1.0710886716842651,5.947909355163574,-2.414280891418457,0.5937498807907104,1.3621786832809448,2.131354808807373,1.0245616436004639,-4.049866676330566,8.724937438964844,-4.359245300292969,-4.593476295471191,-0.059729188680648804,4.554461479187012,1.9226913452148438,-2.330047130584717,5.634035110473633
A,masked_angular_velocity,0,671,2,1,671_T2_P1_R1,24,5,1.268528938293457,0.6409682035446167,-8.764726638793945,15.387789726257324,2.5156846046447754,3.0830490589141846,0.3799953758716583,-3.7062480449676514,-1.1995365619659424,-1.4011666774749756,-0.5446627140045166,0.8311751484870911,3.4986732006073,2.9034998416900635,3.2633533477783203,-0.5209517478942871,-0.32751399278640747,5.586546897888184,-3.637882947921753,1.6482778787612915,1.5361840724945068,3.2676453590393066,1.7969614267349243,-4.832276344299316,10.101884841918945,-5.629900932312012,-4.7207746505737305,0.1775358021259308,5.614500999450684,0.491845041513443,-1.9429619312286377,6.046964168548584,1.1732184886932373,0.5841971635818481,-8.462746620178223,14.94550895690918,2.4807941913604736,3.170264720916748,0.4899609088897705,-3.5133659839630127,-0.9512754678726196,-1.4353119134902954,-0.5097365379333496,0.8473043441772461,3.2818920612335205,2.8514180183410645,3.0397329330444336,-0.6143350005149841,-0.21636536717414856,5.261349678039551,-3.5253117084503174,1.8300049304962158,1.6619350910186768,3.310102939605713,1.8142210245132446,-4.99538516998291,9.850190162658691,-5.469318389892578,-4.539333343505859,0.3176533281803131,5.332976341247559,0.6416245102882385,-1.91500985622406,5.818606376647949
A,masked_angular_velocity,0,671,2,2,671_T2_P1_R2,27,5,1.5205702781677246,0.9203199148178101,-9.06678581237793,16.179941177368164,2.5693140029907227,3.4224205017089844,0.6312194466590881,-4.004831790924072,-1.179710865020752,-1.4581315517425537,-0.5710386037826538,1.0038694143295288,3.699979066848755,3.2934539318084717,3.526890516281128,-0.4904352128505707,-0.3125160336494446,6.008414268493652,-3.7495434284210205,1.7759325504302979,1.5497498512268066,3.319916248321533,1.965466856956482,-5.224664688110352,10.752664566040039,-6.141688346862793,-5.323173522949219,0.3051733374595642,6.136242866516113,0.5749827027320862,-2.0889229774475098,6.563751220703125,1.2062774896621704,0.5033057928085327,-8.489133834838867,15.175885200500488,2.573072910308838,3.2983546257019043,0.484539270401001,-3.6815097332000732,-1.1067492961883545,-1.5963317155838013,-0.4323233664035797,0.9868963956832886,3.5256218910217285,3.0166587829589844,3.4058403968811035,-0.6421240568161011,-0.17506884038448334,5.507773399353027,-3.6860523223876953,1.9027318954467773,1.5401138067245483,3.370039701461792,1.9043108224868774,-4.8500189781188965,10.062912940979004,-5.744313716888428,-4.765833854675293,0.3870489001274109,5.587742805480957,0.3979690968990326,-1.8621625900268555,5.954667568206787
A,masked_angular_velocity,0,671,3,1,671_T3_P1_R1,27,5,1.7005093097686768,1.3105491399765015,-9.77348518371582,17.657894134521484,2.675368547439575,4.0897417068481445,0.6271206140518188,-4.5632243156433105,-1.0930334329605103,-1.5616874694824219,-0.6956577897071838,1.0910028219223022,3.7768070697784424,3.7270126342773438,3.7628486156463623,-0.5279027819633484,-0.12873968482017517,6.17595911026001,-4.243150234222412,2.0445735454559326,1.7963018417358398,3.510720729827881,2.244490146636963,-6.322840690612793,11.957664489746094,-6.946130275726318,-5.894454002380371,0.4578210413455963,6.868500709533691,0.7604048848152161,-2.2432456016540527,7.315752983093262,1.2974169254302979,1.1654367446899414,-9.639124870300293,17.40454864501953,2.721865653991699,3.9769325256347656,0.43534183502197266,-4.09464168548584,-0.7833714485168457,-1.59491765499115,-0.2621695101261139,1.038175344467163,3.8034706115722656,3.7843692302703857,3.413654327392578,-0.6957058310508728,-0.45658817887306213,5.99228572845459,-4.0569586753845215,2.2962183952331543,1.8991625308990479,3.5048859119415283,2.243330717086792,-6.394778251647949,11.766655921936035,-6.908719062805176,-5.831903457641602,0.16975095868110657,6.545623779296875,0.8082850575447083,-2.475590467453003,7.108355522155762
A,masked_angular_velocity,0,671,3,2,671_T3_P1_R2,28,5,1.4382681846618652,1.3295475244522095,-9.533247947692871,17.120433807373047,2.526583671569824,3.5876190662384033,0.5202606916427612,-3.860435962677002,-0.5238507986068726,-1.2866491079330444,-0.33477693796157837,1.163832187652588,3.507251739501953,3.6611061096191406,3.139665365219116,-0.8339987993240356,-0.6102884411811829,5.752851486206055,-3.6745917797088623,2.0138778686523438,1.711381196975708,3.066300630569458,2.0883424282073975,-6.449011325836182,11.329383850097656,-6.739532470703125,-5.892045974731445,0.20316550135612488,6.499082088470459,1.146504521369934,-2.563419818878174,7.005970001220703,1.3735182285308838,1.211775779724121,-8.84032917022705,15.697000503540039,2.3258280754089355,2.958193063735962,0.6105683445930481,-3.411229372024536,-0.5263633131980896,-1.0394065380096436,-0.2529032826423645,1.1023547649383545,3.196162700653076,3.334444522857666,2.8516666889190674,-0.6310957670211792,-0.8727672696113586,5.6419243812561035,-3.1203742027282715,1.7082170248031616,1.553534746170044,2.714641809463501,1.7495410442352295,-5.5797014236450195,10.192983627319336,-5.881152153015137,-5.413834095001221,0.03023330494761467,5.688608169555664,1.4108152389526367,-2.5632827281951904,6.391385078430176
A,masked_angular_velocity,0,790,1,1,790_T1_P1_R1,25,5,1.5159906148910522,1.1171337366104126,-8.65792465209961,15.100738525390625,2.1580798625946045,2.6023213863372803,0.5703226327896118,-3.5418167114257812,-1.172430396080017,-0.8991637229919434,-0.5370122194290161,0.8874177932739258,3.0787696838378906,2.92988920211792,3.0820043087005615,-0.24360564351081848,-0.8162338137626648,5.852551460266113,-3.075294017791748,1.1434310674667358,1.445857286453247,2.6322083473205566,1.4172799587249756,-4.748817443847656,9.6873197555542,-5.370563507080078,-5.013784885406494,0.04245912283658981,5.372039318084717,1.369492769241333,-2.282801389694214,6.107949256896973,1.4844682216644287,1.1963045597076416,-8.702343940734863,15.218542098999023,2.1477627754211426,2.6772828102111816,0.6083046197891235,-3.4145073890686035,-0.9483030438423157,-0.9152507781982422,-0.4136818051338196,0.9278313517570496,2.9790689945220947,3.096198558807373,2.9483718872070312,-0.3210905194282532,-0.8907972574234009,5.828451156616211,-2.983579397201538,1.3011462688446045,1.5641721487045288,2.612031936645508,1.4425629377365112,-5.13394832611084,9.837291717529297,-5.452927112579346,-5.1821184158325195,0.044197313487529755,5.337904453277588,1.6597545146942139,-2.4212982654571533,6.1699113845825195
A,masked_angular_velocity,0,790,1,2,790_T1_P1_R2,26,5,1.545576572418213,1.2900465726852417,-9.181200981140137,16.03908348083496,2.2826619148254395,2.915907621383667,0.5280925035476685,-3.772059917449951,-1.1634572744369507,-0.9738569259643555,-0.5268577933311462,0.8529325723648071,3.319157123565674,3.178117036819458,3.171204090118408,-0.25204727053642273,-0.8220313787460327,6.080199241638184,-3.3338725566864014,1.2931264638900757,1.5675801038742065,2.83868670463562,1.6087634563446045,-5.228097438812256,10.419941902160645,-5.853433132171631,-5.3739542961120605,-0.039329368621110916,5.828759670257568,1.273058533668518,-2.420593023300171,6.572567939758301,1.4487273693084717,1.1279003620147705,-9.238906860351562,16.35177230834961,2.372971773147583,3.374455213546753,0.4081761837005615,-4.082177639007568,-1.233633279800415,-1.2608120441436768,-0.5582494735717773,0.9532364010810852,3.362969160079956,3.248976230621338,3.4990756511688232,-0.4596098065376282,-0.4489103853702545,5.934189796447754,-3.7675132751464844,1.531002163887024,1.6790212392807007,3.075165271759033,1.732609510421753,-5.543099880218506,10.829172134399414,-6.195054531097412,-5.312191963195801,0.286704957485199,6.057433128356934,1.061133623123169,-2.2420036792755127,6.609957695007324
A,masked_angular_velocity,0,790,2,1,790_T2_P1_R1,25,5,1.5513346195220947,1.1878292560577393,-8.705469131469727,15.171659469604492,2.121673583984375,2.823211669921875,0.5330359935760498,-3.9206700325012207,-1.3331782817840576,-0.83722984790802,-0.6760581731796265,0.9316720962524414,3.0515058040618896,2.8519606590270996,3.3391220569610596,-0.21699440479278564,-0.6026171445846558,5.905649185180664,-3.249281406402588,1.0241167545318604,1.4508312940597534,2.7306647300720215,1.3511086702346802,-4.650389671325684,9.841606140136719,-5.486071586608887,-4.875715732574463,0.21789643168449402,5.476657867431641,1.2808210849761963,-2.248359203338623,6.151979923248291,1.5643305778503418,1.2345542907714844,-8.683300018310547,15.090106964111328,2.0401220321655273,2.8392956256866455,0.581193745136261,-3.9705734252929688,-1.3299793004989624,-0.8087698817253113,-0.6523482799530029,0.9263036847114563,2.9463634490966797,2.8684301376342773,3.3601901531219482,-0.20370659232139587,-0.5834083557128906,5.970823764801025,-3.196971893310547,0.9428282976150513,1.4859819412231445,2.6801834106445312,1.2612303495407104,-4.699416637420654,9.857150077819824,-5.416965484619141,-4.88250732421875,0.29524046182632446,5.389491081237793,1.4525550603866577,-2.2573156356811523,6.142139911651611
A,masked_angular_velocity,0,790,2,2,790_T2_P1_R2,26,5,1.5924818515777588,1.2562739849090576,-8.922513961791992,15.548271179199219,2.170105457305908,2.854970932006836,0.5365728139877319,-3.9303061962127686,-1.3289287090301514,-0.8855365514755249,-0.6265376806259155,0.9340916872024536,3.2729077339172363,2.981832504272461,3.3547463417053223,-0.21000316739082336,-0.7081401944160461,6.1378045082092285,-3.2896640300750732,1.0337430238723755,1.4489070177078247,2.747371196746826,1.42978835105896,-4.7011847496032715,10.132096290588379,-5.658510684967041,-5.114902973175049,0.10496394336223602,5.671727180480957,1.1895097494125366,-2.3132450580596924,6.359765529632568,1.4445003271102905,1.1596453189849854,-8.707385063171387,15.130910873413086,2.112537145614624,2.6616668701171875,0.4384370446205139,-3.7438998222351074,-1.279423475265503,-0.7938382029533386,-0.5395343899726868,0.8908451795578003,3.143157482147217,2.856581449508667,3.178171157836914,-0.2458861768245697,-0.801722526550293,6.001889228820801,-3.1161506175994873,0.9624161720275879,1.4304091930389404,2.6561501026153564,1.3135883808135986,-4.502422332763672,9.777085304260254,-5.434002876281738,-4.903499603271484,0.02146627940237522,5.385048866271973,1.1968493461608887,-2.3291094303131104,6.117464065551758
A,masked_angular_velocity,0,790,3,1,790_T3_P1_R1,27,5,1.6273177862167358,1.4038540124893188,-8.579891204833984,14.79017448425293,1.997653603553772,2.2424540519714355,0.6631770133972168,-3.4478232860565186,-1.2116482257843018,-0.5328104496002197,-0.5966329574584961,0.8331146240234375,2.8911705017089844,2.8288726806640625,2.8859763145446777,-0.0009602904319763184,-1.1211321353912354,6.026639938354492,-2.6957008838653564,0.8193944692611694,1.3740489482879639,2.3457767963409424,1.1914889812469482,-4.4502739906311035,9.309640884399414,-5.039255619049072,-5.031494617462158,-0.1821790486574173,5.147403717041016,1.7090469598770142,-2.4920578002929688,6.102356910705566,1.491804838180542,1.2465816736221313,-8.096400260925293,13.710810661315918,1.7948198318481445,1.9139738082885742,0.6410807371139526,-3.2210235595703125,-1.1834933757781982,-0.3770664632320404,-0.5417822003364563,0.7877635359764099,2.561342716217041,2.5347037315368652,2.7273054122924805,-0.014265915378928185,-1.1623291969299316,5.811565399169922,-2.374512195587158,0.5554637908935547,1.3283354043960571,2.143691062927246,0.8697566986083984,-3.923145294189453,8.554295539855957,-4.459752082824707,-4.540075302124023,-0.13484357297420502,4.5106706619262695,1.875609040260315,-2.3645472526550293,5.549445629119873
A,masked_angular_velocity,0,790,3,2,790_T3_P1_R2,25,5,1.653395652770996,1.504486322402954,-8.583891868591309,15.0028076171875,2.007678747177124,2.344947099685669,0.6630452871322632,-3.490281343460083,-1.1479634046554565,-0.49526247382164,-0.5892531275749207,0.9322112798690796,2.8756866455078125,2.971043109893799,2.9184980392456055,-0.027130460366606712,-1.1491405963897705,6.005240440368652,-2.707207441329956,0.9088905453681946,1.3512533903121948,2.2983527183532715,1.2489268779754639,-4.63430643081665,9.432655334472656,-5.263745307922363,-5.216104984283447,-0.1632562279701233,5.275048732757568,1.7767471075057983,-2.5827741622924805,6.236985206604004,2.2021868228912354,1.9300193786621094,-7.766884803771973,13.356435775756836,1.375402569770813,1.3514230251312256,1.191282033920288,-3.252699375152588,-1.5754072666168213,0.21298913657665253,-0.855535626411438,0.8813892602920532,2.21787691116333,2.6837236881256104,2.8346753120422363,0.7228934168815613,-1.559156894683838,6.486504554748535,-1.683537483215332,-0.21208052337169647,0.9129853248596191,1.3159523010253906,0.49831247329711914,-3.375164747238159,8.040044784545898,-4.163762092590332,-5.191951751708984,-0.2172144651412964,4.4297003746032715,2.7399954795837402,-2.5954790115356445,5.910871982574463
A,masked_angular_velocity,1,252,1,1,252_T1_P1_R1,23,5,-2.1735141277313232,3.056130886077881,-3.2348740100860596,5.266620635986328,4.042930603027344,8.52409839630127,-2.903808116912842,-3.1044416427612305,3.2505767345428467,0.017982516437768936,1.2099707126617432,-6.3788652420043945,-0.6117662191390991,-1.2771742343902588,2.0970497131347656,-1.2488043308258057,-0.2490614950656891,-0.4951764941215515,2.0244364738464355,-0.20141752064228058,-0.2129334956407547,-0.4553190767765045,0.891120433807373,-0.30145376920700073,2.042118787765503,-4.925482749938965,1.6209204196929932,-3.0239169597625732,5.305667877197266,-0.8593629002571106,4.2521796226501465,-0.48197707533836365,-2.052579402923584,2.8051557540893555,-3.3110687732696533,4.773756504058838,3.8465919494628906,8.294347763061523,-2.6782443523406982,-2.899287700653076,2.9648633003234863,0.2518515884876251,1.3682968616485596,-6.28639030456543,-0.4472202658653259,-1.031694769859314,2.242454767227173,-1.1529172658920288,-0.45527857542037964,-0.709526538848877,2.0484349727630615,-0.04206458851695061,-0.02971976064145565,-0.5009018778800964,0.6884362697601318,-0.10489858686923981,1.8100236654281616,-4.822229385375977,1.6787183284759521,-2.866835594177246,5.219769477844238,-0.7621731758117676,4.021495342254639,-0.6282682418823242
A,masked_angular_velocity,1,252,1,2,252_T1_P1_R2,25,5,-2.09599232673645,2.994453191757202,-3.0975046157836914,5.136798858642578,4.2934370040893555,8.35439395904541,-2.708914279937744,-2.9113688468933105,3.235316038131714,-0.1324436366558075,1.2285411357879639,-6.355874061584473,-0.48467546701431274,-1.17192804813385,2.0913047790527344,-1.1218643188476562,-0.3954647183418274,-0.6621796488761902,1.939288854598999,0.022835468873381615,-0.07696457207202911,-0.38130804896354675,0.8245698809623718,-0.39100131392478943,2.071037769317627,-4.9951958656311035,1.6347100734710693,-2.898710012435913,5.526818752288818,-0.8425612449645996,4.267838478088379,-0.6716842651367188,-1.9574127197265625,2.6559247970581055,-3.0792996883392334,4.682462215423584,4.369919300079346,8.060482025146484,-2.3799350261688232,-2.5453081130981445,3.030273675918579,-0.07591699808835983,1.4971883296966553,-6.429818153381348,-0.284222811460495,-1.0408891439437866,2.2180542945861816,-0.9236778020858765,-0.709668755531311,-0.9688827395439148,1.9693896770477295,0.3531075119972229,0.2164946347475052,-0.3216990828514099,0.47247305512428284,-0.22469429671764374,1.8843376636505127,-4.987191200256348,1.7250362634658813,-2.6879541873931885,5.728744983673096,-0.7502614259719849,4.001957416534424,-0.93495112657547
A,masked_angular_velocity,1,252,2,1,252_T2_P1_R1,25,5,-2.312695264816284,3.2780463695526123,-3.217168092727661,5.5690388679504395,4.00173282623291,8.709569931030273,-3.153707981109619,-3.276432752609253,3.3601696491241455,-0.0012785799335688353,1.0246655941009521,-6.3468804359436035,-0.7712140679359436,-1.4498804807662964,1.9980663061141968,-1.4170514345169067,-0.11826338618993759,-0.2606052756309509,2.006197214126587,-0.45364823937416077,-0.41358596086502075,-0.524255633354187,1.0638015270233154,-0.40581434965133667,2.1103107929229736,-4.880768299102783,1.5704004764556885,-3.16574764251709,5.142632484436035,-0.8821526765823364,4.405583381652832,-0.3458452820777893,-2.027801513671875,2.9231455326080322,-3.1349141597747803,4.930127143859863,3.615879535675049,8.155740737915039,-2.859224796295166,-2.9635398387908936,3.0185952186584473,0.23612484335899353,1.1533128023147583,-6.083268165588379,-0.6175967454910278,-1.281669020652771,2.0686416625976562,-1.1833311319351196,-0.25770801305770874,-0.4351121783256531,2.0228512287139893,-0.37392130494117737,-0.25919315218925476,-0.4471607208251953,0.8787809610366821,-0.1682416945695877,1.920897126197815,-4.532064914703369,1.5926570892333984,-2.8928065299987793,4.877352237701416,-0.7009350061416626,3.9869866371154785,-0.38833218812942505
A,masked_angular_velocity,1,252,2,2,252_T2_P1_R2,25,5,-2.2909722328186035,3.217789888381958,-3.4330055713653564,5.4603471755981445,4.152275562286377,8.815068244934082,-3.0376811027526855,-3.2221717834472656,3.2766966819763184,0.14477650821208954,1.2628059387207031,-6.584841251373291,-0.5875667333602905,-1.205615758895874,2.303011417388916,-1.3477116823196411,-0.23958368599414825,-0.47409963607788086,2.19130277633667,-0.1574515849351883,-0.14782389998435974,-0.6045447587966919,0.7624564170837402,-0.24896106123924255,2.0249531269073486,-5.084977149963379,1.7169249057769775,-3.1652133464813232,5.310164451599121,-0.9138142466545105,4.2417778968811035,-0.5203467607498169,-2.1079177856445312,2.851846933364868,-3.5136208534240723,4.8896164894104,3.9806528091430664,8.4530668258667,-2.7091219425201416,-2.864546060562134,2.9492440223693848,0.4796573221683502,1.5934748649597168,-6.669166088104248,-0.37437430024147034,-1.0554919242858887,2.5124452114105225,-1.1870126724243164,-0.49977412819862366,-0.745544970035553,2.3355698585510254,0.07967507094144821,0.1772196888923645,-0.6455012559890747,0.2523338794708252,0.10198619961738586,1.653550386428833,-4.856369972229004,1.9274487495422363,-2.934399127960205,5.250041961669922,-0.7875002026557922,3.723706007003784,-0.6887516975402832
A,masked_angular_velocity,1,252,3,1,252_T3_P1_R1,25,5,-2.3701233863830566,3.1936519145965576,-3.3541672229766846,5.381486892700195,4.243433952331543,8.624381065368652,-2.9131319522857666,-3.1564488410949707,3.2634987831115723,-0.0010244429577142,1.181021809577942,-6.398061752319336,-0.5207927227020264,-1.0603851079940796,2.0662569999694824,-1.352296233177185,-0.2601352632045746,-0.5207602977752686,2.0038902759552,-0.05350417643785477,-0.18645837903022766,-0.6022863984107971,0.8840446472167969,-0.3986075520515442,1.983008623123169,-5.134262561798096,1.6643524169921875,-3.1119298934936523,5.352299213409424,-1.01237952709198,4.337159156799316,-0.6338731050491333,-2.4585299491882324,3.2967922687530518,-3.2336716651916504,5.567269325256348,4.35488224029541,8.75256633758545,-2.9768855571746826,-3.1889076232910156,3.4138717651367188,-0.2189348191022873,1.0570621490478516,-6.392253875732422,-0.5637201070785522,-1.1711273193359375,1.8402599096298218,-1.3873990774154663,-0.21679046750068665,-0.4499344229698181,1.8466367721557617,-0.16303905844688416,-0.3592328429222107,-0.48481208086013794,1.1723177433013916,-0.5885682106018066,2.1316332817077637,-5.166502952575684,1.5413316488265991,-3.1442840099334717,5.5109663009643555,-1.0332037210464478,4.642695426940918,-0.6274216771125793
A,masked_angular_velocity,1,252,3,2,252_T3_P1_R2,24,5,-2.3068838119506836,3.029101848602295,-3.3517298698425293,5.301054954528809,4.552260398864746,8.602702140808105,-2.754197597503662,-2.9883875846862793,3.2987418174743652,-0.17605999112129211,1.4505329132080078,-6.6518988609313965,-0.3224577307701111,-0.9497073292732239,2.1905832290649414,-1.1418298482894897,-0.42023763060569763,-0.8082768321037292,2.0599284172058105,0.2741023302078247,0.045602548867464066,-0.4870438575744629,0.6743236780166626,-0.3606690764427185,2.027416706085205,-5.418375015258789,1.7643496990203857,-3.051501512527466,5.819630146026611,-1.0020450353622437,4.342843055725098,-0.907754123210907,-2.1107606887817383,2.7523019313812256,-3.156304121017456,4.732946872711182,4.6572442054748535,8.234369277954102,-2.403761148452759,-2.6584739685058594,3.0952606201171875,-0.3138566315174103,1.5998306274414062,-6.458239555358887,-0.018619487062096596,-0.5469683408737183,2.321632146835327,-0.8354042768478394,-0.6647583842277527,-1.142871618270874,1.9942152500152588,0.6415275931358337,0.2943115234375,-0.3948840796947479,0.5745147466659546,-0.3210550546646118,1.9743350744247437,-5.510336399078369,1.6761277914047241,-2.8067500591278076,5.961698532104492,-0.9004818797111511,4.331086158752441,-1.2535978555679321
A,masked_angular_velocity,1,651,1,1,651_T1_P1_R1,24,5,-2.197207450866699,3.186962842941284,-3.135603427886963,5.3969950675964355,4.077481269836426,8.495379447937012,-2.9369492530822754,-3.0271401405334473,3.2420811653137207,0.0029855608008801937,1.0958186388015747,-6.334652900695801,-0.6191036701202393,-1.4108190536499023,2.054567337036133,-1.3019740581512451,-0.2483227252960205,-0.4535175859928131,1.998971939086914,-0.3088929057121277,-0.2967453598976135,-0.42195504903793335,0.8857725262641907,-0.37200334668159485,2.0439260005950928,-4.77542781829834,1.676064133644104,-3.039466381072998,5.217370510101318,-0.8360322117805481,4.208804130554199,-0.47336000204086304,-2.0735397338867188,3.110354423522949,-2.888178586959839,5.131977081298828,3.9930922985076904,8.217318534851074,-2.8000435829162598,-2.8884832859039307,3.1634631156921387,-0.1688338965177536,0.9833589792251587,-6.010847568511963,-0.5044757127761841,-1.2566077709197998,1.9099490642547607,-1.165663480758667,-0.2765769362449646,-0.5358237028121948,1.7962948083877563,-0.35518577694892883,-0.38175368309020996,-0.275247186422348,1.1386396884918213,-0.4656045436859131,2.0799174308776855,-4.651930332183838,1.512921690940857,-2.8990273475646973,5.169785022735596,-0.7496628761291504,4.381913185119629,-0.5470229387283325
A,masked_angular_velocity,1,651,1,2,651_T1_P1_R2,24,5,-2.3494062423706055,3.34859037399292,-3.2811286449432373,5.6153974533081055,4.102442741394043,8.744359970092773,-3.1143274307250977,-3.2037453651428223,3.3215103149414062,0.05813082307577133,0.953900158405304,-6.360205173492432,-0.7301285862922668,-1.45413076877594,2.0041892528533936,-1.4953124523162842,-0.19926629960536957,-0.326921284198761,1.9621493816375732,-0.418140709400177,-0.43784627318382263,-0.5464508533477783,1.0537784099578857,-0.4495394825935364,2.0631628036499023,-4.867190361022949,1.624254822731018,-3.150897979736328,5.180941104888916,-0.8923875093460083,4.38909387588501,-0.3634850084781647,-2.3528051376342773,3.294940233230591,-3.3613414764404297,5.354072093963623,3.9513001441955566,8.715423583984375,-3.055060863494873,-3.1932780742645264,3.1864023208618164,0.13978245854377747,0.9585033655166626,-6.217635154724121,-0.6163693070411682,-1.159143328666687,2.008396625518799,-1.463585615158081,-0.25696367025375366,-0.41972988843917847,1.907963514328003,-0.3931872248649597,-0.4424726366996765,-0.5819998979568481,1.1889393329620361,-0.4287963807582855,2.000986099243164,-4.902838230133057,1.528564453125,-3.1043715476989746,5.101017951965332,-0.8728388547897339,4.502551078796387,-0.4487232565879822
A,masked_angular_velocity,1,651,2,1,651_T2_P1_R1,25,5,-2.0777957439422607,2.720186233520508,-3.349444627761841,4.633508682250977,4.105581760406494,8.192611694335938,-2.4774463176727295,-2.679572343826294,2.8821403980255127,0.22957761585712433,1.5206737518310547,-6.51986837387085,-0.29765015840530396,-0.9363223910331726,2.34468150138855,-1.0761486291885376,-0.6965357661247253,-0.9671309590339661,2.1342904567718506,0.33290114998817444,0.21651911735534668,-0.5584530234336853,0.37514448165893555,-0.09439291059970856,1.7096952199935913,-4.9613471031188965,1.8106502294540405,-2.708979368209839,5.553955554962158,-0.7777208685874939,3.8956496715545654,-0.8818952441215515,-1.9945831298828125,2.6333696842193604,-3.220761775970459,4.407000541687012,4.144968032836914,8.031275749206543,-2.3623461723327637,-2.5146608352661133,2.785127878189087,0.16665858030319214,1.5226290225982666,-6.334447383880615,-0.20546908676624298,-0.7963700294494629,2.409902572631836,-0.9600974321365356,-0.8139398694038391,-1.0710339546203613,2.0738015174865723,0.4131661355495453,0.27904611825942993,-0.5359551906585693,0.3673538267612457,-0.10161907970905304,1.6982427835464478,-4.973904132843018,1.7390931844711304,-2.6376540660858154,5.509768486022949,-0.7038317322731018,3.924844264984131,-1.010496973991394
A,masked_angular_velocity,1,651,2,2,651_T2_P1_R2,26,5,-2.118943691253662,2.790238618850708,-3.355761766433716,4.849981307983398,4.213067054748535,8.301244735717773,-2.5540847778320312,-2.741793155670166,3.0069682598114014,0.12570910155773163,1.49517822265625,-6.620265960693359,-0.35638266801834106,-1.055227518081665,2.25592303276062,-1.0990992784500122,-0.6363946199417114,-0.9290686845779419,2.10221004486084,0.29539889097213745,0.15112915635108948,-0.487771213054657,0.44822055101394653,-0.17568925023078918,1.8221181631088257,-5.033795356750488,1.8191144466400146,-2.763925075531006,5.70145320892334,-0.8167192339897156,3.9799561500549316,-0.8540991544723511,-2.001452922821045,2.6742491722106934,-3.0648441314697266,4.550932884216309,4.0795793533325195,7.9874267578125,-2.4471778869628906,-2.60296368598938,2.9045817852020264,-0.008034706115722656,1.3359453678131104,-6.200647830963135,-0.34990063309669495,-0.9790655374526978,2.0984995365142822,-0.9965237379074097,-0.6666054129600525,-0.9115692377090454,1.8914690017700195,0.2121078073978424,0.05738406255841255,-0.3944716155529022,0.6675311923027039,-0.25893816351890564,1.8344379663467407,-4.848937511444092,1.608328104019165,-2.6111562252044678,5.524240016937256,-0.7035518884658813,4.077712059020996,-0.8923221826553345
A,masked_angular_velocity,1,651,3,1,651_T3_P1_R1,24,5,-2.336564779281616,3.222970485687256,-3.2326831817626953,5.648850440979004,4.19327449798584,8.67293643951416,-3.0072226524353027,-3.1223065853118896,3.397071361541748,-0.05595836788415909,1.1462162733078003,-6.584719657897949,-0.6949270367622375,-1.5625205039978027,1.9679059982299805,-1.3716859817504883,-0.21604862809181213,-0.4018665850162506,2.022408962249756,-0.2866309583187103,-0.2993159294128418,-0.44696417450904846,0.8725093603134155,-0.4277724325656891,2.0971906185150146,-4.908717632293701,1.7207494974136353,-3.0863256454467773,5.4675984382629395,-0.9209003448486328,4.290223121643066,-0.4454917907714844,-2.3073995113372803,3.2245655059814453,-3.1015877723693848,5.667096138000488,4.159237861633301,8.568891525268555,-3.0031895637512207,-3.064042568206787,3.4042487144470215,-0.12273933738470078,1.0278863906860352,-6.44342565536499,-0.7614811658859253,-1.6700035333633423,1.798710584640503,-1.3800544738769531,-0.20243212580680847,-0.32934877276420593,1.882192850112915,-0.409976065158844,-0.3962956964969635,-0.35209593176841736,0.9896093606948853,-0.5265359282493591,2.1543681621551514,-4.779065132141113,1.6406723260879517,-3.0381932258605957,5.420025825500488,-0.8754147291183472,4.33545446395874,-0.39561787247657776
A,masked_angular_velocity,1,651,3,2,651_T3_P1_R2,24,5,-2.3488996028900146,3.1908724308013916,-3.2056174278259277,5.591705322265625,4.180958271026611,8.665510177612305,-2.969212532043457,-3.123706340789795,3.3797378540039062,-0.12594088912010193,1.1465692520141602,-6.5545454025268555,-0.6681731939315796,-1.4962455034255981,1.9412496089935303,-1.3390092849731445,-0.23794810473918915,-0.453786700963974,1.9877952337265015,-0.2419033795595169,-0.3013960123062134,-0.42327889800071716,0.941519558429718,-0.4531625807285309,2.1297216415405273,-4.960171699523926,1.6690315008163452,-3.0520999431610107,5.549761772155762,-0.9241018295288086,4.378565788269043,-0.5087839365005493,-2.2696945667266846,3.136319875717163,-3.1554737091064453,5.386953353881836,4.194603443145752,8.531932830810547,-2.8572497367858887,-3.003451108932495,3.2625815868377686,-0.10955007374286652,1.1575461626052856,-6.406643867492676,-0.5692437887191772,-1.3405441045761108,2.0093600749969482,-1.273657202720642,-0.3347051739692688,-0.5497952103614807,1.945163369178772,-0.15945538878440857,-0.20781290531158447,-0.43449729681015015,0.8901454210281372,-0.44631677865982056,2.0627002716064453,-4.924690246582031,1.665077567100525,-2.9890241622924805,5.4916672706604,-0.8810461163520813,4.33394718170166,-0.6122898459434509
A,masked_angular_velocity,1,671,1,1,671_T1_P1_R1,26,5,-2.4448347091674805,3.4032797813415527,-3.4665112495422363,6.034794807434082,4.398488998413086,9.05598258972168,-3.2169995307922363,-3.2987849712371826,3.5531444549560547,-0.04607696458697319,1.2245402336120605,-6.867585182189941,-0.7266134023666382,-1.6320807933807373,2.100287914276123,-1.5110007524490356,-0.11974658071994781,-0.3784278333187103,2.147099018096924,-0.3429529070854187,-0.32499200105667114,-0.4654465317726135,0.7750625610351562,-0.39727067947387695,2.1349964141845703,-5.1732659339904785,1.8652334213256836,-3.3328585624694824,5.569144248962402,-1.0320937633514404,4.329630374908447,-0.4146510660648346,-2.3086273670196533,3.269651174545288,-3.1467859745025635,5.773134231567383,4.221956253051758,8.64535903930664,-3.1005403995513916,-3.1008074283599854,3.470445394515991,-0.15425051748752594,1.072563886642456,-6.491672515869141,-0.7112689018249512,-1.6971796751022339,1.8752707242965698,-1.39993155002594,-0.1422840654850006,-0.34730324149131775,1.9473708868026733,-0.49409985542297363,-0.4627107083797455,-0.3138391673564911,0.9754552245140076,-0.4612940549850464,2.1346592903137207,-4.882307529449463,1.7168922424316406,-3.1649856567382812,5.366879940032959,-0.904578685760498,4.3484416007995605,-0.35643449425697327
A,masked_angular_velocity,1,671,1,2,671_T1_P1_R2,24,5,-2.405571222305298,3.287966251373291,-3.5549278259277344,5.757289886474609,4.294465065002441,8.982118606567383,-3.0999834537506104,-3.2507572174072266,3.38665771484375,0.11910755932331085,1.3259665966033936,-6.84302282333374,-0.641410768032074,-1.4235944747924805,2.279944896697998,-1.446763515472412,-0.23437781631946564,-0.487665593624115,2.2436153888702393,-0.17666320502758026,-0.15921826660633087,-0.5905833840370178,0.6353307962417603,-0.266356885433197,2.019587755203247,-5.175646781921387,1.8851077556610107,-3.2625625133514404,5.503204345703125,-1.0034693479537964,4.201572418212891,-0.4962027966976166,-2.222486972808838,3.0821797847747803,-3.2857940196990967,5.303112983703613,3.9663352966308594,8.490880966186523,-2.9451282024383545,-3.041315793991089,3.219865322113037,0.12242789566516876,1.185728669166565,-6.385148048400879,-0.6206789016723633,-1.3934966325759888,2.0592398643493652,-1.3334095478057861,-0.26807424426078796,-0.45423364639282227,2.028364658355713,-0.3290972113609314,-0.2849282920360565,-0.46081671118736267,0.8236411809921265,-0.2572060823440552,1.936038613319397,-4.815638542175293,1.6857328414916992,-3.0470211505889893,5.162400722503662,-0.8487199544906616,4.16019868850708,-0.42107710242271423
A,masked_angular_velocity,1,671,2,1,671_T2_P1_R1,24,5,-2.175288677215576,2.876331329345703,-3.201417922973633,4.8414716720581055,4.189732074737549,8.204533576965332,-2.515700101852417,-2.672926425933838,2.9345428943634033,0.19544510543346405,1.3107006549835205,-6.437516689300537,-0.46871161460876465,-1.2296468019485474,2.2685904502868652,-1.2382110357284546,-0.6870959997177124,-0.7871659994125366,2.0814332962036133,0.2566660940647125,0.1552162617444992,-0.6061135530471802,0.3441331088542938,-0.17458301782608032,1.6768547296524048,-4.746676921844482,1.8398182392120361,-2.7577545642852783,5.415857791900635,-0.8058384656906128,3.8071517944335938,-0.7512874603271484,-2.023510456085205,2.731462240219116,-3.0867953300476074,4.434326648712158,4.102513313293457,7.870449066162109,-2.3093161582946777,-2.425384521484375,2.6855170726776123,0.28414270281791687,1.3849860429763794,-6.227118492126465,-0.27611276507377625,-1.0119179487228394,2.464271306991577,-1.0784962177276611,-0.8525330424308777,-0.9751588702201843,2.114828109741211,0.3883231282234192,0.31867772340774536,-0.6322008371353149,0.1494927704334259,-0.03927848860621452,1.5147243738174438,-4.617796421051025,1.878350019454956,-2.618234395980835,5.232671737670898,-0.7100472450256348,3.5950934886932373,-0.8989437222480774
A,masked_angular_velocity,1,671,2,2,671_T2_P1_R2,27,5,-2.195547580718994,2.9694831371307373,-3.408154249191284,4.7782979011535645,4.1765522956848145,8.351740837097168,-2.5770492553710938,-2.8161606788635254,2.8682212829589844,0.3293519914150238,1.299530029296875,-6.3924713134765625,-0.4133225977420807,-0.9333114624023438,2.394042491912842,-1.2958015203475952,-0.6789153814315796,-0.8134573101997375,2.1134352684020996,0.3152484893798828,0.19818541407585144,-0.7550961971282959,0.3942928910255432,-0.18746884167194366,1.6347410678863525,-4.895797252655029,1.8267215490341187,-2.81815242767334,5.3191423416137695,-0.8487945795059204,3.8769028186798096,-0.7954720854759216,-2.015180826187134,2.7344629764556885,-3.200129985809326,4.276003837585449,3.882838487625122,7.839875221252441,-2.350449562072754,-2.5323739051818848,2.599848508834839,0.4562450051307678,1.2570717334747314,-6.063530921936035,-0.34092703461647034,-0.9047985076904297,2.3419454097747803,-1.2004215717315674,-0.8150285482406616,-0.8677849769592285,2.0380139350891113,0.29768821597099304,0.22795610129833221,-0.7350343465805054,0.31495529413223267,-0.061851780861616135,1.3996155261993408,-4.475072383880615,1.7763512134552002,-2.5820069313049316,5.001275539398193,-0.6834741830825806,3.6284775733947754,-0.762039065361023
A,masked_angular_velocity,1,671,3,1,671_T3_P1_R1,27,5,-2.2602691650390625,2.810903310775757,-3.8580634593963623,4.786685466766357,4.3994245529174805,8.635574340820312,-2.483579397201538,-2.886483669281006,2.8503687381744385,0.4138941168785095,1.7877156734466553,-6.903935432434082,-0.2604788541793823,-0.5692356824874878,2.81760835647583,-1.1350276470184326,-0.7968317270278931,-1.1263803243637085,2.4186196327209473,0.7896031737327576,0.6344630122184753,-0.8430501818656921,-0.06894959509372711,0.03161715716123581,1.6981881856918335,-5.512903213500977,2.032456636428833,-2.8925633430480957,5.787688255310059,-1.0082920789718628,3.7121970653533936,-1.1607177257537842,-2.1039376258850098,2.572124719619751,-3.637272596359253,4.367400169372559,4.450045108795166,8.326199531555176,-2.2082502841949463,-2.5615670680999756,2.722126007080078,0.25950902700424194,1.8742742538452148,-6.749337196350098,-0.04579217731952667,-0.39010509848594666,2.8903844356536865,-0.8692939877510071,-1.0359289646148682,-1.41070556640625,2.331451892852783,1.0234384536743164,0.7483921051025391,-0.7067930698394775,-0.07245758175849915,0.06972189247608185,1.7308580875396729,-5.573601245880127,1.9045305252075195,-2.7019219398498535,5.941861152648926,-0.8712817430496216,3.8058314323425293,-1.3822822570800781
A,masked_angular_velocity,1,671,3,2,671_T3_P1_R2,28,5,-2.3061020374298096,2.8621885776519775,-3.611570358276367,4.998675346374512,4.856948375701904,8.569295883178711,-2.3879709243774414,-2.729623317718506,3.046391010284424,-0.0057109952904284,1.7040088176727295,-6.980398654937744,-0.20461125671863556,-0.734372615814209,2.542060375213623,-1.0872702598571777,-0.8612949252128601,-1.2186689376831055,2.2166552543640137,0.9045532941818237,0.5800766944885254,-0.6297678351402283,0.03075217641890049,-0.2816929221153259,1.8270553350448608,-5.636357307434082,2.025923013687134,-2.8213608264923096,6.245151519775391,-1.060340166091919,3.9405226707458496,-1.2856673002243042,-2.1788582801818848,2.7483878135681152,-3.337179660797119,4.605973243713379,4.407887935638428,8.142822265625,-2.2847683429718018,-2.578662395477295,2.829718589782715,0.09564326703548431,1.4845987558364868,-6.4603986740112305,-0.24928781390190125,-0.784580409526825,2.393770694732666,-1.078179121017456,-0.8602514266967773,-1.0996253490447998,2.059838056564331,0.6603711247444153,0.40024346113204956,-0.6077878475189209,0.2268647700548172,-0.23559267818927765,1.7004554271697998,-5.145878314971924,1.8300098180770874,-2.6642773151397705,5.714634895324707,-0.911747932434082,3.8483920097351074,-1.127602458000183
A,masked_angular_velocity,1,790,1,1,790_T1_P1_R1,25,5,-2.285154342651367,2.941283702850342,-3.4705443382263184,5.066048622131348,3.995922803878784,8.550654411315918,-2.7809958457946777,-3.0265650749206543,3.0757994651794434,0.3076777756214142,1.3306570053100586,-6.536004543304443,-0.6077483892440796,-1.1840777397155762,2.168018102645874,-1.3558650016784668,-0.433521032333374,-0.587413489818573,2.114553928375244,0.006646263413131237,-0.02705380879342556,-0.6552475690841675,0.5979891419410706,-0.15974149107933044,1.7968868017196655,-4.919097423553467,1.7482668161392212,-2.937864065170288,5.340569496154785,-0.8907299041748047,4.001760005950928,-0.6058908104896545,-2.1882612705230713,2.803978443145752,-3.518481492996216,4.765011787414551,4.061774730682373,8.423711776733398,-2.5805845260620117,-2.8448097705841064,2.928410768508911,0.3343959450721741,1.4568146467208862,-6.543453216552734,-0.4309564232826233,-0.9173644781112671,2.3196609020233154,-1.2096102237701416,-0.6206932663917542,-0.8494932055473328,2.1082911491394043,0.26973456144332886,0.1474556177854538,-0.6367506980895996,0.4715275168418884,-0.0947326198220253,1.7783781290054321,-5.052129745483398,1.757664680480957,-2.8070266246795654,5.495769500732422,-0.8455179929733276,3.9457919597625732,-0.8525622487068176
A,masked_angular_velocity,1,790,1,2,790_T1_P1_R2,26,5,-2.363088369369507,3.0365219116210938,-3.649536609649658,5.309689521789551,4.191236972808838,8.837658882141113,-2.8703768253326416,-3.137666702270508,3.1960232257843018,0.25131168961524963,1.4351794719696045,-6.8262619972229,-0.5999380350112915,-1.1595537662506104,2.280663013458252,-1.356153130531311,-0.4069543778896332,-0.6353164911270142,2.216641902923584,0.13277611136436462,0.032838571816682816,-0.661497950553894,0.5430954098701477,-0.19680926203727722,1.9345687627792358,-5.203401565551758,1.7994709014892578,-3.0359339714050293,5.618827819824219,-0.9615298509597778,4.084751605987549,-0.6858110427856445,-2.248288631439209,2.772581100463867,-3.928008556365967,4.788327217102051,3.9309754371643066,8.626184463500977,-2.6043307781219482,-2.9681217670440674,2.8534226417541504,0.664284348487854,1.7324270009994507,-6.915158271789551,-0.42463788390159607,-0.8559060096740723,2.5519533157348633,-1.257375955581665,-0.6291683316230774,-0.917752742767334,2.373889207839966,0.38894492387771606,0.3428923189640045,-0.805677056312561,0.139312282204628,0.13436546921730042,1.6439259052276611,-5.147566318511963,1.9680942296981812,-2.864912509918213,5.54130744934082,-0.9266424179077148,3.673768997192383,-0.8575485944747925
A,masked_angular_velocity,1,790,2,1,790_T2_P1_R1,25,5,-2.2771859169006348,3.0195605754852295,-3.5969910621643066,5.067671775817871,3.680974245071411,8.583157539367676,-2.9290504455566406,-3.1700279712677,3.0041635036468506,0.4987914562225342,1.2677685022354126,-6.444127559661865,-0.7131990194320679,-1.1880794763565063,2.2103686332702637,-1.4339498281478882,-0.3433190584182739,-0.45727595686912537,2.1670737266540527,-0.17510247230529785,-0.09375003725290298,-0.7646574974060059,0.6628280282020569,-0.09406127035617828,1.7488420009613037,-4.759308815002441,1.7303895950317383,-2.99499249458313,5.050480842590332,-0.8636838793754578,3.9577298164367676,-0.44369062781333923,-2.2497591972351074,2.865858554840088,-3.7253730297088623,4.800882816314697,3.596750497817993,8.50993824005127,-2.789041519165039,-3.024350643157959,2.8463432788848877,0.6707783937454224,1.4167606830596924,-6.511157989501953,-0.6198517084121704,-1.0406781435012817,2.3469064235687256,-1.3765100240707397,-0.4944986402988434,-0.6308039426803589,2.226703643798828,-0.01620516926050186,0.04723591357469559,-0.8132166862487793,0.4670868515968323,0.059537917375564575,1.6504857540130615,-4.808781147003174,1.791619062423706,-2.9002127647399902,5.080575942993164,-0.8205276131629944,3.8067643642425537,-0.59246426820755
A,masked_angular_velocity,1,790,2,2,790_T2_P1_R2,26,5,-2.360109806060791,3.078476905822754,-3.5925679206848145,5.210278511047363,3.8663642406463623,8.716288566589355,-2.9484822750091553,-3.211064577102661,3.0945842266082764,0.3578204810619354,1.236501693725586,-6.5115556716918945,-0.739852249622345,-1.2227157354354858,2.1842098236083984,-1.4707632064819336,-0.3562425971031189,-0.4704073965549469,2.1305179595947266,-0.09994426369667053,-0.10313687473535538,-0.7531410455703735,0.7037698030471802,-0.20067623257637024,1.8205738067626953,-4.913935661315918,1.704562783241272,-3.0275821685791016,5.238273620605469,-0.9192760586738586,4.088521480560303,-0.4952812194824219,-2.391207456588745,3.0473275184631348,-3.4049949645996094,5.222231388092041,3.870093822479248,8.561800003051758,-2.886643886566162,-3.0892796516418457,3.1300244331359863,0.19600698351860046,1.1361217498779297,-6.457894802093506,-0.7969193458557129,-1.3954670429229736,1.9572505950927734,-1.4638328552246094,-0.4015933871269226,-0.4546002745628357,1.9896824359893799,-0.13308604061603546,-0.19013388454914093,-0.6398712396621704,0.7974228858947754,-0.3065747618675232,1.87346613407135,-4.801003456115723,1.644640564918518,-2.924041509628296,5.3513383865356445,-0.8970006108283997,4.158088684082031,-0.5001477599143982
A,masked_angular_velocity,1,790,3,1,790_T3_P1_R1,27,5,-2.3410141468048096,3.218240737915039,-3.379194736480713,5.424887657165527,3.928057909011841,8.726144790649414,-3.097562313079834,-3.299914598464966,3.2871298789978027,0.0835052877664566,1.004682183265686,-6.336459159851074,-0.8083666563034058,-1.3196367025375366,1.9196981191635132,-1.4628657102584839,-0.16769887506961823,-0.30584436655044556,1.9480371475219727,-0.32777661085128784,-0.3815430700778961,-0.56660395860672,1.1110875606536865,-0.42110753059387207,2.073887348175049,-4.905361175537109,1.5291180610656738,-3.0729146003723145,5.220765113830566,-0.8994535207748413,4.385222434997559,-0.38771215081214905,-2.242821455001831,3.0610814094543457,-3.226921558380127,5.070600509643555,3.666224956512451,8.370162963867188,-2.915426254272461,-3.068239212036133,3.0757203102111816,0.17797352373600006,0.954879105091095,-6.138941764831543,-0.7752010822296143,-1.3434605598449707,1.7964794635772705,-1.4353456497192383,-0.26827138662338257,-0.36183100938796997,1.8476707935333252,-0.3697493076324463,-0.4038558602333069,-0.5044444799423218,1.0643268823623657,-0.37151527404785156,1.919481873512268,-4.571386337280273,1.492856502532959,-2.855097532272339,5.0641255378723145,-0.7709539532661438,4.222843170166016,-0.4117075502872467
A,masked_angular_velocity,1,790,3,2,790_T3_P1_R2,25,5,-2.2935855388641357,3.0683467388153076,-3.400545597076416,5.151610374450684,3.8761608600616455,8.488944053649902,-2.9197611808776855,-3.176928997039795,3.1555027961730957,0.12244417518377304,1.054149866104126,-6.259095668792725,-0.7330754995346069,-1.1215406656265259,1.8836796283721924,-1.3796626329421997,-0.2566321790218353,-0.4187300205230713,1.9073330163955688,-0.12473859637975693,-0.2595825493335724,-0.5664008855819702,1.0167028903961182,-0.3828897476196289,2.001861095428467,-4.89635705947876,1.500929594039917,-2.9341678619384766,5.244653224945068,-0.9038634300231934,4.262693405151367,-0.5089377164840698,-2.298513889312744,3.0828230381011963,-3.4637770652770996,4.952043533325195,3.051560640335083,8.190147399902344,-3.0801939964294434,-3.373633861541748,2.969832181930542,0.4469122886657715,0.6988271474838257,-5.780750274658203,-1.0091625452041626,-1.140211820602417,1.42258882522583,-1.5749047994613647,0.0069994316436350346,-0.048569660633802414,1.7090448141098022,-0.6114263534545898,-0.6438758969306946,-0.6502452492713928,1.4620988368988037,-0.4172940254211426,1.9030992984771729,-4.352673530578613,1.2738752365112305,-2.815696954727173,4.598884582519531,-0.8408865928649902,4.21066951751709,-0.13742557168006897
A,masked_angular_velocity,2,252,1,1,252_T1_P1_R1,23,5,1.891187310218811,-6.1190505027771,6.897351264953613,-3.3708553314208984,-7.201620578765869,5.186356544494629,-4.437622547149658,-6.270403861999512,-6.760534763336182,1.6089344024658203,-3.349881410598755,-0.8595603108406067,1.6347119808197021,-3.835951566696167,-7.200417995452881,-5.197819709777832,4.8220696449279785,7.121366024017334,2.573671817779541,3.0166070461273193,-5.936599254608154,2.316962718963623,-3.7741456031799316,-1.6892240047454834,3.3315346240997314,2.383105993270874,7.563852787017822,1.9189685583114624,-4.98303747177124,-4.4095258712768555,3.900108814239502,-6.815805912017822,1.8417444229125977,-6.058084964752197,6.964627742767334,-3.3968238830566406,-7.131290435791016,5.207090854644775,-4.21398401260376,-6.450705051422119,-6.962577819824219,1.6798747777938843,-3.635702610015869,-0.7913640737533569,1.841461420059204,-3.8366000652313232,-7.383576393127441,-5.249560356140137,4.912583827972412,7.46682596206665,2.419036388397217,3.324420928955078,-5.835601806640625,2.2143845558166504,-3.982593536376953,-1.87935471534729,3.4273102283477783,2.5894477367401123,7.792806148529053,1.9596388339996338,-5.181685924530029,-4.35338020324707,3.9319005012512207,-6.7988691329956055
A,masked_angular_velocity,2,252,1,2,252_T1_P1_R2,25,5,1.867525339126587,-6.187617301940918,6.705540657043457,-3.1867454051971436,-7.414310455322266,5.144034385681152,-4.572611331939697,-6.134437084197998,-6.693726539611816,1.7504122257232666,-3.2931466102600098,-0.9175930023193359,1.5997203588485718,-3.7746009826660156,-7.020482063293457,-5.104947566986084,4.816277027130127,7.020355224609375,2.72025728225708,2.6777336597442627,-5.790557861328125,2.5229287147521973,-3.488198757171631,-1.2101632356643677,3.3904590606689453,2.3852298259735107,7.4340620040893555,1.7415626049041748,-4.790134906768799,-4.564492702484131,3.9749579429626465,-6.5973687171936035,1.8989261388778687,-6.210650444030762,6.608392238616943,-3.032318115234375,-7.623702049255371,5.111581802368164,-4.439774513244629,-6.142441749572754,-6.849862098693848,1.948280930519104,-3.6264853477478027,-0.916027843952179,1.8110342025756836,-3.735846757888794,-7.121653079986572,-5.136495113372803,4.902949333190918,7.313371181488037,2.702777862548828,2.679631471633911,-5.5787153244018555,2.677654266357422,-3.3814384937286377,-0.8850328326225281,3.5895347595214844,2.608706474304199,7.536801338195801,1.6534032821655273,-4.874172210693359,-4.6735758781433105,4.112826347351074,-6.463738441467285
A,masked_angular_velocity,2,252,2,1,252_T2_P1_R1,25,5,1.703176498413086,-5.983891487121582,6.7546491622924805,-3.377110242843628,-7.032966613769531,5.122734069824219,-4.372678756713867,-6.21244478225708,-6.623470306396484,1.5836519002914429,-3.153184175491333,-0.9542153477668762,1.4816704988479614,-3.8065028190612793,-7.076381683349609,-5.030547618865967,4.721025466918945,6.8444085121154785,2.50998592376709,2.8869540691375732,-5.946794509887695,2.210005283355713,-3.815504550933838,-1.7790069580078125,3.1169729232788086,2.321089506149292,7.365082740783691,1.8491750955581665,-4.910902500152588,-4.325514316558838,3.8698551654815674,-6.817396640777588,1.741415023803711,-5.7489776611328125,6.453263759613037,-3.260153293609619,-6.8161468505859375,4.9179463386535645,-4.07045841217041,-6.075661659240723,-6.605690956115723,1.6278316974639893,-3.3364474773406982,-0.8212741017341614,1.6543323993682861,-3.685999631881714,-6.946072578430176,-4.99194860458374,4.660869598388672,6.99547815322876,2.3098971843719482,2.8974671363830566,-5.62827205657959,2.1817095279693604,-3.720733165740967,-1.6686391830444336,3.188138961791992,2.4672038555145264,7.204245090484619,1.822711706161499,-4.827115535736084,-4.081038475036621,3.829880475997925,-6.523280143737793
A,masked_angular_velocity,2,252,2,2,252_T2_P1_R2,25,5,1.7716522216796875,-6.2472100257873535,7.0757927894592285,-3.3580775260925293,-7.469674587249756,5.265524387359619,-4.404862403869629,-6.4762701988220215,-7.129576206207275,1.8006236553192139,-3.5900981426239014,-0.9381418228149414,1.8796894550323486,-3.9545013904571533,-7.3747406005859375,-5.241978645324707,4.914421081542969,7.419354438781738,2.6301987171173096,3.1394202709198,-5.904914855957031,2.3650588989257812,-3.8859047889709473,-1.725073218345642,3.509713649749756,2.5101523399353027,7.810577392578125,1.875440001487732,-5.142982006072998,-4.581137657165527,4.07370662689209,-6.915770053863525,1.8262689113616943,-6.14628791809082,7.040005683898926,-3.19704008102417,-7.50184440612793,5.121806621551514,-4.012927055358887,-6.519454479217529,-7.393496990203857,2.0119919776916504,-4.128069877624512,-0.8118762373924255,2.30609130859375,-3.9628443717956543,-7.452271461486816,-5.241798400878906,5.039060115814209,7.905695915222168,2.4518752098083496,3.382593870162964,-5.523767471313477,2.3951148986816406,-3.934399127960205,-1.6792285442352295,3.802521228790283,2.8152308464050293,8.019271850585938,1.8707733154296875,-5.361074447631836,-4.457172870635986,4.156070709228516,-6.681756973266602
A,masked_angular_velocity,2,252,3,1,252_T3_P1_R1,25,5,1.4360744953155518,-6.219021320343018,6.997420310974121,-3.300421953201294,-7.252318382263184,5.343016147613525,-4.471820831298828,-6.479410648345947,-6.878901481628418,1.7174060344696045,-3.227238893508911,-1.1754076480865479,1.587681770324707,-3.8656437397003174,-7.266997337341309,-5.016046047210693,4.819517612457275,7.073455810546875,2.677525758743286,2.94638991355896,-5.938885688781738,2.2081074714660645,-3.9581844806671143,-1.7827033996582031,3.220823287963867,2.436033248901367,7.6663055419921875,1.7682987451553345,-4.924365997314453,-4.725148677825928,4.1523942947387695,-6.849139213562012,1.2874618768692017,-6.228508472442627,6.896584987640381,-3.322819471359253,-7.242031097412109,5.437801361083984,-4.65905237197876,-6.477448463439941,-6.686646461486816,1.6970916986465454,-2.929887533187866,-1.337357997894287,1.3105919361114502,-3.8264031410217285,-7.190602779388428,-4.912102222442627,4.8249688148498535,6.818861484527588,2.7739970684051514,2.6823325157165527,-6.0755181312561035,2.2419729232788086,-3.97263765335083,-1.6776635646820068,3.011300563812256,2.375582218170166,7.568644046783447,1.6357418298721313,-4.813261985778809,-4.831942081451416,4.2448835372924805,-6.881360054016113
A,masked_angular_velocity,2,252,3,2,252_T3_P1_R2,24,5,1.4138920307159424,-6.36591100692749,6.94976806640625,-3.2165298461914062,-7.640110015869141,5.442214012145996,-4.638864517211914,-6.549586296081543,-7.084222316741943,1.896254301071167,-3.369431972503662,-1.2166845798492432,1.6921993494033813,-3.8389511108398438,-7.40851354598999,-5.085577964782715,4.922122001647949,7.282867431640625,2.77400279045105,2.853358268737793,-5.922873497009277,2.485701322555542,-3.7978618144989014,-1.4324216842651367,3.410228729248047,2.5118236541748047,7.69949197769165,1.6725631952285767,-4.943847179412842,-4.9904890060424805,4.344882011413574,-6.834296226501465,1.2506965398788452,-6.325659275054932,6.622811794281006,-3.006394147872925,-7.716620445251465,5.3843841552734375,-4.714005947113037,-6.399033546447754,-6.923182487487793,1.9844974279403687,-3.272860288619995,-1.3408457040786743,1.5721561908721924,-3.679842710494995,-7.142401695251465,-4.935305118560791,4.870187282562256,7.099923133850098,2.865323543548584,2.457828998565674,-5.7088117599487305,2.615299701690674,-3.5178191661834717,-0.9288728833198547,3.412240982055664,2.5754265785217285,7.4930219650268555,1.4150679111480713,-4.696559429168701,-5.13446569442749,4.4176836013793945,-6.507470607757568
A,masked_angular_velocity,2,651,1,1,651_T1_P1_R1,24,5,1.7486886978149414,-5.869146347045898,6.524801731109619,-3.2365002632141113,-6.992537021636963,4.9704437255859375,-4.188508987426758,-6.073485374450684,-6.549493312835693,1.6808732748031616,-3.339096784591675,-0.8783060312271118,1.5619317293167114,-3.7168049812316895,-6.942991733551025,-4.993795871734619,4.694074630737305,6.903822898864746,2.451543092727661,2.8133623600006104,-5.6881608963012695,2.285585641860962,-3.6515884399414062,-1.5096986293792725,3.204890012741089,2.4490983486175537,7.3006134033203125,1.71579110622406,-4.867715358734131,-4.236324787139893,3.812347412109375,-6.544787406921387,1.5279759168624878,-5.759117603302002,6.166421413421631,-3.1741716861724854,-6.778351783752441,4.900683403015137,-4.208614349365234,-5.9036688804626465,-6.178375244140625,1.601839303970337,-2.997648239135742,-1.0176780223846436,1.2032504081726074,-3.6180362701416016,-6.560858726501465,-4.809020519256592,4.556799411773682,6.448258399963379,2.473724842071533,2.3356993198394775,-5.609371662139893,2.228612184524536,-3.502307891845703,-1.2922683954238892,2.9539682865142822,2.444162607192993,6.938883304595947,1.544586420059204,-4.545683860778809,-4.182138442993164,3.7929396629333496,-6.323428153991699
A,masked_angular_velocity,2,651,1,2,651_T1_P1_R2,24,5,1.6804006099700928,-5.9815263748168945,6.809780120849609,-3.4098052978515625,-6.958119869232178,5.170614242553711,-4.269587516784668,-6.316370964050293,-6.658692359924316,1.6087255477905273,-3.256239414215088,-0.9185174703598022,1.5300308465957642,-3.814812183380127,-7.179703712463379,-5.055519104003906,4.754128456115723,6.982287406921387,2.4739623069763184,3.0297763347625732,-5.955837249755859,2.141519069671631,-3.944885730743408,-1.865201711654663,3.1059088706970215,2.4008917808532715,7.523618221282959,1.8192436695098877,-5.004716396331787,-4.339334964752197,3.8494198322296143,-6.829580783843994,1.3817901611328125,-6.0404815673828125,6.879299163818359,-3.5145962238311768,-6.880479335784912,5.357184410095215,-4.278409004211426,-6.5617995262146,-6.7496442794799805,1.5744956731796265,-3.2149009704589844,-1.1190450191497803,1.4487764835357666,-3.855872392654419,-7.298067569732666,-5.0685505867004395,4.791811943054199,7.0507493019104,2.4609408378601074,3.0544791221618652,-6.0603437423706055,1.9921455383300781,-4.207492828369141,-2.0555596351623535,3.0352001190185547,2.539585828781128,7.654609680175781,1.7720973491668701,-5.026564598083496,-4.473270416259766,4.026708126068115,-6.913960933685303
A,masked_angular_velocity,2,651,2,1,651_T2_P1_R1,25,5,1.8371193408966064,-6.122641563415527,6.85562801361084,-3.200946092605591,-7.326443672180176,5.195837497711182,-4.193375587463379,-6.433413028717041,-7.057829856872559,1.9048652648925781,-3.83174204826355,-0.8476054072380066,1.9687855243682861,-3.776423931121826,-7.4508233070373535,-5.256634712219238,4.98130464553833,7.656594753265381,2.5110912322998047,3.205986499786377,-5.6889848709106445,2.43800950050354,-3.841573715209961,-1.4989407062530518,3.5733253955841064,2.7454235553741455,7.879312038421631,1.7762666940689087,-5.15035343170166,-4.578896522521973,4.125278472900391,-6.7158074378967285,1.7465194463729858,-6.075222969055176,6.704434394836426,-3.134030342102051,-7.350578308105469,5.138041973114014,-4.165289878845215,-6.334102153778076,-6.918511867523193,1.945627212524414,-3.7823987007141113,-0.9054208993911743,1.873399019241333,-3.7247166633605957,-7.3061370849609375,-5.125204563140869,4.933283805847168,7.48523473739624,2.539721965789795,3.0208511352539062,-5.58493185043335,2.4695816040039062,-3.7311534881591797,-1.30635404586792,3.497478485107422,2.747957944869995,7.763845920562744,1.6464014053344727,-5.084022521972656,-4.605843544006348,4.095276832580566,-6.582139492034912
A,masked_angular_velocity,2,651,2,2,651_T2_P1_R2,26,5,1.855284333229065,-6.164540767669678,6.847048282623291,-3.2182300090789795,-7.404945373535156,5.234382629394531,-4.313925266265869,-6.420963287353516,-7.048495292663574,1.8992351293563843,-3.7478408813476562,-0.8737238049507141,1.9255735874176025,-3.776963710784912,-7.446157932281494,-5.278930187225342,4.973443984985352,7.606850624084473,2.5526299476623535,3.1344733238220215,-5.744477272033691,2.498326301574707,-3.7831625938415527,-1.4298919439315796,3.5637366771698,2.6974730491638184,7.823739051818848,1.781981110572815,-5.096205234527588,-4.627472877502441,4.138561248779297,-6.75234842300415,1.7219429016113281,-6.005837917327881,6.504946708679199,-3.1653122901916504,-7.155168056488037,5.109970569610596,-4.3146653175354,-6.200036525726318,-6.652996063232422,1.783827781677246,-3.4260826110839844,-0.958696186542511,1.5854195356369019,-3.655545711517334,-7.0463361740112305,-5.100462436676025,4.831078052520752,7.148120880126953,2.543161153793335,2.7420156002044678,-5.636272430419922,2.4356842041015625,-3.6397171020507812,-1.2796962261199951,3.331324815750122,2.652665615081787,7.474173069000244,1.66059148311615,-4.811053276062012,-4.507090091705322,4.04782247543335,-6.51589822769165
A,masked_angular_velocity,2,651,3,1,651_T3_P1_R1,24,5,1.7854690551757812,-6.070693016052246,6.752466678619385,-3.294856309890747,-7.240048885345459,5.135380744934082,-4.336497783660889,-6.217860221862793,-6.7080512046813965,1.7308311462402344,-3.3589863777160645,-0.9252519607543945,1.5999363660812378,-3.8181934356689453,-7.200345039367676,-5.078308582305908,4.806341648101807,7.04587459564209,2.5587236881256104,2.878169059753418,-5.884316444396973,2.3855831623077393,-3.719602108001709,-1.5477755069732666,3.228872299194336,2.409825325012207,7.467710971832275,1.7781606912612915,-4.988329887390137,-4.452018737792969,3.968378782272339,-6.799818515777588,1.7273948192596436,-5.985311031341553,6.59707498550415,-3.272230625152588,-7.134249687194824,5.071678161621094,-4.2965006828308105,-6.096297264099121,-6.527531623840332,1.6987930536270142,-3.2325267791748047,-0.9550986289978027,1.4707331657409668,-3.7772934436798096,-7.053139686584473,-4.963238716125488,4.74407434463501,6.831917762756348,2.530500888824463,2.6892826557159424,-5.851567268371582,2.3625307083129883,-3.6491951942443848,-1.463391661643982,3.077714443206787,2.360769510269165,7.284244537353516,1.717184066772461,-4.895750045776367,-4.37708044052124,3.929694414138794,-6.711199760437012
A,masked_angular_velocity,2,651,3,2,651_T3_P1_R2,24,5,1.7153167724609375,-6.103420734405518,6.71437931060791,-3.3271427154541016,-7.254873752593994,5.188895225524902,-4.4411139488220215,-6.244307518005371,-6.6826300621032715,1.702726125717163,-3.2552990913391113,-0.9916016459465027,1.493211030960083,-3.8026702404022217,-7.159982204437256,-5.095158576965332,4.801326751708984,6.971893310546875,2.5960123538970947,2.7787976264953613,-5.934493064880371,2.3994028568267822,-3.7173995971679688,-1.5246554613113403,3.2027029991149902,2.417694568634033,7.423905849456787,1.7499765157699585,-4.913744926452637,-4.506904125213623,4.001675605773926,-6.813536167144775,1.6503093242645264,-6.054063320159912,6.599404811859131,-3.234370470046997,-7.2322587966918945,5.109823226928711,-4.313815593719482,-6.1807756423950195,-6.632803440093994,1.7701351642608643,-3.3273379802703857,-1.004966378211975,1.5095518827438354,-3.761107921600342,-7.055124759674072,-5.022308349609375,4.768433570861816,6.941734313964844,2.5863046646118164,2.6997978687286377,-5.7702412605285645,2.3940672874450684,-3.6515488624572754,-1.3825689554214478,3.202751636505127,2.505220413208008,7.401148796081543,1.6511809825897217,-4.877444267272949,-4.495869159698486,3.9859089851379395,-6.660545349121094
A,masked_angular_velocity,2,671,1,1,671_T1_P1_R1,26,5,1.8346694707870483,-6.180331707000732,7.091443061828613,-3.4188640117645264,-7.4038286209106445,5.236168384552002,-4.277060508728027,-6.465662956237793,-7.049827575683594,1.762807846069336,-3.6148693561553955,-0.8639906048774719,1.8512136936187744,-3.9621176719665527,-7.484292030334473,-5.214446067810059,4.869203090667725,7.358159065246582,2.5163350105285645,3.2782142162323,-5.974806785583496,2.2957584857940674,-3.920590877532959,-1.8420759439468384,3.4015450477600098,2.472012519836426,7.754754543304443,1.9603431224822998,-5.2748308181762695,-4.48227596282959,3.9343581199645996,-7.031250953674316,1.7371898889541626,-5.923512935638428,6.663553714752197,-3.3275210857391357,-7.020320415496826,5.059343338012695,-4.181031703948975,-6.179959774017334,-6.572760105133057,1.63467276096344,-3.283339738845825,-0.8587328791618347,1.5261667966842651,-3.778991937637329,-7.117300510406494,-4.981627464294434,4.700810432434082,6.883031368255615,2.4238429069519043,2.9147884845733643,-5.875619888305664,2.2040443420410156,-3.751704454421997,-1.696736216545105,3.0867583751678467,2.3755524158477783,7.300886631011963,1.8539419174194336,-4.987115383148193,-4.269616603851318,3.800041913986206,-6.7800774574279785
A,masked_angular_velocity,2,671,1,2,671_T1_P1_R2,24,5,1.8877792358398438,-6.2646684646606445,7.248687744140625,-3.445674419403076,-7.489083290100098,5.309901714324951,-4.272006988525391,-6.582716464996338,-7.222740173339844,1.7911838293075562,-3.7756600379943848,-0.8393725156784058,2.0003557205200195,-4.016406059265137,-7.657439231872559,-5.329131126403809,4.961047172546387,7.613285064697266,2.542910099029541,3.468608856201172,-6.007594108581543,2.3062057495117188,-4.028628349304199,-1.922850251197815,3.5233001708984375,2.5263664722442627,7.9831438064575195,1.983618140220642,-5.3912482261657715,-4.5576677322387695,4.002835273742676,-7.1043853759765625,1.772741675376892,-5.998472690582275,6.865383148193359,-3.3888134956359863,-7.044642448425293,5.15387487411499,-4.146605491638184,-6.357016563415527,-6.813312530517578,1.6297674179077148,-3.4824211597442627,-0.8302051424980164,1.7289950847625732,-3.8496341705322266,-7.3083038330078125,-5.109012603759766,4.814211845397949,7.220349311828613,2.389589309692383,3.2005512714385986,-5.873808860778809,2.1372110843658447,-3.9423961639404297,-1.8959338665008545,3.2517833709716797,2.4681954383850098,7.579672336578369,1.9401382207870483,-5.135688304901123,-4.302863121032715,3.8632454872131348,-6.808540344238281
A,masked_angular_velocity,2,671,2,1,671_T2_P1_R1,24,5,2.1628525257110596,-6.017754077911377,6.821247100830078,-3.155714511871338,-7.15551233291626,4.943877696990967,-4.106673717498779,-6.170115947723389,-6.816779136657715,1.811687707901001,-3.720005512237549,-0.6471691727638245,1.9554189443588257,-3.7801175117492676,-7.155587196350098,-5.215402126312256,4.876132488250732,7.4120917320251465,2.488882303237915,3.2289137840270996,-5.554553508758545,2.3734219074249268,-3.7110302448272705,-1.512495994567871,3.5567424297332764,2.604391574859619,7.767401695251465,1.9158128499984741,-5.081502914428711,-4.277963161468506,3.7907307147979736,-6.59082555770874,2.0539252758026123,-5.828221797943115,6.489210605621338,-2.962275266647339,-7.0049285888671875,4.71978235244751,-3.8472023010253906,-5.97572660446167,-6.6620588302612305,1.9193309545516968,-3.818007707595825,-0.6235958337783813,1.9696232080459595,-3.6430256366729736,-6.895625114440918,-5.028602123260498,4.781233310699463,7.308465003967285,2.4235286712646484,3.024304151535034,-5.236384391784668,2.3692169189453125,-3.5391101837158203,-1.2290798425674438,3.5331382751464844,2.718710422515869,7.605093955993652,1.7142302989959717,-4.9623541831970215,-4.166055202484131,3.7452235221862793,-6.253011226654053
A,masked_angular_velocity,2,671,2,2,671_T2_P1_R2,27,5,2.0143227577209473,-6.147259712219238,7.067713737487793,-3.223423719406128,-7.230578422546387,5.131560802459717,-4.159090042114258,-6.423902988433838,-7.022238254547119,1.8343572616577148,-3.8072762489318848,-0.7426079511642456,2.0390257835388184,-3.8438363075256348,-7.37777853012085,-5.286649703979492,4.953081130981445,7.631411075592041,2.5601806640625,3.430724620819092,-5.65993595123291,2.28275728225708,-3.930100917816162,-1.6938616037368774,3.619962692260742,2.6842446327209473,8.06873607635498,1.8933250904083252,-5.185330390930176,-4.474278926849365,3.902996063232422,-6.722403049468994,2.043971300125122,-5.863271713256836,6.724948883056641,-3.088970422744751,-6.8504133224487305,4.862734317779541,-3.8432374000549316,-6.180725574493408,-6.737035274505615,1.8087193965911865,-3.7733333110809326,-0.59905606508255,2.00846791267395,-3.7113521099090576,-7.069404602050781,-5.111732006072998,4.831945896148682,7.469000816345215,2.396977663040161,3.328512668609619,-5.371711254119873,2.1621804237365723,-3.8359272480010986,-1.6347033977508545,3.4999492168426514,2.7257258892059326,7.811464786529541,1.853533387184143,-5.0401411056518555,-4.149047374725342,3.7289376258850098,-6.405247688293457
A,masked_angular_velocity,2,671,3,1,671_T3_P1_R1,27,5,2.066478967666626,-6.6645331382751465,7.715953826904297,-3.3057703971862793,-8.123734474182129,5.455765724182129,-4.396894931793213,-6.8007707595825195,-7.746347904205322,2.0466458797454834,-4.372466564178467,-0.9511162042617798,2.515505790710449,-4.150270462036133,-7.977972984313965,-5.608580112457275,5.217819690704346,8.316173553466797,2.8428683280944824,3.7314116954803467,-5.821298122406006,2.5484766960144043,-3.984562397003174,-1.5633283853530884,4.121771812438965,2.796854257583618,8.684544563293457,1.9519466161727905,-5.586892604827881,-5.042525291442871,4.303586959838867,-7.085683345794678,2.0561163425445557,-6.704322814941406,7.432262420654297,-3.2753520011901855,-8.243696212768555,5.470066070556641,-4.586394309997559,-6.692072868347168,-7.597816467285156,2.0714738368988037,-4.199524402618408,-0.9436147809028625,2.3038628101348877,-4.023292064666748,-7.849428653717041,-5.600520610809326,5.158372402191162,8.134622573852539,2.9334583282470703,3.3958725929260254,-5.8540263175964355,2.7063918113708496,-3.7226874828338623,-1.1676383018493652,4.068535804748535,2.7786357402801514,8.42640209197998,1.825501799583435,-5.38169002532959,-5.138210296630859,4.263781547546387,-6.988507270812988
A,masked_angular_velocity,2,671,3,2,671_T3_P1_R2,28,5,1.920545220375061,-6.6396379470825195,7.3008222579956055,-3.0534157752990723,-8.181867599487305,5.402432918548584,-4.587501525878906,-6.542222499847412,-7.3550310134887695,2.140794277191162,-4.019301414489746,-1.110812783241272,2.1591925621032715,-3.965712308883667,-7.647364616394043,-5.372012615203857,5.138741970062256,7.84658670425415,3.0029234886169434,3.0938429832458496,-5.736660957336426,2.7930192947387695,-3.6221439838409424,-0.9639548063278198,3.9292197227478027,2.744687080383301,8.299727439880371,1.6626389026641846,-5.238569736480713,-5.232206344604492,4.410704612731934,-6.867358207702637,1.9029690027236938,-6.249792098999023,6.897751808166504,-3.0393624305725098,-7.5771636962890625,5.118223190307617,-4.322821140289307,-6.2282257080078125,-6.8498215675354,1.9291841983795166,-3.710343599319458,-0.9911548495292664,1.877382516860962,-3.783590793609619,-7.238210201263428,-5.129261016845703,4.897729873657227,7.360759735107422,2.7791407108306885,2.949958324432373,-5.577945709228516,2.5375771522521973,-3.569817066192627,-1.0859489440917969,3.5976569652557373,2.6384482383728027,7.853421211242676,1.652069330215454,-5.0264153480529785,-4.775503635406494,4.0741376876831055,-6.599610805511475
A,masked_angular_velocity,2,790,1,1,790_T1_P1_R1,25,5,1.9476816654205322,-6.261844635009766,7.23218297958374,-3.3969712257385254,-7.359433174133301,5.290720462799072,-4.3042449951171875,-6.546708106994629,-7.12023401260376,1.7463810443878174,-3.7299304008483887,-0.9088120460510254,1.9229393005371094,-3.9704983234405518,-7.5603532791137695,-5.346778869628906,5.0125932693481445,7.6134209632873535,2.582547426223755,3.404845714569092,-5.924868583679199,2.2996437549591064,-4.0809173583984375,-1.9003896713256836,3.537604570388794,2.6133646965026855,8.061456680297852,1.9955520629882812,-5.298079967498779,-4.560433864593506,4.082818031311035,-6.996737480163574,1.8090534210205078,-6.382905006408691,7.207669258117676,-3.3642818927764893,-7.561099052429199,5.411528587341309,-4.325362205505371,-6.641117095947266,-7.257950782775879,1.8618834018707275,-3.833644151687622,-1.027035117149353,1.9694433212280273,-3.987736225128174,-7.665637016296387,-5.376351833343506,5.079018592834473,7.768612861633301,2.6644866466522217,3.286562442779541,-5.916402339935303,2.3657655715942383,-4.060518264770508,-1.6941455602645874,3.5663719177246094,2.731811285018921,8.146379470825195,1.8679174184799194,-5.297930717468262,-4.7871503829956055,4.26275634765625,-6.985384941101074
A,masked_angular_velocity,2,790,1,2,790_T1_P1_R2,26,5,1.953589677810669,-6.488030910491943,7.461244106292725,-3.4303412437438965,-7.744943141937256,5.4727983474731445,-4.474007606506348,-6.723053932189941,-7.4310102462768555,1.8589966297149658,-3.8491504192352295,-0.9786702394485474,2.0815505981445312,-4.090846538543701,-7.815598487854004,-5.491349697113037,5.114428520202637,7.8685431480407715,2.725966691970825,3.48246693611145,-6.069690227508545,2.4401957988739014,-4.108132362365723,-1.848300576210022,3.687695264816284,2.6147358417510986,8.27161979675293,1.9923826456069946,-5.411938667297363,-4.827164173126221,4.257540225982666,-7.216269493103027,2.034398317337036,-6.524439334869385,7.744543552398682,-3.4498519897460938,-7.8416547775268555,5.4972968101501465,-4.16904878616333,-6.939703941345215,-7.816037178039551,1.9705889225006104,-4.390347957611084,-0.9175955653190613,2.520852565765381,-4.212250709533691,-8.16224193572998,-5.622612953186035,5.258818626403809,8.452163696289062,2.6220946311950684,3.9640698432922363,-5.943958759307861,2.3492884635925293,-4.35330867767334,-2.0457282066345215,3.9590275287628174,2.8538050651550293,8.711835861206055,2.085622787475586,-5.768502235412598,-4.812797546386719,4.344967842102051,-7.272067070007324
A,masked_angular_velocity,2,790,2,1,790_T2_P1_R1,25,5,1.8763067722320557,-6.142654895782471,7.240413665771484,-3.444230318069458,-7.194368839263916,5.2050065994262695,-4.078660011291504,-6.629308223724365,-7.273100852966309,1.7652963399887085,-3.8613479137420654,-0.8531508445739746,2.06477952003479,-3.9949898719787598,-7.589601039886475,-5.339621067047119,4.985770225524902,7.743165493011475,2.408451557159424,3.6281802654266357,-5.827765941619873,2.1329185962677,-4.25900936126709,-2.200899124145508,3.5684475898742676,2.719128131866455,8.10236930847168,2.071026563644409,-5.383986949920654,-4.373866081237793,4.025400638580322,-6.998354911804199,1.8438830375671387,-6.165944576263428,7.286401748657227,-3.4760193824768066,-7.237277030944824,5.246081829071045,-3.9760124683380127,-6.751631259918213,-7.452784538269043,1.8338576555252075,-4.063736915588379,-0.844903290271759,2.2019007205963135,-4.029803276062012,-7.737760543823242,-5.4096198081970215,5.052717208862305,7.985709190368652,2.3522861003875732,3.7648494243621826,-5.8024492263793945,2.1152143478393555,-4.359928131103516,-2.2520666122436523,3.6495542526245117,2.8396778106689453,8.246732711791992,2.0714807510375977,-5.502603530883789,-4.400086879730225,4.093396186828613,-7.022467136383057
A,masked_angular_velocity,2,790,2,2,790_T2_P1_R2,26,5,1.925971269607544,-6.264303207397461,7.343120574951172,-3.4872946739196777,-7.330140113830566,5.288126468658447,-4.237062454223633,-6.645814418792725,-7.242445468902588,1.7284921407699585,-3.793682098388672,-0.8926693797111511,1.9802697896957397,-4.034937858581543,-7.612342834472656,-5.401355743408203,4.989502906799316,7.668540954589844,2.5205023288726807,3.5844764709472656,-5.934472560882568,2.1854848861694336,-4.20894718170166,-2.1359446048736572,3.57415771484375,2.663043975830078,8.148181915283203,2.0915367603302,-5.376021385192871,-4.501155853271484,4.009613037109375,-7.089819431304932,1.9119064807891846,-6.2016425132751465,7.109254360198975,-3.4364418983459473,-7.238900661468506,5.223172187805176,-4.2993364334106445,-6.514559745788574,-7.056873321533203,1.7202179431915283,-3.587259292602539,-0.9165571331977844,1.7932208776474,-3.944622755050659,-7.4326581954956055,-5.327964782714844,4.933468818664551,7.427046775817871,2.5071322917938232,3.331056594848633,-5.909104824066162,2.2458720207214355,-4.0863752365112305,-1.968614935874939,3.454728364944458,2.6266939640045166,7.92529821395874,2.042680263519287,-5.20068883895874,-4.4582624435424805,3.9992287158966064,-7.010490417480469
A,masked_angular_velocity,2,790,3,1,790_T3_P1_R1,27,5,1.716529130935669,-6.195162773132324,7.024617671966553,-3.499206066131592,-7.1421709060668945,5.346196174621582,-4.499718189239502,-6.5078864097595215,-6.920037746429443,1.587015151977539,-3.257166624069214,-1.0021858215332031,1.5885971784591675,-3.913605213165283,-7.337583065032959,-5.2574567794799805,4.874459743499756,7.204977512359619,2.561619281768799,3.111497402191162,-6.084715843200684,2.1962878704071045,-4.071442127227783,-2.0074658393859863,3.272071361541748,2.4563584327697754,7.701972007751465,1.9676697254180908,-5.010190486907959,-4.500573635101318,4.038516044616699,-7.002664089202881,1.6657898426055908,-5.944142818450928,6.696822166442871,-3.4346892833709717,-6.8448357582092285,5.146890640258789,-4.2306132316589355,-6.379208087921143,-6.764325141906738,1.600919485092163,-3.268158435821533,-0.9278643727302551,1.5434890985488892,-3.803554058074951,-7.141554832458496,-5.1514129638671875,4.791528224945068,7.110925197601318,2.3634800910949707,3.0276901721954346,-5.873658180236816,2.1103923320770264,-4.033975124359131,-1.9913647174835205,3.16723370552063,2.5611395835876465,7.4859724044799805,1.9167978763580322,-4.922495365142822,-4.252720355987549,3.945923328399658,-6.802482604980469
A,masked_angular_velocity,2,790,3,2,790_T3_P1_R2,25,5,1.6555922031402588,-6.211289882659912,6.9875593185424805,-3.433314561843872,-7.158459663391113,5.344193458557129,-4.535869121551514,-6.478443145751953,-6.943934440612793,1.6065044403076172,-3.240351915359497,-1.0577538013458252,1.6239442825317383,-3.872896671295166,-7.3002753257751465,-5.223193168640137,4.838716983795166,7.2082343101501465,2.596248149871826,3.0536749362945557,-6.004514217376709,2.205273389816284,-3.998159885406494,-1.8966058492660522,3.3098530769348145,2.449772834777832,7.660666465759277,1.9278078079223633,-4.9025044441223145,-4.566965103149414,4.0830793380737305,-6.906502723693848,1.2947285175323486,-5.872939109802246,6.858652591705322,-3.613748073577881,-6.403561592102051,5.319788932800293,-4.314639091491699,-6.553986549377441,-6.779635429382324,1.3282654285430908,-2.83257794380188,-1.1532968282699585,1.429621934890747,-3.818962812423706,-7.2097649574279785,-5.055081367492676,4.67512321472168,6.976639747619629,2.283297538757324,3.191387176513672,-6.079867362976074,1.6929528713226318,-4.443323135375977,-2.65852689743042,2.880629301071167,2.365166425704956,7.414201259613037,2.050272226333618,-4.734894752502441,-4.206244468688965,4.055747032165527,-6.95916748046875
B,masked_6d,0,252,1,1,252_T1_P1_R1,23,5,1.0633922815322876,0.29293349385261536,-0.42209333181381226,-0.2912299633026123,0.28256434202194214,0.253318190574646,0.758191704750061,-0.5288031697273254,0.3306373953819275,-0.3896370530128479,1.6517349481582642,-0.23014667630195618,0.08056044578552246,-0.7624452114105225,0.8158782124519348,0.4972761571407318,-0.14696434140205383,0.3270278573036194,-0.7883326411247253,0.4097772538661957,-0.04005058854818344,0.19032979011535645,-0.43149900436401367,-0.0020430907607078552,-0.39101821184158325,-0.3881710469722748,-0.20024195313453674,0.22768273949623108,-0.2914305329322815,-0.7230910062789917,-0.16833943128585815,-0.23034310340881348,1.0129916667938232,0.267656534910202,-0.4634288251399994,-0.291986882686615,0.3620796799659729,0.20358499884605408,0.7227277159690857,-0.5227472186088562,0.2573074698448181,-0.3261725902557373,1.6447521448135376,-0.17763005197048187,0.14114950597286224,-0.7985876202583313,0.8231996297836304,0.4959165155887604,-0.12386740744113922,0.3679007887840271,-0.7294437289237976,0.4178321361541748,-0.044208329170942307,0.16415125131607056,-0.39992672204971313,-0.043861664831638336,-0.4019487798213959,-0.3640928864479065,-0.20050397515296936,0.24325907230377197,-0.2964380383491516,-0.6657183766365051,-0.14798767864704132,-0.24009451270103455
B,masked_6d,0,252,1,2,252_T1_P1_R2,25,5,1.068056344985962,0.29859647154808044,-0.40017643570899963,-0.3178997337818146,0.26228421926498413,0.2436029464006424,0.7678118348121643,-0.5452017188072205,0.322731614112854,-0.46280637383461,1.6785972118377686,-0.2416863888502121,0.1053336039185524,-0.7689430117607117,0.8179038763046265,0.5199753046035767,-0.11841095983982086,0.30816730856895447,-0.8076742887496948,0.35324975848197937,-0.00497736781835556,0.20309288799762726,-0.4461246430873871,0.013846047222614288,-0.3932476043701172,-0.44025954604148865,-0.2013789713382721,0.22018620371818542,-0.3334703743457794,-0.7843865156173706,-0.20236381888389587,-0.2168349325656891,1.0276131629943848,0.2768987715244293,-0.39499953389167786,-0.34356942772865295,0.29814061522483826,0.16640733182430267,0.7814212441444397,-0.5586344003677368,0.2525361478328705,-0.48699283599853516,1.70877206325531,-0.2221132069826126,0.19523115456104279,-0.7616932392120361,0.8196638226509094,0.5378900766372681,-0.08253668993711472,0.29166752099990845,-0.7691510915756226,0.28246867656707764,0.043993134051561356,0.20748190581798553,-0.43224889039993286,-0.0031094043515622616,-0.38542717695236206,-0.47875460982322693,-0.21960189938545227,0.23647117614746094,-0.3662444055080414,-0.8129075765609741,-0.20937570929527283,-0.20998282730579376
B,masked_6d,0,252,2,1,252_T2_P1_R1,25,5,1.1461224555969238,0.3197828531265259,-0.41932106018066406,-0.2954685091972351,0.2270008623600006,0.3405776917934418,0.7735918760299683,-0.5315999984741211,0.3956124186515808,-0.3967567980289459,1.6268987655639648,-0.1929054856300354,-0.027873586863279343,-0.7782575488090515,0.8267423510551453,0.4625149369239807,-0.2038409411907196,0.3727535903453827,-0.8214189410209656,0.44995346665382385,-0.08747807890176773,0.19904664158821106,-0.44756001234054565,0.04610446095466614,-0.3447718322277069,-0.34651511907577515,-0.1595529317855835,0.22502084076404572,-0.2795918583869934,-0.7212910056114197,-0.19674189388751984,-0.20547334849834442,1.0272331237792969,0.25341734290122986,-0.48163118958473206,-0.33527377247810364,0.3578428328037262,0.17962948977947235,0.7786988019943237,-0.5532402992248535,0.273051917552948,-0.320593923330307,1.6751301288604736,-0.1388378143310547,0.11070077121257782,-0.7756320238113403,0.8316107988357544,0.45904016494750977,-0.14396509528160095,0.3717570900917053,-0.7195526361465454,0.4089447557926178,-0.062448520213365555,0.1707790344953537,-0.3803318440914154,-0.0402742400765419,-0.35111960768699646,-0.3236657977104187,-0.20929808914661407,0.25808781385421753,-0.311197429895401,-0.6692037582397461,-0.19119857251644135,-0.22797270119190216
B,masked_6d,0,252,2,2,252_T2_P1_R2,25,5,1.0630402565002441,0.2629016041755676,-0.37661880254745483,-0.29586514830589294,0.20947785675525665,0.2668074071407318,0.8052719235420227,-0.5499647259712219,0.3863166570663452,-0.4197470247745514,1.674422264099121,-0.2662425637245178,0.0737697035074234,-0.7297133803367615,0.8217741847038269,0.5417371988296509,-0.219798281788826,0.2849270701408386,-0.8359469175338745,0.4011731743812561,0.02041003666818142,0.20946411788463593,-0.49322909116744995,0.027902862057089806,-0.3414742350578308,-0.43776455521583557,-0.22477109730243683,0.20618048310279846,-0.3037373721599579,-0.7342468500137329,-0.23166409134864807,-0.2238978147506714,0.9354960322380066,0.18843203783035278,-0.43327826261520386,-0.3386830687522888,0.32140588760375977,0.0876847431063652,0.8111313581466675,-0.5751711130142212,0.2719307541847229,-0.3868972063064575,1.7153643369674683,-0.2277572900056839,0.23930329084396362,-0.711470901966095,0.8071337938308716,0.5630900859832764,-0.16394776105880737,0.2587181031703949,-0.7607235908508301,0.356523722410202,0.06147155910730362,0.158526211977005,-0.43369171023368835,-0.05142898112535477,-0.335166335105896,-0.45170658826828003,-0.2790997624397278,0.2430877536535263,-0.3484267294406891,-0.7023410201072693,-0.22801212966442108,-0.24825386703014374
B,masked_6d,0,252,3,1,252_T3_P1_R1,25,5,1.1071304082870483,0.35115712881088257,-0.30360984802246094,-0.1934419572353363,0.16272775828838348,0.46946486830711365,0.6964010000228882,-0.48161038756370544,0.42615166306495667,-0.3153759837150574,1.5165046453475952,-0.1871185302734375,-0.09105757623910904,-0.7515204548835754,0.759438157081604,0.4958926737308502,-0.2334696352481842,0.36353302001953125,-0.7966097593307495,0.4658203721046448,-0.077430360019207,0.2213851511478424,-0.5059268474578857,0.09200752526521683,-0.32542985677719116,-0.33059680461883545,-0.1719675362110138,0.1611175686120987,-0.1842736303806305,-0.6731456518173218,-0.17908446490764618,-0.16103991866111755,1.1556048393249512,0.3673211932182312,-0.3216097950935364,-0.2006443440914154,0.1487964540719986,0.5341978073120117,0.6976267695426941,-0.5030721426010132,0.4157651364803314,-0.3560716211795807,1.5413548946380615,-0.13386309146881104,-0.12075440585613251,-0.8239144086837769,0.7793892025947571,0.46357402205467224,-0.22588956356048584,0.42945489287376404,-0.8453665971755981,0.46735912561416626,-0.12914948165416718,0.2182691991329193,-0.5059718489646912,0.11731696128845215,-0.3466518223285675,-0.285835325717926,-0.10009380429983139,0.1852833479642868,-0.20398148894309998,-0.6903161406517029,-0.19499322772026062,-0.13192319869995117
B,masked_6d,0,252,3,2,252_T3_P1_R2,24,5,1.0961759090423584,0.3478393852710724,-0.28464657068252563,-0.2230842113494873,0.13274826109409332,0.43466347455978394,0.7381854057312012,-0.512273907661438,0.40959224104881287,-0.36752253770828247,1.5589123964309692,-0.1847769320011139,-0.05274683237075806,-0.7175830602645874,0.7740961313247681,0.5223231315612793,-0.25168174505233765,0.3302925229072571,-0.8189991116523743,0.4107998311519623,-0.01722664013504982,0.22857120633125305,-0.5264253616333008,0.11605236679315567,-0.2827378213405609,-0.3645366430282593,-0.1674036830663681,0.16692666709423065,-0.22311043739318848,-0.7071037888526917,-0.22115787863731384,-0.14364300668239594,1.069604516029358,0.35350286960601807,-0.2581513524055481,-0.23728057742118835,0.12132738530635834,0.4498113691806793,0.7476213574409485,-0.5312321782112122,0.3757384419441223,-0.4209287166595459,1.6083757877349854,-0.1416999101638794,-0.031058108434081078,-0.7421078681945801,0.7695382833480835,0.5261780023574829,-0.2225842922925949,0.3341696560382843,-0.8476251363754272,0.3498201370239258,0.006540509406477213,0.2231411188840866,-0.5376867055892944,0.13174989819526672,-0.28031080961227417,-0.38340193033218384,-0.12809857726097107,0.19268737733364105,-0.2681531310081482,-0.74872225522995,-0.2564043402671814,-0.09932912141084671
B,masked_6d,0,651,1,1,651_T1_P1_R1,24,5,1.1130996942520142,0.2757015824317932,-0.5415616631507874,-0.298697829246521,0.336880087852478,0.2856137752532959,0.7837873697280884,-0.5120559334754944,0.3331945836544037,-0.39970219135284424,1.6707487106323242,-0.23050832748413086,0.03171898052096367,-0.8151344060897827,0.8352696299552917,0.5276972651481628,-0.13043029606342316,0.35201555490493774,-0.8146360516548157,0.47311505675315857,-0.08488558977842331,0.16612881422042847,-0.39307892322540283,-0.01988387480378151,-0.3863634169101715,-0.3779664933681488,-0.1309875249862671,0.20830948650836945,-0.29994338750839233,-0.6858922839164734,-0.15640774369239807,-0.2715950012207031,1.1243988275527954,0.2847072184085846,-0.5413540005683899,-0.33007553219795227,0.3613395690917969,0.2947130799293518,0.7800630331039429,-0.5420451164245605,0.28594034910202026,-0.43945106863975525,1.7197411060333252,-0.1501278579235077,0.04281838610768318,-0.8773559331893921,0.8524087071418762,0.48193517327308655,-0.07191268354654312,0.4149013161659241,-0.8175714612007141,0.4290679395198822,-0.11573529243469238,0.17153941094875336,-0.3611692488193512,-0.011158766224980354,-0.41856569051742554,-0.35576993227005005,-0.08857785165309906,0.2517924904823303,-0.338225781917572,-0.7175054550170898,-0.17588214576244354,-0.22713105380535126
B,masked_6d,0,651,1,2,651_T1_P1_R2,24,5,1.1559957265853882,0.2918638586997986,-0.527070939540863,-0.271317720413208,0.3184582591056824,0.36927810311317444,0.7535862326622009,-0.4887743890285492,0.3743095397949219,-0.3492453396320343,1.64290452003479,-0.23400373756885529,-0.033748965710401535,-0.8474861979484558,0.8486604690551758,0.5174093246459961,-0.15207800269126892,0.38036251068115234,-0.8297746777534485,0.5231910943984985,-0.1115814819931984,0.18949739634990692,-0.41958314180374146,-0.005706507246941328,-0.41180649399757385,-0.3523750603199005,-0.10914715379476547,0.19437482953071594,-0.27189910411834717,-0.6565366983413696,-0.1595238596200943,-0.26177120208740234,1.141218900680542,0.2978457510471344,-0.48070859909057617,-0.2625032663345337,0.30446434020996094,0.420060396194458,0.7311549186706543,-0.5049681067466736,0.3723207712173462,-0.28260865807533264,1.6669883728027344,-0.1667298972606659,-0.03624172881245613,-0.8900418281555176,0.8702384829521179,0.4730185866355896,-0.15086586773395538,0.4300796091556549,-0.8356281518936157,0.5362160801887512,-0.12377526611089706,0.21291343867778778,-0.4377957284450531,0.011748777702450752,-0.43962210416793823,-0.2997632622718811,-0.08554960042238235,0.22035984694957733,-0.2742883265018463,-0.6290906667709351,-0.19079086184501648,-0.21467502415180206
B,masked_6d,0,651,2,1,651_T2_P1_R1,25,5,1.007489800453186,0.240703746676445,-0.46966710686683655,-0.28874117136001587,0.29909878969192505,0.24602487683296204,0.7930927276611328,-0.5293955206871033,0.3182855248451233,-0.34278351068496704,1.7104915380477905,-0.26546505093574524,0.14503633975982666,-0.7773150205612183,0.8159391283988953,0.5994790196418762,-0.14322973787784576,0.27066653966903687,-0.8345510363578796,0.4285459518432617,0.009774712845683098,0.179317906498909,-0.46209850907325745,-0.024892663583159447,-0.3799573481082916,-0.4293896555900574,-0.1815929114818573,0.19088754057884216,-0.3248871862888336,-0.6559351086616516,-0.2104049175977707,-0.2626023590564728,1.0168540477752686,0.24303241074085236,-0.4791758060455322,-0.30566486716270447,0.29970988631248474,0.24308986961841583,0.7926478385925293,-0.5601165890693665,0.29693031311035156,-0.3928932249546051,1.748806357383728,-0.24548451602458954,0.1536836326122284,-0.7982168197631836,0.8391456604003906,0.5807773470878601,-0.1186821311712265,0.28398585319519043,-0.8418329358100891,0.38804325461387634,0.03216346353292465,0.19656884670257568,-0.4409683346748352,-0.018255364149808884,-0.39695292711257935,-0.4451572000980377,-0.15897908806800842,0.20089539885520935,-0.3629307746887207,-0.6972439289093018,-0.24024875462055206,-0.25191348791122437
B,masked_6d,0,651,2,2,651_T2_P1_R2,26,5,1.0456840991973877,0.25237926840782166,-0.46398693323135376,-0.3056110739707947,0.28029710054397583,0.2546660304069519,0.8113875389099121,-0.5351695418357849,0.3278396725654602,-0.3708207607269287,1.7140376567840576,-0.2630000710487366,0.12573657929897308,-0.7778407335281372,0.8263900876045227,0.5958106517791748,-0.15786369144916534,0.2761289179325104,-0.8546460866928101,0.4130796492099762,0.009346862323582172,0.18492689728736877,-0.4685012698173523,-0.0045309001579880714,-0.3660403788089752,-0.43044358491897583,-0.16125324368476868,0.19637437164783478,-0.33407801389694214,-0.6806803345680237,-0.2198612242937088,-0.2528783082962036,1.0607764720916748,0.269850492477417,-0.4810590147972107,-0.3306276202201843,0.3117728531360626,0.267550528049469,0.7936056852340698,-0.5600723028182983,0.26231271028518677,-0.4146216809749603,1.7646459341049194,-0.17873017489910126,0.1340712457895279,-0.8490406274795532,0.8676136136054993,0.5442804098129272,-0.11285066604614258,0.3499116003513336,-0.8524491190910339,0.37189173698425293,-0.010798010043799877,0.1951719969511032,-0.4304963946342468,0.004040642641484737,-0.40683993697166443,-0.39927321672439575,-0.09905991703271866,0.24113953113555908,-0.3769075274467468,-0.7165964841842651,-0.23339958488941193,-0.2133108377456665
B,masked_6d,0,651,3,1,651_T3_P1_R1,24,5,1.1022474765777588,0.28765612840652466,-0.5318411588668823,-0.30555522441864014,0.3130154013633728,0.2726863920688629,0.7744664549827576,-0.5238361358642578,0.33937305212020874,-0.40546002984046936,1.6603800058364868,-0.2649839520454407,0.048161581158638,-0.7856425642967224,0.8349310159683228,0.5421567559242249,-0.14027021825313568,0.32574912905693054,-0.8120940327644348,0.45292291045188904,-0.057447124272584915,0.18006005883216858,-0.38504236936569214,-0.004715376999229193,-0.3872767388820648,-0.4044463038444519,-0.15613944828510284,0.17780104279518127,-0.3106369078159332,-0.6803139448165894,-0.17382673919200897,-0.2848115563392639,1.1124178171157837,0.28174862265586853,-0.5598345994949341,-0.3384478688240051,0.3352261781692505,0.2546566128730774,0.7788914442062378,-0.5431585907936096,0.3053603768348694,-0.43064945936203003,1.6739038228988647,-0.23275737464427948,0.06039739400148392,-0.8132166862487793,0.8443897366523743,0.5193594098091125,-0.10869088023900986,0.34733375906944275,-0.805249035358429,0.41746893525123596,-0.06754128634929657,0.18675850331783295,-0.34016522765159607,-0.0031967342365533113,-0.4026259481906891,-0.39521822333335876,-0.13355621695518494,0.18835820257663727,-0.34052035212516785,-0.6884059906005859,-0.1913883090019226,-0.2793819308280945
B,masked_6d,0,651,3,2,651_T3_P1_R2,24,5,1.1121248006820679,0.295009046792984,-0.5020314455032349,-0.3069506585597992,0.29759252071380615,0.28773751854896545,0.7807658910751343,-0.5268934965133667,0.33707594871520996,-0.4151913523674011,1.676464319229126,-0.2555530071258545,0.0481027290225029,-0.7952582240104675,0.8520550727844238,0.5318641066551208,-0.15434251725673676,0.33516523241996765,-0.8258774876594543,0.44066935777664185,-0.04629869386553764,0.19147416949272156,-0.40794649720191956,0.012410832569003105,-0.3982391953468323,-0.4018661379814148,-0.1477852314710617,0.1916617453098297,-0.31407636404037476,-0.6984463334083557,-0.18594887852668762,-0.25845980644226074,1.119734525680542,0.2890433669090271,-0.5115431547164917,-0.30586713552474976,0.315372496843338,0.3015110194683075,0.7688795328140259,-0.5249749422073364,0.3263697624206543,-0.4241434931755066,1.6830694675445557,-0.2512965798377991,0.05536261200904846,-0.8377461433410645,0.8565676808357239,0.5411419868469238,-0.11400382220745087,0.3571670651435852,-0.822629451751709,0.42768898606300354,-0.05462874099612236,0.20347480475902557,-0.3933066427707672,0.003738041967153549,-0.4195326864719391,-0.42441052198410034,-0.13291367888450623,0.1828388273715973,-0.32313913106918335,-0.6986984014511108,-0.1892591416835785,-0.2663787305355072
B,masked_6d,0,671,1,1,671_T1_P1_R1,26,5,1.1217308044433594,0.2746235132217407,-0.474785178899765,-0.2655866742134094,0.27726083993911743,0.305090993642807,0.77864009141922,-0.4861820340156555,0.4088717997074127,-0.4286069869995117,1.6119216680526733,-0.31826791167259216,0.021563220769166946,-0.7540599703788757,0.8067213892936707,0.5784364342689514,-0.16960862278938293,0.3050402104854584,-0.8071358799934387,0.4849088191986084,-0.06434457749128342,0.19935908913612366,-0.431842565536499,-0.006978543009608984,-0.344567209482193,-0.46996504068374634,-0.20989692211151123,0.15613842010498047,-0.2557363212108612,-0.6965771317481995,-0.14462316036224365,-0.3079831600189209,1.1086920499801636,0.2736743986606598,-0.5120988488197327,-0.2919900417327881,0.3383319079875946,0.2719782590866089,0.7576459050178528,-0.5095179677009583,0.32626280188560486,-0.4361489713191986,1.6312142610549927,-0.2406248301267624,0.055784180760383606,-0.7980226874351501,0.8224388957023621,0.5370619893074036,-0.11414041370153427,0.3640724718570709,-0.7648150324821472,0.4384530484676361,-0.09146033972501755,0.19557003676891327,-0.3663109838962555,-0.01727154105901718,-0.3716151714324951,-0.42779573798179626,-0.1764790564775467,0.18597625195980072,-0.28746750950813293,-0.6947051882743835,-0.1398543119430542,-0.2878018319606781
B,masked_6d,0,671,1,2,671_T1_P1_R2,24,5,1.0833903551101685,0.2511550784111023,-0.44730281829833984,-0.2591588497161865,0.27274104952812195,0.2784903943538666,0.7830172181129456,-0.48761120438575745,0.41383782029151917,-0.38627126812934875,1.6126434803009033,-0.3458479046821594,0.06016422435641289,-0.7256711721420288,0.7978177070617676,0.6037932634353638,-0.1796751171350479,0.2669896185398102,-0.8027677536010742,0.4856014847755432,-0.030140379443764687,0.20454061031341553,-0.46051615476608276,-0.021384965628385544,-0.34386008977890015,-0.4790971279144287,-0.24279630184173584,0.15080271661281586,-0.24821868538856506,-0.682614803314209,-0.1492549628019333,-0.3180457353591919,1.0340156555175781,0.2501893639564514,-0.46671992540359497,-0.27112483978271484,0.344627320766449,0.24106287956237793,0.7444876432418823,-0.5060478448867798,0.31484705209732056,-0.34165072441101074,1.6251226663589478,-0.24265599250793457,0.10256675630807877,-0.770433247089386,0.7994895577430725,0.5445817112922668,-0.11566334962844849,0.3335149884223938,-0.7413687705993652,0.44954973459243774,-0.06403244286775589,0.19514891505241394,-0.400686651468277,-0.0404287725687027,-0.3810376524925232,-0.40210098028182983,-0.22454281151294708,0.1984807401895523,-0.2647782862186432,-0.6549901962280273,-0.13106229901313782,-0.28492847084999084
B,masked_6d,0,671,2,1,671_T2_P1_R1,24,5,1.028033971786499,0.24422645568847656,-0.5324909687042236,-0.2596856355667114,0.38633018732070923,0.27147626876831055,0.7097458243370056,-0.46362119913101196,0.2945100963115692,-0.3504130244255066,1.6617733240127563,-0.3053419589996338,0.124598428606987,-0.831885814666748,0.8163648843765259,0.610107958316803,-0.060573674738407135,0.31074053049087524,-0.7975192070007324,0.4907001554965973,-0.04887063056230545,0.18040387332439423,-0.43135005235671997,-0.07146475464105606,-0.45041269063949585,-0.45337748527526855,-0.17816878855228424,0.1700688898563385,-0.29161980748176575,-0.6450293660163879,-0.139413982629776,-0.31036117672920227,0.9975345730781555,0.23093728721141815,-0.5836201906204224,-0.26333069801330566,0.4389718174934387,0.24206006526947021,0.7046734690666199,-0.47210898995399475,0.26897263526916504,-0.3528333604335785,1.6752777099609375,-0.2890113890171051,0.13739252090454102,-0.8509087562561035,0.8113037943840027,0.603381872177124,-0.010574987158179283,0.314995139837265,-0.7704827189445496,0.4791792035102844,-0.0488283596932888,0.1614180952310562,-0.37844768166542053,-0.10186996310949326,-0.4611496329307556,-0.4624096751213074,-0.17266252636909485,0.1627417355775833,-0.31022483110427856,-0.6313260197639465,-0.14283493161201477,-0.3239521384239197
B,masked_6d,0,671,2,2,671_T2_P1_R2,27,5,1.0474549531936646,0.25934654474258423,-0.5077099204063416,-0.2138376533985138,0.35655540227890015,0.36073580384254456,0.7001020312309265,-0.4334091246128082,0.34607550501823425,-0.2790633738040924,1.6301921606063843,-0.31339892745018005,0.06859447807073593,-0.8561053276062012,0.8058164715766907,0.6269623637199402,-0.08599869161844254,0.32488563656806946,-0.8219982981681824,0.5505380630493164,-0.07561006397008896,0.17154699563980103,-0.47649306058883667,-0.05985819548368454,-0.44900646805763245,-0.42511114478111267,-0.15494030714035034,0.14434479176998138,-0.2438591718673706,-0.596867024898529,-0.13158178329467773,-0.3040387034416199,0.9999378323554993,0.23331455886363983,-0.552715003490448,-0.2291005551815033,0.4548981785774231,0.28809434175491333,0.6629029512405396,-0.4425915777683258,0.26883751153945923,-0.22389614582061768,1.639648199081421,-0.25811901688575745,0.1315615475177765,-0.8931758999824524,0.8036801218986511,0.6170071363449097,-0.011080372147262096,0.3650403916835785,-0.7540910243988037,0.5347813367843628,-0.09541304409503937,0.1604420691728592,-0.41252487897872925,-0.11162837594747543,-0.47577065229415894,-0.4076765477657318,-0.16218514740467072,0.17520947754383087,-0.26248231530189514,-0.5661715269088745,-0.105276919901371,-0.31744521856307983
B,masked_6d,0,671,3,1,671_T3_P1_R1,27,5,0.9219785928726196,0.21495656669139862,-0.31062760949134827,-0.22375380992889404,0.14859215915203094,0.28447288274765015,0.7846251726150513,-0.49799880385398865,0.45996493101119995,-0.3283691704273224,1.6614280939102173,-0.4142943024635315,0.13890959322452545,-0.6556376218795776,0.7527416944503784,0.6612376570701599,-0.20221824944019318,0.12288942188024521,-0.8723799586296082,0.454135000705719,0.11169232428073883,0.22600965201854706,-0.5672183036804199,-0.013355588540434837,-0.36108726263046265,-0.5369146466255188,-0.3079664409160614,0.12597298622131348,-0.26166316866874695,-0.6761541366577148,-0.2465379238128662,-0.2930375337600708,0.9430990219116211,0.1853790134191513,-0.3303605914115906,-0.2653569281101227,0.17796072363853455,0.2323460578918457,0.8272172808647156,-0.5542954206466675,0.41042017936706543,-0.38968029618263245,1.7381004095077515,-0.4132620394229889,0.17299792170524597,-0.6714745759963989,0.7995016574859619,0.6777086853981018,-0.18743285536766052,0.12317116558551788,-0.8776111602783203,0.3617776036262512,0.16955672204494476,0.2633253335952759,-0.5481606721878052,-0.010582869872450829,-0.37808749079704285,-0.5692434310913086,-0.28393155336380005,0.14688007533550262,-0.32277798652648926,-0.7151325941085815,-0.28380224108695984,-0.28245753049850464
B,masked_6d,0,671,3,2,671_T3_P1_R2,28,5,0.9884597063064575,0.275481253862381,-0.3196353018283844,-0.24883174896240234,0.08849142491817474,0.38997453451156616,0.8216520547866821,-0.5166972875595093,0.4602280259132385,-0.5110628008842468,1.7215349674224854,-0.4016154408454895,0.1013883724808693,-0.7160245776176453,0.7776502370834351,0.647370457649231,-0.12028981745243073,0.1401536464691162,-0.9755842089653015,0.38646572828292847,0.09821762144565582,0.2328108549118042,-0.5615776777267456,0.05264115333557129,-0.3779396712779999,-0.5710752606391907,-0.19537915289402008,0.09721875190734863,-0.3200801908969879,-0.7797448635101318,-0.311621755361557,-0.24686960875988007,0.9796660542488098,0.27003517746925354,-0.39484649896621704,-0.24787195026874542,0.19425460696220398,0.3796766400337219,0.7639451026916504,-0.5142848491668701,0.38643109798431396,-0.44059234857559204,1.7105833292007446,-0.3235774636268616,0.094041608273983,-0.7858381867408752,0.7902330160140991,0.5918795466423035,-0.055445969104766846,0.22280678153038025,-0.9096258878707886,0.40984803438186646,0.029418254271149635,0.22595958411693573,-0.48187699913978577,0.011928284540772438,-0.4334050118923187,-0.48778873682022095,-0.15714570879936218,0.129944309592247,-0.31423839926719666,-0.7205253839492798,-0.2709256410598755,-0.24889807403087616
B,masked_6d,0,790,1,1,790_T1_P1_R1,25,5,1.0046650171279907,0.28346458077430725,-0.3741148114204407,-0.263917475938797,0.2601540982723236,0.2833024263381958,0.7097027897834778,-0.5192608833312988,0.3401319086551666,-0.3141942620277405,1.6460821628570557,-0.23754680156707764,0.13224932551383972,-0.7816400527954102,0.8086679577827454,0.5380192995071411,-0.12910278141498566,0.32167965173721313,-0.7737011909484863,0.43277186155319214,-0.009047510102391243,0.22279170155525208,-0.4614676535129547,0.008070424199104309,-0.4140663146972656,-0.4305315613746643,-0.23879368603229523,0.18938903510570526,-0.29756197333335876,-0.6719070076942444,-0.19818715751171112,-0.22922293841838837,0.9768007397651672,0.27929559350013733,-0.32311782240867615,-0.2609648108482361,0.21836528182029724,0.28521737456321716,0.7234963774681091,-0.5598292350769043,0.32817259430885315,-0.32055628299713135,1.694806694984436,-0.2002425640821457,0.15599264204502106,-0.7743676900863647,0.8149474859237671,0.536003053188324,-0.15255191922187805,0.3072124719619751,-0.8023470044136047,0.38390418887138367,0.046597667038440704,0.23894700407981873,-0.48551926016807556,0.03367491811513901,-0.40224820375442505,-0.436434268951416,-0.2259950190782547,0.21584637463092804,-0.32641881704330444,-0.6907292008399963,-0.24657240509986877,-0.18085487186908722
B,masked_6d,0,790,1,2,790_T1_P1_R2,26,5,1.03574538230896,0.261357843875885,-0.3573231101036072,-0.28943389654159546,0.18971601128578186,0.28330907225608826,0.786022961139679,-0.5396738648414612,0.3893207609653473,-0.34334877133369446,1.6701351404190063,-0.28281739354133606,0.11434771865606308,-0.7405327558517456,0.8281193971633911,0.56097012758255,-0.2143344134092331,0.27311697602272034,-0.8293695449829102,0.4222661554813385,0.0422385036945343,0.22750350832939148,-0.5203892588615417,0.03052644059062004,-0.37301748991012573,-0.43878793716430664,-0.2419593781232834,0.17984262108802795,-0.307913213968277,-0.7011315822601318,-0.25017955899238586,-0.23291043937206268,0.918374240398407,0.20027799904346466,-0.32698023319244385,-0.2990266680717468,0.23318898677825928,0.17767977714538574,0.779117226600647,-0.5609846115112305,0.3519577383995056,-0.26063257455825806,1.7004884481430054,-0.28660669922828674,0.2484782487154007,-0.7014911770820618,0.8202617764472961,0.5862647294998169,-0.19893458485603333,0.23690131306648254,-0.784649670124054,0.41143521666526794,0.09943880140781403,0.22596874833106995,-0.5163390040397644,-0.011696429923176765,-0.3752456307411194,-0.469231516122818,-0.31779295206069946,0.19672390818595886,-0.3255743086338043,-0.6632516980171204,-0.26395151019096375,-0.25232186913490295
B,masked_6d,0,790,2,1,790_T2_P1_R1,25,5,1.037688970565796,0.2591026723384857,-0.40757331252098083,-0.2712516188621521,0.31321844458580017,0.2668836712837219,0.7282382249832153,-0.4996865391731262,0.3321548104286194,-0.23696672916412354,1.6354501247406006,-0.20700326561927795,0.1227174773812294,-0.8070262670516968,0.8547760844230652,0.5418659448623657,-0.18939131498336792,0.3818015456199646,-0.7278510332107544,0.49389201402664185,-0.032792482525110245,0.20844325423240662,-0.4846153259277344,-0.02125878445804119,-0.38009101152420044,-0.3879426121711731,-0.24551479518413544,0.20309893786907196,-0.26760953664779663,-0.6255295872688293,-0.17484386265277863,-0.2494255006313324,0.9870795011520386,0.23632016777992249,-0.39303845167160034,-0.2646132707595825,0.3125613331794739,0.238409623503685,0.7214716672897339,-0.5176231861114502,0.3185619115829468,-0.19207894802093506,1.6397802829742432,-0.18834151327610016,0.1511816382408142,-0.7837048768997192,0.8408750295639038,0.5363762974739075,-0.20332112908363342,0.3640240430831909,-0.7107808589935303,0.4873010516166687,-0.004356559365987778,0.21378396451473236,-0.4823543429374695,-0.026351384818553925,-0.3719748258590698,-0.3791661858558655,-0.2726396322250366,0.21309848129749298,-0.2697611451148987,-0.5940870046615601,-0.19284409284591675,-0.24064508080482483
B,masked_6d,0,790,2,2,790_T2_P1_R2,26,5,1.0744606256484985,0.2724655270576477,-0.37544378638267517,-0.2587589621543884,0.27575546503067017,0.3029029369354248,0.7279680967330933,-0.4961807131767273,0.3675667345523834,-0.28880128264427185,1.6351900100708008,-0.2561621069908142,0.10748758167028427,-0.8063492774963379,0.8577125668525696,0.5728601217269897,-0.1920320689678192,0.3642597794532776,-0.7724481821060181,0.4825266897678375,-0.019388478249311447,0.22610421478748322,-0.5102550983428955,-0.0003340587136335671,-0.3879738450050354,-0.43524426221847534,-0.23146577179431915,0.18547940254211426,-0.2646506428718567,-0.6648374795913696,-0.17585177719593048,-0.2506903409957886,1.1085842847824097,0.30408650636672974,-0.41529661417007446,-0.2573305070400238,0.2866905927658081,0.33499640226364136,0.7068454623222351,-0.4891241192817688,0.3375471532344818,-0.2980923056602478,1.6080677509307861,-0.20800726115703583,0.06136683374643326,-0.8465156555175781,0.8518499135971069,0.5576835870742798,-0.19126521050930023,0.40138739347457886,-0.7761943340301514,0.4824649393558502,-0.05267546325922012,0.20631861686706543,-0.48635631799697876,0.018843287602066994,-0.4001536965370178,-0.3868289589881897,-0.19205474853515625,0.18626147508621216,-0.270763099193573,-0.6567396521568298,-0.15954312682151794,-0.23094038665294647
B,masked_6d,0,790,3,1,790_T3_P1_R1,27,5,1.1046041250228882,0.3119637966156006,-0.36073899269104004,-0.2475309669971466,0.21825549006462097,0.3525851368904114,0.7468380928039551,-0.524604856967926,0.37676602602005005,-0.31774401664733887,1.6413218975067139,-0.21367482841014862,0.037890080362558365,-0.7894272804260254,0.8276920318603516,0.516126275062561,-0.2175513058900833,0.3612571060657501,-0.8356100916862488,0.46105557680130005,-0.052622318267822266,0.21166925132274628,-0.502642035484314,0.049663666635751724,-0.3770497441291809,-0.35507306456565857,-0.17289084196090698,0.21497192978858948,-0.2538604736328125,-0.6777048110961914,-0.18525758385658264,-0.1911913901567459,1.093515157699585,0.280131995677948,-0.42320919036865234,-0.2654561698436737,0.29936572909355164,0.31798380613327026,0.7418842911720276,-0.5301743745803833,0.31790393590927124,-0.2960605025291443,1.665976881980896,-0.15682338178157806,0.06466162204742432,-0.8369930386543274,0.8469924926757812,0.5170383453369141,-0.1941879540681839,0.4165413975715637,-0.8056117296218872,0.47122377157211304,-0.08195110410451889,0.19446805119514465,-0.46324291825294495,0.017131412401795387,-0.37544041872024536,-0.333095908164978,-0.15165957808494568,0.23857715725898743,-0.268368661403656,-0.636243462562561,-0.1762014478445053,-0.19825208187103271
B,masked_6d,0,790,3,2,790_T3_P1_R2,25,5,1.113250732421875,0.33699655532836914,-0.30867651104927063,-0.22078856825828552,0.18287667632102966,0.36325782537460327,0.7121373414993286,-0.5035795569419861,0.4160795211791992,-0.28134509921073914,1.5670828819274902,-0.22317588329315186,-0.009733879938721657,-0.7453207969665527,0.7811374664306641,0.5098693370819092,-0.26818352937698364,0.34809404611587524,-0.815930962562561,0.47765880823135376,-0.06625540554523468,0.2020808756351471,-0.5402934551239014,0.05333548039197922,-0.33895835280418396,-0.33185043931007385,-0.21204011142253876,0.21236400306224823,-0.2046823799610138,-0.6835169792175293,-0.1523137092590332,-0.1883564293384552,1.1641740798950195,0.38294315338134766,-0.2949228584766388,-0.19181838631629944,0.23368313908576965,0.4001299738883972,0.6210630536079407,-0.458385169506073,0.41993942856788635,-0.0781751498579979,1.405297040939331,-0.0850716382265091,-0.1246926560997963,-0.7715296745300293,0.727056622505188,0.4074195921421051,-0.3511442542076111,0.483107328414917,-0.7270696759223938,0.5815600752830505,-0.24145856499671936,0.13197381794452667,-0.5357147455215454,0.03935347869992256,-0.28752630949020386,-0.11212432384490967,-0.21287377178668976,0.265158474445343,-0.08753189444541931,-0.5662945508956909,-0.05968175455927849,-0.14454840123653412
B,masked_6d,1,252,1,1,252_T1_P1_R1,23,5,0.3479550778865814,0.1994936466217041,0.3233490586280823,0.3986680507659912,-0.7380000948905945,0.459031879901886,-0.06740446388721466,0.22438235580921173,1.0440342426300049,-0.3157135844230652,-0.09653230011463165,0.017321938648819923,-0.32348889112472534,0.4557419717311859,0.19021077454090118,-0.21796517074108124,0.9182714223861694,0.1348961591720581,-0.10428043454885483,-0.19741643965244293,0.8554404377937317,0.893621563911438,-0.3611815571784973,0.08397521823644638,-0.15518248081207275,-0.2994491159915924,-0.7296922206878662,-1.6041309833526611,-0.38345441222190857,0.919570803642273,0.03191555291414261,-0.07596932351589203,0.3336397409439087,0.1728152185678482,0.28474190831184387,0.40335312485694885,-0.7152421474456787,0.5026729106903076,-0.05823519825935364,0.246388241648674,1.0379927158355713,-0.3270457983016968,-0.11033381521701813,0.021782314404845238,-0.34200429916381836,0.45756441354751587,0.17798572778701782,-0.1822478473186493,0.8742578625679016,0.12458266317844391,-0.07614190876483917,-0.22858476638793945,0.9170944094657898,0.894818902015686,-0.37505239248275757,0.17003704607486725,-0.1910146176815033,-0.3526180386543274,-0.7410727143287659,-1.67605459690094,-0.4196729063987732,0.927871584892273,0.05110732838511467,-0.07696571201086044
B,masked_6d,1,252,1,2,252_T1_P1_R2,25,5,0.3676908314228058,0.22354932129383087,0.3038550615310669,0.37102165818214417,-0.7628950476646423,0.44944849610328674,-0.07167787849903107,0.2502003014087677,1.0583230257034302,-0.29614150524139404,-0.1033615693449974,0.014644759707152843,-0.3224375545978546,0.48538413643836975,0.1868147999048233,-0.24568895995616913,0.9267133474349976,0.14746126532554626,-0.12607041001319885,-0.22834643721580505,0.8871091604232788,0.8666049838066101,-0.33660969138145447,0.076099693775177,-0.14961907267570496,-0.31093788146972656,-0.7028339505195618,-1.6321895122528076,-0.37552762031555176,0.8881247639656067,0.0010759849101305008,-0.06581829488277435,0.33498936891555786,0.21094664931297302,0.26112547516822815,0.32796844840049744,-0.7569519281387329,0.4098702073097229,-0.041081249713897705,0.28586500883102417,1.0984265804290771,-0.2767561674118042,-0.04774216562509537,0.04870457202196121,-0.28744491934776306,0.509711742401123,0.1540951281785965,-0.21611440181732178,0.9292463064193726,0.18029215931892395,-0.12382529675960541,-0.2589314877986908,0.9397068023681641,0.8397024273872375,-0.30922287702560425,0.12810906767845154,-0.15561237931251526,-0.3438425660133362,-0.6590602993965149,-1.7002235651016235,-0.406820148229599,0.8402053117752075,-0.004426168743520975,-0.07171203941106796
B,masked_6d,1,252,2,1,252_T2_P1_R1,25,5,0.3425568640232086,0.24946430325508118,0.33574193716049194,0.37244683504104614,-0.7567852735519409,0.40497884154319763,-0.07234814018011093,0.16309984028339386,1.075832724571228,-0.37804776430130005,-0.07909249514341354,-0.022838179022073746,-0.34508782625198364,0.4483566880226135,0.1995173990726471,-0.2401549071073532,0.9703998565673828,0.13356976211071014,-0.15829288959503174,-0.12612496316432953,0.7820748090744019,0.8843172788619995,-0.4017660617828369,-0.0008911319309845567,-0.13561230897903442,-0.29006776213645935,-0.7221814393997192,-1.514574646949768,-0.33076220750808716,0.9483720064163208,0.033552318811416626,-0.047402091324329376,0.30066075921058655,0.2183166742324829,0.2658720314502716,0.36894333362579346,-0.7177302837371826,0.43305617570877075,-0.06027550622820854,0.23635387420654297,1.1021126508712769,-0.35530605912208557,-0.05051742121577263,0.027433589100837708,-0.3249717652797699,0.4377419054508209,0.13955524563789368,-0.1684330403804779,0.9612859487533569,0.16773799061775208,-0.12866148352622986,-0.1971292793750763,0.9112471342086792,0.8872458338737488,-0.3909629285335541,0.10927747189998627,-0.16076679527759552,-0.3359970152378082,-0.6979497671127319,-1.6657565832138062,-0.4172012209892273,0.9120818376541138,0.05791107565164566,-0.054566122591495514
B,masked_6d,1,252,2,2,252_T2_P1_R2,25,5,0.34664463996887207,0.26798897981643677,0.30259469151496887,0.3754730820655823,-0.7255112528800964,0.4077717363834381,-0.06560853868722916,0.2197224348783493,1.0545198917388916,-0.3166123926639557,-0.09178069978952408,-0.007033477071672678,-0.3255902826786041,0.4321191906929016,0.1675867885351181,-0.24151988327503204,0.9671516418457031,0.1478080451488495,-0.15168388187885284,-0.20223386585712433,0.8375544548034668,0.8450161814689636,-0.365019828081131,0.04105222597718239,-0.17040880024433136,-0.27040189504623413,-0.6736240386962891,-1.5538480281829834,-0.36858874559402466,0.8710824251174927,0.043824438005685806,-0.05439745634794235,0.28656551241874695,0.25956451892852783,0.22459007799625397,0.3648848533630371,-0.6786919236183167,0.4227268397808075,-0.03760158270597458,0.3044262230396271,1.0799005031585693,-0.26840102672576904,-0.05485092103481293,0.02717437408864498,-0.3002432584762573,0.4330761432647705,0.10259604454040527,-0.18509043753147125,0.9822407960891724,0.1751200407743454,-0.11651302129030228,-0.28527936339378357,0.9693537950515747,0.8250017166137695,-0.3584740459918976,0.15327323973178864,-0.22616319358348846,-0.30657368898391724,-0.6287093758583069,-1.6889348030090332,-0.4552237391471863,0.8093642592430115,0.08044178783893585,-0.056907448917627335
B,masked_6d,1,252,3,1,252_T3_P1_R1,25,5,0.3328947424888611,0.19383850693702698,0.3375929892063141,0.4271787106990814,-0.7077578902244568,0.34562650322914124,-0.011031986214220524,0.1939571350812912,0.9591910243034363,-0.42999768257141113,-0.07034282386302948,-0.02458539418876171,-0.31735697388648987,0.41142958402633667,0.19994471967220306,-0.2226269692182541,0.9896041750907898,0.16714119911193848,-0.24422025680541992,-0.16726528108119965,0.809352695941925,0.8979400396347046,-0.3685191571712494,0.012102590873837471,-0.16674306988716125,-0.2927718758583069,-0.7289524078369141,-1.4951093196868896,-0.3926396071910858,0.8685933947563171,0.02641608938574791,-0.006595636252313852,0.340265691280365,0.18474076688289642,0.35355550050735474,0.40600699186325073,-0.7636770009994507,0.3524447977542877,-0.04305288940668106,0.1818658411502838,1.00946843624115,-0.4972374439239502,-0.05540287494659424,-0.02580789290368557,-0.34835168719291687,0.45287999510765076,0.22108229994773865,-0.2373042106628418,1.0327287912368774,0.16599367558956146,-0.2726380527019501,-0.11241630464792252,0.8001832962036133,0.9275232553482056,-0.3820475935935974,-0.02075221575796604,-0.15353235602378845,-0.34268906712532043,-0.7899048328399658,-1.5168087482452393,-0.3603277802467346,0.9426555633544922,0.013646597042679787,0.018338704481720924
B,masked_6d,1,252,3,2,252_T3_P1_R2,24,5,0.3070400357246399,0.20926709473133087,0.3404158353805542,0.41321730613708496,-0.704448938369751,0.2988169193267822,0.00019455328583717346,0.20703594386577606,0.9718270301818848,-0.41053980588912964,-0.04248207435011864,-0.01641981676220894,-0.2962466776371002,0.4010602533817291,0.17814187705516815,-0.21567921340465546,1.0196375846862793,0.17650336027145386,-0.24334847927093506,-0.14546075463294983,0.8240782022476196,0.8863354921340942,-0.3446870446205139,-0.013663140125572681,-0.15750683844089508,-0.25539523363113403,-0.703331470489502,-1.479739785194397,-0.3879786729812622,0.8360332250595093,0.023348694667220116,-0.011973915621638298,0.3090328872203827,0.18531525135040283,0.30856406688690186,0.38012656569480896,-0.7509316205978394,0.2758149802684784,0.014553260989487171,0.22130003571510315,0.9893897175788879,-0.44539204239845276,-0.03438664227724075,-0.021119017153978348,-0.3110017776489258,0.4235897958278656,0.16808398067951202,-0.22528032958507538,1.030757188796997,0.2082953155040741,-0.28475135564804077,-0.16299352049827576,0.8721871376037598,0.8763940930366516,-0.30229803919792175,-0.0031011849641799927,-0.1355627328157425,-0.31295955181121826,-0.707255482673645,-1.5438772439956665,-0.38279464840888977,0.820358157157898,-0.016411179676651955,-0.009520570747554302
B,masked_6d,1,651,1,1,651_T1_P1_R1,24,5,0.32831841707229614,0.20649337768554688,0.33737561106681824,0.4073096215724945,-0.7613052725791931,0.47284120321273804,-0.06601814180612564,0.19308072328567505,1.082102656364441,-0.34102967381477356,-0.11129291355609894,0.015478475019335747,-0.3602716326713562,0.44578757882118225,0.18516471982002258,-0.21984811127185822,0.9274047017097473,0.12245754897594452,-0.12111002206802368,-0.17966490983963013,0.835956871509552,0.9254438281059265,-0.3904533386230469,0.08390872180461884,-0.12270911037921906,-0.3088509440422058,-0.7328066825866699,-1.6035263538360596,-0.38174062967300415,0.9518262147903442,0.04569684714078903,-0.07118435949087143,0.31475648283958435,0.19529050588607788,0.2999255359172821,0.3610938787460327,-0.8135457038879395,0.4623468518257141,-0.08455242961645126,0.20630350708961487,1.1617579460144043,-0.3920753300189972,-0.06632727384567261,0.02400057390332222,-0.3592306673526764,0.4827794134616852,0.185442253947258,-0.23478226363658905,0.9819540977478027,0.16314950585365295,-0.16043563187122345,-0.17313511669635773,0.8682424426078796,0.9429277181625366,-0.389583021402359,0.07895133644342422,-0.1006893739104271,-0.40030232071876526,-0.7614341378211975,-1.6769193410873413,-0.38870134949684143,0.9911876916885376,0.01553746871650219,-0.04490368068218231
B,masked_6d,1,651,1,2,651_T1_P1_R2,24,5,0.385934978723526,0.2135336846113205,0.3695577085018158,0.44894281029701233,-0.7653840780258179,0.5264700651168823,-0.09380932152271271,0.16686145961284637,1.0430893898010254,-0.3586975336074829,-0.17988547682762146,-0.00997842662036419,-0.4020107686519623,0.42583712935447693,0.21174800395965576,-0.24280603229999542,0.8769868612289429,0.11024048179388046,-0.10662360489368439,-0.16680489480495453,0.7848070859909058,0.931071400642395,-0.4030683934688568,0.08052418380975723,-0.1329137533903122,-0.31300148367881775,-0.7938952445983887,-1.5581332445144653,-0.3444911539554596,1.001918077468872,0.044142384082078934,-0.07599927484989166,0.4021873474121094,0.20655536651611328,0.3718664050102234,0.45460963249206543,-0.783870279788971,0.5397199988365173,-0.1120549663901329,0.15405049920082092,1.0485445261001587,-0.42708760499954224,-0.17235931754112244,-0.0019196823704987764,-0.43032535910606384,0.4227123260498047,0.22259671986103058,-0.22940580546855927,0.8831232190132141,0.13685953617095947,-0.14002767205238342,-0.14747604727745056,0.7732266783714294,0.9513651132583618,-0.41924571990966797,0.09057601541280746,-0.14387492835521698,-0.3681994080543518,-0.8471568822860718,-1.5661869049072266,-0.3475421071052551,1.0463645458221436,0.048333752900362015,-0.050707198679447174
B,masked_6d,1,651,2,1,651_T2_P1_R1,25,5,0.39362210035324097,0.20595534145832062,0.34488898515701294,0.45930513739585876,-0.7149699330329895,0.5057693719863892,-0.06511444598436356,0.22914376854896545,0.9978424906730652,-0.32658499479293823,-0.17611125111579895,0.0600297637283802,-0.3873116672039032,0.43522804975509644,0.19153469800949097,-0.1826545149087906,0.8222643136978149,0.12279150635004044,-0.11392898857593536,-0.25549936294555664,0.8858644366264343,0.8998212814331055,-0.3972654342651367,0.1622151881456375,-0.1630994975566864,-0.2836076021194458,-0.7461824417114258,-1.6302025318145752,-0.4288211762905121,0.906298041343689,0.035236962139606476,-0.07122703641653061,0.3946128487586975,0.22673305869102478,0.3303530812263489,0.42768916487693787,-0.7438850402832031,0.4825856685638428,-0.07239985466003418,0.2392529547214508,1.0504016876220703,-0.32738810777664185,-0.1583828628063202,0.06848054379224777,-0.3812807500362396,0.4539291262626648,0.18605905771255493,-0.20497889816761017,0.8363580703735352,0.1441674828529358,-0.13248972594738007,-0.26919984817504883,0.901796817779541,0.8863927125930786,-0.3800358772277832,0.15248563885688782,-0.14870335161685944,-0.31904855370521545,-0.7226167321205139,-1.6600096225738525,-0.43012723326683044,0.8935310244560242,0.011257666163146496,-0.05977652221918106
B,masked_6d,1,651,2,2,651_T2_P1_R2,26,5,0.39011242985725403,0.2055395096540451,0.3529728651046753,0.45337000489234924,-0.7196986079216003,0.49480682611465454,-0.07238604873418808,0.23114004731178284,1.002562165260315,-0.32747337222099304,-0.1686815619468689,0.05568978935480118,-0.38329753279685974,0.4438053071498871,0.18930569291114807,-0.18813085556030273,0.8400903940200806,0.11398036777973175,-0.11450501531362534,-0.22993290424346924,0.8826961517333984,0.8989928364753723,-0.39553144574165344,0.1306632161140442,-0.16347096860408783,-0.2716076970100403,-0.7495913505554199,-1.6131044626235962,-0.4101025462150574,0.9099763631820679,0.032007910311222076,-0.06802556663751602,0.3725654184818268,0.18752740323543549,0.3129676282405853,0.412229061126709,-0.7723672389984131,0.48716801404953003,-0.09235147386789322,0.2627802789211273,1.0808637142181396,-0.37732404470443726,-0.13314464688301086,0.0725378692150116,-0.383587121963501,0.4867668151855469,0.1802486926317215,-0.20390920341014862,0.8952059745788574,0.1492345631122589,-0.15658172965049744,-0.22898995876312256,0.933957576751709,0.9147451519966125,-0.3875959515571594,0.12140641361474991,-0.14483574032783508,-0.3731246590614319,-0.7822518348693848,-1.7008378505706787,-0.4166446626186371,0.9407883882522583,-0.00827338732779026,-0.03563971072435379
B,masked_6d,1,651,3,1,651_T3_P1_R1,24,5,0.35612863302230835,0.2236274778842926,0.3528779149055481,0.4173775613307953,-0.7466551065444946,0.4803946614265442,-0.08074061572551727,0.22006630897521973,1.0480015277862549,-0.2906463146209717,-0.12118662893772125,0.03204074874520302,-0.3377895653247833,0.45191940665245056,0.19605059921741486,-0.22078414261341095,0.8938295245170593,0.10593555122613907,-0.09373389929533005,-0.1907135546207428,0.8489995002746582,0.9001258015632629,-0.3888516426086426,0.07020197063684464,-0.13945679366588593,-0.2516486942768097,-0.7208096981048584,-1.5792133808135986,-0.3810821771621704,0.926437497138977,0.027831554412841797,-0.07055991142988205,0.341946542263031,0.23066368699073792,0.33472391963005066,0.3869307339191437,-0.7670031785964966,0.46517810225486755,-0.08127419650554657,0.23978658020496368,1.0964372158050537,-0.29171645641326904,-0.09858960658311844,0.038022883236408234,-0.3216702938079834,0.4740716814994812,0.18424813449382782,-0.22784173488616943,0.9201143980026245,0.12242722511291504,-0.10403766483068466,-0.19005027413368225,0.8725582957267761,0.8987372517585754,-0.384439080953598,0.06297065317630768,-0.13551849126815796,-0.28902214765548706,-0.7090610265731812,-1.6074354648590088,-0.38056913018226624,0.9288907051086426,0.01590627059340477,-0.060261018574237823
B,masked_6d,1,651,3,2,651_T3_P1_R2,24,5,0.36239224672317505,0.2265772819519043,0.3464904725551605,0.40498700737953186,-0.7598400712013245,0.48037976026535034,-0.0912545770406723,0.2175905406475067,1.0505846738815308,-0.30776262283325195,-0.11794169992208481,0.03122848831117153,-0.33679676055908203,0.4601060748100281,0.20611572265625,-0.2279115468263626,0.9061395525932312,0.11635956913232803,-0.10502646863460541,-0.18270888924598694,0.8394883275032043,0.9027681350708008,-0.3946865200996399,0.05800377577543259,-0.1372060328722,-0.26731207966804504,-0.7374893426895142,-1.571678876876831,-0.375842809677124,0.9378935098648071,0.01374002080410719,-0.05885692685842514,0.3864232003688812,0.24302300810813904,0.33132728934288025,0.4006112515926361,-0.7780730128288269,0.5048748254776001,-0.10336226224899292,0.2264169156551361,1.0704551935195923,-0.3083362877368927,-0.1477142721414566,0.022710120305418968,-0.3612499535083771,0.4769309163093567,0.20525094866752625,-0.2524038255214691,0.8824155926704407,0.11035314947366714,-0.09920477122068405,-0.2054044008255005,0.8588610887527466,0.8919094204902649,-0.3921298086643219,0.07486721873283386,-0.1478998214006424,-0.2962506115436554,-0.7387641668319702,-1.6054449081420898,-0.37003031373023987,0.938829243183136,0.0001833587884902954,-0.05939766764640808
B,masked_6d,1,671,1,1,671_T1_P1_R1,26,5,0.3234996497631073,0.24349157512187958,0.3324419856071472,0.4062255024909973,-0.7098156809806824,0.4593723714351654,-0.04588776081800461,0.1900695413351059,1.0238597393035889,-0.28388315439224243,-0.11991213262081146,-0.018403857946395874,-0.3425769805908203,0.44796839356422424,0.19901707768440247,-0.23218579590320587,0.8892505764961243,0.07783837616443634,-0.08628113567829132,-0.18743130564689636,0.8183135986328125,0.8645108938217163,-0.3973541855812073,0.07247170060873032,-0.1604013741016388,-0.25097575783729553,-0.6792845726013184,-1.5314266681671143,-0.3630596697330475,0.9067188501358032,0.05130811408162117,-0.07918539643287659,0.2883627712726593,0.20007950067520142,0.29072269797325134,0.3723594844341278,-0.737835705280304,0.4421496093273163,-0.04623192921280861,0.23151837289333344,1.0861896276474,-0.32141780853271484,-0.06905203312635422,0.009535504505038261,-0.32313522696495056,0.4782966375350952,0.18355661630630493,-0.2188427448272705,0.9330564141273499,0.11084255576133728,-0.11552896350622177,-0.19726581871509552,0.8874066472053528,0.8877175450325012,-0.39881110191345215,0.09086453914642334,-0.14279010891914368,-0.33096638321876526,-0.7047374248504639,-1.6289769411087036,-0.3947693407535553,0.9304314255714417,0.027444131672382355,-0.05974996089935303
B,masked_6d,1,671,1,2,671_T1_P1_R2,24,5,0.3449767231941223,0.24151644110679626,0.3395417630672455,0.4288873076438904,-0.6870019435882568,0.4806899428367615,-0.05753319337964058,0.193287655711174,0.9967365264892578,-0.2626211643218994,-0.1383868157863617,0.002099869307130575,-0.34288185834884644,0.4206978678703308,0.19646984338760376,-0.21476085484027863,0.8527868986129761,0.07969492673873901,-0.07145265489816666,-0.21366849541664124,0.8109742999076843,0.8668594360351562,-0.39817163348197937,0.10339969396591187,-0.1691107153892517,-0.22365960478782654,-0.6795467138290405,-1.523949146270752,-0.38564103841781616,0.8929269909858704,0.06905977427959442,-0.08974715322256088,0.3099273145198822,0.18612942099571228,0.28942298889160156,0.4045725464820862,-0.7108982801437378,0.47002488374710083,-0.057366274297237396,0.23565199971199036,1.058966875076294,-0.32192298769950867,-0.08731716126203537,0.03477783128619194,-0.3297986388206482,0.44272860884666443,0.17305828630924225,-0.18791350722312927,0.8978769183158875,0.12176833301782608,-0.10504762083292007,-0.23015323281288147,0.8924519419670105,0.9000868797302246,-0.39751026034355164,0.13744387030601501,-0.15768156945705414,-0.3251315653324127,-0.7183371186256409,-1.6514968872070312,-0.4277239441871643,0.9205853343009949,0.05040331557393074,-0.07001122832298279
B,masked_6d,1,671,2,1,671_T2_P1_R1,24,5,0.45227161049842834,0.1556694507598877,0.3021273910999298,0.4894424378871918,-0.7382187247276306,0.6508156061172485,-0.0995679646730423,0.2715033292770386,0.9686138033866882,-0.2853659987449646,-0.28471431136131287,0.0006832674262113869,-0.44188159704208374,0.4740718901157379,0.2024662047624588,-0.24622905254364014,0.7320499420166016,0.06446678936481476,-0.03767308592796326,-0.3269965648651123,0.9487311244010925,0.9000016450881958,-0.37539979815483093,0.24018040299415588,-0.19498136639595032,-0.33595186471939087,-0.8009414672851562,-1.7387902736663818,-0.40357962250709534,0.9495316743850708,0.015311174094676971,-0.11765901744365692,0.44875282049179077,0.19564835727214813,0.2910974323749542,0.4741442799568176,-0.7510753870010376,0.6349202394485474,-0.08534564077854156,0.23644836246967316,0.9960595965385437,-0.29969772696495056,-0.2864459156990051,-0.007815247401595116,-0.4623557925224304,0.4777792990207672,0.20476579666137695,-0.2504655718803406,0.7378671169281006,0.06830549240112305,-0.049345117062330246,-0.3405018448829651,0.9394065737724304,0.8902832269668579,-0.3803035616874695,0.23744681477546692,-0.1794489324092865,-0.35331857204437256,-0.7641531229019165,-1.753281593322754,-0.4027601182460785,0.9356603622436523,0.008740084245800972,-0.11775881052017212
B,masked_6d,1,671,2,2,671_T2_P1_R2,27,5,0.5053150057792664,0.1629171073436737,0.3471285402774811,0.5458993911743164,-0.7267637848854065,0.6838503479957581,-0.12376624345779419,0.22820158302783966,0.9106245040893555,-0.3291855454444885,-0.3478592038154602,-0.014961941167712212,-0.4915265440940857,0.43126264214515686,0.22206930816173553,-0.24597875773906708,0.6838661432266235,0.0447104349732399,-0.0383087620139122,-0.3052113652229309,0.8950789570808411,0.9216418266296387,-0.3950766623020172,0.23144838213920593,-0.20798949897289276,-0.3070628345012665,-0.8509251475334167,-1.6778665781021118,-0.38865503668785095,0.9745091199874878,0.02462342195212841,-0.11183854192495346,0.5018709301948547,0.14070427417755127,0.31052666902542114,0.5616207122802734,-0.726280927658081,0.7354209423065186,-0.13861367106437683,0.2790566086769104,0.9499484300613403,-0.33450591564178467,-0.36543333530426025,0.013595690950751305,-0.508529782295227,0.4418705105781555,0.20272287726402283,-0.23052802681922913,0.674954354763031,0.05048622936010361,-0.027540212497115135,-0.36189743876457214,0.9876006841659546,0.9480463862419128,-0.4111764430999756,0.302678644657135,-0.21643038094043732,-0.36314883828163147,-0.877031147480011,-1.8093633651733398,-0.4442601799964905,0.9911971092224121,0.02554469183087349,-0.10478554666042328
B,masked_6d,1,671,3,1,671_T3_P1_R1,27,5,0.40619999170303345,0.23138365149497986,0.3186168670654297,0.4742540717124939,-0.6496623754501343,0.4739038050174713,-0.010349822230637074,0.22007688879966736,0.8560646772384644,-0.2552255392074585,-0.19011875987052917,-0.0022447933442890644,-0.3583449125289917,0.3917270302772522,0.17956458032131195,-0.1925061047077179,0.7607282400131226,0.10345802456140518,-0.09063906967639923,-0.3213474154472351,0.850523829460144,0.8048151135444641,-0.3197765350341797,0.1698259711265564,-0.20680618286132812,-0.19947636127471924,-0.6440706253051758,-1.559409499168396,-0.4057011008262634,0.7673043012619019,0.04323727637529373,-0.10809328407049179,0.4232437014579773,0.23643870651721954,0.3294431269168854,0.4568575918674469,-0.6764389872550964,0.44969645142555237,-0.04236108064651489,0.2486012876033783,0.9389074444770813,-0.23326878249645233,-0.18043896555900574,0.05194535106420517,-0.3257090449333191,0.39640867710113525,0.17218169569969177,-0.21690884232521057,0.7750039100646973,0.13678283989429474,-0.095238596200943,-0.3398713767528534,0.8630028963088989,0.8165199160575867,-0.31583571434020996,0.15187133848667145,-0.17458219826221466,-0.22347883880138397,-0.6561644077301025,-1.594735860824585,-0.42318257689476013,0.7781479358673096,0.006212112493813038,-0.1048503890633583
B,masked_6d,1,671,3,2,671_T3_P1_R2,28,5,0.4522569179534912,0.24937447905540466,0.3412802815437317,0.42230767011642456,-0.7432163953781128,0.44006794691085815,-0.03136182948946953,0.21860627830028534,0.8962929844856262,-0.29756879806518555,-0.19867023825645447,-0.025094756856560707,-0.38470444083213806,0.48107561469078064,0.21092422306537628,-0.2636372745037079,0.7993596792221069,0.11402688175439835,-0.15479505062103271,-0.2670625150203705,0.8486692309379578,0.7971859574317932,-0.28569933772087097,0.0740048959851265,-0.16705283522605896,-0.22621460258960724,-0.6646027565002441,-1.5425646305084229,-0.3294427990913391,0.7872083187103271,-0.038387708365917206,-0.08573280274868011,0.45418596267700195,0.1990990936756134,0.30112534761428833,0.4313755929470062,-0.7707850337028503,0.518147885799408,-0.0688270702958107,0.24504700303077698,0.9345296621322632,-0.34338027238845825,-0.21245184540748596,-0.005011292640119791,-0.4044770300388336,0.5047152638435364,0.21272070705890656,-0.25398722290992737,0.7994001507759094,0.12201156467199326,-0.1550447791814804,-0.28682222962379456,0.9043279886245728,0.8499019742012024,-0.3145504295825958,0.11444709450006485,-0.15207016468048096,-0.3188280165195465,-0.7418887615203857,-1.6549451351165771,-0.3564741015434265,0.8607384562492371,-0.06410817801952362,-0.07007989287376404
B,masked_6d,1,790,1,1,790_T1_P1_R1,25,5,0.4022897183895111,0.18274933099746704,0.2867845296859741,0.4353850781917572,-0.7253111004829407,0.5402962565422058,-0.07048259675502777,0.2831093668937683,0.9899880290031433,-0.30874013900756836,-0.16583779454231262,0.008079650811851025,-0.3629891872406006,0.4700201153755188,0.18832363188266754,-0.21642842888832092,0.8392574191093445,0.12839224934577942,-0.10954147577285767,-0.2910996079444885,0.9380893707275391,0.8779962658882141,-0.3753746449947357,0.1815161257982254,-0.20556728541851044,-0.33617061376571655,-0.7524566054344177,-1.6826798915863037,-0.4196978211402893,0.9119504690170288,0.029203778132796288,-0.06794582307338715,0.39354825019836426,0.1999870389699936,0.28807538747787476,0.4188169538974762,-0.7509160041809082,0.48949116468429565,-0.0562865249812603,0.26918965578079224,1.032977819442749,-0.3312019109725952,-0.13659265637397766,0.022041037678718567,-0.3710857927799225,0.4511202871799469,0.16425742208957672,-0.2131933718919754,0.872028648853302,0.17791888117790222,-0.1507977545261383,-0.2942042648792267,0.9191299676895142,0.8660863041877747,-0.3510301113128662,0.17704994976520538,-0.1784110814332962,-0.37383532524108887,-0.7453479766845703,-1.6940428018569946,-0.412419855594635,0.9040520787239075,0.024072494357824326,-0.059276796877384186
B,masked_6d,1,790,1,2,790_T1_P1_R2,26,5,0.4034314751625061,0.21392004191875458,0.32540643215179443,0.43530958890914917,-0.7131497263908386,0.5065168142318726,-0.07910053431987762,0.28396207094192505,0.9790648221969604,-0.26217541098594666,-0.16034238040447235,0.003489894326776266,-0.336967408657074,0.4319700300693512,0.16683745384216309,-0.22395582497119904,0.8641098141670227,0.1275518387556076,-0.09800449758768082,-0.2572740614414215,0.8900152444839478,0.8536322712898254,-0.34214574098587036,0.12796923518180847,-0.20541317760944366,-0.2645774483680725,-0.7281140685081482,-1.6023712158203125,-0.38230085372924805,0.8859418630599976,0.047269150614738464,-0.07077277451753616,0.3831942677497864,0.21275004744529724,0.2811582684516907,0.45708638429641724,-0.6638488173484802,0.5445287227630615,-0.06982702016830444,0.3464406132698059,0.9696065187454224,-0.21692919731140137,-0.15586146712303162,0.029619401320815086,-0.32486167550086975,0.39862602949142456,0.11782844364643097,-0.173252135515213,0.8411208987236023,0.15417632460594177,-0.057868219912052155,-0.32949087023735046,0.9697340130805969,0.8432183265686035,-0.33614712953567505,0.22924380004405975,-0.2546721398830414,-0.2848004698753357,-0.7103186845779419,-1.6856625080108643,-0.44866377115249634,0.851242184638977,0.08866129070520401,-0.0779256522655487
B,masked_6d,1,790,2,1,790_T2_P1_R1,25,5,0.4003983438014984,0.23222175240516663,0.27660471200942993,0.4720836579799652,-0.6811072826385498,0.595191240310669,-0.11520489305257797,0.28446707129478455,0.9842904806137085,-0.30233126878738403,-0.20516972243785858,-0.011036445386707783,-0.39250606298446655,0.41509994864463806,0.15853650867938995,-0.2079920768737793,0.8432960510253906,0.1130756363272667,-0.06003941223025322,-0.26007407903671265,0.9389050602912903,0.8756632804870605,-0.4209515154361725,0.17775630950927734,-0.2581755518913269,-0.3061762750148773,-0.7817987203598022,-1.6487852334976196,-0.41582193970680237,0.9315983653068542,0.0701606348156929,-0.059654682874679565,0.38453787565231323,0.24232931435108185,0.2731853723526001,0.4655887484550476,-0.6762062311172485,0.5727341175079346,-0.10344382375478745,0.28447043895721436,1.0104379653930664,-0.29616692662239075,-0.19092561304569244,0.00036400090903043747,-0.39152276515960693,0.38652634620666504,0.13266581296920776,-0.1897108256816864,0.8460090756416321,0.1355854570865631,-0.06357954442501068,-0.2790612578392029,0.939030647277832,0.8634500503540039,-0.421570748090744,0.19978918135166168,-0.25458353757858276,-0.32320332527160645,-0.7660470008850098,-1.6596391201019287,-0.42890244722366333,0.9249837398529053,0.0899527445435524,-0.06114872545003891
B,masked_6d,1,790,2,2,790_T2_P1_R2,26,5,0.4194377064704895,0.2220902442932129,0.2983410954475403,0.4619413912296295,-0.7070287466049194,0.5989944338798523,-0.12039785087108612,0.27195215225219727,0.9730535745620728,-0.29551318287849426,-0.2134026288986206,-0.005067409947514534,-0.39514878392219543,0.4412403106689453,0.18841113150119781,-0.22761070728302002,0.8307616114616394,0.10002343356609344,-0.07470325380563736,-0.25556567311286926,0.9036808013916016,0.8725983500480652,-0.4078234136104584,0.15949228405952454,-0.23358318209648132,-0.302575945854187,-0.787484884262085,-1.6220957040786743,-0.3935316503047943,0.9406343698501587,0.050918687134981155,-0.056906767189502716,0.4113979935646057,0.19585807621479034,0.3045193552970886,0.4380318522453308,-0.7371020317077637,0.5794673562049866,-0.12719209492206573,0.278815895318985,1.0189695358276367,-0.31430572271347046,-0.19761650264263153,-0.0025720878038555384,-0.3908076286315918,0.4532797932624817,0.17841075360774994,-0.23426862061023712,0.843215823173523,0.09724890440702438,-0.08528731018304825,-0.23208098113536835,0.9119758605957031,0.8801243901252747,-0.41140517592430115,0.14454025030136108,-0.21634182333946228,-0.3346235156059265,-0.8113505244255066,-1.6377025842666626,-0.37552744150161743,0.975010871887207,0.03601757436990738,-0.047906868159770966
B,masked_6d,1,790,3,1,790_T3_P1_R1,27,5,0.3796602785587311,0.20059356093406677,0.3245881199836731,0.43453627824783325,-0.7426456212997437,0.5035239458084106,-0.10170652717351913,0.2258554995059967,1.0201526880264282,-0.37440967559814453,-0.14144852757453918,0.00536781270056963,-0.3778912425041199,0.4405208230018616,0.18961969017982483,-0.22348394989967346,0.9256795048713684,0.1315806806087494,-0.15050481259822845,-0.19100892543792725,0.8456707000732422,0.9147046804428101,-0.4004359841346741,0.08314748108386993,-0.17132702469825745,-0.31434202194213867,-0.7941353917121887,-1.5924527645111084,-0.380230188369751,0.9568511843681335,0.0379052609205246,-0.033984310925006866,0.3391834497451782,0.19831661880016327,0.30082035064697266,0.4263717532157898,-0.7556264400482178,0.5199660658836365,-0.11462768167257309,0.23972725868225098,1.0829232931137085,-0.3951665461063385,-0.1312536895275116,0.01705312915146351,-0.40378063917160034,0.4335441589355469,0.16485866904258728,-0.2096528261899948,0.956311821937561,0.13397972285747528,-0.15099623799324036,-0.19263958930969238,0.8880804181098938,0.9323495030403137,-0.4263119101524353,0.10870633274316788,-0.16422128677368164,-0.3752399981021881,-0.8165203928947449,-1.6579586267471313,-0.4029174745082855,0.9935914874076843,0.05011341720819473,-0.011731674894690514
B,masked_6d,1,790,3,2,790_T3_P1_R2,25,5,0.36866480112075806,0.2012777030467987,0.32883375883102417,0.45096808671951294,-0.711679220199585,0.48402324318885803,-0.08392379432916641,0.20443987846374512,0.9609545469284058,-0.3661050796508789,-0.128619983792305,-0.006865256931632757,-0.36333709955215454,0.4169418215751648,0.1841544657945633,-0.20525102317333221,0.9242058992385864,0.11663755029439926,-0.14206042885780334,-0.17435544729232788,0.8208615183830261,0.9063966870307922,-0.3744870126247406,0.0627366453409195,-0.18005555868148804,-0.26598507165908813,-0.7680076360702515,-1.5477756261825562,-0.37338656187057495,0.9068188667297363,0.04306963086128235,-0.03450736403465271,0.3211967349052429,0.1512441635131836,0.3203701376914978,0.48841971158981323,-0.6759730577468872,0.522304892539978,-0.11930344253778458,0.17360778152942657,0.9053126573562622,-0.46264347434043884,-0.1053975373506546,-0.018506387248635292,-0.39201998710632324,0.3572314381599426,0.17183759808540344,-0.12800607085227966,0.9611589312553406,0.08382533490657806,-0.15458571910858154,-0.0738811045885086,0.8134170770645142,0.9618744850158691,-0.4268651008605957,0.027669433504343033,-0.19823849201202393,-0.2746439278125763,-0.8503521680831909,-1.4997211694717407,-0.37731367349624634,0.9683370590209961,0.08165709674358368,0.024152439087629318
B,masked_6d,2,252,1,1,252_T1_P1_R1,23,5,0.15340539813041687,-0.11253535747528076,-0.01229314785450697,-1.3648802042007446,-0.043469298630952835,-0.04676033928990364,0.04690460115671158,0.09578122198581696,-0.6374886631965637,-0.011048808693885803,0.5942810773849487,-0.4366695284843445,-0.0688803642988205,-0.07761244475841522,-0.5191773176193237,0.5512698292732239,1.0721763372421265,-0.45250004529953003,0.5731390714645386,0.11629098653793335,-0.43308907747268677,0.026868721470236778,0.08352716267108917,-0.6067956686019897,-0.6800981760025024,0.7557552456855774,0.2697144150733948,0.03872375562787056,-0.12719951570034027,0.6767951250076294,0.41818445920944214,-0.1029072254896164,0.16073933243751526,-0.1113174557685852,-0.07976995408535004,-1.3897314071655273,-0.09692630171775818,0.009728278033435345,0.055662017315626144,0.09254137426614761,-0.6468319892883301,-0.03765932470560074,0.5949813723564148,-0.4134569764137268,-0.019605854526162148,-0.07112852483987808,-0.5375083684921265,0.5530608296394348,1.113865852355957,-0.4396517276763916,0.5671051144599915,0.15047970414161682,-0.4362005293369293,0.022651884704828262,0.12271853536367416,-0.6964944005012512,-0.7086187601089478,0.7811689376831055,0.2993280589580536,-0.00014397836639545858,-0.08364111930131912,0.6171698570251465,0.38699060678482056,-0.12497564405202866
B,masked_6d,2,252,1,2,252_T1_P1_R2,25,5,0.10503872483968735,-0.09179344028234482,-0.0005492590134963393,-1.3203556537628174,-0.026953458786010742,-0.07670041173696518,0.005585268139839172,0.11115466058254242,-0.619443953037262,-0.022773927077651024,0.6186560392379761,-0.42232218384742737,-0.07797244191169739,-0.10717380046844482,-0.5302647352218628,0.5721365809440613,1.0457038879394531,-0.4515082836151123,0.5658929944038391,0.07154098153114319,-0.4513595700263977,0.0046670627780258656,0.07085265219211578,-0.5664214491844177,-0.6764580011367798,0.7481520771980286,0.2657429873943329,0.03668329119682312,-0.14320699870586395,0.6607916951179504,0.43105870485305786,-0.09934902936220169,0.055455826222896576,-0.0785641148686409,-0.09906061738729477,-1.278222680091858,-0.10001559555530548,-0.03705617040395737,-0.0030101039446890354,0.09777882695198059,-0.603064239025116,-0.07219778746366501,0.5801784992218018,-0.3333032727241516,-0.05560092255473137,-0.13786962628364563,-0.564041018486023,0.6141875386238098,1.057293176651001,-0.42182669043540955,0.5353604555130005,0.06711395829916,-0.5263898372650146,-0.027613019570708275,0.1348370611667633,-0.599260687828064,-0.7119282484054565,0.8193195462226868,0.3042278289794922,-0.019468579441308975,-0.10501223802566528,0.6221003532409668,0.3805180490016937,-0.10398457199335098
B,masked_6d,2,252,2,1,252_T2_P1_R1,25,5,0.2120303213596344,-0.13965487480163574,0.016988737508654594,-1.3888908624649048,-0.0770266056060791,-0.06282426416873932,0.056688807904720306,0.11786766350269318,-0.6438325643539429,-0.015019590966403484,0.5127587914466858,-0.45828646421432495,-0.036223433911800385,-0.07465553283691406,-0.5255533456802368,0.537434995174408,1.0521824359893799,-0.47784939408302307,0.5261427760124207,0.16285187005996704,-0.3921661972999573,0.04985396936535835,0.08318924903869629,-0.6318072080612183,-0.6402153968811035,0.761293888092041,0.23131561279296875,0.046248659491539,-0.1165081039071083,0.750989556312561,0.3425329625606537,-0.10895218700170517,0.15109261870384216,-0.1276153028011322,-0.14050081372261047,-1.3595484495162964,-0.15446195006370544,0.010141127742826939,0.07905168831348419,0.050280094146728516,-0.6300815343856812,-0.040437906980514526,0.4973270893096924,-0.35461243987083435,-0.019557874649763107,-0.0838407427072525,-0.5448247194290161,0.576213002204895,1.106524109840393,-0.44646206498146057,0.518705427646637,0.16682294011116028,-0.4937293529510498,0.0006782427662983537,0.1759701669216156,-0.7081320881843567,-0.7289170026779175,0.8512200117111206,0.32242268323898315,-0.009788552299141884,-0.01850230060517788,0.6250122785568237,0.32889315485954285,-0.09773121774196625
B,masked_6d,2,252,2,2,252_T2_P1_R2,25,5,0.14929097890853882,-0.15661847591400146,-0.01674058847129345,-1.3323614597320557,-0.05968717485666275,-0.05423611402511597,0.009876605123281479,0.06939121335744858,-0.6370328664779663,-0.04051056131720543,0.5705658197402954,-0.43738222122192383,-0.0513182058930397,-0.05524386093020439,-0.49321383237838745,0.5785412192344666,1.052557349205017,-0.4404255449771881,0.5411630868911743,0.09596805274486542,-0.4322020411491394,0.025257283821702003,0.11454728990793228,-0.6004190444946289,-0.6675673127174377,0.7124778628349304,0.27551382780075073,0.03985424339771271,-0.10801339149475098,0.6816322803497314,0.37887153029441833,-0.050659917294979095,0.11996934562921524,-0.19138503074645996,-0.15429532527923584,-1.3612768650054932,-0.12284383177757263,0.02585858479142189,0.03098478727042675,0.006230087019503117,-0.6609437465667725,-0.07903074473142624,0.5764424800872803,-0.3757243752479553,-0.0037397686392068863,-0.031134188175201416,-0.5103325247764587,0.6375176906585693,1.1262636184692383,-0.3909965753555298,0.5698439478874207,0.11378532648086548,-0.5250253081321716,-0.0034588780254125595,0.20484888553619385,-0.6993808746337891,-0.7474400997161865,0.7801082134246826,0.3658674955368042,-0.014595388434827328,-0.03661921247839928,0.6029022932052612,0.37568849325180054,-0.019615696743130684
B,masked_6d,2,252,3,1,252_T3_P1_R1,25,5,0.21913786232471466,-0.17494267225265503,0.08951746672391891,-1.439834713935852,-0.07225938886404037,-0.08376745879650116,0.06493240594863892,0.25225964188575745,-0.6309022903442383,-0.024993503466248512,0.5381733179092407,-0.5145148038864136,0.03906992822885513,-0.10436483472585678,-0.5707334280014038,0.48452305793762207,1.1025363206863403,-0.4572131633758545,0.5652172565460205,0.168618306517601,-0.351976215839386,0.07426051050424576,0.03316240757703781,-0.6886330842971802,-0.5968950986862183,0.7180249691009521,0.18025264143943787,-0.057524483650922775,-0.22045929729938507,0.7729628086090088,0.31272032856941223,-0.18092545866966248,0.23002596199512482,-0.12196662276983261,0.10213720798492432,-1.4473720788955688,-0.08984334766864777,-0.08298725634813309,0.061515867710113525,0.29798203706741333,-0.6131064295768738,-0.015391354449093342,0.5249353647232056,-0.5211453437805176,0.06929711997509003,-0.17163273692131042,-0.6156772375106812,0.4707106053829193,1.0968501567840576,-0.506424069404602,0.5361629724502563,0.18575236201286316,-0.3103927969932556,0.06044634431600571,0.005195952951908112,-0.730618417263031,-0.6043782830238342,0.7748733758926392,0.15284135937690735,-0.08080299198627472,-0.21594230830669403,0.8058956861495972,0.28734511137008667,-0.24465055763721466
B,masked_6d,2,252,3,2,252_T3_P1_R2,24,5,0.21268150210380554,-0.21337024867534637,0.0722225233912468,-1.4135104417800903,-0.10726022720336914,-0.12019358575344086,0.07607673108577728,0.2042108029127121,-0.6458502411842346,-0.04920203611254692,0.4583071768283844,-0.47861942648887634,-0.021237824112176895,-0.09697332233190536,-0.5800147652626038,0.48907166719436646,1.0802361965179443,-0.44230228662490845,0.5558813214302063,0.1634843945503235,-0.3916473388671875,0.07051727920770645,0.07968638837337494,-0.6416441202163696,-0.5737096071243286,0.7237611413002014,0.1447787880897522,-0.07525676488876343,-0.23592157661914825,0.8365272283554077,0.2732950448989868,-0.11036749929189682,0.1776837557554245,-0.16359387338161469,0.04776008054614067,-1.380557656288147,-0.12925194203853607,-0.1332700550556183,0.05307764932513237,0.24021108448505402,-0.6205350756645203,-0.07546613365411758,0.4772750735282898,-0.4509507119655609,0.008474448695778847,-0.16221264004707336,-0.637669563293457,0.4822056293487549,1.070905327796936,-0.4514334201812744,0.5342234969139099,0.14400926232337952,-0.39141547679901123,0.048791565001010895,0.07702872902154922,-0.6389843225479126,-0.5638439059257507,0.7477728128433228,0.11446686834096909,-0.12960568070411682,-0.2339334934949875,0.8112983703613281,0.23226013779640198,-0.1447918862104416
B,masked_6d,2,651,1,1,651_T1_P1_R1,24,5,0.1404593288898468,-0.10267820209264755,-0.03078070841729641,-1.3243123292922974,-0.08265791088342667,-0.0077742477878928185,0.04668108746409416,0.06673337519168854,-0.5900447964668274,0.010140270926058292,0.5601578950881958,-0.41450539231300354,-0.1041480153799057,-0.09540142118930817,-0.48934489488601685,0.566805899143219,1.0884063243865967,-0.4764108657836914,0.5455833673477173,0.1244320496916771,-0.3937949538230896,0.007173636462539434,0.11427519470453262,-0.6657449007034302,-0.7020241022109985,0.7942991852760315,0.2921982705593109,0.05968249589204788,-0.11675919592380524,0.6308885812759399,0.4173125624656677,-0.10946623980998993,0.07968958467245102,-0.009710418991744518,-0.07126403599977493,-1.306339979171753,-0.11334109306335449,0.006070366594940424,0.029712701216340065,0.12527981400489807,-0.5536588430404663,0.03258166462182999,0.5741479992866516,-0.37427258491516113,-0.040732141584157944,-0.20848241448402405,-0.5545840263366699,0.5524826645851135,1.0891274213790894,-0.5154958963394165,0.5049158930778503,0.12342848628759384,-0.3663148581981659,-0.03692701831459999,0.09623362123966217,-0.7433411478996277,-0.7499539256095886,0.8887172937393188,0.29865533113479614,-0.0017933339113369584,-0.09257759898900986,0.556749165058136,0.4248112738132477,-0.20174932479858398
B,masked_6d,2,651,1,2,651_T1_P1_R2,24,5,0.1847972571849823,-0.09702227264642715,0.022688020020723343,-1.3690626621246338,-0.05382915586233139,-0.011713137850165367,0.04544888064265251,0.11890475451946259,-0.6116918921470642,0.023490317165851593,0.5851335525512695,-0.47740450501441956,-0.06470194458961487,-0.0798197016119957,-0.4879935383796692,0.5096394419670105,1.0890275239944458,-0.4990997314453125,0.538293719291687,0.1380276381969452,-0.3330097496509552,0.03395076468586922,0.07121576368808746,-0.675067663192749,-0.674995481967926,0.7353437542915344,0.27307558059692383,0.06841251254081726,-0.12009437382221222,0.6407992243766785,0.413828045129776,-0.15485219657421112,0.20084461569786072,-0.07639412581920624,0.030843954533338547,-1.425152063369751,-0.08900172263383865,0.025206943973898888,0.04298386722803116,0.20448248088359833,-0.5960673689842224,0.022477854043245316,0.602446436882019,-0.5081543922424316,0.02219454012811184,-0.11263014376163483,-0.5326570272445679,0.4671824872493744,1.1338653564453125,-0.5289472937583923,0.5185809135437012,0.1639130562543869,-0.2836393117904663,0.025587555021047592,0.053002357482910156,-0.7661488652229309,-0.6815897822380066,0.7451783418655396,0.2543811500072479,0.000389116263249889,-0.12582175433635712,0.6196786761283875,0.3686792254447937,-0.23768524825572968
B,masked_6d,2,651,2,1,651_T2_P1_R1,25,5,0.1245974749326706,-0.15788838267326355,-0.05667521804571152,-1.3337608575820923,-0.09060968458652496,-0.006401760969310999,0.057716526091098785,0.07891831547021866,-0.5917530059814453,-0.015208515338599682,0.5853219628334045,-0.4303227365016937,-0.11008374392986298,-0.06443426012992859,-0.47776398062705994,0.5584398508071899,1.1380946636199951,-0.4468793272972107,0.5661476254463196,0.10542736202478409,-0.4071968197822571,-0.0059468625113368034,0.1494065821170807,-0.684123158454895,-0.675200343132019,0.7274410724639893,0.302537202835083,0.013420169241726398,-0.1644497811794281,0.585189700126648,0.4130912721157074,-0.0850253626704216,0.09465992450714111,-0.12428824603557587,-0.08409203588962555,-1.3186004161834717,-0.11135449260473251,-0.009524875320494175,0.03132159262895584,0.08910926431417465,-0.5941492319107056,-0.04130534455180168,0.5814597606658936,-0.4004115164279938,-0.08836673200130463,-0.10110242664813995,-0.5192851424217224,0.5532983541488647,1.1065683364868164,-0.45549049973487854,0.5459277629852295,0.10163158178329468,-0.41354694962501526,-0.017675912007689476,0.14865407347679138,-0.6660792827606201,-0.67746901512146,0.7496978044509888,0.2785641551017761,-0.009242954663932323,-0.1350235641002655,0.5756076574325562,0.3782586455345154,-0.09855460375547409
B,masked_6d,2,651,2,2,651_T2_P1_R2,26,5,0.1342339813709259,-0.15611472725868225,-0.02819684147834778,-1.3163427114486694,-0.079405277967453,-0.018321167677640915,0.04415551573038101,0.0792955830693245,-0.5866789817810059,-0.007142672780901194,0.5654239654541016,-0.4369744658470154,-0.12719404697418213,-0.06630424410104752,-0.4684036672115326,0.5629564523696899,1.1143319606781006,-0.4575219750404358,0.5544909238815308,0.10323695838451385,-0.4017893671989441,-0.009007254615426064,0.14258572459220886,-0.6679314374923706,-0.6714417338371277,0.7328203320503235,0.2979332506656647,0.03839565068483353,-0.1651553511619568,0.6171369552612305,0.41753777861595154,-0.08123557269573212,0.08770225942134857,-0.06278353929519653,-0.0619954876601696,-1.2833083868026733,-0.0974341332912445,-0.014058873057365417,0.020105574280023575,0.13960731029510498,-0.5453249216079712,0.0009314700728282332,0.5832985043525696,-0.4084627032279968,-0.05858278274536133,-0.16906945407390594,-0.5347306132316589,0.5505609512329102,1.0959248542785645,-0.4961196780204773,0.5208181142807007,0.09924466907978058,-0.3808751404285431,-0.05179242417216301,0.11760816723108292,-0.7094409465789795,-0.7067408561706543,0.8077424168586731,0.28415820002555847,-0.010499677620828152,-0.13878081738948822,0.5712581872940063,0.40373000502586365,-0.1718536913394928
B,masked_6d,2,651,3,1,651_T3_P1_R1,24,5,0.14663591980934143,-0.17239271104335785,-0.005573650356382132,-1.3451356887817383,-0.05553814023733139,-0.04191046208143234,0.06492085754871368,0.0351518876850605,-0.6326333284378052,-0.015582297928631306,0.5352622866630554,-0.43431490659713745,-0.16086572408676147,-0.030587101355195045,-0.4592401385307312,0.5762448310852051,1.0553474426269531,-0.4511234164237976,0.5787359476089478,0.11779429763555527,-0.4228924810886383,0.011280669830739498,0.13141879439353943,-0.5884100794792175,-0.6577232480049133,0.7356767058372498,0.2631472051143646,0.08750041574239731,-0.15890052914619446,0.7060416340827942,0.42495885491371155,-0.033890239894390106,0.11870648711919785,-0.1335655003786087,-0.036358900368213654,-1.323356032371521,-0.07968412339687347,-0.03269338607788086,0.05225590988993645,0.04324755445122719,-0.6170682907104492,-0.02334180846810341,0.5282827019691467,-0.40528029203414917,-0.1374928057193756,-0.06556765735149384,-0.4817637801170349,0.5864973664283752,1.0338904857635498,-0.46743184328079224,0.5539883375167847,0.11604450643062592,-0.42199254035949707,-0.014948910102248192,0.14471252262592316,-0.6068744659423828,-0.6820659041404724,0.7783490419387817,0.26293912529945374,0.08246447145938873,-0.1332424134016037,0.6747578978538513,0.4122822880744934,-0.06216738745570183
B,masked_6d,2,651,3,2,651_T3_P1_R2,24,5,0.12652571499347687,-0.15354172885417938,-0.011263944208621979,-1.3375539779663086,-0.061275698244571686,-0.051269449293613434,0.05689876154065132,0.054825372993946075,-0.6199832558631897,-0.012413779273629189,0.5342397093772888,-0.43452268838882446,-0.1457824409008026,-0.05975503847002983,-0.4777666926383972,0.5524863004684448,1.050750494003296,-0.46092191338539124,0.5708043575286865,0.11821310222148895,-0.4048459529876709,0.005882179830223322,0.12471245229244232,-0.6024547815322876,-0.6515101790428162,0.7438299655914307,0.2505854368209839,0.06335047632455826,-0.1628090888261795,0.6950887441635132,0.4190276563167572,-0.059816084802150726,0.10323039442300797,-0.11804039776325226,-0.022514142096042633,-1.3168697357177734,-0.07294590026140213,-0.04005613923072815,0.03358602896332741,0.0745946615934372,-0.608891487121582,-0.030318576842546463,0.5638543963432312,-0.4225236773490906,-0.12791529297828674,-0.08537846058607101,-0.4893636703491211,0.5604063868522644,1.040604591369629,-0.4682038426399231,0.5572307109832764,0.10597477853298187,-0.3819240927696228,-0.008695918135344982,0.11869025230407715,-0.6145753860473633,-0.6591962575912476,0.7429593801498413,0.243228480219841,0.055585164576768875,-0.16088780760765076,0.6500246524810791,0.4143344759941101,-0.08537386357784271
B,masked_6d,2,671,1,1,671_T1_P1_R1,26,5,0.19419915974140167,-0.18583828210830688,0.013903098180890083,-1.379144549369812,-0.050974756479263306,-0.04802428558468819,0.075062595307827,0.025008827447891235,-0.6680429577827454,-0.028488889336586,0.5432520508766174,-0.476462185382843,-0.13418450951576233,0.02571095898747444,-0.4570236802101135,0.5566983222961426,1.0899035930633545,-0.4168238043785095,0.6100171208381653,0.1346655637025833,-0.4374270439147949,0.07379686087369919,0.1286052018404007,-0.583497166633606,-0.6266372799873352,0.6954306364059448,0.27854737639427185,0.11588958650827408,-0.14017415046691895,0.7234780192375183,0.4114886224269867,-0.05178537964820862,0.1503090113401413,-0.11811333149671555,-0.05849124863743782,-1.353643536567688,-0.10040269047021866,-0.028900161385536194,0.08355913311243057,0.041570693254470825,-0.6372262835502625,-0.030572282150387764,0.5204663872718811,-0.41182732582092285,-0.09962764382362366,-0.05696028470993042,-0.5105014443397522,0.5584154725074768,1.0865306854248047,-0.43854475021362305,0.5763726830482483,0.15015657246112823,-0.4451119005680084,0.03983240947127342,0.144752636551857,-0.6365602612495422,-0.6638709902763367,0.7904269099235535,0.28252407908439636,0.061168815940618515,-0.1088155135512352,0.6746294498443604,0.38536515831947327,-0.10441005975008011
B,masked_6d,2,671,1,2,671_T1_P1_R2,24,5,0.1964150369167328,-0.21476098895072937,0.01185064110904932,-1.3935613632202148,-0.049009621143341064,-0.033920999616384506,0.08129234611988068,0.01763589307665825,-0.6660017967224121,-0.03673545643687248,0.5517780780792236,-0.4760497212409973,-0.15077587962150574,0.05677260085940361,-0.43838125467300415,0.5607306361198425,1.1103136539459229,-0.40382975339889526,0.6240049600601196,0.13039153814315796,-0.4462195932865143,0.07348497211933136,0.13991054892539978,-0.5820348858833313,-0.6227815747261047,0.663209080696106,0.28885215520858765,0.1071505919098854,-0.15813221037387848,0.7105193734169006,0.415498822927475,-0.02630055882036686,0.15244464576244354,-0.14008617401123047,-0.06769905239343643,-1.3829413652420044,-0.10629935562610626,0.0013257600367069244,0.09899023920297623,0.05761907249689102,-0.6227214932441711,-0.033974435180425644,0.5442320108413696,-0.40323275327682495,-0.09298086166381836,-0.035613298416137695,-0.5080798864364624,0.5629682540893555,1.129952311515808,-0.4253355860710144,0.5941707491874695,0.14785915613174438,-0.45695075392723083,0.032746367156505585,0.1413610279560089,-0.6558483242988586,-0.6738969087600708,0.7666767239570618,0.2923254370689392,0.01809864491224289,-0.13144436478614807,0.6460105180740356,0.38390883803367615,-0.09927753359079361
B,masked_6d,2,671,2,1,671_T2_P1_R1,24,5,0.1209900751709938,-0.07477068901062012,-0.04380785673856735,-1.2947518825531006,-0.022937148809432983,0.005464407615363598,0.03702612966299057,0.09249580651521683,-0.5837352275848389,-0.004839196335524321,0.6868394613265991,-0.44638457894325256,-0.08770512044429779,-0.07695271819829941,-0.46775540709495544,0.5653775930404663,1.1221492290496826,-0.44854599237442017,0.5943416357040405,0.07236136496067047,-0.401043564081192,-0.005761690903455019,0.0890117883682251,-0.6451477408409119,-0.7064639329910278,0.7010740041732788,0.3254823088645935,0.057671912014484406,-0.155890092253685,0.5445923805236816,0.4760685861110687,-0.13427889347076416,0.07421638071537018,-0.0395524762570858,-0.1040855273604393,-1.2538697719573975,-0.0561465322971344,0.016110947355628014,0.03477507084608078,0.0672038272023201,-0.5711116790771484,-0.025971731171011925,0.7025051116943359,-0.38728851079940796,-0.08737712353467941,-0.11372508853673935,-0.48580679297447205,0.5837575793266296,1.1130564212799072,-0.4402835965156555,0.5826643705368042,0.06197764724493027,-0.40398019552230835,-0.022548634558916092,0.10121748596429825,-0.6485017538070679,-0.7185746431350708,0.7283298969268799,0.32034412026405334,0.03361395001411438,-0.1331740915775299,0.4759664535522461,0.46415871381759644,-0.12526534497737885
B,masked_6d,2,671,2,2,671_T2_P1_R2,27,5,0.1547195166349411,-0.0953008309006691,0.028588542714715004,-1.3302333354949951,-0.001757515943609178,0.006915463600307703,0.047616999596357346,0.14257173240184784,-0.5749642848968506,0.011629832908511162,0.7106954455375671,-0.5085874199867249,-0.08815688639879227,-0.0552644357085228,-0.44582027196884155,0.5278267860412598,1.144189715385437,-0.46064263582229614,0.6064399480819702,0.075450599193573,-0.32639676332473755,0.008040775544941425,0.05865318700671196,-0.6625670194625854,-0.6646343469619751,0.6327875852584839,0.2976911962032318,0.052743516862392426,-0.2164912223815918,0.5494300723075867,0.4840756356716156,-0.15624794363975525,0.1377800703048706,-0.059082843363285065,-0.044172488152980804,-1.3404414653778076,-0.040262073278427124,0.05161096900701523,0.06227816268801689,0.13087105751037598,-0.5696712732315063,0.0033295198809355497,0.7295835018157959,-0.4568592607975006,-0.06324981153011322,-0.085628941655159,-0.4697588086128235,0.5500149726867676,1.1897732019424438,-0.4567769169807434,0.6081737279891968,0.09538622945547104,-0.3641473650932312,-0.008373589254915714,0.0751112774014473,-0.7302685976028442,-0.7236526608467102,0.7008886337280273,0.3415585160255432,0.009037765674293041,-0.1746099293231964,0.4823512136936188,0.48791009187698364,-0.17440973222255707
B,masked_6d,2,671,3,1,671_T3_P1_R1,27,5,0.1208229809999466,-0.24529163539409637,0.03609037399291992,-1.3285775184631348,0.004971112124621868,-0.03801479935646057,0.04014095664024353,0.08218330144882202,-0.6033416390419006,-0.07940348982810974,0.6680631637573242,-0.497528076171875,-0.14602763950824738,0.08725962787866592,-0.4331187307834625,0.5874941945075989,1.0884705781936646,-0.3861733376979828,0.6594997644424438,0.01115119457244873,-0.43212252855300903,-0.008276093751192093,0.126815527677536,-0.4965288043022156,-0.5913888812065125,0.5138857960700989,0.23136408627033234,0.06279519945383072,-0.2863183617591858,0.6498103141784668,0.42896780371665955,-0.01243545487523079,0.01759311556816101,-0.1763886660337448,-0.04331940412521362,-1.2389826774597168,-0.050753913819789886,-0.04208015650510788,-0.011542851105332375,0.042975641787052155,-0.582908034324646,-0.06918375194072723,0.6224634051322937,-0.38743796944618225,-0.19273629784584045,-0.013551588170230389,-0.4523824155330658,0.5854716897010803,1.0575073957443237,-0.39867520332336426,0.5841884613037109,-0.014938319101929665,-0.4376419484615326,-0.026844236999750137,0.15228283405303955,-0.4965292513370514,-0.6266784071922302,0.5934921503067017,0.26388123631477356,0.017233792692422867,-0.23840077221393585,0.5657655000686646,0.43809962272644043,-0.002625331049785018
B,masked_6d,2,671,3,2,671_T3_P1_R2,28,5,0.05240066722035408,-0.18936054408550262,0.1068902388215065,-1.2183465957641602,0.021168403327465057,-0.1460791826248169,0.006038832012563944,0.125248521566391,-0.5414566993713379,-0.051605772227048874,0.6390724182128906,-0.5022382736206055,-0.22484302520751953,-0.05160544067621231,-0.45783573389053345,0.5851890444755554,0.9984272718429565,-0.4423584043979645,0.6275217533111572,-0.03128071874380112,-0.3904924988746643,-0.060127295553684235,0.08272857964038849,-0.4319019317626953,-0.5581968426704407,0.5678760409355164,0.12230287492275238,0.06649155914783478,-0.37885046005249023,0.7222812175750732,0.43587979674339294,-0.027726393193006516,0.017905941233038902,-0.0965140163898468,0.0446019284427166,-1.2003061771392822,-0.007553419563919306,-0.11292719841003418,0.02698281966149807,0.14310474693775177,-0.5063778758049011,-0.028307180851697922,0.6512278318405151,-0.4507773518562317,-0.18457511067390442,-0.12783950567245483,-0.4917026162147522,0.5716446042060852,1.0076205730438232,-0.4657133221626282,0.6073007583618164,-0.015173357911407948,-0.36859095096588135,-0.08561791479587555,0.07710301131010056,-0.499824583530426,-0.6099200248718262,0.6520552039146423,0.14677564799785614,0.025090372189879417,-0.33401361107826233,0.634161651134491,0.44982367753982544,-0.10522391647100449
B,masked_6d,2,790,1,1,790_T1_P1_R1,25,5,0.20209160447120667,-0.16938789188861847,-0.01871759258210659,-1.4372942447662354,-0.06331899017095566,-0.012232334353029728,0.06640268862247467,0.15013165771961212,-0.6420823931694031,-0.04792157933115959,0.6189393997192383,-0.48378270864486694,0.01210269145667553,-0.01732652261853218,-0.5150105357170105,0.5661696195602417,1.1430951356887817,-0.4424215853214264,0.5862506628036499,0.13141152262687683,-0.46208468079566956,0.026707539334893227,0.09428548067808151,-0.6495578289031982,-0.6831716299057007,0.6950634717941284,0.28061723709106445,-0.004178278148174286,-0.1359233409166336,0.683319091796875,0.3509945869445801,-0.12175154685974121,0.16337773203849792,-0.15502668917179108,-0.07055476307868958,-1.4229053258895874,-0.11300051212310791,0.0015758592635393143,0.04614679142832756,0.18377558887004852,-0.6313356161117554,-0.07064945995807648,0.5965632200241089,-0.4425150752067566,0.07601624727249146,-0.0691477507352829,-0.5655696988105774,0.5550077557563782,1.1453906297683716,-0.4456171989440918,0.542687714099884,0.12947264313697815,-0.469195693731308,-0.0018029727507382631,0.11424431949853897,-0.705123245716095,-0.7038412690162659,0.7390848398208618,0.2852729856967926,-0.08372797816991806,-0.10626806318759918,0.6512017846107483,0.30527251958847046,-0.1541091501712799
B,masked_6d,2,790,1,2,790_T1_P1_R2,26,5,0.20375390350818634,-0.20790164172649384,0.017647042870521545,-1.4104512929916382,-0.0497911237180233,-0.033292900770902634,0.0338360071182251,0.10665714740753174,-0.673270046710968,-0.06587518751621246,0.581474781036377,-0.49046897888183594,-0.043115779757499695,0.02470761351287365,-0.48222312331199646,0.5694812536239624,1.0935750007629395,-0.4417852759361267,0.5685806274414062,0.09878573566675186,-0.4565162658691406,0.027903994545340538,0.12547126412391663,-0.5982842445373535,-0.6648938059806824,0.6416765451431274,0.273986279964447,0.04364989697933197,-0.13812848925590515,0.7236005663871765,0.35920077562332153,-0.056104570627212524,0.20071867108345032,-0.2631250023841858,-0.054253142327070236,-1.4991347789764404,-0.10100289434194565,0.028983566910028458,0.06457304209470749,0.09715855121612549,-0.7230884432792664,-0.10509540140628815,0.5894041657447815,-0.46215301752090454,0.022156447172164917,0.08884980529546738,-0.5013357996940613,0.5938202738761902,1.1829884052276611,-0.3989068865776062,0.591437816619873,0.10758455097675323,-0.5411096215248108,0.023022759705781937,0.18882103264331818,-0.6762514710426331,-0.7217506170272827,0.6453258395195007,0.3510155975818634,-0.025653641670942307,-0.07928933203220367,0.6625592112541199,0.33762121200561523,-0.044671930372714996
B,masked_6d,2,790,2,1,790_T2_P1_R1,25,5,0.2382306158542633,-0.2124844342470169,-0.040945783257484436,-1.4889805316925049,-0.09977041184902191,0.02683093771338463,0.07113007456064224,0.10777948051691055,-0.6926683783531189,-0.05617305636405945,0.5899962186813354,-0.5133654475212097,0.037580765783786774,0.03788233920931816,-0.4928645193576813,0.5378880500793457,1.1978015899658203,-0.42668190598487854,0.573571503162384,0.1666897088289261,-0.4437083303928375,0.07141552120447159,0.14511674642562866,-0.730712890625,-0.6774395108222961,0.6696251034736633,0.3376585841178894,-0.005927047226577997,-0.06996015459299088,0.6614929437637329,0.3302319645881653,-0.11236079782247543,0.2189631462097168,-0.2384766936302185,-0.09074665606021881,-1.5059365034103394,-0.14656135439872742,0.05259176343679428,0.07372245192527771,0.10060404986143112,-0.7046511173248291,-0.0722740888595581,0.5659112930297852,-0.48675966262817383,0.06512375175952911,0.040635667741298676,-0.5111960172653198,0.538078784942627,1.2257955074310303,-0.4175669252872467,0.5621220469474792,0.17516592144966125,-0.45535531640052795,0.06252513825893402,0.1775939166545868,-0.7811865210533142,-0.6935473084449768,0.680850625038147,0.35075587034225464,-0.05168380215764046,-0.046948086470365524,0.6263473033905029,0.302702933549881,-0.1080712229013443
B,masked_6d,2,790,2,2,790_T2_P1_R2,26,5,0.22756052017211914,-0.2046261578798294,0.020475268363952637,-1.4760856628417969,-0.05749427527189255,-0.0003587501123547554,0.05003540590405464,0.1261099874973297,-0.6834759712219238,-0.05812251567840576,0.6196190118789673,-0.5376008152961731,0.005235833115875721,0.0422327034175396,-0.47962647676467896,0.5367943644523621,1.1707851886749268,-0.4276614189147949,0.5871047377586365,0.1386166661977768,-0.4304877817630768,0.07587985694408417,0.11449360847473145,-0.6690403819084167,-0.6464533805847168,0.6284047365188599,0.309379518032074,0.022356759756803513,-0.11184819042682648,0.6895190477371216,0.3490012288093567,-0.11344517767429352,0.21593156456947327,-0.18403415381908417,0.004843017552047968,-1.4722678661346436,-0.08643847703933716,0.007062542252242565,0.0397023931145668,0.14775781333446503,-0.6681521534919739,-0.050850022584199905,0.5896252393722534,-0.5175549983978271,0.02912481501698494,-0.0034807559568434954,-0.5034160614013672,0.5430617332458496,1.157368779182434,-0.45556920766830444,0.5586410164833069,0.1512017846107483,-0.4063034951686859,0.061231642961502075,0.11068592965602875,-0.7062128782272339,-0.6586273908615112,0.6679338216781616,0.2972293496131897,0.0045494078658521175,-0.11467361450195312,0.6893748044967651,0.32999300956726074,-0.135403573513031
B,masked_6d,2,790,3,1,790_T3_P1_R1,27,5,0.21131356060504913,-0.17204824090003967,0.0212705060839653,-1.4131145477294922,-0.07604766637086868,-0.013833197765052319,0.047643356025218964,0.15582449734210968,-0.6035491824150085,-0.008068980649113655,0.5719099640846252,-0.5114876627922058,-0.004912617616355419,-0.054808177053928375,-0.49769529700279236,0.5317825078964233,1.1459038257598877,-0.4767058491706848,0.5441529154777527,0.1516798734664917,-0.39656051993370056,0.037606287747621536,0.09463087469339371,-0.7072439193725586,-0.6621769070625305,0.727752685546875,0.27918076515197754,-0.002762360032647848,-0.14662028849124908,0.7140645980834961,0.3438355326652527,-0.14609605073928833,0.16933761537075043,-0.13781192898750305,-0.05178245157003403,-1.3876138925552368,-0.1347569227218628,0.034110359847545624,0.04418141394853592,0.14057055115699768,-0.5875212550163269,-0.008277852088212967,0.553896963596344,-0.4546874165534973,0.021467752754688263,-0.10645870864391327,-0.5160189270973206,0.5525211095809937,1.1584055423736572,-0.4890981614589691,0.5098053812980652,0.16052211821079254,-0.3744480311870575,-0.0008399755461141467,0.1314764767885208,-0.799984872341156,-0.7162455916404724,0.7936664819717407,0.3071066737174988,-0.04195534065365791,-0.1007785052061081,0.6272597908973694,0.3400428593158722,-0.16766715049743652
B,masked_6d,2,790,3,2,790_T3_P1_R2,25,5,0.25313523411750793,-0.19281870126724243,0.07784263789653778,-1.4189988374710083,-0.04171666502952576,-0.02154061198234558,0.030673081055283546,0.19852426648139954,-0.5953352451324463,-0.021061155945062637,0.5984644889831543,-0.5459533333778381,0.01385537814348936,-0.01175400335341692,-0.49122849106788635,0.5384194850921631,1.1390268802642822,-0.45750361680984497,0.5543919801712036,0.1377759575843811,-0.4059140682220459,0.05417138338088989,0.06361939013004303,-0.6617034673690796,-0.6283040642738342,0.6781886219978333,0.2658558487892151,0.012626026757061481,-0.18274188041687012,0.7670261263847351,0.33124712109565735,-0.15506649017333984,0.39860764145851135,-0.26687636971473694,0.13334627449512482,-1.5830318927764893,-0.0711178332567215,0.04751617833971977,0.0708375945687294,0.2921260893344879,-0.6248822808265686,0.0020272578112781048,0.5549412369728088,-0.6616643071174622,0.1595289260149002,0.06024046987295151,-0.49517393112182617,0.4809536933898926,1.2131798267364502,-0.4892026484012604,0.5305799841880798,0.2566719055175781,-0.34192222356796265,0.08507438749074936,0.0636739656329155,-0.8301979303359985,-0.6236088275909424,0.6723453402519226,0.2754116654396057,-0.010081578977406025,-0.13355745375156403,0.8145419359207153,0.2511723041534424,-0.2372053563594818
B,masked_angular_velocity,0,252,1,1,252_T1_P1_R1,23,5,2.506791114807129,0.9620582461357117,-7.911596775054932,12.411550521850586,2.9812777042388916,0.560354471206665,-0.9118238687515259,-3.5804171562194824,-0.7028964161872864,-1.8421876430511475,-0.25200900435447693,0.8654735684394836,3.051499605178833,3.220378875732422,4.341605186462402,-0.2996545135974884,-0.7260854840278625,4.869450569152832,-2.8132882118225098,1.47393798828125,0.7196284532546997,1.3797029256820679,1.6368217468261719,-4.9706854820251465,8.80380630493164,-3.3849709033966064,-4.919816493988037,0.03440917283296585,5.204848289489746,2.2699151039123535,-0.8951929807662964,4.6592278480529785,2.56199049949646,0.9435701370239258,-7.673605918884277,12.071257591247559,2.876004695892334,0.5042088627815247,-0.793960452079773,-3.6150593757629395,-0.7679049372673035,-1.8151025772094727,-0.3061424493789673,0.9195526242256165,2.9040989875793457,3.1238925457000732,4.281702518463135,-0.17200572788715363,-0.5740049481391907,4.949808597564697,-2.7185211181640625,1.263622522354126,0.6357420682907104,1.2999253273010254,1.5491821765899658,-4.741628170013428,8.619832992553711,-3.131054639816284,-4.836050510406494,0.12271847575902939,4.96956205368042,2.281524181365967,-0.8003567457199097,4.558468818664551
B,masked_angular_velocity,0,252,1,2,252_T1_P1_R2,25,5,2.246857166290283,0.9507889747619629,-8.061960220336914,12.702585220336914,3.0808334350585938,0.6613351106643677,-1.0894666910171509,-3.6128222942352295,-0.6118970513343811,-1.8087934255599976,-0.11005242168903351,0.9728347063064575,3.1038131713867188,3.2825026512145996,4.464809894561768,-0.5978879928588867,-0.870540976524353,4.748125076293945,-3.006500482559204,1.680903434753418,0.8341352343559265,1.5259559154510498,1.6587193012237549,-5.104524612426758,8.875925064086914,-3.6712050437927246,-4.888322353363037,0.030166277661919594,5.314333915710449,2.2250778675079346,-1.0883581638336182,4.676906585693359,1.9766833782196045,0.7983532547950745,-7.7474775314331055,12.23005199432373,2.9948630332946777,0.6433727145195007,-1.1963201761245728,-3.503103733062744,-0.5734080076217651,-1.7410444021224976,-0.11360801756381989,1.0067596435546875,2.869344711303711,3.0749526023864746,4.340304374694824,-0.7065593600273132,-0.7751368880271912,4.497439384460449,-3.0211033821105957,1.552552342414856,0.8636455535888672,1.499756097793579,1.5072393417358398,-4.9199347496032715,8.479196548461914,-3.462550401687622,-4.527588844299316,0.07760880887508392,5.032222270965576,2.1741116046905518,-1.0028049945831299,4.362946510314941
B,masked_angular_velocity,0,252,2,1,252_T2_P1_R1,25,5,2.9389805793762207,1.2276922464370728,-7.920586585998535,12.271693229675293,2.825970411300659,0.055527735501527786,-0.5593770742416382,-3.4806296825408936,-0.6237404346466064,-1.7870204448699951,-0.36304011940956116,0.7296489477157593,2.81447434425354,3.4842162132263184,3.999621629714966,0.1720818281173706,-0.9294719696044922,5.35720157623291,-2.042609214782715,1.1442984342575073,0.6282349824905396,0.9365074038505554,1.6238582134246826,-5.110957622528076,8.71784496307373,-2.9270060062408447,-5.379966735839844,-0.08414777368307114,5.104565620422363,2.7746829986572266,-0.9891311526298523,4.813790321350098,2.2224173545837402,0.7044568061828613,-7.076082706451416,11.014358520507812,2.7031707763671875,0.41652733087539673,-0.763016402721405,-3.3185501098632812,-0.7777549028396606,-1.7297359704971313,-0.31907278299331665,0.8302658200263977,2.578721761703491,2.684464931488037,3.864492893218994,-0.14239144325256348,-0.48830145597457886,4.428156852722168,-2.6213700771331787,1.2232271432876587,0.6320220828056335,1.2709002494812012,1.3613797426223755,-4.268558502197266,7.7445220947265625,-2.691551446914673,-4.204935550689697,0.017575744539499283,4.443277835845947,2.0561225414276123,-0.7031539678573608,4.128159046173096
B,masked_angular_velocity,0,252,2,2,252_T2_P1_R2,25,5,2.497185468673706,1.1489453315734863,-8.43610668182373,13.444926261901855,3.204014301300049,1.0172781944274902,-1.113105058670044,-4.070891380310059,-0.7201229929924011,-1.8503124713897705,-0.2553810477256775,1.1025700569152832,3.2849044799804688,3.404810667037964,4.834461212158203,-0.48429355025291443,-0.6261790990829468,5.021853923797607,-3.2195682525634766,1.694775938987732,0.8300701975822449,1.719407320022583,1.7914527654647827,-5.40240478515625,9.599725723266602,-4.1305131912231445,-5.271075248718262,0.21897339820861816,5.796234130859375,2.2659988403320312,-1.119703769683838,5.100410461425781,1.8317567110061646,0.7526372671127319,-7.972223281860352,12.863143920898438,3.2345402240753174,1.5397822856903076,-1.4177260398864746,-4.148099899291992,-0.7966945171356201,-1.831049919128418,-0.18742713332176208,1.3710178136825562,3.1553397178649902,2.755861520767212,4.9669928550720215,-0.9497676491737366,-0.17063722014427185,4.260989665985107,-3.9592604637145996,1.8738155364990234,0.9254153966903687,2.1924283504486084,1.6641345024108887,-4.920817852020264,9.127389907836914,-4.2734785079956055,-4.403153419494629,0.4346110224723816,5.469535827636719,1.6997636556625366,-0.9937163591384888,4.683557987213135
B,masked_angular_velocity,0,252,3,1,252_T3_P1_R1,25,5,3.0986435413360596,1.5451381206512451,-8.498537063598633,13.701128005981445,3.075901508331299,0.5328298807144165,-0.712520182132721,-3.9971299171447754,-0.6440964341163635,-1.746924638748169,-0.28741544485092163,0.9311119318008423,3.166499614715576,3.8745064735412598,4.560809135437012,-0.0046777306124567986,-1.0124136209487915,5.63577938079834,-2.438025951385498,1.4156649112701416,0.686511754989624,1.0943872928619385,1.9139951467514038,-5.772359848022461,9.66818904876709,-3.9699149131774902,-6.062241554260254,0.09006353467702866,5.9492387771606445,2.7272276878356934,-1.2245954275131226,5.48040771484375,3.4220027923583984,1.703650712966919,-8.48733901977539,13.514951705932617,2.9170966148376465,-0.0372808463871479,-0.40053805708885193,-3.7876975536346436,-0.5776063203811646,-1.6914459466934204,-0.31837743520736694,0.8295429944992065,2.9724972248077393,4.078151226043701,4.180812358856201,0.34658899903297424,-1.3162808418273926,6.078023910522461,-1.7535730600357056,1.1323474645614624,0.5919803380966187,0.6531355977058411,1.880955457687378,-5.82521390914917,9.430458068847656,-3.4071526527404785,-6.39300012588501,-0.10117223113775253,5.749236583709717,3.104144334793091,-1.291820764541626,5.502139091491699
B,masked_angular_velocity,0,252,3,2,252_T3_P1_R2,24,5,2.9640004634857178,1.482034683227539,-8.46552848815918,13.615127563476562,3.061028003692627,0.5343475937843323,-0.8372894525527954,-3.926866054534912,-0.4741683006286621,-1.7294304370880127,-0.26081714034080505,0.8798314929008484,3.044645309448242,3.819742202758789,4.538869857788086,-0.17236942052841187,-0.9951046109199524,5.4676384925842285,-2.4282896518707275,1.3471333980560303,0.7922617793083191,1.0650994777679443,1.8799079656600952,-5.900303840637207,9.589567184448242,-3.96374773979187,-5.906126976013184,0.1480453908443451,5.929264068603516,2.845163106918335,-1.1903975009918213,5.303954601287842,2.8005378246307373,1.4856812953948975,-8.271893501281738,13.308141708374023,2.9866766929626465,0.4026023745536804,-0.806472897529602,-3.7852542400360107,-0.3565741181373596,-1.6622483730316162,-0.15014289319515228,0.8436600565910339,2.9253740310668945,3.8254826068878174,4.419600486755371,-0.2050202190876007,-1.1123034954071045,5.4725728034973145,-2.260366916656494,1.2701759338378906,0.806287944316864,0.9415949583053589,1.7869075536727905,-5.810623645782471,9.315450668334961,-3.8070971965789795,-5.838079929351807,0.1119895726442337,5.781014919281006,2.8839526176452637,-1.2707164287567139,5.136975288391113
B,masked_angular_velocity,0,651,1,1,651_T1_P1_R1,24,5,2.4532175064086914,0.961796760559082,-7.905996799468994,12.466182708740234,2.9971261024475098,0.540554940700531,-0.8596038818359375,-3.606982707977295,-0.7503145933151245,-1.857860803604126,-0.20408038794994354,0.9189475774765015,3.0901410579681396,3.2274818420410156,4.278818130493164,-0.28192752599716187,-0.772132158279419,5.009844779968262,-2.8107521533966064,1.4989227056503296,0.7297324538230896,1.4351162910461426,1.6775009632110596,-4.850331783294678,8.787935256958008,-3.378572463989258,-4.939187049865723,-0.04219572991132736,5.18301248550415,2.140660524368286,-1.0277748107910156,4.740557670593262,2.5773608684539795,0.969226062297821,-7.170560359954834,10.977876663208008,2.6364212036132812,-0.3808431029319763,-0.3608219027519226,-2.9938931465148926,-0.6088998317718506,-1.7707641124725342,-0.21396997570991516,0.6298598051071167,2.514988422393799,3.2204456329345703,3.5024094581604004,0.2353946715593338,-1.0282739400863647,5.207949638366699,-1.7682161331176758,1.036675214767456,0.5672147274017334,0.7907888889312744,1.4253705739974976,-4.377081871032715,7.654088497161865,-2.1021273136138916,-4.820519924163818,-0.30726560950279236,4.3287529945373535,2.552834987640381,-0.9791610836982727,4.236841678619385
B,masked_angular_velocity,0,651,1,2,651_T1_P1_R2,24,5,2.949735164642334,1.2407814264297485,-8.432827949523926,13.366312980651855,3.0977461338043213,0.41276097297668457,-0.7408322691917419,-3.821654796600342,-0.8295308351516724,-1.8843103647232056,-0.28399795293807983,0.9470413327217102,3.295318603515625,3.6516895294189453,4.4304704666137695,-0.0575307197868824,-0.9807695150375366,5.632288455963135,-2.6187360286712646,1.431162714958191,0.6840081214904785,1.2877222299575806,1.836487054824829,-5.245858192443848,9.432202339172363,-3.5959651470184326,-5.643879413604736,-0.10499356687068939,5.6052350997924805,2.451441526412964,-1.1368244886398315,5.284541130065918,3.52058482170105,1.5699994564056396,-8.279329299926758,13.160502433776855,2.8808536529541016,-0.23373034596443176,-0.2869434952735901,-3.7043304443359375,-0.8384615778923035,-1.7928860187530518,-0.42879390716552734,0.825508713722229,2.9890401363372803,3.9796295166015625,4.068554878234863,0.5489853620529175,-1.233223795890808,6.352664947509766,-1.7130457162857056,0.9192497134208679,0.5236100554466248,0.642520546913147,1.7661060094833374,-5.320267677307129,9.237382888793945,-2.9737801551818848,-6.2469329833984375,-0.23865839838981628,5.447042942047119,3.0675156116485596,-1.174362063407898,5.471922874450684
B,masked_angular_velocity,0,651,2,1,651_T2_P1_R1,25,5,2.304609537124634,0.8423341512680054,-8.403874397277832,13.689854621887207,3.3135628700256348,1.2674733400344849,-1.3501713275909424,-4.0914716720581055,-1.0077564716339111,-1.8647563457489014,-0.21285343170166016,1.276158094406128,3.507014751434326,3.1606435775756836,4.929919719696045,-0.7413797378540039,-0.5207141041755676,4.858702659606934,-3.7266688346862793,1.754429817199707,0.7498846650123596,1.9209792613983154,1.7698965072631836,-5.102750301361084,9.615381240844727,-4.342514991760254,-4.979644775390625,0.17545467615127563,5.76420259475708,1.7403004169464111,-0.9343277215957642,5.156863212585449,2.2998054027557373,0.9244362711906433,-8.2680082321167,13.403921127319336,3.222224473953247,0.978775143623352,-1.1556521654129028,-3.9036002159118652,-0.8415930867195129,-1.8976415395736694,-0.10906048119068146,1.1930814981460571,3.3368887901306152,3.2702713012695312,4.697980880737305,-0.6452285051345825,-0.6964109539985657,5.088736534118652,-3.3945934772491455,1.6317188739776611,0.8269959688186646,1.7191489934921265,1.7812488079071045,-5.120981693267822,9.38072681427002,-4.02492618560791,-5.070706844329834,0.10131947696208954,5.586262226104736,1.9816091060638428,-1.086974024772644,5.079424858093262
B,masked_angular_velocity,0,651,2,2,651_T2_P1_R2,26,5,2.2626776695251465,0.8138942718505859,-8.433927536010742,13.66943073272705,3.3240528106689453,1.2507139444351196,-1.4295727014541626,-4.076789379119873,-1.016300916671753,-1.8310966491699219,-0.24450579285621643,1.261040449142456,3.5006089210510254,3.1504759788513184,4.924952507019043,-0.7735599875450134,-0.5431421995162964,4.760674476623535,-3.720337390899658,1.7865957021713257,0.7376171350479126,1.9425818920135498,1.7452495098114014,-5.0950236320495605,9.571317672729492,-4.328757286071777,-4.904827117919922,0.14357668161392212,5.755297660827637,1.6864593029022217,-0.8984367251396179,5.088204383850098,2.3464853763580322,0.8298593759536743,-7.802207946777344,12.450092315673828,3.023751974105835,0.4802474081516266,-1.0005357265472412,-3.551123857498169,-0.8740873336791992,-1.7748922109603882,-0.24338261783123016,0.9984041452407837,3.010136127471924,3.1464180946350098,4.27349853515625,-0.35783231258392334,-0.7715128660202026,4.9301533699035645,-2.862515926361084,1.3963016271591187,0.6605421304702759,1.4014298915863037,1.551680326461792,-4.735289573669434,8.612181663513184,-3.3225109577178955,-4.806589603424072,-0.06350063532590866,5.073421478271484,2.0722098350524902,-0.9086154103279114,4.6878767013549805
B,masked_angular_velocity,0,651,3,1,651_T3_P1_R1,24,5,2.618396759033203,0.9572731852531433,-7.9455976486206055,12.4939546585083,2.9592783451080322,0.33022016286849976,-0.8548333048820496,-3.4281013011932373,-0.6005327701568604,-1.8784608840942383,-0.25285086035728455,0.7973213791847229,2.97160005569458,3.3038241863250732,4.1119585037231445,-0.23009052872657776,-0.8283354640007019,4.991904258728027,-2.5200507640838623,1.3561899662017822,0.7263782024383545,1.1835753917694092,1.6833604574203491,-5.1083269119262695,8.796271324157715,-3.23938250541687,-5.033666610717773,-0.07870402187108994,5.20529842376709,2.495267868041992,-0.9830923080444336,4.730544090270996,2.6754555702209473,0.9883666038513184,-7.547244071960449,11.669946670532227,2.728132963180542,-0.22244200110435486,-0.6198177337646484,-3.099095106124878,-0.5218872427940369,-1.791485071182251,-0.29028886556625366,0.6600123643875122,2.5929789543151855,3.2875466346740723,3.616152286529541,0.055242300033569336,-1.0032169818878174,5.101833343505859,-1.8820797204971313,1.038395881652832,0.6564478278160095,0.7830685377120972,1.513623833656311,-4.867627143859863,8.133045196533203,-2.5121731758117676,-4.951059818267822,-0.25645607709884644,4.724595546722412,2.7595198154449463,-0.9864633679389954,4.448866844177246
B,masked_angular_velocity,0,651,3,2,651_T3_P1_R2,24,5,2.7656660079956055,1.0658738613128662,-7.954133033752441,12.455405235290527,2.9108147621154785,0.11226322501897812,-0.7591893672943115,-3.3863399028778076,-0.5596057176589966,-1.8577706813812256,-0.27676576375961304,0.7370237708091736,2.892127275466919,3.453139066696167,4.040897369384766,-0.085238978266716,-0.9396234750747681,5.200517177581787,-2.2312402725219727,1.2158972024917603,0.6892061233520508,0.9781379699707031,1.6504493951797485,-5.180939674377441,8.781111717224121,-3.0804076194763184,-5.240305423736572,-0.12670373916625977,5.196346759796143,2.732428550720215,-1.0106266736984253,4.779458999633789,2.768542766571045,1.1505705118179321,-7.939223289489746,12.494085311889648,2.890672206878662,0.00037151575088500977,-0.6762555241584778,-3.3900375366210938,-0.5524690747261047,-1.8200470209121704,-0.22305803000926971,0.7753928899765015,2.839625835418701,3.5758285522460938,4.017271995544434,-0.05335745960474014,-1.0437366962432861,5.4082441329956055,-2.113982677459717,1.1603938341140747,0.6990593075752258,0.9298287630081177,1.6438204050064087,-5.167177677154541,8.763086318969727,-3.052428960800171,-5.375553607940674,-0.13001257181167603,5.148340702056885,2.808115005493164,-1.1446192264556885,4.834296226501465
B,masked_angular_velocity,0,671,1,1,671_T1_P1_R1,26,5,2.807386875152588,1.1418235301971436,-8.36191463470459,13.240656852722168,3.0952718257904053,0.6642022728919983,-0.9340015649795532,-3.8838698863983154,-0.6990019083023071,-1.8758691549301147,-0.3486100137233734,0.9594656229019165,3.19250226020813,3.448169708251953,4.531930923461914,-0.24852228164672852,-0.6787160038948059,5.168721675872803,-2.8102259635925293,1.464479684829712,0.7312902212142944,1.4182511568069458,1.8096802234649658,-5.379453659057617,9.467657089233398,-3.7718887329101562,-5.344839096069336,0.12843093276023865,5.655429840087891,2.4526126384735107,-1.035474419593811,5.073432922363281,2.8012704849243164,0.9666282534599304,-7.6217803955078125,11.782391548156738,2.7711994647979736,0.02133416198194027,-0.6167786121368408,-3.3353004455566406,-0.6254358291625977,-1.8128670454025269,-0.38283082842826843,0.7116982936859131,2.706199884414673,3.19181752204895,3.822542428970337,0.10251086950302124,-0.7472765445709229,5.04654598236084,-2.1158225536346436,1.082763671875,0.59660804271698,0.9601046442985535,1.5742264986038208,-4.841299057006836,8.356234550476074,-2.6799285411834717,-4.918137073516846,-0.08040887862443924,4.829426288604736,2.577192544937134,-0.8346715569496155,4.502206802368164
B,masked_angular_velocity,0,671,1,2,671_T1_P1_R2,24,5,2.797168493270874,1.1765191555023193,-8.654096603393555,13.903483390808105,3.2460854053497314,0.9908657073974609,-1.0994794368743896,-4.129143238067627,-0.7956416010856628,-1.9211355447769165,-0.32952553033828735,1.0811452865600586,3.447597026824951,3.520087480545044,4.869487762451172,-0.4255690574645996,-0.6259778738021851,5.226253032684326,-3.2093377113342285,1.6176866292953491,0.7824530005455017,1.6341825723648071,1.9002052545547485,-5.561955451965332,9.960302352905273,-4.262329578399658,-5.494622230529785,0.2120918333530426,6.014336585998535,2.3400518894195557,-1.0698655843734741,5.340733051300049,2.759944200515747,1.0408172607421875,-7.838499546051025,12.425619125366211,2.877207040786743,0.4355558753013611,-0.7406506538391113,-3.6554863452911377,-0.7697250843048096,-1.831719160079956,-0.34828391671180725,0.8930058479309082,2.953953981399536,3.2316946983337402,4.21060848236084,-0.07102526724338531,-0.6641690731048584,5.115942478179932,-2.573051929473877,1.2380415201187134,0.6360507011413574,1.1791152954101562,1.6433684825897217,-4.957269191741943,8.815165519714355,-3.210108518600464,-5.05531644821167,0.06477980315685272,5.180855751037598,2.3957080841064453,-0.9049021601676941,4.772018909454346
B,masked_angular_velocity,0,671,2,1,671_T2_P1_R1,24,5,1.8582103252410889,0.5638697147369385,-8.66620922088623,14.248929977416992,3.593445301055908,1.819864273071289,-1.7228370904922485,-4.281002998352051,-1.176456093788147,-1.869215726852417,-0.03648647665977478,1.4755853414535522,3.9387786388397217,3.0506410598754883,5.377305507659912,-1.2658761739730835,-0.4524943232536316,4.50120735168457,-4.556804180145264,2.2672579288482666,0.8268381953239441,2.5777781009674072,1.8218082189559937,-4.897627830505371,9.917885780334473,-5.0861053466796875,-4.612990379333496,0.22729215025901794,5.9758806228637695,1.0588228702545166,-1.0260971784591675,5.22762393951416,1.689398169517517,0.5528746843338013,-8.398958206176758,13.847155570983887,3.5131869316101074,1.7820680141448975,-1.5535151958465576,-4.184547424316406,-1.1084800958633423,-1.8522249460220337,0.04770108312368393,1.4836885929107666,3.8082275390625,2.973708152770996,5.233658790588379,-1.238338828086853,-0.45500126481056213,4.50137186050415,-4.495399475097656,2.2661876678466797,0.880125880241394,2.6030755043029785,1.7761621475219727,-4.713399410247803,9.608981132507324,-4.870809078216553,-4.477871417999268,0.24970130622386932,5.721174716949463,1.0529248714447021,-1.1423746347427368,5.08060884475708
B,masked_angular_velocity,0,671,2,2,671_T2_P1_R2,27,5,2.265061616897583,0.9164224863052368,-9.249704360961914,15.44762897491455,3.7716171741485596,1.9158496856689453,-1.7010743618011475,-4.657144069671631,-1.2966740131378174,-1.861161470413208,-0.09475765377283096,1.5718722343444824,4.270852088928223,3.533562421798706,5.752713680267334,-1.1360909938812256,-0.6142841577529907,5.108935356140137,-4.565697193145752,2.328516721725464,0.7717064619064331,2.5705580711364746,2.0226645469665527,-5.369103908538818,10.779922485351562,-5.61936092376709,-5.395349502563477,0.24615681171417236,6.620656490325928,1.208447813987732,-1.2045252323150635,5.852419376373291,1.8485853672027588,0.514962911605835,-8.635098457336426,14.408215522766113,3.66838002204895,1.9550445079803467,-1.6684234142303467,-4.370520114898682,-1.3837511539459229,-1.9030532836914062,-0.00923378486186266,1.555785894393921,4.10922908782959,3.02443790435791,5.505171775817871,-1.2446115016937256,-0.39496156573295593,4.640374183654785,-4.768433570861816,2.3550021648406982,0.7675492167472839,2.747995138168335,1.8790019750595093,-4.661169052124023,9.978724479675293,-5.163906097412109,-4.603333473205566,0.24813759326934814,5.954791069030762,0.7683693766593933,-1.0229763984680176,5.333427429199219
B,masked_angular_velocity,0,671,3,1,671_T3_P1_R1,27,5,2.354740858078003,1.3027141094207764,-9.695419311523438,16.364639282226562,3.8866047859191895,2.3204002380371094,-1.9359420537948608,-5.093120098114014,-1.033901333808899,-1.8945404291152954,-0.09472477436065674,1.6260030269622803,4.338306427001953,3.8779807090759277,6.261040687561035,-1.2841447591781616,-0.5227932929992676,5.207240104675293,-4.737780570983887,2.4033749103546143,0.9540284276008606,2.5844569206237793,2.162813186645508,-6.258547782897949,11.674978256225586,-6.403721809387207,-5.960556983947754,0.5283856987953186,7.4500532150268555,1.6501678228378296,-1.393707513809204,6.205480098724365,2.2187435626983643,1.2055097818374634,-9.59144115447998,15.921682357788086,3.8384814262390137,2.0873196125030518,-1.8835878372192383,-4.834796905517578,-0.8187834024429321,-2.071864128112793,0.08655048906803131,1.433003544807434,4.339137077331543,3.94206166267395,6.09397029876709,-1.3588382005691528,-0.6621654629707336,5.3191819190979,-4.601351261138916,2.3344204425811768,1.0595117807388306,2.477328300476074,2.164306640625,-6.111075401306152,11.483926773071289,-5.988393783569336,-5.77974796295166,0.3724561631679535,7.187138557434082,1.742203950881958,-1.3795982599258423,5.910252094268799
B,masked_angular_velocity,0,671,3,2,671_T3_P1_R2,28,5,2.3278729915618896,1.330517053604126,-9.497072219848633,15.879873275756836,3.722835063934326,1.6208244562149048,-1.7447776794433594,-4.552397727966309,-0.7464405298233032,-1.6703609228134155,-0.031712502241134644,1.511755108833313,3.980978012084961,3.9855690002441406,5.602394104003906,-1.2063257694244385,-1.0290664434432983,5.195234775543213,-3.9372150897979736,2.258121967315674,0.9263885617256165,2.122480869293213,2.0535075664520264,-6.342296600341797,10.942571640014648,-5.787094593048096,-6.000124931335449,0.25622111558914185,7.030797004699707,2.0045645236968994,-1.5724338293075562,5.973212242126465,2.4487152099609375,1.2021900415420532,-8.849703788757324,14.60046100616455,3.4325222969055176,1.0033881664276123,-1.3019559383392334,-4.0875701904296875,-0.7453387975692749,-1.6958162784576416,-0.03865068405866623,1.2461838722229004,3.6629512310028076,3.7973663806915283,4.98769998550415,-0.761351466178894,-1.0872293710708618,5.275599956512451,-3.3014087677001953,1.9095617532730103,0.7569634914398193,1.7041785717010498,1.8817001581192017,-5.742241382598877,10.030359268188477,-4.768104553222656,-5.704975605010986,0.043867990374565125,6.321268558502197,2.0978102684020996,-1.4344971179962158,5.57135534286499
B,masked_angular_velocity,0,790,1,1,790_T1_P1_R1,25,5,2.547145128250122,0.9503136873245239,-8.32373046875,13.451199531555176,3.2234110832214355,0.9515362977981567,-1.113307237625122,-3.9559502601623535,-0.9089466333389282,-1.8598741292953491,-0.2829791307449341,1.1235859394073486,3.3012566566467285,3.2711338996887207,4.735415458679199,-0.4758847653865814,-0.6258938908576965,4.949709892272949,-3.2945804595947266,1.6501245498657227,0.7721055746078491,1.6968023777008057,1.7933390140533447,-5.243132591247559,9.4118070602417,-4.12049674987793,-5.15670108795166,0.1718413382768631,5.680956840515137,2.123167037963867,-0.9845593571662903,5.170375823974609,2.6928558349609375,1.1379344463348389,-8.470759391784668,13.661537170410156,3.235013961791992,0.8438258171081543,-1.012000322341919,-4.024975299835205,-0.8045488595962524,-1.9557640552520752,-0.2583586275577545,1.068331003189087,3.3198440074920654,3.531930923461914,4.786233901977539,-0.36698558926582336,-0.7014986276626587,5.364470481872559,-3.1261367797851562,1.5264976024627686,0.8085289001464844,1.5497701168060303,1.8685858249664307,-5.440235137939453,9.696452140808105,-4.036671161651611,-5.495939254760742,0.13984735310077667,5.823214530944824,2.3891994953155518,-1.0687283277511597,5.295778274536133
B,masked_angular_velocity,0,790,1,2,790_T1_P1_R2,26,5,2.5628697872161865,1.040757417678833,-8.88752269744873,14.407597541809082,3.457643508911133,1.3683993816375732,-1.3895868062973022,-4.287339687347412,-0.8449445962905884,-1.9648643732070923,-0.24137935042381287,1.2283684015274048,3.657188892364502,3.452441692352295,5.181625843048096,-0.7664351463317871,-0.5872329473495483,5.010775566101074,-3.7324204444885254,1.9100630283355713,0.8924290537834167,1.9746143817901611,2.003307580947876,-5.675089359283447,10.212860107421875,-4.766820430755615,-5.401049613952637,0.2610899806022644,6.244223594665527,2.07063627243042,-1.058586835861206,5.472168445587158,2.3014633655548096,0.9006732106208801,-8.865817070007324,14.609594345092773,3.5772671699523926,1.8560113906860352,-1.5926214456558228,-4.567317008972168,-0.9815194010734558,-2.0316555500030518,-0.2141760140657425,1.4525140523910522,3.7294769287109375,3.2081120014190674,5.505914211273193,-1.0326621532440186,-0.2752019464969635,4.793112754821777,-4.360174655914307,2.0556023120880127,0.9915482401847839,2.365435838699341,2.0506248474121094,-5.573521614074707,10.37817668914795,-5.158232688903809,-5.140973091125488,0.46346646547317505,6.326467990875244,1.7664989233016968,-1.0161244869232178,5.513493537902832
B,masked_angular_velocity,0,790,2,1,790_T2_P1_R1,25,5,2.598766803741455,0.9664303064346313,-8.388976097106934,13.576684951782227,3.2938525676727295,1.1295113563537598,-1.1493014097213745,-4.158676624298096,-0.9612256288528442,-1.9562511444091797,-0.2936662435531616,1.183481216430664,3.3691678047180176,3.2425739765167236,4.937870025634766,-0.4972943663597107,-0.4233383536338806,5.0299272537231445,-3.514928102493286,1.6262009143829346,0.7739894390106201,1.8320348262786865,1.8730497360229492,-5.195333480834961,9.664724349975586,-4.278200626373291,-5.183934688568115,0.26163190603256226,5.780259132385254,2.061877489089966,-0.9391965866088867,5.2855072021484375,2.658876657485962,1.0307645797729492,-8.359479904174805,13.565473556518555,3.2357499599456787,1.14761221408844,-1.0842392444610596,-4.244729518890381,-0.9302390813827515,-1.990004301071167,-0.2865278124809265,1.1970670223236084,3.3041348457336426,3.2542872428894043,4.943541049957275,-0.44503164291381836,-0.3464771807193756,5.191622257232666,-3.4551234245300293,1.4793250560760498,0.7875410318374634,1.7612050771713257,1.8764183521270752,-5.208734512329102,9.749249458312988,-4.197903156280518,-5.256337642669678,0.3245585560798645,5.747446060180664,2.1805505752563477,-0.9483417272567749,5.312427520751953
B,masked_angular_velocity,0,790,2,2,790_T2_P1_R2,26,5,2.746570587158203,1.1228725910186768,-8.723442077636719,14.138615608215332,3.3794639110565186,1.075974702835083,-1.1595423221588135,-4.238369464874268,-0.9716416597366333,-1.9462130069732666,-0.3080124258995056,1.1855666637420654,3.515881299972534,3.5538742542266846,5.088644504547119,-0.4709470272064209,-0.6136077642440796,5.313481330871582,-3.453543186187744,1.6837587356567383,0.7778725028038025,1.793463945388794,1.9231983423233032,-5.462147235870361,10.047707557678223,-4.471592903137207,-5.554184913635254,0.2362808734178543,6.05005407333374,2.2253270149230957,-1.0499238967895508,5.520739555358887,2.7186739444732666,1.0757043361663818,-8.588346481323242,13.798307418823242,3.3217880725860596,0.8941631317138672,-1.0878254175186157,-4.059547424316406,-0.8956656455993652,-1.9403009414672852,-0.26971331238746643,1.0739753246307373,3.3819313049316406,3.5475082397460938,4.898477077484131,-0.42931023240089417,-0.7013810873031616,5.291581630706787,-3.264463424682617,1.6283378601074219,0.8029354214668274,1.6923065185546875,1.8917900323867798,-5.382926940917969,9.781235694885254,-4.229657173156738,-5.462420463562012,0.14764055609703064,5.84329891204834,2.277977705001831,-1.0161914825439453,5.360348701477051
B,masked_angular_velocity,0,790,3,1,790_T3_P1_R1,27,5,2.8719375133514404,1.1618082523345947,-8.328367233276367,13.239465713500977,3.1230645179748535,0.5392738580703735,-0.9100284576416016,-3.8590354919433594,-0.8655983805656433,-1.8601566553115845,-0.3811587691307068,0.93304443359375,3.1851701736450195,3.508584976196289,4.541642665863037,-0.11014673858880997,-0.8011943101882935,5.325070381164551,-2.742806911468506,1.4021170139312744,0.6608527898788452,1.3036748170852661,1.765332818031311,-5.26938533782959,9.34854507446289,-3.7000651359558105,-5.482522964477539,-0.011048215441405773,5.6426286697387695,2.4334702491760254,-0.9508472681045532,5.1960272789001465,2.826746702194214,1.0421628952026367,-7.8711371421813965,12.358223915100098,2.9544858932495117,0.23958119750022888,-0.698448657989502,-3.6447272300720215,-0.8769277334213257,-1.8573071956634521,-0.3918111324310303,0.8659862279891968,2.9070239067077637,3.307830810546875,4.200288772583008,0.10555803775787354,-0.7227224707603455,5.339885711669922,-2.4446308612823486,1.1626951694488525,0.5739582777023315,1.1516021490097046,1.6198867559432983,-4.819388389587402,8.758088111877441,-3.039599895477295,-5.195616722106934,-0.08221262693405151,5.110429286956787,2.4328243732452393,-0.841241717338562,4.883902072906494
B,masked_angular_velocity,0,790,3,2,790_T3_P1_R2,25,5,2.991816997528076,1.3123774528503418,-8.44033145904541,13.49292278289795,3.1185755729675293,0.5590847134590149,-0.9239351153373718,-3.9484221935272217,-0.8781161308288574,-1.832413911819458,-0.37699323892593384,0.9261189699172974,3.2547004222869873,3.6866977214813232,4.657839775085449,-0.054226577281951904,-0.8674296140670776,5.44656229019165,-2.685480833053589,1.3962815999984741,0.6146117448806763,1.2288932800292969,1.7991489171981812,-5.4292097091674805,9.57957649230957,-3.902193069458008,-5.740016460418701,0.00541898887604475,5.845856666564941,2.507124900817871,-0.9972090721130371,5.336264610290527,3.980611801147461,1.6233046054840088,-7.7625532150268555,12.232093811035156,2.637625217437744,-0.46393948793411255,-0.21350900828838348,-3.588031768798828,-1.0631067752838135,-1.7081115245819092,-0.8048393130302429,0.5245528817176819,2.6688103675842285,3.8305411338806152,3.9077205657958984,1.1416276693344116,-0.9315617680549622,6.052271842956543,-1.2266104221343994,0.5161148905754089,0.14279499650001526,0.18860730528831482,1.6114461421966553,-5.082435607910156,8.829830169677734,-2.5795845985412598,-6.20356559753418,-0.2095273733139038,5.238136291503906,3.2034995555877686,-0.6079061031341553,5.260457992553711
B,masked_angular_velocity,1,252,1,1,252_T1_P1_R1,23,5,-0.8972940444946289,3.4905083179473877,-5.979935169219971,3.8289389610290527,4.9825029373168945,10.018930435180664,-3.255190372467041,-3.3943703174591064,2.801064968109131,1.1269042491912842,1.1353740692138672,-5.600303649902344,-0.7035707235336304,0.45793819427490234,3.3316047191619873,-1.3526811599731445,-0.601201057434082,-0.41434550285339355,1.8324062824249268,-0.07631559669971466,0.7560341954231262,-1.3745601177215576,1.107071876525879,-1.2194221019744873,0.736575722694397,-5.0937604904174805,2.3062093257904053,-3.3723855018615723,4.978964328765869,-0.16776365041732788,3.7979378700256348,-0.4840924143791199,-0.9475237131118774,3.6754908561706543,-6.190526008605957,3.9260196685791016,4.932651042938232,10.210983276367188,-3.3969242572784424,-3.4643707275390625,2.68491792678833,1.321408987045288,1.0245351791381836,-5.595106601715088,-0.8538216352462769,0.4841715693473816,3.3184242248535156,-1.5124847888946533,-0.6553990244865417,-0.3664870858192444,1.8430454730987549,-0.1768215000629425,0.7443768978118896,-1.4784959554672241,1.1199883222579956,-1.2843537330627441,0.6768192052841187,-5.024635314941406,2.2688021659851074,-3.4601409435272217,4.855593681335449,-0.17983844876289368,3.837068557739258,-0.3624590337276459
B,masked_angular_velocity,1,252,1,2,252_T1_P1_R2,25,5,-0.8711142539978027,3.494084596633911,-5.633708953857422,3.525014877319336,4.778873443603516,9.923981666564941,-2.9051387310028076,-3.384695529937744,2.7822251319885254,1.1460027694702148,1.2286078929901123,-5.629456996917725,-0.3545286953449249,0.6872916221618652,3.4624671936035156,-1.1685798168182373,-0.5245352983474731,-0.46564364433288574,1.9251693487167358,0.02005913108587265,0.9333330988883972,-1.3764076232910156,1.0727123022079468,-1.2791128158569336,0.8494455218315125,-4.930120468139648,2.4284958839416504,-3.0567805767059326,5.053035259246826,-0.15391628444194794,3.7712349891662598,-0.7442549467086792,-0.8773280382156372,3.5987448692321777,-5.385432243347168,3.2063937187194824,4.283638000488281,9.940176963806152,-2.6709766387939453,-3.512253522872925,2.5714685916900635,1.4374383687973022,1.2684504985809326,-5.696135997772217,-0.028720449656248093,1.040837049484253,3.6305992603302,-1.0677778720855713,-0.3937195837497711,-0.4366229176521301,2.1869466304779053,-0.07216959446668625,1.1169837713241577,-1.5007655620574951,1.0379524230957031,-1.3278335332870483,0.8833470344543457,-4.591913223266602,2.5147030353546143,-2.756084442138672,4.95391321182251,-0.09128023684024811,3.766195297241211,-0.8317661285400391
B,masked_angular_velocity,1,252,2,1,252_T2_P1_R1,25,5,-0.759792685508728,3.2262585163116455,-6.2861328125,4.059540748596191,5.472278118133545,9.826444625854492,-3.521592617034912,-3.1183228492736816,3.019726276397705,0.7919796705245972,1.1521937847137451,-5.499906539916992,-1.0258225202560425,0.10836496204137802,3.150399684906006,-1.3814904689788818,-0.7584372758865356,-0.5329068303108215,1.5435470342636108,-0.04860137403011322,0.5136381387710571,-1.1553205251693726,1.0981645584106445,-1.0796239376068115,0.6426451206207275,-5.500084400177002,2.2816550731658936,-3.687796115875244,5.069338798522949,-0.1733759492635727,3.756840944290161,-0.43490543961524963,-0.7331530451774597,3.252793788909912,-5.875740051269531,3.6492838859558105,4.643113136291504,9.425294876098633,-3.2515323162078857,-3.172145366668701,2.590534210205078,1.258793592453003,1.0302889347076416,-5.333600997924805,-0.7365432977676392,0.4433526396751404,3.176270008087158,-1.3301664590835571,-0.5523521304130554,-0.43963176012039185,1.7722256183624268,-0.2899685800075531,0.5479831695556641,-1.287082314491272,1.0317142009735107,-0.9938942193984985,0.628139853477478,-4.858422756195068,2.256092071533203,-3.28271222114563,4.596597194671631,-0.06079063564538956,3.5439200401306152,-0.35277777910232544
B,masked_angular_velocity,1,252,2,2,252_T2_P1_R2,25,5,-0.9044979810714722,3.6212821006774902,-6.055472373962402,3.756728410720825,4.9795241355896,10.237513542175293,-3.194103956222534,-3.4759421348571777,2.860788345336914,1.1199707984924316,1.2186305522918701,-5.7123517990112305,-0.6754232048988342,0.5617953538894653,3.4469826221466064,-1.3286899328231812,-0.6161736249923706,-0.42195677757263184,1.92880380153656,0.07590615749359131,0.88758784532547,-1.458633303642273,1.0693553686141968,-1.3041192293167114,0.8146882057189941,-5.169035911560059,2.3323090076446533,-3.317631244659424,5.12253475189209,-0.23716869950294495,3.83463978767395,-0.6413492560386658,-0.9498055577278137,4.02762508392334,-5.742586135864258,3.384805679321289,4.1764116287231445,10.528759002685547,-2.9584579467773438,-3.857168197631836,2.532386302947998,1.5994818210601807,1.2347068786621094,-5.888121604919434,-0.31962859630584717,1.0962128639221191,3.6994872093200684,-1.2746387720108032,-0.3667210042476654,-0.28424614667892456,2.4428985118865967,-0.05604954808950424,1.2086409330368042,-1.7374706268310547,1.1040955781936646,-1.4827642440795898,0.911060094833374,-4.576504230499268,2.3758351802825928,-2.906601667404175,4.974174499511719,-0.2003737837076187,3.9211180210113525,-0.661284327507019
B,masked_angular_velocity,1,252,3,1,252_T3_P1_R1,25,5,-0.8147526979446411,3.300884962081909,-6.6690168380737305,4.4058685302734375,6.141547203063965,10.255899429321289,-3.7566978931427,-3.222033977508545,3.308039426803589,0.36967605352401733,1.2310296297073364,-5.479860305786133,-1.4055893421173096,-0.16305215656757355,3.0169408321380615,-1.4658374786376953,-0.9700313806533813,-0.4653717577457428,1.2424132823944092,0.24573275446891785,0.6609060168266296,-1.099535346031189,1.127501368522644,-1.3466297388076782,0.7000514268875122,-5.9223222732543945,2.1554431915283203,-3.9571735858917236,5.464409828186035,-0.322825163602829,3.891941785812378,-0.4938226640224457,-0.7674380540847778,3.202610492706299,-6.997921943664551,4.711022853851318,6.7060346603393555,10.387901306152344,-4.016617774963379,-3.0847604274749756,3.5249621868133545,0.1285979002714157,1.239840030670166,-5.4943013191223145,-1.6421188116073608,-0.4320925772190094,2.952603816986084,-1.5222434997558594,-1.1264837980270386,-0.5505571365356445,1.0023694038391113,0.2545546293258667,0.5110833644866943,-0.9487845301628113,1.1874058246612549,-1.3330636024475098,0.6317440867424011,-6.293822765350342,2.1803596019744873,-4.2689714431762695,5.639888286590576,-0.3337983191013336,3.953857898712158,-0.45241492986679077
B,masked_angular_velocity,1,252,3,2,252_T3_P1_R2,24,5,-0.8222835659980774,3.308279514312744,-6.414519309997559,4.128378391265869,5.89617395401001,10.228245735168457,-3.4961917400360107,-3.280217409133911,3.2664451599121094,0.4790927767753601,1.3442833423614502,-5.629257678985596,-1.0227242708206177,0.13558098673820496,3.1627793312072754,-1.3105082511901855,-0.8452094197273254,-0.5200527906417847,1.4317831993103027,0.27622532844543457,0.815377414226532,-1.1447851657867432,1.125459909439087,-1.3725258111953735,0.749488890171051,-5.808534145355225,2.284858226776123,-3.709057569503784,5.542850494384766,-0.2779006063938141,3.9580135345458984,-0.6702254414558411,-0.7731848955154419,3.279609203338623,-6.270066261291504,3.913078784942627,5.862740516662598,10.043856620788574,-3.331559658050537,-3.139157772064209,3.2776598930358887,0.465745210647583,1.384398102760315,-5.5748090744018555,-0.8419361114501953,0.22721800208091736,3.187248706817627,-1.1859041452407837,-0.8403790593147278,-0.5865693092346191,1.4040493965148926,0.3586382269859314,0.8536542057991028,-1.1073496341705322,1.0929954051971436,-1.3749408721923828,0.7386323809623718,-5.749541282653809,2.332597494125366,-3.5701003074645996,5.5121660232543945,-0.2592550814151764,3.8997905254364014,-0.8293986320495605
B,masked_angular_velocity,1,651,1,1,651_T1_P1_R1,24,5,-0.7641209959983826,3.352574586868286,-5.963344573974609,3.8629825115203857,5.084942817687988,9.769063949584961,-3.315944194793701,-3.185555934906006,2.7979795932769775,1.0168187618255615,1.068362832069397,-5.3926568031311035,-0.8213402628898621,0.32212501764297485,3.2746074199676514,-1.357678771018982,-0.6462215781211853,-0.4578038156032562,1.6809837818145752,-0.15839388966560364,0.6081074476242065,-1.2403329610824585,1.061858892440796,-1.1269304752349854,0.7028663158416748,-5.121179580688477,2.2937207221984863,-3.4435291290283203,4.833651065826416,-0.12978939712047577,3.6664204597473145,-0.4663122594356537,-0.586743950843811,3.0411975383758545,-6.158430099487305,4.0032877922058105,5.550390720367432,9.440296173095703,-3.4362518787384033,-2.8271470069885254,2.9473769664764404,0.737479031085968,1.0914874076843262,-5.201140403747559,-1.0366461277008057,-0.02328597567975521,3.0750679969787598,-1.3258380889892578,-0.8236037492752075,-0.6061547994613647,1.309850811958313,-0.1684701144695282,0.4037473797798157,-0.9630888104438782,1.0274465084075928,-0.9855130910873413,0.5934725999832153,-5.37130069732666,2.289879560470581,-3.6350021362304688,4.868169784545898,-0.12324938923120499,3.5158791542053223,-0.4352231025695801
B,masked_angular_velocity,1,651,1,2,651_T1_P1_R2,24,5,-0.8151260614395142,3.4018330574035645,-6.483767509460449,4.362373352050781,5.729968070983887,10.18518352508545,-3.7438411712646484,-3.221043348312378,3.0290331840515137,0.7503410577774048,0.9974875450134277,-5.402210712432861,-1.330095887184143,-0.029290396720170975,3.162855386734009,-1.5869349241256714,-0.8624047040939331,-0.41465601325035095,1.4153985977172852,-0.09294310212135315,0.49615374207496643,-1.2017724514007568,1.1353063583374023,-1.2392830848693848,0.6797549724578857,-5.588896751403809,2.181407928466797,-3.88824462890625,5.055028915405273,-0.21506202220916748,3.8234527111053467,-0.32433292269706726,-0.803673267364502,3.3736412525177,-7.169170379638672,4.880430698394775,6.4681878089904785,10.523157119750977,-4.273125171661377,-3.146393299102783,3.2604432106018066,0.41465839743614197,0.929599940776825,-5.339385986328125,-1.9593702554702759,-0.4670465588569641,2.9330549240112305,-1.8120990991592407,-1.160469889640808,-0.40609708428382874,1.043156623840332,-0.05955077335238457,0.3011605739593506,-1.0581128597259521,1.2185585498809814,-1.3429737091064453,0.5745419263839722,-6.114470481872559,1.9922924041748047,-4.413840293884277,5.259099006652832,-0.31393304467201233,3.950679063796997,-0.1258525550365448
B,masked_angular_velocity,1,651,2,1,651_T2_P1_R1,25,5,-1.0896729230880737,3.956036329269409,-6.023825645446777,3.7624568939208984,4.59487771987915,10.613199234008789,-3.304248332977295,-3.7836246490478516,2.537923574447632,1.467137098312378,1.0007398128509521,-5.687464237213135,-0.7029499411582947,0.8123576045036316,3.5423896312713623,-1.5074714422225952,-0.5637828707695007,-0.2202545404434204,2.146787166595459,-0.11291736364364624,1.0170753002166748,-1.727809190750122,1.1710255146026611,-1.504042148590088,0.7747924327850342,-4.81921911239624,2.220094680786133,-3.2815628051757812,4.907528877258301,-0.1694648414850235,4.023674011230469,-0.44080862402915955,-1.0172512531280518,3.824349880218506,-5.896759033203125,3.5824360847473145,4.602723598480225,10.309975624084473,-3.1321017742156982,-3.5347836017608643,2.5817418098449707,1.4182673692703247,1.0634872913360596,-5.635272026062012,-0.5728916525840759,0.7854546308517456,3.538754940032959,-1.3710057735443115,-0.6226329207420349,-0.3384163975715637,2.090923309326172,-0.0584975890815258,0.9866405725479126,-1.6394208669662476,1.0852926969528198,-1.4077047109603882,0.7649552226066589,-4.822531223297119,2.2991325855255127,-3.1861958503723145,4.869379997253418,-0.16299763321876526,3.9092509746551514,-0.6037381887435913
B,masked_angular_velocity,1,651,2,2,651_T2_P1_R2,26,5,-1.0769171714782715,3.9143378734588623,-6.034869194030762,3.797407627105713,4.665781497955322,10.6162109375,-3.3027687072753906,-3.785015106201172,2.5659220218658447,1.450674057006836,1.0046398639678955,-5.714346885681152,-0.6837931275367737,0.8141691088676453,3.5493080615997314,-1.5083436965942383,-0.5465763211250305,-0.2372252196073532,2.1149306297302246,-0.13654449582099915,1.0018351078033447,-1.6978042125701904,1.1850448846817017,-1.5101146697998047,0.7729603052139282,-4.87106990814209,2.2673983573913574,-3.2910423278808594,4.950612545013428,-0.1583290696144104,4.029957294464111,-0.4491923451423645,-0.9507952928543091,3.6046981811523438,-6.083093643188477,3.8423359394073486,4.959460258483887,10.215165138244629,-3.340770721435547,-3.4236226081848145,2.6694703102111816,1.2173727750778198,1.0260279178619385,-5.5116143226623535,-0.813046932220459,0.5162395238876343,3.380795955657959,-1.4426581859588623,-0.7038607597351074,-0.35432881116867065,1.8148109912872314,-0.14645662903785706,0.8215972185134888,-1.4700499773025513,1.1033445596694946,-1.3436667919158936,0.6891891956329346,-5.031117916107178,2.2607758045196533,-3.403170347213745,4.907371997833252,-0.14319416880607605,3.8641903400421143,-0.46817684173583984
B,masked_angular_velocity,1,651,3,1,651_T3_P1_R1,24,5,-0.8017857670783997,3.339160919189453,-5.925593376159668,3.8285229206085205,5.039299011230469,9.854291915893555,-3.258160352706909,-3.2796378135681152,2.827087163925171,0.9704065322875977,1.1544368267059326,-5.496331691741943,-0.741809606552124,0.39720746874809265,3.289884090423584,-1.2939584255218506,-0.6013699173927307,-0.457660436630249,1.7551443576812744,-0.09867704659700394,0.7209897041320801,-1.2622944116592407,1.1179027557373047,-1.1850926876068115,0.7426258325576782,-5.128525257110596,2.3105549812316895,-3.3903427124023438,4.994141101837158,-0.13920529186725616,3.7668609619140625,-0.4862760603427887,-0.7019007802009583,3.1671245098114014,-5.938270568847656,3.8699615001678467,5.157839298248291,9.663744926452637,-3.2676849365234375,-3.119875431060791,2.8754591941833496,0.8549335598945618,1.1612136363983154,-5.390687465667725,-0.804509162902832,0.2599773406982422,3.227682113647461,-1.2619006633758545,-0.6466480493545532,-0.5151532292366028,1.6077054738998413,-0.16174885630607605,0.6245441436767578,-1.12701416015625,1.091123342514038,-1.1173814535140991,0.7376133799552917,-5.200430870056152,2.350208282470703,-3.4128880500793457,4.989568710327148,-0.12718136608600616,3.664424419403076,-0.4910602569580078
B,masked_angular_velocity,1,651,3,2,651_T3_P1_R2,24,5,-0.7972546815872192,3.2622628211975098,-6.089596748352051,3.917327404022217,5.276956558227539,9.871835708618164,-3.326673984527588,-3.210810422897339,2.9283347129821777,0.8647664189338684,1.1906319856643677,-5.514088153839111,-0.8216469883918762,0.29870277643203735,3.2512805461883545,-1.3137569427490234,-0.6852103471755981,-0.5082133412361145,1.6422631740570068,-0.04465634748339653,0.6853514909744263,-1.2112913131713867,1.0860559940338135,-1.1571180820465088,0.6971186399459839,-5.33310604095459,2.318880558013916,-3.5132133960723877,5.092853546142578,-0.1631137728691101,3.7851459980010986,-0.5126652717590332,-0.7981081008911133,3.2901737689971924,-6.060325622558594,3.8604576587677,5.236512184143066,9.85194206237793,-3.2460219860076904,-3.1502444744110107,2.8884260654449463,0.8795010447502136,1.1902590990066528,-5.457594871520996,-0.7886182069778442,0.3154776096343994,3.2828567028045654,-1.292142629623413,-0.739161491394043,-0.5345907211303711,1.6280664205551147,-0.024836450815200806,0.7268177270889282,-1.2143348455429077,1.0438601970672607,-1.171647310256958,0.7150920629501343,-5.283514499664307,2.337266206741333,-3.4570300579071045,5.061193466186523,-0.1866869479417801,3.744581937789917,-0.5813176035881042
B,masked_angular_velocity,1,671,1,1,671_T1_P1_R1,26,5,-0.8341840505599976,3.457207441329956,-6.178452014923096,3.947716236114502,5.167717456817627,10.172739028930664,-3.3480286598205566,-3.411860704421997,2.891453266143799,1.0070984363555908,1.2060433626174927,-5.649277687072754,-0.7996425628662109,0.42733344435691833,3.378293514251709,-1.387927532196045,-0.6209051012992859,-0.46314510703086853,1.803910493850708,-0.052026160061359406,0.7735624313354492,-1.3398898839950562,1.1042864322662354,-1.2355988025665283,0.7377617955207825,-5.300473690032959,2.33099627494812,-3.5028233528137207,5.119422435760498,-0.1908370703458786,3.8740744590759277,-0.4741939902305603,-0.7083973288536072,3.2047224044799805,-6.128820419311523,3.945286512374878,5.21664571762085,9.757981300354004,-3.409558057785034,-3.161106824874878,2.8471291065216064,0.951911449432373,1.1310392618179321,-5.4130401611328125,-0.8816666603088379,0.2603386342525482,3.240471839904785,-1.3443713188171387,-0.6695435643196106,-0.5083105564117432,1.6247687339782715,-0.20296679437160492,0.5881836414337158,-1.1735553741455078,1.09784996509552,-1.089600682258606,0.647546112537384,-5.254400253295898,2.315537929534912,-3.5384042263031006,4.928091526031494,-0.10128854960203171,3.706819772720337,-0.3726630210876465
B,masked_angular_velocity,1,671,1,2,671_T1_P1_R2,24,5,-0.9451627731323242,3.643096446990967,-6.2088189125061035,3.9561283588409424,5.068079471588135,10.409391403198242,-3.3610076904296875,-3.570096254348755,2.8509421348571777,1.0983706712722778,1.1825218200683594,-5.726475715637207,-0.8015414476394653,0.516081690788269,3.4293274879455566,-1.445751428604126,-0.6142618060112,-0.3832738995552063,1.9108457565307617,-0.011450518853962421,0.8679578900337219,-1.482595443725586,1.1254103183746338,-1.3343119621276855,0.7672265768051147,-5.244936943054199,2.2831547260284424,-3.493539810180664,5.1324992179870605,-0.2207934409379959,3.979085922241211,-0.4740927815437317,-0.8118667602539062,3.4187941551208496,-6.2249040603637695,3.9816174507141113,5.122690677642822,10.012360572814941,-3.464517593383789,-3.3420662879943848,2.794591188430786,1.0566015243530273,1.0809787511825562,-5.466433525085449,-0.9504512548446655,0.3343416750431061,3.229426145553589,-1.440111517906189,-0.6727724671363831,-0.41414743661880493,1.6830437183380127,-0.16873833537101746,0.6590749025344849,-1.3116551637649536,1.1360737085342407,-1.2087904214859009,0.6732685565948486,-5.1874847412109375,2.216531753540039,-3.5493578910827637,4.9267377853393555,-0.14557944238185883,3.8158326148986816,-0.3266032040119171
B,masked_angular_velocity,1,671,2,1,671_T2_P1_R1,24,5,-1.174438714981079,4.127015113830566,-5.588559627532959,3.5614559650421143,4.085249423980713,10.549688339233398,-3.012101411819458,-3.9074559211730957,2.313269853591919,1.723895788192749,0.9350160360336304,-5.674973487854004,-0.3535202145576477,1.0709155797958374,3.7203612327575684,-1.4783364534378052,-0.36426976323127747,-0.15779951214790344,2.4058456420898438,-0.19916588068008423,1.118185043334961,-1.8558450937271118,1.141163945198059,-1.497549295425415,0.8346050381660461,-4.37455940246582,2.3072898387908936,-2.9936201572418213,4.668609142303467,-0.16120460629463196,3.942763566970825,-0.474994033575058,-1.0653107166290283,4.050907135009766,-5.355194568634033,3.3025264739990234,3.877229690551758,10.141517639160156,-2.811709403991699,-3.693126678466797,2.2087740898132324,1.7685766220092773,0.9321951866149902,-5.496412754058838,-0.21407556533813477,1.1047569513320923,3.693302869796753,-1.3649600744247437,-0.35371190309524536,-0.22362010180950165,2.3933112621307373,-0.1902391016483307,1.1033179759979248,-1.8000383377075195,1.0375491380691528,-1.3961018323898315,0.8106307983398438,-4.137979030609131,2.339907169342041,-2.7976808547973633,4.462355613708496,-0.13032963871955872,3.7174949645996094,-0.5768722295761108
B,masked_angular_velocity,1,671,2,2,671_T2_P1_R2,27,5,-1.235224723815918,4.271400451660156,-6.055438995361328,3.971569061279297,4.650158882141113,10.950592994689941,-3.3679511547088623,-3.9604573249816895,2.507686138153076,1.4842374324798584,0.8597675561904907,-5.656466484069824,-0.7976468801498413,0.790005087852478,3.5860886573791504,-1.6893295049667358,-0.5667503476142883,-0.09460759162902832,2.161630153656006,-0.07535229623317719,1.071529746055603,-1.8385655879974365,1.1968185901641846,-1.6848793029785156,0.8154493570327759,-4.740662574768066,2.1697840690612793,-3.3518290519714355,4.8572869300842285,-0.2680242657661438,4.086153030395508,-0.3820793330669403,-1.2047202587127686,4.327121257781982,-5.78519868850708,3.777863025665283,4.213265419006348,10.644892692565918,-3.282468318939209,-3.9223906993865967,2.238250970840454,1.7300806045532227,0.7067128419876099,-5.495612621307373,-0.7063872218132019,0.9093677401542664,3.538796901702881,-1.6891591548919678,-0.47418680787086487,-0.04190496355295181,2.273818016052246,-0.25399845838546753,1.016081690788269,-1.8849014043807983,1.2083513736724854,-1.6338167190551758,0.7625237703323364,-4.301637172698975,2.1110706329345703,-3.1719741821289062,4.48722505569458,-0.18798014521598816,3.9687912464141846,-0.25054892897605896
B,masked_angular_velocity,1,671,3,1,671_T3_P1_R1,27,5,-1.3311359882354736,4.269518852233887,-5.888533115386963,3.626948833465576,4.362437725067139,11.046298027038574,-2.949110507965088,-4.101377010345459,2.578584671020508,1.4926306009292603,1.216905951499939,-5.914244651794434,-0.3959985375404358,1.0593374967575073,3.7450687885284424,-1.426168441772461,-0.5047277212142944,-0.12270329147577286,2.4038026332855225,0.1904047429561615,1.4702608585357666,-1.9347069263458252,1.0513060092926025,-1.7754735946655273,0.9689517021179199,-4.73832368850708,2.304063320159912,-3.0336952209472656,5.161747932434082,-0.3846239149570465,4.107396125793457,-0.7456973195075989,-1.235166311264038,4.087993621826172,-5.7616424560546875,3.3753371238708496,4.440739631652832,10.667774200439453,-2.7144367694854736,-3.783517360687256,2.5935420989990234,1.5320104360580444,1.255270004272461,-5.842365741729736,-0.17637985944747925,1.0893443822860718,3.7872989177703857,-1.2853424549102783,-0.5484558939933777,-0.3116695284843445,2.2907347679138184,0.2732015550136566,1.396878719329834,-1.849041223526001,0.9676987528800964,-1.6135221719741821,0.9223117828369141,-4.750809669494629,2.4282288551330566,-2.8984622955322266,5.09910249710083,-0.31969842314720154,3.910118818283081,-0.9561017751693726
B,masked_angular_velocity,1,671,3,2,671_T3_P1_R2,28,5,-1.1897032260894775,3.9765236377716064,-5.57415246963501,3.4284729957580566,4.466683864593506,10.763715744018555,-2.6891932487487793,-3.9196808338165283,2.68880033493042,1.2598764896392822,1.3683183193206787,-5.858794212341309,-0.11667339503765106,1.0672410726547241,3.794346570968628,-1.1721216440200806,-0.49987348914146423,-0.26549866795539856,2.32817006111145,0.26295706629753113,1.5176702737808228,-1.733211874961853,1.0396186113357544,-1.7306228876113892,1.0245535373687744,-4.785125255584717,2.4444217681884766,-2.8527212142944336,5.356977462768555,-0.31862542033195496,4.046481609344482,-0.9549980163574219,-1.0491863489151,3.7292721271514893,-5.585768222808838,3.4646263122558594,4.507711887359619,10.221867561340332,-2.8212838172912598,-3.599254608154297,2.6206135749816895,1.2284165620803833,1.2296397686004639,-5.554068565368652,-0.3196803331375122,0.794604480266571,3.5650386810302734,-1.2084466218948364,-0.5521644353866577,-0.31222182512283325,2.096360683441162,0.13066411018371582,1.200785756111145,-1.5609711408615112,0.9938543438911438,-1.4734179973602295,0.8776282072067261,-4.707283020019531,2.3553707599639893,-2.9706084728240967,5.027787208557129,-0.24792440235614777,3.769066333770752,-0.7784250974655151
B,masked_angular_velocity,1,790,1,1,790_T1_P1_R1,25,5,-1.0606772899627686,3.906271457672119,-6.2184672355651855,3.9813060760498047,4.918482303619385,10.793024063110352,-3.475943088531494,-3.8211874961853027,2.7525010108947754,1.2064244747161865,1.0972673892974854,-5.794687747955322,-0.8830634355545044,0.6106868982315063,3.480067014694214,-1.5145752429962158,-0.591621994972229,-0.23214614391326904,2.076179027557373,-0.028717193752527237,0.9538079500198364,-1.6129989624023438,1.2344533205032349,-1.5241196155548096,0.8049741983413696,-5.092036247253418,2.1885852813720703,-3.4691576957702637,5.147389888763428,-0.24536654353141785,4.074282169342041,-0.41040968894958496,-1.0032049417495728,3.8121514320373535,-6.463029384613037,4.0545501708984375,5.277382850646973,10.763708114624023,-3.4993720054626465,-3.6402275562286377,2.9123668670654297,1.071008324623108,1.1550967693328857,-5.77171516418457,-0.9728049039840698,0.48079052567481995,3.446427583694458,-1.4999034404754639,-0.7431444525718689,-0.33133989572525024,1.8533384799957275,0.056654781103134155,0.9413028955459595,-1.5284407138824463,1.1550023555755615,-1.522841215133667,0.7890840768814087,-5.366664409637451,2.263981342315674,-3.5674431324005127,5.271251678466797,-0.2864852249622345,4.027477741241455,-0.5421847105026245
B,masked_angular_velocity,1,790,1,2,790_T1_P1_R2,26,5,-1.1175422668457031,3.9323792457580566,-6.2398881912231445,3.9882330894470215,4.9943952560424805,10.852571487426758,-3.3952317237854004,-3.8381810188293457,2.8451616764068604,1.2002675533294678,1.1569687128067017,-5.90327262878418,-0.7828406095504761,0.6552075147628784,3.52415132522583,-1.4877139329910278,-0.6014447808265686,-0.2491285800933838,2.0835800170898438,0.04354182258248329,1.035585641860962,-1.6528561115264893,1.2047803401947021,-1.5770962238311768,0.8548296689987183,-5.20573616027832,2.2700047492980957,-3.4429688453674316,5.25839376449585,-0.27641409635543823,4.142593860626221,-0.5141561031341553,-1.161228895187378,4.3030104637146,-6.31767463684082,3.92413592338562,4.661437034606934,11.33238410949707,-3.4281914234161377,-4.175187110900879,2.6732401847839355,1.4589431285858154,1.141700267791748,-6.015692710876465,-0.8015878796577454,0.9032804369926453,3.6690590381622314,-1.5687227249145508,-0.515748143196106,-0.11690898984670639,2.350522518157959,0.0014129399787634611,1.2371524572372437,-1.8589805364608765,1.2666146755218506,-1.786440134048462,0.9223271608352661,-4.9678215980529785,2.2010250091552734,-3.3473594188690186,5.2418413162231445,-0.31349438428878784,4.251665115356445,-0.46122050285339355
B,masked_angular_velocity,1,790,2,1,790_T2_P1_R1,25,5,-1.0800607204437256,4.006289482116699,-6.371774196624756,3.995285749435425,4.803999900817871,10.876631736755371,-3.547710418701172,-3.847166061401367,2.6381921768188477,1.3271154165267944,1.0620973110198975,-5.787087917327881,-1.0076320171356201,0.6280933022499084,3.4675850868225098,-1.5972826480865479,-0.638946533203125,-0.23878280818462372,2.123749256134033,-0.019082512706518173,0.940843403339386,-1.66824209690094,1.2237716913223267,-1.494653344154358,0.7862502336502075,-5.048424243927002,2.0993549823760986,-3.535346269607544,5.0742387771606445,-0.279739111661911,4.059508323669434,-0.3388248085975647,-1.1122934818267822,4.096183776855469,-6.550994396209717,4.037524700164795,4.84096622467041,11.0150785446167,-3.614015579223633,-3.86983060836792,2.6109161376953125,1.4053215980529785,1.0158344507217407,-5.805816650390625,-1.10471773147583,0.6603882908821106,3.462425470352173,-1.677615761756897,-0.690269947052002,-0.23238304257392883,2.099972724914551,-0.024602781981229782,0.9431066513061523,-1.7267963886260986,1.2218029499053955,-1.5509355068206787,0.7642267942428589,-5.0872416496276855,2.0983874797821045,-3.5886316299438477,5.072607040405273,-0.3074595034122467,4.076244354248047,-0.34585803747177124
B,masked_angular_velocity,1,790,2,2,790_T2_P1_R2,26,5,-1.1394002437591553,4.024888515472412,-6.450531005859375,4.107510566711426,5.019763946533203,11.019712448120117,-3.5641982555389404,-3.8733267784118652,2.7597060203552246,1.2555344104766846,1.0827666521072388,-5.8579254150390625,-1.0154024362564087,0.5654796361923218,3.5137381553649902,-1.6360893249511719,-0.6965785026550293,-0.2412082701921463,2.080692768096924,0.038832273334264755,0.9640449285507202,-1.6956449747085571,1.1959677934646606,-1.5324783325195312,0.7888434529304504,-5.226302623748779,2.1499314308166504,-3.609074831008911,5.199101448059082,-0.3221980929374695,4.1299214363098145,-0.39060139656066895,-1.0910696983337402,3.888230800628662,-6.400181770324707,4.066539764404297,5.049914360046387,10.875170707702637,-3.5381271839141846,-3.7677788734436035,2.762491464614868,1.1893751621246338,1.1076236963272095,-5.802360534667969,-0.9845900535583496,0.5429716110229492,3.503570079803467,-1.5695321559906006,-0.7051375508308411,-0.3026197850704193,2.026585102081299,0.024444466456770897,0.9161660075187683,-1.608554482460022,1.1942389011383057,-1.4592812061309814,0.7713708877563477,-5.254329204559326,2.1775670051574707,-3.6049957275390625,5.20427942276001,-0.28696513175964355,4.077003002166748,-0.43442854285240173
B,masked_angular_velocity,1,790,3,1,790_T3_P1_R1,27,5,-0.9308522343635559,3.5419907569885254,-6.657566070556641,4.360939025878906,5.673920631408691,10.526097297668457,-3.79309344291687,-3.472966432571411,3.0517001152038574,0.8098694086074829,1.0731195211410522,-5.635689735412598,-1.3194434642791748,0.12265685945749283,3.1751348972320557,-1.6090104579925537,-0.8208053708076477,-0.3606688976287842,1.5492883920669556,0.0030407055746763945,0.6369401812553406,-1.3209803104400635,1.2073692083358765,-1.366011381149292,0.6861295700073242,-5.648667812347412,2.1397664546966553,-3.8886616230010986,5.265003204345703,-0.2699895203113556,4.003636360168457,-0.3200036883354187,-0.8182207345962524,3.4810421466827393,-6.785365104675293,4.34754753112793,5.652792930603027,10.396709442138672,-3.8865718841552734,-3.3665566444396973,2.9490628242492676,0.8950750231742859,0.9983380436897278,-5.500755310058594,-1.4524105787277222,0.08669037371873856,3.1391825675964355,-1.656506896018982,-0.8574960827827454,-0.3943456709384918,1.4773849248886108,-0.10019107908010483,0.528430163860321,-1.2854483127593994,1.1749355792999268,-1.279910683631897,0.6006799340248108,-5.593023777008057,2.126491069793701,-3.928206205368042,5.116026878356934,-0.21655014157295227,3.857032060623169,-0.2538367211818695
B,masked_angular_velocity,1,790,3,2,790_T3_P1_R2,25,5,-0.9655126333236694,3.5437119007110596,-6.646421909332275,4.319488048553467,5.651024341583252,10.487943649291992,-3.7537028789520264,-3.475088119506836,3.0110909938812256,0.7832162976264954,1.0580660104751587,-5.55671501159668,-1.368640422821045,0.12449829280376434,3.0929718017578125,-1.6092631816864014,-0.8441837430000305,-0.33952653408050537,1.4824738502502441,0.08531171828508377,0.6719779372215271,-1.3168151378631592,1.2138817310333252,-1.4317907094955444,0.690430760383606,-5.60806941986084,2.0669138431549072,-3.8512635231018066,5.261399269104004,-0.30610328912734985,3.9692115783691406,-0.33923736214637756,-0.8661484718322754,3.197690486907959,-7.727793216705322,5.285497665405273,6.742901802062988,10.465023040771484,-4.806852340698242,-3.222388744354248,3.2358314990997314,0.20499102771282196,0.8078826665878296,-5.162054538726807,-2.6959898471832275,-0.8403302431106567,2.37850284576416,-2.067356586456299,-1.2886810302734375,-0.2853061556816101,0.691604495048523,-0.03171083331108093,0.10676252841949463,-0.9791761636734009,1.3574590682983398,-1.366581678390503,0.39358699321746826,-6.340619087219238,1.610979676246643,-4.816097259521484,5.290482997894287,-0.38470354676246643,3.9768307209014893,0.3039516806602478
B,masked_angular_velocity,2,252,1,1,252_T1_P1_R1,23,5,2.3497798442840576,-6.400561332702637,7.620541572570801,-3.622190475463867,-9.006790161132812,6.6498870849609375,-3.4273605346679688,-7.353568077087402,-9.00774097442627,2.946403980255127,-5.104859352111816,-1.9992763996124268,2.723778247833252,-3.9899864196777344,-10.721193313598633,-4.269278049468994,5.332841396331787,10.430371284484863,1.5539413690567017,4.438576698303223,-6.057875156402588,2.6292288303375244,-5.08458948135376,-1.21224045753479,3.389688491821289,2.2750444412231445,8.699145317077637,2.4691545963287354,-8.364893913269043,-5.965007781982422,5.3504815101623535,-6.796538352966309,2.418362855911255,-6.504110813140869,7.869936466217041,-3.7540059089660645,-9.027597427368164,6.76831579208374,-3.294179916381836,-7.507541656494141,-9.24122428894043,2.8578498363494873,-5.407123565673828,-1.9223397970199585,3.050696611404419,-4.19716739654541,-10.869550704956055,-4.402590751647949,5.425159454345703,10.752153396606445,1.4728410243988037,4.814695835113525,-6.0389909744262695,2.4566922187805176,-5.277270793914795,-1.4247682094573975,3.6074516773223877,2.2561163902282715,9.05250072479248,2.5687007904052734,-8.614007949829102,-5.8929338455200195,5.258622169494629,-6.7581586837768555
B,masked_angular_velocity,2,252,1,2,252_T1_P1_R2,25,5,2.321984052658081,-6.4372076988220215,7.629242897033691,-3.472290515899658,-9.280717849731445,6.5574951171875,-3.5461840629577637,-7.133591651916504,-8.858010292053223,2.8917365074157715,-5.09345817565918,-2.088085651397705,2.7645230293273926,-4.015746116638184,-10.503499984741211,-4.177279949188232,5.296968936920166,10.153823852539062,1.5270625352859497,4.3975067138671875,-5.7014641761779785,2.7122111320495605,-4.676051139831543,-1.0032867193222046,3.589001178741455,2.2055294513702393,8.520597457885742,2.4371867179870605,-8.13277530670166,-5.920376777648926,5.133512496948242,-6.392507553100586,2.472750186920166,-6.590367317199707,7.854358673095703,-3.4597816467285156,-9.602147102355957,6.40326452255249,-3.4257442951202393,-6.968173027038574,-8.956663131713867,2.8525230884552,-5.525608539581299,-2.1920509338378906,3.158231019973755,-4.282130241394043,-10.355053901672363,-4.181100368499756,5.326350212097168,10.165066719055176,1.4308416843414307,4.586684226989746,-5.242780685424805,2.6516525745391846,-4.45325231552124,-0.9250181317329407,4.0347418785095215,2.1927330493927,8.747859001159668,2.573629140853882,-8.19571304321289,-5.775130271911621,4.842930316925049,-5.976349830627441
B,masked_angular_velocity,2,252,2,1,252_T2_P1_R1,25,5,2.0255985260009766,-6.203861236572266,7.171760559082031,-3.573589324951172,-8.511754989624023,6.800913333892822,-3.5723297595977783,-7.510992527008057,-8.815088272094727,3.0425798892974854,-4.628900527954102,-1.9883544445037842,2.202775478363037,-3.559288740158081,-10.785356521606445,-4.198715686798096,5.270151615142822,10.346814155578613,1.6712901592254639,4.005902290344238,-6.543427467346191,2.683072805404663,-5.295307159423828,-1.098031997680664,2.870542049407959,2.414569139480591,8.384668350219727,2.2178492546081543,-8.156618118286133,-6.146393775939941,5.780405044555664,-7.139233589172363,2.26069712638855,-6.153839111328125,7.126158237457275,-3.6378655433654785,-8.4244384765625,6.312918663024902,-3.169631242752075,-7.1144280433654785,-8.775944709777832,2.958296298980713,-5.030795097351074,-1.8992462158203125,2.601943016052246,-3.767230987548828,-10.317498207092285,-4.112505912780762,5.131545066833496,10.172163963317871,1.4909746646881104,4.025753021240234,-5.936380863189697,2.5329971313476562,-5.062163352966309,-1.0898839235305786,3.1939589977264404,2.340528964996338,8.374902725219727,2.407701015472412,-8.035938262939453,-5.675852298736572,5.303501605987549,-6.663287162780762
B,masked_angular_velocity,2,252,2,2,252_T2_P1_R2,25,5,2.246695041656494,-6.589986324310303,7.799630641937256,-3.615111827850342,-9.306653022766113,6.923573970794678,-3.5714848041534424,-7.584425926208496,-9.352070808410645,2.9527182579040527,-5.270941257476807,-2.0456886291503906,2.9378366470336914,-4.077258110046387,-11.006242752075195,-4.411333084106445,5.4831085205078125,10.74897575378418,1.4889881610870361,4.679163455963135,-6.079416275024414,2.6735708713531494,-5.094764709472656,-1.206352949142456,3.6636595726013184,2.349055051803589,8.865086555480957,2.4828968048095703,-8.506390571594238,-6.172593116760254,5.468037128448486,-6.732515811920166,2.5878238677978516,-6.912298202514648,8.475258827209473,-3.7187891006469727,-9.996662139892578,6.865054607391357,-3.362889289855957,-7.592899322509766,-9.897385597229004,2.8408451080322266,-6.141371726989746,-2.070854425430298,3.873793125152588,-4.766740798950195,-11.022926330566406,-4.604572772979736,5.739065170288086,11.19277286529541,1.2366899251937866,5.3991289138793945,-5.428709506988525,2.5798044204711914,-4.9794721603393555,-1.4153673648834229,4.582036972045898,2.279393196105957,9.512276649475098,2.8295042514801025,-8.948741912841797,-5.953814506530762,5.075865268707275,-6.218751430511475
B,masked_angular_velocity,2,252,3,1,252_T3_P1_R1,25,5,1.786298155784607,-6.1964497566223145,7.432555198669434,-3.4680724143981934,-8.576996803283691,7.338846683502197,-3.854762554168701,-7.967466831207275,-8.935925483703613,2.961693525314331,-4.354182243347168,-1.9471089839935303,2.09928560256958,-3.5226242542266846,-11.238561630249023,-4.356459140777588,5.450284957885742,10.726659774780273,1.7992627620697021,4.359471321105957,-6.988011360168457,2.6699790954589844,-5.551434516906738,-1.367125391960144,2.700913190841675,2.3880105018615723,8.507463455200195,2.0358781814575195,-8.330358505249023,-6.525974273681641,6.146167755126953,-7.459188938140869,1.6167579889297485,-6.129847049713135,7.3633856773376465,-3.444305419921875,-8.378072738647461,7.59359884262085,-4.0272722244262695,-8.17555046081543,-8.774019241333008,3.013319730758667,-4.08461332321167,-2.0117812156677246,1.7209727764129639,-3.32824969291687,-11.430679321289062,-4.367183685302734,5.492720603942871,10.79084587097168,1.9949182271957397,4.191088676452637,-7.435076713562012,2.6961233615875244,-5.763177394866943,-1.35801100730896,2.3466744422912598,2.468672275543213,8.514448165893555,1.8291518688201904,-8.34655475616455,-6.745898246765137,6.496307373046875,-7.792517185211182
B,masked_angular_velocity,2,252,3,2,252_T3_P1_R2,24,5,1.7797670364379883,-6.2662882804870605,7.421745300292969,-3.3411402702331543,-8.817496299743652,7.268512725830078,-3.897857189178467,-7.8315324783325195,-8.924406051635742,2.997572422027588,-4.467666149139404,-2.0535569190979004,2.1917967796325684,-3.562232494354248,-11.079547882080078,-4.2975172996521,5.449287414550781,10.627876281738281,1.7754367589950562,4.282837867736816,-6.680380821228027,2.7307095527648926,-5.279692649841309,-1.1891412734985352,2.9231104850769043,2.4024016857147217,8.479724884033203,2.0443339347839355,-8.208996772766113,-6.528286933898926,6.0461106300354,-7.167673587799072,1.6333553791046143,-6.219644069671631,7.395526885986328,-3.2099506855010986,-8.856278419494629,7.327927589416504,-4.003176689147949,-7.747783660888672,-8.755841255187988,2.892019748687744,-4.392372131347656,-2.104919910430908,2.1606667041778564,-3.486201047897339,-10.96155834197998,-4.220343589782715,5.410454750061035,10.469907760620117,1.7873939275741577,4.278642177581787,-6.539881706237793,2.7077438831329346,-5.074469566345215,-1.0871717929840088,2.9726879596710205,2.3430864810943604,8.348440170288086,1.9275041818618774,-8.043264389038086,-6.542393684387207,5.949280738830566,-6.903998374938965
B,masked_angular_velocity,2,651,1,1,651_T1_P1_R1,24,5,2.1551711559295654,-6.2537431716918945,7.343153476715088,-3.6249680519104004,-8.645569801330566,6.609022617340088,-3.433473587036133,-7.284308433532715,-8.818182945251465,2.9024367332458496,-4.894305229187012,-1.9488012790679932,2.5062918663024902,-3.7579855918884277,-10.55871868133545,-4.171640872955322,5.2486467361450195,10.222883224487305,1.5555036067962646,4.143033504486084,-6.142214775085449,2.627035140991211,-5.064393043518066,-1.0939785242080688,3.1715281009674072,2.3015472888946533,8.420178413391113,2.33534574508667,-8.130897521972656,-5.8981170654296875,5.415481090545654,-6.756619930267334,1.870687484741211,-6.037716388702393,6.960478782653809,-3.54956316947937,-8.178851127624512,6.665815830230713,-3.5112156867980957,-7.246650695800781,-8.428400039672852,2.8517065048217773,-4.480356693267822,-1.9622396230697632,2.004148244857788,-3.3898873329162598,-10.425954818725586,-4.051468849182129,5.118707180023193,9.940781593322754,1.709911584854126,3.7321650981903076,-6.405096530914307,2.591099977493286,-5.085151195526123,-0.935856819152832,2.7474350929260254,2.341482639312744,8.067693710327148,2.0634188652038574,-7.827505588531494,-5.938013553619385,5.609997749328613,-6.83254861831665
B,masked_angular_velocity,2,651,1,2,651_T1_P1_R2,24,5,2.071270227432251,-6.315646171569824,7.489762306213379,-3.717379331588745,-8.538507461547852,7.004299163818359,-3.6203160285949707,-7.6909613609313965,-8.956174850463867,2.901747703552246,-4.723311901092529,-1.8693625926971436,2.3367114067077637,-3.705967426300049,-10.975371360778809,-4.3738908767700195,5.387293338775635,10.55952262878418,1.6743252277374268,4.3190765380859375,-6.702905178070068,2.6080565452575684,-5.453909873962402,-1.3346703052520752,2.9685792922973633,2.366806983947754,8.624517440795898,2.300757884979248,-8.342473983764648,-6.1531901359558105,5.745771408081055,-7.249351501464844,1.8534162044525146,-6.374326229095459,7.637611389160156,-3.794405698776245,-8.388150215148926,7.555723667144775,-3.796149492263794,-8.235329627990723,-9.148114204406738,2.881861448287964,-4.61113977432251,-1.84941828250885,2.192166805267334,-3.6581528186798096,-11.486120223999023,-4.615935325622559,5.558114528656006,11.08149242401123,1.8190809488296509,4.550897598266602,-7.345770359039307,2.515355110168457,-5.955604553222656,-1.5872831344604492,2.7768568992614746,2.494417190551758,8.914739608764648,2.163407802581787,-8.633508682250977,-6.4943037033081055,6.223807334899902,-7.724785804748535
B,masked_angular_velocity,2,651,2,1,651_T2_P1_R1,25,5,2.5880942344665527,-6.680211067199707,8.21796989440918,-3.7256767749786377,-9.438393592834473,6.756246089935303,-3.3059725761413574,-7.484972953796387,-9.434690475463867,2.853099822998047,-5.751688480377197,-1.9708582162857056,3.4250845909118652,-4.490227699279785,-10.919416427612305,-4.520867824554443,5.560735702514648,10.901618003845215,1.412348985671997,5.124948024749756,-5.8012566566467285,2.4984004497528076,-5.157177925109863,-1.4912078380584717,3.993373155593872,2.2289421558380127,9.363807678222656,2.6884498596191406,-8.81104564666748,-5.904295921325684,5.104770660400391,-6.591075897216797,2.4940879344940186,-6.659538269042969,8.148710250854492,-3.6314311027526855,-9.433076858520508,6.73538875579834,-3.407681703567505,-7.382009029388428,-9.230794906616211,2.7978789806365967,-5.663425445556641,-2.0186550617218018,3.3190758228302,-4.408879280090332,-10.756571769714355,-4.4451904296875,5.516852855682373,10.703218460083008,1.438738465309143,5.029915809631348,-5.69208288192749,2.5037295818328857,-4.960997581481934,-1.3526333570480347,4.022767543792725,2.2186741828918457,9.228922843933105,2.606513738632202,-8.624737739562988,-5.876379489898682,5.036948204040527,-6.349851131439209
B,masked_angular_velocity,2,651,2,2,651_T2_P1_R2,26,5,2.553457736968994,-6.596436500549316,8.046257019042969,-3.6935863494873047,-9.317344665527344,6.695626258850098,-3.3216519355773926,-7.41753625869751,-9.307385444641113,2.9012203216552734,-5.613907814025879,-1.9848989248275757,3.2469398975372314,-4.360671043395996,-10.828779220581055,-4.45706844329834,5.493180751800537,10.751327514648438,1.4440909624099731,4.913891315460205,-5.8280768394470215,2.5508978366851807,-5.116929054260254,-1.4069745540618896,3.8393757343292236,2.2468316555023193,9.219282150268555,2.6327271461486816,-8.682754516601562,-5.915505886077881,5.137783050537109,-6.652726650238037,2.3676395416259766,-6.413111686706543,7.716688632965088,-3.628286361694336,-8.952667236328125,6.684693813323975,-3.392763137817383,-7.335061550140381,-8.907743453979492,2.8410489559173584,-5.266571998596191,-1.9889625310897827,2.8076870441436768,-4.058548927307129,-10.670412063598633,-4.358743667602539,5.362090587615967,10.468206405639648,1.5787041187286377,4.576710224151611,-5.993889331817627,2.544037342071533,-5.075341701507568,-1.2544077634811401,3.5152268409729004,2.2877132892608643,8.889257431030273,2.4297828674316406,-8.388339042663574,-5.908245086669922,5.251382350921631,-6.678936958312988
B,masked_angular_velocity,2,651,3,1,651_T3_P1_R1,24,5,2.243896961212158,-6.327345848083496,7.433701515197754,-3.535975933074951,-8.81964111328125,6.5468316078186035,-3.4248008728027344,-7.2288665771484375,-8.839080810546875,2.958167552947998,-5.012467861175537,-2.036158323287964,2.5830721855163574,-3.8760979175567627,-10.490714073181152,-4.19020414352417,5.29095983505249,10.20869255065918,1.5742805004119873,4.1616387367248535,-5.985434532165527,2.644778251647949,-4.9799346923828125,-1.0772705078125,3.3245689868927,2.3324732780456543,8.555224418640137,2.3803606033325195,-8.155367851257324,-5.900181770324707,5.39101505279541,-6.6753950119018555,2.1231112480163574,-6.2183732986450195,7.222646236419678,-3.493698835372925,-8.567110061645508,6.497206211090088,-3.4368109703063965,-7.125804901123047,-8.592835426330566,2.9283785820007324,-4.841977119445801,-2.0479576587677,2.333867311477661,-3.700502395629883,-10.31515884399414,-4.111926078796387,5.2074480056762695,9.97350025177002,1.6328620910644531,3.8866565227508545,-6.021431922912598,2.636493444442749,-4.90938663482666,-0.9590547680854797,3.148357391357422,2.3643009662628174,8.351799011230469,2.264680862426758,-7.941478729248047,-5.855015754699707,5.430851459503174,-6.631572723388672
B,masked_angular_velocity,2,651,3,2,651_T3_P1_R2,24,5,2.1396615505218506,-6.3231706619262695,7.3645806312561035,-3.5440640449523926,-8.755911827087402,6.694105625152588,-3.5072669982910156,-7.342492580413818,-8.83387279510498,2.965017795562744,-4.876295566558838,-2.0460526943206787,2.4305012226104736,-3.7623887062072754,-10.61158561706543,-4.204989910125732,5.289181232452393,10.258264541625977,1.6268718242645264,4.095131874084473,-6.171231269836426,2.660889148712158,-5.0579118728637695,-1.048971176147461,3.193612813949585,2.374516010284424,8.503011703491211,2.3109657764434814,-8.141738891601562,-6.037701606750488,5.536887168884277,-6.814583778381348,2.097717761993408,-6.357231140136719,7.4417829513549805,-3.5275402069091797,-8.820521354675293,6.742866516113281,-3.511219024658203,-7.3216142654418945,-8.81041431427002,2.8664355278015137,-4.936861991882324,-2.051131248474121,2.532517910003662,-3.8031697273254395,-10.600150108337402,-4.207632541656494,5.280113220214844,10.240036964416504,1.5813170671463013,4.229097366333008,-6.073737144470215,2.5956201553344727,-4.973019599914551,-1.0308915376663208,3.2985548973083496,2.3274829387664795,8.529050827026367,2.2938785552978516,-8.135258674621582,-6.012012958526611,5.410699367523193,-6.624114990234375
B,masked_angular_velocity,2,671,1,1,671_T1_P1_R1,26,5,2.3125853538513184,-6.510663032531738,7.7257280349731445,-3.6510696411132812,-9.124845504760742,6.8104119300842285,-3.430070400238037,-7.5344414710998535,-9.280327796936035,2.997140407562256,-5.265809059143066,-2.0346453189849854,2.8827664852142334,-4.057599067687988,-10.925798416137695,-4.363533020019531,5.4352898597717285,10.67909049987793,1.4905849695205688,4.59396505355835,-6.1246018409729,2.6129958629608154,-5.220586776733398,-1.2505159378051758,3.5225608348846436,2.34318208694458,8.929401397705078,2.4894626140594482,-8.557153701782227,-6.07788610458374,5.445189476013184,-6.852232933044434,2.222043752670288,-6.259923934936523,7.378307342529297,-3.5763511657714844,-8.64188289642334,6.587179183959961,-3.33701491355896,-7.304975509643555,-8.843891143798828,2.98421311378479,-5.013970851898193,-2.0204544067382812,2.533367156982422,-3.805543899536133,-10.583649635314941,-4.175877094268799,5.2680277824401855,10.308004379272461,1.5790934562683105,4.181722640991211,-6.158339023590088,2.554154396057129,-5.177954196929932,-1.1454728841781616,3.1803863048553467,2.3380231857299805,8.6353178024292,2.3357393741607666,-8.272390365600586,-5.909098148345947,5.459356784820557,-6.820311069488525
B,masked_angular_velocity,2,671,1,2,671_T1_P1_R2,24,5,2.4239392280578613,-6.686099052429199,8.027905464172363,-3.732210636138916,-9.408844947814941,6.940016746520996,-3.427091598510742,-7.656362056732178,-9.53649616241455,2.951352119445801,-5.4976091384887695,-2.017228841781616,3.1658365726470947,-4.287172794342041,-11.135699272155762,-4.50861930847168,5.5480756759643555,10.935080528259277,1.4304426908493042,4.927168846130371,-6.0834221839904785,2.598489999771118,-5.275103569030762,-1.3889071941375732,3.7644600868225098,2.3271639347076416,9.183727264404297,2.629307746887207,-8.783425331115723,-6.13206672668457,5.385972023010254,-6.8625898361206055,2.3277089595794678,-6.486891746520996,7.786726951599121,-3.7133712768554688,-8.969808578491211,6.828265190124512,-3.3544585704803467,-7.550398349761963,-9.2293119430542,2.9137165546417236,-5.304045677185059,-1.9619060754776,2.899120807647705,-4.110611915588379,-10.906972885131836,-4.393944263458252,5.456330299377441,10.724821090698242,1.498361587524414,4.65054178237915,-6.166268348693848,2.518972158432007,-5.316476345062256,-1.394363284111023,3.4825186729431152,2.3307104110717773,8.976865768432617,2.5188405513763428,-8.593066215515137,-5.99375057220459,5.434746265411377,-6.868016242980957
B,masked_angular_velocity,2,671,2,1,671_T2_P1_R1,24,5,2.9006810188293457,-6.6677680015563965,8.308027267456055,-3.7820000648498535,-9.577651023864746,6.371540546417236,-3.0779664516448975,-7.140568733215332,-9.321775436401367,2.8113276958465576,-5.878018856048584,-1.905653953552246,3.6512112617492676,-4.675527095794678,-10.636242866516113,-4.393956184387207,5.423130512237549,10.617595672607422,1.303060531616211,5.19498348236084,-5.395457744598389,2.4736952781677246,-4.935622215270996,-1.4686986207962036,4.108192443847656,2.045776844024658,9.339494705200195,2.8718974590301514,-8.786920547485352,-5.58229923248291,4.630046844482422,-6.365604400634766,2.8066298961639404,-6.646336555480957,8.231277465820312,-3.7167983055114746,-9.521064758300781,6.246309757232666,-3.0516724586486816,-6.9392991065979,-9.1644926071167,2.683368682861328,-5.8973894119262695,-1.901860237121582,3.7328460216522217,-4.6417365074157715,-10.38149642944336,-4.287487030029297,5.321887016296387,10.387700080871582,1.236116647720337,5.177094459533691,-5.1299943923950195,2.3799266815185547,-4.6836724281311035,-1.3356877565383911,4.245858192443848,1.9681800603866577,9.173372268676758,2.8290610313415527,-8.571019172668457,-5.418532371520996,4.394195556640625,-5.931805610656738
B,masked_angular_velocity,2,671,2,2,671_T2_P1_R2,27,5,2.74119234085083,-6.746548652648926,8.51606559753418,-3.8380653858184814,-9.583569526672363,6.841041564941406,-3.245232105255127,-7.552671909332275,-9.545919418334961,2.737147092819214,-5.768401622772217,-1.8401048183441162,3.6539816856384277,-4.678123950958252,-11.101245880126953,-4.580208778381348,5.5575056076049805,11.000691413879395,1.3445985317230225,5.523669242858887,-5.840426445007324,2.4109885692596436,-5.256020545959473,-1.7033580541610718,4.013186931610107,2.049098253250122,9.51843547821045,2.8122544288635254,-9.026223182678223,-5.863762378692627,4.883354187011719,-6.694979190826416,2.9261903762817383,-6.665125370025635,8.525184631347656,-3.86999249458313,-9.462470054626465,6.503253936767578,-2.9923300743103027,-7.297794342041016,-9.416316032409668,2.657557487487793,-5.963452339172363,-1.7635164260864258,3.8498787879943848,-4.8282623291015625,-10.765198707580566,-4.512106895446777,5.481092929840088,10.836893081665039,1.2623735666275024,5.574460506439209,-5.518420219421387,2.2883896827697754,-5.160400390625,-1.7677419185638428,4.153651714324951,1.951392412185669,9.553359031677246,2.907907485961914,-8.992446899414062,-5.512673377990723,4.562926292419434,-6.420932769775391
B,masked_angular_velocity,2,671,3,1,671_T3_P1_R1,27,5,2.707529067993164,-7.129556179046631,8.949440956115723,-3.7110190391540527,-10.504781723022461,7.133206844329834,-3.4662861824035645,-7.684969902038574,-10.018888473510742,2.678339719772339,-6.172183036804199,-2.0807533264160156,4.152818202972412,-4.994320869445801,-11.390887260437012,-4.724024295806885,5.717764377593994,11.28438663482666,1.1589161157608032,6.03521203994751,-5.393726348876953,2.5095813274383545,-4.896499156951904,-1.591448187828064,4.730118751525879,2.0694010257720947,9.70825481414795,2.962358236312866,-9.191865921020508,-6.158147811889648,4.752054214477539,-6.217602252960205,2.5432090759277344,-7.038002014160156,8.56763744354248,-3.630002498626709,-10.266098022460938,7.005901336669922,-3.568601608276367,-7.42571496963501,-9.658876419067383,2.680117130279541,-5.898221015930176,-2.118253707885742,3.7524566650390625,-4.634596347808838,-11.117300033569336,-4.531731128692627,5.5409088134765625,10.854573249816895,1.2507816553115845,5.5358686447143555,-5.343827247619629,2.563126802444458,-4.615047931671143,-1.271376371383667,4.532105445861816,2.0910487174987793,9.28271484375,2.827585458755493,-8.763985633850098,-6.1292266845703125,4.712355613708496,-6.0272979736328125
B,masked_angular_velocity,2,671,3,2,671_T3_P1_R2,28,5,2.5677578449249268,-6.886794090270996,8.646142959594727,-3.3842005729675293,-10.384988784790039,6.8689470291137695,-3.5459048748016357,-7.271409034729004,-9.400300025939941,2.6725611686706543,-5.82145357131958,-2.245607852935791,3.7877190113067627,-4.754082679748535,-10.880708694458008,-4.441537380218506,5.53012228012085,10.619768142700195,1.2844587564468384,5.60013484954834,-5.150928020477295,2.589970111846924,-4.4833245277404785,-1.2575502395629883,4.510364532470703,1.982029676437378,9.306445121765137,2.683361053466797,-8.764982223510742,-6.068830490112305,4.646561622619629,-5.906594276428223,2.52234148979187,-6.6521100997924805,8.281326293945312,-3.4475646018981934,-9.789361953735352,6.6369194984436035,-3.349020481109619,-7.078049659729004,-9.044710159301758,2.641916275024414,-5.574310302734375,-2.1206164360046387,3.477792739868164,-4.488458156585693,-10.641027450561523,-4.276894569396973,5.338508605957031,10.354394912719727,1.3551123142242432,5.222644329071045,-5.271006107330322,2.502119541168213,-4.56465482711792,-1.2090559005737305,4.110491752624512,1.9790014028549194,9.005497932434082,2.5910003185272217,-8.525487899780273,-5.846482276916504,4.671555042266846,-5.98543119430542
B,masked_angular_velocity,2,790,1,1,790_T1_P1_R1,25,5,2.595489025115967,-6.695765495300293,8.287825584411621,-3.7078185081481934,-9.554829597473145,6.906637668609619,-3.382676362991333,-7.667288780212402,-9.507957458496094,2.933232069015503,-5.662449836730957,-2.0254805088043213,3.3209457397460938,-4.502521514892578,-11.160661697387695,-4.583076477050781,5.6364030838012695,11.107061386108398,1.4891244173049927,5.175343990325928,-6.027896881103516,2.584850788116455,-5.308353424072266,-1.537648320198059,3.8846354484558105,2.279961109161377,9.436328887939453,2.6453819274902344,-8.97330379486084,-6.0776777267456055,5.378396034240723,-6.8477349281311035,2.3087215423583984,-6.751453399658203,8.233781814575195,-3.695521593093872,-9.506570816040039,7.285222053527832,-3.649143934249878,-7.8790178298950195,-9.519893646240234,2.837642192840576,-5.496492385864258,-2.0427913665771484,3.1077682971954346,-4.318096160888672,-11.354042053222656,-4.690125942230225,5.700141906738281,11.171062469482422,1.5467700958251953,5.161735534667969,-6.277667045593262,2.592113971710205,-5.325627326965332,-1.494187593460083,3.827685594558716,2.3428430557250977,9.362528800964355,2.5076825618743896,-8.8849515914917,-6.3345136642456055,5.559769630432129,-6.88162088394165
B,masked_angular_velocity,2,790,1,2,790_T1_P1_R2,26,5,2.477092742919922,-6.723092555999756,8.249263763427734,-3.6741912364959717,-9.61862850189209,7.0537285804748535,-3.5137619972229004,-7.738553524017334,-9.581724166870117,2.9057278633117676,-5.589828014373779,-2.04451322555542,3.2712345123291016,-4.432918071746826,-11.212104797363281,-4.619406223297119,5.647988796234131,11.080939292907715,1.4495813846588135,5.158620357513428,-6.0429182052612305,2.634420871734619,-5.243068218231201,-1.4938030242919922,3.9209418296813965,2.289158344268799,9.35632038116455,2.6220757961273193,-8.904483795166016,-6.207676887512207,5.396273612976074,-6.839114189147949,2.6628596782684326,-7.081611633300781,8.938424110412598,-3.8337275981903076,-10.175771713256836,7.343960762023926,-3.44781231880188,-8.030885696411133,-10.196200370788574,2.765829563140869,-6.267056465148926,-2.0298492908477783,4.030789375305176,-4.9724321365356445,-11.632776260375977,-4.9308671951293945,5.946089267730713,11.766794204711914,1.2699530124664307,5.96779203414917,-5.895970344543457,2.499821424484253,-5.4065351486206055,-1.813402533531189,4.589513301849365,2.2558650970458984,10.043313026428223,2.8809759616851807,-9.465861320495605,-6.234817028045654,5.290836334228516,-6.669412136077881
B,masked_angular_velocity,2,790,2,1,790_T2_P1_R1,25,5,2.5689749717712402,-6.773108005523682,8.376501083374023,-3.829566478729248,-9.52799129486084,7.069740295410156,-3.3196303844451904,-7.894658088684082,-9.8390531539917,2.932107925415039,-5.821608543395996,-1.9475069046020508,3.5520927906036377,-4.59359884262085,-11.37313175201416,-4.698970794677734,5.732718467712402,11.466070175170898,1.4021717309951782,5.3998308181762695,-6.1146392822265625,2.497502565383911,-5.538649559020996,-1.689589500427246,3.9970271587371826,2.3251471519470215,9.632047653198242,2.7168960571289062,-9.156905174255371,-6.101587772369385,5.4697489738464355,-6.923074245452881,2.5372748374938965,-6.913816452026367,8.530451774597168,-3.894648313522339,-9.589722633361816,7.262579441070557,-3.361168384552002,-8.07760238647461,-10.042177200317383,2.90813946723938,-6.0005903244018555,-1.9112225770950317,3.687154531478882,-4.6810407638549805,-11.538440704345703,-4.839592933654785,5.846200942993164,11.746506690979004,1.3844904899597168,5.582709789276123,-6.168060779571533,2.4507946968078613,-5.619435787200928,-1.7840514183044434,4.17874813079834,2.374927520751953,9.855552673339844,2.7602221965789795,-9.27528190612793,-6.178253173828125,5.533655166625977,-6.903622150421143
B,masked_angular_velocity,2,790,2,2,790_T2_P1_R2,26,5,2.5541183948516846,-6.82086181640625,8.414121627807617,-3.8573670387268066,-9.599328994750977,7.177009582519531,-3.444305896759033,-7.939271450042725,-9.791543960571289,2.9003913402557373,-5.725741386413574,-1.9652019739151,3.424283504486084,-4.534581184387207,-11.483884811401367,-4.733267784118652,5.71621036529541,11.409543991088867,1.4419151544570923,5.419334411621094,-6.237639427185059,2.5380115509033203,-5.526056289672852,-1.670029878616333,3.941544771194458,2.315187931060791,9.603940963745117,2.7215044498443604,-9.159599304199219,-6.216612815856934,5.453611850738525,-7.024639129638672,2.492234706878662,-6.703820705413818,8.175897598266602,-3.7717902660369873,-9.43323802947998,7.058619499206543,-3.4538357257843018,-7.839028835296631,-9.600252151489258,2.9699559211730957,-5.546060085296631,-1.9922462701797485,3.2301716804504395,-4.394790172576904,-11.280117988586426,-4.6149115562438965,5.632480621337891,11.22704029083252,1.4943774938583374,5.146673679351807,-6.210440635681152,2.558793544769287,-5.450475215911865,-1.5447685718536377,3.775394916534424,2.332581043243408,9.422778129577637,2.6191115379333496,-8.956311225891113,-6.178133010864258,5.49623966217041,-6.9781293869018555
B,masked_angular_velocity,2,790,3,1,790_T3_P1_R1,27,5,2.1588964462280273,-6.446108818054199,7.665971279144287,-3.7421646118164062,-8.83918571472168,7.201708793640137,-3.637864351272583,-7.947052001953125,-9.305620193481445,3.023768186569214,-4.937651634216309,-1.922165870666504,2.5217013359069824,-3.8720498085021973,-11.30751895904541,-4.540135383605957,5.545096397399902,11.02260971069336,1.6811726093292236,4.549887657165527,-6.78140115737915,2.6678946018218994,-5.630606651306152,-1.454652190208435,3.127333879470825,2.45474910736084,8.938941955566406,2.361340045928955,-8.638675689697266,-6.370175838470459,5.9519243240356445,-7.459815979003906,2.1106181144714355,-6.391218185424805,7.528107643127441,-3.8183257579803467,-8.55400276184082,7.1913909912109375,-3.552988052368164,-7.968274116516113,-9.28568172454834,3.0150585174560547,-4.9843010902404785,-1.862881064414978,2.462578773498535,-3.7651736736297607,-11.298559188842773,-4.558650016784668,5.525877952575684,11.084734916687012,1.6827495098114014,4.4540605545043945,-6.876847267150879,2.5996265411376953,-5.737684726715088,-1.4479910135269165,3.059370994567871,2.5228259563446045,8.949974060058594,2.319397449493408,-8.607980728149414,-6.315352916717529,6.013168811798096,-7.48819637298584
B,masked_angular_velocity,2,790,3,2,790_T3_P1_R2,25,5,2.0904688835144043,-6.369451999664307,7.578248500823975,-3.670724868774414,-8.725744247436523,7.2096266746521,-3.6280407905578613,-7.896569728851318,-9.212152481079102,2.963778018951416,-4.819337844848633,-1.9032115936279297,2.484705686569214,-3.788010835647583,-11.271309852600098,-4.498815536499023,5.465175628662109,10.943159103393555,1.6647274494171143,4.5535478591918945,-6.759701728820801,2.6200294494628906,-5.581025123596191,-1.4425644874572754,3.0505354404449463,2.3988051414489746,8.814058303833008,2.2988381385803223,-8.5309476852417,-6.368638515472412,5.92051362991333,-7.400189399719238,1.6650749444961548,-5.925406455993652,6.994780540466309,-3.8187382221221924,-7.444998264312744,7.6988654136657715,-3.604609966278076,-8.510391235351562,-9.121713638305664,2.9760994911193848,-4.114395618438721,-1.611196756362915,1.7528254985809326,-3.216200351715088,-11.700979232788086,-4.669414520263672,5.44085693359375,11.356786727905273,1.8490924835205078,4.268050193786621,-7.980889797210693,2.4348533153533936,-6.554256439208984,-1.842895746231079,2.0115413665771484,2.5876917839050293,8.653576850891113,1.9586620330810547,-8.555366516113281,-6.615171909332275,6.808000087738037,-8.503450393676758
